UNIVERSE,MONTH,YEAR,AGE,TOT_POP,TOT_MALE,TOT_FEMALE,WA_MALE,WA_FEMALE,BA_MALE,BA_FEMALE,IA_MALE,IA_FEMALE,AA_MALE,AA_FEMALE,NA_MALE,NA_FEMALE,TOM_MALE,TOM_FEMALE,WAC_MALE,WAC_FEMALE,BAC_MALE,BAC_FEMALE,IAC_MALE,IAC_FEMALE,AAC_MALE,AAC_FEMALE,NAC_MALE,NAC_FEMALE,NH_MALE,NH_FEMALE,NHWA_MALE,NHWA_FEMALE,NHBA_MALE,NHBA_FEMALE,NHIA_MALE,NHIA_FEMALE,NHAA_MALE,NHAA_FEMALE,NHNA_MALE,NHNA_FEMALE,NHTOM_MALE,NHTOM_FEMALE,NHWAC_MALE,NHWAC_FEMALE,NHBAC_MALE,NHBAC_FEMALE,NHIAC_MALE,NHIAC_FEMALE,NHAAC_MALE,NHAAC_FEMALE,NHNAC_MALE,NHNAC_FEMALE,H_MALE,H_FEMALE,HWA_MALE,HWA_FEMALE,HBA_MALE,HBA_FEMALE,HIA_MALE,HIA_FEMALE,HAA_MALE,HAA_FEMALE,HNA_MALE,HNA_FEMALE,HTOM_MALE,HTOM_FEMALE,HWAC_MALE,HWAC_FEMALE,HBAC_MALE,HBAC_FEMALE,HIAC_MALE,HIAC_FEMALE,HAAC_MALE,HAAC_FEMALE,HNAC_MALE,HNAC_FEMALE
R,1,2023,999,335459736,166045519,169414217,125859984,126668307,22008652,23763373,2280296,2230029,10346976,11160712,456242,442891,5093369,5148905,130415833,131250125,24359411,26184118,3709024,3714545,12251800,13050281,893119,881363,133007025,137153355,97152483,98679644,20308817,22023096,1197746,1230949,9995177,10810760,327313,321520,4025489,4087386,100752687,102314588,22148115,23927080,2192071,2286006,11607582,12409141,668231,665273,33038494,32260862,28707501,27988663,1699835,1740277,1082550,999080,351799,349952,128929,121371,1067880,1061519,29663146,28935537,2211296,2257038,1516953,1428539,644218,641140,224888,216090
R,1,2023,0,3671212,1875247,1795965,1288847,1231690,302141,293031,36759,35674,111756,105093,8129,7753,127615,122724,1406201,1344517,372729,361045,60608,58745,158925,150262,16887,16107,1337706,1277109,855970,814423,260824,252947,12190,11679,103218,97085,4458,4105,101046,96870,949428,903991,317537,307435,27169,26100,142129,134264,10791,10131,537541,518856,432877,417267,41317,40084,24569,23995,8538,8008,3671,3648,26569,25854,456773,440526,55192,53610,33439,32645,16796,15998,6096,5976
R,1,2023,1,3696175,1888404,1807771,1298765,1238914,305426,297441,35142,33653,113019,107179,7546,7149,128506,123435,1416937,1352382,376408,365714,59127,56758,160633,152805,16356,15531,1370666,1308372,881423,836072,265715,258942,12474,11898,105036,99557,4246,4054,101772,97849,975538,926520,322708,313824,27517,26419,144391,137313,10630,10140,517738,499399,417342,402842,39711,38499,22668,21755,7983,7622,3300,3095,26734,25586,441399,425862,53700,51890,31610,30339,16242,15492,5726,5391
R,1,2023,2,3667668,1874802,1792866,1283526,1224411,307050,297403,35295,33880,116770,110358,7072,6670,125089,120144,1398574,1334895,376266,363960,58544,56271,163076,154741,15627,14827,1367117,1304460,872042,828696,269618,261231,12902,12415,108993,102768,4315,3996,99247,95354,963825,916863,325272,314772,27520,26497,147352,139556,10535,9937,507685,488406,411484,395715,37432,36172,22393,21465,7777,7590,2757,2674,25842,24790,434749,418032,50994,49188,31024,29774,15724,15185,5092,4890
R,1,2023,3,3792810,1937707,1855103,1342858,1281760,304303,296845,36724,35302,121391,114574,7335,6911,125096,119711,1457847,1391780,373282,363036,59969,57692,167934,158875,15922,15027,1428799,1364233,929028,882049,268141,262029,14032,13617,113408,106971,4542,4260,99648,95307,1021087,970080,323736,315376,28791,27831,152172,143842,10874,10247,508908,490870,413830,399711,36162,34816,22692,21685,7983,7603,2793,2651,25448,24404,436760,421700,49546,47660,31178,29861,15762,15033,5048,4780
R,1,2023,4,3849184,1966495,1882689,1362168,1299937,308381,301398,37278,35665,124420,117426,7479,7031,126769,121232,1478678,1411331,378259,368401,60849,58360,171610,162288,16178,15266,1448848,1383583,941034,893273,271794,266085,14173,13757,116301,109705,4648,4352,100898,96411,1034235,982303,328028,320020,29102,28137,155619,147025,11062,10420,517647,499106,421134,406664,36587,35313,23105,21908,8119,7721,2831,2679,25871,24821,444443,429028,50231,48381,31747,30223,15991,15263,5116,4846
R,1,2023,5,3937803,2014445,1923358,1396322,1329951,314272,305789,37426,35202,130381,122599,7585,7111,128459,122706,1514300,1442725,384549,373538,61480,58295,178516,167907,16528,15505,1487729,1416580,963705,913381,279001,271625,14995,14307,122540,115051,4861,4485,102627,97731,1058385,1003624,335756,326277,30371,28993,162826,152801,11518,10670,526716,506778,432617,416570,35271,34164,22431,20895,7841,7548,2724,2626,25832,24975,455915,439101,48793,47261,31109,29302,15690,15106,5010,4835
R,1,2023,6,4049775,2070628,1979147,1447097,1378206,313797,307191,36890,35588,134945,126726,7704,7257,130195,124179,1566714,1492338,384158,374821,61587,59278,184222,173141,16850,15837,1530243,1459362,1000029,948345,278576,273023,15788,15147,126992,119216,4938,4614,103920,99017,1095941,1039777,335265,327550,31643,30313,168246,157983,11748,10972,540385,519785,447068,429861,35221,34168,21102,20441,7953,7510,2766,2643,26275,25162,470773,452561,48893,47271,29944,28965,15976,15158,5102,4865
R,1,2023,7,4100926,2095654,2005272,1472971,1403843,318365,310886,36169,34903,130820,123611,7493,7268,129836,124761,1592327,1518529,388563,378976,61102,58771,179573,169982,16590,15914,1549913,1479209,1018904,966677,283560,276862,16111,15382,122966,116154,4740,4605,103632,99529,1114610,1058600,340180,331810,32152,30696,163734,154877,11506,11034,545741,526063,454067,437166,34805,34024,20058,19521,7854,7457,2753,2663,26204,25232,477717,459929,48383,47166,28950,28075,15839,15105,5084,4880
R,1,2023,8,4122935,2106792,2016143,1480499,1410058,320155,313061,36050,35340,133466,126627,7331,7172,129291,123885,1599321,1523914,389773,380416,60951,59270,182236,172704,16462,15788,1565191,1493546,1029653,975791,284983,278861,16339,15822,126033,119475,4750,4645,103433,98952,1125140,1067148,341128,333257,32473,31242,166981,158041,11583,11092,541601,522597,450846,434267,35172,34200,19711,19518,7433,7152,2581,2527,25858,24933,474181,456766,48645,47159,28478,28028,15255,14663,4879,4696
R,1,2023,9,4082115,2089857,1992258,1470823,1397153,320286,310862,36567,35173,127948,120902,7015,6745,127218,121423,1587694,1508655,388582,377017,61349,58770,175869,165928,16164,15287,1551796,1476429,1022645,967779,285354,277245,16749,15952,120876,114118,4590,4374,101582,96961,1116399,1057227,340397,330700,32827,31244,160977,151711,11363,10666,538061,515829,448178,429374,34932,33617,19818,19221,7072,6784,2425,2371,25636,24462,471295,451428,48185,46317,28522,27526,14892,14217,4801,4621
R,1,2023,10,4108165,2099313,2008852,1477107,1409496,320204,311406,36288,35004,132273,125159,7120,6913,126321,120874,1593062,1520417,387593,376577,60967,58755,180257,170419,16287,15604,1559847,1487604,1026498,974069,285729,278150,16832,16179,125252,118300,4666,4469,100870,96437,1119489,1062969,339958,330676,32843,31586,165500,156126,11472,10896,539466,521248,450609,435427,34475,33256,19456,18825,7021,6859,2454,2444,25451,24437,473573,457448,47635,45901,28124,27169,14757,14293,4815,4708
R,1,2023,11,4119044,2111289,2007755,1495536,1418356,321422,310683,36677,35298,125576,118208,6869,6591,125209,118619,1610515,1527217,388574,374584,61512,58953,172494,162399,15899,15104,1562706,1481821,1035455,977509,287508,278041,17022,16110,118604,111656,4426,4229,99691,94276,1127415,1064433,341500,329368,33129,31388,157762,148484,11096,10486,548583,525934,460081,440847,33914,32642,19655,19188,6972,6552,2443,2362,25518,24343,483100,462784,47074,45216,28383,27565,14732,13915,4803,4618
R,1,2023,12,4210160,2158278,2051882,1538475,1458528,327516,315581,35132,33870,123775,117257,6760,6399,126620,120247,1654930,1569014,395237,380425,60601,58374,170857,161409,15831,14881,1589886,1507579,1055220,995991,295617,284289,17199,16723,117084,111116,4486,4262,100280,95198,1147832,1083796,349807,336147,33551,32525,156300,147930,11171,10529,568392,544303,483255,462537,31899,31292,17933,17147,6691,6141,2274,2137,26340,25049,507098,485218,45430,44278,27050,25849,14557,13479,4660,4352
R,1,2023,13,4249759,2176080,2073679,1559015,1478490,329670,318790,35261,33729,121228,116205,6626,6496,124280,119969,1673412,1588750,396447,383930,60175,57870,167067,159879,15326,14944,1602831,1524981,1069703,1010598,297880,287942,17776,17128,114776,110034,4522,4352,98174,94927,1160504,1098202,351343,340099,33681,32656,152809,146410,10932,10572,573249,548698,489312,467892,31790,30848,17485,16601,6452,6171,2104,2144,26106,25042,512908,490548,45104,43831,26494,25214,14258,13469,4394,4372
R,1,2023,14,4426378,2267280,2159098,1628698,1543346,346365,335184,36279,34474,124120,118973,6870,6696,124948,120425,1743509,1654055,413640,400850,61463,58565,169567,162244,15765,15081,1672618,1592384,1119573,1058465,313297,303622,18336,17672,117571,112741,4692,4505,99149,95379,1210944,1146559,367503,356556,34515,32944,155564,148811,11260,10636,594662,566714,509125,484881,33068,31562,17943,16802,6549,6232,2178,2191,25799,25046,532565,507496,46137,44294,26948,25621,14003,13433,4505,4445
R,1,2023,15,4478137,2294033,2184104,1654279,1568030,346595,335831,37150,35865,126840,120321,6872,6696,122297,117361,1766532,1675674,412134,399570,62232,59895,171469,162572,15640,14982,1691187,1609294,1136927,1075138,313860,304392,18502,18222,120314,114314,4691,4476,96893,92752,1226252,1160473,366595,355589,34571,33528,157508,149477,11213,10574,602846,574810,517352,492892,32735,31439,18648,17643,6526,6007,2181,2220,25404,24609,540280,515201,45539,43981,27661,26367,13961,13095,4427,4408
R,1,2023,16,4439239,2273288,2165951,1646020,1562549,341783,330533,37304,35182,123861,118149,6638,6558,117682,112980,1754006,1666182,404122,391197,61801,58693,167173,158835,15181,14636,1679037,1598574,1135136,1075166,310127,299678,18491,17748,117442,112165,4574,4397,93267,89420,1221039,1157452,360341,348741,34166,32742,153595,146070,10864,10340,594251,567377,510884,487383,31656,30855,18813,17434,6419,5984,2064,2161,24415,23560,532967,508730,43781,42456,27635,25951,13578,12765,4317,4296
R,1,2023,17,4376464,2239490,2136974,1631441,1545509,329325,321312,36481,35081,124064,121646,6684,6604,111495,106822,1733627,1643293,387672,377723,60357,57685,165235,160978,14690,14202,1659923,1585892,1132210,1070515,298871,292036,18134,17812,118076,115986,4522,4538,88110,85005,1213225,1148537,345777,337703,33324,32277,152571,149036,10438,10222,579567,551082,499231,474994,30454,29276,18347,17269,5988,5660,2162,2066,23385,21817,520402,494756,41895,40020,27033,25408,12664,11942,4252,3980
R,1,2023,18,4375667,2237846,2137821,1631844,1547992,326355,317327,36246,34048,129577,128178,6723,6406,107101,103870,1729879,1642906,381717,371417,59556,56593,169501,166477,14499,13924,1670154,1597762,1141646,1081354,296838,289170,18139,17224,123581,122529,4732,4549,85218,82936,1219946,1157339,341438,333062,33261,31943,157187,154892,10541,10193,567692,540059,490198,466638,29517,28157,18107,16824,5996,5649,1991,1857,21883,20934,509933,485567,40279,38355,26295,24650,12314,11585,3958,3731
R,1,2023,19,4385929,2242003,2143926,1641649,1556542,323136,316347,35364,33576,131951,130930,6565,6270,103338,100261,1736172,1648213,375818,367913,58433,55868,170547,168176,14198,13607,1684064,1611587,1159012,1095519,294360,289053,17656,17225,126189,125396,4620,4477,82227,79917,1234449,1168836,336949,330789,32652,31904,158713,156683,10358,9990,557939,532339,482637,461023,28776,27294,17708,16351,5762,5534,1945,1793,21111,20344,501723,479377,38869,37124,25781,23964,11834,11493,3840,3617
R,1,2023,20,4354611,2224847,2129764,1628364,1545265,323857,319036,35546,33185,131895,130164,6516,6310,98669,95804,1718328,1632533,373846,368092,58200,55267,168635,165437,13977,13400,1674319,1604804,1151591,1089459,295365,292383,17760,17266,126246,124935,4635,4493,78722,76268,1223551,1159193,335887,332010,32582,31763,157238,154621,10291,9851,550528,524960,476773,455806,28492,26653,17786,15919,5649,5229,1881,1817,19947,19536,494777,473340,37959,36082,25618,23504,11397,10816,3686,3549
R,1,2023,21,4373873,2233409,2140464,1633607,1554062,328481,323083,35036,32719,133246,130150,6292,6164,96747,94286,1721726,1639876,377489,371257,57866,55206,168904,164456,13507,13229,1690696,1623605,1163139,1105055,300368,296740,17892,17260,127913,124938,4473,4368,76911,75244,1233343,1173759,339901,335812,32895,32202,157988,153906,9965,9743,542713,516859,470468,449007,28113,26343,17144,15459,5333,5212,1819,1796,19836,19042,488383,466117,37588,35445,24971,23004,10916,10550,3542,3486
R,1,2023,22,4464095,2278768,2185327,1658025,1576942,339453,334548,35315,33698,143647,140967,6389,6222,95939,92950,1745289,1661225,387575,381879,58574,56160,179142,174902,13575,13247,1734862,1667418,1185683,1127284,311632,307943,18344,17672,138141,135800,4637,4408,76425,74311,1255280,1194861,350458,346278,33765,32832,168212,164440,10129,9720,543906,517909,472342,449658,27821,26605,16971,16026,5506,5167,1752,1814,19514,18639,490009,466364,37117,35601,24809,23328,10930,10462,3446,3527
R,1,2023,23,4354802,2219854,2134948,1618395,1544396,330060,325534,34431,33096,139480,137109,6260,5936,91228,88877,1701260,1624795,376117,370963,57224,55175,172226,168923,13294,12796,1695834,1633080,1162948,1108234,303297,299862,18102,17669,134236,132127,4526,4241,72725,70947,1229152,1172497,340565,336757,33388,32589,161936,158905,9890,9483,524020,501868,455447,436162,26763,25672,16329,15427,5244,4982,1734,1695,18503,17930,472108,452298,35552,34206,23836,22586,10290,10018,3404,3313
R,1,2023,24,4375408,2227131,2148277,1623316,1552073,331756,328633,34150,33206,141529,140732,6276,5927,90104,87706,1704913,1631525,376500,372941,56898,55630,174086,171952,13449,12608,1707519,1649218,1171727,1118123,305188,303231,17948,17623,136184,135716,4577,4225,71895,70300,1236969,1181932,341393,339256,33301,33025,163716,162059,10119,9403,519612,499059,451589,433950,26568,25402,16202,15583,5345,5016,1699,1702,18209,17406,467944,449593,35107,33685,23597,22605,10370,9893,3330,3205
R,1,2023,25,4329727,2201206,2128521,1600105,1533208,327887,325255,33576,32529,147211,147134,6310,5896,86117,84499,1678018,1609539,370185,367293,55992,54584,178444,177503,13005,12354,1693270,1640777,1158069,1108500,302546,300751,17575,17506,142010,142138,4608,4243,68462,67639,1220099,1169646,336548,334851,32799,32701,168396,167868,9762,9223,507936,487744,442036,424708,25341,24504,16001,15023,5201,4996,1702,1653,17655,16860,457919,439893,33637,32442,23193,21883,10048,9635,3243,3131
R,1,2023,26,4379468,2223263,2156205,1619615,1552526,327015,326987,33629,32342,151904,155118,6415,6008,84685,83224,1696196,1627460,367831,367815,56224,54585,182796,185174,13141,12699,1714433,1669262,1176164,1128110,301758,303028,17770,17350,146874,150116,4655,4368,67212,66290,1237044,1187848,334386,335921,32960,32550,173167,175574,9866,9580,508830,486943,443451,424416,25257,23959,15859,14992,5030,5002,1760,1640,17473,16934,459152,439612,33445,31894,23264,22035,9629,9600,3275,3119
R,1,2023,27,4426328,2247494,2178834,1632062,1565118,336069,333586,33679,32079,156381,161135,6500,6372,82803,80544,1706533,1637375,375331,372827,56743,54363,186650,190118,13235,13062,1738199,1689390,1188108,1138057,310558,309230,17937,17214,151304,156062,4742,4652,65550,64175,1247043,1195724,341929,340696,33680,32572,176966,180612,9989,9915,509295,489444,443954,427061,25511,24356,15742,14865,5077,5073,1758,1720,17253,16369,459490,441651,33402,32131,23063,21791,9684,9506,3246,3147
R,1,2023,28,4497698,2279708,2217990,1648715,1584395,350489,349982,33926,33027,159427,164630,6566,6612,80585,79344,1720815,1655190,387996,388071,57185,55776,188876,193243,13524,13214,1769471,1728772,1203492,1157800,324682,325212,18387,17895,154344,159710,4823,4895,63743,63260,1260474,1214197,354458,355799,34390,33784,179404,184006,10248,10073,510237,489218,445223,426595,25807,24770,15539,15132,5083,4920,1743,1717,16842,16084,460341,440993,33538,32272,22795,21992,9472,9237,3276,3141
R,1,2023,29,4579909,2323826,2256083,1675249,1604955,365122,362506,34903,33934,164612,170820,6765,6610,77175,77258,1743833,1673585,400412,398990,57523,56735,193415,198708,13591,13279,1808705,1765151,1224942,1176287,338959,337847,19018,18870,159653,165797,4927,4888,61206,61462,1279320,1230885,366974,366916,34694,34891,184152,189497,10262,10111,515121,490932,450307,428668,26163,24659,15885,15064,4959,5023,1838,1722,15969,15796,464513,442700,33438,32074,22829,21844,9263,9211,3329,3168
R,1,2023,30,4692410,2379099,2313311,1714373,1646289,376208,372859,36535,34702,169259,177206,6863,6692,75861,75563,1781626,1713254,409459,407188,59673,57579,198019,205231,13693,13423,1854956,1815807,1256136,1211578,349631,347596,19963,19409,164256,172116,5010,4915,59960,60193,1309236,1264885,375659,374808,36054,35545,188925,196135,10414,10200,524143,497504,458237,434711,26577,25263,16572,15293,5003,5090,1853,1777,15901,15370,472390,448369,33800,32380,23619,22034,9094,9096,3279,3223
R,1,2023,31,4753055,2397213,2355842,1726825,1672195,377545,382418,37049,34331,175907,184951,7603,7074,72284,74873,1790067,1737585,408648,416102,59387,56763,203882,213905,14608,14141,1877457,1864370,1274212,1245463,350190,355349,20218,19498,170792,179498,5531,5235,56514,59327,1323523,1297181,374086,381699,35522,35196,194691,204212,11086,10810,519756,491472,452613,426732,27355,27069,16831,14833,5115,5453,2072,1839,15770,15546,466544,440404,34562,34403,23865,21567,9191,9693,3522,3331
R,1,2023,32,4834592,2441263,2393329,1766807,1704909,377370,383518,36758,33850,183344,192000,7835,7329,69149,71723,1827058,1767585,405992,415330,58273,55543,211233,219940,14757,14217,1915796,1906562,1309186,1282754,349688,356003,19681,19272,177919,186595,5638,5463,53684,56475,1355721,1331947,371289,380696,34281,34293,201814,210439,11095,10919,525467,486767,457621,422155,27682,27515,17077,14578,5425,5405,2197,1866,15465,15248,471337,435638,34703,34634,23992,21250,9419,9501,3662,3298
R,1,2023,33,4727178,2385851,2341327,1731581,1666862,363807,373553,35753,32641,182587,193960,7998,7076,64125,67235,1787643,1725489,389946,402966,55766,53197,208468,220287,14317,13539,1878408,1873501,1289481,1260946,336960,347074,18986,18626,177386,188633,5855,5345,49740,52877,1332753,1306841,356549,369749,32590,32842,199625,211246,10876,10540,507443,467826,442100,405916,26847,26479,16767,14015,5201,5327,2143,1731,14385,14358,454890,418648,33397,33217,23176,20355,8843,9041,3441,2999
R,1,2023,34,4640405,2340656,2299749,1710788,1646567,342008,355209,34977,31846,184676,195717,7767,7112,60440,63298,1763332,1701699,365985,382426,53964,51240,209508,220919,13935,13229,1838187,1841076,1271959,1248256,316357,329317,18281,17871,179560,190494,5709,5395,46321,49743,1312046,1291429,333886,350013,30847,31377,200861,212167,10614,10299,502469,458673,438829,398311,25651,25892,16696,13975,5116,5223,2058,1717,14119,13555,451286,410270,32099,32413,23117,19863,8647,8752,3321,2930
R,1,2023,35,4542230,2295782,2246448,1694581,1620921,324255,337988,33758,30717,178233,189108,7777,6861,57178,60853,1744149,1674051,346840,363754,51890,49524,201764,213353,13807,12890,1798439,1795779,1258720,1228683,299691,313058,17502,17149,173266,184247,5607,5167,43653,47475,1296287,1269985,316116,332476,29457,30075,193451,205118,10428,9974,497343,450669,435861,392238,24564,24930,16256,13568,4967,4861,2170,1694,13525,13378,447862,404066,30724,31278,22433,19449,8313,8235,3379,2916
R,1,2023,36,4521534,2286734,2234800,1699348,1621747,314990,330370,33186,30180,177002,187272,7697,6904,54511,58327,1746828,1672399,335853,354883,50829,48940,199539,210440,13343,12582,1789312,1785513,1262835,1230279,290581,305553,16976,16655,172021,182545,5496,5134,41403,45347,1298694,1269442,305452,324010,28604,29519,191339,202437,10019,9703,497422,449287,436513,391468,24409,24817,16210,13525,4981,4727,2201,1770,13108,12980,448134,402957,30401,30873,22225,19421,8200,8003,3324,2879
R,1,2023,37,4550411,2302429,2247982,1720014,1638602,311986,327574,32908,30022,176521,187986,7767,7023,53233,56775,1766151,1687902,332306,350698,50500,48399,198295,210823,13412,12870,1798941,1796687,1277835,1244614,287549,303059,16354,16590,171602,183194,5529,5338,40072,43892,1312294,1282514,301899,320087,27863,29326,190188,202781,10002,10043,503488,451295,442179,393988,24437,24515,16554,13432,4919,4792,2238,1685,13161,12883,453857,405388,30407,30611,22637,19073,8107,8042,3410,2827
R,1,2023,38,4474654,2257370,2217284,1690616,1617533,300195,320217,32051,29456,175769,188340,7498,6763,51241,54975,1735078,1665114,319205,342121,49200,47650,196903,210767,13112,12431,1765088,1771534,1257598,1228034,276937,296202,16064,16154,170797,183795,5313,5052,38379,42297,1290635,1264482,290215,312088,27236,28649,188818,202975,9767,9600,492282,445750,433018,389499,23258,24015,15987,13302,4972,4545,2185,1711,12862,12678,444443,400632,28990,30033,21964,19001,8085,7792,3345,2831
R,1,2023,39,4444031,2240858,2203173,1683912,1609778,294481,316021,31960,29305,173407,187297,7406,6800,49692,53972,1726974,1656511,312866,337011,48798,47684,193941,209222,12752,12478,1753022,1757805,1254411,1220525,271580,292099,15908,15887,168605,182839,5315,5130,37203,41325,1286381,1256072,284322,307341,26992,28483,186041,201542,9530,9647,487836,445368,429501,389253,22901,23922,16052,13418,4802,4458,2091,1670,12489,12647,440593,400439,28544,29670,21806,19201,7900,7680,3222,2831
R,1,2023,40,4509961,2272640,2237321,1712295,1638528,297930,320628,32608,29805,172644,187436,7465,6935,49698,53989,1755373,1685145,316101,341768,49836,48501,192917,209117,12943,12552,1773207,1780761,1272048,1239205,274561,296058,16162,16173,167796,182677,5349,5173,37291,41475,1304096,1274752,287197,311432,27555,29093,185039,201211,9717,9702,499433,456560,440247,399323,23369,24570,16446,13632,4848,4759,2116,1762,12407,12514,451277,410393,28904,30336,22281,19408,7878,7906,3226,2850
R,1,2023,41,4405930,2215779,2190151,1676256,1608821,289217,314086,30866,28399,164364,180766,7296,6485,47780,51594,1717524,1653339,306570,334478,47807,46409,183712,201193,12468,11963,1737299,1745465,1254574,1219254,266883,290509,15151,15352,159729,176113,5189,4763,35773,39474,1285205,1253129,278970,305284,26369,27745,176122,193514,9274,9143,478480,444686,421682,389567,22334,23577,15715,13047,4635,4653,2107,1722,12007,12120,432319,400210,27600,29194,21438,18664,7590,7679,3194,2820
R,1,2023,42,4452429,2240613,2211816,1696935,1623736,297083,323156,31545,28933,159941,177821,7396,6513,47713,51657,1738099,1668272,314551,343517,48481,47240,179246,198089,12764,11991,1748753,1760173,1262885,1227946,274563,298971,15529,15814,155072,173159,5184,4835,35520,39448,1293247,1261682,286616,313647,26723,28504,171337,190414,9460,9266,491860,451643,434050,395790,22520,24185,16016,13119,4869,4662,2212,1678,12193,12209,444852,406590,27935,29870,21758,18736,7909,7675,3304,2725
R,1,2023,43,4278797,2148396,2130401,1628071,1563310,284706,312755,29968,27466,154003,171620,6659,6235,44989,49015,1666946,1605431,301026,332168,46422,44981,171805,190758,11688,11441,1681230,1698279,1216066,1184702,263050,289493,14740,14931,149535,167277,4659,4680,33180,37196,1244470,1216387,274144,303262,25551,27065,164473,183526,8642,8870,467166,432122,412005,378608,21656,23262,15228,12535,4468,4343,2000,1555,11809,11819,422476,389044,26882,28906,20871,17916,7332,7232,3046,2571
R,1,2023,44,4142247,2073713,2068534,1575585,1520541,272091,301296,28253,26670,149101,167899,6250,5789,42433,46339,1612091,1560391,287435,319238,43776,43526,166079,186106,10804,10592,1626170,1647680,1179705,1151887,251676,278793,14182,14347,144796,163486,4465,4234,31346,34933,1206351,1181657,262154,291427,24425,25889,159062,178929,8067,8109,447543,420854,395880,368654,20415,22503,14071,12323,4305,4413,1785,1555,11087,11406,405740,378734,25281,27811,19351,17637,7017,7177,2737,2483
R,1,2023,45,4109475,2053467,2056008,1568474,1518165,265579,295935,28330,26815,143984,164089,6141,5833,40959,45171,1603668,1556782,280230,313415,43728,43517,160206,181765,10596,10574,1608020,1633808,1173550,1147002,246007,273916,14267,14669,139678,159806,4387,4290,30131,34125,1199114,1175906,255857,286166,24462,26213,153317,174836,7898,8104,445447,422200,394924,371163,19572,22019,14063,12146,4306,4283,1754,1543,10828,11046,404554,380876,24373,27249,19266,17304,6889,6929,2698,2470
R,1,2023,46,3959536,1975904,1983632,1506815,1464020,252685,282777,27142,25239,144521,163395,5833,5391,38908,42810,1540340,1500480,266046,298999,41739,41318,160199,180343,10228,9947,1545641,1571682,1124770,1100666,233853,261692,13744,13861,140371,159198,4180,3942,28723,32323,1149220,1127888,242733,273073,23479,25052,153598,173520,7644,7610,430263,411950,382045,363354,18832,21085,13398,11378,4150,4197,1653,1449,10185,10487,391120,372592,23313,25926,18260,16266,6601,6823,2584,2337
R,1,2023,47,3925875,1958741,1967134,1492665,1450937,251014,281491,26647,25064,146087,163970,5564,5352,36764,40320,1524229,1485313,263842,296494,40815,40342,160696,180049,9514,9576,1535429,1560949,1115968,1091656,232805,261113,13438,13775,142053,159843,4022,3984,27143,30578,1138970,1117494,241337,271587,22991,24436,154386,173537,7179,7382,423312,406185,376697,359281,18209,20378,13209,11289,4034,4127,1542,1368,9621,9742,385259,367819,22505,24907,17824,15906,6310,6512,2335,2194
R,1,2023,48,3925769,1957180,1968589,1499243,1461240,247305,278734,26299,24705,144091,159893,5568,5077,34674,38940,1528749,1494258,259064,293134,39916,39807,157916,175310,9522,9074,1542857,1568183,1128580,1105412,230411,259645,13353,13617,140235,156040,4079,3763,26199,29706,1150660,1130292,238559,269750,22663,24273,152139,169316,7276,7005,414323,400406,370663,355828,16894,19089,12946,11088,3856,3853,1489,1314,8475,9234,378089,363966,20505,23384,17253,15534,5777,5994,2246,2069
R,1,2023,49,3864931,1923632,1941299,1471649,1438289,244225,275957,25140,24402,143562,160283,5173,5033,33883,37335,1500467,1469793,255546,289589,38469,38907,157257,175232,8953,8995,1529038,1555097,1118325,1094804,228212,257591,12876,13576,140034,156512,3834,3770,25757,28844,1139957,1118857,235929,267337,22203,24052,151861,169421,6949,6982,394594,386202,353324,343485,16013,18366,12264,10826,3528,3771,1339,1263,8126,8491,360510,350936,19617,22252,16266,14855,5396,5811,2004,2013
R,1,2023,50,4009876,1995967,2013909,1530154,1496297,256059,288442,26115,24839,144341,161800,5236,5061,34062,37470,1559069,1527888,266986,301866,39966,39901,158081,176655,9045,9019,1597951,1624642,1173425,1149784,240175,270035,13538,13948,140708,158033,3931,3764,26174,29078,1195399,1173970,247760,279662,23401,24930,152650,170923,7010,7046,398016,389267,356729,346513,15884,18407,12577,10891,3633,3767,1305,1297,7888,8392,363670,353918,19226,22204,16565,14971,5431,5732,2035,1973
R,1,2023,51,4200775,2095771,2105004,1630327,1587350,261716,294210,25858,25181,138791,155507,5315,4878,33764,37878,1658868,1619343,272470,307531,39890,40840,152220,170180,9134,8932,1707628,1725536,1282315,1249334,246154,276543,13927,14490,135101,151920,3941,3670,26190,29579,1304192,1274043,253726,286090,24114,26094,146792,164676,7090,7010,388143,379468,348012,338016,15562,17667,11931,10691,3690,3587,1374,1208,7574,8299,354676,345300,18744,21441,15776,14746,5428,5504,2044,1922
R,1,2023,52,4382391,2189309,2193082,1710387,1663829,272320,304301,26757,25545,139894,156253,5136,5122,34815,38032,1739881,1695747,283492,317623,41605,41674,153204,170759,9171,9412,1798752,1817151,1360306,1329325,256595,286521,14633,14849,136270,152584,3840,3854,27108,30018,1383005,1354256,264514,296291,25534,27028,147806,165114,7165,7400,390557,375931,350081,334504,15725,17780,12124,10696,3624,3669,1296,1268,7707,8014,356876,341491,18978,21332,16071,14646,5398,5645,2006,2012
R,1,2023,53,4179214,2081800,2097414,1634355,1600295,254342,285418,24950,24210,130792,147531,5168,4954,32193,35006,1661618,1629608,264314,297359,38975,39500,143106,160861,9014,8886,1712166,1739043,1302767,1280663,239574,268836,13766,14276,127368,144028,3918,3814,24773,27426,1323485,1303407,246420,277428,23973,25769,138022,155496,7094,7080,369634,358371,331588,319632,14768,16582,11184,9934,3424,3503,1250,1140,7420,7580,338133,326201,17894,19931,15002,13731,5084,5365,1920,1806
R,1,2023,54,4066012,2025457,2040555,1589323,1557989,248241,276816,24649,23381,128598,144635,4579,4763,30067,32971,1614670,1585511,257336,287870,38134,38127,140028,156939,8096,8562,1671901,1698592,1272198,1253011,233795,260800,13694,13923,125506,141374,3439,3602,23269,25882,1291589,1274337,240011,268677,23710,25136,135415,152100,6341,6780,353556,341963,317125,304978,14446,16016,10955,9458,3092,3261,1140,1161,6798,7089,323081,311174,17325,19193,14424,12991,4613,4839,1755,1782
R,1,2023,55,4003950,1986563,2017387,1568301,1547386,244758,277368,23315,23243,116901,133265,4663,4564,28625,31561,1592432,1573643,253268,288086,36436,37645,127647,144696,7987,8298,1648225,1686318,1264589,1251978,230886,261692,13147,14159,113910,130256,3506,3503,22187,24730,1283040,1272307,236692,269308,22917,25180,123237,140074,6315,6620,338338,331069,303712,295408,13872,15676,10168,9084,2991,3009,1157,1061,6438,6831,309392,301336,16576,18778,13519,12465,4410,4622,1672,1678
R,1,2023,56,4037473,1996395,2041078,1580494,1572748,246301,281274,23148,23079,113888,128498,4699,4623,27865,30856,1603730,1598330,254740,291724,36194,37517,124119,139451,8098,8244,1666433,1718118,1283825,1284257,232968,266190,13339,14429,110964,125504,3596,3572,21741,24166,1301683,1304040,238727,273616,23252,25457,119804,134955,6478,6608,329962,322960,296669,288491,13333,15084,9809,8650,2924,2994,1103,1051,6124,6690,302047,294290,16013,18108,12942,12060,4315,4496,1620,1636
R,1,2023,57,4149040,2047713,2101327,1621259,1619752,254801,290147,24048,23955,114895,131636,4677,4653,28033,31184,1644588,1645605,263062,300353,37564,38807,125013,142740,8117,8341,1720428,1780962,1327744,1334137,240980,274901,14126,15153,112058,128568,3642,3654,21878,24549,1345683,1354208,246636,282174,24413,26660,120835,138121,6539,6757,327285,320365,293515,285615,13821,15246,9922,8802,2837,3068,1035,999,6155,6635,298905,291397,16426,18179,13151,12147,4178,4619,1578,1584
R,1,2023,58,4314527,2116616,2197911,1687818,1708771,257925,297319,24024,24380,114090,131025,4579,4751,28180,31665,1711331,1734944,265957,307526,37972,40134,124156,141867,8017,8484,1801984,1882329,1405276,1426773,245020,282548,14603,15855,111287,128176,3601,3756,22197,25221,1423561,1447345,250551,289881,25368,28353,120023,137587,6485,6906,314632,315582,282542,281998,12905,14771,9421,8525,2803,2849,978,995,5983,6444,287770,287599,15406,17645,12604,11781,4133,4280,1532,1578
R,1,2023,59,4326529,2122294,2204235,1699032,1722043,251798,289244,23609,23925,115476,133166,4352,4607,28027,31250,1722404,1747816,259546,298961,37771,39529,125449,143968,7722,8393,1821247,1900519,1428908,1451095,239149,274955,14646,15558,112850,130346,3385,3641,22309,24924,1447310,1471377,244556,281910,25725,27992,121548,139681,6237,6839,301047,303716,270124,270948,12649,14289,8963,8367,2626,2820,967,966,5718,6326,275094,276439,14990,17051,12046,11537,3901,4287,1485,1554
R,1,2023,60,4336826,2119952,2216874,1702549,1740173,249310,288564,23116,23893,113316,128716,4359,4550,27302,30978,1725372,1765638,256747,298276,36740,39734,123084,139229,7729,8219,1830996,1922474,1442920,1477111,237435,275136,14415,15759,110713,125994,3466,3635,22047,24839,1461156,1497286,242609,282133,25312,28466,119307,135077,6377,6717,288956,294400,259629,263062,11875,13428,8701,8134,2603,2722,893,915,5255,6139,264216,268352,14138,16143,11428,11268,3777,4152,1352,1502
R,1,2023,61,4317610,2107678,2209932,1711303,1752241,241147,282124,22528,23550,101274,117585,4245,4234,27181,30198,1733992,1777023,248400,291585,36459,39326,110922,127657,7513,7790,1836639,1933165,1467843,1504849,230032,269569,14431,15957,98959,115020,3430,3397,21944,24373,1485962,1524611,235122,276417,25576,28767,107412,123768,6220,6391,271039,276767,243460,247392,11115,12555,8097,7593,2315,2565,815,837,5237,5825,248030,252412,13278,15168,10883,10559,3510,3889,1293,1399
R,1,2023,62,4313792,2099100,2214692,1697938,1749416,243554,284558,22154,23487,104597,123268,4151,4313,26706,29650,1720339,1773696,250605,293546,35939,39121,113943,133220,7364,7820,1833276,1941052,1459197,1504417,232619,272234,14151,16074,102225,120682,3358,3491,21726,24154,1477220,1523972,237627,278866,25276,28812,110508,129332,6071,6477,265824,273640,238741,244999,10935,12324,8003,7413,2372,2586,793,822,4980,5496,243119,249724,12978,14680,10663,10309,3435,3888,1293,1343
R,1,2023,63,4182350,2029642,2152708,1648711,1706649,231689,274419,20938,22319,98843,117143,3979,3937,25482,28241,1669993,1729840,238257,283094,34147,37381,107980,126384,7030,7246,1784888,1898283,1428884,1479401,221534,262638,13714,15307,96677,114751,3226,3204,20853,22982,1446173,1498030,226210,269019,24454,27643,104710,122802,5811,6014,244754,254425,219827,227248,10155,11781,7224,7012,2166,2392,753,733,4629,5259,223820,231810,12047,14075,9693,9738,3270,3582,1219,1232
R,1,2023,64,4116769,1988861,2127908,1619754,1691776,224125,266715,19455,21419,97750,117155,3679,3821,24098,27022,1639885,1713946,230374,274811,32313,36115,106046,125958,6427,6855,1762836,1887262,1417011,1476517,214362,255562,12984,14907,95718,114935,3001,3144,19760,22197,1433363,1494555,218803,261546,23532,27087,103066,122611,5346,5750,226025,240646,202743,215259,9763,11153,6471,6512,2032,2220,678,677,4338,4825,206522,219391,11571,13265,8781,9028,2980,3347,1081,1105
R,1,2023,65,4082524,1964709,2117815,1607525,1692857,215205,259804,19346,20869,95411,114356,3558,3694,23664,26235,1627147,1714362,221368,267661,32061,35511,103558,122568,6334,6678,1747653,1884567,1412558,1483761,206211,249195,12869,14689,93532,112387,2932,3009,19551,21526,1428611,1501190,210683,254981,23366,26842,100798,119551,5309,5568,217056,233248,194967,209096,8994,10609,6477,6180,1879,1969,626,685,4113,4709,198536,213172,10685,12680,8695,8669,2760,3017,1025,1110
R,1,2023,66,3934835,1882698,2052137,1543566,1638932,203386,252402,18151,19928,92108,112079,3301,3471,22186,25325,1562117,1659765,209148,259982,30240,34265,99535,119869,5846,6326,1680465,1831739,1362126,1441689,194835,242164,12090,14139,90335,109996,2707,2909,18372,20842,1377347,1458640,198977,247740,22109,26117,96964,116780,4916,5348,202233,220398,181440,197243,8551,10238,6061,5789,1773,2083,594,562,3814,4483,184770,201125,10171,12242,8131,8148,2571,3089,930,978
R,1,2023,67,3783774,1799984,1983790,1479444,1588924,189776,238022,17254,18948,89308,110696,3066,3420,21136,23780,1497058,1608316,195168,245145,28816,32373,96389,118090,5495,6088,1608901,1771599,1307937,1398526,181552,228497,11633,13467,87638,108752,2554,2805,17587,19552,1322449,1414274,185426,233745,21295,24675,93956,115204,4668,5087,191083,212191,171507,190398,8224,9525,5621,5481,1670,1944,512,615,3549,4228,174609,194042,9742,11400,7521,7698,2433,2886,827,1001
R,1,2023,68,3691294,1747557,1943737,1442146,1563562,180229,229075,16084,17935,86283,107172,2964,3285,19851,22708,1458627,1582096,185273,235794,27153,30821,92865,114131,5246,5926,1570119,1742905,1282130,1382577,172839,220338,11165,13068,84778,105385,2485,2749,16722,18788,1295891,1397691,176544,225323,20543,23898,90686,111505,4478,5031,177438,200832,160016,180985,7390,8737,4919,4867,1505,1787,479,536,3129,3920,162736,184405,8729,10471,6610,6923,2179,2626,768,895
R,1,2023,69,3500373,1648401,1851972,1371256,1500605,162212,211854,14698,16451,79320,99174,2633,2923,18282,20965,1386568,1517743,166691,217940,25143,28526,85181,105562,4690,5317,1488123,1668220,1226744,1334904,155429,203853,10276,11975,78008,97581,2206,2446,15460,17461,1239627,1349002,158696,208374,19192,22179,83268,103242,4015,4557,160278,183752,144512,165701,6783,8001,4422,4476,1312,1593,427,477,2822,3504,146941,168741,7995,9566,5951,6347,1913,2320,675,760
R,1,2023,70,3405414,1594694,1810720,1331243,1470230,151821,203275,13633,15732,78646,99020,2609,2854,16742,19609,1345133,1486275,155976,208921,23124,27158,84115,104939,4569,5142,1445926,1636346,1197019,1312717,145522,195663,9595,11584,77370,97482,2247,2395,14173,16505,1208671,1326064,148568,199974,17747,21382,82266,102679,3962,4377,148768,174374,134224,157513,6299,7612,4038,4148,1276,1538,362,459,2569,3104,136462,160211,7408,8947,5377,5776,1849,2260,607,765
R,1,2023,71,3215807,1498537,1717270,1259971,1401927,139748,191140,12568,14469,68321,88928,2226,2568,15703,18238,1273000,1416952,143589,196414,21780,25398,73244,94057,4069,4608,1360855,1556365,1135156,1256713,134181,183983,9033,10692,67189,87541,1912,2149,13384,15287,1146176,1269125,137067,187958,16915,20078,71632,92050,3544,3923,137682,160905,124815,145214,5567,7157,3535,3777,1132,1387,314,419,2319,2951,126824,147827,6522,8456,4865,5320,1612,2007,525,685
R,1,2023,72,3025100,1398990,1626110,1165779,1316541,134360,184069,12098,13899,69540,91863,2250,2418,14963,17320,1178262,1330603,138056,189180,20807,24059,74186,97068,3978,4443,1268662,1469449,1047901,1175027,128873,177180,8794,10195,68424,90475,1912,2060,12758,14512,1058461,1186676,131611,181032,16324,18879,72601,95025,3459,3815,130328,156661,117878,141514,5487,6889,3304,3704,1116,1388,338,358,2205,2808,119801,143927,6445,8148,4483,5180,1585,2043,519,628
R,1,2023,73,2914254,1344237,1570017,1126964,1279283,123001,172308,11366,12938,66877,86841,2151,2386,13878,16261,1138511,1292541,126361,177051,19679,22676,71064,91439,3802,4271,1224793,1425374,1018678,1148289,118151,166003,8301,9690,65922,85621,1832,2020,11909,13751,1028528,1159374,120726,169630,15503,18128,69661,89662,3287,3679,119444,144643,108286,130994,4850,6305,3065,3248,955,1220,319,366,1969,2510,109983,133167,5635,7421,4176,4548,1403,1777,515,592
R,1,2023,74,2840039,1306848,1533191,1102664,1259796,115097,162196,10670,12265,63407,81115,2010,2255,13000,15564,1113446,1272606,118266,166683,18461,21553,67350,85537,3514,3996,1196626,1397150,1002662,1136452,110632,156452,7933,9240,62486,79925,1720,1936,11193,13145,1011879,1147160,113065,159853,14733,17322,66016,83787,3057,3456,110222,136041,100002,123344,4465,5744,2737,3025,921,1190,290,319,1807,2419,101567,125446,5201,6830,3728,4231,1334,1750,457,540
R,1,2023,75,2866016,1319644,1546372,1130856,1293240,105522,149537,10159,11505,58482,74741,1869,2027,12756,15322,1141564,1305970,108587,153805,17991,20925,62110,78939,3343,3707,1214827,1416930,1035577,1175534,101465,144116,7509,8750,57648,73679,1618,1746,11010,13105,1044758,1186308,103794,147437,14403,16984,60873,77400,2944,3246,104817,129442,95279,117706,4057,5421,2650,2755,834,1062,251,281,1746,2217,96806,119662,4793,6368,3588,3941,1237,1539,399,461
R,1,2023,76,2521710,1159376,1362334,994709,1140232,90047,129366,9037,10205,52701,67394,1658,1778,11224,13359,1004206,1151337,92651,133006,15861,18210,55901,71160,2969,3317,1066049,1244877,909765,1033426,86425,124404,6735,7819,52029,66384,1425,1528,9670,11316,917922,1042739,88401,127164,12732,14753,54870,69713,2576,2895,93327,117457,84944,106806,3622,4962,2302,2386,672,1010,233,250,1554,2043,86284,108598,4250,5842,3129,3457,1031,1447,393,422
R,1,2023,77,1967003,884430,1082573,748936,894813,73831,110333,7166,8484,44119,56330,1419,1649,8959,10964,756392,903876,75946,113331,12476,14956,46837,59519,2554,2958,805023,978466,676593,800008,70739,105986,5268,6349,43482,55489,1235,1419,7706,9215,682952,807553,72336,108228,9911,11901,45915,58281,2240,2578,79407,104107,72343,94805,3092,4347,1898,2135,637,841,184,230,1253,1749,73440,96323,3610,5103,2565,3055,922,1238,314,380
R,1,2023,78,1902905,850402,1052503,724310,874001,68387,104412,6644,8018,41287,53865,1246,1481,8528,10726,731498,882871,70394,107442,11719,14379,43784,56923,2331,2786,778756,956744,658941,786635,65604,100598,4986,6031,40757,53068,1084,1285,7384,9127,665124,794121,67135,102905,9477,11569,42991,55765,2057,2455,71646,95759,65369,87366,2783,3814,1658,1987,530,797,162,196,1144,1599,66374,88750,3259,4537,2242,2810,793,1158,274,331
R,1,2023,79,1876647,831505,1045142,715849,880325,63294,98554,6036,7559,37411,47309,1137,1250,7778,10145,722441,888811,64964,101309,10844,13677,39583,50078,2149,2449,766634,955737,656530,798667,60763,94985,4613,5776,36902,46617,1008,1086,6818,8606,662300,805808,62057,97062,8911,11110,38848,49048,1914,2154,64871,89405,59319,81658,2531,3569,1423,1783,509,692,129,164,960,1539,60141,83003,2907,4247,1933,2567,735,1030,235,295
R,1,2023,80,1744096,766109,977987,659218,823109,57553,91686,5562,6872,35715,46018,956,1206,7105,9096,665199,830680,59220,94159,9942,12428,37694,48482,1779,2233,707587,894385,605689,746781,55235,88255,4344,5197,35295,45372,828,1025,6196,7755,610889,753201,56525,90129,8261,10067,37053,47537,1550,1941,58522,83602,53529,76328,2318,3431,1218,1675,420,646,128,181,909,1341,54310,77479,2695,4030,1681,2361,641,945,229,292
R,1,2023,81,1466565,635166,831399,544229,696607,48350,79436,4836,5926,30730,40414,856,1020,6165,7996,549389,703250,49776,81597,8534,10784,32547,42628,1607,1933,583989,759304,497422,630466,46386,76658,3724,4574,30345,39858,756,858,5356,6890,501887,636161,47472,78329,7013,8862,31970,41808,1429,1670,51177,72095,46807,66141,1964,2778,1112,1352,385,556,100,162,809,1106,47502,67089,2304,3268,1521,1922,577,820,178,263
R,1,2023,82,1318365,561914,756451,478195,630751,43404,73499,4339,5519,29550,38518,803,957,5623,7207,482912,636734,44656,75471,7691,9790,31292,40589,1490,1809,514137,687258,434429,567345,41568,70742,3334,4241,29190,37986,705,804,4911,6140,438539,572394,42529,72243,6299,7963,30752,39819,1321,1561,47777,69193,43766,63406,1836,2757,1005,1278,360,532,98,153,712,1067,44373,64340,2127,3228,1392,1827,540,770,169,248
R,1,2023,83,1167858,490515,677343,417420,564533,37886,66062,3688,4878,25933,34250,683,932,4905,6688,421560,570081,39003,67873,6563,8860,27429,36146,1289,1740,448500,615173,378980,507617,36212,63543,2840,3738,25599,33761,593,774,4276,5740,382570,512367,37073,64917,5390,7247,26947,35431,1137,1482,42015,62170,38440,56916,1674,2519,848,1140,334,489,90,158,629,948,38990,57714,1930,2956,1173,1613,482,715,152,258
R,1,2023,84,1089045,451222,637823,385869,535602,33596,60060,3401,4533,23427,30958,582,781,4347,5889,389538,540512,34573,61643,6031,8008,24722,32646,1080,1480,413284,579935,351048,482573,32159,57724,2652,3463,23151,30534,494,649,3780,4992,354220,486703,32901,58922,4985,6483,24307,32008,945,1247,37938,57888,34821,53029,1437,2336,749,1070,276,424,88,132,567,897,35318,53809,1672,2721,1046,1525,415,638,135,233
R,1,2023,85,954694,389362,565332,331838,472643,29345,54051,2889,4008,20874,28600,539,737,3877,5293,335154,477071,30265,55514,5168,7067,22035,30112,983,1385,356049,514054,301231,425685,28110,51971,2238,3100,20630,28202,462,609,3378,4487,304113,429407,28804,53069,4271,5778,21676,29526,851,1179,33313,51278,30607,46958,1235,2080,651,908,244,398,77,128,499,806,31041,47664,1461,2445,897,1289,359,586,132,206
R,1,2023,86,842692,337141,505551,287830,424050,24811,47415,2497,3517,18183,25292,447,624,3373,4653,290681,427905,25564,48703,4435,6207,19272,26653,855,1170,307707,459156,260713,381370,23679,45605,1965,2705,17988,24948,390,538,2972,3990,263207,384657,24254,46600,3702,5049,18982,26162,765,1020,29434,46395,27117,42680,1132,1810,532,812,195,344,57,86,401,663,27474,43248,1310,2103,733,1158,290,491,90,150
R,1,2023,87,748871,293879,454992,250311,380488,22124,43244,2166,3193,15984,23196,413,555,2881,4316,252719,384074,22786,44400,3828,5673,16872,24469,787,1051,268081,413451,226557,342326,21128,41630,1698,2432,15808,22882,366,463,2524,3718,228663,345394,21645,42532,3187,4614,16604,24010,697,906,25798,41541,23754,38162,996,1614,468,761,176,314,47,92,357,598,24056,38680,1141,1868,641,1059,268,459,90,145
R,1,2023,88,654062,251435,402627,214730,338645,18430,37503,1794,2711,13624,19560,357,462,2500,3746,216863,341746,19003,38532,3198,4881,14425,20693,674,908,229753,366677,194667,305548,17669,36158,1407,2054,13463,19292,312,394,2235,3231,196574,308215,18133,36961,2683,3955,14181,20296,600,786,21682,35950,20063,33097,761,1345,387,657,161,268,45,68,265,515,20289,33531,870,1571,515,926,244,397,74,122
R,1,2023,89,548302,206472,341830,176271,286387,14828,31755,1482,2225,11518,17863,314,391,2059,3209,178020,289055,15287,32618,2641,4044,12201,18829,573,802,188837,311408,159986,258336,14211,30597,1163,1706,11390,17635,271,348,1816,2786,161529,260639,14570,31274,2202,3320,12008,18499,499,711,17635,30422,16285,28051,617,1158,319,519,128,228,43,43,243,423,16491,28416,717,1344,439,724,193,330,74,91
R,1,2023,90,496463,181859,314604,155274,264026,13144,29059,1302,2083,10058,16230,252,367,1829,2839,156815,266400,13574,29852,2301,3703,10670,17047,482,724,166570,287518,141118,239023,12598,28022,1017,1633,9952,16036,233,321,1652,2483,142506,241087,12952,28668,1931,3088,10513,16758,447,638,15289,27086,14156,25003,546,1037,285,450,106,194,19,46,177,356,14309,25313,622,1184,370,615,157,289,35,86
R,1,2023,91,411802,146615,265187,127047,225692,9174,21971,972,1626,7813,13203,203,286,1406,2409,128244,227702,9506,22625,1741,3012,8282,13893,389,595,134302,242998,115560,205122,8812,21206,765,1263,7743,13061,174,252,1248,2094,116616,206862,9092,21722,1447,2490,8173,13681,337,523,12313,22189,11487,20570,362,765,207,363,70,142,29,34,158,315,11628,20840,414,903,294,522,109,212,52,72
R,1,2023,92,362258,125194,237064,107395,200580,8202,19883,865,1472,7270,12680,185,267,1277,2182,108471,202409,8490,20485,1571,2695,7705,13342,349,523,114475,216725,97456,181724,7834,19176,675,1134,7204,12561,166,229,1140,1901,98421,183307,8064,19647,1310,2219,7594,13151,316,462,10719,20339,9939,18856,368,707,190,338,66,119,19,38,137,281,10050,19102,426,838,261,476,111,191,33,61
R,1,2023,93,283750,94078,189672,80621,160285,6180,16300,665,1142,5477,10021,143,226,992,1698,81463,161684,6412,16791,1216,2100,5795,10510,286,444,86103,174109,73202,145857,5931,15744,529,903,5431,9905,130,202,880,1498,73949,147086,6119,16141,1024,1766,5717,10342,255,396,7975,15563,7419,14428,249,556,136,239,46,116,13,24,112,200,7514,14598,293,650,192,334,78,168,31,48
R,1,2023,94,234990,75062,159928,64529,135424,4715,13283,531,957,4395,8538,98,187,794,1539,65187,136702,4912,13729,987,1835,4653,8974,192,391,68888,147257,58782,123759,4519,12811,424,744,4361,8444,90,159,712,1340,59370,124860,4684,13170,842,1529,4594,8836,172,340,6174,12671,5747,11665,196,472,107,213,34,94,8,28,82,199,5817,11842,228,559,145,306,59,138,20,51
R,1,2023,95,184940,56455,128485,48239,108777,3594,10704,392,778,3525,6881,72,135,633,1210,48774,109776,3739,11019,738,1498,3729,7218,157,302,52082,118859,44162,99881,3466,10361,318,612,3501,6804,63,119,572,1082,44643,100774,3587,10617,634,1268,3690,7108,141,267,4373,9626,4077,8896,128,343,74,166,24,77,9,16,61,128,4131,9002,152,402,104,230,39,110,16,35
R,1,2023,96,137489,40092,97397,34141,82265,2526,8016,286,607,2620,5448,47,122,472,939,34543,83057,2635,8293,546,1126,2772,5710,117,238,36960,90233,31234,75645,2418,7750,243,494,2600,5395,43,112,422,837,31597,76346,2504,7981,479,963,2734,5634,98,219,3132,7164,2907,6620,108,266,43,113,20,53,4,10,50,102,2946,6711,131,312,67,163,38,76,19,19
R,1,2023,97,103611,28955,74656,24333,62783,1901,6145,212,431,2103,4444,37,87,369,766,24640,63413,2002,6373,415,875,2220,4648,86,180,26770,69386,22308,57908,1840,5948,174,358,2088,4410,33,78,327,684,22580,58473,1921,6144,353,764,2195,4584,76,156,2185,5270,2025,4875,61,197,38,73,15,34,4,9,42,82,2060,4940,81,229,62,111,25,64,10,24
R,1,2023,98,76243,20284,55959,17047,47112,1258,4502,154,360,1557,3328,25,73,243,584,17243,47589,1326,4680,291,689,1642,3494,59,153,18871,52277,15734,43708,1215,4368,129,296,1550,3304,24,65,219,536,15913,44149,1270,4522,256,604,1627,3453,54,135,1413,3682,1313,3404,43,134,25,64,7,24,1,8,24,48,1330,3440,56,158,35,85,15,41,5,18
R,1,2023,99,50558,13115,37443,10805,31270,849,2976,101,223,1143,2520,20,48,197,406,10967,31601,910,3108,202,460,1212,2631,46,101,12059,35019,9828,29018,813,2889,83,191,1136,2505,18,45,181,371,9979,29319,867,3006,177,412,1200,2605,41,93,1056,2424,977,2252,36,87,18,32,7,15,2,3,16,35,988,2282,43,102,25,48,12,26,5,8
R,1,2023,100,87339,19708,67631,15493,54604,1364,5964,182,487,2294,5595,35,108,340,873,15769,55299,1464,6261,364,963,2411,5838,92,241,18440,63710,14332,50990,1324,5820,162,433,2278,5569,32,100,312,798,14587,51625,1413,6083,328,873,2387,5788,82,220,1268,3921,1161,3614,40,144,20,54,16,26,3,8,28,75,1182,3674,51,178,36,90,24,50,10,21
R,2,2023,999,335661692,166144203,169517489,125888207,126698739,22028397,23784004,2286427,2235659,10377787,11193998,457221,443940,5106164,5161149,130455904,131291867,24386017,26211317,3717325,3722190,12287754,13088526,894868,883168,133034287,137186710,97126005,98655995,20322894,22038213,1198014,1231371,10024835,10842941,327995,322158,4034544,4096032,100734615,102298961,22166907,23946664,2193190,2287223,11641522,12445428,669426,666382,33109916,32330779,28762202,28042744,1705503,1745791,1088413,1004288,352952,351057,129226,121782,1071620,1065117,29721289,28992906,2219110,2264653,1524135,1434967,646232,643098,225442,216786
R,2,2023,0,3668637,1873958,1794679,1288013,1230893,301965,292839,36756,35658,111638,104973,8111,7737,127475,122579,1405242,1343584,372472,360773,60577,58702,158756,150089,16861,16080,1336844,1276234,855487,813942,260684,252786,12178,11670,103112,96979,4447,4094,100936,96763,948847,903409,317334,307214,27139,26077,141981,134118,10772,10112,537114,518445,432526,416951,41281,40053,24578,23988,8526,7994,3664,3643,26539,25816,456395,440175,55138,53559,33438,32625,16775,15971,6089,5968
R,2,2023,1,3708277,1894632,1813645,1302151,1242341,306430,298307,35487,33989,113893,107907,7669,7281,129002,123820,1420776,1356161,377677,366781,59565,57176,161696,153677,16515,15692,1372392,1309704,881337,836030,266327,259444,12490,11888,105793,100167,4306,4094,102139,98081,975791,926690,323519,314444,27582,26439,145301,138025,10712,10196,522240,503941,420814,406311,40103,38863,22997,22101,8100,7740,3363,3187,26863,25739,444985,429471,54158,52337,31983,30737,16395,15652,5803,5496
R,2,2023,2,3651697,1866684,1785013,1276923,1217617,306588,297272,35072,33700,116291,109875,7044,6634,124766,119915,1391665,1327876,375567,363655,58296,56075,162507,154202,15579,14773,1360505,1297877,866930,823138,269063,261002,12750,12289,108564,102336,4288,3957,98910,95155,958397,911109,324478,314388,27329,26359,146831,139079,10489,9883,506179,487136,409993,394479,37525,36270,22322,21411,7727,7539,2756,2677,25856,24760,433268,416767,51089,49267,30967,29716,15676,15123,5090,4890
R,2,2023,3,3795057,1938854,1856203,1343061,1282181,304678,296788,36823,35399,121548,114888,7333,6921,125411,120026,1458350,1392503,373882,363179,60102,57817,168180,159302,15931,15056,1428948,1364714,928496,882078,268429,261934,14041,13614,113553,107267,4544,4265,99885,95556,1020787,970350,324197,315443,28810,27835,152387,144235,10885,10264,509906,491489,414565,400103,36249,34854,22782,21785,7995,7621,2789,2656,25526,24470,437563,422153,49685,47736,31292,29982,15793,15067,5046,4792
R,2,2023,4,3846319,1964832,1881487,1361407,1299508,307763,300736,37273,35641,124282,117434,7472,7025,126635,121143,1477803,1410828,377561,367684,60823,58322,171415,162259,16162,15254,1447255,1382364,940319,892780,271149,265419,14198,13788,116166,109708,4645,4349,100778,96320,1033412,981734,327302,319295,29119,28153,155441,146996,11056,10408,517577,499123,421088,406728,36614,35317,23075,21853,8116,7726,2827,2676,25857,24823,444391,429094,50259,48389,31704,30169,15974,15263,5106,4846
R,2,2023,5,3936514,2013516,1922998,1395236,1329137,314318,306053,37655,35416,130222,122526,7584,7112,128501,122754,1513271,1441946,384660,373805,61705,58516,178334,167890,16505,15497,1486167,1415687,962574,912583,278943,271772,14875,14203,122327,114938,4844,4475,102604,97716,1057254,1002806,335731,326392,30216,28875,162574,152726,11471,10652,527349,507311,432662,416554,35375,34281,22780,21213,7895,7588,2740,2637,25897,25038,456017,439140,48929,47413,31489,29641,15760,15164,5034,4845
R,2,2023,6,4041198,2066648,1974550,1442570,1373389,314090,307195,36939,35692,135278,126950,7718,7260,130053,124064,1562033,1487419,384414,374841,61576,59332,184516,173276,16861,15830,1526995,1455331,996450,944374,278753,272946,15709,15079,127330,119431,4956,4615,103797,98886,1092222,1035687,335401,327466,31513,30190,168560,158120,11768,10960,539653,519219,446120,429015,35337,34249,21230,20613,7948,7519,2762,2645,26256,25178,469811,451732,49013,47375,30063,29142,15956,15156,5093,4870
R,2,2023,7,4102051,2096191,2005860,1473462,1404127,317877,310715,36286,34989,131097,123927,7516,7263,129953,124839,1592922,1518885,388104,378825,61237,58880,179933,170346,16624,15903,1549584,1479241,1018797,966555,283065,276701,16081,15357,123203,116465,4753,4609,103685,99554,1114550,1058501,339687,331644,32117,30675,164032,155219,11522,11027,546607,526619,454665,437572,34812,34014,20205,19632,7894,7462,2763,2654,26268,25285,478372,460384,48417,47181,29120,28205,15901,15127,5102,4876
R,2,2023,8,4125472,2107626,2017846,1480209,1410872,320485,313381,36155,35381,133856,126888,7360,7219,129561,124105,1599282,1524927,390288,380837,61085,59334,182703,173084,16507,15856,1565111,1493800,1028699,975458,285281,279089,16344,15801,126391,119681,4770,4666,103626,99105,1124364,1066953,341564,333549,32482,31224,167399,158348,11618,11127,542515,524046,451510,435414,35204,34292,19811,19580,7465,7207,2590,2553,25935,25000,474918,457974,48724,47288,28603,28110,15304,14736,4889,4729
R,2,2023,9,4088137,2093372,1994765,1473134,1398510,320852,311331,36556,35217,128321,121255,7024,6755,127485,121697,1590268,1510280,389333,377683,61369,58848,176311,166339,16161,15294,1554114,1478030,1024041,968551,285750,277514,16735,15950,121208,114460,4589,4385,101791,97170,1118006,1058204,340930,331126,32829,31252,161372,152104,11354,10685,539258,516735,449093,429959,35102,33817,19821,19267,7113,6795,2435,2370,25694,24527,472262,452076,48403,46557,28540,27596,14939,14235,4807,4609
R,2,2023,10,4106427,2098031,2008396,1475628,1408565,319921,311311,36280,35073,132671,125586,7142,6924,126389,120937,1591645,1519547,387322,376533,60950,58800,180723,170886,16325,15606,1558706,1487318,1025221,973485,285443,278017,16794,16130,125627,118710,4684,4477,100937,96499,1118275,1062444,339681,330581,32799,31520,165943,156583,11505,10897,539325,521078,450407,435080,34478,33294,19486,18943,7044,6876,2458,2447,25452,24438,473370,457103,47641,45952,28151,27280,14780,14303,4820,4709
R,2,2023,11,4119573,2111293,2008280,1494541,1417934,321617,310783,36983,35423,126001,118748,6872,6605,125279,118787,1609578,1526958,388791,374795,61819,59079,172978,162993,15902,15127,1562821,1482524,1035004,977436,287591,278069,17025,16136,119017,112185,4435,4245,99749,94453,1127011,1064533,341592,329505,33127,31423,158236,149068,11107,10510,548472,525756,459537,440498,34026,32714,19958,19287,6984,6563,2437,2360,25530,24334,482567,462425,47199,45290,28692,27656,14742,13925,4795,4617
R,2,2023,12,4193625,2150125,2043500,1531496,1451651,326426,314442,35174,33957,123971,117243,6766,6410,126292,119797,1647615,1561683,393960,379020,60515,58322,171034,161327,15841,14891,1584667,1501729,1051162,991775,294484,283157,17170,16628,117270,111060,4485,4255,100096,94854,1143578,1079239,348561,334817,33472,32343,156487,147799,11173,10515,565458,541771,480334,459876,31942,31285,18004,17329,6701,6183,2281,2155,26196,24943,504037,482444,45399,44203,27043,25979,14547,13528,4668,4376
R,2,2023,13,4252292,2177467,2074825,1559523,1478700,329764,318874,35275,33803,121614,116537,6626,6491,124665,120420,1674306,1589370,396745,384215,60281,58116,167560,160389,15358,14951,1602836,1524700,1069202,1009703,297817,287948,17724,17119,115137,110361,4513,4337,98443,95232,1160265,1097581,351409,340197,33674,32751,153254,146901,10942,10563,574631,550125,490321,468997,31947,30926,17551,16684,6477,6176,2113,2154,26222,25188,514041,491789,45336,44018,26607,25365,14306,13488,4416,4388
R,2,2023,14,4406267,2256629,2149638,1620604,1536468,344439,333422,36197,34446,123889,118638,6853,6690,124647,119974,1735127,1646794,411561,398738,61398,58396,169248,161865,15685,15068,1664319,1584800,1113672,1053448,311574,301854,18239,17591,117320,112426,4685,4513,98829,94968,1204759,1141177,365584,354457,34405,32766,155227,148453,11217,10643,592310,564838,506932,483020,32865,31568,17958,16855,6569,6212,2168,2177,25818,25006,530368,505617,45977,44281,26993,25630,14021,13412,4468,4425
R,2,2023,15,4484989,2297602,2187387,1655774,1569002,347522,336831,37245,35889,127297,120924,6886,6707,122878,118034,1768559,1677276,413349,401035,62383,60037,172166,163339,15716,15013,1693117,1611425,1137087,1075289,314662,305292,18533,18215,120786,114873,4697,4475,97352,93281,1226819,1161126,367642,356871,34627,33586,158186,150167,11247,10592,604485,575962,518687,493713,32860,31539,18712,17674,6511,6051,2189,2232,25526,24753,541740,516150,45707,44164,27756,26451,13980,13172,4469,4421
R,2,2023,16,4453579,2280749,2172830,1650498,1566551,343359,331928,37558,35453,124347,118673,6690,6602,118297,113623,1759081,1670766,406114,392996,62106,59089,167859,159577,15275,14719,1683392,1602699,1137247,1076999,311386,300889,18568,17837,117885,112661,4608,4423,93698,89890,1223576,1159719,361877,350233,34279,32902,154180,146740,10928,10391,597357,570131,513251,489552,31973,31039,18990,17616,6462,6012,2082,2179,24599,23733,535505,511047,44237,42763,27827,26187,13679,12837,4347,4328
R,2,2023,17,4382154,2242365,2139789,1632476,1546933,330338,322380,36613,35109,124232,121416,6679,6609,112027,107342,1735159,1645224,389099,379200,60552,57767,165502,160853,14721,14230,1661049,1586845,1131977,1070457,299722,292950,18119,17787,118191,115744,4525,4534,88515,85373,1213366,1148842,346956,338939,33339,32281,152748,148852,10474,10221,581316,552944,500499,476476,30616,29430,18494,17322,6041,5672,2154,2075,23512,21969,521793,496382,42143,40261,27213,25486,12754,12001,4247,4009
R,2,2023,18,4374114,2237395,2136719,1630491,1546267,326494,317361,36415,34207,129798,128361,6757,6440,107440,104083,1728827,1641358,381997,371555,59781,56756,169902,166772,14549,13986,1668037,1595598,1139101,1078928,296866,289040,18125,17260,123800,122702,4743,4573,85402,83095,1217563,1155049,341548,333015,33236,31960,157561,155146,10557,10250,569358,541121,491390,467339,29628,28321,18290,16947,5998,5659,2014,1867,22038,20988,511264,486309,40449,38540,26545,24796,12341,11626,3992,3736
R,2,2023,19,4396255,2247268,2148987,1644547,1559621,323942,317121,35601,33748,132620,131443,6595,6307,103963,100747,1739675,1651777,376985,368978,58771,56101,171440,168843,14242,13648,1687034,1614766,1160149,1097137,295043,289685,17713,17262,126811,125893,4640,4497,82678,80292,1236030,1170825,337883,331635,32759,31958,159510,157354,10381,9992,560234,534221,484398,462484,28899,27436,17888,16486,5809,5550,1955,1810,21285,20455,503645,480952,39102,37343,26012,24143,11930,11489,3861,3656
R,2,2023,20,4355576,2225769,2129807,1628740,1544942,323499,318513,35664,33250,132410,130724,6549,6307,98907,96071,1718914,1632479,373664,367712,58286,55297,169251,166165,14032,13426,1673847,1603682,1150937,1088281,294886,291769,17716,17243,126763,125449,4658,4497,78887,76443,1223060,1158192,335525,331498,32504,31702,157839,155248,10308,9878,551922,526125,477803,456661,28613,26744,17948,16007,5647,5275,1891,1810,20020,19628,495854,474287,38139,36214,25782,23595,11412,10917,3724,3548
R,2,2023,21,4374864,2233851,2141013,1633425,1553869,328498,323075,35204,32836,133498,130563,6315,6193,96911,94477,1721735,1639840,377577,371398,58065,55356,169194,164942,13528,13259,1689557,1622684,1161786,1103778,300286,296631,17874,17235,128123,125333,4482,4389,77006,75318,1232117,1172538,339878,335763,32846,32165,158225,154340,9987,9762,544294,518329,471639,450091,28212,26444,17330,15601,5375,5230,1833,1804,19905,19159,489618,467302,37699,35635,25219,23191,10969,10602,3541,3497
R,2,2023,22,4460057,2276622,2183435,1656526,1575976,338167,333342,35328,33716,144184,141270,6383,6232,96034,92899,1743861,1660242,386350,380595,58513,56111,179794,175217,13606,13268,1732085,1664799,1183839,1125712,310239,306678,18262,17633,138672,136119,4634,4414,76439,74243,1253432,1193246,349064,344934,33624,32729,168832,164786,10137,9745,544537,518636,472687,450264,27928,26664,17066,16083,5512,5151,1749,1818,19595,18656,490429,466996,37286,35661,24889,23382,10962,10431,3469,3523
R,2,2023,23,4373532,2229783,2143749,1624158,1549277,331962,327368,34760,33311,140783,138293,6295,5975,91825,89525,1707599,1630277,378283,373146,57675,55488,173809,170370,13305,12857,1702295,1639038,1165898,1110803,304972,301549,18186,17687,135502,133279,4554,4262,73183,71458,1232545,1175548,342431,338718,33527,32650,163449,160288,9906,9512,527488,504711,458260,438474,26990,25819,16574,15624,5281,5014,1741,1713,18642,18067,475054,454729,35852,34428,24148,22838,10360,10082,3399,3345
R,2,2023,24,4377402,2228428,2148974,1624055,1552452,331248,328192,34314,33309,142195,141208,6302,5933,90314,87880,1705851,1632042,376120,372621,57089,55742,174867,172541,13495,12644,1707739,1648820,1171720,1117706,304597,302680,17992,17635,136831,136163,4596,4234,72003,70402,1237066,1181585,340868,338783,33340,33029,164452,162590,10151,9431,520689,500154,452335,434746,26651,25512,16322,15674,5364,5045,1706,1699,18311,17478,468785,450457,35252,33838,23749,22713,10415,9951,3344,3213
R,2,2023,25,4339241,2206140,2133101,1603108,1535909,328813,326006,33720,32726,147604,147651,6324,5952,86571,84857,1681426,1612573,371420,368265,56165,54794,178977,178163,13056,12425,1696081,1643448,1159222,1109683,303385,301357,17572,17539,142399,142640,4631,4287,68872,67942,1221614,1171120,337682,335639,32798,32738,168919,168502,9816,9280,510059,489653,443886,426226,25428,24649,16148,15187,5205,5011,1693,1665,17699,16915,459812,441453,33738,32626,23367,22056,10058,9661,3240,3145
R,2,2023,26,4379186,2222868,2156318,1618468,1551821,327227,327008,33729,32494,152236,155563,6413,5974,84795,83458,1695150,1626991,368162,368018,56354,54772,183146,185643,13137,12658,1712927,1668130,1174325,1126488,301836,302961,17733,17379,147172,150538,4657,4341,67204,66423,1235205,1186357,334512,335971,32925,32573,173443,176010,9853,9534,509941,488188,444143,425333,25391,24047,15996,15115,5064,5025,1756,1633,17591,17035,459945,440634,33650,32047,23429,22199,9703,9633,3284,3124
R,2,2023,27,4426817,2247684,2179133,1632472,1565218,335141,332992,33753,32102,156783,161713,6493,6372,83042,80736,1707222,1637717,374551,372289,56766,54385,187155,190803,13212,13045,1737429,1689087,1187753,1137691,309598,308632,17907,17200,151699,156628,4731,4641,65741,64295,1246924,1195517,341085,340121,33572,32538,177451,181267,9965,9891,510255,490046,444719,427527,25543,24360,15846,14902,5084,5085,1762,1731,17301,16441,460298,442200,33466,32168,23194,21847,9704,9536,3247,3154
R,2,2023,28,4496140,2278818,2217322,1647993,1583709,349408,349017,34019,32996,159874,165451,6572,6590,80952,79559,1720438,1654717,387162,387261,57298,55688,189461,194187,13549,13211,1767920,1727156,1202345,1156349,323601,324210,18346,17806,154774,160501,4818,4870,64036,63420,1259597,1212929,353583,354907,34354,33641,179949,184887,10254,10063,510898,490166,445648,427360,25807,24807,15673,15190,5100,4950,1754,1720,16916,16139,460841,441788,33579,32354,22944,22047,9512,9300,3295,3148
R,2,2023,29,4581403,2324156,2257247,1675041,1605240,364735,362506,34953,33996,164965,171261,6739,6634,77723,77610,1744153,1674186,400323,399211,57720,56864,193934,199253,13585,13339,1807804,1764868,1223832,1175522,338538,337672,18975,18822,159973,166228,4920,4920,61566,61704,1278548,1230320,366744,366937,34731,34857,184608,189996,10262,10155,516352,492379,451209,429718,26197,24834,15978,15174,4992,5033,1819,1714,16157,15906,465605,443866,33579,32274,22989,22007,9326,9257,3323,3184
R,2,2023,30,4684723,2374889,2309834,1710362,1642701,375933,372439,36445,34724,169414,177574,6888,6697,75847,75699,1777633,1709825,409341,406927,59502,57585,198093,205596,13692,13404,1851137,1812354,1252575,1208055,349275,347258,19865,19376,164424,172459,5029,4920,59969,60286,1305718,1261485,375449,374579,35886,35491,189027,196463,10418,10188,523752,497480,457787,434646,26658,25181,16580,15348,4990,5115,1859,1777,15878,15413,471915,448340,33892,32348,23616,22094,9066,9133,3274,3216
R,2,2023,31,4754523,2398665,2355858,1727542,1672237,377565,381828,37275,34541,175986,185108,7541,7043,72756,75101,1791279,1737913,408831,415667,59787,57065,204128,214040,14534,14087,1876609,1862195,1272872,1243458,350200,354824,20272,19519,170878,179691,5482,5201,56905,59502,1322595,1295407,374240,381305,35699,35269,194929,204396,11023,10738,522056,493663,454670,428779,27365,27004,17003,15022,5108,5417,2059,1842,15851,15599,468684,442506,34591,34362,24088,21796,9199,9644,3511,3349
R,2,2023,32,4831932,2440038,2391894,1764249,1702291,377941,383998,36823,33890,183595,192267,7831,7315,69599,72133,1824901,1765301,406838,416019,58451,55707,211583,220367,14815,14239,1914827,1904416,1307080,1279645,350211,356448,19693,19254,178152,186824,5650,5457,54041,56788,1353926,1329083,372035,381310,34373,34374,202125,210784,11161,10955,525211,487478,457169,422646,27730,27550,17130,14636,5443,5443,2181,1858,15558,15345,470975,436218,34803,34709,24078,21333,9458,9583,3654,3284
R,2,2023,33,4746085,2394907,2351178,1737188,1673189,365799,375510,35946,32936,183444,194709,7995,7157,64535,67677,1793589,1732212,392185,405128,56042,53585,209496,221224,14340,13675,1884204,1880223,1292296,1264768,338786,348779,19073,18741,178191,189356,5840,5397,50018,53182,1335793,1310951,358576,371567,32707,32985,200555,212134,10874,10617,510703,470955,444892,408421,27013,26731,16873,14195,5253,5353,2155,1760,14517,14495,457796,421261,33609,33561,23335,20600,8941,9090,3466,3058
R,2,2023,34,4649231,2345482,2303749,1712279,1647469,343996,357018,35060,31855,185510,196673,7797,7084,60840,63650,1765201,1702919,368173,384432,54165,51344,210494,221971,13983,13218,1842816,1844683,1273498,1248873,318181,331080,18296,17872,180383,191425,5747,5378,46711,50055,1313946,1292311,335886,351983,30993,31450,201822,213191,10672,10293,502666,459066,438781,398596,25815,25938,16764,13983,5127,5248,2050,1706,14129,13595,451255,410608,32287,32449,23172,19894,8672,8780,3311,2925
R,2,2023,35,4555223,2301535,2253688,1697160,1625102,325795,339540,33984,30920,179231,190121,7794,6896,57571,61109,1747073,1678431,348523,365457,52192,49756,202953,214510,13854,12950,1802403,1801285,1259902,1231492,301130,314449,17577,17221,174258,185238,5627,5196,43909,47689,1297694,1272970,317640,333961,29542,30171,194602,206228,10467,10033,499132,452403,437258,393610,24665,25091,16407,13699,4973,4883,2167,1700,13662,13420,449379,405461,30883,31496,22650,19585,8351,8282,3387,2917
R,2,2023,36,4525131,2288580,2236551,1699487,1621749,315916,331035,33311,30251,177518,187945,7685,6894,54663,58677,1747103,1672758,336906,355737,50974,49058,200114,211223,13319,12599,1790525,1786332,1262518,1229550,291429,306187,17033,16678,172539,183207,5478,5126,41528,45584,1298487,1268958,306394,324762,28674,29570,191926,203193,9990,9701,498055,450219,436969,392199,24487,24848,16278,13573,4979,4738,2207,1768,13135,13093,448616,403800,30512,30975,22300,19488,8188,8030,3329,2898
R,2,2023,37,4549674,2302065,2247609,1718388,1637205,312264,327872,32968,30062,177251,188560,7783,7032,53411,56878,1764703,1686566,332624,351120,50548,48430,199136,211433,13473,12873,1798842,1796204,1276544,1243270,287812,303259,16359,16575,172317,183759,5552,5341,40258,44000,1311188,1281242,302214,320410,27860,29295,191005,203374,10070,10047,503223,451405,441844,393935,24452,24613,16609,13487,4934,4801,2231,1691,13153,12878,453515,405324,30410,30710,22688,19135,8131,8059,3403,2826
R,2,2023,38,4483114,2262163,2220951,1693527,1619913,301330,320820,32114,29529,176204,188749,7539,6803,51449,55137,1738166,1667676,320471,342790,49328,47756,197414,211228,13136,12468,1768095,1774166,1259029,1229546,277921,296764,16084,16186,171228,184177,5333,5083,38500,42410,1292164,1266117,291267,312698,27285,28692,189316,203419,9772,9625,494068,446785,434498,390367,23409,24056,16030,13343,4976,4572,2206,1720,12949,12727,446002,401559,29204,30092,22043,19064,8098,7809,3364,2843
R,2,2023,39,4446094,2242137,2203957,1683832,1609436,294812,316257,32002,29375,174273,187990,7408,6805,49810,54094,1727010,1656286,313234,337323,48860,47747,194881,209975,12778,12492,1753595,1758393,1253822,1220084,271835,292318,15893,15915,169429,183511,5323,5134,37293,41431,1285886,1255743,284610,307599,26969,28501,186939,202277,9555,9659,488542,445564,430010,389352,22977,23939,16109,13460,4844,4479,2085,1671,12517,12663,441124,400543,28624,29724,21891,19246,7942,7698,3223,2833
R,2,2023,40,4507905,2271408,2236497,1710745,1637358,297795,320714,32657,29853,172932,187623,7463,6911,49816,54038,1753909,1684011,316027,341846,49876,48522,193281,209376,12935,12554,1772438,1780260,1270965,1238366,274462,296140,16180,16187,168088,182890,5349,5166,37394,41511,1303086,1273935,287148,311512,27582,29086,185397,201477,9712,9714,498970,456237,439780,398992,23333,24574,16477,13666,4844,4733,2114,1745,12422,12527,450823,410076,28879,30334,22294,19436,7884,7899,3223,2840
R,2,2023,41,4421305,2224196,2197109,1681454,1613118,290392,314867,31076,28545,165932,182257,7322,6550,48020,51772,1722943,1657765,307864,335307,48051,46621,185388,202786,12536,12029,1742528,1750120,1257091,1221572,267862,291182,15210,15374,161256,177564,5209,4817,35900,39611,1287835,1255542,279997,305989,26430,27808,177724,195059,9327,9198,481668,446989,424363,391546,22530,23685,15866,13171,4676,4693,2113,1733,12120,12161,435108,402223,27867,29318,21621,18813,7664,7727,3209,2831
R,2,2023,42,4442411,2234872,2207539,1692657,1620803,295616,321865,31465,28908,160092,177861,7364,6457,47678,51645,1733804,1665375,313069,342275,48385,47152,179378,198102,12688,11925,1745315,1757064,1260633,1226125,273204,297702,15502,15802,155249,173212,5178,4791,35549,39432,1291029,1259893,285271,312402,26704,28437,171532,190455,9423,9214,489557,450475,432024,394678,22412,24163,15963,13106,4843,4649,2186,1666,12129,12213,442775,405482,27798,29873,21681,18715,7846,7647,3265,2711
R,2,2023,43,4299227,2158853,2140374,1635041,1570136,286650,314329,30163,27625,154967,172616,6772,6325,45260,49343,1674135,1612534,303068,333867,46708,45244,172907,191898,11847,11576,1687646,1705246,1219551,1188925,264788,290922,14785,14996,150446,168206,4727,4740,33349,37457,1248093,1220825,275941,304809,25634,27203,165477,184570,8739,8962,471207,435128,415490,381211,21862,23407,15378,12629,4521,4410,2045,1585,11911,11886,426042,391709,27127,29058,21074,18041,7430,7328,3108,2614
R,2,2023,44,4153135,2079673,2073462,1579565,1523450,273012,302426,28409,26748,149790,168412,6250,5824,42647,46602,1616279,1563537,288448,320491,44010,43681,166818,186715,10853,10655,1631604,1652096,1183311,1154426,252547,279841,14247,14405,145485,164045,4474,4253,31540,35126,1210146,1184375,263086,292558,24548,26000,159828,179566,8119,8145,448069,421366,396254,369024,20465,22585,14162,12343,4305,4367,1776,1571,11107,11476,406133,379162,25362,27933,19462,17681,6990,7149,2734,2510
R,2,2023,45,4110556,2054414,2056142,1568473,1517919,265863,296007,28327,26776,144473,164305,6175,5798,41103,45337,1603774,1556699,280570,313534,43697,43529,160811,182048,10628,10548,1608178,1633665,1172990,1146617,246171,273961,14216,14605,140173,159988,4401,4272,30227,34222,1198625,1175616,256063,286216,24369,26169,153895,175075,7909,8095,446236,422477,395483,371302,19692,22046,14111,12171,4300,4317,1774,1526,10876,11115,405149,381083,24507,27318,19328,17360,6916,6973,2719,2453
R,2,2023,46,3974120,1983208,1990912,1512436,1469033,253950,284191,27245,25373,144652,163884,5859,5463,39066,42968,1546116,1505632,267457,300516,41926,41466,160309,180897,10244,10040,1551293,1577782,1129033,1104743,235001,262986,13783,13951,140472,159671,4199,3991,28805,32440,1153554,1132071,243971,274443,23583,25137,153668,174047,7662,7678,431915,413130,383403,364290,18949,21205,13462,11422,4180,4213,1660,1472,10261,10528,392562,373561,23486,26073,18343,16329,6641,6850,2582,2362
R,2,2023,47,3924762,1957879,1966883,1491836,1450901,250798,281224,26674,25045,145945,163805,5572,5362,37054,40546,1523681,1485470,263683,296325,40877,40397,160730,179978,9582,9611,1534148,1559954,1114917,1091126,232524,260709,13443,13733,141896,159659,4027,3984,27341,30743,1138120,1117093,241078,271259,23001,24458,154377,173417,7224,7401,423731,406929,376919,359775,18274,20515,13231,11312,4049,4146,1545,1378,9713,9803,385561,368377,22605,25066,17876,15939,6353,6561,2358,2210
R,2,2023,48,3928967,1958835,1970132,1499895,1461789,247583,278835,26328,24753,144645,160649,5602,5105,34782,39001,1529491,1494874,259413,293273,39984,39835,158514,176115,9551,9105,1543309,1569114,1128247,1105488,230616,259684,13323,13646,140770,156780,4095,3790,26258,29726,1150363,1130403,238795,269797,22660,24256,152705,170101,7293,7031,415526,401018,371648,356301,16967,19151,13005,11107,3875,3869,1507,1315,8524,9275,379128,364471,20618,23476,17324,15579,5809,6014,2258,2074
R,2,2023,49,3865107,1923884,1941223,1471735,1437969,244118,275896,25260,24451,143680,160402,5188,5033,33903,37472,1500579,1469604,255456,289597,38593,38996,157374,175400,8987,9011,1527546,1553420,1116897,1093103,227986,257409,12932,13569,140133,156644,3845,3773,25753,28922,1138540,1117239,235722,267181,22241,24058,151946,169591,6968,6992,396338,387803,354838,344866,16132,18487,12328,10882,3547,3758,1343,1260,8150,8550,362039,352365,19734,22416,16352,14938,5428,5809,2019,2019
R,2,2023,50,3988830,1985080,2003750,1521205,1487913,254675,287057,25940,24792,144022,161495,5222,5040,34016,37453,1550076,1519503,265613,300498,39711,39810,157773,176341,9020,8983,1587995,1615298,1165289,1142208,238782,268701,13460,13888,140405,157714,3925,3748,26134,29039,1187220,1166379,246370,278350,23250,24825,152360,170576,7003,7009,397085,388452,355916,345705,15893,18356,12480,10904,3617,3781,1297,1292,7882,8414,362856,353124,19243,22148,16461,14985,5413,5765,2017,1974
R,2,2023,51,4184064,2086767,2097297,1620868,1579439,261183,293564,25898,25095,139768,156480,5317,4890,33733,37829,1649401,1611374,271948,306872,39914,40696,153170,171185,9108,8933,1697626,1716803,1272044,1240471,245579,275816,13882,14421,136069,152886,3946,3675,26106,29534,1293861,1265119,253130,285351,24025,25964,147733,165682,7066,7014,389141,380494,348824,338968,15604,17748,12016,10674,3699,3594,1371,1215,7627,8295,355540,346255,18818,21521,15889,14732,5437,5503,2042,1919
R,2,2023,52,4382305,2188819,2193486,1710240,1663583,271949,304719,26703,25624,139949,156320,5123,5116,34855,38124,1739787,1695617,283126,318084,41500,41759,153346,170865,9163,9389,1798232,1816340,1360080,1328080,256243,286852,14606,14875,136330,152646,3828,3844,27145,30043,1382831,1353062,264158,296611,25472,27041,147944,165211,7156,7373,390587,377146,350160,335503,15706,17867,12097,10749,3619,3674,1295,1272,7710,8081,356956,342555,18968,21473,16028,14718,5402,5654,2007,2016
R,2,2023,53,4194902,2090422,2104480,1639708,1604539,256358,286999,25133,24302,131531,148401,5210,4981,32482,35258,1667175,1634038,266483,299065,39245,39657,143958,161840,9090,8958,1718275,1744291,1305965,1283272,241468,270326,13809,14322,128085,144873,3939,3836,25009,27662,1326848,1306187,248436,279032,24081,25884,138835,156441,7145,7139,372147,360189,333743,321267,14890,16673,11324,9980,3446,3528,1271,1145,7473,7596,340327,327851,18047,20033,15164,13773,5123,5399,1945,1819
R,2,2023,54,4074284,2028913,2045371,1592919,1562426,247757,276759,24578,23424,128898,144891,4596,4764,30165,33107,1618392,1590078,256849,287892,38104,38218,140352,157243,8128,8554,1675284,1702942,1275676,1257105,233328,260735,13685,13921,125777,141624,3456,3598,23362,25959,1295183,1278515,239550,268660,23738,25149,135712,152376,6369,6762,353629,342429,317243,305321,14429,16024,10893,9503,3121,3267,1140,1166,6803,7148,323209,311563,17299,19232,14366,13069,4640,4867,1759,1792
R,2,2023,55,4001118,1985820,2015298,1566421,1544242,244854,277197,23424,23271,117760,134309,4662,4594,28699,31685,1590612,1570607,253427,287931,36546,37669,128552,145844,7975,8351,1645341,1682722,1260845,1247497,230857,261448,13158,14141,114760,131279,3501,3525,22220,24832,1279322,1267914,236700,269072,22910,25143,124126,141207,6300,6667,340479,332576,305576,296745,13997,15749,10266,9130,3000,3030,1161,1069,6479,6853,311290,302693,16727,18859,13636,12526,4426,4637,1675,1684
R,2,2023,56,4038242,1996812,2041430,1580987,1572897,245881,280855,23213,23133,114074,128997,4722,4625,27935,30923,1604299,1598548,254314,291342,36265,37561,124365,140003,8127,8235,1666137,1717550,1283690,1283620,232526,265725,13363,14427,111148,126007,3615,3559,21795,24212,1301608,1303453,238278,273175,23272,25435,120046,135498,6504,6588,330675,323880,297297,289277,13355,15130,9850,8706,2926,2990,1107,1066,6140,6711,302691,295095,16036,18167,12993,12126,4319,4505,1623,1647
R,2,2023,57,4132644,2039474,2093170,1614108,1612719,253913,289335,23906,23800,114945,131573,4647,4640,27955,31103,1637383,1638514,262183,299534,37358,38619,125019,142637,8078,8322,1712390,1772867,1320725,1327097,240163,274114,14002,15021,112101,128511,3610,3652,21789,24472,1338599,1347113,245813,281380,24233,26508,120831,138026,6496,6744,327084,320303,293383,285622,13750,15221,9904,8779,2844,3062,1037,988,6166,6631,298784,291401,16370,18154,13125,12111,4188,4611,1582,1578
R,2,2023,58,4298974,2109268,2189706,1680902,1701301,257474,296697,24023,24354,114072,130934,4614,4781,28183,31639,1704423,1727457,265532,306921,37935,40032,124156,141790,8035,8521,1793351,1873396,1397210,1418705,244498,281864,14572,15823,111264,128064,3628,3776,22179,25164,1415475,1439226,250038,289200,25288,28230,120023,137480,6499,6936,315917,316310,283692,282596,12976,14833,9451,8531,2808,2870,986,1005,6004,6475,288948,288231,15494,17721,12647,11802,4133,4310,1536,1585
R,2,2023,59,4326226,2122139,2204087,1698726,1721402,251992,289541,23590,23967,115441,133275,4383,4613,28007,31289,1722057,1747211,259764,299282,37716,39585,125404,144091,7792,8405,1820280,1899383,1427935,1449558,239275,275192,14584,15587,112792,130453,3416,3644,22278,24949,1446294,1469869,244697,282165,25626,28037,121476,139790,6302,6839,301859,304704,270791,271844,12717,14349,9006,8380,2649,2822,967,969,5729,6340,275763,277342,15067,17117,12090,11548,3928,4301,1490,1566
R,2,2023,60,4328510,2115794,2212716,1698366,1735969,248886,288088,23131,23848,113715,129288,4337,4550,27359,30973,1721249,1761443,256332,297803,36783,39663,123509,139784,7686,8213,1826413,1917660,1438356,1472319,236983,274601,14432,15714,111115,126568,3442,3638,22085,24820,1456630,1492477,242171,281587,25350,28381,119727,135658,6331,6719,289381,295056,260010,263650,11903,13487,8699,8134,2600,2720,895,912,5274,6153,264619,268966,14161,16216,11433,11282,3782,4126,1355,1494
R,2,2023,61,4323247,2110439,2212808,1712242,1753034,241866,283013,22624,23629,102266,118547,4254,4263,27187,30322,1734941,1777917,249138,292524,36533,39435,111911,128678,7551,7823,1837180,1934256,1466751,1504121,230676,270376,14463,15938,99926,115957,3437,3410,21927,24454,1484870,1523957,235760,277255,25582,28764,108369,124747,6240,6403,273259,278552,245491,248913,11190,12637,8161,7691,2340,2590,817,853,5260,5868,250071,253960,13378,15269,10951,10671,3542,3931,1311,1420
R,2,2023,62,4305998,2094969,2211029,1695554,1747585,242364,283481,22103,23409,104136,122662,4134,4306,26678,29586,1717905,1771836,249388,292443,35879,38986,113504,132609,7336,7816,1830121,1937766,1457720,1502926,231468,271158,14129,16012,101771,120079,3346,3487,21687,24104,1475674,1522453,236454,277768,25234,28716,110066,128735,6055,6478,264848,273263,237834,244659,10896,12323,7974,7397,2365,2583,788,819,4991,5482,242231,249383,12934,14675,10645,10270,3438,3874,1281,1338
R,2,2023,63,4190009,2033873,2156136,1650361,1707389,233027,275711,21050,22477,99784,118147,4028,3974,25623,28438,1671782,1730713,239681,284475,34325,37624,108942,127461,7093,7304,1786667,1899784,1428364,1478444,222745,263848,13762,15408,97597,115734,3258,3225,20941,23125,1445741,1497163,227474,270302,24535,27798,105659,123830,5856,6051,247206,256352,221997,228945,10282,11863,7288,7069,2187,2413,770,749,4682,5313,226041,233550,12207,14173,9790,9826,3283,3631,1237,1253
R,2,2023,64,4120763,1990394,2130369,1621110,1693652,224170,267069,19522,21470,97708,117303,3690,3820,24194,27055,1641319,1715876,230442,275152,32392,36200,106054,126111,6464,6865,1763279,1888798,1417322,1477545,214404,255892,13020,14907,95680,115081,3011,3146,19842,22227,1433747,1495629,218858,261854,23577,27118,103062,122777,5374,5767,227115,241571,203788,216107,9766,11177,6502,6563,2028,2222,679,674,4352,4828,207572,220247,11584,13298,8815,9082,2992,3334,1090,1098
R,2,2023,65,4085555,1966436,2119119,1608600,1693601,215574,259923,19352,20911,95581,114646,3562,3714,23767,26324,1628332,1715159,221749,267848,32108,35522,103776,122939,6340,6707,1748602,1885129,1412980,1483871,206515,249279,12874,14713,93674,112653,2936,3027,19623,21586,1429115,1501337,210986,255122,23405,26819,100977,119885,5311,5594,217834,233990,195620,209730,9059,10644,6478,6198,1907,1993,626,687,4144,4738,199217,213822,10763,12726,8703,8703,2799,3054,1029,1113
R,2,2023,66,3937239,1884554,2052685,1544791,1639489,203651,252419,18216,19922,92293,112054,3335,3465,22268,25336,1563395,1660346,209430,259973,30364,34264,99753,119829,5887,6336,1681605,1831529,1362731,1441538,195043,242146,12134,14118,90520,109985,2732,2897,18445,20845,1377998,1458499,199206,247692,22205,26101,97182,116765,4946,5347,202949,221156,182060,197951,8608,10273,6082,5804,1773,2069,603,568,3823,4491,185397,201847,10224,12281,8159,8163,2571,3064,941,989
R,2,2023,67,3793723,1804722,1989001,1482748,1592413,190834,239315,17319,19122,89559,110766,3074,3448,21188,23937,1500411,1611941,196260,246472,28877,32629,96664,118242,5515,6128,1612756,1775947,1310488,1401360,182580,229688,11635,13594,87883,108798,2558,2840,17612,19667,1325029,1417215,186473,234947,21270,24862,94226,115310,4683,5127,191966,213054,172260,191053,8254,9627,5684,5528,1676,1968,516,608,3576,4270,175382,194726,9787,11525,7607,7767,2438,2932,832,1001
R,2,2023,68,3693628,1748935,1944693,1442750,1563433,180569,229458,16146,17932,86550,107830,2971,3289,19949,22751,1459317,1582001,185642,236221,27254,30820,93176,114802,5263,5920,1570442,1743115,1281809,1381744,173127,220708,11192,13052,85017,106036,2492,2748,16805,18827,1295643,1396889,176850,225738,20604,23887,90969,112166,4491,5023,178493,201578,160941,181689,7442,8750,4954,4880,1533,1794,479,541,3144,3924,163674,185112,8792,10483,6650,6933,2207,2636,772,897
R,2,2023,69,3512130,1653628,1858502,1374935,1505013,162977,213038,14794,16574,79902,99839,2644,2948,18376,21090,1390309,1522250,167501,219178,25279,28733,85799,106256,4705,5352,1492235,1673385,1229425,1338139,156141,204973,10336,12048,78586,98227,2215,2465,15532,17533,1242344,1352290,159449,209520,19291,22307,83873,103905,4032,4577,161393,185117,145510,166874,6836,8065,4458,4526,1316,1612,429,483,2844,3557,147965,169960,8052,9658,5988,6426,1926,2351,673,775
R,2,2023,70,3402189,1593165,1809024,1329584,1468871,151852,202836,13649,15761,78610,98995,2620,2854,16850,19707,1343578,1484995,156019,208506,23194,27222,84127,104958,4587,5146,1444062,1634206,1195060,1310981,145534,195207,9609,11585,77336,97455,2254,2395,14269,16583,1206804,1324393,148589,199526,17798,21406,82277,102693,3979,4382,149103,174818,134524,157890,6318,7629,4040,4176,1274,1540,366,459,2581,3124,136774,160602,7430,8980,5396,5816,1850,2265,608,764
R,2,2023,71,3233540,1507332,1726208,1266862,1408914,140598,191993,12650,14585,69203,89755,2252,2596,15767,18365,1279955,1424048,144453,197293,21886,25556,74137,94958,4104,4659,1368750,1564161,1141273,1262676,134991,184767,9077,10794,68058,88366,1931,2171,13420,15387,1152336,1275173,137876,188759,16972,20207,72507,92939,3562,3967,138582,162047,125589,146238,5607,7226,3573,3791,1145,1389,321,425,2347,2978,127619,148875,6577,8534,4914,5349,1630,2019,542,692
R,2,2023,72,3026439,1399382,1627057,1166824,1317753,134063,184238,12084,13912,69199,91390,2225,2410,14987,17354,1179319,1331855,137757,189353,20804,24120,73876,96570,3965,4435,1268995,1470546,1048892,1176375,128582,177375,8760,10200,68081,89997,1898,2050,12782,14549,1059463,1188057,131318,181240,16303,18931,72284,94529,3454,3801,130387,156511,117932,141378,5481,6863,3324,3712,1118,1393,327,360,2205,2805,119856,143798,6439,8113,4501,5189,1592,2041,511,634
R,2,2023,73,2917740,1345615,1572125,1126797,1279415,123871,173187,11442,12996,67388,87750,2177,2409,13940,16368,1138390,1292739,127263,177986,19765,22751,71608,92415,3832,4310,1225413,1426576,1017850,1147646,118972,166821,8365,9720,66421,86519,1849,2043,11956,13827,1027736,1158773,121574,170484,15567,18163,70191,90617,3311,3718,120202,145549,108947,131769,4899,6366,3077,3276,967,1231,328,366,1984,2541,110654,133966,5689,7502,4198,4588,1417,1798,521,592
R,2,2023,74,2834177,1303466,1530711,1099375,1257067,114845,162230,10697,12267,63485,81316,2026,2268,13038,15563,1110195,1269877,118010,166705,18501,21592,67449,85723,3537,4005,1193023,1394384,999182,1133458,110390,156457,7930,9231,62570,80129,1734,1947,11217,13162,1008422,1144182,112810,159854,14738,17352,66116,83985,3077,3466,110443,136327,100193,123609,4455,5773,2767,3036,915,1187,292,321,1821,2401,101773,125695,5200,6851,3763,4240,1333,1738,460,539
R,2,2023,75,2843916,1308061,1535855,1119110,1282039,105577,150020,10132,11502,58644,74989,1865,2038,12733,15267,1129787,1294709,108648,154289,17921,20835,62289,79205,3333,3726,1203134,1406164,1023775,1164150,101479,144586,7490,8747,57799,73909,1613,1751,10978,13021,1032917,1174842,103813,147891,14331,16886,61041,77640,2930,3255,104927,129691,95335,117889,4098,5434,2642,2755,845,1080,252,287,1755,2246,96870,119867,4835,6398,3590,3949,1248,1565,403,471
R,2,2023,76,2601625,1197730,1403895,1029082,1176870,92575,132388,9274,10487,53623,68624,1670,1805,11506,13721,1038824,1188293,95236,136125,16304,18779,56887,72447,3009,3367,1102656,1284562,942506,1068354,88898,127358,6928,8038,52942,67604,1438,1550,9944,11658,950894,1077965,90930,130205,13129,15241,55843,70987,2618,2938,95074,119333,86576,108516,3677,5030,2346,2449,681,1020,232,255,1562,2063,87930,110328,4306,5920,3175,3538,1044,1460,391,429
R,2,2023,77,1961623,881505,1080118,746245,892390,73502,110093,7159,8472,44191,56525,1439,1651,8969,10987,753705,901466,75635,113116,12470,14927,46916,59733,2573,2967,802178,975808,673991,797424,70399,105725,5255,6328,43567,55686,1252,1426,7714,9219,680358,804965,72015,107982,9892,11856,46009,58491,2254,2592,79327,104310,72254,94966,3103,4368,1904,2144,624,839,187,225,1255,1768,73347,96501,3620,5134,2578,3071,907,1242,319,375
R,2,2023,78,1903652,850934,1052718,724069,873434,68735,104787,6689,8064,41607,54172,1258,1499,8576,10762,731292,882341,70751,107816,11788,14440,44116,57251,2360,2802,778697,956519,658162,785708,65948,100926,5019,6072,41053,53368,1093,1295,7422,9150,664366,793220,67484,103229,9528,11619,43300,56082,2086,2459,72237,96199,65907,87726,2787,3861,1670,1992,554,804,165,204,1154,1612,66926,89121,3267,4587,2260,2821,816,1169,274,343
R,2,2023,79,1867193,827361,1039832,711438,874661,63260,98334,6084,7559,37663,47874,1142,1253,7774,10151,718020,883129,64937,101102,10870,13666,39857,50655,2145,2468,762206,950141,651880,792717,60708,94774,4638,5780,37163,47167,1008,1092,6809,8611,657631,799845,62010,96869,8911,11098,39130,49609,1907,2173,65155,89691,59558,81944,2552,3560,1446,1779,500,707,134,161,965,1540,60389,83284,2927,4233,1959,2568,727,1046,238,295
R,2,2023,80,1757971,772265,985706,665028,830343,57789,92148,5583,6928,35711,45877,967,1210,7187,9200,671083,838005,59470,94644,10022,12566,37699,48368,1806,2243,713393,901652,611182,753646,55456,88670,4353,5234,35281,45232,845,1027,6276,7843,616458,760141,56754,90554,8329,10183,37050,47419,1582,1949,58872,84054,53846,76697,2333,3478,1230,1694,430,645,122,183,911,1357,54625,77864,2716,4090,1693,2383,649,949,224,294
R,2,2023,81,1479553,640805,838748,549040,702680,48694,80035,4873,5968,31105,40958,861,1036,6232,8071,554256,709395,50135,82217,8621,10860,32936,43192,1616,1949,589304,766022,501930,635963,46715,77248,3763,4586,30717,40398,757,873,5422,6954,506450,641714,47819,78936,7098,8900,32354,42368,1431,1691,51501,72726,47110,66717,1979,2787,1110,1382,388,560,104,163,810,1117,47806,67681,2316,3281,1523,1960,582,824,185,258
R,2,2023,82,1320033,563098,756935,479457,631355,43424,73438,4347,5513,29468,38453,796,959,5606,7217,484160,637337,44671,75402,7708,9803,31184,40531,1486,1813,515405,687950,435752,568122,41596,70687,3346,4255,29112,37921,702,807,4897,6158,439851,573182,42552,72187,6327,8001,30650,39757,1317,1564,47693,68985,43705,63233,1828,2751,1001,1258,356,532,94,152,709,1059,44309,64155,2119,3215,1381,1802,534,774,169,249
R,2,2023,83,1172670,492354,680316,418520,566389,38224,66647,3745,4950,26196,34644,695,931,4974,6755,422722,571995,39351,68495,6651,8954,27721,36558,1306,1749,450012,617649,379779,509038,36547,64112,2884,3790,25860,34152,602,773,4340,5784,383426,513820,37413,65510,5464,7306,27240,35839,1152,1492,42342,62667,38741,57351,1677,2535,861,1160,336,492,93,158,634,971,39296,58175,1938,2985,1187,1648,481,719,154,257
R,2,2023,84,1087642,450759,636883,385348,534602,33614,60013,3382,4544,23479,31026,581,790,4355,5908,389030,539535,34605,61590,6013,8048,24773,32714,1079,1492,412786,579007,350505,481579,32163,57668,2634,3476,23201,30599,495,661,3788,5024,353690,485746,32916,58860,4964,6534,24358,32076,945,1267,37973,57876,34843,53023,1451,2345,748,1068,278,427,86,129,567,884,35340,53789,1689,2730,1049,1514,415,638,134,225
R,2,2023,85,960031,391561,568470,333685,475462,29478,54181,2932,4042,21009,28743,542,748,3915,5294,337015,479882,30405,55645,5240,7096,22188,30260,992,1391,358073,516780,302932,428131,28236,52077,2270,3126,20765,28347,462,616,3408,4483,305823,431842,28939,53180,4326,5790,21823,29674,856,1179,33488,51690,30753,47331,1242,2104,662,916,244,396,80,132,507,811,31192,48040,1466,2465,914,1306,365,586,136,212
R,2,2023,86,841803,336851,504952,287359,423259,24848,47424,2504,3528,18314,25422,457,617,3369,4702,290219,427164,25600,48716,4444,6254,19388,26793,858,1171,307407,458567,260247,380577,23709,45630,1972,2713,18114,25073,401,530,2964,4044,262750,383915,24283,46629,3712,5104,19092,26297,765,1018,29444,46385,27112,42682,1139,1794,532,815,200,349,56,87,405,658,27469,43249,1317,2087,732,1150,296,496,93,153
R,2,2023,87,750980,294931,456049,251183,381308,22208,43461,2183,3213,16036,23174,410,556,2911,4337,253614,384906,22880,44631,3862,5719,16944,24444,787,1053,269042,414414,227339,343067,21214,41842,1712,2456,15860,22863,363,465,2554,3721,229467,346134,21735,42751,3216,4648,16678,23982,698,908,25889,41635,23844,38241,994,1619,471,757,176,311,47,91,357,616,24147,38772,1145,1880,646,1071,266,462,89,145
R,2,2023,88,657072,252843,404229,215805,339662,18550,37739,1826,2751,13777,19833,358,467,2527,3777,217961,342791,19123,38776,3254,4926,14575,20981,681,915,230989,367973,195590,306296,17778,36368,1432,2082,13617,19561,316,399,2256,3267,197513,308991,18243,37178,2729,3995,14332,20582,612,794,21854,36256,20215,33366,772,1371,394,669,160,272,42,68,271,510,20448,33800,880,1598,525,931,243,399,69,121
R,2,2023,89,548829,206690,342139,176320,286529,14897,31854,1493,2246,11564,17876,316,405,2100,3229,178104,289219,15370,32723,2670,4081,12261,18846,574,813,188880,311569,159872,258353,14271,30690,1170,1722,11437,17645,274,357,1856,2802,161450,260673,14642,31371,2227,3351,12068,18514,503,717,17810,30570,16448,28176,626,1164,323,524,127,231,42,48,244,427,16654,28546,728,1352,443,730,193,332,71,96
R,2,2023,90,492881,180706,312175,154186,261799,13052,28862,1300,2072,10097,16239,254,360,1817,2843,155714,264167,13476,29657,2292,3692,10708,17059,489,726,165530,285232,140142,236940,12507,27829,1021,1624,9990,16044,231,314,1639,2481,141515,238994,12858,28474,1924,3076,10551,16763,448,638,15176,26943,14044,24859,545,1033,279,448,107,195,23,46,178,362,14199,25173,618,1183,368,616,157,296,41,88
R,2,2023,91,414522,147879,266643,127875,226591,9406,22317,992,1648,7972,13361,202,288,1432,2438,129099,228625,9747,22976,1779,3051,8441,14060,389,595,135405,244200,116245,205782,9036,21534,781,1284,7896,13221,175,256,1272,2123,117327,207544,9317,22056,1483,2526,8325,13853,338,525,12474,22443,11630,20809,370,783,211,364,76,140,27,32,160,315,11772,21081,430,920,296,525,116,207,51,70
R,2,2023,92,360806,124804,236002,107139,199664,8132,19788,859,1476,7198,12631,186,269,1290,2174,108225,201486,8422,20389,1571,2697,7641,13286,353,531,114146,215821,97247,180959,7775,19087,670,1139,7137,12506,168,231,1149,1899,98216,182542,8010,19560,1308,2227,7535,13086,320,470,10658,20181,9892,18705,357,701,189,337,61,125,18,38,141,275,10009,18944,412,829,263,470,106,200,33,61
R,2,2023,93,285981,95144,190837,81502,161176,6253,16373,691,1161,5561,10177,145,225,992,1725,82344,162596,6489,16869,1249,2135,5875,10675,280,445,87009,175042,73946,146535,5992,15814,550,917,5515,10064,130,200,876,1512,74691,147778,6183,16210,1048,1789,5793,10506,247,392,8135,15795,7556,14641,261,559,141,244,46,113,15,25,116,213,7653,14818,306,659,201,346,82,169,33,53
R,2,2023,94,233843,74751,159092,64198,134650,4714,13234,529,950,4404,8531,100,190,806,1537,64867,135926,4911,13679,985,1824,4665,8973,205,389,68599,146404,58474,122957,4518,12765,425,738,4370,8435,91,165,721,1344,59072,124062,4683,13127,843,1522,4607,8831,181,343,6152,12688,5724,11693,196,469,104,212,34,96,9,25,85,193,5795,11864,228,552,142,302,58,142,24,46
R,2,2023,95,184982,56644,128338,48390,108592,3589,10659,395,783,3557,6939,73,138,640,1227,48931,109611,3733,10981,745,1503,3766,7283,162,306,52228,118668,44270,99662,3460,10314,320,621,3532,6859,65,121,581,1091,44759,100565,3581,10577,640,1272,3727,7167,147,271,4416,9670,4120,8930,129,345,75,162,25,80,8,17,59,136,4172,9046,152,404,105,231,39,116,15,35
R,2,2023,96,138459,40581,97878,34496,82622,2585,8041,293,615,2673,5528,52,118,482,954,34902,83423,2702,8320,562,1147,2829,5793,119,238,37404,90645,31547,75941,2479,7769,247,499,2653,5476,47,107,431,853,31912,76652,2574,8003,490,983,2792,5718,102,215,3177,7233,2949,6681,106,272,46,116,20,52,5,11,51,101,2990,6771,128,317,72,164,37,75,17,23
R,2,2023,97,103608,29000,74608,24397,62679,1889,6173,213,442,2100,4458,34,87,367,769,24703,63312,1987,6401,412,883,2217,4669,85,183,26797,69325,22358,57791,1825,5977,174,364,2086,4422,30,78,324,693,22628,58363,1903,6172,351,771,2191,4608,72,161,2203,5283,2039,4888,64,196,39,78,14,36,4,9,43,76,2075,4949,84,229,61,112,26,61,13,22
R,2,2023,98,75801,20229,55572,16945,46683,1280,4483,152,362,1574,3381,28,75,250,588,17149,47164,1346,4664,294,698,1661,3543,61,152,18785,51869,15606,43255,1236,4350,128,301,1565,3358,27,68,223,537,15790,43698,1289,4506,258,614,1643,3503,55,137,1444,3703,1339,3428,44,133,24,61,9,23,1,7,27,51,1359,3466,57,158,36,84,18,40,6,15
R,2,2023,99,51240,13309,37931,10966,31648,862,3063,106,230,1158,2526,19,50,198,414,11127,31984,921,3196,210,469,1229,2637,44,105,12287,35486,10018,29381,829,2972,89,195,1151,2510,17,46,183,382,10168,29692,880,3090,187,417,1217,2613,40,97,1022,2445,948,2267,33,91,17,35,7,16,2,4,15,32,959,2292,41,106,23,52,12,24,4,8
R,2,2023,100,88423,20151,68272,15860,55145,1383,5967,185,490,2335,5675,36,109,352,886,16147,55849,1488,6270,372,976,2455,5922,95,244,18846,64337,14668,51520,1339,5823,164,436,2320,5649,33,101,322,808,14932,52163,1432,6091,335,885,2430,5871,83,221,1305,3935,1192,3625,44,144,21,54,15,26,3,8,30,78,1215,3686,56,179,37,91,25,51,12,23
R,3,2023,999,335876018,166250588,169625430,125924771,126735539,22048280,23804406,2292375,2240971,10408665,11226974,458245,444914,5118252,5172626,130503633,131339257,24412350,26237850,3725325,3729426,12323570,13126141,896634,884852,133071717,137228371,97109895,98641473,20337206,22053396,1198284,1231738,10054698,10874855,328652,322751,4042982,4104158,100726339,102291962,22185554,23965995,2194200,2288364,11675441,12481235,670593,667483,33178871,32397059,28814876,28094066,1711074,1751010,1094091,1009233,353967,352119,129593,122163,1075270,1068468,29777294,29047295,2226796,2271855,1531125,1441062,648129,644906,226041,217369
R,3,2023,0,3666096,1872706,1793390,1287239,1230129,301790,292643,36748,35634,111520,104850,8094,7721,127315,122413,1404322,1342666,372205,360483,60541,58646,158582,149908,16832,16053,1336057,1275412,855095,813536,260547,252627,12166,11659,103008,96872,4435,4083,100806,96635,948334,902884,317117,306979,27107,26047,141832,133964,10749,10091,536649,517978,432144,416593,41243,40016,24582,23975,8512,7978,3659,3638,26509,25778,455988,439782,55088,53504,33434,32599,16750,15944,6083,5962
R,3,2023,1,3720419,1900901,1819518,1305600,1245805,307434,299167,35830,34320,114765,108630,7795,7412,129477,124184,1424658,1359960,378933,367828,59999,57588,162753,154537,16675,15847,1374205,1311090,881345,836066,266942,259946,12508,11877,106552,100774,4367,4133,102491,98294,976120,926926,324320,315054,27650,26455,146208,138724,10795,10248,526696,508428,424255,409739,40492,39221,23322,22443,8213,7856,3428,3279,26986,25890,448538,433034,54613,52774,32349,31133,16545,15813,5880,5599
R,3,2023,2,3635770,1858608,1777162,1270384,1210860,306128,297136,34845,33515,115811,109387,7018,6599,124422,119665,1384801,1320874,374856,363330,58039,55873,161932,153647,15533,14723,1353974,1291357,861911,817657,268512,260774,12598,12164,108137,101902,4261,3919,98555,94941,953045,905415,323674,313996,27136,26220,146307,138593,10441,9834,504634,485805,408473,393203,37616,36362,22247,21351,7674,7485,2757,2680,25867,24724,431756,415459,51182,49334,30903,29653,15625,15054,5092,4889
R,3,2023,3,3797357,1940048,1857309,1343334,1282645,305054,296725,36918,35490,121705,115199,7331,6930,125706,120320,1458905,1393250,374469,363304,60229,57937,168416,159715,15942,15080,1429184,1365250,928062,882189,268719,261840,14049,13610,113700,107562,4544,4270,100110,95779,1020569,970682,324654,315495,28833,27831,152597,144612,10893,10275,510864,492059,415272,400456,36335,34885,22869,21880,8005,7637,2787,2660,25596,24541,438336,422568,49815,47809,31396,30106,15819,15103,5049,4805
R,3,2023,4,3843509,1963218,1880291,1360718,1299123,307146,300068,37264,35611,124142,117438,7467,7018,126481,121033,1476979,1410351,376855,366944,60795,58278,171210,162215,16143,15243,1445743,1381210,939704,892369,270506,264752,14223,13818,116032,109707,4644,4345,100634,96219,1032668,981238,326561,318559,29129,28170,155253,146958,11048,10403,517475,499081,421014,406754,36640,35316,23041,21793,8110,7731,2823,2673,25847,24814,444311,429113,50294,48385,31666,30108,15957,15257,5095,4840
R,3,2023,5,3935281,2012637,1922644,1394221,1328367,314366,306312,37880,35623,130063,122450,7585,7112,128522,122780,1512290,1441186,384760,374058,61928,58728,178150,167858,16477,15486,1484698,1414852,961546,911869,278889,271919,14755,14099,122117,114822,4826,4464,102565,97679,1056208,1002050,335701,326496,30064,28757,162321,152635,11420,10630,527939,507792,432675,416498,35477,34393,23125,21524,7946,7628,2759,2648,25957,25101,456082,439136,49059,47562,31864,29971,15829,15223,5057,4856
R,3,2023,6,4032683,2062721,1969962,1438118,1368617,314385,307195,36985,35790,135610,127171,7733,7262,129890,123927,1557406,1482522,384658,374839,61561,59376,184805,173401,16868,15824,1523847,1451368,992978,940492,278935,272871,15630,15011,127670,119642,4974,4614,103660,98738,1088596,1031668,335531,327371,31385,30061,168875,158248,11790,10950,538874,518594,445140,428125,35450,34324,21355,20779,7940,7529,2759,2648,26230,25189,468810,450854,49127,47468,30176,29315,15930,15153,5078,4874
R,3,2023,7,4103240,2096783,2006457,1474030,1404457,317391,310540,36398,35069,131376,124239,7539,7258,130049,124894,1593575,1519267,387635,378655,61365,58980,180290,170691,16654,15894,1549343,1479345,1018799,966523,282572,276542,16050,15332,123444,116773,4764,4613,103714,99562,1114578,1058479,339184,331465,32080,30654,164327,155551,11529,11024,547440,527112,455231,437934,34819,33998,20348,19737,7932,7466,2775,2645,26335,25332,478997,460788,48451,47190,29285,28326,15963,15140,5125,4870
R,3,2023,8,4128078,2108517,2019561,1479999,1411734,320815,313696,36257,35417,134247,127145,7389,7264,129810,124305,1599304,1525966,390789,381239,61217,59397,183163,173451,16548,15921,1565122,1494117,1027856,975215,285582,279319,16349,15779,126751,119882,4788,4686,103796,99236,1123679,1066824,341990,333829,32491,31205,167809,158636,11645,11161,543395,525444,452143,436519,35233,34377,19908,19638,7496,7263,2601,2578,26014,25069,475625,459142,48799,47410,28726,28192,15354,14815,4903,4760
R,3,2023,9,4094227,2096943,1997284,1475522,1399915,321420,311793,36542,35257,128692,121603,7035,6764,127732,121952,1592900,1511935,390077,378333,61387,58914,176741,166741,16158,15299,1556527,1479696,1025545,969413,286150,277784,16721,15949,121541,114799,4589,4396,101981,97355,1119701,1059248,341460,331539,32831,31251,161756,152487,11343,10699,540416,517588,449977,430502,35270,34009,19821,19308,7151,6804,2446,2368,25751,24597,473199,452687,48617,46794,28556,27663,14985,14254,4815,4600
R,3,2023,10,4104758,2096805,2007953,1474226,1407682,319640,311210,36268,35137,133069,126011,7165,6933,126437,120980,1590287,1518705,387037,376469,60926,58839,181184,171349,16363,15603,1557661,1487104,1024053,972992,285160,277886,16755,16082,126005,119119,4703,4483,100985,96542,1117149,1061994,339392,330476,32752,31455,166383,157031,11539,10892,539144,520849,450173,434690,34480,33324,19513,19055,7064,6892,2462,2450,25452,24438,473138,456711,47645,45993,28174,27384,14801,14318,4824,4711
R,3,2023,11,4120171,2111354,2008817,1493624,1417559,321812,310879,37287,35541,126427,119284,6875,6620,125329,118934,1608696,1526728,388998,374988,62125,59199,173456,163570,15903,15152,1563028,1483299,1034663,977454,287676,278097,17029,16161,119431,112712,4442,4262,99787,94613,1126698,1064707,341674,329634,33123,31456,158706,149642,11114,10539,548326,525518,458961,440105,34136,32782,20258,19380,6996,6572,2433,2358,25542,24321,481998,462021,47324,45354,29002,27743,14750,13928,4789,4613
R,3,2023,12,4177161,2142030,2035131,1524596,1444822,325338,313298,35212,34039,124168,117225,6771,6420,125945,119327,1640364,1554385,392673,377598,60424,58266,171202,161232,15850,14896,1579547,1495950,1047216,987650,293354,282024,17140,16532,117459,111001,4483,4248,99895,94495,1139423,1074761,347306,333478,33392,32160,156670,147660,11176,10501,562483,539181,477380,457172,31984,31274,18072,17507,6709,6224,2288,2172,26050,24832,500941,479624,45367,44120,27032,26106,14532,13572,4674,4395
R,3,2023,13,4254899,2178914,2075985,1560111,1478957,329859,318954,35286,33871,122000,116866,6628,6485,125030,120852,1675263,1590022,397032,384484,60381,58351,168046,160893,15393,14956,1602940,1524487,1068814,1008900,297758,287954,17672,17110,115500,110685,4504,4321,98692,95517,1160120,1097036,351469,340284,33663,32838,153695,147383,10954,10547,575974,551498,491297,470057,32101,31000,17614,16761,6500,6181,2124,2164,26338,25335,515143,492986,45563,44200,26718,25513,14351,13510,4439,4409
R,3,2023,14,4386234,2246040,2140194,1612593,1529640,342514,331658,36111,34411,123659,118299,6837,6682,124326,119504,1726806,1639565,409468,396612,61324,58221,168931,161469,15604,15054,1656122,1577286,1107888,1048529,309853,300087,18141,17507,117074,112107,4676,4520,98490,94536,1198667,1135875,363651,352348,34291,32582,154893,148080,11176,10647,589918,562908,504705,481111,32661,31571,17970,16904,6585,6192,2161,2162,25836,24968,528139,503690,45817,44264,27033,25639,14038,13389,4428,4407
R,3,2023,15,4491924,2301236,2190688,1657355,1570026,348451,337826,37335,35907,127755,121524,6901,6717,123439,118688,1770653,1678913,414553,402483,62529,60171,172860,164095,15788,15045,1695155,1613626,1137369,1075538,315467,306192,18562,18207,121260,115430,4701,4473,97796,93786,1227496,1161856,368683,358138,34681,33635,158865,150844,11278,10602,606081,577062,519986,494488,32984,31634,18773,17700,6495,6094,2200,2244,25643,24902,543157,517057,45870,44345,27848,26536,13995,13251,4510,4443
R,3,2023,16,4468002,2288275,2179727,1655060,1570603,344938,333320,37807,35718,124833,119194,6744,6644,118893,114248,1764220,1675380,408092,394782,62411,59482,168540,160304,15368,14799,1687857,1606909,1139478,1078932,312650,302102,18643,17926,118332,113154,4642,4449,94112,90346,1226221,1162072,363406,351715,34389,33066,154763,147401,10990,10442,600418,572818,515582,491671,32288,31218,19164,17792,6501,6040,2102,2195,24781,23902,537999,513308,44686,43067,28022,26416,13777,12903,4378,4357
R,3,2023,17,4387933,2245308,2142625,1633598,1548409,331352,323444,36742,35131,124400,121184,6674,6612,112542,107845,1736759,1647193,390518,380662,60741,57843,165762,160721,14753,14252,1662287,1587879,1131865,1070498,300576,293865,18104,17762,118308,115500,4529,4529,88905,85725,1213612,1149235,348129,340165,33352,32284,152917,148661,10512,10216,583021,554746,501733,477911,30776,29579,18638,17369,6092,5684,2145,2083,23637,22120,523147,497958,42389,40497,27389,25559,12845,12060,4241,4036
R,3,2023,18,4372654,2237015,2135639,1629225,1544595,326635,317392,36581,34361,130019,128540,6792,6472,107763,104279,1727844,1639846,382268,371679,60008,56913,170300,167055,14597,14046,1666038,1593506,1136678,1076601,296898,288910,18110,17294,124022,122871,4754,4595,85576,83235,1215288,1152840,341654,332953,33213,31969,157937,155388,10574,10301,570977,542133,492547,467994,29737,28482,18471,17067,5997,5669,2038,1877,22187,21044,512556,487006,40614,38726,26795,24944,12363,11667,4023,3745
R,3,2023,19,4406680,2252608,2154072,1647535,1562755,324751,317891,35833,33916,133291,131951,6625,6343,104573,101216,1743255,1655378,378147,370030,59100,56326,172327,169499,14292,13687,1690116,1618030,1161410,1098854,295728,290319,17769,17297,127436,126386,4659,4517,83114,80657,1237722,1172897,338811,332473,32863,32011,160302,158018,10407,9996,562492,536042,486125,463901,29023,27572,18064,16619,5855,5565,1966,1826,21459,20559,505533,482481,39336,37557,26237,24315,12025,11481,3885,3691
R,3,2023,20,4356643,2226767,2129876,1629206,1544674,323143,317986,35778,33310,132926,131281,6584,6303,99130,96322,1719574,1632462,373477,367321,58371,55325,169861,166884,14089,13446,1673496,1602642,1150407,1087202,294410,291155,17672,17219,127283,125959,4681,4501,79043,76606,1222677,1157277,335162,330982,32432,31642,158440,155864,10327,9900,553271,527234,478799,457472,28733,26831,18106,16091,5643,5322,1903,1802,20087,19716,496897,475185,38315,36339,25939,23683,11421,11020,3762,3546
R,3,2023,21,4375961,2234368,2141593,1633334,1553736,328518,323062,35367,32949,133751,130971,6339,6221,97059,94654,1721819,1639849,377658,371524,58255,55501,169477,165418,13551,13289,1688538,1621857,1160557,1102604,300208,296521,17853,17209,128337,125724,4491,4411,77092,75388,1231001,1171415,339851,335709,32797,32131,158462,154772,10009,9788,545830,519736,472777,451132,28310,26541,17514,15740,5414,5247,1848,1810,19967,19266,490818,468434,37807,35815,25458,23370,11015,10646,3542,3501
R,3,2023,22,4456130,2274556,2181574,1655120,1575070,336884,332132,35337,33729,144722,141569,6377,6240,96116,92834,1742512,1659307,385121,379296,58448,56055,180439,175523,13640,13287,1729429,1662267,1182122,1124244,308850,305414,18180,17593,139207,136434,4631,4419,76439,74163,1251701,1191721,347665,343581,33479,32626,169444,165121,10147,9766,545127,519307,472998,450826,28034,26718,17157,16136,5515,5135,1746,1821,19677,18671,490811,467586,37456,35715,24969,23429,10995,10402,3493,3521
R,3,2023,23,4392374,2239792,2152582,1630013,1554216,333866,329199,35085,33522,142088,139473,6330,6012,92410,90160,1714017,1635806,380440,375318,58123,55795,175389,171811,13321,12914,1708875,1645079,1168972,1113472,306650,303238,18271,17704,136773,134427,4581,4281,73628,71957,1236047,1178690,344288,340668,33664,32707,164960,161663,9921,9539,530917,507503,461041,440744,27216,25961,16814,15818,5315,5046,1749,1731,18782,18203,477970,457116,36152,34650,24459,23088,10429,10148,3400,3375
R,3,2023,24,4379510,2229805,2149705,1624886,1552890,330743,327748,34475,33407,142861,141680,6330,5940,90510,88040,1706865,1632603,375736,372290,57278,55848,175641,173120,13545,12683,1708077,1648515,1171838,1117392,304010,302130,18036,17647,137479,136607,4615,4244,72099,70495,1237275,1181335,340341,338305,33382,33036,165183,163113,10184,9462,521728,501190,453048,435498,26733,25618,16439,15760,5382,5073,1715,1696,18411,17545,469590,451268,35395,33985,23896,22812,10458,10007,3361,3221
R,3,2023,25,4348870,2211153,2137717,1606202,1538672,329742,326754,33860,32917,148000,148165,6336,6006,87013,85203,1684914,1615656,372650,369228,56331,54999,179509,178817,13104,12492,1699014,1646208,1160499,1110970,304227,301963,17569,17570,142793,143139,4651,4330,69275,68236,1223245,1172686,338811,336418,32795,32773,169444,169130,9868,9337,512139,491509,445703,427702,25515,24791,16291,15347,5207,5026,1685,1676,17738,16967,461669,442970,33839,32810,23536,22226,10065,9687,3236,3155
R,3,2023,26,4379021,2222554,2156467,1617414,1551180,327440,327025,33828,32642,152569,156003,6411,5940,84892,83677,1694185,1626574,368486,368206,56481,54955,183489,186100,13134,12614,1711546,1667097,1172611,1124971,301917,302894,17697,17408,147473,150955,4658,4313,67190,66556,1233485,1184968,334638,336023,32892,32605,173718,176446,9846,9492,511008,489370,444803,426209,25523,24131,16131,15234,5096,5048,1753,1627,17702,17121,460700,441606,33848,32183,23589,22350,9771,9654,3288,3122
R,3,2023,27,4427430,2247960,2179470,1632979,1565382,334216,332394,33824,32121,157186,162286,6486,6372,83269,80915,1707996,1638113,373769,371739,56783,54400,187655,191477,13190,13029,1736781,1688877,1187526,1137431,308642,308034,17875,17185,152097,157191,4720,4630,65921,64406,1246920,1195408,340244,339541,33463,32502,177934,181914,9942,9868,511179,490593,445453,427951,25574,24360,15949,14936,5089,5095,1766,1742,17348,16509,461076,442705,33525,32198,23320,21898,9721,9563,3248,3161
R,3,2023,28,4494708,2278014,2216694,1647368,1583090,348330,348049,34109,32958,160321,166269,6580,6566,81306,79762,1720145,1654298,386320,386437,57403,55590,190042,195130,13578,13203,1766491,1725635,1201327,1155005,322523,323207,18304,17715,155206,161289,4814,4845,64317,63574,1258836,1211760,352700,354008,34312,33496,180492,185771,10268,10054,511523,491059,446041,428085,25807,24842,15805,15243,5115,4980,1766,1721,16989,16188,461309,442538,33620,32429,23091,22094,9550,9359,3310,3149
R,3,2023,29,4583027,2324577,2258450,1674932,1605591,364350,362503,35001,34053,165320,171697,6713,6656,78261,77950,1744564,1674842,400233,399426,57913,56983,194444,199790,13586,13392,1807026,1764679,1222853,1174866,338122,337498,18932,18772,160296,166655,4913,4950,61910,61938,1277893,1229858,366510,366957,34763,34821,185053,190488,10264,10199,517551,493771,452079,430725,26228,25005,16069,15281,5024,5042,1800,1706,16351,16012,466671,444984,33723,32469,23150,22162,9391,9302,3322,3193
R,3,2023,30,4677175,2370774,2306401,1706455,1639181,375659,372017,36353,34740,169570,177937,6914,6701,75823,75825,1773732,1706453,409219,406659,59324,57587,198170,205952,13692,13383,1847459,1809009,1249150,1204643,348923,346921,19768,19342,164596,172797,5047,4925,59975,60381,1302333,1258193,375242,374351,35721,35444,189134,196788,10422,10183,523315,497392,457305,434538,26736,25096,16585,15398,4974,5140,1867,1776,15848,15444,471399,448260,33977,32308,23603,22143,9036,9164,3270,3200
R,3,2023,31,4756134,2400212,2355922,1728363,1672353,377587,381234,37499,34745,176066,185261,7479,7011,73218,75318,1792585,1738301,409009,415225,60186,57361,204367,214169,14461,14027,1875895,1860120,1271668,1241568,350213,354299,20326,19540,170965,179880,5432,5166,57291,59667,1321798,1293741,374397,380910,35879,35340,195163,204573,10960,10662,524317,495802,456695,430785,27374,26935,17173,15205,5101,5381,2047,1845,15927,15651,470787,444560,34612,34315,24307,22021,9204,9596,3501,3365
R,3,2023,32,4829423,2438913,2390510,1761798,1699749,378515,384475,36885,33925,183847,192529,7829,7301,70039,72531,1822840,1763084,407682,416697,58624,55864,211931,220783,14873,14260,1913989,1902382,1305113,1276655,350738,356896,19705,19235,178388,187049,5662,5450,54383,57097,1352257,1326335,372779,381923,34459,34458,202432,211124,11220,10995,524924,488128,456685,423094,27777,27579,17180,14690,5459,5480,2167,1851,15656,15434,470583,436749,34903,34774,24165,21406,9499,9659,3653,3265
R,3,2023,33,4765144,2404063,2361081,1742902,1679594,367794,377463,36137,33227,184301,195451,7993,7237,64936,68109,1799634,1738999,394421,407278,56311,53968,210517,222160,14369,13800,1890134,1887050,1295250,1268706,340617,350483,19159,18855,178999,190074,5825,5448,50284,53484,1338964,1315169,360601,373379,32815,33127,201480,213022,10870,10690,513929,474031,447652,410888,27177,26980,16978,14372,5302,5377,2168,1789,14652,14625,460670,423830,33820,33899,23496,20841,9037,9138,3499,3110
R,3,2023,34,4658210,2350408,2307802,1713877,1648448,345985,358822,35140,31860,186346,197624,7827,7054,61233,63994,1767171,1704208,370357,386427,54360,51446,211477,223011,14034,13206,1847575,1848398,1275175,1249605,320007,332842,18312,17873,181210,192351,5784,5361,47087,50366,1315974,1293305,337878,353949,31134,31526,202777,214209,10725,10288,502833,459404,438702,398843,25978,25980,16828,13987,5136,5273,2043,1693,14146,13628,451197,410903,32479,32478,23226,19920,8700,8802,3309,2918
R,3,2023,35,4568367,2307386,2260981,1699842,1629358,327337,341089,34208,31119,180229,191128,7813,6930,57957,61357,1750093,1682879,350205,367152,52496,49981,204139,215663,13899,13007,1806506,1806896,1261219,1234416,302574,315841,17652,17291,175254,186224,5647,5225,44160,47899,1299231,1276067,319167,335445,29633,30262,195754,207332,10502,10092,500880,454085,438623,394942,24763,25248,16556,13828,4975,4904,2166,1705,13797,13458,450862,406812,31038,31707,22863,19719,8385,8331,3397,2915
R,3,2023,36,4528878,2290524,2238354,1699729,1621826,316844,331697,33433,30318,178035,188612,7675,6884,54808,59017,1747473,1673184,337962,356581,51110,49172,200685,211998,13300,12609,1791880,1787251,1262334,1228934,292281,306823,17091,16699,173060,183865,5461,5117,41653,45813,1298410,1268583,307340,325509,28745,29614,192518,203943,9969,9695,498644,451103,437395,392892,24563,24874,16342,13619,4975,4747,2214,1767,13155,13204,449063,404601,30622,31072,22365,19558,8167,8055,3331,2914
R,3,2023,37,4549094,2301801,2247293,1716870,1635885,312542,328168,33026,30097,177981,189130,7800,7039,53582,56974,1763358,1685299,332941,351537,50588,48454,199970,212039,13537,12874,1798883,1795824,1275390,1242042,288077,303461,16364,16559,173036,184320,5575,5342,40441,44100,1310215,1280078,302532,320732,27853,29263,191824,203960,10138,10045,502918,451469,441480,393843,24465,24707,16662,13538,4945,4810,2225,1697,13141,12874,453143,405221,30409,30805,22735,19191,8146,8079,3399,2829
R,3,2023,38,4491725,2267054,2224671,1696541,1622369,302466,321419,32174,29598,176642,189153,7580,6842,51651,55290,1741353,1670307,321731,343446,49448,47867,197933,211675,13159,12500,1771243,1776903,1260593,1231172,278908,297326,16105,16218,171664,184555,5352,5112,38621,42520,1293826,1267861,292319,313305,27331,28744,189822,203855,9777,9647,495811,447768,435948,391197,23558,24093,16069,13380,4978,4598,2228,1730,13030,12770,447527,402446,29412,30141,22117,19123,8111,7820,3382,2853
R,3,2023,39,4448310,2243516,2204794,1683856,1609168,295145,316490,32043,29441,175140,188679,7410,6807,49922,54209,1727144,1656130,313601,337630,48912,47805,195822,210722,12808,12499,1754305,1759089,1253369,1219757,272093,292539,15878,15942,170254,184180,5329,5136,37382,41535,1285524,1255525,284900,307858,26943,28520,187835,203011,9583,9673,489211,445705,430487,389411,23052,23951,16165,13499,4886,4499,2081,1671,12540,12674,441620,400605,28701,29772,21969,19285,7987,7711,3225,2826
R,3,2023,40,4506005,2270277,2235728,1709301,1636263,297662,320797,32703,29896,173221,187805,7462,6887,49928,54080,1752544,1682944,315950,341920,49910,48536,193646,209626,12930,12559,1771806,1779864,1270018,1237641,274366,296224,16198,16199,168384,183099,5350,5158,37490,41543,1302200,1273229,287098,311594,27606,29079,185755,201737,9707,9727,498471,455864,439283,398622,23296,24573,16505,13697,4837,4706,2112,1729,12438,12537,450344,409715,28852,30326,22304,19457,7891,7889,3223,2832
R,3,2023,41,4436833,2232711,2204122,1686755,1617489,291568,315647,31283,28685,167502,183743,7349,6615,48254,51943,1728460,1662261,309155,336130,48288,46826,187064,204373,12606,12093,1747892,1754885,1259742,1224005,268844,291856,15269,15394,162787,179012,5229,4871,36021,39747,1290597,1258071,281021,306692,26486,27867,179326,196602,9384,9255,484819,449237,427013,393484,22724,23791,16014,13291,4715,4731,2120,1744,12233,12196,437863,404190,28134,29438,21802,18959,7738,7771,3222,2838
R,3,2023,42,4432547,2229231,2203316,1688483,1617944,294151,320572,31383,28878,160244,177897,7333,6399,47637,51626,1729605,1662545,311586,341031,48285,47059,179513,198103,12611,11857,1742014,1754051,1258515,1224418,271849,296435,15475,15787,155428,173261,5171,4745,35576,39405,1288940,1258202,283927,311151,26682,28366,171727,190488,9388,9162,487217,449265,429968,393526,22302,24137,15908,13091,4816,4636,2162,1654,12061,12221,440665,404343,27659,29880,21603,18693,7786,7615,3223,2695
R,3,2023,43,4319808,2169407,2150401,1642112,1577034,288595,315900,30356,27780,155932,173608,6885,6414,45527,49665,1681421,1619703,305108,335565,46989,45505,174011,193035,12006,11703,1694200,1712308,1223166,1193257,266529,292352,14831,15061,151361,169132,4796,4800,33517,37706,1251847,1225363,277744,306353,25716,27338,166483,185607,8838,9046,475207,438093,418946,383777,22066,23548,15525,12719,4571,4476,2089,1614,12010,11959,429574,394340,27364,29212,21273,18167,7528,7428,3168,2657
R,3,2023,44,4164169,2085727,2078442,1583643,1526428,273933,303554,28564,26821,150480,168922,6251,5857,42856,46860,1620558,1566748,289457,321744,44242,43823,167560,187317,10902,10722,1637146,1656618,1187042,1157072,253420,280891,14312,14463,146176,164600,4483,4270,31713,35322,1214053,1187202,264006,293696,24658,26110,160588,180201,8164,8184,448581,421824,396601,369356,20513,22663,14252,12358,4304,4322,1768,1587,11143,11538,406505,379546,25451,28048,19584,17713,6972,7116,2738,2538
R,3,2023,45,4111782,2055454,2056328,1568567,1517742,266151,296077,28321,26733,144962,164516,6211,5762,41242,45498,1603970,1556680,280911,313650,43659,43532,161416,182326,10663,10522,1608466,1633619,1172554,1146338,246339,274008,14166,14540,140671,160166,4415,4255,30321,34312,1198260,1175426,256269,286266,24275,26121,154479,175308,7924,8084,446988,422709,396013,371404,19812,22069,14155,12193,4291,4350,1796,1507,10921,11186,405710,381254,24642,27384,19384,17411,6937,7018,2739,2438
R,3,2023,46,3988841,1990600,1998241,1518150,1474115,255216,285602,27345,25502,144785,164369,5886,5534,39218,43119,1551980,1510846,268867,302025,42106,41603,160417,181445,10259,10132,1557064,1583982,1133415,1108923,236151,264280,13823,14040,140578,160142,4219,4040,28878,32557,1158001,1136360,245210,275815,23682,25222,153739,174571,7676,7743,433536,414259,384735,365192,19065,21322,13522,11462,4207,4227,1667,1494,10340,10562,393979,374486,23657,26210,18424,16381,6678,6874,2583,2389
R,3,2023,47,3923788,1957107,1966681,1491101,1450932,250583,280954,26700,25022,145804,163636,5580,5372,37339,40765,1523220,1485689,263525,296149,40941,40449,160757,179893,9648,9648,1532984,1559058,1113988,1090698,232245,260304,13448,13691,141741,159470,4030,3983,27532,30912,1137385,1116793,240820,270933,23010,24488,154362,173292,7261,7425,424123,407623,377113,360234,18338,20650,13252,11331,4063,4166,1550,1389,9807,9853,385835,368896,22705,25216,17931,15961,6395,6601,2387,2223
R,3,2023,48,3932308,1960583,1971725,1500643,1462405,247863,278933,26353,24798,145201,161401,5636,5131,34887,39057,1530328,1495551,259763,293408,40049,39862,159112,176907,9580,9135,1543875,1570139,1128035,1105666,230823,259724,13292,13675,141308,157516,4111,3816,26306,29742,1150182,1130612,239026,269847,22653,24236,153271,170873,7306,7059,416708,401586,372608,356739,17040,19209,13061,11123,3893,3885,1525,1315,8581,9315,380146,364939,20737,23561,17396,15626,5841,6034,2274,2076
R,3,2023,49,3865427,1924230,1941197,1471915,1437714,244013,275834,25377,24496,143801,160517,5204,5033,33920,37603,1500783,1469473,255370,289604,38715,39079,157493,175556,9021,9030,1526184,1551837,1115588,1091503,227764,257229,12988,13560,140237,156773,3855,3776,25752,28996,1137242,1115718,235524,267022,22281,24060,152039,169753,6987,7005,398046,389360,356327,346211,16249,18605,12389,10936,3564,3744,1349,1257,8168,8607,363541,353755,19846,22582,16434,15019,5454,5803,2034,2025
R,3,2023,50,3967939,1974290,1993649,1512356,1479601,253292,285671,25764,24740,143705,161186,5207,5019,33966,37432,1541180,1511189,264243,299129,39451,39715,157461,176016,8996,8950,1578161,1606058,1157277,1134738,237391,267368,13382,13827,140104,157392,3917,3732,26090,29001,1179164,1158896,244984,277041,23099,24723,152067,170222,6992,6976,396129,387591,355079,344863,15901,18303,12382,10913,3601,3794,1290,1287,7876,8431,362016,352293,19259,22088,16352,14992,5394,5794,2004,1974
R,3,2023,51,4167528,2077871,2089657,1611520,1571609,260652,292917,25936,25006,140746,157449,5319,4901,33698,37775,1640039,1603484,271425,306205,39932,40544,154123,172184,9081,8937,1687757,1708185,1261909,1231723,245006,275092,13837,14352,137039,153849,3951,3679,26015,29490,1283664,1256311,252533,284616,23931,25832,148675,166683,7038,7018,390114,381472,349611,339886,15646,17825,12099,10654,3707,3600,1368,1222,7683,8285,356375,347173,18892,21589,16001,14712,5448,5501,2043,1919
R,3,2023,52,4382412,2188448,2193964,1710215,1663427,271578,305134,26647,25699,140005,156383,5111,5109,34892,38212,1739810,1695573,282758,318541,41392,41834,153489,170966,9157,9367,1797863,1815649,1359999,1326957,255892,287185,14579,14901,136394,152704,3817,3834,27182,30068,1382800,1351990,263808,296937,25408,27051,148086,165303,7148,7349,390585,378315,350216,336470,15686,17949,12068,10798,3611,3679,1294,1275,7710,8144,357010,343583,18950,21604,15984,14783,5403,5663,2009,2018
R,3,2023,53,4210778,2099158,2111620,1645177,1608869,258375,288581,25315,24390,132270,149266,5253,5007,32768,35507,1672849,1638551,268652,300772,39512,39811,144806,162815,9168,9026,1724531,1749654,1309303,1286000,243365,271819,13854,14367,128804,145714,3962,3859,25243,27895,1330351,1309083,250458,280639,24191,25998,139645,157383,7199,7197,374627,361966,335874,322869,15010,16762,11461,10023,3466,3552,1291,1148,7525,7612,342498,329468,18194,20133,15321,13813,5161,5432,1969,1829
R,3,2023,54,4082740,2032481,2050259,1596627,1566950,247275,276699,24506,23463,129199,145144,4612,4764,30262,33239,1622225,1594732,256366,287906,38077,38304,140676,157540,8155,8548,1678798,1707405,1279289,1261315,232865,260668,13677,13918,126050,141870,3472,3594,23445,26040,1298904,1282812,239092,268641,23760,25164,136004,152652,6389,6753,353683,342854,317338,305635,14410,16031,10829,9545,3149,3274,1140,1170,6817,7199,323321,311920,17274,19265,14317,13140,4672,4888,1766,1795
R,3,2023,55,3998472,1985190,2013282,1564654,1541183,244953,277023,23532,23298,118618,135348,4661,4624,28772,31806,1588903,1567651,253588,287770,36653,37696,129458,146983,7965,8405,1642593,1679228,1257235,1243131,230830,261204,13168,14123,115611,132298,3495,3548,22254,24924,1275737,1263627,236709,268830,22900,25106,125016,142327,6286,6709,342597,334054,307419,298052,14123,15819,10364,9175,3007,3050,1166,1076,6518,6882,313166,304024,16879,18940,13753,12590,4442,4656,1679,1696
R,3,2023,56,4039203,1997344,2041859,1581595,1573135,245462,280434,23278,23185,114262,129492,4744,4626,28003,30987,1604982,1598850,253889,290957,36335,37599,124612,140548,8156,8229,1665978,1717106,1283691,1283101,232086,265262,13388,14426,111335,126505,3633,3547,21845,24265,1301669,1302987,237835,272741,23291,25417,120287,136040,6524,6575,331366,324753,297904,290034,13376,15172,9890,8759,2927,2987,1111,1079,6158,6722,303313,295863,16054,18216,13044,12182,4325,4508,1632,1654
R,3,2023,57,4116451,2031354,2085097,1607077,1605781,253027,288523,23764,23642,114996,131504,4616,4627,27874,31020,1630297,1631517,261299,298717,37150,38426,125025,142530,8039,8301,1704492,1764883,1313848,1320181,239350,273329,13879,14888,112144,128449,3577,3650,21694,24386,1331655,1340136,244989,280586,24049,26349,120827,137922,6453,6724,326862,320214,293229,285600,13677,15194,9885,8754,2852,3055,1039,977,6180,6634,298642,291381,16310,18131,13101,12077,4198,4608,1586,1577
R,3,2023,58,4283639,2102048,2181591,1674115,1693934,257024,296074,24022,24324,114055,130840,4649,4811,28183,31608,1697640,1720069,265108,306312,37893,39922,124156,141706,8056,8558,1784872,1864594,1389292,1410769,243979,281181,14543,15791,111243,127949,3655,3796,22160,25108,1407537,1431239,249530,288521,25209,28103,120024,137368,6515,6968,317176,316997,284823,283165,13045,14893,9479,8533,2812,2891,994,1015,6023,6500,290103,288830,15578,17791,12684,11819,4132,4338,1541,1590
R,3,2023,59,4326152,2122119,2204033,1698555,1720868,252186,289836,23572,24006,115406,133380,4415,4617,27985,31326,1721846,1746712,259981,299602,37661,39638,125359,144209,7863,8412,1819465,1898383,1427116,1448155,239403,275430,14523,15615,112736,130557,3448,3646,22239,24980,1445425,1468498,244833,282423,25522,28084,121400,139899,6366,6841,302654,305650,271439,272713,12783,14406,9049,8391,2670,2823,967,971,5746,6346,276421,278214,15148,17179,12139,11554,3959,4310,1497,1571
R,3,2023,60,4320427,2111771,2208656,1694317,1731875,248465,287611,23144,23800,114116,129857,4316,4549,27413,30964,1717259,1757353,255916,297327,36821,39585,123944,140340,7638,8201,1821991,1912974,1433946,1467664,236537,274067,14449,15667,111520,127140,3419,3641,22120,24795,1452255,1487805,241740,281037,25382,28289,120152,136239,6284,6719,289780,295682,260371,264211,11928,13544,8695,8133,2596,2717,897,908,5293,6169,265004,269548,14176,16290,11439,11296,3792,4101,1354,1482
R,3,2023,61,4329127,2113340,2215787,1713321,1753940,242588,283901,22717,23707,103259,119504,4265,4291,27190,30444,1736026,1778921,249878,293461,36609,39545,112902,129694,7586,7852,1837891,1935482,1465816,1503532,231324,271185,14493,15920,100896,116890,3444,3423,21918,24532,1483940,1523441,236409,278089,25594,28763,109337,125720,6265,6413,275449,280305,247505,250408,11264,12716,8224,7787,2363,2614,821,868,5272,5912,252086,255480,13469,15372,11015,10782,3565,3974,1321,1439
R,3,2023,62,4298446,2090977,2207469,1693310,1745868,241175,282403,22051,23329,103676,122052,4118,4298,26647,29519,1715606,1770087,248169,291340,35820,38848,113065,131994,7310,7806,1827125,1934615,1456399,1501574,230318,270083,14107,15950,101319,119473,3334,3483,21648,24052,1474285,1521071,235282,276671,25191,28616,109624,128132,6044,6477,263852,272854,236911,244294,10857,12320,7944,7379,2357,2579,784,815,4999,5467,241321,249016,12887,14669,10629,10232,3441,3862,1266,1329
R,3,2023,63,4197910,2038240,2159670,1652150,1708245,234365,277001,21162,22633,100725,119148,4078,4010,25760,28633,1673706,1731698,241101,285854,34503,37868,109902,128530,7155,7365,1788598,1901417,1427996,1477625,223957,265059,13810,15508,98519,116713,3290,3244,21026,23268,1445458,1496433,228736,271584,24615,27956,106609,124853,5898,6087,249642,258253,224154,230620,10408,11942,7352,7125,2206,2435,788,766,4734,5365,228248,235265,12365,14270,9888,9912,3293,3677,1257,1278
R,3,2023,64,4124998,1992063,2132935,1622600,1695643,224219,267423,19587,21518,97667,117447,3702,3820,24288,27084,1642882,1717916,230518,275491,32469,36278,106062,126260,6500,6877,1763879,1890461,1417783,1478710,214450,256222,13055,14905,95645,115225,3022,3148,19924,22251,1434277,1496833,218921,262162,23625,27142,103061,122939,5405,5782,228184,242474,204817,216933,9769,11201,6532,6613,2022,2222,680,672,4364,4833,208605,221083,11597,13329,8844,9136,3001,3321,1095,1095
R,3,2023,65,4088830,1968300,2120530,1609812,1694462,215944,260040,19359,20951,95751,114933,3567,3733,23867,26411,1629651,1716071,222131,268030,32153,35528,103995,123309,6346,6735,1749708,1885835,1413554,1484119,206822,249365,12879,14738,93817,112916,2940,3045,19696,21652,1429771,1501622,211296,255270,23443,26800,101159,120216,5312,5622,218592,234695,196258,210343,9122,10675,6480,6213,1934,2017,627,688,4171,4759,199880,214449,10835,12760,8710,8728,2836,3093,1034,1113
R,3,2023,66,3939881,1886542,2053339,1546148,1640160,203917,252436,18282,19913,92478,112027,3369,3458,22348,25345,1564803,1661040,209713,259964,30489,34260,99973,119789,5922,6342,1682888,1831451,1363482,1441522,195254,242130,12179,14095,90707,109972,2757,2885,18509,20847,1378783,1458494,199431,247647,22298,26081,97399,116746,4973,5347,203654,221888,182666,198638,8663,10306,6103,5818,1771,2055,612,573,3839,4498,186020,202546,10282,12317,8191,8179,2574,3043,949,995
R,3,2023,67,3803900,1809587,1994313,1486178,1596013,191894,240607,17383,19294,89811,110833,3082,3475,21239,24091,1503889,1615676,197353,247796,28939,32880,96935,118386,5537,6170,1616757,1780428,1313177,1404324,183610,230880,11638,13721,88130,108840,2562,2875,17640,19788,1327749,1420292,187525,236153,21247,25053,94496,115413,4702,5171,192830,213885,173001,191689,8284,9727,5745,5573,1681,1993,520,600,3599,4303,176140,195384,9828,11643,7692,7827,2439,2973,835,999
R,3,2023,68,3696190,1750440,1945750,1443481,1563415,180911,229838,16207,17928,86817,108486,2978,3291,20046,22792,1460133,1582015,186012,236649,27354,30815,93489,115472,5279,5908,1570909,1743461,1281626,1381039,173416,221078,11217,13037,85257,106685,2500,2746,16893,18876,1295537,1396220,177159,226159,20666,23883,91256,112832,4504,5016,179531,202289,161855,182376,7495,8760,4990,4891,1560,1801,478,545,3153,3916,164596,185795,8853,10490,6688,6932,2233,2640,775,892
R,3,2023,69,3524109,1658978,1865131,1378734,1509526,163744,214223,14890,16693,80484,100503,2657,2972,18469,21214,1394168,1526862,168317,220419,25416,28936,86417,106944,4721,5391,1496476,1678677,1232238,1341496,156855,206094,10397,12119,79165,98872,2224,2484,15597,17612,1245187,1355704,160202,210675,19388,22436,84474,104570,4043,4607,162502,186454,146496,168030,6889,8129,4493,4574,1319,1631,433,488,2872,3602,148981,171158,8115,9744,6028,6500,1943,2374,678,784
R,3,2023,70,3399180,1591752,1807428,1328042,1467618,151886,202398,13663,15788,78576,98968,2629,2854,16956,19802,1342140,1483820,156065,208085,23255,27286,84134,104973,4609,5151,1442323,1632186,1193227,1309367,145548,194752,9622,11585,77302,97426,2260,2393,14364,16663,1205064,1322848,148614,199079,17846,21429,82287,102704,3998,4390,149429,175242,134815,158251,6338,7646,4041,4203,1274,1542,369,461,2592,3139,137076,160972,7451,9006,5409,5857,1847,2269,611,761
R,3,2023,71,3251481,1516240,1735241,1273865,1416004,141451,192846,12730,14698,70087,90579,2276,2625,15831,18489,1287022,1431243,145321,198169,21992,25710,75031,95855,4136,4711,1376786,1572071,1147512,1268757,135804,185550,9121,10893,68929,89188,1950,2194,13470,15489,1158625,1281340,138694,189561,17038,20334,73393,93826,3590,4015,139454,163170,126353,147247,5647,7296,3609,3805,1158,1391,326,431,2361,3000,128397,149903,6627,8608,4954,5376,1638,2029,546,696
R,3,2023,72,3027971,1399878,1628093,1167974,1319060,133766,184406,12071,13924,68858,90916,2200,2401,15009,17386,1180481,1333199,137456,189524,20802,24183,73564,96069,3951,4425,1269443,1471748,1049995,1177833,128292,177572,8727,10206,67738,89516,1883,2039,12808,14582,1060582,1189546,131028,181447,16281,18983,71968,94028,3446,3785,130435,156345,117979,141227,5474,6834,3344,3718,1120,1400,317,362,2201,2804,119899,143653,6428,8077,4521,5200,1596,2041,505,640
R,3,2023,73,2921415,1347096,1574319,1126731,1279639,124742,174066,11517,13053,67901,88656,2202,2432,14003,16473,1138370,1293029,128168,178913,19856,22826,72156,93388,3858,4352,1226138,1427867,1017130,1147107,119794,167640,8429,9750,66921,87413,1866,2064,11998,13893,1027053,1158273,122418,171325,15633,18197,70716,91560,3330,3754,120958,146452,109601,132532,4948,6426,3088,3303,980,1243,336,368,2005,2580,111317,134756,5750,7588,4223,4629,1440,1828,528,598
R,3,2023,74,2828502,1300184,1528318,1096184,1254431,114595,162263,10723,12267,63564,81516,2043,2280,13075,15561,1107044,1267238,117757,166729,18533,21626,67549,85907,3565,4014,1189529,1391717,995809,1130569,110149,156462,7927,9221,62657,80331,1748,1958,11239,13176,1005077,1141307,112554,159855,14738,17379,66222,84178,3097,3475,110655,136601,100375,123862,4446,5801,2796,3046,907,1185,295,322,1836,2385,101967,125931,5203,6874,3795,4247,1327,1729,468,539
R,3,2023,75,2822011,1296581,1525430,1107467,1270935,105634,150502,10104,11498,58807,75235,1861,2049,12708,15211,1118110,1283544,108707,154774,17853,20743,62474,79468,3318,3746,1191560,1395499,1012084,1152874,101495,145057,7471,8743,57950,74138,1608,1756,10952,12931,1021189,1163479,103835,148349,14267,16784,61215,77875,2919,3260,105021,129931,95383,118061,4139,5445,2633,2755,857,1097,253,293,1756,2280,96921,120065,4872,6425,3586,3959,1259,1593,399,486
R,3,2023,76,2681715,1236177,1445538,1063547,1213596,95106,135408,9509,10768,54546,69852,1682,1832,11787,14082,1073534,1225335,97824,139245,16745,19342,57873,73729,3049,3421,1139361,1324350,975346,1103379,91373,130312,7119,8257,53857,68823,1451,1572,10215,12007,983965,1113288,93454,133255,13525,15733,56819,72263,2659,2984,96816,121188,88201,110217,3733,5096,2390,2511,689,1029,231,260,1572,2075,89569,112047,4370,5990,3220,3609,1054,1466,390,437
R,3,2023,77,1956370,878648,1077722,743622,890031,73173,109852,7151,8459,44265,56720,1459,1653,8978,11007,751083,899116,75323,112893,12462,14896,46997,59949,2595,2976,799404,973225,671462,794913,70060,105464,5241,6306,43654,55883,1269,1433,7718,9226,677836,802450,71690,107730,9872,11814,46104,58704,2270,2612,79244,104497,72160,95118,3113,4388,1910,2153,611,837,190,220,1260,1781,73247,96666,3633,5163,2590,3082,893,1245,325,364
R,3,2023,78,1904526,851533,1052993,723895,872932,69083,105160,6734,8109,41927,54479,1270,1516,8624,10797,731151,881873,71108,108190,11857,14498,44449,57579,2390,2817,778707,956364,657454,784854,66291,101254,5053,6112,41349,53667,1101,1304,7459,9173,663678,792389,67830,103552,9578,11666,43611,56400,2113,2467,72826,96629,66441,88078,2792,3906,1681,1997,578,812,169,212,1165,1624,67473,89484,3278,4638,2279,2832,838,1179,277,350
R,3,2023,79,1857866,823283,1034583,707093,869062,63226,98114,6132,7558,37915,48437,1147,1257,7770,10155,713667,877510,64912,100893,10895,13653,40135,51230,2137,2487,757841,944617,647299,786840,60653,94562,4662,5784,37425,47716,1009,1099,6793,8616,653031,793950,61960,96673,8908,11088,39412,50171,1892,2197,65442,89966,59794,82222,2573,3552,1470,1774,490,721,138,158,977,1539,60636,83560,2952,4220,1987,2565,723,1059,245,290
R,3,2023,80,1771966,778483,993483,670900,837640,58026,92608,5603,6985,35707,45735,978,1213,7269,9302,677032,845392,59725,95129,10098,12707,37701,48247,1834,2250,719263,908987,616741,760579,55678,89086,4363,5272,35268,45091,862,1029,6351,7930,622092,767151,56986,90983,8391,10300,37046,47297,1617,1952,59220,84496,54159,77061,2348,3522,1240,1713,439,644,116,184,918,1372,54940,78241,2739,4146,1707,2407,655,950,217,298
R,3,2023,81,1492642,646496,846146,553901,708805,49040,80633,4910,6011,31480,41499,866,1052,6299,8146,559174,715593,50495,82836,8708,10935,33331,43751,1622,1969,594678,772798,506492,641519,47046,77838,3803,4598,31089,40936,757,887,5491,7020,511067,647329,48168,79545,7187,8939,32744,42927,1435,1712,51818,73348,47409,67286,1994,2795,1107,1413,391,563,109,165,808,1126,48107,68264,2327,3291,1521,1996,587,824,187,257
R,3,2023,82,1321788,564325,757463,480762,632006,43444,73377,4355,5507,29386,38385,790,960,5588,7228,485449,637988,44685,75335,7724,9816,31078,40467,1482,1818,516716,688693,437121,568952,41625,70632,3358,4269,29035,37854,699,810,4878,6176,441205,574027,42574,72132,6351,8036,30547,39688,1314,1568,47609,68770,43641,63054,1819,2745,997,1238,351,531,91,150,710,1052,44244,63961,2111,3203,1373,1780,531,779,168,250
R,3,2023,83,1177559,494231,683328,419658,568286,38562,67232,3803,5021,26459,35037,706,931,5043,6821,423921,573948,39696,69117,6739,9049,28015,36966,1324,1760,451558,620165,380619,510506,36881,64681,2928,3841,26120,34542,610,772,4400,5823,384321,515316,37746,66101,5535,7364,27529,36245,1168,1500,42673,63163,39039,57780,1681,2551,875,1180,339,495,96,159,643,998,39600,58632,1950,3016,1204,1685,486,721,156,260
R,3,2023,84,1086311,450330,635981,384861,533642,33633,59967,3363,4554,23530,31093,581,799,4362,5926,388556,538597,34635,61535,5995,8085,24822,32782,1078,1505,412332,578113,350000,480630,32168,57613,2616,3489,23251,30663,497,672,3800,5046,353199,484830,32934,58793,4946,6580,24414,32138,949,1278,37998,57868,34861,53012,1465,2354,747,1065,279,430,84,127,562,880,35357,53767,1701,2742,1049,1505,408,644,129,227
R,3,2023,85,965431,393791,571640,335563,478316,29610,54310,2975,4076,21145,28886,544,757,3954,5295,338913,482729,30542,55776,5310,7126,22345,30408,1000,1393,360133,519547,304665,430616,28361,52182,2302,3152,20901,28491,463,621,3441,4485,307572,434320,29073,53295,4378,5807,21974,29827,862,1180,33658,52093,30898,47700,1249,2128,673,924,244,395,81,136,513,810,31341,48409,1469,2481,932,1319,371,581,138,213
R,3,2023,86,840969,336587,504382,286915,422499,24886,47433,2510,3540,18444,25551,468,609,3364,4750,289783,426455,25634,48730,4449,6301,19504,26931,863,1168,307138,458015,259810,379819,23738,45657,1979,2721,18240,25196,412,521,2959,4101,262320,383210,24310,46664,3722,5160,19205,26430,768,1017,29449,46367,27105,42680,1148,1776,531,819,204,355,56,88,405,649,27463,43245,1324,2066,727,1141,299,501,95,151
R,3,2023,87,753139,296006,457133,252078,382157,22292,43676,2201,3234,16087,23152,408,555,2940,4359,254534,385770,22972,44862,3887,5764,17019,24419,791,1054,270029,415411,228146,343839,21301,42054,1727,2481,15913,22843,360,466,2582,3728,230300,346911,21822,42975,3237,4682,16757,23954,700,909,25977,41722,23932,38318,991,1622,474,753,174,309,48,89,358,631,24234,38859,1150,1887,650,1082,262,465,91,145
R,3,2023,88,660125,254271,405854,216898,340703,18671,37975,1859,2790,13930,20107,359,472,2554,3807,219079,343859,19242,39016,3310,4969,14727,21272,689,924,232242,369300,196533,307072,17889,36578,1457,2110,13772,19832,319,403,2272,3305,198473,309799,18349,37397,2771,4033,14483,20873,620,803,22029,36554,20365,33631,782,1397,402,680,158,275,40,69,282,502,20606,34060,893,1619,539,936,244,399,69,121
R,3,2023,89,549392,206925,342467,176384,286690,14966,31953,1505,2268,11609,17888,320,418,2141,3250,178205,289401,15454,32829,2695,4118,12320,18865,583,822,188946,311758,159776,258392,14333,30784,1179,1740,11484,17654,278,367,1896,2821,161391,260734,14716,31471,2253,3386,12126,18531,511,723,17979,30709,16608,28298,633,1169,326,528,125,234,42,51,245,429,16814,28667,738,1358,442,732,194,334,72,99
R,3,2023,90,489332,179567,309765,153113,259592,12958,28664,1298,2060,10137,16249,255,352,1806,2848,154627,261955,13380,29463,2288,3683,10746,17073,491,725,164506,282971,139182,234879,12415,27635,1027,1614,10028,16053,229,307,1625,2483,140537,236928,12763,28280,1922,3066,10590,16778,445,638,15061,26794,13931,24713,543,1029,271,446,109,196,26,45,181,365,14090,25027,617,1183,366,617,156,295,46,87
R,3,2023,91,417270,149155,268115,128715,227506,9637,22663,1011,1670,8132,13518,201,290,1459,2468,129966,229566,9982,23325,1818,3091,8609,14229,387,596,136526,245415,116943,206461,9259,21862,797,1304,8050,13380,176,260,1301,2148,118056,208243,9542,22387,1522,2558,8485,14023,339,530,12629,22700,11772,21045,378,801,214,366,82,138,25,30,158,320,11910,21323,440,938,296,533,124,206,48,66
R,3,2023,92,359377,124423,234954,106892,198764,8063,19691,851,1482,7128,12581,185,271,1304,2165,107989,200579,8359,20292,1569,2696,7578,13230,354,540,113828,214935,97047,180211,7715,18997,665,1145,7070,12451,168,232,1163,1899,98026,181793,7957,19475,1309,2232,7477,13027,323,477,10595,20019,9845,18553,348,694,186,337,58,130,17,39,141,266,9963,18786,402,817,260,464,101,203,31,63
R,3,2023,93,288232,96218,192014,82390,162080,6326,16444,717,1181,5647,10331,145,225,993,1753,83232,163523,6565,16945,1281,2174,5960,10839,274,447,87938,175997,74698,147227,6054,15882,572,932,5600,10223,129,199,885,1534,75450,148489,6250,16280,1083,1821,5880,10674,241,391,8280,16017,7692,14853,272,562,145,249,47,108,16,26,108,219,7782,15034,315,665,198,353,80,165,33,56
R,3,2023,94,232711,74444,158267,63871,133888,4714,13184,528,943,4412,8523,101,193,818,1536,64551,135163,4910,13629,985,1814,4675,8968,215,390,68316,145560,58171,122168,4519,12717,425,733,4377,8426,92,171,732,1345,58778,123274,4682,13075,841,1515,4617,8827,192,348,6128,12707,5700,11720,195,467,103,210,35,97,9,22,86,191,5773,11889,228,554,144,299,58,141,23,42
R,3,2023,95,185036,56837,128199,48545,108416,3585,10612,398,789,3589,6996,74,143,646,1243,49092,109452,3728,10941,751,1512,3806,7343,164,314,52370,118492,44381,99453,3455,10267,321,631,3562,6914,67,125,584,1102,44875,100365,3574,10536,643,1283,3762,7225,149,276,4467,9707,4164,8963,130,345,77,158,27,82,7,18,62,141,4217,9087,154,405,108,229,44,118,15,38
R,3,2023,96,139438,41073,98365,34855,82985,2643,8066,299,623,2727,5609,57,113,492,969,35265,83794,2770,8351,578,1172,2886,5877,119,231,37850,91058,31864,76243,2539,7788,252,503,2707,5557,51,100,437,867,32228,76965,2640,8026,504,1002,2847,5799,103,205,3223,7307,2991,6742,104,278,47,120,20,52,6,13,55,102,3037,6829,130,325,74,170,39,78,16,26
R,3,2023,97,103612,29047,74565,24463,62580,1877,6201,214,453,2097,4473,32,86,364,772,24766,63215,1974,6427,410,890,2212,4694,84,185,26832,69263,22411,57680,1811,6006,175,371,2084,4435,28,77,323,694,22681,58255,1888,6197,350,773,2187,4629,72,160,2215,5302,2052,4900,66,195,39,82,13,38,4,9,41,78,2085,4960,86,230,60,117,25,65,12,25
R,3,2023,98,75365,20176,55189,16845,46258,1302,4464,150,364,1591,3433,31,78,257,592,17058,46745,1369,4649,292,703,1680,3594,66,153,18700,51464,15479,42806,1257,4331,127,305,1581,3411,28,72,228,539,15669,43251,1311,4491,254,620,1660,3554,58,138,1476,3725,1366,3452,45,133,23,59,10,22,3,6,29,53,1389,3494,58,158,38,83,20,40,8,15
R,3,2023,99,51925,13504,38421,11127,32027,875,3150,110,237,1174,2533,18,52,200,422,11288,32370,931,3283,218,478,1246,2646,46,109,12514,35954,10207,29746,845,3056,95,200,1167,2514,16,47,184,391,10357,30064,894,3174,196,424,1234,2618,40,102,990,2467,920,2281,30,94,15,37,7,19,2,5,16,31,931,2306,37,109,22,54,12,28,6,7
R,3,2023,100,89511,20595,68916,16228,55689,1402,5970,187,495,2377,5753,37,110,364,899,16527,56403,1511,6280,382,990,2503,6004,93,244,19254,64973,15004,52054,1354,5826,165,440,2362,5729,34,102,335,822,15281,52706,1449,6101,344,899,2478,5956,83,223,1341,3943,1224,3635,48,144,22,55,15,24,3,8,29,77,1246,3697,62,179,38,91,25,48,10,21
R,4,2023,999,336097793,166360052,169737741,125962403,126774634,22068597,23825161,2298501,2246455,10440051,11260581,459355,446000,5131145,5184910,130553176,131389703,24439540,26265218,3733672,3736969,12360140,13164700,898537,886691,133110067,137271434,97093199,98626921,20351732,22068735,1198614,1232120,10085042,10907345,329350,323399,4052130,4112914,100718104,102285506,22204813,23985887,2195417,2289568,11710117,12517881,671857,668642,33249985,32466307,28869204,28147713,1716865,1756426,1099887,1014335,355009,353236,130005,122601,1079015,1071996,29835072,29104197,2234727,2279331,1538255,1447401,650023,646819,226680,218049
R,4,2023,0,3663691,1871515,1792176,1286485,1229400,301623,292453,36745,35615,111407,104733,8079,7706,127176,122269,1403443,1341802,371960,360217,60512,58603,158418,149734,16806,16028,1335300,1274615,854699,813131,260414,252469,12155,11649,102908,96768,4422,4072,100702,96526,947841,902377,316925,306761,27082,26022,141694,133818,10732,10069,536215,517561,431786,416269,41209,39984,24590,23966,8499,7965,3657,3634,26474,25743,455602,439425,55035,53456,33430,32581,16724,15916,6074,5959
R,4,2023,1,3732694,1907230,1825464,1309068,1249303,308447,300033,36175,34653,115644,109362,7921,7545,129975,124568,1428579,1363812,380215,368892,60437,58004,163820,155412,16839,16006,1376043,1312504,881347,836102,267561,260450,12526,11867,107315,101388,4427,4173,102867,98524,976465,927176,325140,315677,27723,26472,147126,139439,10883,10300,531187,512960,427721,413201,40886,39583,23649,22786,8329,7974,3494,3372,27108,26044,452114,436636,55075,53215,32714,31532,16694,15973,5956,5706
R,4,2023,2,3619972,1850591,1769381,1263864,1204135,305675,297006,34621,33333,115337,108906,6994,6564,124100,119437,1377977,1313925,374166,363025,57786,55676,161368,153108,15495,14674,1347465,1284856,856887,812174,267963,260548,12446,12038,107715,101473,4233,3880,98221,94743,947706,899735,322887,313615,26944,26081,145796,138118,10396,9785,503126,484525,406977,391961,37712,36458,22175,21295,7622,7433,2761,2684,25879,24694,430271,414190,51279,49410,30842,29595,15572,14990,5099,4889
R,4,2023,3,3799787,1941300,1858487,1343625,1283142,305437,296669,37016,35584,121868,115516,7332,6941,126022,120635,1459498,1394047,375075,363455,60362,58058,168668,160144,15954,15107,1429440,1365815,927622,882299,269012,261748,14059,13606,113854,107861,4546,4275,100347,96026,1020360,971028,325122,315566,28853,27834,152819,145008,10899,10292,511860,492672,416003,400843,36425,34921,22957,21978,8014,7655,2786,2666,25675,24609,439138,423019,49953,47889,31509,30224,15849,15136,5055,4815
R,4,2023,4,3840830,1961663,1879167,1360047,1298770,306537,299407,37257,35584,124010,117450,7463,7013,126349,120943,1476195,1409925,376168,366227,60770,58239,171020,162187,16130,15231,1444264,1380078,939084,891958,269866,264089,14249,13849,115906,109712,4641,4342,100518,96128,1031945,980752,325842,317836,29148,28186,155085,146930,11044,10391,517399,499089,420963,406812,36671,35318,23008,21735,8104,7738,2822,2671,25831,24815,444250,429173,50326,48391,31622,30053,15935,15257,5086,4840
R,4,2023,5,3934183,2011818,1922365,1393227,1327632,314420,306576,38109,35834,129909,122381,7588,7114,128565,122828,1511354,1440485,384883,374324,62152,58949,177975,167839,16454,15482,1483246,1414050,960513,911156,278836,272067,14636,13995,121912,114713,4809,4454,102540,97665,1055176,1001313,335682,326614,29909,28639,162075,152562,11370,10615,528572,508315,432714,416476,35584,34509,23473,21839,7997,7668,2779,2660,26025,25163,456178,439172,49201,47710,32243,30310,15900,15277,5084,4867
R,4,2023,6,4024303,2058855,1965448,1433686,1363880,314686,307200,37035,35891,135948,127400,7749,7266,129751,123811,1552822,1477680,384924,374857,61551,59429,185107,173542,16880,15817,1520719,1447431,989500,936608,279118,272797,15552,14942,128016,119860,4993,4615,103540,98609,1084984,1027662,335672,327293,31253,29938,169199,158389,11812,10938,538136,518017,444186,427272,35568,34403,21483,20949,7932,7540,2756,2651,26211,25202,467838,450018,49252,47564,30298,29491,15908,15153,5068,4879
R,4,2023,7,4104567,2097436,2007131,1474618,1404824,316912,310369,36514,35153,131660,124559,7565,7254,130167,124972,1594269,1519708,387184,378508,61500,59089,180659,171053,16689,15885,1549129,1479477,1018795,966491,282083,276384,16020,15308,123690,117088,4776,4617,103765,99589,1114623,1058474,338694,331304,32042,30636,164634,155896,11541,11019,548307,527654,455823,438333,34829,33985,20494,19845,7970,7471,2789,2637,26402,25383,479646,461234,48490,47204,29458,28453,16025,15157,5148,4866
R,4,2023,8,4130819,2109468,2021351,1479807,1412632,321154,314016,36362,35456,134643,127410,7420,7310,130082,124527,1599365,1527067,391316,381663,61351,59461,183637,173833,16594,15988,1565154,1494461,1027005,974971,285886,279549,16354,15757,127116,120091,4807,4707,103986,99386,1123004,1066717,342431,334125,32500,31184,168234,158941,11675,11196,544314,526890,452802,437661,35268,34467,20008,19699,7527,7319,2613,2603,26096,25141,476361,460350,48885,47538,28851,28277,15403,14892,4919,4792
R,4,2023,9,4100451,2100574,1999877,1477929,1401356,321996,312261,36531,35300,129071,121958,7046,6774,128001,122228,1595571,1513645,390837,379001,61410,58993,177188,167153,16158,15305,1558970,1481397,1027043,970274,286554,278055,16709,15947,121881,115144,4588,4408,102195,97569,1121409,1060317,342003,331970,32837,31258,162160,152886,11337,10721,541604,518480,450886,431082,35442,34206,19822,19353,7190,6814,2458,2366,25806,24659,474162,453328,48834,47031,28573,27735,15028,14267,4821,4584
R,4,2023,10,4103223,2095639,2007584,1472844,1406834,319366,311117,36260,35203,133473,126442,7189,6944,126507,121044,1588969,1517918,386774,376426,60909,58884,181659,171817,16401,15608,1556642,1486917,1022879,972498,284881,277757,16718,16032,126388,119533,4721,4491,101055,96606,1116040,1061560,339124,330387,32709,31388,166839,157491,11571,10894,538997,520667,449965,434336,34485,33360,19542,19171,7085,6909,2468,2453,25452,24438,472929,456358,47650,46039,28200,27496,14820,14326,4830,4714
R,4,2023,11,4120903,2111476,2009427,1492727,1417219,322015,310980,37593,35664,126859,119828,6880,6634,125402,119102,1607858,1526549,389225,375198,62434,59325,173950,164166,15909,15176,1563266,1484099,1034316,977471,287764,278128,17034,16187,119853,113244,4450,4277,99849,94792,1126400,1064897,341771,329776,33124,31492,159193,150229,11126,10564,548210,525328,458411,439748,34251,32852,20559,19477,7006,6584,2430,2357,25553,24310,481458,461652,47454,45422,29310,27833,14757,13937,4783,4612
R,4,2023,12,4160832,2133995,2026837,1517717,1438030,324257,312159,35253,34125,124370,117214,6779,6432,125619,118877,1633152,1547140,391407,376193,60342,58214,171381,161153,15859,14905,1574446,1490201,1043264,983526,292228,280895,17111,16437,117654,110948,4483,4241,99706,94154,1135273,1070297,346066,332154,33311,31979,156859,147534,11174,10488,559549,536636,474453,454504,32029,31264,18142,17688,6716,6266,2296,2191,25913,24723,497879,476843,45341,44039,27031,26235,14522,13619,4685,4417
R,4,2023,13,4257641,2180422,2077219,1560720,1479252,329962,319039,35301,33942,122392,117202,6629,6481,125418,121303,1676263,1590727,397340,384770,60489,58593,168544,161408,15430,14963,1603065,1524305,1068421,1008097,297702,287962,17621,17101,115867,111016,4494,4307,98960,95822,1159991,1096508,351546,340382,33656,32929,154144,147879,10963,10538,577357,552914,492299,471155,32260,31077,17680,16841,6525,6186,2135,2174,26458,25481,516272,494219,45794,44388,26833,25664,14400,13529,4467,4425
R,4,2023,14,4366341,2235513,2130828,1604606,1522852,340596,329898,36028,34381,123436,117966,6821,6676,124026,119055,1718531,1632394,407397,394503,61259,58053,168620,161088,15524,15044,1647951,1569806,1102100,1043610,308135,298322,18044,17425,116832,111794,4668,4528,98172,94127,1192596,1130592,361738,350254,34181,32404,154569,147718,11133,10656,587562,561022,502506,479242,32461,31576,17984,16956,6604,6172,2153,2148,25854,24928,525935,501802,45659,44249,27078,25649,14051,13370,4391,4388
R,4,2023,15,4498999,2304931,2194068,1658958,1571090,349388,338827,37428,35930,128219,122130,6917,6729,124021,119362,1772788,1680610,415780,403949,62678,60314,173565,164864,15862,15078,1697216,1615870,1137643,1075789,316275,307096,18592,18200,121741,115993,4707,4472,98258,94320,1228182,1162615,369739,359428,34737,33695,159554,151539,11312,10620,607715,578198,521315,495301,33113,31731,18836,17730,6478,6137,2210,2257,25763,25042,544606,517995,46041,44521,27941,26619,14011,13325,4550,4458
R,4,2023,16,4482564,2295862,2186702,1659645,1574697,346525,334716,38060,35986,125324,119722,6798,6689,119510,114892,1769404,1680057,410092,396581,62715,59876,169233,161050,15465,14884,1692340,1611142,1141703,1080864,313916,303315,18719,18016,118783,113654,4676,4477,94543,90816,1228874,1164435,364949,353209,34502,33229,155356,148074,11051,10494,603522,575560,517942,493833,32609,31401,19341,17970,6541,6068,2122,2212,24967,24076,540530,515622,45143,43372,28213,26647,13877,12976,4414,4390
R,4,2023,17,4393845,2248310,2145535,1634741,1549923,332374,324514,36873,35156,124575,120958,6670,6617,113077,108367,1738401,1649216,391953,382148,60937,57921,166035,160602,14790,14278,1663551,1588939,1131745,1070538,301434,294782,18089,17737,118432,115262,4532,4525,89319,86095,1213872,1149639,349318,341408,33373,32286,153105,148486,10553,10216,584759,556596,502996,479385,30940,29732,18784,17419,6143,5696,2138,2092,23758,22272,524529,499577,42635,40740,27564,25635,12930,12116,4237,4062
R,4,2023,18,4371324,2236692,2134632,1627980,1542961,326782,317427,36750,34518,130247,128728,6828,6506,108105,104492,1726904,1638387,382556,371818,60236,57074,170714,167353,14648,14112,1664060,1591442,1134248,1074273,296932,288782,18097,17329,124249,123047,4765,4617,85769,83394,1213027,1150645,341775,332906,33192,31983,158325,155644,10592,10357,572632,543190,493732,468688,29850,28645,18653,17189,5998,5681,2063,1889,22336,21098,513877,487742,40781,38912,27044,25091,12389,11709,4056,3755
R,4,2023,19,4417233,2258003,2159230,1650543,1565928,325566,318665,36069,34087,133968,132468,6657,6380,105200,101702,1746870,1659036,379325,371094,59440,56559,173225,170172,14340,13726,1693214,1621321,1162664,1100571,296416,290954,17827,17333,128068,126886,4679,4537,83560,81040,1239416,1174990,339745,333326,32971,32067,161103,158697,10427,10000,564789,537909,487879,465357,29150,27711,18242,16754,5900,5582,1978,1843,21640,20662,507454,484046,39580,37768,26469,24492,12122,11475,3913,3726
R,4,2023,20,4357834,2227818,2130016,1629692,1544444,322794,317465,35896,33372,133448,131845,6619,6301,99369,96589,1720269,1632500,373302,366945,58460,55354,170488,167616,14143,13470,1673166,1601629,1149869,1086124,293938,290545,17629,17195,127809,126476,4704,4506,79217,76783,1222304,1156377,334809,330477,32362,31583,159057,156495,10346,9926,554652,528387,479823,458320,28856,26920,18267,16177,5639,5369,1915,1795,20152,19806,497965,476123,38493,36468,26098,23771,11431,11121,3797,3544
R,4,2023,21,4377181,2234940,2142241,1633263,1553639,328544,323055,35534,33064,134011,131387,6364,6251,97224,94845,1721938,1639910,377755,371665,58456,55647,169776,165908,13572,13320,1687536,1621042,1159321,1101428,300133,296414,17835,17183,128557,126122,4500,4432,77190,75463,1229890,1170300,339836,335662,32752,32090,158711,155211,10029,9807,547404,521199,473942,452211,28411,26641,17699,15881,5454,5265,1864,1819,20034,19382,492048,469610,37919,36003,25704,23557,11065,10697,3543,3513
R,4,2023,22,4452327,2272543,2179784,1653735,1574201,335607,330929,35349,33744,145267,141877,6373,6249,96212,92784,1741199,1658424,383905,378016,58387,56004,181096,175845,13674,13304,1726793,1659756,1180398,1122776,307464,304153,18098,17552,139748,136756,4629,4425,76456,74094,1249977,1190212,346280,342241,33341,32519,170073,165471,10159,9787,545750,520028,473337,451425,28143,26776,17251,16192,5519,5121,1744,1824,19756,18690,491222,468212,37625,35775,25046,23485,11023,10374,3515,3517
R,4,2023,23,4411337,2249853,2161484,1635887,1559192,335778,331034,35413,33735,143399,140661,6366,6051,93010,90811,1720468,1641386,382615,377504,58572,56109,176985,173264,13335,12975,1715476,1651148,1172039,1116143,308332,304928,18356,17723,138049,135582,4609,4302,74091,72470,1239560,1181846,346162,342630,33804,32769,166485,163049,9938,9567,534377,510336,463848,443049,27446,26106,17057,16012,5350,5079,1757,1749,18919,18341,480908,459540,36453,34874,24768,23340,10500,10215,3397,3408
R,4,2023,24,4381737,2231232,2150505,1625736,1553365,330244,327310,34639,33506,143534,142161,6358,5947,90721,88216,1707913,1633218,375365,371976,57471,55960,176428,173712,13593,12723,1708430,1648227,1171948,1117079,303425,301583,18081,17657,138134,137058,4634,4253,72208,70597,1237486,1181092,339824,337836,33424,33041,165923,163645,10216,9491,522802,502278,453788,436286,26819,25727,16558,15849,5400,5103,1724,1694,18513,17619,470427,452126,35541,34140,24047,22919,10505,10067,3377,3232
R,4,2023,25,4358614,2216217,2142397,1609313,1541468,330678,327508,34004,33110,148401,148687,6351,6063,87470,85561,1688433,1618785,373898,370201,56507,55209,180050,179483,13156,12561,1701963,1648989,1161767,1112254,305074,302572,17567,17601,143192,143646,4674,4374,69689,68542,1224879,1174261,339956,337207,32796,32809,169976,169772,9922,9395,514254,493408,447546,429214,25604,24936,16437,15509,5209,5041,1677,1689,17781,17019,463554,444524,33942,32994,23711,22400,10074,9711,3234,3166
R,4,2023,26,4378974,2222291,2156683,1616379,1550573,327661,327048,33928,32792,152909,156452,6412,5907,85002,83911,1693251,1626202,368824,368407,56612,55144,183848,186572,13131,12575,1710178,1666083,1170891,1123454,302002,302830,17660,17437,147781,151381,4660,4285,67184,66696,1231767,1183585,334771,336076,32858,32638,174006,176890,9833,9449,512113,490600,445488,427119,25659,24218,16268,15355,5128,5071,1752,1622,17818,17215,461484,442617,34053,32331,23754,22506,9842,9682,3298,3126
R,4,2023,27,4428158,2248285,2179873,1633502,1565580,333298,331802,33898,32142,157596,162868,6481,6373,83510,81108,1708799,1638556,372999,371205,56808,54420,188164,192164,13173,13015,1736154,1688695,1187292,1137171,307690,307439,17846,17171,152502,157762,4710,4620,66114,64532,1246924,1195311,339411,338979,33358,32470,178425,182577,9923,9847,512131,491178,446210,428409,25608,24363,16052,14971,5094,5106,1771,1753,17396,16576,461875,443245,33588,32226,23450,21950,9739,9587,3250,3168
R,4,2023,28,4493392,2277260,2216132,1646761,1582504,347258,347087,34202,32924,160777,167095,6588,6544,81674,79978,1719882,1653927,385496,385629,57517,55501,190639,196081,13602,13198,1765077,1724135,1200300,1153661,321449,322208,18263,17624,155646,162085,4809,4820,64610,63737,1258075,1210604,351831,353116,34277,33351,181050,186661,10271,10047,512183,491997,446461,428843,25809,24879,15939,15300,5131,5010,1779,1724,17064,16241,461807,443323,33665,32513,23240,22150,9589,9420,3331,3151
R,4,2023,29,4584768,2325047,2259721,1674842,1605978,363972,362505,35051,34112,165683,172142,6688,6681,78811,78303,1745005,1675546,400152,399652,58111,57109,194971,200339,13586,13452,1806263,1764513,1221867,1174209,337708,337325,18889,18722,160627,167090,4905,4982,62267,62185,1277245,1229406,366282,366983,34800,34787,185515,190996,10265,10243,518784,495208,452975,431769,26264,25180,16162,15390,5056,5052,1783,1699,16544,16118,467760,446140,33870,32669,23311,22322,9456,9343,3321,3209
R,4,2023,30,4669741,2366707,2303034,1702565,1635697,375392,371599,36264,34760,169734,178310,6941,6707,75811,75961,1769860,1703126,409110,406400,59155,57595,198258,206321,13691,13363,1843793,1805679,1245716,1201231,348574,346586,19672,19309,164775,173145,5066,4930,59990,60478,1298946,1254906,375042,374129,35560,35396,189253,197125,10427,10174,522914,497355,456849,434466,26818,25013,16592,15451,4959,5165,1875,1777,15821,15483,470914,448220,34068,32271,23595,22199,9005,9196,3264,3189
R,4,2023,31,4757862,2401810,2356052,1729203,1672504,377617,380645,37724,34952,176156,185424,7418,6981,73692,75546,1793922,1738737,409203,414794,60584,57657,204628,214310,14386,13974,1875197,1858067,1270456,1239678,350230,353776,20381,19562,171062,180079,5383,5133,57685,59839,1320998,1292084,374561,380519,36058,35410,195413,204764,10897,10589,526613,497985,458747,432826,27387,26869,17343,15390,5094,5345,2035,1848,16007,15707,472924,446653,34642,34275,24526,22247,9215,9546,3489,3385
R,4,2023,32,4827030,2437837,2389193,1759365,1697243,379097,384957,36950,33962,184108,192803,7828,7287,70489,72941,1820807,1760913,408536,417388,58808,56024,212288,221218,14931,14281,1913171,1900370,1303139,1273665,351270,357346,19718,19217,178633,187284,5675,5443,54736,57415,1350592,1323593,373532,382545,34550,34540,202755,211478,11281,11035,524666,488823,456226,423578,27827,27611,17232,14745,5475,5519,2153,1844,15753,15526,470215,437320,35004,34843,24258,21484,9533,9740,3650,3246
R,4,2023,33,4784316,2413268,2371048,1748635,1686031,369795,379422,36330,33520,185169,196206,7991,7317,65348,68552,1805707,1745831,396670,409442,56588,54355,211557,223107,14395,13930,1896077,1893903,1298196,1272644,342449,352191,19246,18969,179816,190803,5809,5499,50561,53797,1342136,1319399,362632,375205,32932,33273,202421,213920,10864,10765,517191,477145,450439,413387,27346,27231,17084,14551,5353,5403,2182,1818,14787,14755,463571,426432,34038,34237,23656,21082,9136,9187,3531,3165
R,4,2023,34,4667297,2355380,2311917,1715491,1649459,347982,360633,35222,31867,187192,198586,7859,7026,61634,64346,1769162,1705538,372552,388434,54563,51550,212473,224065,14085,13195,1852353,1852136,1276844,1250337,321839,334608,18328,17874,182046,193287,5822,5345,47474,50685,1318003,1294309,339881,355925,31282,31602,203747,215241,10783,10285,503027,459781,438647,399122,26143,26025,16894,13993,5146,5299,2037,1681,14160,13661,451159,411229,32671,32509,23281,19948,8726,8824,3302,2910
R,4,2023,35,4581617,2313283,2268334,1702543,1633647,328885,342643,34434,31320,181237,192145,7833,6966,58351,61613,1753138,1687368,351897,368853,52803,50210,205338,216827,13946,13066,1810628,1812527,1262529,1237340,304020,317235,17728,17361,176259,187220,5668,5255,44424,48116,1300771,1279172,320704,336933,29728,30354,196921,208450,10544,10155,502655,455807,440014,396307,24865,25408,16706,13959,4978,4925,2165,1711,13927,13497,452367,408196,31193,31920,23075,19856,8417,8377,3402,2911
R,4,2023,36,4532731,2292514,2240217,1699990,1621935,317779,332364,33558,30388,178560,189290,7666,6874,54961,59366,1747869,1673649,339027,357434,51258,49289,201268,212787,13277,12622,1793244,1788189,1262145,1228317,293136,307460,17150,16721,173589,184531,5445,5109,41779,46051,1298331,1268215,308290,326261,28822,29664,193119,204704,9940,9694,499270,452028,437845,393618,24643,24904,16408,13667,4971,4759,2221,1765,13182,13315,449538,405434,30737,31173,22436,19625,8149,8083,3337,2928
R,4,2023,37,4548617,2301583,2247034,1715369,1634596,312827,328468,33087,30135,178720,189710,7819,7048,53761,57077,1762037,1684071,333265,351964,50640,48485,200818,212655,13602,12873,1798937,1795465,1274229,1240812,288346,303665,16371,16544,173762,184890,5599,5344,40630,44210,1309243,1278920,302850,321062,27853,29236,192654,204562,10208,10048,502646,451569,441140,393784,24481,24803,16716,13591,4958,4820,2220,1704,13131,12867,452794,405151,30415,30902,22787,19249,8164,8093,3394,2825
R,4,2023,38,4500441,2271990,2228451,1699574,1624856,303608,322024,32238,29669,177087,189568,7622,6882,51861,55452,1744567,1672977,323005,344117,49578,47972,198455,212141,13183,12537,1774399,1779663,1262150,1232797,279898,297891,16126,16249,172106,184943,5372,5142,38747,42641,1295486,1269612,293379,313925,27380,28791,190334,204309,9786,9673,497591,448788,437424,392059,23710,24133,16112,13420,4981,4625,2250,1740,13114,12811,449081,403365,29626,30192,22198,19181,8121,7832,3397,2864
R,4,2023,39,4450626,2244937,2205689,1683897,1608932,295484,316727,32085,29510,176016,189378,7414,6811,50041,54331,1727301,1656010,313976,337945,48974,47866,196772,211480,12839,12510,1755027,1759790,1252907,1219428,272354,292761,15864,15970,171089,184857,5336,5139,37477,41635,1285156,1255304,285195,308116,26924,28533,188745,203748,9610,9680,489910,445899,430990,389504,23130,23966,16221,13540,4927,4521,2078,1672,12564,12696,442145,400706,28781,29829,22050,19333,8027,7732,3229,2830
R,4,2023,40,4504207,2269190,2235017,1707875,1635200,297534,320885,32752,29942,173518,187997,7462,6863,50049,54130,1751206,1681917,315885,342003,49952,48559,194021,209890,12925,12557,1771185,1779482,1269064,1236915,274272,296309,16217,16212,168688,183316,5351,5150,37593,41580,1301319,1272524,287054,311681,27634,29071,186126,202007,9704,9736,498005,455535,438811,398285,23262,24576,16535,13730,4830,4681,2111,1713,12456,12550,449887,409393,28831,30322,22318,19488,7895,7883,3221,2821
R,4,2023,41,4452462,2241270,2211192,1692074,1621891,292751,316432,31492,28828,169080,185238,7378,6682,48495,52121,1734002,1666793,310458,336961,48526,47030,188752,205975,12681,12162,1753266,1759663,1262386,1226436,269829,292533,15329,15413,164325,180468,5250,4926,36147,39887,1293358,1260599,282051,307400,26542,27926,180941,198156,9440,9311,488004,451529,429688,395455,22922,23899,16163,13415,4755,4770,2128,1756,12348,12234,440644,406194,28407,29561,21984,19104,7811,7819,3241,2851
R,4,2023,42,4422781,2223631,2199150,1684327,1615118,292691,319282,31303,28852,160404,177942,7303,6344,47603,51612,1725431,1659754,310112,339791,48188,46969,179657,198117,12536,11790,1738717,1751055,1256390,1222710,270495,295169,15448,15775,155615,173319,5164,4701,35605,39381,1286846,1256517,282585,309905,26662,28296,171933,190526,9348,9108,484914,448095,427937,392408,22196,24113,15855,13077,4789,4623,2139,1643,11998,12231,438585,403237,27527,29886,21526,18673,7724,7591,3188,2682
R,4,2023,43,4340486,2180003,2160483,1649201,1583963,290547,317475,30550,27939,156905,174608,7000,6504,45800,49994,1688731,1626908,307158,337265,47277,45768,175121,194183,12169,11836,1700762,1719393,1226776,1197588,268274,293783,14877,15127,152282,170066,4865,4861,33688,37968,1255595,1229906,279549,307902,25804,27476,167497,186657,8939,9137,479241,441090,422425,386375,22273,23692,15673,12812,4623,4542,2135,1643,12112,12026,433136,397002,27609,29363,21473,18292,7624,7526,3230,2699
R,4,2023,44,4175296,2091819,2083477,1587737,1529437,274861,304686,28720,26898,151177,169439,6254,5893,43070,47124,1624859,1569995,290475,323002,44474,43977,168308,187929,10956,10787,1642712,1661162,1190768,1159718,254297,281943,14377,14521,146875,165163,4492,4290,31903,35527,1217966,1190035,264941,294840,24775,26227,161362,180848,8219,8228,449107,422315,396969,369719,20564,22743,14343,12377,4302,4276,1762,1603,11167,11597,406893,379960,25534,28162,19699,17750,6946,7081,2737,2559
R,4,2023,45,4113099,2056531,2056568,1568679,1517597,266441,296150,28318,26693,145459,164736,6248,5728,41386,45664,1604191,1556696,281258,313773,43625,43542,162027,182618,10700,10493,1608759,1633588,1172112,1146059,246508,274056,14117,14476,141177,160352,4430,4237,30415,34408,1197891,1175243,256479,286319,24183,26078,155069,175554,7936,8074,447772,422980,396567,371538,19933,22094,14201,12217,4282,4384,1818,1491,10971,11256,406300,381453,24779,27454,19442,17464,6958,7064,2764,2419
R,4,2023,46,4003652,1998029,2005623,1523880,1479226,256487,287017,27447,25634,144925,164863,5914,5605,39376,43278,1557864,1516098,270285,303545,42292,41747,160537,182001,10273,10226,1562839,1590203,1137791,1113103,237303,265576,13864,14131,140690,160620,4239,4090,28952,32683,1162442,1140658,246453,277194,23782,25310,153819,175105,7687,7814,435190,415420,386089,366123,19184,21441,13583,11503,4235,4243,1675,1515,10424,10595,395422,375440,23832,26351,18510,16437,6718,6896,2586,2412
R,4,2023,47,3922900,1956369,1966531,1490381,1450993,250373,280688,26727,25001,145670,163475,5588,5383,37630,40991,1522780,1485944,263373,295979,41005,40502,160798,179824,9713,9686,1531828,1558175,1113050,1090270,231967,259901,13453,13648,141593,159290,4035,3984,27730,31082,1136647,1116496,240566,270609,23021,24515,154361,173177,7303,7449,424541,408356,377331,360723,18406,20787,13274,11353,4077,4185,1553,1399,9900,9909,386133,369448,22807,25370,17984,15987,6437,6647,2410,2237
R,4,2023,48,3935734,1962364,1973370,1501405,1463051,248147,279035,26381,24844,145763,162163,5673,5159,34995,39118,1531179,1496263,260116,293551,40117,39890,159720,177714,9611,9167,1544460,1571178,1127816,1105845,231033,259765,13263,13704,141854,158261,4129,3843,26365,29760,1149999,1130824,239266,269895,22652,24221,153851,171655,7330,7086,417904,402192,373589,357206,17114,19270,13118,11140,3909,3902,1544,1316,8630,9358,381180,365439,20850,23656,17465,15669,5869,6059,2281,2081
R,4,2023,49,3865829,1924607,1941222,1472109,1437488,243912,275777,25497,24542,143927,160641,5220,5034,33942,37740,1501003,1469377,255287,289617,38839,39168,157619,175728,9058,9047,1524823,1550270,1114272,1089903,227542,257051,13044,13550,140345,156910,3867,3779,25753,29077,1135940,1114201,235325,266869,22319,24068,152136,169929,7008,7017,399784,390952,357837,347585,16370,18726,12453,10992,3582,3731,1353,1255,8189,8663,365063,355176,19962,22748,16520,15100,5483,5799,2050,2030
R,4,2023,50,3947127,1963531,1983596,1503519,1471317,251913,284288,25591,24692,143394,160884,5194,5000,33920,37415,1532298,1502904,262875,297765,39202,39626,157158,175699,8971,8918,1568343,1596824,1149257,1127268,236003,266037,13305,13767,139809,157076,3911,3717,26058,28959,1171105,1151407,243603,275732,22957,24617,151788,169873,6991,6940,395188,386772,354262,344049,15910,18251,12286,10925,3585,3808,1283,1283,7862,8456,361193,351497,19272,22033,16245,15009,5370,5826,1980,1978
R,4,2023,51,4151072,2069007,2082065,1602185,1563806,260125,292273,25976,24919,141731,158426,5322,4914,33668,37727,1630696,1595625,270910,305548,39954,40401,155081,173194,9058,8939,1677892,1699577,1251766,1222974,244436,274369,13792,14283,138016,154820,3956,3685,25926,29446,1273459,1247503,251938,283883,23839,25704,149623,167694,7011,7022,391115,382488,350419,340832,15689,17904,12184,10636,3715,3606,1366,1229,7742,8281,357237,348122,18972,21665,16115,14697,5458,5500,2047,1917
R,4,2023,52,4382597,2188107,2194490,1710200,1663298,271213,305555,26593,25776,140069,156453,5098,5104,34934,38304,1739850,1695560,282399,319008,41289,41912,153638,171074,9150,9346,1797495,1814971,1359909,1325835,255545,287520,14553,14926,136464,152769,3806,3825,27218,30096,1382763,1350919,263457,297268,25345,27060,148232,165406,7139,7325,390612,379519,350291,337463,15668,18035,12040,10850,3605,3684,1292,1279,7716,8208,357087,344641,18942,21740,15944,14852,5406,5668,2011,2021
R,4,2023,53,4226729,2107924,2118805,1650659,1613227,260396,290164,25498,24482,133017,150139,5297,5033,33057,35760,1678537,1643099,270824,302480,39783,39967,145663,163797,9248,9097,1730792,1755019,1312634,1288727,245264,273312,13899,14412,129529,146561,3983,3881,25483,28126,1333850,1311982,252480,282242,24302,26108,140466,158327,7255,7254,377132,363786,338025,324500,15132,16852,11599,10070,3488,3578,1314,1152,7574,7634,344687,331117,18344,20238,15481,13859,5197,5470,1993,1843
R,4,2023,54,4091269,2036079,2055190,1600348,1571497,246797,276644,24435,23504,129506,145404,4630,4766,30363,33375,1626074,1599409,255888,287929,38051,38394,141007,157848,8190,8542,1682327,1711874,1282897,1265523,232403,260605,13669,13915,126329,142124,3489,3591,23540,26116,1302629,1287104,238638,268627,23788,25177,136311,152931,6417,6738,353752,343316,317451,305974,14394,16039,10766,9589,3177,3280,1141,1175,6823,7259,323445,312305,17250,19302,14263,13217,4696,4917,1773,1804
R,4,2023,55,3995894,1984586,2011308,1562897,1538148,245056,276854,23640,23325,119484,136395,4660,4654,28849,31932,1587208,1564727,253759,287617,36762,37722,130372,148136,7953,8457,1639845,1675751,1253617,1238763,230805,260963,13179,14104,116469,133324,3490,3571,22285,25026,1272140,1259349,236721,268596,22892,25068,125911,143462,6268,6753,344741,335557,309280,299385,14251,15891,10461,9221,3015,3071,1170,1083,6564,6906,315068,305378,17038,19021,13870,12654,4461,4674,1685,1704
R,4,2023,56,4040230,1997901,2042329,1582212,1573397,245049,280017,23342,23238,114456,129994,4767,4628,28075,31055,1605677,1599184,253471,290581,36407,37638,124865,141102,8187,8221,1665826,1716661,1283685,1282582,231650,264800,13412,14424,111528,127011,3652,3534,21899,24310,1301722,1302519,237397,272307,23313,25390,120538,136582,6547,6552,332075,325668,298527,290815,13399,15217,9930,8814,2928,2983,1115,1094,6176,6745,303955,296665,16074,18274,13094,12248,4327,4520,1640,1669
R,4,2023,57,4100322,2023260,2077062,1600055,1598865,252146,287713,23622,23486,115052,131444,4587,4614,27798,30940,1623223,1624542,260428,297903,36945,38237,125041,142432,8000,8281,1696602,1756910,1306962,1313262,238538,272545,13755,14755,112193,128394,3545,3647,21609,24307,1324706,1333162,244173,279797,23872,26194,120835,137829,6411,6705,326658,320152,293093,285603,13608,15168,9867,8731,2859,3050,1042,967,6189,6633,298517,291380,16255,18106,13073,12043,4206,4603,1589,1576
R,4,2023,58,4268368,2094851,2173517,1667335,1686591,256579,295454,24023,24296,114043,130752,4685,4842,28186,31582,1690867,1712705,264688,305711,37855,39813,124162,141635,8077,8596,1776394,1855803,1381366,1402833,243463,280500,14514,15758,111226,127841,3682,3817,22143,25054,1399588,1423252,249024,287847,25130,27975,120031,137269,6531,7001,318457,317714,285969,283758,13116,14954,9509,8538,2817,2911,1003,1025,6043,6528,291279,289453,15664,17864,12725,11838,4131,4366,1546,1595
R,4,2023,59,4326139,2122120,2204019,1698390,1720356,252386,290136,23554,24046,115378,133493,4446,4623,27966,31365,1721644,1746235,260204,299927,37609,39691,125321,144339,7931,8420,1818654,1897388,1426287,1446752,239534,275670,14461,15643,112686,130667,3480,3649,22206,25007,1444551,1467123,244974,282680,25422,28128,121337,140013,6431,6842,303466,306631,272103,273604,12852,14466,9093,8403,2692,2826,966,974,5760,6358,277093,279112,15230,17247,12187,11563,3984,4326,1500,1578
R,4,2023,60,4312404,2107771,2204633,1690276,1727801,248047,287137,23159,23754,114522,130432,4296,4550,27471,30959,1713279,1753290,255507,296852,36864,39513,124382,140903,7596,8193,1817575,1908306,1429527,1463007,236091,273534,14467,15622,111930,127717,3395,3646,22165,24780,1447879,1483137,241311,280495,25423,28204,120587,136825,6240,6723,290196,296327,260749,264794,11956,13603,8692,8132,2592,2715,901,904,5306,6179,265400,270153,14196,16357,11441,11309,3795,4078,1356,1470
R,4,2023,61,4335063,2116260,2218803,1714406,1754868,243312,284791,22813,23785,104257,120470,4275,4319,27197,30570,1737121,1779950,250621,294405,36684,39657,113898,130719,7625,7882,1838597,1936721,1464872,1502943,231972,271995,14525,15902,101870,117831,3452,3436,21906,24614,1483000,1522925,237055,278931,25604,28761,110302,126700,6291,6422,277663,282082,249534,251925,11340,12796,8288,7883,2387,2639,823,883,5291,5956,254121,257025,13566,15474,11080,10896,3596,4019,1334,1460
R,4,2023,62,4290949,2087003,2203946,1691070,1744171,239990,281329,22001,23249,103221,121450,4102,4291,26619,29456,1713314,1768361,246955,290239,35761,38711,112633,131390,7284,7802,1824129,1931477,1455068,1500221,229172,269011,14085,15888,100871,118874,3322,3479,21611,24004,1472886,1519691,234117,275574,25149,28519,109190,127539,6032,6478,262874,272469,236002,243950,10818,12318,7916,7361,2350,2576,780,812,5008,5452,240428,248670,12838,14665,10612,10192,3443,3851,1252,1324
R,4,2023,63,4205862,2042625,2163237,1653942,1709118,235707,278295,21275,22790,101672,120155,4128,4048,25901,28831,1675636,1732703,242526,287234,34685,38113,110870,129607,7218,7431,1790531,1903057,1427619,1476805,225172,266271,13859,15608,99445,117699,3321,3266,21115,23408,1445169,1495703,230002,272863,24698,28109,107566,125879,5941,6126,252094,260180,226323,232313,10535,12024,7416,7182,2227,2456,807,782,4786,5423,230467,237000,12524,14371,9987,10004,3304,3728,1277,1305
R,4,2023,64,4129282,1993747,2135535,1624095,1697653,224270,267779,19653,21569,97631,117597,3715,3819,24383,27118,1644453,1719978,230593,275832,32545,36360,106074,126421,6539,6889,1764477,1892138,1418235,1479875,214496,256555,13091,14904,95615,115374,3033,3150,20007,22280,1434798,1498040,218981,262471,23672,27167,103065,123111,5438,5799,229270,243397,205860,217778,9774,11224,6562,6665,2016,2223,682,669,4376,4838,209655,221938,11612,13361,8873,9193,3009,3310,1101,1090
R,4,2023,65,4092152,1970180,2121972,1611027,1695338,216318,260161,19365,20993,95927,115226,3572,3753,23971,26501,1630975,1717000,222515,268216,32199,35541,104223,123683,6355,6767,1750808,1886544,1414118,1484366,207130,249453,12884,14763,93966,113184,2944,3062,19766,21716,1430415,1501906,211598,255417,23479,26783,101344,120552,5315,5651,219372,235428,196909,210972,9188,10708,6481,6230,1961,2042,628,691,4205,4785,200560,215094,10917,12799,8720,8758,2879,3131,1040,1116
R,4,2023,66,3942566,1888544,2054022,1547507,1640847,204187,252456,18348,19905,92668,112005,3404,3453,22430,25356,1566213,1661751,210001,259958,30610,34258,100198,119755,5964,6350,1684171,1831381,1364224,1441504,195467,242115,12223,14072,90898,109965,2782,2874,18577,20851,1379565,1458483,199664,247603,22388,26061,97619,116736,5001,5345,204373,222641,183283,199343,8720,10341,6125,5833,1770,2040,622,579,3853,4505,186648,203268,10337,12355,8222,8197,2579,3019,963,1005
R,4,2023,67,3814121,1814466,1999655,1489611,1599628,192958,241902,17448,19468,90067,110905,3091,3504,21291,24248,1507370,1619428,198449,249127,29002,33134,97214,118539,5559,6212,1620757,1784916,1315859,1407289,184643,232075,11640,13848,88381,108888,2566,2911,17668,19905,1330464,1423369,188576,237359,21227,25242,94773,115523,4721,5213,193709,214739,173752,192339,8315,9827,5808,5620,1686,2017,525,593,3623,4343,176906,196059,9873,11768,7775,7892,2441,3016,838,999
R,4,2023,68,3698791,1751956,1946835,1444212,1563411,181256,230222,16269,17925,87088,109147,2986,3295,20145,22835,1460953,1582044,186386,237078,27452,30814,93804,116148,5299,5899,1571374,1743806,1281434,1380333,173708,221451,11244,13022,85501,107339,2508,2745,16979,18916,1295423,1395547,177470,226578,20727,23873,91542,113497,4518,5006,180582,203029,162778,183078,7548,8771,5025,4903,1587,1808,478,550,3166,3919,165530,186497,8916,10500,6725,6941,2262,2651,781,893
R,4,2023,69,3536124,1664338,1871786,1382535,1514054,164513,215411,14986,16813,81071,101172,2669,2997,18564,21339,1398032,1531487,169134,221661,25556,29143,87037,107642,4736,5426,1500718,1683969,1235043,1344853,157571,207217,10457,12190,79749,99521,2234,2502,15664,17686,1248024,1359114,160958,211826,19487,22564,85081,105237,4057,4624,163620,187817,147492,169201,6942,8194,4529,4623,1322,1651,435,495,2900,3653,150008,172373,8176,9835,6069,6579,1956,2405,679,802
R,4,2023,70,3396206,1590351,1805855,1326501,1466377,151921,201961,13679,15816,78546,98945,2639,2855,17065,19901,1340702,1482660,156111,207674,23322,27349,84152,104992,4631,5159,1440582,1630174,1191388,1307752,145564,194297,9637,11585,77273,97402,2266,2393,14454,16745,1203312,1321301,148634,198637,17891,21454,82299,102722,4015,4401,149769,175681,135113,158625,6357,7664,4042,4231,1273,1543,373,462,2611,3156,137390,161359,7477,9037,5431,5895,1853,2270,616,758
R,4,2023,71,3269453,1525156,1744297,1280868,1423106,142305,193701,12813,14812,70974,91408,2301,2655,15895,18615,1294089,1438452,146189,199048,22098,25867,75930,96753,4169,4767,1384811,1579988,1153744,1274838,136619,186336,9167,10993,69803,90016,1968,2218,13510,15587,1164904,1287504,139509,190360,17100,20460,74276,94715,3610,4064,140345,164309,127124,148268,5686,7365,3646,3819,1171,1392,333,437,2385,3028,129185,150948,6680,8688,4998,5407,1654,2038,559,703
R,4,2023,72,3029534,1400383,1629151,1169124,1320378,133471,184576,12058,13937,68521,90446,2177,2393,15032,17421,1181644,1334557,137154,189699,20802,24244,73257,95573,3940,4420,1269895,1472956,1051092,1179291,128003,177770,8695,10212,67400,89041,1870,2029,12835,14613,1061693,1191033,130735,181657,16266,19032,71660,93530,3444,3768,130488,156195,118032,141087,5468,6806,3363,3725,1121,1405,307,364,2197,2808,119951,143524,6419,8042,4536,5212,1597,2043,496,652
R,4,2023,73,2925117,1348583,1576534,1126664,1279874,125615,174947,11594,13110,68416,89568,2229,2455,14065,16580,1138347,1293330,129072,179849,19946,22900,72704,94364,3889,4394,1226870,1429174,1016404,1146570,120618,168461,8494,9780,67424,88313,1884,2086,12046,13964,1026364,1157775,123265,172177,15702,18229,71248,92512,3357,3790,121713,147360,110260,133304,4997,6486,3100,3330,992,1255,345,369,2019,2616,111983,135555,5807,7672,4244,4671,1456,1852,532,604
R,4,2023,74,2822852,1296909,1525943,1092994,1251805,114347,162298,10749,12269,63645,81719,2060,2293,13114,15559,1103894,1264612,117502,166753,18572,21660,67649,86094,3593,4024,1186035,1389057,992430,1127680,109909,156468,7924,9212,62746,80537,1763,1969,11263,13191,1001722,1138432,112300,159859,14741,17406,66327,84377,3119,3484,110874,136886,100564,124125,4438,5830,2825,3057,899,1182,297,324,1851,2368,102172,126180,5202,6894,3831,4254,1322,1717,474,540
R,4,2023,75,2800129,1285107,1515022,1095824,1259841,105691,150984,10078,11494,58972,75486,1858,2060,12684,15157,1106434,1272393,108767,155261,17783,20652,62657,79736,3310,3764,1179985,1384844,1000386,1141597,101511,145528,7453,8740,58104,74371,1603,1761,10928,12847,1009455,1152120,103860,148809,14203,16688,61394,78116,2911,3266,105122,130178,95438,118244,4180,5456,2625,2754,868,1115,255,299,1756,2310,96979,120273,4907,6452,3580,3964,1263,1620,399,498
R,4,2023,76,2761832,1274632,1487200,1098014,1250333,97638,138430,9745,11050,55471,71084,1694,1858,12070,14445,1108247,1262388,100415,142368,17190,19909,58862,75022,3085,3468,1176067,1364145,1008183,1138406,93849,133266,7311,8475,54774,70044,1465,1594,10485,12360,1017033,1148618,95985,136308,13919,16224,57794,73546,2695,3030,98565,123055,89831,111927,3789,5164,2434,2575,697,1040,229,264,1585,2085,91214,113770,4430,6060,3271,3685,1068,1476,390,438
R,4,2023,77,1951136,875796,1075340,740997,887680,72847,109612,7143,8446,44341,56917,1480,1656,8988,11029,748463,896777,75014,112674,12455,14868,47084,60164,2614,2987,796627,970640,668928,792401,69722,105204,5227,6284,43743,56082,1285,1440,7722,9229,675307,799933,71365,107482,9852,11771,46200,58915,2284,2628,79169,104700,72069,95279,3125,4408,1916,2162,598,835,195,216,1266,1800,73156,96844,3649,5192,2603,3097,884,1249,330,359
R,4,2023,78,1905417,852136,1053281,723719,872436,69433,105536,6780,8153,42249,54788,1281,1534,8674,10834,731012,881417,71469,108565,11924,14558,44788,57911,2417,2831,778714,956212,656742,783999,66637,101583,5087,6152,41647,53970,1110,1314,7491,9194,662985,791557,68177,103874,9623,11714,43921,56721,2138,2468,73422,97069,66977,88437,2796,3953,1693,2001,602,818,171,220,1183,1640,68027,89860,3292,4691,2301,2844,867,1190,279,363
R,4,2023,79,1848555,819208,1029347,702747,863470,63193,97895,6181,7557,38168,49004,1153,1259,7766,10162,709313,871903,64885,100686,10919,13642,40410,51812,2136,2503,753474,939092,642714,780963,60599,94351,4687,5788,37688,48268,1010,1104,6776,8618,648426,788058,61911,96474,8904,11077,39689,50733,1882,2214,65734,90255,60033,82507,2594,3544,1494,1769,480,736,143,155,990,1544,60887,83845,2974,4212,2015,2565,721,1079,254,289
R,4,2023,80,1785976,784704,1001272,676770,844943,58264,93070,5625,7041,35703,45595,991,1217,7351,9406,682976,852786,59978,95618,10179,12845,37703,48128,1866,2263,725133,916328,622296,767513,55902,89501,4373,5309,35256,44953,881,1031,6425,8021,627717,774165,57216,91413,8455,10416,37042,47181,1654,1961,59571,84944,54474,77430,2362,3569,1252,1732,447,642,110,186,926,1385,55259,78621,2762,4205,1724,2429,661,947,212,302
R,4,2023,81,1505744,652189,853555,558762,714936,49386,81232,4947,6053,31856,42044,872,1069,6366,8221,564089,721797,50854,83456,8797,11009,33725,44317,1629,1988,600049,779574,511051,647075,47377,78429,3842,4610,31462,41477,759,901,5558,7082,515680,652941,48515,80151,7275,8973,33132,43489,1438,1731,52140,73981,47711,67861,2009,2803,1105,1443,394,567,113,168,808,1139,48409,68856,2339,3305,1522,2036,593,828,191,257
R,4,2023,82,1323555,565556,757999,482067,632660,43464,73318,4363,5500,29307,38321,783,962,5572,7238,486740,638642,44700,75271,7742,9824,30975,40412,1479,1821,518029,689444,438487,569780,41654,70579,3371,4282,28959,37790,696,813,4862,6200,442557,574869,42596,72082,6377,8074,30447,39632,1313,1576,47527,68555,43580,62880,1810,2739,992,1218,348,531,87,149,710,1038,44183,63773,2104,3189,1365,1750,528,780,166,245
R,4,2023,83,1182459,496111,686348,420795,570187,38901,67819,3861,5091,26724,35433,718,930,5112,6888,425118,575908,40042,69742,6831,9141,28310,37378,1341,1769,453106,622691,381456,511974,37218,65252,2973,3893,26382,34935,619,770,4458,5867,385208,516817,38085,66701,5607,7425,27819,36657,1182,1509,43005,63657,39339,58213,1683,2567,888,1198,342,498,99,160,654,1021,39910,59091,1957,3041,1224,1716,491,721,159,260
R,4,2023,84,1084991,449904,635087,384374,532686,33654,59922,3342,4563,23584,31163,581,807,4369,5946,388082,537664,34670,61482,5971,8124,24875,32856,1078,1515,411877,577228,349493,479681,32174,57558,2597,3501,23303,30730,498,684,3812,5074,352706,483913,32955,58729,4925,6626,24469,32208,953,1296,38027,57859,34881,53005,1480,2364,745,1062,281,433,83,123,557,872,35376,53751,1715,2753,1046,1498,406,648,125,219
R,4,2023,85,970841,396022,574819,337440,481174,29743,54441,3018,4108,21282,29031,547,768,3992,5297,340807,485579,30683,55906,5375,7155,22505,30560,1008,1401,362194,522315,306397,433102,28487,52288,2334,3176,21039,28638,463,627,3474,4484,309317,436795,29209,53405,4430,5823,22128,29980,866,1179,33828,52504,31043,48072,1256,2153,684,932,243,393,84,141,518,813,31490,48784,1474,2501,945,1332,377,580,142,222
R,4,2023,86,840143,336324,503819,286470,421743,24923,47442,2516,3551,18577,25681,477,602,3361,4800,289348,425752,25670,48743,4457,6347,19625,27067,863,1175,306868,457461,259370,379061,23767,45682,1986,2729,18369,25321,422,513,2954,4155,261889,382507,24340,46691,3732,5213,19320,26560,768,1021,29456,46358,27100,42682,1156,1760,530,822,208,360,55,89,407,645,27459,43245,1330,2052,725,1134,305,507,95,154
R,4,2023,87,755304,297082,458222,252972,383008,22375,43893,2219,3253,16141,23132,405,556,2970,4380,255451,386634,23064,45095,3918,5805,17095,24399,794,1056,271018,416411,228951,344611,21388,42267,1743,2505,15967,22826,357,468,2612,3734,231125,347685,21911,43199,3267,4717,16834,23933,703,912,26064,41811,24021,38397,987,1626,476,748,174,306,48,88,358,646,24326,38949,1153,1896,651,1088,261,466,91,144
R,4,2023,88,663184,255700,407484,217992,341748,18792,38210,1890,2830,14084,20381,361,478,2581,3837,220199,344931,19362,39258,3366,5015,14876,21558,698,933,233503,370623,197475,307849,17999,36788,1482,2138,13928,20103,324,408,2295,3337,199434,310602,18460,37610,2819,4070,14635,21157,633,810,22197,36861,20517,33899,793,1422,408,692,156,278,37,70,286,500,20765,34329,902,1648,547,945,241,401,65,123
R,4,2023,89,549961,207160,342801,176448,286855,15036,32052,1517,2290,11655,17902,322,431,2182,3271,178304,289590,15536,32934,2720,4154,12382,18886,587,832,189010,311942,159678,258433,14395,30878,1188,1757,11532,17664,282,376,1935,2834,161326,260793,14793,31567,2277,3414,12188,18545,517,727,18150,30859,16770,28422,641,1174,329,533,123,238,40,55,247,437,16978,28797,743,1367,443,740,194,341,70,105
R,4,2023,90,485787,178428,307359,152039,257388,12866,28465,1295,2049,10178,16259,256,345,1794,2853,153538,259743,13283,29266,2281,3674,10784,17088,495,727,163484,280711,138219,232819,12323,27441,1031,1605,10067,16063,226,300,1618,2483,139563,234858,12672,28084,1920,3054,10631,16789,447,640,14944,26648,13820,24569,543,1024,264,444,111,196,30,45,176,370,13975,24885,611,1182,361,620,153,299,48,87
R,4,2023,91,420022,150431,269591,129554,228423,9868,23009,1032,1693,8292,13676,200,292,1485,2498,130828,230507,10224,23677,1854,3132,8772,14398,387,597,137642,246635,117640,207140,9483,22190,814,1326,8204,13540,177,263,1324,2176,118776,208944,9768,22723,1557,2594,8640,14197,341,534,12789,22956,11914,21283,385,819,218,367,88,136,23,29,161,322,12052,21563,456,954,297,538,132,201,46,63
R,4,2023,92,357951,124042,233909,106645,197866,7993,19594,845,1487,7057,12532,185,274,1317,2156,107752,199673,8291,20193,1571,2698,7509,13176,359,547,113506,214045,96846,179464,7656,18908,660,1150,7003,12397,169,234,1172,1892,97828,181042,7902,19384,1306,2235,7415,12966,327,483,10536,19864,9799,18402,337,686,185,337,54,135,16,40,145,264,9924,18631,389,809,265,463,94,210,32,64
R,4,2023,93,290485,97292,193193,83279,162985,6399,16517,742,1200,5733,10487,146,225,993,1779,84119,164451,6644,17021,1312,2208,6040,11005,268,449,88855,176950,75449,147919,6115,15951,593,947,5685,10382,128,198,885,1553,76202,149198,6312,16349,1109,1850,5958,10844,236,392,8437,16243,7830,15066,284,566,149,253,48,105,18,27,108,226,7917,15253,332,672,203,358,82,161,32,57
R,4,2023,94,231582,74139,157443,63545,133127,4714,13133,526,936,4421,8517,103,196,830,1534,64236,134400,4909,13576,983,1803,4689,8967,226,391,68035,144722,57869,121379,4519,12669,425,728,4386,8417,94,177,742,1352,58485,122489,4682,13028,840,1512,4631,8824,203,354,6104,12721,5676,11748,195,464,101,208,35,100,9,19,88,182,5751,11911,227,548,143,291,58,143,23,37
R,4,2023,95,185092,57030,128062,48699,108241,3582,10566,401,795,3620,7053,76,147,652,1260,49253,109297,3723,10904,757,1520,3843,7405,168,318,52519,118308,44493,99243,3451,10220,323,640,3593,6969,70,128,589,1108,44994,100163,3568,10494,649,1290,3799,7282,153,279,4511,9754,4206,8998,131,346,78,155,27,84,6,19,63,152,4259,9134,155,410,108,230,44,123,15,39
R,4,2023,96,140418,41565,98853,35214,83349,2701,8091,305,631,2781,5689,61,109,503,984,35629,84166,2836,8379,594,1195,2940,5959,122,229,38296,91476,32180,76546,2598,7807,257,508,2762,5638,55,95,444,882,32546,77278,2707,8048,515,1023,2902,5881,105,201,3269,7377,3034,6803,103,284,48,123,19,51,6,14,59,102,3083,6888,129,331,79,172,38,78,17,28
R,4,2023,97,103617,29095,74522,24530,62481,1864,6228,216,465,2093,4487,30,86,362,775,24833,63117,1960,6453,408,900,2208,4715,83,189,26865,69209,22464,57568,1795,6034,175,379,2082,4448,26,77,323,703,22735,58149,1870,6225,349,781,2186,4654,72,167,2230,5313,2066,4913,69,194,41,86,11,39,4,9,39,72,2098,4968,90,228,59,119,22,61,11,22
R,4,2023,98,74930,20124,54806,16745,45832,1323,4445,150,366,1607,3486,34,81,265,596,16969,46327,1391,4633,296,709,1696,3647,72,153,18619,51054,15353,42356,1279,4312,127,309,1595,3465,31,75,234,537,15551,42803,1334,4473,257,627,1675,3605,63,138,1505,3752,1392,3476,44,133,23,57,12,21,3,6,31,59,1418,3524,57,160,39,82,21,42,9,15
R,4,2023,99,52611,13698,38913,11287,32408,888,3236,116,244,1189,2540,17,54,201,431,11448,32759,941,3368,227,486,1262,2655,45,117,12739,36421,10396,30112,862,3139,102,205,1182,2519,15,48,182,398,10545,30438,906,3255,205,432,1248,2624,38,106,959,2492,891,2296,26,97,14,39,7,21,2,6,19,33,903,2321,35,113,22,54,14,31,7,11
R,4,2023,100,90600,21038,69562,16596,56235,1420,5973,191,498,2418,5834,38,110,375,912,16906,56960,1532,6288,390,1005,2546,6088,96,244,19659,65610,15340,52588,1369,5829,167,443,2403,5810,35,103,345,837,15627,53251,1468,6111,349,914,2522,6041,88,224,1379,3952,1256,3647,51,144,24,55,15,24,3,7,30,75,1279,3709,64,177,41,91,24,47,8,20
R,5,2023,999,336315484,166466203,169849281,125998970,126813561,22087750,23846096,2304621,2251807,10471383,11294126,460380,446942,5143099,5196749,130600778,131439570,24465061,26292538,3741888,3744362,12396259,13202965,900280,888349,133146500,137315371,97076432,98613473,20365344,22084377,1198887,1232445,10115318,10939835,330012,324010,4060507,4121231,100709104,102279777,22222738,24005861,2196466,2290659,11744392,12554268,672980,669698,33319703,32533910,28922538,28200088,1722406,1761719,1105734,1019362,356065,354291,130368,122932,1082592,1075518,29891674,29159793,2242323,2286677,1545422,1453703,651867,648697,227300,218651
R,5,2023,0,3660126,1869667,1790459,1285224,1228255,301417,292219,36708,35580,111243,104591,8066,7691,127009,122123,1402027,1340526,371661,359900,60445,58535,158194,149539,16783,16005,1333967,1273360,853827,812316,260246,252287,12148,11640,102761,96642,4417,4063,100568,96412,946846,901458,316682,306514,27055,25992,141497,133648,10718,10056,535700,517099,431397,415939,41171,39932,24560,23940,8482,7949,3649,3628,26441,25711,455181,439068,54979,53386,33390,32543,16697,15891,6065,5949
R,5,2023,1,3728269,1904476,1823793,1306580,1247786,308024,299694,36281,34738,116028,109603,7969,7588,129594,124384,1425740,1362126,379570,368445,60478,58063,164069,155587,16858,16036,1371664,1309420,877589,833472,266987,259963,12463,11813,107626,101602,4453,4200,102546,98370,972408,924400,324377,315096,27611,26398,147324,139602,10887,10321,532812,514373,428991,414314,41037,39731,23818,22925,8402,8001,3516,3388,27048,26014,453332,437726,55193,53349,32867,31665,16745,15985,5971,5715
R,5,2023,2,3627219,1854457,1772762,1267027,1206728,305598,296857,34719,33443,115419,109159,7052,6619,124642,119956,1381634,1316991,374376,363148,57988,55893,161662,153564,15589,14762,1349903,1286529,859198,813723,267647,260131,12432,12001,107750,101668,4242,3908,98634,95098,950397,901610,322787,313382,26988,26092,146007,138470,10430,9833,504554,486233,407829,393005,37951,36726,22287,21442,7669,7491,2810,2711,26008,24858,431237,415381,51589,49766,31000,29801,15655,15094,5159,4929
R,5,2023,3,3792479,1937795,1854684,1339812,1279299,305568,296669,36938,35475,122112,115679,7301,6911,126064,120651,1455725,1390223,375230,363453,60303,57950,168920,160320,15927,15079,1425930,1362347,923953,878843,269049,261688,13953,13490,114125,108054,4527,4236,100323,96036,1016672,967584,325146,315506,28739,27712,153079,145215,10874,10252,511865,492337,415859,400456,36519,34981,22985,21985,7987,7625,2774,2675,25741,24615,439053,422639,50084,47947,31564,30238,15841,15105,5053,4827
R,5,2023,4,3839590,1960795,1878795,1358559,1297557,307017,299945,37413,35760,124047,117589,7470,7011,126289,120933,1474642,1408700,376659,366793,60926,58417,170996,162295,16124,15222,1442251,1378597,936794,889955,270254,264554,14269,13848,115902,109829,4636,4337,100396,96074,1029536,978694,326205,318307,29148,28170,155003,147004,11019,10378,518544,500198,421765,407602,36763,35391,23144,21912,8145,7760,2834,2674,25893,24859,445106,430006,50454,48486,31778,30247,15993,15291,5105,4844
R,5,2023,5,3930566,2009603,1920963,1391114,1325984,314479,306820,38176,35932,129741,122245,7589,7109,128504,122873,1509190,1438882,384962,374620,62187,59036,177753,167708,16448,15475,1481291,1412660,959007,909852,278712,272174,14535,13942,121756,114564,4808,4451,102473,97677,1053613,1000023,335556,326742,29773,28563,161876,152421,11365,10614,528312,508303,432107,416132,35767,34646,23641,21990,7985,7681,2781,2658,26031,25196,455577,438859,49406,47878,32414,30473,15877,15287,5083,4861
R,5,2023,6,4016048,2054597,1961451,1429391,1359946,314812,307123,37138,35973,135892,127492,7758,7266,129606,123651,1548397,1473583,384990,374744,61610,59479,184987,173544,16874,15800,1517068,1443879,985959,933350,279262,272675,15503,14886,127946,119937,4995,4613,103403,98418,1081317,1024212,335749,327105,31162,29844,169079,158374,11802,10921,537529,517572,443432,426596,35550,34448,21635,21087,7946,7555,2763,2653,26203,25233,467080,449371,49241,47639,30448,29635,15908,15170,5072,4879
R,5,2023,7,4103359,2096720,2006639,1473482,1403801,316524,310276,36653,35257,132186,125023,7581,7267,130294,125015,1593236,1518719,386882,378405,61639,59211,181253,171564,16713,15906,1548199,1478767,1017689,965409,281674,276273,15992,15316,124205,117536,4796,4631,103843,99602,1113574,1057398,338349,331166,32002,30645,165199,156386,11567,11038,548521,527872,455793,438392,34850,34003,20661,19941,7981,7487,2785,2636,26451,25413,479662,461321,48533,47239,29637,28566,16054,15178,5146,4868
R,5,2023,8,4132175,2110302,2021873,1480050,1412837,321403,314117,36396,35476,134856,127464,7441,7307,130156,124672,1599668,1527412,391654,381879,61408,59490,183836,173930,16599,15967,1564850,1494118,1026313,974514,286100,279593,16331,15704,127292,120131,4809,4699,104005,99477,1122320,1066350,342703,334249,32479,31124,168386,159013,11661,11169,545452,527755,453737,438323,35303,34524,20065,19772,7564,7333,2632,2608,26151,25195,477348,461062,48951,47630,28929,28366,15450,14917,4938,4798
R,5,2023,9,4107570,2103977,2003593,1479906,1403291,322301,312755,36553,35347,129838,122808,7083,6831,128296,122561,1597827,1515901,391271,379655,61453,59074,178124,168155,16211,15393,1561272,1483883,1028208,971297,286737,278439,16683,15931,122609,115949,4614,4445,102421,97822,1122788,1061589,342265,332467,32811,31249,163044,153823,11380,10786,542705,519710,451698,431994,35564,34316,19870,19416,7229,6859,2469,2386,25875,24739,475039,454312,49006,47188,28642,27825,15080,14332,4831,4607
R,5,2023,10,4104153,2096584,2007569,1473140,1406585,319826,311446,36297,35168,133450,126309,7179,6928,126692,121133,1589444,1517744,387363,376848,60966,58862,181682,171694,16400,15577,1557174,1486693,1022947,972133,285220,277973,16740,16034,126349,119399,4717,4485,101201,96669,1116249,1061245,339572,330681,32741,31393,166831,157362,11572,10870,539410,520876,450193,434452,34606,33473,19557,19134,7101,6910,2462,2443,25491,24464,473195,456499,47791,46167,28225,27469,14851,14332,4828,4707
R,5,2023,11,4117581,2109023,2008558,1489953,1415657,321861,310968,37566,35767,127385,120346,6898,6652,125360,119168,1605041,1525042,389030,375234,62363,59419,174503,164723,15929,15203,1561781,1483572,1032548,976376,287588,278110,16973,16179,120364,113750,4468,4295,99840,94862,1124620,1063860,341555,329799,33032,31478,159755,150779,11148,10594,547242,524986,457405,439281,34273,32858,20593,19588,7021,6596,2430,2357,25520,24306,480421,461182,47475,45435,29331,27941,14748,13944,4781,4609
R,5,2023,12,4158801,2133089,2025712,1516140,1436187,324087,312200,35519,34283,124882,117660,6813,6471,125648,118911,1631594,1545331,391251,376234,60602,58335,171928,161672,15899,14955,1573622,1489272,1042323,982497,291833,280679,17124,16361,118119,111334,4488,4242,99735,94159,1134354,1069285,345690,331919,33321,31861,157347,147970,11186,10485,559467,536440,473817,453690,32254,31521,18395,17922,6763,6326,2325,2229,25913,24752,497240,476046,45561,44315,27281,26474,14581,13702,4713,4470
R,5,2023,13,4251555,2177377,2074178,1557495,1476559,329442,318309,35407,34063,122891,117535,6640,6483,125502,121229,1673103,1587962,396819,383951,60632,58733,169123,161750,15468,14970,1600615,1521881,1065969,1006122,297222,287266,17522,17061,116358,111365,4501,4307,99043,95760,1157603,1094471,351046,339603,33584,32920,154727,148216,10996,10531,576762,552297,491526,470437,32220,31043,17885,17002,6533,6170,2139,2176,26459,25469,515500,493491,45773,44348,27048,25813,14396,13534,4472,4439
R,5,2023,14,4353870,2229078,2124792,1599541,1517789,339486,328871,35984,34381,123253,118004,6789,6663,124025,119084,1713474,1627358,406244,393515,61199,58085,168491,161128,15482,15028,1642639,1564727,1098213,1039500,307059,297352,17990,17383,116646,111826,4635,4513,98096,94153,1188661,1126503,360584,349281,34095,32395,154384,147780,11081,10656,586439,560065,501328,478289,32427,31519,17994,16998,6607,6178,2154,2150,25929,24931,524813,500855,45660,44234,27104,25690,14107,13348,4401,4372
R,5,2023,15,4497165,2303851,2193314,1657393,1569775,349508,338960,37489,35922,128225,122301,6934,6717,124302,119639,1771492,1679567,416117,404244,62740,60283,173652,165183,15894,15052,1695977,1615088,1136092,1074696,316307,307107,18624,18153,121739,116125,4725,4463,98490,94544,1226846,1161747,369945,359570,34779,33619,159634,151803,11332,10605,607874,578226,521301,495079,33201,31853,18865,17769,6486,6176,2209,2254,25812,25095,544646,517820,46172,44674,27961,26664,14018,13380,4562,4447
R,5,2023,16,4484742,2297354,2187388,1659755,1574372,347097,335085,38120,36035,125773,119869,6818,6722,119791,115305,1769766,1680084,410916,397233,62839,59971,169690,161347,15484,14965,1692881,1611189,1141203,1080049,314384,303682,18668,18036,119214,113789,4689,4503,94723,91130,1228542,1163881,365598,353777,34479,33262,155775,148351,11075,10558,604473,576199,518552,494323,32713,31403,19452,17999,6559,6080,2129,2219,25068,24175,541224,516203,45318,43456,28360,26709,13915,12996,4409,4407
R,5,2023,17,4403693,2253554,2150139,1637559,1552665,333404,325489,37088,35293,125110,121256,6694,6599,113699,108837,1741827,1652423,393299,383368,61237,58141,166853,161030,14859,14323,1666262,1591108,1132512,1071464,302301,295521,18158,17742,118912,115515,4557,4503,89822,86363,1215133,1150854,350424,342307,33496,32329,153829,148800,10607,10222,587292,559031,505047,481201,31103,29968,18930,17551,6198,5741,2137,2096,23877,22474,526694,501569,42875,41061,27741,25812,13024,12230,4252,4101
R,5,2023,18,4378573,2240446,2138127,1630000,1545008,327656,318217,36948,34778,130378,128731,6835,6544,108629,104849,1729411,1640769,383822,372918,60547,57358,170931,167430,14683,14140,1665282,1592791,1134449,1074675,297584,289400,18086,17422,124363,123040,4752,4638,86048,83616,1213481,1151257,342678,333744,33191,32030,158479,155691,10590,10361,575164,545336,495551,470333,30072,28817,18862,17356,6015,5691,2083,1906,22581,21233,515930,489512,41144,39174,27356,25328,12452,11739,4093,3779
R,5,2023,19,4419885,2259700,2160185,1650660,1565677,326119,318970,36337,34212,134385,132881,6688,6411,105511,102034,1747270,1659062,380048,371647,59692,56697,173810,170704,14394,13800,1693054,1620758,1161393,1099130,296840,291112,17874,17358,128466,127301,4701,4556,83780,81301,1238352,1173750,340282,333691,32989,32109,161648,159206,10467,10056,566646,539427,489267,466547,29279,27858,18463,16854,5919,5580,1987,1855,21731,20733,508918,485312,39766,37956,26703,24588,12162,11498,3927,3744
R,5,2023,20,4367001,2232448,2134553,1632618,1547451,322929,317562,36082,33457,134243,132651,6652,6358,99924,97074,1723731,1636015,373719,367222,58751,55534,171511,168649,14199,13511,1676063,1604545,1151523,1087883,293990,290560,17622,17145,128586,127232,4711,4553,79631,77172,1224354,1158537,335058,330611,32410,31597,160043,157474,10374,9971,556385,530008,481095,459568,28939,27002,18460,16312,5657,5419,1941,1805,20293,19902,499377,477478,38661,36611,26341,23937,11468,11175,3825,3540
R,5,2023,21,4372787,2232787,2140000,1631254,1551201,327926,322653,35672,33166,134328,131780,6397,6263,97210,94937,1719919,1637545,377110,371347,58494,55710,170187,166341,13619,13337,1684212,1617878,1156413,1098338,299424,295873,17811,17169,128857,126514,4539,4456,77168,75528,1226971,1167264,339098,335169,32638,32044,159070,155624,10064,9835,548575,522122,474841,452863,28502,26780,17861,15997,5471,5266,1858,1807,20042,19409,492948,470281,38012,36178,25856,23666,11117,10717,3555,3502
R,5,2023,22,4450625,2271600,2179025,1652840,1573600,335133,330496,35412,33788,145328,141813,6366,6259,96521,93069,1740574,1658132,383617,377743,58496,56045,181248,175911,13667,13335,1724684,1657927,1178699,1121291,306858,303735,18055,17529,139809,136680,4619,4422,76644,74270,1248446,1188927,345801,341950,33303,32441,170197,165512,10143,9797,546916,521098,474141,452309,28275,26761,17357,16259,5519,5133,1747,1837,19877,18799,492128,469205,37816,35793,25193,23604,11051,10399,3524,3538
R,5,2023,23,4425770,2257317,2168453,1640538,1563249,336677,332077,35612,33905,144762,141989,6397,6080,93331,91153,1725419,1645739,383642,378707,58821,56346,178529,174791,13398,13015,1720030,1655657,1174266,1118194,309089,305789,18378,17732,139371,136889,4635,4327,74291,72726,1241965,1184129,346974,343563,33816,32818,167976,164537,9994,9601,537287,512796,466272,445055,27588,26288,17234,16173,5391,5100,1762,1753,19040,18427,483454,461610,36668,35144,25005,23528,10553,10254,3404,3414
R,5,2023,24,4384000,2232714,2151286,1625745,1553340,330395,327223,34751,33591,144451,142756,6383,5958,90989,88418,1708214,1633362,375684,371994,57617,56033,177458,174424,13627,12749,1708479,1647848,1170828,1116221,303492,301400,18057,17633,139039,137639,4643,4254,72420,70701,1236594,1180313,340022,337736,33429,32973,166925,164303,10219,9491,524235,503438,454917,437119,26903,25823,16694,15958,5412,5117,1740,1704,18569,17717,471620,453049,35662,34258,24188,23060,10533,10121,3408,3258
R,5,2023,25,4366241,2220291,2145950,1612119,1543572,331034,327943,34240,33298,148743,149230,6379,6068,87776,85839,1691511,1621196,374432,370832,56793,55398,180471,180073,13203,12593,1704255,1650892,1163304,1113106,305215,302878,17640,17644,143521,144152,4690,4359,69885,68753,1226590,1175365,340225,337660,32864,32834,170370,170310,9959,9394,516036,495058,448815,430466,25819,25065,16600,15654,5222,5078,1689,1709,17891,17086,464921,445831,34207,33172,23929,22564,10101,9763,3244,3199
R,5,2023,26,4382881,2223999,2158882,1616487,1551466,328501,327684,34053,32836,153270,156810,6410,5950,85278,84136,1693616,1627292,369850,369196,56743,55218,184306,187008,13142,12614,1710680,1667002,1170105,1123342,302765,303348,17649,17400,148120,151730,4665,4318,67376,66864,1231163,1183619,335673,336706,32845,32624,174400,177298,9838,9471,513319,491880,446382,428124,25736,24336,16404,15436,5150,5080,1745,1632,17902,17272,462453,443673,34177,32490,23898,22594,9906,9710,3304,3143
R,5,2023,27,4425354,2246236,2179118,1631886,1564351,332096,331235,34001,32264,158043,163484,6475,6336,83735,81448,1707421,1637658,371972,370808,56899,54587,188685,192949,13172,12969,1733808,1687309,1185571,1135531,306507,306859,17807,17188,152953,158368,4704,4603,66266,64760,1245380,1193888,338338,338526,33279,32478,178943,183324,9914,9819,512428,491809,446315,428820,25589,24376,16194,15076,5090,5116,1771,1733,17469,16688,462041,443770,33634,32282,23620,22109,9742,9625,3258,3150
R,5,2023,28,4494112,2277631,2216481,1647208,1582771,346584,346286,34295,32989,161070,167775,6591,6545,81883,80115,1720545,1654344,384985,384952,57576,55540,191032,196784,13572,13214,1764167,1723247,1199768,1152928,320698,321344,18229,17633,155900,162743,4808,4813,64764,63786,1257708,1209937,351200,352314,34197,33306,181401,187332,10238,10051,513464,493234,447440,429843,25886,24942,16066,15356,5170,5032,1783,1732,17119,16329,462837,444407,33785,32638,23379,22234,9631,9452,3334,3163
R,5,2023,29,4585518,2325321,2260197,1674871,1606031,363343,361918,35049,34085,166179,172836,6688,6687,79191,78640,1745408,1675949,399695,399220,58189,57114,195597,201207,13619,13452,1805654,1763934,1221228,1173433,337039,336704,18843,18595,161112,167755,4913,4975,62519,62472,1276852,1228934,365748,366495,34774,34675,186104,191809,10308,10236,519667,496263,453643,432598,26304,25214,16206,15490,5067,5081,1775,1712,16672,16168,468556,447015,33947,32725,23415,22439,9493,9398,3311,3216
R,5,2023,30,4665751,2364960,2300791,1700580,1633238,374867,371209,36311,34777,170166,178720,6947,6713,76089,76134,1768142,1700804,408812,406229,59207,57647,198782,206720,13711,13384,1841574,1803237,1243490,1198800,348005,346138,19604,19239,165202,173553,5079,4939,60194,60568,1296915,1252534,374670,373853,35459,35314,189750,197510,10446,10188,523386,497554,457090,434438,26862,25071,16707,15538,4964,5167,1868,1774,15895,15566,471227,448270,34142,32376,23748,22333,9032,9210,3265,3196
R,5,2023,31,4758082,2403219,2354863,1729792,1671219,377891,380328,37702,35079,176357,185611,7354,6943,74123,75683,1795002,1737674,409717,414503,60676,57820,204887,214476,14310,13911,1875255,1855394,1269787,1236922,350486,353527,20333,19589,171258,180270,5326,5116,58065,59970,1320759,1289536,375019,380303,36110,35488,195669,204939,10830,10549,527964,499469,460005,434297,27405,26801,17369,15490,5099,5341,2028,1827,16058,15713,474243,448138,34698,34200,24566,22332,9218,9537,3480,3362
R,5,2023,32,4826013,2436752,2389261,1757257,1696239,379486,385126,37108,34150,184227,193148,7837,7295,70837,73303,1818968,1760203,409169,417825,59065,56232,212507,221728,14943,14322,1911400,1899144,1300603,1271606,351556,357509,19787,19272,178763,187603,5694,5448,54997,57706,1348265,1321780,374020,382906,34683,34596,202962,211945,11294,11058,525352,490117,456654,424633,27930,27617,17321,14878,5464,5545,2143,1847,15840,15597,470703,438423,35149,34919,24382,21636,9545,9783,3649,3264
R,5,2023,33,4800449,2421097,2379352,1753194,1691451,371360,380910,36517,33652,186153,196934,8003,7347,65870,69058,1810711,1751725,398439,411177,56885,54677,212808,223961,14497,13981,1901553,1899687,1300776,1275945,343906,353541,19297,18999,180774,191534,5807,5520,50993,54148,1345077,1323020,364237,376728,33075,33437,203611,214732,10932,10800,519544,479665,452418,415506,27454,27369,17220,14653,5379,5400,2196,1827,14877,14910,465634,428705,34202,34449,23810,21240,9197,9229,3565,3181
R,5,2023,34,4676034,2359729,2316305,1717217,1651030,349820,362422,35331,32031,187567,199092,7862,7031,61932,64699,1771179,1707406,374602,390379,54784,51789,212871,224740,14089,13255,1855883,1855293,1278023,1250999,323583,336264,18375,17937,182406,193779,5830,5346,47666,50968,1319366,1295203,341787,357717,31380,31702,204127,215879,10798,10326,503846,461012,439194,400031,26237,26158,16956,14094,5161,5313,2032,1685,14266,13731,451813,412203,32815,32662,23404,20087,8744,8861,3291,2929
R,5,2023,35,4589370,2316689,2272681,1703334,1635527,330148,343851,34635,31450,182067,193079,7832,6966,58673,61808,1754241,1689427,353245,370204,53082,50396,206326,217796,13960,13067,1812987,1815748,1262638,1238373,305134,318335,17789,17394,177070,188125,5676,5261,44680,48260,1301149,1280334,321875,338147,29842,30417,197865,209375,10543,10162,503702,456933,440696,397154,25014,25516,16846,14056,4997,4954,2156,1705,13993,13548,453092,409093,31370,32057,23240,19979,8461,8421,3417,2905
R,5,2023,36,4538138,2294989,2243149,1700224,1622796,318834,333262,33671,30475,179357,190055,7681,6880,55222,59681,1748304,1674816,340284,358471,51419,49378,202148,213730,13319,12657,1795318,1790353,1262136,1228634,294173,308308,17197,16776,174366,185250,5471,5105,41975,46280,1298449,1268765,309499,327176,28889,29699,193962,205589,9991,9710,499671,452796,438088,394162,24661,24954,16474,13699,4991,4805,2210,1775,13247,13401,449855,406051,30785,31295,22530,19679,8186,8141,3328,2947
R,5,2023,37,4550038,2302224,2247814,1714770,1634341,313140,328875,33198,30206,179313,190152,7822,7036,53981,57204,1761635,1683924,333685,352475,50789,48599,201532,213106,13602,12842,1799044,1795732,1273264,1240134,288551,304059,16438,16549,174347,185334,5595,5325,40849,44331,1308482,1278347,303140,321576,27968,29268,193358,205010,10208,10008,503180,452082,441506,394207,24589,24816,16760,13657,4966,4818,2227,1711,13132,12873,453153,405577,30545,30899,22821,19331,8174,8096,3394,2834
R,5,2023,38,4514591,2279672,2234919,1704699,1628904,305262,323333,32363,29762,177604,190260,7660,6917,52084,55743,1749892,1677286,324755,345611,49727,48122,199083,212905,13254,12592,1780400,1785039,1265889,1236025,281451,299035,16121,16293,172629,185608,5401,5193,38909,42885,1299364,1273048,294993,315222,27375,28890,190953,205045,9839,9742,499272,449880,438810,392879,23811,24298,16242,13469,4975,4652,2259,1724,13175,12858,450528,404238,29762,30389,22352,19232,8130,7860,3415,2850
R,5,2023,39,4448530,2243722,2204808,1681990,1607825,295506,316589,32104,29529,176566,189682,7420,6800,50136,54383,1725469,1654957,314063,337841,49018,47844,197361,211867,12835,12493,1753429,1758621,1250752,1218013,272334,292690,15874,15973,171621,185155,5326,5119,37522,41671,1283031,1253924,285212,308057,26930,28510,189322,204107,9596,9661,490293,446187,431238,389812,23172,23899,16230,13556,4945,4527,2094,1681,12614,12712,442438,401033,28851,29784,22088,19334,8039,7760,3239,2832
R,5,2023,40,4503815,2269063,2234752,1707098,1634426,297612,320658,32749,29988,173996,188561,7464,6877,50144,54242,1750541,1681252,316005,341805,49918,48615,194574,210517,12916,12579,1771384,1779486,1268684,1236561,274336,296055,16160,16210,169164,183879,5355,5164,37685,41617,1301044,1272225,287143,311409,27561,29036,186677,202641,9694,9745,497679,455266,438414,397865,23276,24603,16589,13778,4832,4682,2109,1713,12459,12625,449497,409027,28862,30396,22357,19579,7897,7876,3222,2834
R,5,2023,41,4464342,2247113,2217229,1695671,1625600,293612,317559,31723,28938,170068,186044,7417,6724,48622,52364,1737741,1670718,311370,338193,48780,47209,189798,206902,12734,12225,1757032,1764215,1264167,1228851,270584,293558,15468,15456,165303,181267,5284,4962,36226,40121,1295224,1263216,282845,308522,26679,28042,181963,199060,9490,9372,490081,453014,431504,396749,23028,24001,16255,13482,4765,4777,2133,1762,12396,12243,442517,407502,28525,29671,22101,19167,7835,7842,3244,2853
R,5,2023,42,4421077,2222888,2198189,1683693,1614669,291891,318259,31235,28826,161096,178494,7285,6346,47688,51595,1724843,1659280,309332,338747,48128,46915,180396,198693,12531,11783,1738477,1750100,1256349,1222270,269659,294180,15335,15732,156304,173860,5158,4693,35672,39365,1286854,1256054,281756,308902,26544,28212,172676,191096,9339,9094,484411,448089,427344,392399,22232,24079,15900,13094,4792,4634,2127,1653,12016,12230,437989,403226,27576,29845,21584,18703,7720,7597,3192,2689
R,5,2023,43,4358066,2189085,2168981,1655804,1589967,291767,318753,30760,28135,157615,175353,7068,6517,46071,50256,1695581,1633172,308510,338652,47581,46055,175942,195019,12244,11880,1707359,1725912,1231232,1201849,269397,294962,14976,15258,152938,170794,4915,4874,33901,38175,1260237,1234372,280766,309171,25979,27664,168254,187467,9003,9176,481726,443069,424572,388118,22370,23791,15784,12877,4677,4559,2153,1643,12170,12081,435344,398800,27744,29481,21602,18391,7688,7552,3241,2704
R,5,2023,44,4186770,2097461,2089309,1591246,1533362,275911,305700,28876,26909,151829,170089,6320,5941,43279,47308,1628558,1574083,291610,324121,44655,43999,169060,188637,11084,10871,1646716,1665779,1192966,1162645,255221,282850,14436,14490,147517,165794,4519,4338,32057,35662,1220307,1193083,265913,295804,24840,26198,162094,181529,8297,8301,450745,423530,398280,370717,20690,22850,14440,12419,4312,4295,1801,1603,11222,11646,408251,381000,25697,28317,19815,17801,6966,7108,2787,2570
R,5,2023,45,4112519,2056864,2055655,1568406,1516283,266530,296037,28263,26691,145954,165189,6224,5727,41487,45728,1604021,1555439,281380,313694,43581,43533,162584,183130,10669,10482,1608793,1633037,1171575,1145203,246525,273923,14060,14428,141695,160801,4434,4233,30504,34449,1197440,1174420,256531,286228,24135,26015,155647,176052,7941,8062,448071,422618,396831,371080,20005,22114,14203,12263,4259,4388,1790,1494,10983,11279,406581,381019,24849,27466,19446,17518,6937,7078,2728,2420
R,5,2023,46,4021042,2006658,2014384,1530513,1485372,257966,288775,27622,25802,145057,165175,5957,5647,39543,43613,1564630,1522557,271878,305430,42517,42032,160728,182428,10318,10301,1570114,1597701,1143345,1118297,238716,267203,13947,14239,140788,160922,4254,4125,29064,32915,1168092,1146077,247947,278885,23889,25497,153949,175495,7692,7860,436544,416683,387168,367075,19250,21572,13675,11563,4269,4253,1703,1522,10479,10698,396538,376480,23931,26545,18628,16535,6779,6933,2626,2441
R,5,2023,47,3919920,1955188,1964732,1489411,1449548,250065,280257,26752,24988,145563,163464,5605,5392,37792,41083,1521957,1484565,263093,295634,41095,40529,160749,179820,9764,9706,1529907,1555832,1111510,1088443,231592,259380,13437,13616,141483,159274,4050,3983,27835,31136,1135202,1114706,240198,270151,23031,24499,154302,173165,7346,7460,425281,408900,377901,361105,18473,20877,13315,11372,4080,4190,1555,1409,9957,9947,386755,369859,22895,25483,18064,16030,6447,6655,2418,2246
R,5,2023,48,3940770,1964588,1976182,1502488,1464286,248807,279829,26347,24923,146038,162663,5693,5168,35215,39313,1532466,1497681,260851,294400,40124,40004,160103,178313,9650,9205,1545986,1573104,1128467,1106485,231539,260426,13265,13719,142097,158728,4147,3854,26471,29892,1150741,1131585,239798,270581,22662,24259,154163,172197,7350,7120,418602,403078,374021,357801,17268,19403,13082,11204,3941,3935,1546,1314,8744,9421,381725,366096,21053,23819,17462,15745,5940,6116,2300,2085
R,5,2023,49,3867788,1925551,1942237,1472733,1438342,243793,275611,25593,24502,144207,160863,5228,5053,33997,37866,1501681,1470342,255217,289522,38949,39179,157902,175966,9067,9071,1524326,1550316,1113632,1089887,227373,256848,13051,13535,140614,157121,3870,3786,25786,29139,1135337,1114229,235188,266712,22333,24061,152412,170150,7010,7034,401225,391921,359101,348455,16420,18763,12542,10967,3593,3742,1358,1267,8211,8727,366344,356113,20029,22810,16616,15118,5490,5816,2057,2037
R,5,2023,50,3937772,1958593,1979179,1499112,1467538,251235,283549,25540,24699,143582,160980,5217,4993,33907,37420,1527892,1499129,262241,297073,39097,39579,157346,175835,8990,8904,1563135,1591877,1144724,1123020,235265,265230,13245,13777,139998,157172,3914,3724,25989,28954,1166527,1147157,242868,274940,22823,24585,151969,170000,6990,6933,395458,387302,354388,344518,15970,18319,12295,10922,3584,3808,1303,1269,7918,8466,361365,351972,19373,22133,16274,14994,5377,5835,2000,1971
R,5,2023,51,4134950,2060465,2074485,1593599,1555951,259730,292003,26007,24862,142132,159075,5287,4932,33710,37662,1622134,1587712,270539,305280,39956,40291,155523,173834,9042,8945,1668712,1691337,1242565,1214574,244012,274037,13775,14221,138436,155460,3936,3686,25988,29359,1264298,1239032,251559,283543,23809,25578,150076,168323,7007,7004,391753,383148,351034,341377,15718,17966,12232,10641,3696,3615,1351,1246,7722,8303,357836,348680,18980,21737,16147,14713,5447,5511,2035,1941
R,5,2023,52,4368793,2181042,2187751,1703762,1657248,270584,304935,26550,25740,140131,156409,5148,5085,34867,38334,1733354,1689553,281726,318390,41234,41833,153704,171067,9183,9329,1790200,1807433,1353309,1319041,254913,286873,14507,14851,136497,152740,3837,3813,27137,30115,1376097,1344152,262764,296616,25273,26947,148272,165418,7148,7320,390842,380318,350453,338207,15671,18062,12043,10889,3634,3669,1311,1272,7730,8219,357257,345401,18962,21774,15961,14886,5432,5649,2035,2009
R,5,2023,53,4240416,2114605,2125811,1655366,1617714,261174,291247,25565,24628,134051,151187,5275,5042,33174,35993,1683368,1647797,271667,303680,39855,40163,146736,164947,9239,9132,1736533,1761058,1316562,1292493,245958,274320,13902,14483,130549,147594,3969,3879,25593,28289,1337891,1315892,253241,283342,24318,26189,141511,159439,7253,7274,378072,364753,338804,325221,15216,16927,11663,10145,3502,3593,1306,1163,7581,7704,345477,331905,18426,20338,15537,13974,5225,5508,1986,1858
R,5,2023,54,4095696,2038259,2057437,1602240,1573159,246644,276661,24474,23603,129609,145694,4687,4777,30605,33543,1628185,1601240,255853,287992,38142,38532,141227,158233,8245,8544,1683115,1712757,1283514,1265998,232242,260556,13696,13953,126423,142383,3539,3608,23701,26259,1303398,1287729,238547,268604,23816,25239,136505,153274,6467,6744,355144,344680,318726,307161,14402,16105,10778,9650,3186,3311,1148,1169,6904,7284,324787,313511,17306,19388,14326,13293,4722,4959,1778,1800
R,5,2023,55,4001504,1987488,2014016,1564049,1539315,245390,277106,23702,23275,120759,137624,4665,4667,28923,32029,1588404,1565965,254114,287888,36842,37696,131699,149452,7982,8484,1641565,1677496,1253701,1239027,231103,261217,13191,14057,117733,134535,3492,3569,22345,25091,1272254,1259650,237042,268857,22931,25040,127216,144751,6284,6761,345923,336520,310348,300288,14287,15889,10511,9218,3026,3089,1173,1098,6578,6938,316150,306315,17072,19031,13911,12656,4483,4701,1698,1723
R,5,2023,56,4033967,1994944,2039023,1579847,1570562,244448,279295,23299,23209,114498,130205,4749,4645,28103,31107,1603391,1596413,252860,289894,36364,37602,124912,141317,8150,8251,1662387,1712852,1280921,1279360,231038,263993,13367,14365,111545,127219,3624,3548,21892,24367,1299004,1299354,236774,271533,23230,25333,120561,136809,6504,6583,332557,326171,298926,291202,13410,15302,9932,8844,2953,2986,1125,1097,6211,6740,304387,297059,16086,18361,13134,12269,4351,4508,1646,1668
R,5,2023,57,4091695,2019448,2072247,1596874,1594720,251443,287074,23588,23456,115159,131467,4589,4617,27795,30913,1620017,1620376,259740,297268,36883,38181,125169,142449,7992,8272,1692234,1751616,1303259,1308678,237803,271918,13718,14702,112296,128417,3545,3643,21613,24258,1320983,1328546,243444,279151,23831,26095,120946,137841,6406,6691,327214,320631,293615,286042,13640,15156,9870,8754,2863,3050,1044,974,6182,6655,299034,291830,16296,18117,13052,12086,4223,4608,1586,1581
R,5,2023,58,4253758,2088099,2165659,1660900,1679406,256191,294784,23982,24245,114178,130829,4701,4836,28147,31559,1684399,1705502,264304,305074,37744,39688,124304,141719,8113,8586,1768663,1847387,1374068,1395146,243016,279811,14444,15707,111355,127904,3691,3817,22089,25002,1392246,1415535,248580,287176,24978,27838,120169,137320,6557,6985,319436,318272,286832,284260,13175,14973,9538,8538,2823,2925,1010,1019,6058,6557,292153,289967,15724,17898,12766,11850,4135,4399,1556,1601
R,5,2023,59,4323583,2120640,2202943,1696524,1718651,252712,290760,23614,24081,115339,133449,4451,4634,28000,31368,1719823,1744549,260578,300548,37657,39735,125294,144318,7928,8415,1815811,1895132,1423173,1443952,239814,276206,14483,15649,112648,130649,3485,3656,22208,25020,1441444,1464334,245277,283216,25430,28137,121308,140036,6423,6838,304829,307811,273351,274699,12898,14554,9131,8432,2691,2800,966,978,5792,6348,278379,280215,15301,17332,12227,11598,3986,4282,1505,1577
R,5,2023,60,4312755,2108122,2204633,1690150,1727026,248041,287175,23200,23756,114937,131154,4286,4536,27508,30986,1713156,1752530,255539,296910,36940,39496,124796,141652,7588,8186,1817416,1907984,1428987,1462026,236050,273522,14478,15612,112337,128411,3388,3629,22176,24784,1447333,1482158,241292,280494,25437,28178,120996,137527,6235,6712,290706,296649,261163,265000,11991,13653,8722,8144,2600,2743,898,907,5332,6202,265823,270372,14247,16416,11503,11318,3800,4125,1353,1474
R,5,2023,61,4330123,2113482,2216641,1710440,1751799,243631,284893,22801,23769,105105,121195,4305,4372,27200,30613,1733182,1776930,250933,294515,36635,39611,114762,131482,7650,7964,1834701,1933031,1459906,1498440,232227,272063,14479,15846,102706,118549,3474,3480,21909,24653,1478053,1518459,237307,279003,25532,28675,111156,127461,6313,6497,278781,283610,250534,253359,11404,12830,8322,7923,2399,2646,831,892,5291,5960,255129,258471,13626,15512,11103,10936,3606,4021,1337,1467
R,5,2023,62,4295185,2089308,2205877,1694016,1746478,239628,281319,21981,23292,102906,120979,4115,4271,26662,29538,1716290,1770733,246638,290265,35758,38819,112328,130922,7309,7785,1826083,1933284,1457708,1502539,228795,268948,14075,15906,100554,118404,3323,3459,21628,24028,1475545,1522028,233752,275521,25151,28571,108864,127062,6040,6445,263225,272593,236308,243939,10833,12371,7906,7386,2352,2575,792,812,5034,5510,240745,248705,12886,14744,10607,10248,3464,3860,1269,1340
R,5,2023,63,4209690,2044247,2165443,1654264,1709871,236084,278562,21402,22854,102417,121127,4114,4086,25966,28943,1676019,1733531,242900,287556,34845,38193,111627,130654,7221,7489,1790480,1903419,1426458,1475867,225460,266489,13910,15635,100179,118650,3315,3300,21158,23478,1444037,1494808,230285,273111,24772,28141,108313,126890,5949,6176,253767,262024,227806,234004,10624,12073,7492,7219,2238,2477,799,786,4808,5465,231982,238723,12615,14445,10073,10052,3314,3764,1272,1313
R,5,2023,64,4128788,1993783,2135005,1623411,1696371,224733,268476,19765,21648,97642,117461,3748,3825,24484,27224,1643852,1718796,231078,276583,32705,36471,106155,126306,6572,6910,1762709,1890225,1415906,1477382,214942,257205,13120,14935,95603,115207,3058,3151,20080,22345,1432536,1495610,219448,263156,23720,27214,103110,122959,5465,5809,231074,244780,207505,218989,9791,11271,6645,6713,2039,2254,690,674,4404,4879,211316,223186,11630,13427,8985,9257,3045,3347,1107,1101
R,5,2023,65,4089063,1968713,2120350,1609319,1693467,216134,259871,19284,21011,96442,115727,3580,3758,23954,26516,1629271,1715158,222326,267916,32085,35556,104737,124219,6358,6755,1749570,1885034,1412611,1482673,206904,249118,12876,14768,94494,113677,2944,3068,19741,21730,1428901,1500250,211354,255064,23438,26780,101875,121077,5308,5638,219143,235316,196708,210794,9230,10753,6408,6243,1948,2050,636,690,4213,4786,200370,214908,10972,12852,8647,8776,2862,3142,1050,1117
R,5,2023,66,3961353,1897848,2063505,1555407,1648896,205162,253409,18487,20020,92801,112251,3438,3491,22553,25438,1574199,1669850,211023,260957,30792,34419,100397,120018,6010,6399,1692219,1839570,1370973,1448362,196413,243030,12308,14131,91016,110225,2823,2893,18686,20929,1386392,1465392,200651,248572,22512,26164,97802,117006,5056,5377,205629,223935,184434,200534,8749,10379,6179,5889,1785,2026,615,598,3867,4509,187807,204458,10372,12385,8280,8255,2595,3012,954,1022
R,5,2023,67,3813629,1814524,1999105,1489289,1598741,193021,242064,17451,19432,90294,111070,3105,3481,21364,24317,1507124,1618615,198519,249309,29032,33151,97463,118692,5588,6193,1620437,1784121,1315229,1406158,184719,232211,11621,13846,88593,109041,2571,2902,17704,19963,1329873,1422299,188650,237513,21220,25290,94998,115666,4730,5205,194087,214984,174060,192583,8302,9853,5830,5586,1701,2029,534,579,3660,4354,177251,196316,9869,11796,7812,7861,2465,3026,858,988
R,5,2023,68,3703776,1754355,1949421,1445581,1564922,181829,230782,16373,18035,87325,109424,2982,3311,20265,22947,1462398,1583653,187010,237653,27608,30946,94080,116515,5329,5936,1572590,1745339,1281820,1381023,174199,221919,11276,13051,85738,107601,2500,2758,17057,18987,1295853,1396297,177999,227041,20789,23900,91811,113840,4541,5032,181765,204082,163761,183899,7630,8863,5097,4984,1587,1823,482,553,3208,3960,166545,187356,9011,10612,6819,7046,2269,2675,788,904
R,5,2023,69,3547393,1669860,1877533,1386287,1517591,165605,216632,15030,16916,81618,101950,2694,3032,18626,21412,1401852,1535070,170258,222929,25629,29271,87612,108420,4756,5486,1505280,1688675,1237916,1347438,158598,208411,10489,12269,80294,100280,2261,2527,15722,17750,1250956,1361743,162004,213062,19542,22673,85656,105989,4081,4666,164580,188858,148371,170153,7007,8221,4541,4647,1324,1670,433,505,2904,3662,150896,173327,8254,9867,6087,6598,1956,2431,675,820
R,5,2023,70,3400208,1592424,1807784,1327895,1467679,152337,202483,13799,15850,78580,98845,2635,2858,17178,20069,1342201,1484109,156543,208259,23510,27468,84211,104948,4624,5170,1441631,1631285,1191862,1308332,145967,194773,9714,11616,77289,97313,2254,2392,14545,16859,1203873,1321973,149045,199148,18028,21541,82338,102682,4001,4409,150793,176499,136033,159347,6370,7710,4085,4234,1291,1532,381,466,2633,3210,138328,162136,7498,9111,5482,5927,1873,2266,623,761
R,5,2023,71,3267922,1524477,1743445,1279337,1421491,142209,193453,12811,14836,71832,92368,2342,2679,15946,18618,1292597,1436818,146117,198786,22078,25872,76847,97762,4227,4799,1383950,1578629,1152116,1272735,136472,186097,9152,10991,70649,90963,2005,2240,13556,15603,1163310,1285404,139381,190111,17076,20444,75171,95712,3656,4088,140527,164816,127221,148756,5737,7356,3659,3845,1183,1405,337,439,2390,3015,129287,151414,6736,8675,5002,5428,1676,2050,571,711
R,5,2023,72,3050745,1410694,1640051,1178900,1330391,134075,185488,12115,14000,68377,90250,2175,2413,15052,17509,1191435,1344658,137768,190645,20896,24376,73093,95360,3934,4440,1279496,1483413,1060180,1188942,128598,178652,8739,10254,67260,88840,1872,2042,12847,14683,1070791,1200750,131344,182565,16333,19135,71503,93313,3444,3788,131198,156638,118720,141449,5477,6836,3376,3746,1117,1410,303,371,2205,2826,120644,143908,6424,8080,4563,5241,1590,2047,490,652
R,5,2023,73,2927466,1349439,1578027,1126633,1280268,125976,175485,11621,13180,68789,89992,2219,2439,14201,16663,1138426,1293794,129473,180406,20042,23001,73137,94857,3887,4393,1227175,1429762,1015904,1146178,120930,168938,8505,9833,67794,88719,1876,2075,12166,14019,1025956,1157426,123603,172665,15770,18293,71683,92974,3361,3791,122264,148265,110729,134090,5046,6547,3116,3347,995,1273,343,364,2035,2644,112470,136368,5870,7741,4272,4708,1454,1883,526,602
R,5,2023,74,2826842,1298347,1528495,1093829,1253318,114723,162693,10807,12327,63739,82216,2077,2303,13172,15638,1104784,1266185,117882,167179,18662,21756,67764,86610,3623,4047,1186827,1391114,992694,1128748,110258,156834,7948,9250,62825,81044,1778,1975,11324,13263,1002048,1139561,112649,160249,14804,17475,66425,84905,3141,3499,111520,137381,101135,124570,4465,5859,2859,3077,914,1172,299,328,1848,2375,102736,126624,5233,6930,3858,4281,1339,1705,482,548
R,5,2023,75,2784033,1277278,1506755,1087420,1250600,105926,151392,10083,11542,59344,75990,1862,2085,12643,15146,1097994,1263134,108986,155649,17734,20674,63042,80251,3316,3795,1171866,1376188,991709,1132034,101728,145920,7465,8755,58484,74869,1603,1782,10877,12828,1000732,1142529,104067,149176,14152,16679,61786,78622,2912,3290,105412,130567,95711,118566,4198,5472,2618,2787,860,1121,259,303,1766,2318,97262,120605,4919,6473,3582,3995,1256,1629,404,505
R,5,2023,76,2799580,1291304,1508276,1113013,1269013,98643,140143,9896,11142,55793,71460,1718,1876,12241,14642,1123367,1281234,101477,144162,17451,20147,59226,75432,3130,3489,1191958,1384233,1022499,1156157,94836,134970,7427,8550,55073,70412,1486,1609,10637,12535,1031456,1166512,97022,138083,14137,16434,58124,73942,2738,3054,99346,124043,90514,112856,3807,5173,2469,2592,720,1048,232,267,1604,2107,91911,114722,4455,6079,3314,3713,1102,1490,392,435
R,5,2023,77,1971444,886364,1085080,750284,895930,73356,110140,7220,8539,44923,57655,1497,1668,9084,11148,757856,905132,75538,113229,12591,15041,47689,60938,2629,3008,806385,979585,677486,799990,70185,105653,5283,6365,44320,56805,1300,1450,7811,9322,683964,807605,71830,107948,9971,11915,46802,59670,2300,2645,79979,105495,72798,95940,3171,4487,1937,2174,603,850,197,218,1273,1826,73892,97527,3708,5281,2620,3126,887,1268,329,363
R,5,2023,78,1906466,852422,1054044,723703,872718,69547,105791,6789,8178,42386,55005,1282,1536,8715,10816,731025,881680,71589,108798,11974,14560,44937,58133,2417,2833,778611,956544,656400,783868,66730,101809,5080,6184,41779,54189,1108,1318,7514,9176,662659,791406,68274,104083,9634,11723,44062,56943,2131,2470,73811,97500,67303,88850,2817,3982,1709,1994,607,816,174,218,1201,1640,68366,90274,3315,4715,2340,2837,875,1190,286,363
R,5,2023,79,1842639,816596,1026043,699650,859560,63263,97882,6203,7586,38509,49544,1165,1287,7806,10184,706240,868006,64984,100700,10939,13686,40773,52361,2157,2528,750643,935521,639420,776833,60653,94330,4697,5788,38035,48800,1023,1125,6815,8645,645149,783947,61990,96480,8915,11091,40061,51278,1908,2230,65953,90522,60230,82727,2610,3552,1506,1798,474,744,142,162,991,1539,61091,84059,2994,4220,2024,2595,712,1083,249,298
R,5,2023,80,1797116,789759,1007357,681521,850472,58448,93479,5658,7083,35745,45604,1001,1216,7386,9503,687763,858400,60153,96060,10228,12921,37764,48164,1886,2283,729754,922048,626645,772736,56077,89890,4396,5346,35288,44956,890,1036,6458,8084,632103,779444,57383,91816,8493,10475,37088,47198,1673,1983,60005,85309,54876,77736,2371,3589,1262,1737,457,648,111,180,928,1419,55660,78956,2770,4244,1735,2446,676,966,213,300
R,5,2023,81,1513334,655800,857534,561758,718270,49627,81356,4964,6109,32169,42486,871,1083,6411,8230,567123,725134,51110,83574,8852,11079,34042,44764,1633,2002,603306,783020,513707,649948,47602,78520,3859,4642,31778,41912,759,913,5601,7085,518372,655812,48754,80236,7328,9017,33455,43928,1440,1744,52494,74514,48051,68322,2025,2836,1105,1467,391,574,112,170,810,1145,48751,69322,2356,3338,1524,2062,587,836,193,258
R,5,2023,82,1329830,568175,761655,484385,635564,43629,73758,4392,5533,29366,38515,791,954,5612,7331,489099,641631,44880,75740,7788,9921,31039,40625,1487,1825,520531,692828,440715,572432,41811,71030,3397,4301,29017,37984,703,809,4888,6272,444811,577591,42761,72550,6416,8144,30510,39839,1320,1580,47644,68827,43670,63132,1818,2728,995,1232,349,531,88,145,724,1059,44288,64040,2119,3190,1372,1777,529,786,167,245
R,5,2023,83,1188219,498784,689435,422993,572762,39080,68090,3927,5122,26922,35640,724,934,5138,6887,427327,578481,40233,70003,6927,9187,28516,37586,1349,1758,455558,625486,383449,514279,37402,65505,3023,3917,26577,35141,623,772,4484,5872,387219,519123,38280,66952,5683,7464,28018,36860,1188,1498,43226,63949,39544,58483,1678,2585,904,1205,345,499,101,162,654,1015,40108,59358,1953,3051,1244,1723,498,726,161,260
R,5,2023,84,1084724,450129,634595,384304,531965,33755,59906,3352,4559,23736,31356,588,818,4394,5991,388029,536972,34768,61488,5988,8133,25041,33063,1100,1540,411829,576517,349184,478741,32254,57546,2593,3502,23456,30918,507,696,3835,5114,352414,483002,33034,58733,4929,6638,24632,32410,976,1320,38300,58078,35120,53224,1501,2360,759,1057,280,438,81,122,559,877,35615,53970,1734,2755,1059,1495,409,653,124,220
R,5,2023,85,975057,397646,577411,338946,483367,29750,54669,3022,4156,21368,29109,545,762,4015,5348,342330,487814,30688,56146,5404,7239,22584,30653,1007,1402,363599,524618,307685,435036,28486,52505,2353,3210,21123,28718,462,620,3490,4529,310616,438769,29200,53630,4467,5890,22209,30072,867,1178,34047,52793,31261,48331,1264,2164,669,946,245,391,83,142,525,819,31714,49045,1488,2516,937,1349,375,581,140,224
R,5,2023,86,843126,337655,505471,287465,422901,25122,47714,2543,3571,18636,25819,482,624,3407,4842,290383,426950,25887,49026,4521,6382,19698,27225,869,1202,308067,458903,260269,380071,23963,45919,1998,2748,18424,25455,423,527,2990,4183,262820,383545,24547,46934,3776,5237,19388,26710,771,1041,29588,46568,27196,42830,1159,1795,545,823,212,364,59,97,417,659,27563,43405,1340,2092,745,1145,310,515,98,161
R,5,2023,87,755670,297482,458188,253174,382843,22426,43919,2236,3265,16242,23229,407,556,2997,4376,255679,386468,23119,45123,3950,5825,17203,24491,795,1050,271319,416280,229071,344342,21432,42299,1756,2515,16065,22921,358,470,2637,3733,231270,347416,21961,43231,3292,4736,16937,24026,703,910,26163,41908,24103,38501,994,1620,480,750,177,308,49,86,360,643,24409,39052,1158,1892,658,1089,266,465,92,140
R,5,2023,88,665245,256355,408890,218446,342797,18859,38364,1910,2860,14179,20522,365,484,2596,3863,220654,345995,19440,39413,3394,5068,14981,21692,706,945,233961,371680,197747,308589,18055,36930,1505,2160,14020,20242,326,411,2308,3348,199704,311345,18524,37750,2850,4110,14737,21284,638,816,22394,37210,20699,34208,804,1434,405,700,159,280,39,73,288,515,20950,34650,916,1663,544,958,244,408,68,129
R,5,2023,89,550822,207664,343158,176727,287071,15132,32154,1523,2305,11778,17900,323,429,2181,3299,178580,289833,15632,33048,2732,4179,12502,18903,589,830,189434,312222,159880,258591,14493,30973,1189,1764,11654,17661,281,374,1937,2859,161526,260977,14893,31670,2282,3426,12308,18554,521,725,18230,30936,16847,28480,639,1181,334,541,124,239,42,55,244,440,17054,28856,739,1378,450,753,194,349,68,105
R,5,2023,90,486744,179167,307577,152686,257572,12878,28370,1313,2060,10214,16363,257,349,1819,2863,154217,259939,13300,29160,2312,3690,10828,17205,490,730,164116,280840,138776,232894,12330,27356,1047,1617,10103,16167,227,305,1633,2501,140143,234949,12678,27992,1949,3076,10667,16912,439,649,15051,26737,13910,24678,548,1014,266,443,111,196,30,44,186,362,14074,24990,622,1168,363,614,161,293,51,81
R,5,2023,91,419880,150365,269515,129259,227910,9982,23258,1048,1722,8359,13809,207,297,1510,2519,130550,230014,10338,23939,1883,3165,8853,14534,401,607,137540,246435,117317,206531,9587,22425,824,1350,8271,13664,183,266,1358,2199,118475,208353,9879,22975,1580,2629,8725,14320,359,540,12825,23080,11942,21379,395,833,224,372,88,145,24,31,152,320,12075,21661,459,964,303,536,128,214,42,67
R,5,2023,92,356929,123869,233060,106475,197106,8011,19604,845,1480,7051,12445,185,270,1302,2155,107572,198905,8306,20206,1567,2694,7494,13086,357,542,113284,213204,96629,178719,7675,18907,661,1145,6995,12315,167,233,1157,1885,97604,180284,7914,19387,1305,2227,7398,12880,320,480,10585,19856,9846,18387,336,697,184,335,56,130,18,37,145,270,9968,18621,392,819,262,467,96,206,37,62
R,5,2023,93,291919,97897,194022,83712,163579,6446,16584,748,1228,5822,10597,149,229,1020,1805,84573,165070,6692,17093,1326,2256,6148,11124,276,452,89404,177632,75825,148378,6162,16017,594,969,5776,10491,133,201,914,1576,76600,149679,6363,16414,1116,1890,6070,10959,246,395,8493,16390,7887,15201,284,567,154,259,46,106,16,28,106,229,7973,15391,329,679,210,366,78,165,30,57
R,5,2023,94,231802,74522,157280,63809,132853,4761,13182,537,932,4477,8581,106,196,832,1536,64500,134125,4958,13626,1004,1804,4742,9024,226,394,68331,144512,58056,121063,4562,12718,434,726,4440,8481,97,176,742,1348,58672,122170,4724,13078,858,1510,4680,8879,201,353,6191,12768,5753,11790,199,464,103,206,37,100,9,20,90,188,5828,11955,234,548,146,294,62,145,25,41
R,5,2023,95,185403,57230,128173,48869,108296,3594,10570,411,799,3625,7094,76,146,655,1268,49423,109355,3739,10915,766,1523,3849,7451,168,322,52652,118323,44603,99208,3456,10217,333,638,3599,7010,68,128,593,1122,45105,100136,3579,10499,658,1291,3806,7335,152,283,4578,9850,4266,9088,138,353,78,161,26,84,8,18,62,146,4318,9219,160,416,108,232,43,116,16,39
R,5,2023,96,141148,41819,99329,35439,83718,2700,8167,310,640,2801,5704,58,110,511,990,35863,84543,2835,8453,600,1206,2963,5978,120,234,38548,91961,32393,76925,2600,7885,263,516,2783,5651,52,96,457,888,32772,77665,2710,8123,525,1031,2927,5898,106,207,3271,7368,3046,6793,100,282,47,124,18,53,6,14,54,102,3091,6878,125,330,75,175,36,80,14,27
R,5,2023,97,103738,29284,74454,24663,62373,1893,6247,218,470,2107,4494,34,90,369,780,24972,63015,1989,6474,418,906,2224,4723,88,193,27009,69071,22556,57389,1821,6055,178,383,2094,4457,31,81,329,706,22831,57974,1896,6247,358,787,2201,4663,77,171,2275,5383,2107,4984,72,192,40,87,13,37,3,9,40,74,2141,5041,93,227,60,119,23,60,11,22
R,5,2023,98,75558,20361,55197,16935,46113,1341,4518,157,366,1621,3510,30,79,277,611,17168,46619,1410,4714,311,720,1714,3668,68,150,18837,51397,15527,42593,1296,4380,133,310,1609,3485,27,73,245,556,15734,43053,1350,4553,271,638,1693,3627,59,138,1524,3800,1408,3520,45,138,24,56,12,25,3,6,32,55,1434,3566,60,161,40,82,21,41,9,12
R,5,2023,99,52829,13745,39084,11328,32556,889,3217,114,252,1196,2577,20,54,198,428,11489,32907,943,3345,226,492,1265,2695,46,116,12768,36584,10418,30251,861,3122,99,211,1189,2557,18,48,183,395,10569,30576,908,3236,203,435,1253,2665,40,105,977,2500,910,2305,28,95,15,41,7,20,2,6,15,33,920,2331,35,109,23,57,12,30,6,11
R,5,2023,100,90344,21024,69320,16508,55864,1438,6013,197,509,2461,5893,38,113,382,928,16821,56600,1551,6331,398,1027,2597,6150,97,251,19620,65301,15224,52161,1387,5865,173,453,2446,5868,35,105,355,849,15515,52834,1490,6146,361,932,2573,6100,88,228,1404,4019,1284,3703,51,148,24,56,15,25,3,8,27,79,1306,3766,61,185,37,95,24,50,9,23
R,6,2023,999,336552261,166581411,169970850,126042030,126860010,22107895,23868189,2310803,2257168,10503383,11328334,461416,448021,5155884,5209128,130655618,131497442,24492031,26321292,3750197,3751812,12433429,13242111,902148,890222,133188996,137366725,97063626,98605227,20379693,22101000,1199212,1232824,10146182,10972924,330661,324700,4069622,4130050,100704717,102279664,22241809,24027040,2197649,2291897,11779576,12591526,674208,670954,33392415,32604125,28978404,28254783,1728202,1767189,1111591,1024344,357201,355410,130755,123321,1086262,1079078,29950901,29217778,2250222,2294252,1552548,1459915,653853,650585,227940,219268
R,6,2023,0,3656797,1867939,1788858,1284037,1227187,301225,292002,36671,35544,111088,104455,8053,7678,126865,121992,1400705,1339338,371390,359613,60380,58468,157987,149357,16763,15982,1332708,1272180,852991,811544,260086,252117,12142,11631,102620,96520,4411,4055,100458,96313,945907,900594,316461,306288,27032,25965,141315,133491,10707,10044,535231,516678,431046,415643,41139,39885,24529,23913,8468,7935,3642,3623,26407,25679,454798,438744,54929,53325,33348,32503,16672,15866,6056,5938
R,6,2023,1,3724082,1901845,1822237,1304165,1246346,307617,299369,36387,34824,116421,109852,8017,7633,129238,124213,1422996,1360528,378956,368022,60523,58120,164339,155778,16881,16067,1367357,1306401,873867,830885,266423,259487,12400,11761,107943,101821,4478,4228,102246,98219,968409,921672,323635,314528,27503,26322,147536,139771,10894,10341,534488,515836,430298,415461,41194,39882,23987,23063,8478,8031,3539,3405,26992,25994,454587,438856,55321,53494,33020,31798,16803,16007,5987,5726
R,6,2023,2,3634696,1858441,1776255,1270261,1209396,305536,296723,34818,33553,115510,109419,7110,6676,125206,120488,1385383,1320144,374619,363293,58190,56107,161975,154032,15683,14855,1352411,1288267,861545,815314,267340,259726,12419,11964,107791,101869,4249,3935,99067,95459,953141,903532,322712,313164,27031,26100,146231,138833,10462,9881,506030,487988,408716,394082,38196,36997,22399,21589,7719,7550,2861,2741,26139,25029,432242,416612,51907,50129,31159,30007,15744,15199,5221,4974
R,6,2023,3,3785411,1934412,1850999,1336074,1275535,305714,296685,36860,35366,122366,115850,7269,6883,126129,120680,1452051,1386490,375416,363475,60244,57842,169192,160511,15899,15054,1422497,1358949,920323,875434,269095,261641,13848,13375,114404,108253,4507,4196,100320,96050,1013045,964192,325194,315459,28628,27589,153356,145430,10848,10209,511915,492050,415751,400101,36619,35044,23012,21991,7962,7597,2762,2687,25809,24630,439006,422298,50222,48016,31616,30253,15836,15081,5051,4845
R,6,2023,4,3838592,1960049,1878543,1357146,1296424,307512,300500,37570,35934,124093,117737,7477,7012,126251,120936,1473184,1407568,377180,367388,61084,58596,170990,162414,16118,15216,1440318,1377186,934542,887998,270652,265032,14291,13847,115905,109952,4630,4333,100298,96024,1027184,976691,326593,318793,29152,28151,154938,147086,10998,10364,519731,501357,422604,408426,36860,35468,23279,22087,8188,7785,2847,2679,25953,24912,446000,430877,50587,48595,31932,30445,16052,15328,5120,4852
R,6,2023,5,3927196,2007513,1919683,1389078,1324418,314553,307079,38243,36032,129582,122116,7590,7106,128467,122932,1507130,1437374,385069,374938,62223,59127,177552,167591,16441,15471,1479411,1411347,957539,908597,278597,272294,14435,13891,121607,114419,4807,4449,102426,97697,1052110,998792,335454,326886,29638,28490,161694,152288,11358,10613,528102,508336,431539,415821,35956,34785,23808,22141,7975,7697,2783,2657,26041,25235,455020,438582,49615,48052,32585,30637,15858,15303,5083,4858
R,6,2023,6,4008045,2050467,1957578,1425175,1356097,314952,307062,37243,36055,135846,127592,7766,7267,129485,123505,1544073,1469584,385085,374656,61675,59531,184888,173558,16866,15785,1513500,1440398,982459,930141,279415,272564,15455,14830,127885,120018,4997,4611,103289,98234,1077714,1020818,335849,326931,31074,29749,168981,158365,11792,10901,536967,517180,442716,425956,35537,34498,21788,21225,7961,7574,2769,2656,26196,25271,466359,448766,49236,47725,30601,29782,15907,15193,5074,4884
R,6,2023,7,4102408,2096133,2006275,1472427,1402867,316152,310199,36793,35360,132721,125494,7596,7284,130444,125071,1592305,1517832,386610,378326,61778,59330,181868,172089,16735,15932,1547353,1478143,1016625,964380,281276,276174,15965,15324,124727,117991,4815,4647,103945,99627,1112589,1056385,338029,331047,31962,30654,165783,156892,11593,11057,548780,528132,455802,438487,34876,34025,20828,20036,7994,7503,2781,2637,26499,25444,479716,461447,48581,47279,29816,28676,16085,15197,5142,4875
R,6,2023,8,4133789,2111267,2022522,1480375,1413129,321669,314233,36430,35497,135078,127526,7462,7306,130253,124831,1600074,1527858,392026,382120,61468,59517,184048,174039,16609,15952,1564620,1493857,1025662,974108,286325,279648,16308,15652,127474,120179,4810,4692,104041,99578,1121693,1066044,342996,334394,32457,31062,168550,159094,11649,11146,546647,528665,454713,439021,35344,34585,20122,19845,7604,7347,2652,2614,26212,25253,478381,461814,49030,47726,29011,28455,15498,14945,4960,4806
R,6,2023,9,4114944,2107509,2007435,1481965,1405315,322620,313263,36578,35394,130614,123665,7120,6891,128612,122907,1600182,1518257,391731,380326,61502,59157,179075,169171,16266,15484,1563661,1486466,1029415,972371,286931,278833,16660,15917,123344,116762,4638,4485,102673,98098,1124231,1062928,342557,332985,32795,31245,163943,154778,11429,10860,543848,520969,452550,432944,35689,34430,19918,19477,7270,6903,2482,2406,25939,24809,475951,455329,49174,47341,28707,27912,15132,14393,4837,4624
R,6,2023,10,4105339,2097658,2007681,1473518,1406424,320301,311791,36335,35134,133436,126182,7169,6914,126899,121236,1590023,1517673,387978,377295,61024,58841,181726,171581,16398,15549,1557780,1486551,1023057,971820,285569,278201,16764,16036,126317,119270,4714,4482,101359,96742,1116518,1060994,340037,330992,32772,31399,166836,157239,11569,10853,539878,521130,450461,434604,34732,33590,19571,19098,7119,6912,2455,2432,25540,24494,473505,456679,47941,46303,28252,27442,14890,14342,4829,4696
R,6,2023,11,4114515,2106701,2007814,1487261,1414181,321723,310972,37539,35872,127920,120869,6916,6674,125342,119246,1602326,1523631,388868,375294,62296,59514,175076,165289,15949,15235,1560377,1483123,1030822,975332,287423,278106,16912,16172,120883,114260,4486,4314,99851,94939,1122897,1062878,341366,329845,32942,31463,160333,151337,11172,10624,546324,524691,456439,438849,34300,32866,20627,19700,7037,6609,2430,2360,25491,24307,479429,460753,47502,45449,29354,28051,14743,13952,4777,4611
R,6,2023,12,4157029,2132315,2024714,1514648,1434433,323933,312256,35786,34443,125402,118112,6846,6512,125700,118958,1630140,1543624,391125,376296,60870,58457,172493,162202,15936,15010,1572872,1488435,1041424,981520,291448,280476,17136,16287,118589,111724,4493,4243,99782,94185,1133492,1068343,345330,331706,33332,31751,157849,148418,11197,10486,559443,536279,473224,452913,32485,31780,18650,18156,6813,6388,2353,2269,25918,24773,496648,475281,45795,44590,27538,26706,14644,13784,4739,4524
R,6,2023,13,4245733,2174467,2071266,1554357,1473958,328939,317594,35513,34184,123397,117875,6651,6487,125610,121168,1670052,1585300,396330,383157,60775,58871,169722,162101,15509,14982,1598255,1519541,1063562,1004199,296753,286582,17422,17022,116856,111721,4508,4309,99154,95708,1155281,1092494,350576,338842,33516,32908,155332,148564,11032,10531,576212,551725,490795,469759,32186,31012,18091,17162,6541,6154,2143,2178,26456,25460,514771,492806,45754,44315,27259,25963,14390,13537,4477,4451
R,6,2023,14,4341670,2222781,2118889,1594566,1512819,338393,327861,35940,34381,123079,118049,6756,6653,124047,119126,1708527,1622424,405124,392555,61139,58117,168380,161181,15443,15015,1637411,1559732,1094372,1035446,305995,296395,17936,17342,116467,111865,4602,4498,98039,94186,1184792,1122476,359453,348330,34011,32386,154213,147850,11027,10654,585370,559157,500194,477373,32398,31466,18004,17039,6612,6184,2154,2155,26008,24940,523735,499948,45671,44225,27128,25731,14167,13331,4416,4361
R,6,2023,15,4495609,2302910,2192699,1655921,1568559,349644,339110,37551,35913,128238,122479,6953,6708,124603,119930,1770306,1678634,416483,404567,62801,60251,173756,165514,15928,15031,1694829,1614397,1134588,1073660,316349,307130,18656,18107,121744,116264,4744,4456,98748,94780,1225577,1160947,370175,359735,34826,33544,159735,152077,11358,10596,608081,578302,521333,494899,33295,31980,18895,17806,6494,6215,2209,2252,25855,25150,544729,517687,46308,44832,27975,26707,14021,13437,4570,4435
R,6,2023,16,4487196,2298984,2188212,1659956,1574145,347687,335472,38179,36083,126232,120023,6837,6757,120093,115732,1770239,1680219,411771,397909,62959,60070,170165,161659,15507,15049,1693510,1611321,1140750,1079292,314863,304062,18616,18055,119652,113929,4701,4531,94928,91452,1228280,1163393,366275,354362,34458,33295,156212,148634,11103,10625,605474,576891,519206,494853,32824,31410,19563,18028,6580,6094,2136,2226,25165,24280,541959,516826,45496,43547,28501,26775,13953,13025,4404,4424
R,6,2023,17,4413810,2258932,2154878,1640466,1555504,334450,326479,37304,35431,125654,121560,6718,6583,114340,109321,1745357,1655742,394672,384607,61540,58365,167687,161472,14931,14372,1669057,1593363,1133325,1072447,303179,296273,18227,17749,119398,115773,4580,4483,90348,86638,1216461,1152133,351554,343221,33625,32373,154571,149122,10665,10227,589875,561515,507141,483057,31271,30206,19077,17682,6256,5787,2138,2100,23992,22683,528896,503609,43118,41386,27915,25992,13116,12350,4266,4145
R,6,2023,18,4386087,2244332,2141755,1632109,1547152,328545,319021,37147,35038,130517,128742,6843,6585,109171,105217,1732024,1643257,385112,374037,60862,57649,171165,167521,14718,14168,1666576,1594228,1134694,1075134,298245,290030,18074,17516,124483,123040,4738,4661,86342,83847,1213992,1151933,343603,334599,33190,32079,158644,155750,10585,10365,577756,547527,497415,472018,30300,28991,19073,17522,6034,5702,2105,1924,22829,21370,518032,491324,41509,39438,27672,25570,12521,11771,4133,3803
R,6,2023,19,4422804,2261530,2161274,1650867,1565523,326687,319291,36606,34337,134811,133301,6719,6444,105840,102378,1747778,1659198,380797,372222,59948,56831,174408,171249,14450,13881,1692973,1620279,1160169,1097746,297274,291283,17923,17383,128871,127722,4723,4577,84013,81568,1237349,1172575,340836,334071,33010,32150,162204,159726,10511,10111,568557,540995,490698,467777,29413,28008,18683,16954,5940,5579,1996,1867,21827,20810,510429,486623,39961,38151,26938,24681,12204,11523,3939,3770
R,6,2023,20,4376429,2237208,2139221,1635633,1550554,323079,317674,36268,33542,135047,133465,6685,6418,100496,97568,1727299,1639635,374161,367518,59040,55710,172554,169695,14254,13557,1679034,1607541,1153223,1089700,294053,290587,17615,17096,129371,127995,4718,4601,80054,77562,1226462,1160756,335322,330756,32457,31612,161041,158463,10397,10015,558174,531680,482410,460854,29026,27087,18653,16446,5676,5470,1967,1817,20442,20006,500837,478879,38839,36762,26583,24098,11513,11232,3857,3542
R,6,2023,21,4368656,2230765,2137891,1629334,1548858,327324,322268,35810,33268,134654,132181,6431,6276,97212,95040,1718006,1635286,376491,371055,58534,55774,170615,166781,13665,13359,1680966,1614793,1153553,1095305,298726,295346,17787,17155,129165,126913,4579,4479,77156,75595,1224113,1164289,338380,334693,32526,31994,159441,156042,10095,9861,549799,523098,475781,453553,28598,26922,18023,16113,5489,5268,1852,1797,20056,19445,493893,470997,38111,36362,26008,23780,11174,10739,3570,3498
R,6,2023,22,4449188,2270789,2178399,1652035,1573095,334673,330079,35477,33831,145399,141760,6358,6269,96847,93365,1740056,1657948,383353,377492,58609,56087,181413,175994,13664,13365,1722654,1656183,1177048,1119865,306263,303331,18014,17506,139877,136613,4608,4420,76844,74448,1246977,1187709,345343,341674,33266,32353,170329,165564,10127,9805,548135,522216,474987,453230,28410,26748,17463,16325,5522,5147,1750,1849,20003,18917,493079,470239,38010,35818,25343,23734,11084,10430,3537,3560
R,6,2023,23,4440465,2264909,2175556,1645277,1567404,337592,333135,35812,34074,146133,143327,6429,6110,93666,91506,1730473,1650201,384689,379931,59073,56586,180085,176329,13462,13059,1724661,1660256,1176540,1120306,309857,306663,18400,17743,140700,138203,4662,4352,74502,72989,1244428,1186479,347802,344509,33834,32869,169475,166036,10045,9638,540248,515300,468737,447098,27735,26472,17412,16331,5433,5124,1767,1758,19164,18517,486045,463722,36887,35422,25239,23717,10610,10293,3417,3421
R,6,2023,24,4386521,2234324,2152197,1625840,1553408,330562,327153,34864,33676,145377,143360,6408,5970,91273,88630,1708616,1633612,376030,372037,57768,56105,178501,175145,13662,12778,1708609,1647560,1169754,1115421,303572,301231,18034,17609,139952,138228,4651,4255,72646,70816,1235758,1179601,340243,337660,33438,32909,167935,164973,10224,9498,525715,504637,456086,437987,26990,25922,16830,16067,5425,5132,1757,1715,18627,17814,472858,454011,35787,34377,24330,23196,10566,10172,3438,3280
R,6,2023,25,4374124,2224493,2149631,1615012,1545768,331406,328394,34477,33487,149093,149783,6406,6075,88099,86124,1694690,1623702,374992,371481,57082,55594,180908,180676,13252,12624,1706623,1652892,1164889,1114015,305367,303198,17713,17689,143858,144666,4707,4345,70089,68979,1228360,1176535,340509,338132,32932,32871,170769,170864,9995,9399,517870,496739,450123,431753,26039,25196,16764,15798,5235,5117,1699,1730,18010,17145,466330,447167,34483,33349,24150,22723,10139,9812,3257,3225
R,6,2023,26,4387046,2225835,2161211,1616683,1552454,329356,328335,34178,32881,153642,157176,6408,5995,85568,84370,1694078,1628487,370898,370002,56875,55296,184787,187455,13153,12656,1711275,1668003,1169369,1123287,303540,303877,17639,17363,148469,152086,4669,4353,67589,67037,1230623,1183715,336602,337344,32841,32614,174817,177715,9850,9496,514560,493208,447314,429167,25816,24458,16539,15518,5173,5090,1739,1642,17979,17333,463455,444772,34296,32658,24034,22682,9970,9740,3303,3160
R,6,2023,27,4422809,2244314,2178495,1630357,1563217,330908,330684,34107,32388,158499,164109,6470,6300,83973,81797,1706141,1636864,370965,370436,56997,54758,189221,193744,13171,12923,1731549,1686015,1183899,1133951,305335,306294,17771,17206,153412,158982,4699,4586,66433,64996,1243899,1192532,337284,338098,33205,32490,179474,184082,9909,9790,512765,492480,446458,429266,25573,24390,16336,15182,5087,5127,1771,1714,17540,16801,462242,444332,33681,32338,23792,22268,9747,9662,3262,3133
R,6,2023,28,4495094,2278130,2216964,1647743,1583135,345925,345501,34390,33054,161372,168465,6594,6548,82106,80261,1721308,1654869,384495,384295,57637,55579,191443,197501,13542,13235,1763334,1722454,1199285,1152255,319960,320493,18197,17643,156163,163410,4807,4808,64922,63845,1257393,1209339,350582,351525,34115,33268,181760,188020,10203,10061,514796,494510,448458,430880,25965,25008,16193,15411,5209,5055,1787,1740,17184,16416,463915,445530,33913,32770,23522,22311,9683,9481,3339,3174
R,6,2023,29,4586533,2325725,2260808,1674990,1606181,362729,361349,35048,34057,166686,173540,6688,6697,79584,78984,1745912,1676453,399261,398806,58272,57121,196239,202088,13653,13459,1805123,1763457,1220638,1172717,336380,336098,18798,18469,161607,168429,4920,4969,62780,62775,1276519,1228529,365225,366025,34751,34576,186708,192641,10349,10239,520602,497351,454352,433464,26349,25251,16250,15588,5079,5111,1768,1728,16804,16209,469393,447924,34036,32781,23521,22545,9531,9447,3304,3220
R,6,2023,30,4662030,2363345,2298685,1698686,1630878,374359,370837,36358,34794,170609,179140,6953,6723,76380,76313,1766526,1698585,408539,406081,59256,57705,199322,207128,13737,13408,1839436,1800894,1241315,1196432,347449,345705,19536,19169,165639,173971,5091,4950,60406,60667,1294938,1250231,374318,373600,35359,35238,190259,197905,10467,10204,523909,497791,457371,434446,26910,25132,16822,15625,4970,5169,1862,1773,15974,15646,471588,448354,34221,32481,23897,22467,9063,9223,3270,3204
R,6,2023,31,4758575,2404761,2353814,1730473,1670035,378181,380030,37682,35206,176569,185808,7291,6908,74565,75827,1796185,1736717,410254,414234,60769,57985,205167,214658,14234,13849,1875403,1852822,1269168,1234232,350755,353293,20287,19616,171464,180469,5269,5100,58460,60112,1320583,1287058,375498,380111,36165,35568,195940,205130,10767,10506,529358,500992,461305,435803,27426,26737,17395,15590,5105,5339,2022,1808,16105,15715,475602,449659,34756,34123,24604,22417,9227,9528,3467,3343
R,6,2023,32,4825272,2435801,2389471,1755242,1695336,379893,385315,37266,34337,184357,193504,7848,7306,71195,73673,1817232,1759601,409823,418285,59324,56442,212741,222252,14960,14367,1909722,1898032,1298120,1269615,351855,357690,19857,19327,178903,187933,5713,5454,55274,58013,1346008,1320047,374530,383294,34823,34657,203186,212430,11308,11088,526079,491439,457122,425721,28038,27625,17409,15010,5454,5571,2135,1852,15921,15660,471224,439554,35293,34991,24501,21785,9555,9822,3652,3279
R,6,2023,33,4816855,2429057,2387798,1757846,1696972,372940,382418,36707,33783,187148,197674,8014,7380,66402,69571,1815814,1757725,400227,412938,57186,55003,214078,224828,14597,14035,1907115,1905576,1303409,1279314,345374,354906,19349,19028,181741,192275,5803,5542,51439,54511,1348081,1326717,365860,378274,33222,33608,204819,215561,11001,10838,521942,482222,454437,417658,27566,27512,17358,14755,5407,5399,2211,1838,14963,15060,467733,431008,34367,34664,23964,21395,9259,9267,3596,3197
R,6,2023,34,4685034,2364205,2320829,1719032,1652700,351673,364229,35442,32195,187954,199609,7864,7038,62240,65058,1773293,1709376,376677,392343,55007,52032,213288,225425,14088,13318,1859495,1858553,1279252,1251728,325340,337935,18424,18000,182777,194281,5837,5348,47865,51261,1320785,1296172,343711,359527,31481,31806,204520,216531,10807,10369,504710,462276,439780,400972,26333,26294,17018,14195,5177,5328,2027,1690,14375,13797,452508,413204,32966,32816,23526,20226,8768,8894,3281,2949
R,6,2023,35,4597383,2320223,2277160,1704216,1637503,331425,345077,34837,31580,182909,194024,7831,6969,59005,62007,1755446,1691586,354610,371569,53363,50577,207331,218782,13979,13072,1815447,1819062,1262800,1239471,306259,319451,17852,17428,177893,189041,5684,5268,44959,48403,1301594,1281564,323066,339374,29970,30476,198833,210317,10554,10172,504776,458098,441416,398032,25166,25626,16985,14152,5016,4983,2147,1701,14046,13604,453852,410022,31544,32195,23393,20101,8498,8465,3425,2900
R,6,2023,36,4543804,2297590,2246214,1700549,1623755,319904,334175,33785,30563,180164,190831,7697,6888,55491,60002,1748837,1676085,341554,359528,51579,49469,203046,214683,13366,12697,1797483,1792616,1262180,1229015,295220,309169,17244,16832,175152,185978,5499,5103,42188,46519,1298636,1269382,310726,328111,28963,29737,194825,206488,10054,9734,500107,453598,438369,394740,24684,25006,16541,13731,5012,4853,2198,1785,13303,13483,450201,406703,30828,31417,22616,19732,8221,8195,3312,2963
R,6,2023,37,4551718,2302991,2248727,1714263,1634183,313465,329298,33310,30277,179918,190605,7826,7027,54209,57337,1761336,1683880,334119,353003,50936,48714,202265,213574,13607,12816,1799227,1796094,1272352,1239520,288765,304465,16506,16554,174942,185788,5592,5307,41070,44460,1307781,1277844,303442,322106,28081,29305,194074,205473,10207,9972,503764,452633,441911,394663,24700,24833,16804,13723,4976,4817,2234,1720,13139,12877,453555,406036,30677,30897,22855,19409,8191,8101,3400,2844
R,6,2023,38,4528996,2287476,2241520,1709914,1633049,306929,324659,32489,29855,178131,190962,7697,6954,52316,56041,1755313,1681696,326521,347125,49879,48277,199727,213684,13324,12648,1786477,1790511,1269677,1239317,283012,300192,16117,16336,173162,186284,5430,5245,39079,43137,1303299,1276551,296614,316538,27379,28989,191588,205799,9894,9813,500999,451009,440237,393732,23917,24467,16372,13519,4969,4678,2267,1709,13237,12904,452014,405145,29907,30587,22500,19288,8139,7885,3430,2835
R,6,2023,39,4446686,2242627,2204059,1680170,1606814,295542,316467,32124,29549,177127,189996,7427,6792,50237,54441,1723727,1654003,314169,337756,49062,47828,197963,212265,12832,12481,1751905,1757544,1248648,1216663,272325,292632,15884,15977,172163,185463,5316,5101,37569,41708,1280959,1252607,285242,308013,26932,28487,189906,204474,9584,9644,490722,446515,431522,390151,23217,23835,16240,13572,4964,4533,2111,1691,12668,12733,442768,401396,28927,29743,22130,19341,8057,7791,3248,2837
R,6,2023,40,4503678,2269059,2234619,1706410,1633748,297704,320448,32746,30035,174485,189135,7465,6892,50249,54361,1749975,1680689,316144,341627,49885,48677,195145,211158,12908,12601,1771668,1779573,1268355,1236271,274410,295814,16105,16208,169650,184450,5360,5179,37788,41651,1300830,1271990,287245,311149,27492,29000,187246,203278,9688,9750,497391,455046,438055,397477,23294,24634,16641,13827,4835,4685,2105,1713,12461,12710,449145,408699,28899,30478,22393,19677,7899,7880,3220,2851
R,6,2023,41,4476472,2253076,2223396,1699357,1629406,294486,318702,31954,29047,171067,186861,7457,6769,48755,52611,1741572,1674744,312294,339442,49031,47383,190862,207844,12792,12291,1760872,1768866,1265998,1231331,271348,294596,15607,15500,166290,182076,5318,5001,36311,40362,1297150,1265903,283644,309656,26811,28160,183002,199981,9541,9435,492204,454530,433359,398075,23138,24106,16347,13547,4777,4785,2139,1768,12444,12249,444422,408841,28650,29786,22220,19223,7860,7863,3251,2856
R,6,2023,42,4419623,2222266,2197357,1683149,1614316,291103,317252,31169,28801,161797,179055,7267,6351,47781,51582,1724352,1658905,308568,337720,48068,46861,181148,199280,12530,11780,1738316,1749238,1256360,1221895,268832,293205,15222,15690,157001,174410,5153,4686,35748,39352,1286917,1255658,280939,307913,26424,28131,173432,191678,9336,9080,483950,448119,426789,392421,22271,24047,15947,13111,4796,4645,2114,1665,12033,12230,437435,403247,27629,29807,21644,18730,7716,7602,3194,2700
R,6,2023,43,4375892,2198286,2177606,1662496,1596066,292998,320046,30971,28330,158336,176109,7136,6533,46349,50522,1702524,1639536,309876,340053,47892,46343,176780,195871,12317,11925,1714031,1732520,1235738,1206173,270529,296153,15076,15390,153604,171533,4965,4888,34119,38383,1264932,1238902,281991,310449,26163,27852,169022,188287,9067,9213,484255,445086,426758,389893,22469,23893,15895,12940,4732,4576,2171,1645,12230,12139,437592,400634,27885,29604,21729,18491,7758,7584,3250,2712
R,6,2023,44,4198479,2103214,2095265,1594839,1537379,276972,306730,29033,26919,152491,170749,6385,5991,43494,47497,1632348,1578266,292760,325261,44836,44023,169822,189358,11211,10954,1650790,1670491,1195213,1165635,256153,283771,14496,14459,148167,166435,4546,4387,32215,35804,1222699,1196196,266897,296786,24905,26172,162836,182227,8375,8379,452424,424774,399626,371744,20819,22959,14537,12460,4324,4314,1839,1604,11279,11693,409649,382070,25863,28475,19931,17851,6986,7131,2836,2575
R,6,2023,45,4112171,2057307,2054864,1568217,1515061,266630,295938,28207,26688,146459,165653,6201,5727,41593,45797,1603936,1554279,281516,313634,43535,43520,163151,183656,10643,10474,1608891,1632582,1171086,1144409,246549,273802,14003,14380,142222,161260,4438,4230,30593,34501,1197038,1173668,256592,286156,24086,25954,156230,176568,7945,8059,448416,422282,397131,370652,20081,22136,14204,12308,4237,4393,1763,1497,11000,11296,406898,380611,24924,27478,19449,17566,6921,7088,2698,2415
R,6,2023,46,4038658,2015394,2023264,1537227,1491607,259455,290547,27798,25970,145197,165497,6002,5690,39715,43953,1571481,1529109,273482,307335,42742,42319,160935,182865,10364,10378,1577467,1605293,1148945,1123549,240137,268843,14032,14347,140895,161232,4271,4161,29187,33161,1173793,1151562,249455,280598,24001,25690,154102,175899,7704,7915,437927,417971,388282,368058,19318,21704,13766,11623,4302,4265,1731,1529,10528,10792,397688,377547,24027,26737,18741,16629,6833,6966,2660,2463
R,6,2023,47,3917160,1954112,1963048,1488519,1448191,249768,279838,26778,24976,145464,163461,5623,5403,37960,41179,1521219,1483280,262829,295301,41186,40556,160716,179829,9812,9726,1528048,1553561,1110015,1086673,231225,258868,13422,13584,141382,159265,4065,3984,27939,31187,1133803,1112975,239840,269697,23039,24478,154255,173161,7383,7468,426064,409487,378504,361518,18543,20970,13356,11392,4082,4196,1558,1419,10021,9992,387416,370305,22989,25604,18147,16078,6461,6668,2429,2258
R,6,2023,48,3946026,1966916,1979110,1503651,1465610,249478,280637,26313,25001,146322,163172,5713,5180,35439,39510,1533834,1499191,261600,295261,40137,40115,160495,178919,9685,9250,1547583,1575116,1129164,1107184,232053,261097,13266,13734,142348,159204,4165,3867,26587,30030,1151535,1132410,240341,271276,22675,24299,154488,172746,7379,7161,419333,403994,374487,358426,17425,19540,13047,11267,3974,3968,1548,1313,8852,9480,382299,366781,21259,23985,17462,15816,6007,6173,2306,2089
R,6,2023,49,3869965,1926598,1943367,1473435,1439282,243684,275459,25691,24462,144494,161094,5236,5074,34058,37996,1502441,1471399,255162,289441,39057,39187,158197,176219,9077,9100,1523893,1550441,1113039,1089928,227213,256657,13058,13520,140891,157340,3874,3794,25818,29202,1134784,1114319,235059,266566,22342,24054,152696,170385,7009,7054,402705,392926,360396,349354,16471,18802,12633,10942,3603,3754,1362,1280,8240,8794,367657,357080,20103,22875,16715,15133,5501,5834,2068,2046
R,6,2023,50,3928634,1953757,1974877,1494781,1463846,250569,282825,25490,24706,143779,161085,5239,4988,33899,37427,1523564,1495443,261621,296397,38996,39530,157542,175980,9010,8892,1557991,1587011,1140236,1118832,234537,264436,13185,13786,140195,157276,3917,3732,25921,28949,1161991,1142969,242143,274159,22686,24554,152157,170137,6992,6928,395766,387866,354545,345014,16032,18389,12305,10920,3584,3809,1322,1256,7978,8478,361573,352474,19478,22238,16310,14976,5385,5843,2018,1964
R,6,2023,51,4119058,2052033,2067025,1585097,1548187,259345,291747,26040,24804,142541,159734,5253,4952,33757,37601,1613661,1579894,270183,305025,39961,40178,155975,174487,9029,8959,1659597,1683200,1233416,1206238,243595,273717,13759,14160,138864,156110,3916,3689,26047,29286,1255184,1230635,251183,283223,23779,25458,150538,168972,7001,6994,392436,383825,351681,341949,15750,18030,12281,10644,3677,3624,1337,1263,7710,8315,358477,349259,19000,21802,16182,14720,5437,5515,2028,1965
R,6,2023,52,4355226,2174088,2181138,1697409,1651297,269967,304328,26508,25705,140203,156375,5197,5066,34804,38367,1726947,1683648,281065,317785,41180,41755,153781,171070,9217,9311,1782988,1799993,1346763,1312319,254290,286239,14463,14777,136538,152719,3866,3801,27068,30138,1369493,1337460,262087,295978,25209,26835,148327,165440,7159,7317,391100,381145,350646,338978,15677,18089,12045,10928,3665,3656,1331,1265,7736,8229,357454,346188,18978,21807,15971,14920,5454,5630,2058,1994
R,6,2023,53,4254334,2121394,2132940,1660158,1622297,261963,292343,25631,24775,135094,152244,5255,5050,33293,36231,1688283,1652597,272522,304893,39926,40359,147820,166106,9231,9170,1742351,1767190,1320544,1296328,246659,275340,13905,14555,131578,148636,3955,3877,25710,28454,1341987,1319877,254010,284455,24338,26271,142574,160562,7257,7293,379043,365750,339614,325969,15304,17003,11726,10220,3516,3608,1300,1173,7583,7777,346296,332720,18512,20438,15588,14088,5246,5544,1974,1877
R,6,2023,54,4100346,2040542,2059804,1604212,1574912,246503,276692,24513,23703,129719,145992,4745,4789,30850,33716,1630377,1603166,255830,288075,38231,38675,141450,158626,8309,8547,1683986,1713726,1284184,1266540,232089,260520,13724,13992,126524,142649,3589,3626,23876,26399,1304226,1288423,238474,268591,23850,25301,136711,153617,6524,6746,356556,346078,320028,308372,14414,16172,10789,9711,3195,3343,1156,1163,6974,7317,326151,314743,17356,19484,14381,13374,4739,5009,1785,1801
R,6,2023,55,4007329,1990490,2016839,1565277,1540571,245737,277371,23763,23226,122041,138860,4671,4682,29001,32129,1589680,1567296,254485,288170,36917,37670,133035,150778,8016,8515,1643355,1679328,1253835,1239356,231410,261483,13203,14011,119004,135752,3495,3569,22408,25157,1272423,1260016,237373,269130,22967,25014,128530,146047,6302,6775,347135,337511,311442,301215,14327,15888,10560,9215,3037,3108,1176,1113,6593,6972,317257,307280,17112,19040,13950,12656,4505,4731,1714,1740
R,6,2023,56,4027920,1992088,2035832,1577560,1567818,243859,278586,23256,23181,114547,130424,4730,4663,28136,31160,1601186,1593732,252264,289220,36322,37562,124971,141544,8111,8280,1659024,1709121,1278210,1276204,230436,263198,13321,14307,111568,127435,3596,3561,21893,24416,1296344,1296250,236167,270768,23150,25268,120597,137041,6461,6606,333064,326711,299350,291614,13423,15388,9935,8874,2979,2989,1134,1102,6243,6744,304842,297482,16097,18452,13172,12294,4374,4503,1650,1674
R,6,2023,57,4083289,2015740,2067549,1593773,1590667,250752,286449,23553,23425,115273,131498,4592,4621,27797,30889,1616894,1616307,259068,296653,36823,38123,125304,142472,7989,8265,1687940,1746417,1299611,1304163,237077,271303,13680,14648,112407,128447,3545,3640,21620,24216,1317319,1324006,242723,278527,23788,25996,121066,137863,6403,6680,327800,321132,294162,286504,13675,15146,9873,8777,2866,3051,1047,981,6177,6673,299575,292301,16345,18126,13035,12127,4238,4609,1586,1585
R,6,2023,58,4239374,2081451,2157923,1654547,1672317,255814,294129,23940,24194,114321,130913,4718,4833,28111,31537,1678016,1698397,263929,304452,37634,39563,124456,141810,8151,8578,1761002,1839071,1366826,1387533,242578,279136,14374,15656,111492,127974,3700,3819,22032,24953,1384956,1407894,248143,286520,24824,27706,120314,137379,6580,6976,320449,318852,287721,284784,13236,14993,9566,8538,2829,2939,1018,1014,6079,6584,293060,290503,15786,17932,12810,11857,4142,4431,1571,1602
R,6,2023,59,4321256,2119264,2201992,1694740,1717046,253050,291397,23674,24116,115308,133414,4455,4646,28037,31373,1718088,1742965,260964,301184,37707,39775,125275,144309,7922,8411,1813039,1892981,1420117,1441229,240104,276755,14504,15656,112618,130638,3490,3664,22206,25039,1438392,1461627,245587,283769,25437,28146,121283,140069,6412,6838,306225,309011,274623,275817,12946,14642,9170,8460,2690,2776,965,982,5831,6334,279696,281338,15377,17415,12270,11629,3992,4240,1510,1573
R,6,2023,60,4313333,2108577,2204756,1690106,1726349,248045,287227,23241,23758,115359,131883,4278,4524,27548,31015,1713119,1751869,255580,296985,37017,39477,125220,142411,7584,8179,1817337,1907767,1428505,1461123,236018,273523,14490,15603,112751,129111,3381,3613,22192,24794,1446847,1481260,241282,280510,25455,28155,121415,138238,6232,6705,291240,296989,261601,265226,12027,13704,8751,8155,2608,2772,897,911,5356,6221,266272,270609,14298,16475,11562,11322,3805,4173,1352,1474
R,6,2023,61,4325410,2110807,2214603,1706557,1748831,243960,285006,22788,23755,105961,121926,4334,4426,27207,30659,1729330,1774013,251256,294640,36584,39568,115633,132248,7678,8047,1830881,1929447,1455000,1494017,232490,272143,14434,15792,103549,119273,3495,3526,21913,24696,1473170,1514074,237568,279090,25456,28589,112012,128230,6336,6574,279926,285156,251557,254814,11470,12863,8354,7963,2412,2653,839,900,5294,5963,256160,259939,13688,15550,11128,10979,3621,4018,1342,1473
R,6,2023,62,4299645,2091713,2207932,1697042,1748884,239276,281323,21961,23335,102599,120515,4128,4253,26707,29622,1719345,1773207,246332,290304,35756,38927,112033,130463,7332,7770,1828118,1935196,1460407,1504936,228428,268898,14067,15926,100243,117942,3324,3440,21649,24054,1478262,1524446,233401,275482,25159,28626,108549,126593,6045,6419,263595,272736,236635,243948,10848,12425,7894,7409,2356,2573,804,813,5058,5568,241083,248761,12931,14822,10597,10301,3484,3870,1287,1351
R,6,2023,63,4213737,2045968,2167769,1654665,1710719,236470,278843,21529,22920,103169,122105,4101,4125,26034,29057,1676484,1734459,243286,287888,35005,38274,112392,131704,7228,7555,1790515,1903884,1425356,1475006,225756,266720,13961,15663,100918,119607,3308,3335,21216,23553,1442973,1493994,230584,273368,24854,28174,109071,127907,5964,6234,255453,263885,229309,235713,10714,12123,7568,7257,2251,2498,793,790,4818,5504,233511,240465,12702,14520,10151,10100,3321,3797,1264,1321
R,6,2023,64,4128508,1993914,2134594,1622803,1695186,225205,269184,19879,21729,97657,117331,3783,3831,24587,27333,1643334,1717712,231571,277344,32867,36586,106235,126201,6613,6931,1761012,1888414,1413635,1474967,215396,257865,13149,14967,95595,115046,3084,3153,20153,22416,1430335,1493262,219923,263851,23769,27262,103156,122816,5496,5821,232902,246180,209168,220219,9809,11319,6730,6762,2062,2285,699,678,4434,4917,212999,224450,11648,13493,9098,9324,3079,3385,1117,1110
R,6,2023,65,4086185,1967338,2118847,1607686,1691693,215960,259592,19202,21031,96963,116234,3588,3763,23939,26534,1627644,1713413,222149,267629,31965,35572,105259,124765,6361,6743,1748407,1883629,1411162,1481059,206686,248794,12867,14775,95029,114176,2944,3074,19719,21751,1427448,1498675,211121,254726,23396,26784,102411,121614,5304,5632,218931,235218,196524,210634,9274,10798,6335,6256,1934,2058,644,689,4220,4783,200196,214738,11028,12903,8569,8788,2848,3151,1057,1111
R,6,2023,66,3980343,1907241,2073102,1563379,1657036,206145,254375,18628,20135,92939,112504,3472,3530,22678,25522,1582258,1678039,212051,261972,30979,34579,100600,120292,6059,6448,1700329,1847854,1377779,1455296,197365,243958,12393,14191,91138,110492,2863,2913,18791,21004,1393273,1472371,201636,249553,22633,26262,97984,117284,5109,5408,206912,225248,185600,201740,8780,10417,6235,5944,1801,2012,609,617,3887,4518,188985,205668,10415,12419,8346,8317,2616,3008,950,1040
R,6,2023,67,3813334,1814668,1998666,1489035,1597944,193094,242236,17453,19397,90528,111242,3118,3459,21440,24388,1506946,1617894,198600,249498,29066,33170,97719,118855,5617,6178,1620186,1783423,1314653,1405101,184803,232356,11601,13846,88811,109201,2575,2894,17743,20025,1329338,1421308,188732,237672,21214,25343,95226,115821,4741,5205,194482,215243,174382,192843,8291,9880,5852,5551,1717,2041,543,565,3697,4363,177608,196586,9868,11826,7852,7827,2493,3034,876,973
R,6,2023,68,3708950,1756834,1952116,1447015,1566522,182410,231354,16479,18145,87565,109706,2978,3328,20387,23061,1463911,1585352,187637,238239,27762,31078,94361,116892,5361,5971,1573869,1746960,1282258,1381787,174697,222398,11309,13080,85979,107868,2492,2773,17134,19054,1296338,1397119,178530,227509,20847,23923,92079,114186,4564,5058,182965,205156,164757,184735,7713,8956,5170,5065,1586,1838,486,555,3253,4007,167573,188233,9107,10730,6915,7155,2282,2706,797,913
R,6,2023,69,3558844,1675460,1883384,1390102,1521213,166704,217863,15075,17019,82170,102734,2718,3067,18691,21488,1405740,1538738,171390,224207,25707,29404,88193,109208,4772,5545,1509900,1693477,1240840,1350093,159632,209615,10522,12347,80842,101045,2288,2551,15776,17826,1253937,1364445,163051,214310,19598,22788,86236,106759,4104,4716,165560,189907,149262,171120,7072,8248,4553,4672,1328,1689,430,516,2915,3662,151803,174293,8339,9897,6109,6616,1957,2449,668,829
R,6,2023,70,3404383,1594571,1809812,1329348,1469063,152760,203015,13919,15883,78620,98750,2630,2862,17294,20239,1343757,1485643,156984,208855,23702,27588,84276,104906,4618,5184,1442738,1632481,1192384,1308981,146377,195258,9792,11645,77311,97229,2241,2392,14633,16976,1204476,1322719,149464,199671,18162,21628,82383,102647,3985,4421,151833,177331,136964,160082,6383,7757,4127,4238,1309,1521,389,470,2661,3263,139281,162924,7520,9184,5540,5960,1893,2259,633,763
R,6,2023,71,3266558,1523867,1742691,1277863,1419958,142119,193213,12810,14860,72695,93334,2383,2703,15997,18623,1291159,1435269,146047,198531,22059,25873,77768,98776,4287,4838,1383157,1577348,1150535,1270700,136331,185865,9138,10990,71501,91916,2041,2263,13611,15614,1161764,1283369,139259,189865,17061,20425,76076,96708,3706,4114,140710,165343,127328,149258,5788,7348,3672,3870,1194,1418,342,440,2386,3009,129395,151900,6788,8666,4998,5448,1692,2068,581,724
R,6,2023,72,3072110,1421070,1651040,1188728,1340478,134684,186408,12174,14063,68236,90059,2174,2434,15074,17598,1201280,1354834,138389,191599,20992,24510,72932,95152,3931,4459,1289147,1493941,1069310,1198655,129197,179541,8783,10295,67123,88644,1874,2055,12860,14751,1079928,1210527,131958,183480,16401,19237,71348,93100,3446,3804,131923,157099,119418,141823,5487,6867,3391,3768,1113,1415,300,379,2214,2847,121352,144307,6431,8119,4591,5273,1584,2052,485,655
R,6,2023,73,2929964,1350357,1579607,1126653,1280734,126343,176031,11649,13249,69166,90424,2209,2421,14337,16748,1138554,1294330,129879,180973,20139,23098,73573,95362,3886,4389,1227530,1430430,1015445,1145847,121247,169422,8517,9887,68167,89130,1866,2063,12288,14081,1025591,1157144,123945,173163,15843,18362,72116,93448,3364,3789,122827,149177,111208,134887,5096,6609,3132,3362,999,1294,343,358,2049,2667,112963,137186,5934,7810,4296,4736,1457,1914,522,600
R,6,2023,74,2830976,1299845,1531131,1094715,1254902,115103,163094,10865,12387,63837,82717,2093,2313,13232,15718,1105728,1267832,118266,167614,18754,21853,67881,87129,3654,4070,1187671,1393245,992999,1129876,110609,157206,7971,9289,62908,81555,1793,1981,11391,13338,1002419,1140749,112997,160645,14868,17548,66530,85439,3169,3520,112174,137886,101716,125026,4494,5888,2894,3098,929,1162,300,332,1841,2380,103309,127083,5269,6969,3886,4305,1351,1690,485,550
R,6,2023,75,2768079,1269509,1498570,1079065,1241428,106166,151806,10089,11590,59720,76499,1865,2111,12604,15136,1089604,1253944,109208,156044,17688,20698,63432,80769,3325,3828,1163802,1367612,983072,1122530,101949,146319,7477,8772,58867,75371,1602,1805,10835,12815,992052,1133002,104278,149553,14107,16676,62188,79133,2917,3318,105707,130958,95993,118898,4217,5487,2612,2818,853,1128,263,306,1769,2321,97552,120942,4930,6491,3581,4022,1244,1636,408,510
R,6,2023,76,2837468,1308034,1529434,1128060,1287762,99653,141862,10046,11235,56120,71840,1742,1893,12413,14842,1138535,1300149,102543,145966,17710,20387,59601,75849,3173,3507,1207890,1404387,1036856,1173969,95828,136680,7543,8625,55377,70783,1507,1624,10779,12706,1045914,1184467,98058,139863,14349,16640,58457,74340,2773,3069,100144,125047,91204,113793,3825,5182,2503,2610,743,1057,235,269,1634,2136,92621,115682,4485,6103,3361,3747,1144,1509,400,438
R,6,2023,77,1991851,896971,1094880,759603,904232,73869,110671,7296,8632,45509,58397,1514,1682,9180,11266,767280,913539,76063,113786,12726,15212,48300,61714,2642,3033,816172,988581,686070,807622,70652,106104,5338,6446,44900,57533,1315,1460,7897,9416,692646,815320,72299,108416,10084,12058,47405,60431,2313,2662,80799,106299,73533,96610,3217,4567,1958,2186,609,864,199,222,1283,1850,74634,98219,3764,5370,2642,3154,895,1283,329,371
R,6,2023,78,1907612,852748,1054864,723720,873047,69664,106053,6797,8202,42527,55225,1282,1538,8758,10799,731077,881993,71715,109036,12022,14558,45093,58360,2414,2835,778547,956925,656086,783778,66825,102041,5073,6215,41915,54411,1105,1322,7543,9158,662367,791302,68375,104295,9652,11731,44214,57168,2121,2471,74201,97939,67634,89269,2839,4012,1724,1987,612,814,177,216,1215,1641,68710,90691,3340,4741,2370,2827,879,1192,293,364
R,6,2023,79,1836818,814022,1022796,696585,855699,63335,97872,6226,7616,38852,50087,1178,1314,7846,10208,703200,864160,65083,100721,10958,13732,41141,52912,2179,2552,747841,932002,636152,772744,60711,94313,4707,5790,38385,49334,1036,1146,6850,8675,641897,779880,62072,96490,8925,11109,40437,51830,1930,2249,66181,90794,60433,82955,2624,3559,1519,1826,467,753,142,168,996,1533,61303,84280,3011,4231,2033,2623,704,1082,249,303
R,6,2023,80,1808347,794849,1013498,686302,856049,58633,93893,5693,7124,35789,45615,1011,1216,7421,9601,692579,864063,60330,96509,10279,12998,37824,48199,1907,2308,734400,927831,631019,778000,56253,90283,4421,5383,35322,44960,898,1041,6487,8164,636512,784773,57550,92234,8534,10544,37130,47223,1688,2017,60449,85667,55283,78049,2380,3610,1272,1741,467,655,113,175,934,1437,56067,79290,2780,4275,1745,2454,694,976,219,291
R,6,2023,81,1521000,659440,861560,564778,721644,49871,81484,4981,6165,32483,42930,870,1099,6457,8238,570180,728510,51370,83697,8909,11150,34362,45208,1634,2021,606586,786506,516384,652855,47828,78615,3876,4675,32094,42350,760,924,5644,7087,521080,658713,48995,80321,7379,9063,33778,44369,1443,1757,52854,75054,48394,68789,2043,2869,1105,1490,389,580,110,175,813,1151,49100,69797,2375,3376,1530,2087,584,839,191,264
R,6,2023,82,1336173,570820,765353,486725,638504,43796,74200,4421,5567,29426,38712,800,946,5652,7424,491483,644656,45063,76205,7837,10017,31102,40842,1494,1835,523054,696253,442961,575113,41969,71483,3423,4322,29076,38180,711,804,4914,6351,447083,580349,42928,73021,6455,8218,30575,40052,1328,1589,47766,69100,43764,63391,1827,2717,998,1245,350,532,89,142,738,1073,44400,64307,2135,3184,1382,1799,527,790,166,246
R,6,2023,83,1194040,501481,692559,425210,575367,39260,68365,3995,5153,27120,35849,731,939,5165,6886,429555,581086,40426,70266,7026,9235,28724,37796,1360,1748,458033,628314,385458,516610,37589,65762,3074,3941,26772,35349,627,775,4513,5877,389246,521456,38483,67208,5760,7504,28220,37067,1196,1490,43448,64245,39752,58757,1671,2603,921,1212,348,500,104,164,652,1009,40309,59630,1943,3058,1266,1731,504,729,164,258
R,6,2023,84,1084512,450374,634138,384250,531275,33858,59891,3363,4556,23890,31552,594,828,4419,6036,387992,536310,34868,61495,6001,8146,25211,33270,1122,1564,411797,575841,348888,477827,32335,57536,2590,3504,23610,31108,514,707,3860,5159,352136,482121,33114,58743,4932,6654,24799,32615,997,1345,38577,58297,35362,53448,1523,2355,773,1052,280,444,80,121,559,877,35856,54189,1754,2752,1069,1492,412,655,125,219
R,6,2023,85,979324,399289,580035,340468,485587,29758,54899,3025,4204,21456,29188,544,757,4038,5400,343871,490075,30694,56388,5430,7325,22669,30751,1006,1402,365030,526950,308987,436991,28486,52725,2372,3245,21209,28800,462,613,3514,4576,311935,440764,29199,53857,4508,5962,22299,30170,870,1174,34259,53085,31481,48596,1272,2174,653,959,247,388,82,144,524,824,31936,49311,1495,2531,922,1363,370,581,136,228
R,6,2023,86,846151,339001,507150,288472,424084,25322,47988,2569,3590,18697,25958,487,645,3454,4885,291434,428173,26106,49307,4576,6416,19774,27379,880,1235,309278,460364,261179,381101,24159,46157,2010,2765,18481,25589,426,542,3023,4210,263760,384597,24753,47175,3813,5259,19455,26856,776,1065,29723,46786,27293,42983,1163,1831,559,825,216,369,61,103,431,675,27674,43576,1353,2132,763,1157,319,523,104,170
R,6,2023,87,756075,297896,458179,253387,382699,22478,43947,2254,3278,16344,23327,409,557,3024,4371,255918,386322,23173,45154,3985,5844,17308,24584,798,1044,271635,416167,229201,344092,21478,42333,1770,2527,16164,23017,360,473,2662,3725,231427,347162,22008,43262,3320,4754,17040,24118,707,905,26261,42012,24186,38607,1000,1614,484,751,180,310,49,84,362,646,24491,39160,1165,1892,665,1090,268,466,91,139
R,6,2023,88,667341,257022,410319,218911,343866,18926,38518,1930,2890,14275,20666,370,489,2610,3890,221122,347078,19518,39567,3421,5122,15083,21828,716,959,234428,372768,198029,309346,18111,37073,1527,2183,14112,20384,329,414,2320,3368,199988,312108,18589,37894,2878,4158,14836,21419,644,827,22594,37551,20882,34520,815,1445,403,707,163,282,41,75,290,522,21134,34970,929,1673,543,964,247,409,72,132
R,6,2023,89,551710,208177,343533,177013,287303,15230,32257,1529,2320,11901,17899,325,427,2179,3327,178861,290094,15728,33166,2739,4200,12623,18920,595,826,189858,312525,160087,258763,14593,31070,1190,1772,11777,17661,281,374,1930,2885,161726,261177,14989,31776,2280,3437,12425,18569,521,725,18319,31008,16926,28540,637,1187,339,548,124,238,44,53,249,442,17135,28917,739,1390,459,763,198,351,74,101
R,6,2023,90,487728,179915,307813,153342,257770,12889,28278,1332,2070,10251,16469,257,352,1844,2874,154904,260148,13314,29061,2345,3706,10871,17320,485,735,164758,280979,139339,232983,12336,27273,1063,1628,10140,16273,227,308,1653,2514,140733,235053,12683,27904,1981,3089,10709,17033,435,655,15157,26834,14003,24787,553,1005,269,442,111,196,30,44,191,360,14171,25095,631,1157,364,617,162,287,50,80
R,6,2023,91,419760,150306,269454,128969,227408,10096,23510,1065,1750,8426,13944,214,301,1536,2541,130278,229531,10454,24205,1908,3200,8936,14672,418,616,137436,246243,116998,205932,9691,22662,835,1373,8338,13790,190,268,1384,2218,118176,207774,9986,23225,1599,2660,8809,14444,376,542,12870,23211,11971,21476,405,848,230,377,88,154,24,33,152,323,12102,21757,468,980,309,540,127,228,42,74
R,6,2023,92,355925,123701,232224,106310,196357,8028,19615,845,1473,7046,12359,185,266,1287,2154,107397,198147,8321,20221,1564,2693,7480,12993,354,538,113070,212375,96415,177983,7692,18907,663,1140,6988,12234,166,231,1146,1880,97383,179537,7929,19390,1307,2223,7383,12797,319,480,10631,19849,9895,18374,336,708,182,333,58,125,19,35,141,274,10014,18610,392,831,257,470,97,196,35,58
R,6,2023,93,293368,98506,194862,84148,164182,6494,16652,754,1256,5911,10708,153,232,1046,1832,85030,165702,6742,17164,1337,2301,6253,11245,288,457,89953,178333,76204,148845,6209,16084,595,992,5867,10601,138,203,940,1608,76998,150176,6415,16486,1123,1934,6177,11082,260,403,8553,16529,7944,15337,285,568,159,264,44,107,15,29,106,224,8032,15526,327,678,214,367,76,163,28,54
R,6,2023,94,232034,74908,157126,64076,132586,4807,13233,550,926,4533,8647,108,196,834,1538,64768,133858,5006,13678,1028,1804,4795,9087,222,392,68629,144315,58246,120754,4606,12768,443,724,4494,8548,98,176,742,1345,58862,121857,4769,13130,877,1509,4729,8939,199,350,6279,12811,5830,11832,201,465,107,202,39,99,10,20,92,193,5906,12001,237,548,151,295,66,148,23,42
R,6,2023,95,185724,57433,128291,49040,108357,3607,10574,421,803,3630,7135,76,147,659,1275,49597,109417,3756,10926,773,1528,3856,7498,169,325,52789,118340,44716,99177,3464,10215,344,636,3605,7051,68,129,592,1132,45217,100108,3589,10504,665,1291,3812,7383,151,286,4644,9951,4324,9180,143,359,77,167,25,84,8,18,67,143,4380,9309,167,422,108,237,44,115,18,39
R,6,2023,96,141885,42075,99810,35667,84092,2697,8243,316,649,2820,5718,56,112,519,996,36101,84924,2831,8519,608,1219,2985,6002,119,238,38792,92449,32607,77307,2600,7962,269,525,2803,5663,50,98,463,894,32994,78052,2710,8192,533,1044,2949,5919,102,212,3283,7361,3060,6785,97,281,47,124,17,55,6,14,56,102,3107,6872,121,327,75,175,36,83,17,26
R,6,2023,97,103864,29474,74390,24798,62268,1921,6266,220,475,2122,4503,38,93,375,785,25110,62914,2019,6494,427,913,2242,4728,91,199,27151,68940,22650,57214,1847,6076,181,389,2106,4467,34,84,333,710,22927,57800,1924,6270,368,793,2213,4671,79,178,2323,5450,2148,5054,74,190,39,86,16,36,4,9,42,75,2183,5114,95,224,59,120,29,57,12,21
R,6,2023,98,76191,20600,55591,17126,46396,1359,4592,165,365,1633,3534,27,77,290,627,17368,46913,1432,4798,323,730,1731,3692,68,145,19060,51732,15703,42831,1314,4448,140,310,1621,3507,24,71,258,565,15919,43297,1370,4625,283,647,1710,3643,60,130,1540,3859,1423,3565,45,144,25,55,12,27,3,6,32,62,1449,3616,62,173,40,83,21,49,8,15
R,6,2023,99,53051,13792,39259,11368,32705,891,3200,112,258,1203,2614,23,54,195,428,11528,33058,947,3327,220,498,1269,2739,50,115,12791,36752,10440,30393,861,3105,96,216,1197,2597,21,49,176,392,10586,30720,908,3216,195,439,1257,2710,43,103,1001,2507,928,2312,30,95,16,42,6,17,2,5,19,36,942,2338,39,111,25,59,12,29,7,12
R,6,2023,100,90090,21010,69080,16419,55496,1455,6053,205,519,2504,5953,37,115,390,944,16736,56245,1572,6374,408,1046,2643,6213,102,255,19573,65004,15106,51736,1406,5901,180,463,2489,5927,34,107,358,870,15400,52426,1508,6187,366,954,2617,6165,91,235,1437,4076,1313,3760,49,152,25,56,15,26,3,8,32,74,1336,3819,64,187,42,92,26,48,11,20
