UNIVERSE,MONTH,YEAR,AGE,TOT_POP,TOT_MALE,TOT_FEMALE,WA_MALE,WA_FEMALE,BA_MALE,BA_FEMALE,IA_MALE,IA_FEMALE,AA_MALE,AA_FEMALE,NA_MALE,NA_FEMALE,TOM_MALE,TOM_FEMALE,WAC_MALE,WAC_FEMALE,BAC_MALE,BAC_FEMALE,IAC_MALE,IAC_FEMALE,AAC_MALE,AAC_FEMALE,NAC_MALE,NAC_FEMALE,NH_MALE,NH_FEMALE,NHWA_MALE,NHWA_FEMALE,NHBA_MALE,NHBA_FEMALE,NHIA_MALE,NHIA_FEMALE,NHAA_MALE,NHAA_FEMALE,NHNA_MALE,NHNA_FEMALE,NHTOM_MALE,NHTOM_FEMALE,NHWAC_MALE,NHWAC_FEMALE,NHBAC_MALE,NHBAC_FEMALE,NHIAC_MALE,NHIAC_FEMALE,NHAAC_MALE,NHAAC_FEMALE,NHNAC_MALE,NHNAC_FEMALE,H_MALE,H_FEMALE,HWA_MALE,HWA_FEMALE,HBA_MALE,HBA_FEMALE,HIA_MALE,HIA_FEMALE,HAA_MALE,HAA_FEMALE,HNA_MALE,HNA_FEMALE,HTOM_MALE,HTOM_FEMALE,HWAC_MALE,HWAC_FEMALE,HBAC_MALE,HBAC_FEMALE,HIAC_MALE,HIAC_FEMALE,HAAC_MALE,HAAC_FEMALE,HNAC_MALE,HNAC_FEMALE
R,7,2024,999,340110988,168337882,171773106,126726746,127554852,22416192,24192654,2403327,2339971,10982216,11842792,476477,463235,5332924,5379602,131503565,132349379,24893696,26736014,3873770,3864282,12984126,13825582,928172,916011,133881155,138143680,96929366,98503858,20604933,22346662,1203790,1238638,10609401,11471443,340511,334310,4193154,4248769,100684605,102287934,22529689,24332944,2213894,2308911,12302705,13147484,691494,687768,34456727,33629426,29797380,29050994,1811259,1845992,1199537,1101333,372815,371349,135966,128925,1139770,1130833,30818960,30061445,2364007,2403070,1659876,1555371,681421,678098,236678,228243
R,7,2024,0,3615598,1846708,1768890,1269771,1214064,297435,287951,36234,35124,110212,103706,7948,7557,125108,120488,1384813,1324837,366610,354696,59603,57770,156490,148079,16545,15759,1317053,1257722,843077,802657,256713,248555,11990,11480,101858,95894,4360,4020,99055,95116,934684,890597,312272,302022,26662,25634,140049,132436,10578,9936,529655,511168,426694,411407,40722,39396,24244,23644,8354,7812,3588,3537,26053,25372,450129,434240,54338,52674,32941,32136,16441,15643,5967,5823
R,7,2024,1,3701824,1890459,1811365,1294138,1237310,304670,295270,37863,36721,117694,111068,8233,7883,127861,123113,1411698,1350463,375175,363243,61761,59859,165165,156628,17000,16255,1344707,1284518,855210,814086,262696,254714,12151,11641,109074,102901,4565,4196,101011,96980,948599,903712,319134,308988,27049,25990,148295,140473,10905,10241,545752,526847,438928,423224,41974,40556,25712,25080,8620,8167,3668,3687,26850,26133,463099,446751,56041,54255,34712,33869,16870,16155,6095,6014
R,7,2024,2,3768012,1923421,1844591,1313102,1256243,310854,302479,37669,36127,123500,116627,8208,7845,130088,125270,1432692,1371366,382475,371498,61999,59646,171897,163148,17117,16343,1376282,1316417,873296,831488,268646,261725,12339,11727,114787,108339,4630,4370,102584,98768,968115,922739,325815,316829,27426,26294,154801,146821,11074,10528,547139,528174,439806,424755,42208,40754,25330,24400,8713,8288,3578,3475,27504,26502,464577,448627,56660,54669,34573,33352,17096,16327,6043,5815
R,7,2024,3,3690129,1886530,1803599,1285243,1223744,309152,300155,36222,34973,121689,115704,7296,6882,126928,122141,1401926,1335988,379040,367437,59951,57864,168919,161105,15972,15162,1367578,1302771,867132,820128,269858,262292,12415,11951,113724,107883,4382,4064,100067,96453,959621,909228,325585,316054,27111,26171,152815,145522,10667,10081,518952,500828,418111,403616,39294,37863,23807,23022,7965,7821,2914,2818,26861,25688,442305,426760,53455,51383,32840,31693,16104,15583,5305,5081
R,7,2024,4,3823751,1953925,1869826,1344284,1283049,309207,300204,38212,36494,127633,121280,7375,6941,127214,121858,1461242,1395072,379408,367490,61850,59269,174928,166459,16072,15182,1430298,1367327,919960,875214,271702,264565,13751,13274,119512,113498,4610,4220,100763,96556,1013068,964417,327897,318494,28543,27499,158835,151097,10983,10267,523627,502499,424324,407835,37505,35639,24461,23220,8121,7782,2765,2721,26451,25302,448174,430655,51511,48996,33307,31770,16093,15362,5089,4915
R,7,2024,5,3880536,1980962,1899574,1367325,1306090,311173,304298,39014,37309,128635,122684,7657,7072,127158,122121,1484174,1418308,381254,371736,62747,60292,175921,167833,16347,15337,1448966,1386728,935463,889135,273519,268165,14319,13852,120257,114724,4752,4387,100656,96465,1028403,978204,329549,322047,29178,28165,159600,152217,11142,10451,531996,512846,431862,416955,37654,36133,24695,23457,8378,7960,2905,2685,26502,25656,455771,440104,51705,49689,33569,32127,16321,15616,5205,4886
R,7,2024,6,3965148,2026118,1939030,1398057,1333279,317639,310568,39501,37367,133772,126560,7766,7204,129383,124052,1516947,1447252,388579,378938,63698,60706,182132,172523,16663,15633,1487848,1420576,959238,910283,280866,274966,14339,13854,125660,118729,4925,4540,102820,98204,1054160,1000919,337835,329692,29528,28453,166069,157005,11503,10750,538270,518454,438819,422996,36773,35602,25162,23513,8112,7831,2841,2664,26563,25848,462787,446333,50744,49246,34170,32253,16063,15518,5160,4883
R,7,2024,7,4039527,2065992,1973535,1431250,1362159,317968,310369,38522,37274,139991,131982,7908,7408,130353,124343,1550929,1476388,388468,378370,63152,60993,189434,178259,17044,15962,1519827,1446713,981923,929478,281898,275055,15420,14782,131858,124236,5092,4730,103636,98432,1077473,1020304,338381,329440,31020,29676,173297,162811,11906,11031,546165,526822,449327,432681,36070,35314,23102,22492,8133,7746,2816,2678,26717,25911,473456,456084,50087,48930,32132,31317,16137,15448,5138,4931
R,7,2024,8,4139497,2114905,2024592,1481677,1411414,318872,313419,37908,36480,137143,129839,7695,7429,131610,126011,1602597,1527222,389857,381929,63107,60711,186871,176849,16904,16139,1556334,1486752,1018473,965878,283399,278572,15955,15339,129032,122181,4902,4771,104573,100011,1114977,1058212,340342,333504,31964,30689,170579,161421,11729,11218,558571,537840,463204,445536,35473,34847,21953,21141,8111,7658,2793,2658,27037,26000,487620,469010,49515,48425,31143,30022,16292,15428,5175,4921
R,7,2024,9,4172964,2131665,2041299,1490875,1422656,325422,317649,37366,36500,139117,131342,7561,7412,131324,125740,1611537,1538214,396300,385973,62622,60684,188551,178271,16757,16088,1574245,1502740,1027864,976249,289260,282193,16294,15604,131372,123855,4875,4772,104580,100067,1124359,1068621,346108,337112,32466,31023,172838,163121,11742,11241,557420,538559,463011,446407,36162,35456,21072,20896,7745,7487,2686,2640,26744,25673,487178,469593,50192,48861,30156,29661,15713,15150,5015,4847
R,7,2024,10,4157482,2129029,2028453,1493244,1416288,326261,316720,37576,36392,135031,128147,7219,7045,129698,123861,1612447,1530112,395837,384207,62658,60333,184071,174093,16425,15704,1574930,1497593,1033030,975876,289691,281459,16637,15904,127523,121114,4701,4593,103348,98647,1128449,1066941,345505,335790,32791,31247,168639,159506,11543,11018,554099,530860,460214,440412,36570,35261,20939,20488,7508,7033,2518,2452,26350,25214,483998,463171,50332,48417,29867,29086,15432,14587,4882,4686
R,7,2024,11,4140092,2115918,2024174,1482688,1415266,323743,314562,37438,36023,137041,129420,7245,6997,127763,121906,1599977,1527116,391839,380417,62269,59876,185728,175084,16526,15651,1566701,1494501,1025231,974062,288302,280340,16788,16034,129704,122444,4782,4551,101894,97070,1119172,1063519,342969,333267,32827,31413,170568,160633,11670,10926,549217,529673,457457,441204,35441,34222,20650,19989,7337,6976,2463,2446,25869,24836,480805,463597,48870,47150,29442,28463,15160,14451,4856,4725
R,7,2024,12,4144127,2120925,2023202,1493173,1421542,324357,313351,38643,36937,131757,124544,7041,6802,125954,120026,1608789,1531687,391764,378030,63486,60724,179241,169339,16110,15413,1566845,1490424,1031106,976629,289524,280046,16853,16163,124585,117821,4606,4398,100171,95367,1123461,1064539,343507,331909,32869,31467,164346,155230,11321,10750,554080,532778,462067,444913,34833,33305,21790,20774,7172,6723,2435,2404,25783,24659,485328,467148,48257,46121,30617,29257,14895,14109,4789,4663
R,7,2024,13,4187019,2147339,2039680,1521479,1441048,326438,314919,37154,35599,128813,121597,7028,6664,126427,119853,1637619,1551055,393989,379344,62391,59748,176243,166164,16155,15223,1579435,1495117,1042418,982590,293277,282354,17154,16215,121849,115052,4626,4288,100111,94618,1134766,1069804,347246,333660,33363,31655,161379,152145,11353,10563,567904,544563,479061,458458,33161,32565,20000,19384,6964,6545,2402,2376,26316,25235,502853,481251,46743,45684,29028,28093,14864,14019,4802,4660
R,7,2024,14,4272434,2187937,2084497,1559957,1479649,331180,319668,36649,35287,127024,121348,6794,6582,126333,121963,1676304,1591703,398886,385544,62084,60193,173691,165952,15711,15129,1603327,1524882,1063040,1004359,298473,288053,17325,16989,120365,115120,4624,4349,99500,96012,1155061,1092911,352333,340307,33453,32920,159151,152253,11191,10592,584610,559615,496917,475290,32707,31615,19324,18298,6659,6228,2170,2233,26833,25951,521243,498792,46553,45237,28631,27273,14540,13699,4520,4537
R,7,2024,15,4363695,2234299,2129396,1599409,1516402,340074,329561,37002,35494,126304,121305,6828,6748,124682,119886,1713953,1626705,407074,394632,62338,59464,171917,164730,15536,15148,1639947,1562307,1092657,1033382,306984,297568,17874,17309,119588,115026,4636,4539,98208,94483,1183243,1120671,360419,349559,33926,32400,157546,151261,11056,10732,594352,567089,506752,483020,33090,31993,19128,18185,6716,6279,2192,2209,26474,25403,530710,506034,46655,45073,28412,27064,14371,13469,4480,4416
R,7,2024,16,4532690,2322582,2210108,1665554,1576859,352966,342182,39078,37111,132128,126140,7105,6846,125751,120970,1781004,1687904,420462,408161,64596,61634,178002,169615,16133,15196,1702180,1621935,1135295,1074905,318616,309386,18694,18057,125525,119781,4853,4534,99197,95272,1226687,1162655,372660,362180,34882,33474,163781,155951,11486,10689,620402,588173,530259,501954,34350,32796,20384,19054,6603,6359,2252,2312,26554,25698,554317,525249,47802,45981,29714,28160,14221,13664,4647,4507
R,7,2024,17,4538195,2326541,2211654,1673242,1585508,352079,339201,40192,37429,132380,125489,7020,6959,121628,117068,1784927,1692770,417027,402333,65421,61703,176732,167664,15759,15349,1705432,1622915,1143050,1081879,317910,306905,18572,18079,125626,119224,4816,4681,95458,92147,1231055,1166574,369579,357488,34456,33351,162461,154382,11255,10842,621109,588739,530192,503629,34169,32296,21620,19350,6754,6265,2204,2278,26170,24921,553872,526196,47448,44845,30965,28352,14271,13282,4504,4507
R,7,2024,18,4484083,2296205,2187878,1658419,1571813,339686,331415,39811,36855,134959,130218,7018,6814,116312,110763,1765145,1673389,400837,390177,64494,60092,177827,170743,15347,14723,1687652,1611987,1137715,1077846,307051,300060,18281,17779,128458,124230,4787,4676,91360,87396,1221787,1158241,355767,347272,33752,32454,164310,158056,10938,10489,608553,575891,520704,493967,32635,31355,21530,19076,6501,5988,2231,2138,24952,23367,543358,515148,45070,42905,30742,27638,13517,12687,4409,4234
R,7,2024,19,4457162,2282142,2175020,1650190,1563062,333690,324190,39721,36449,140326,137786,7188,6938,111027,106595,1751791,1660426,391181,379955,63881,59278,181686,177136,15164,14571,1685272,1613450,1138869,1080255,302096,294107,18053,17629,134092,131941,4945,4959,87217,84559,1218934,1157689,347825,338987,33194,32151,168806,165136,10846,10690,596870,561570,511321,482807,31594,30083,21668,18820,6234,5845,2243,1979,23810,22036,532857,502737,43356,40968,30687,27127,12880,12000,4318,3881
R,7,2024,20,4485953,2294890,2191063,1666424,1579059,331109,324065,39165,35708,143726,141685,7068,6757,107398,103789,1764750,1673981,385900,377739,62812,58436,184054,180253,14891,14301,1708419,1636377,1162720,1100828,300393,294974,17959,17422,137643,135986,4956,4855,84748,82312,1240553,1176280,344156,338063,33021,32219,171590,168498,10803,10454,586471,554686,503704,478231,30716,29091,21206,18286,6083,5699,2112,1902,22650,21477,524197,497701,41744,39676,29791,26217,12464,11755,4088,3847
R,7,2024,21,4448786,2274154,2174632,1653991,1567996,326684,322127,38449,35096,145722,143577,7001,6738,102307,99098,1747334,1658530,378601,372644,61647,57583,183995,180490,14655,13913,1698492,1628156,1158707,1095976,296362,293951,17605,17061,139897,137912,4957,4895,80964,78361,1232775,1167787,337923,334308,32512,31646,172209,168967,10690,10333,575662,546476,495284,472020,30322,28176,20844,18035,5825,5665,2044,1843,21343,20737,514559,490743,40678,38336,29135,25937,11786,11523,3965,3580
R,7,2024,22,4433302,2263591,2169711,1642271,1560899,330037,325968,37685,34971,148421,145166,6701,6512,98476,96195,1732097,1648360,379715,375330,60649,57678,185026,180263,14023,13665,1697207,1632153,1154098,1096600,300161,297861,17743,17168,142741,139731,4820,4689,77644,76104,1225096,1166019,339887,337342,32408,31983,173514,169258,10371,10116,566384,537558,488173,464299,29876,28107,19942,17803,5680,5435,1881,1823,20832,20091,507001,482341,39828,37988,28241,25695,11512,11005,3652,3549
R,7,2024,23,4521959,2307779,2214180,1667198,1588299,337788,333407,37337,35550,160575,155620,6559,6506,98322,94798,1756554,1674497,387129,381449,60848,58050,197171,190550,13929,13685,1742463,1676432,1179321,1123199,308108,305638,17944,17535,154839,150292,4791,4567,77460,75201,1249797,1191743,347383,344224,33198,32344,185739,179846,10336,10008,565316,537748,487877,465100,29680,27769,19393,18015,5736,5328,1768,1939,20862,19597,506757,482754,39746,37225,27650,25706,11432,10704,3593,3677
R,7,2024,24,4531936,2311401,2220535,1667346,1588771,342322,338043,37978,35894,161776,158400,6707,6383,95272,93044,1754015,1672945,390092,385467,61636,58710,196454,192227,13843,13416,1751786,1687573,1183809,1128068,313361,310255,18394,17787,156095,153058,4921,4512,75206,73893,1252314,1195040,351451,348305,33829,32971,185478,181617,10370,9858,559615,532962,483537,460703,28961,27788,19584,18107,5681,5342,1786,1871,20066,19151,501701,477905,38641,37162,27807,25739,10976,10610,3473,3558
R,7,2024,25,4466652,2273585,2193067,1643274,1571419,334753,331597,36851,35258,159053,158405,6698,6232,92956,90156,1727626,1652983,380972,377127,60157,57958,192915,190957,14044,13140,1730211,1671964,1173836,1120876,306592,304534,17996,17583,153443,152992,4873,4398,73471,71581,1240594,1185709,343519,341185,33452,32859,182043,180371,10495,9693,543374,521103,469438,450543,28161,27063,18855,17675,5610,5413,1825,1834,19485,18575,487032,467274,37453,35942,26705,25099,10872,10586,3549,3447
R,7,2024,26,4458803,2264349,2194454,1635047,1565991,335554,333696,36364,35047,160969,165574,6627,6360,89788,87786,1716254,1645488,379853,377567,59354,57471,193531,197155,13568,13011,1728723,1680911,1171328,1121167,308322,307486,17756,17730,155519,160163,4868,4535,70930,69830,1235537,1184497,343716,342686,32986,32910,183058,186942,10227,9656,535626,513543,463719,444824,27232,26210,18608,17317,5450,5411,1759,1825,18858,17956,480717,460991,36137,34881,26368,24561,10473,10213,3341,3355
R,7,2024,27,4467098,2261932,2205166,1633736,1571594,333922,334018,35877,34164,164625,173115,6522,6260,87250,86015,1712656,1649105,376186,376422,58910,56972,196563,204123,13364,12996,1730365,1695648,1173283,1129649,307002,308521,17603,17334,159243,167741,4755,4572,68479,67831,1235326,1190772,340343,342224,32825,32630,186239,193966,9991,9750,531567,509518,460453,441945,26920,25497,18274,16830,5382,5374,1767,1688,18771,18184,477330,458333,35843,34198,26085,24342,10324,10157,3373,3246
R,7,2024,28,4496349,2276939,2219410,1645736,1580085,333905,335578,35774,33740,169318,180114,6571,6419,85635,83474,1723054,1655275,374714,376009,59018,56501,200787,210548,13359,13111,1747870,1711247,1186873,1138617,307221,310151,17698,17235,164044,174713,4763,4691,67271,65840,1247644,1197953,339421,342204,33117,32527,190748,200477,10026,9927,529069,508163,458863,441468,26684,25427,18076,16505,5274,5401,1808,1728,18364,17634,475410,457322,35293,33805,25901,23974,10039,10071,3333,3184
R,7,2024,29,4570974,2313931,2257043,1665448,1600289,349572,350255,36155,34369,172198,183832,6767,6692,83791,81606,1740568,1673262,388871,389642,59707,57150,203101,213491,13771,13463,1782018,1747242,1203932,1157414,322453,324273,18147,17660,166755,178484,4937,4921,65794,64490,1262836,1215087,353342,355484,34033,33241,193060,203617,10346,10230,531913,509801,461516,442875,27119,25982,18008,16709,5443,5348,1830,1771,17997,17116,477732,458175,35529,34158,25674,23909,10041,9874,3425,3233
R,7,2024,30,4660190,2360996,2299194,1691925,1622705,366373,365991,36645,35312,177808,187878,6874,6816,81371,80492,1764495,1694379,403578,404047,60268,58646,208227,217209,13958,13653,1824268,1787507,1225177,1178090,338940,339866,18735,18338,172547,182452,5082,5050,63787,63711,1281964,1234770,368064,370060,34727,34483,198394,207358,10605,10380,536728,511687,466748,444615,27433,26125,17910,16974,5261,5426,1792,1766,17584,16781,482531,459609,35514,33987,25541,24163,9833,9851,3353,3273
R,7,2024,31,4727791,2395120,2332671,1712706,1644537,377918,375362,37995,36012,181461,192245,7120,6849,77920,77666,1781953,1713446,412770,411282,61205,59173,210909,220858,13998,13623,1855882,1821563,1243775,1199998,349909,349178,19443,19066,176325,186842,5234,5050,61196,61429,1298108,1254442,377070,377384,35221,35145,201547,211319,10660,10364,539238,511108,468931,444539,28009,26184,18552,16946,5136,5403,1886,1799,16724,16237,483845,459004,35700,33898,25984,24028,9362,9539,3338,3259
R,7,2024,32,4825625,2439207,2386418,1746346,1683509,382710,384473,39154,36392,187371,197802,7368,7026,76258,77216,1813696,1751552,415501,419220,62669,59468,216643,227243,14366,14020,1894063,1871569,1272772,1236812,354224,356794,20207,19614,182095,192296,5327,5209,59438,60844,1325143,1290380,379285,383759,36197,35628,207151,217461,10856,10634,545144,514849,473574,446697,28486,27679,18947,16778,5276,5506,2041,1817,16820,16372,488553,461172,36216,35461,26472,23840,9492,9782,3510,3386
R,7,2024,33,4888155,2466382,2421773,1767430,1707841,384545,390349,38773,35759,194871,205155,8007,7467,72756,75202,1830781,1773452,415182,424064,61183,58153,223999,234623,15189,14630,1926277,1917330,1299476,1272370,355540,361742,19891,19373,189291,199405,5874,5593,56205,58847,1348163,1323518,378551,387647,34937,34716,214223,224519,11513,11289,540105,504443,467954,435471,29005,28607,18882,16386,5580,5750,2133,1874,16551,16355,482618,449934,36631,36417,26246,23437,9776,10104,3676,3341
R,7,2024,34,4892227,2466010,2426217,1775649,1715222,378366,388468,38120,35108,197623,208828,8175,7531,68077,71060,1835106,1777345,406285,419626,58947,56727,225432,236603,14912,14263,1929106,1930108,1309207,1286797,350049,359942,19386,19058,192040,203274,5950,5673,52474,55364,1354773,1334968,370798,383579,33349,33784,215889,227072,11257,11022,536904,496109,466442,428425,28317,28526,18734,16050,5583,5554,2225,1858,15603,15696,480333,442377,35487,36047,25598,22943,9543,9531,3655,3241
R,7,2024,35,4747023,2394777,2352246,1732369,1666347,357061,369627,36653,33315,197189,209396,7998,7158,63507,66403,1787807,1724212,382631,398308,56508,53409,223080,235887,14272,13556,1877544,1877897,1282802,1255912,329963,342492,18423,18058,191829,203922,5943,5438,48584,52075,1324991,1301056,348590,364329,31520,31913,214058,226769,10944,10545,517233,474349,449567,410435,27098,27135,18230,15257,5360,5474,2055,1720,14923,14328,462816,423156,34041,33979,24988,21496,9022,9118,3328,3011
R,7,2024,36,4654566,2347897,2306669,1715349,1650421,336004,349666,36016,32565,192400,203699,7947,7064,60181,63254,1767662,1705629,359590,376729,54750,51790,217479,229057,14155,13232,1831565,1837420,1265061,1243675,309918,323290,17865,17452,187229,198545,5770,5317,45722,49141,1304576,1286422,326872,343442,30035,30545,208755,220340,10664,10267,516332,469249,450288,406746,26086,26376,18151,15113,5171,5154,2177,1747,14459,14113,463086,419207,32718,33287,24715,21245,8724,8717,3491,2965
R,7,2024,37,4594689,2322699,2271990,1710141,1634470,324345,338331,34745,31340,188888,199621,7821,7023,56759,61205,1759550,1687910,346555,364168,52771,50390,212432,224142,13566,12912,1812140,1808646,1263712,1232097,298868,312672,17239,16867,183740,194571,5608,5172,42973,47267,1300824,1273154,314660,331784,28984,29764,203996,215686,10221,9862,510559,463344,446429,402373,25477,25659,17506,14473,5148,5050,2213,1851,13786,13938,458726,414756,31895,32384,23787,20626,8436,8456,3345,3050
R,7,2024,38,4593655,2323812,2269843,1722440,1642981,316474,332329,34230,30970,187174,198176,7952,7169,55542,58218,1770716,1693475,337652,356450,52100,49583,210255,221540,13795,12980,1809543,1808142,1272353,1241079,291067,306930,16512,16523,182029,193244,5664,5405,41918,44961,1308544,1279847,305954,324758,28138,29294,201826,213273,10324,10077,514269,461701,450087,401902,25407,25399,17718,14447,5145,4932,2288,1764,13624,13257,462172,413628,31698,31692,23962,20289,8429,8267,3471,2903
R,7,2024,39,4580139,2313028,2267111,1722819,1645784,310809,328249,33341,30688,184813,198187,7839,7079,53407,57124,1769208,1695414,330835,351214,50890,49317,207003,221399,13547,12836,1800959,1806417,1273848,1244463,286101,303124,16053,16341,179703,193317,5515,5367,39739,43805,1308050,1282284,299864,319706,27315,29052,198666,213268,10035,9978,512069,460694,448971,401321,24708,25125,17288,14347,5110,4870,2324,1712,13668,13319,461158,413130,30971,31508,23575,20265,8337,8131,3512,2858
R,7,2024,40,4477041,2256977,2220064,1684779,1613658,297530,318261,32856,30276,183426,195957,7482,6844,50904,55068,1728936,1661422,316438,339811,49888,48595,204637,218635,12912,12563,1757689,1765348,1246649,1216805,273537,294099,15830,15964,178361,191265,5341,5140,37971,42075,1279313,1253078,286555,309548,26860,28445,196464,210635,9634,9706,499288,454716,438130,396853,23993,24162,17026,14312,5065,4692,2141,1704,12933,12993,449623,408344,29883,30263,23028,20150,8173,8000,3278,2857
R,7,2024,41,4530695,2281929,2248766,1710753,1639796,299052,321966,33459,30514,180279,194648,7508,6986,50878,54856,1754927,1687200,317754,343333,50647,49227,201306,216941,12963,12719,1778056,1787109,1267920,1236968,275251,296948,15967,16181,175382,189867,5389,5257,38147,41888,1300746,1272924,288153,312299,27320,28935,193309,208950,9717,9836,503873,461657,442833,402828,23801,25018,17492,14333,4897,4781,2119,1729,12731,12968,454181,414276,29601,31034,23327,20292,7997,7991,3246,2883
R,7,2024,42,4512020,2269685,2242335,1707046,1639109,296206,321408,32829,29489,176735,192283,7556,6866,49313,53180,1749809,1684967,314247,342396,49998,47953,196810,213547,12929,12425,1769196,1779892,1267176,1234421,272533,296792,15674,15506,171863,187382,5387,5076,36563,40715,1298577,1269305,284879,311963,26845,28219,188807,205522,9636,9535,500489,462443,439870,404688,23673,24616,17155,13983,4872,4901,2169,1790,12750,12465,451232,415662,29368,30433,23153,19734,8003,8025,3293,2890
R,7,2024,43,4438616,2230545,2208071,1685691,1619311,291159,317723,31549,29105,166592,183688,7290,6400,48264,51844,1727313,1664136,308829,338307,48496,47200,186201,204044,12579,11834,1741627,1753585,1255169,1221713,268503,293242,15048,15607,161712,178930,5189,4707,36006,39386,1285952,1255504,280642,307931,26225,27987,178390,196304,9380,9098,488918,454486,430522,397598,22656,24481,16501,13498,4880,4758,2101,1693,12258,12458,441361,408632,28187,30376,22271,19213,7811,7740,3199,2736
R,7,2024,44,4410780,2214599,2196181,1671240,1606623,294944,322422,31512,28830,162717,180611,7263,6628,46923,51067,1711801,1650621,312093,342677,48541,47001,181455,200575,12459,12061,1723195,1743428,1238581,1210419,272092,298025,15093,15472,157881,175932,5081,4943,34467,38637,1268088,1243403,283650,312398,26233,27969,173559,192843,9196,9295,491404,452753,432659,396204,22852,24397,16419,13358,4836,4679,2182,1685,12456,12430,443713,407218,28443,30279,22308,19032,7896,7732,3263,2766
R,7,2024,45,4224803,2114981,2109822,1600242,1544819,278447,308556,29478,27168,156358,175078,6508,6151,43948,48050,1638175,1586207,294441,327363,45335,44347,173909,193923,11404,11167,1656418,1679057,1195701,1168336,257185,285068,14474,14388,151986,170675,4638,4494,32434,36096,1223400,1199158,267967,298165,24852,26091,166845,186674,8519,8522,458563,430765,404541,376483,21262,23488,15004,12780,4372,4403,1870,1657,11514,11954,414775,387049,26474,29198,20483,18256,7064,7249,2885,2645
R,7,2024,46,4124267,2062679,2061588,1569124,1516682,266935,296660,28390,26783,150013,169516,6240,5805,41977,46142,1605214,1556220,281980,314508,43767,43629,166911,187738,10690,10557,1609963,1635169,1168619,1142801,246444,274062,13859,14288,145768,165063,4502,4276,30771,34679,1194750,1172226,256518,286470,23917,25822,159951,180563,8012,8107,452716,426419,400505,373881,20491,22598,14531,12495,4245,4453,1738,1529,11206,11463,410464,383994,25462,28038,19850,17807,6960,7175,2678,2450
R,7,2024,47,4066171,2027390,2038781,1543936,1500191,260977,293043,28106,26206,148136,168985,6125,5805,40110,44551,1578543,1538254,275221,310072,43114,42697,164073,186612,10485,10541,1584832,1615316,1152034,1127631,241278,270814,14022,14417,143739,164675,4358,4258,29401,33521,1177077,1155991,250687,282650,23985,25820,157105,179562,7776,8031,442558,423465,391902,372560,19699,22229,14084,11789,4397,4310,1767,1547,10709,11030,401466,382263,24534,27422,19129,16877,6968,7050,2709,2510
R,7,2024,48,3922082,1954823,1967259,1486774,1448861,249433,279856,26812,25100,147807,166375,5678,5479,38319,41588,1519814,1484316,262633,295565,41285,40761,163223,182893,9901,9826,1525337,1553363,1105629,1083811,230514,258494,13305,13510,143665,162157,4115,4045,28109,31346,1129581,1110251,239133,269396,22916,24402,156689,176168,7458,7546,429486,413896,381145,365050,18919,21362,13507,11590,4142,4218,1563,1434,10210,10242,390233,374065,23500,26169,18369,16359,6534,6725,2443,2280
R,7,2024,49,3956726,1969932,1986794,1503111,1468161,250162,281839,26283,25228,148831,166381,5746,5244,35799,39941,1533635,1502150,262436,296639,40124,40415,163211,182324,9735,9353,1547785,1578560,1126582,1106447,232267,261905,13176,13701,144810,162361,4198,3930,26752,30216,1149111,1131847,240577,272101,22555,24265,157109,176056,7415,7247,422147,408234,376529,361714,17895,19934,13107,11527,4021,4020,1548,1314,9047,9725,384524,370303,21859,24538,17569,16150,6102,6268,2320,2106
R,7,2024,50,3874966,1927166,1947800,1471632,1440549,243353,275513,25879,24489,146768,163800,5293,5151,34241,38298,1500811,1472943,254928,289646,39211,39269,160609,179053,9134,9188,1521152,1551036,1108584,1087994,226556,256388,12978,13455,143147,160021,3917,3834,25970,29344,1130478,1112511,234445,266344,22237,23970,155099,173177,7053,7111,406014,396764,363048,352555,16797,19125,12901,11034,3621,3779,1376,1317,8271,8954,370333,360432,20483,23302,16974,15299,5510,5876,2081,2077
R,7,2024,51,3919253,1946542,1972711,1486792,1459845,249114,282029,25547,24756,145812,163434,5321,5015,33956,37632,1515653,1491637,260233,295731,38941,39530,159668,178497,9087,8917,1548906,1581698,1130939,1112245,232816,263294,13033,13740,142218,159614,3965,3744,25935,29061,1152732,1136494,240433,273047,22425,24448,154278,172630,7042,6929,397636,391013,355853,347600,16298,18735,12514,11016,3594,3820,1356,1271,8021,8571,362921,355143,19800,22684,16516,15082,5390,5867,2045,1988
R,7,2024,52,4099042,2038621,2060421,1571105,1539257,257699,291202,26020,24863,144732,162483,5230,4976,33835,37640,1599738,1571012,268596,304532,39884,40180,158242,177286,9021,8971,1644682,1673522,1218209,1194883,241800,272862,13645,14034,141057,158825,3902,3695,26069,29223,1239989,1219240,249409,282350,23603,25238,152787,171732,6991,6978,393939,386899,352896,344374,15899,18340,12375,10829,3675,3658,1328,1281,7766,8417,359749,351772,19187,22182,16281,14942,5455,5554,2030,1993
R,7,2024,53,4333802,2159848,2173954,1684098,1643194,267731,303120,26286,25806,141787,158311,5250,5044,34696,38479,1713561,1675678,278799,316643,40884,41799,155364,173081,9238,9284,1768303,1789894,1333130,1301835,251957,284837,14307,14630,138089,154659,3902,3792,26918,30141,1355745,1327002,259661,294552,24975,26609,149890,167448,7165,7308,391545,384060,350968,341359,15774,18283,11979,11176,3698,3652,1348,1252,7778,8338,357816,348676,19138,22091,15909,15190,5474,5633,2073,1976
R,7,2024,54,4259244,2120463,2138781,1657581,1624145,261165,292785,25489,24969,137596,155203,5246,5061,33386,36618,1685824,1654806,271799,305543,39727,40597,150381,169243,9221,9215,1740272,1770264,1317059,1296055,245617,275541,13783,14556,134073,151582,3961,3877,25779,28653,1338593,1319790,253009,284740,24170,26248,145123,163654,7261,7314,380191,368517,340522,328090,15548,17244,11706,10413,3523,3621,1285,1184,7607,7965,347231,335016,18790,20803,15557,14349,5258,5589,1960,1901
R,7,2024,55,4095002,2034591,2060411,1598352,1573386,244626,276081,24398,23788,131301,148316,4830,4839,31084,34001,1624744,1601924,254087,287584,38103,38778,143175,161118,8386,8586,1676377,1711333,1276907,1262538,230091,259668,13615,13949,128106,144933,3662,3673,23996,26572,1297077,1284610,236525,267759,23676,25245,138420,156047,6591,6779,358214,349078,321445,310848,14535,16413,10783,9839,3195,3383,1168,1166,7088,7429,327667,317314,17562,19825,14427,13533,4755,5071,1795,1807
R,7,2024,56,4001246,1983793,2017453,1557760,1537788,243933,276889,23697,23175,124624,142539,4701,4768,29078,32294,1582232,1564663,252732,287748,36819,37618,135680,154599,8064,8604,1635323,1677726,1245244,1234719,229517,260872,13088,13880,121547,139394,3517,3628,22410,25233,1263827,1255438,235478,268519,22817,24862,131118,149816,6330,6835,348470,339727,312516,303069,14416,16017,10609,9295,3077,3145,1184,1140,6668,7061,318405,309225,17254,19229,14002,12756,4562,4783,1734,1769
R,7,2024,57,4006737,1977468,2029269,1565051,1560203,240833,276910,23020,23111,115711,133011,4732,4757,28121,31277,1588736,1586252,249236,287623,36027,37460,126136,144181,8080,8384,1644265,1701064,1265727,1267476,227322,261321,13139,14157,112679,130014,3598,3647,21800,24449,1283846,1287571,233008,268904,22862,25066,121710,139668,6435,6698,333203,328205,299324,292727,13511,15589,9881,8954,3032,2997,1134,1110,6321,6828,304890,298681,16228,18719,13165,12394,4426,4513,1645,1686
R,7,2024,58,4055499,1997765,2057734,1578490,1580851,247297,284590,23335,23272,116349,133481,4607,4694,27687,30846,1601512,1606472,255609,294817,36494,37891,126372,144452,7975,8317,1670399,1735240,1284821,1293171,233530,269328,13496,14489,113474,130437,3564,3702,21514,24113,1302430,1312944,239143,276512,23529,25741,122117,139849,6398,6728,327366,322494,293669,287680,13767,15262,9839,8783,2875,3044,1043,992,6173,6733,299082,293528,16466,18305,12965,12150,4255,4603,1577,1589
R,7,2024,59,4201444,2058368,2143076,1634123,1658060,252288,291847,23693,23993,115526,132863,4748,4859,27990,31454,1657503,1684089,260404,302200,37231,39227,125659,143749,8185,8586,1738030,1822969,1346669,1372181,238940,276722,14146,15493,112679,129911,3727,3848,21869,24814,1364677,1392452,244467,284091,24434,27399,121496,139289,6604,6979,320338,320107,287454,285879,13348,15125,9547,8500,2847,2952,1021,1011,6121,6640,292826,291637,15937,18109,12797,11828,4163,4460,1581,1607
R,7,2024,60,4291837,2099540,2192297,1677257,1706954,249868,290138,23502,24014,116467,135160,4474,4665,27972,31366,1700591,1732897,257828,299948,37429,39626,126419,146088,7912,8407,1793078,1881691,1402477,1429712,236889,275354,14356,15543,113765,132412,3515,3679,22076,24991,1420668,1450076,242347,282341,25187,27972,122411,141895,6401,6835,306462,310606,274780,277242,12979,14784,9146,8471,2702,2748,959,986,5896,6375,279923,282821,15481,17607,12242,11654,4008,4193,1511,1572
R,7,2024,61,4283092,2088565,2194527,1672610,1715983,244272,285084,23057,23658,116909,134235,4256,4519,27461,31048,1695543,1741544,251833,294888,36765,39301,126733,144815,7544,8172,1798231,1896841,1411933,1450307,232267,271301,14315,15459,114287,131432,3365,3600,22064,24742,1430166,1470413,237508,278273,25193,27925,122923,140584,6202,6686,290334,297686,260677,265676,12005,13783,8742,8199,2622,2803,891,919,5397,6306,265377,271131,14325,16615,11572,11376,3810,4231,1342,1486
R,7,2024,62,4285877,2085253,2200624,1683351,1734853,240129,282641,22500,23675,107871,124323,4349,4495,27053,30637,1706033,1760047,247389,292281,36141,39383,117517,134674,7666,8129,1805833,1913598,1432355,1478415,228554,269715,14196,15599,105458,121644,3504,3583,21766,24642,1450426,1498446,233582,276628,25094,28288,113904,130636,6326,6649,279420,287026,250996,256438,11575,12926,8304,8076,2413,2679,845,912,5287,5995,255607,261601,13807,15653,11047,11095,3613,4038,1340,1480
R,7,2024,63,4265138,2068780,2196358,1678962,1738918,234451,278523,21615,23308,103086,121768,4122,4239,26544,29602,1701137,1763231,241496,287513,35302,38889,112469,131696,7310,7743,1806642,1923437,1443712,1495054,223522,266010,13857,15809,100741,119164,3314,3427,21496,23973,1461458,1514506,228462,272565,24856,28470,108993,127791,6019,6382,262138,272921,235250,243864,10929,12513,7758,7499,2345,2604,808,812,5048,5629,239679,248725,13034,14948,10446,10419,3476,3905,1291,1361
R,7,2024,64,4175853,2020885,2154968,1632991,1698137,232072,276068,21309,22869,104480,124698,4069,4159,25964,29037,1654775,1721859,238864,285140,34720,38149,113669,134320,7191,7595,1765732,1889521,1404019,1461109,221277,263871,13805,15533,102238,122165,3291,3368,21102,23475,1421543,1480031,226058,270496,24619,27961,110365,130476,5942,6270,255153,265447,228972,237028,10795,12197,7504,7336,2242,2533,778,791,4862,5562,233232,241828,12806,14644,10101,10188,3304,3844,1249,1325
R,7,2024,65,4084252,1966346,2117906,1599113,1679816,220889,266703,19679,21650,98298,118589,3811,3843,24556,27305,1619636,1702348,227264,274900,32615,36448,106897,127428,6619,6933,1733575,1870625,1390100,1458701,211095,255318,12974,14844,96243,116274,3107,3166,20056,22322,1406736,1476935,215597,261291,23506,27065,103813,124010,5495,5822,232771,247281,209013,221115,9794,11385,6705,6806,2055,2315,704,677,4500,4983,212900,225413,11667,13609,9109,9383,3084,3418,1124,1111
R,7,2024,66,4036168,1936692,2099476,1581786,1674586,210764,255966,18835,20846,97985,117912,3582,3772,23740,26394,1601609,1696218,216905,263946,31430,35282,106236,126435,6327,6717,1719924,1864798,1387255,1464503,201462,245120,12653,14625,96094,115840,2934,3089,19526,21621,1403410,1482046,205826,250984,23035,26538,103435,123271,5268,5610,216768,234678,194531,210083,9302,10846,6182,6221,1891,2072,648,683,4214,4773,198199,214172,11079,12962,8395,8744,2801,3164,1059,1107
R,7,2024,67,3949096,1885438,2063658,1545403,1648780,201963,251824,18504,20048,93446,113993,3479,3576,22643,25437,1564249,1669704,207881,259416,30773,34428,101143,121756,6056,6484,1679331,1837656,1360594,1446324,193168,241397,12274,14085,91653,111976,2885,2946,18757,20928,1376058,1463329,197436,246996,22442,26096,98541,118743,5124,5432,206107,226002,184809,202456,8795,10427,6230,5963,1793,2017,594,630,3886,4509,188191,206375,10445,12420,8331,8332,2602,3013,932,1052
R,7,2024,68,3760814,1782940,1977874,1462225,1579504,188036,238952,17184,19165,91064,112507,3111,3439,21320,24307,1480063,1599417,193504,246197,28694,32879,98228,120076,5596,6139,1590210,1763212,1289481,1387182,179791,229077,11387,13676,89360,110445,2568,2893,17623,19939,1304089,1403344,183677,234365,20906,25126,95749,117026,4718,5184,192730,214662,172744,192322,8245,9875,5797,5489,1704,2062,543,546,3697,4368,175974,196073,9827,11832,7788,7753,2479,3050,878,955
R,7,2024,69,3659141,1726169,1932972,1420837,1549377,177684,228374,16298,18077,88121,110757,2959,3333,20270,23054,1437622,1568219,182891,235249,27494,30939,94887,118004,5346,5975,1544309,1727661,1257146,1364696,169958,219333,11149,12957,86558,108905,2475,2776,17023,18994,1271125,1379990,173775,224391,20604,23706,92628,115280,4557,5059,181860,205311,163691,184681,7726,9041,5149,5120,1563,1852,484,557,3247,4060,166497,188229,9116,10858,6890,7233,2259,2724,789,916
R,7,2024,70,3513149,1646984,1866165,1365070,1505022,162872,215454,14881,16951,82898,104178,2713,3099,18550,21461,1380614,1522526,167529,221821,25417,29273,88890,110640,4743,5582,1482743,1676116,1216999,1333824,155796,207185,10390,12287,81584,102479,2293,2560,15681,17781,1230039,1348142,159194,211881,19394,22674,86961,108172,4088,4726,164241,190049,148071,171198,7076,8269,4491,4664,1314,1699,420,539,2869,3680,150575,174384,8335,9940,6023,6599,1929,2468,655,856
R,7,2024,71,3348806,1561643,1787163,1300957,1449157,148515,199897,13828,15740,78517,99193,2588,2856,17238,20320,1315335,1465821,152701,205775,23561,27445,84168,105403,4554,5172,1411030,1610115,1165130,1289364,142169,192126,9720,11550,77202,97695,2199,2373,14610,17007,1177225,1303135,145233,196548,18061,21507,82277,103163,3925,4399,150613,177048,135827,159793,6346,7771,4108,4190,1315,1498,389,483,2628,3313,138110,162686,7468,9227,5500,5938,1891,2240,629,773
R,7,2024,72,3201975,1486706,1715269,1245149,1395495,137347,189204,12600,14742,73338,94601,2388,2702,15884,18525,1258352,1410715,141247,194473,21709,25645,78448,100088,4289,4830,1348077,1550572,1119760,1246820,131583,181898,8977,10860,72150,93188,2047,2265,13560,15541,1130947,1259425,134503,185855,16809,20200,76769,98030,3716,4107,138629,164697,125389,148675,5764,7306,3623,3882,1188,1413,341,437,2324,2984,127405,151290,6744,8618,4900,5445,1679,2058,573,723
R,7,2024,73,3027929,1394167,1633762,1166758,1326488,130527,183324,12043,13997,67782,89956,2139,2429,14918,17568,1179185,1340842,134193,188521,20778,24412,72418,95014,3873,4437,1263714,1477419,1048644,1185433,125116,176466,8678,10208,66695,88550,1849,2049,12732,14713,1059165,1197289,127852,180396,16221,19123,70868,92976,3399,3792,130453,156343,118114,141055,5411,6858,3365,3789,1087,1406,290,380,2186,2855,120020,143553,6341,8125,4557,5289,1550,2038,474,645
R,7,2024,74,2863632,1312584,1551048,1093758,1255607,121881,172460,11515,13150,68981,90733,2163,2389,14286,16709,1105618,1269183,125410,177386,19952,22927,73401,95725,3827,4352,1191465,1402354,984179,1121201,116829,165857,8371,9806,68002,89410,1830,2042,12254,14038,994294,1132470,119509,169580,15658,18205,71974,93781,3321,3769,121119,148694,109579,134406,5052,6603,3144,3344,979,1323,333,347,2032,2671,111324,136713,5901,7806,4294,4722,1427,1944,506,583
R,7,2024,75,2761456,1260414,1501042,1060461,1228545,110754,159308,10736,12255,63272,82948,2073,2312,13118,15674,1071390,1241445,113878,163816,18534,21652,67297,87372,3626,4065,1150031,1364200,960425,1104469,106327,153463,7836,9192,62350,81795,1779,1980,11314,13301,969799,1115321,108682,156886,14667,17383,65963,85698,3148,3515,110383,136842,100036,124076,4427,5845,2900,3063,922,1153,294,332,1804,2373,101591,126124,5196,6930,3867,4269,1334,1674,478,550
R,7,2024,76,2672363,1217874,1454489,1032636,1201341,101748,147955,9890,11456,59392,76635,1831,2139,12377,14963,1042986,1213710,104726,152137,17303,20430,63080,80871,3273,3840,1114450,1324877,938732,1083699,97609,142525,7330,8649,58563,75521,1570,1833,10646,12650,947554,1094027,99894,145699,13794,16431,61870,79253,2868,3335,103424,129612,93904,117642,4139,5430,2560,2807,829,1114,261,306,1731,2313,95432,119683,4832,6438,3509,3999,1210,1618,405,505
R,7,2024,77,2783899,1274581,1509318,1098878,1270410,95968,139214,9965,11138,55687,71786,1725,1913,12358,14857,1109289,1282814,98854,143350,17597,20319,59148,75780,3152,3508,1176209,1385125,1009338,1157410,92220,134095,7486,8550,54935,70728,1494,1642,10736,12700,1018347,1167907,94453,137303,14266,16579,57988,74267,2752,3068,98372,124193,89540,113000,3748,5119,2479,2588,752,1058,231,271,1622,2157,90942,114907,4401,6047,3331,3740,1160,1513,400,440
R,7,2024,78,1941012,869250,1071762,735524,884076,70609,107486,7169,8557,45371,58746,1492,1669,9085,11228,743149,893362,72766,110586,12551,15122,48126,62052,2594,3009,789856,966405,663258,788421,67436,102905,5261,6403,44776,57866,1297,1449,7828,9361,669808,796082,69052,105196,9973,11988,47253,60753,2278,2638,79394,105357,72266,95655,3173,4581,1908,2154,595,880,195,220,1257,1867,73341,97280,3714,5390,2578,3134,873,1299,316,371
R,7,2024,79,1834596,813749,1020847,689467,843297,66008,102465,6605,8072,41815,54882,1246,1516,8608,10615,696696,852092,68017,105380,11751,14298,44340,57984,2354,2785,741421,924287,623556,755293,63225,98493,4933,6122,41220,54078,1074,1307,7413,8994,629729,762681,64742,100687,9437,11520,43488,56807,2064,2436,72328,96560,65911,88004,2783,3972,1672,1950,595,804,172,209,1195,1621,66967,89411,3275,4693,2314,2778,852,1177,290,349
R,7,2024,80,1751366,769804,981562,656900,818779,59695,93932,6058,7506,38288,49983,1154,1321,7709,10041,663394,827098,61432,96758,10671,13507,40558,52776,2139,2533,705605,892438,598277,737398,57140,90448,4583,5661,37845,49238,1018,1150,6742,8543,603921,744426,58497,92607,8701,10883,39886,51709,1904,2226,64199,89124,58623,81381,2555,3484,1475,1845,443,745,136,171,967,1498,59473,82672,2935,4151,1970,2624,672,1067,235,307
R,7,2024,81,1731062,754156,976906,650369,824073,55078,90169,5535,7001,34909,44977,987,1201,7278,9485,656534,831996,56729,92758,10007,12773,36923,47536,1873,2292,695505,893055,596718,747697,52788,86641,4306,5288,34452,44333,877,1037,6364,8059,602116,754386,54043,88564,8324,10358,36243,46570,1660,2012,58651,83851,53651,76376,2290,3528,1229,1713,457,644,110,164,914,1426,54418,77610,2686,4194,1683,2415,680,966,213,280
R,7,2024,82,1445143,620463,824680,530066,689298,46644,77674,4810,6048,31791,42515,836,1092,6316,8053,535351,696007,48114,79827,8654,10916,33625,44754,1581,1993,569522,751306,483398,622086,44676,74851,3761,4580,31423,41938,732,920,5532,6931,488004,627813,45827,76511,7195,8867,33075,43926,1397,1734,50941,73374,46668,67212,1968,2823,1049,1468,368,577,104,172,784,1122,47347,68194,2287,3316,1459,2049,550,828,184,259
R,7,2024,83,1260479,532352,728127,452775,605859,40635,70680,4269,5453,28404,37920,774,909,5495,7306,457412,611920,41871,72649,7584,9834,30029,40018,1442,1788,486807,661130,411052,544429,38886,68049,3323,4212,28073,37403,690,775,4783,6262,415070,549601,39821,69564,6270,8052,29531,39252,1287,1553,45545,66997,41723,61430,1749,2631,946,1241,331,517,84,134,712,1044,42342,62319,2050,3085,1314,1782,498,766,155,235
R,7,2024,84,1118437,464288,654149,392375,541977,36188,64550,3880,5024,26154,35016,702,914,4989,6668,396562,547515,37317,66382,6825,8989,27705,36905,1310,1684,423022,592185,354612,485336,34610,62024,3001,3834,25826,34536,602,750,4371,5705,358276,490035,35482,63426,5616,7299,27222,36205,1152,1431,41266,61964,37763,56641,1578,2526,879,1190,328,480,100,164,618,963,38286,57480,1835,2956,1209,1690,483,700,158,253
R,7,2024,85,1002394,411344,591050,349499,493416,30926,55874,3205,4369,22872,30708,571,814,4271,5869,353115,498305,31901,57442,5739,7842,24153,32386,1093,1537,374899,535271,316108,442266,29475,53631,2473,3377,22613,30281,499,691,3731,5025,319244,446446,30225,54817,4728,6426,23766,31758,979,1318,36445,55779,33391,51150,1451,2243,732,992,259,427,72,123,540,844,33871,51859,1676,2625,1011,1416,387,628,114,219
R,7,2024,86,901591,362705,538886,308191,449628,26884,51091,2868,4062,20362,28137,515,724,3885,5244,311464,453986,27786,52534,5184,7091,21519,29667,956,1350,330614,488429,278691,403445,25695,49030,2281,3145,20132,27773,440,580,3375,4456,281520,407118,26368,50131,4341,5789,21173,29117,829,1125,32091,50457,29500,46183,1189,2061,587,917,230,364,75,144,510,788,29944,46868,1418,2403,843,1302,346,550,127,225
R,7,2024,87,770963,304961,466002,258145,387989,22857,44332,2445,3437,17724,24890,470,633,3320,4721,260992,391945,23617,45600,4381,6154,18761,26280,844,1204,277444,421948,232899,347568,21783,42588,1920,2658,17521,24538,412,529,2909,4067,235384,350950,22359,43566,3661,5047,18457,25781,745,1038,27517,44054,25246,40421,1074,1744,525,779,203,352,58,104,411,654,25608,40995,1258,2034,720,1107,304,499,99,166
R,7,2024,88,679744,264518,415226,223671,345204,19968,39983,2129,3138,15478,22221,393,526,2879,4154,226085,348648,20622,41134,3777,5582,16397,23416,759,982,240463,376103,201522,309280,19050,38493,1686,2411,15312,21922,348,449,2545,3548,203659,312204,19553,39379,3168,4536,16147,22975,674,855,24055,39123,22149,35924,918,1490,443,727,166,299,45,77,334,606,22426,36444,1069,1755,609,1046,250,441,85,127
R,7,2024,89,594759,225807,368952,191126,307594,16654,34782,1816,2760,13390,19665,347,464,2474,3687,193213,310633,17222,35769,3221,4883,14164,20754,678,913,205208,334135,172083,275619,15908,33446,1458,2083,13240,19397,308,392,2211,3198,173942,278236,16372,34222,2737,3969,13940,20365,608,787,20599,34817,19043,31975,746,1336,358,677,150,268,39,72,263,489,19271,32397,850,1547,484,914,224,389,70,126
R,7,2024,90,484508,180493,304015,152340,252779,13293,28770,1423,2172,11101,16762,298,394,2038,3138,154066,255416,13756,29633,2558,3938,11776,17737,555,766,164055,275819,137153,226833,12728,27689,1114,1670,10991,16541,259,347,1810,2739,138686,229130,13098,28363,2135,3242,11598,17413,488,678,16438,28196,15187,25946,565,1081,309,502,110,221,39,47,228,399,15380,26286,658,1270,423,696,178,324,67,88
R,7,2024,91,423135,154390,268745,130708,223707,11069,24753,1245,1923,9398,15359,234,327,1736,2676,132188,225921,11464,25468,2199,3449,9985,16163,440,683,140945,244627,118296,201407,10577,23860,1006,1529,9300,15184,208,289,1558,2358,119619,203348,10899,24442,1877,2900,9834,15910,393,612,13445,24118,12412,22300,492,893,239,394,98,175,26,38,178,318,12569,22573,565,1026,322,549,151,253,47,71
R,7,2024,92,357605,126377,231228,107402,193420,8649,20622,986,1629,7702,12919,199,280,1439,2358,108623,195388,8979,21277,1773,2965,8185,13593,399,577,115154,210653,96968,174403,8290,19853,784,1294,7626,12777,178,249,1308,2077,98079,176124,8569,20393,1498,2492,8075,13384,361,510,11223,20575,10434,19017,359,769,202,335,76,142,21,31,131,281,10544,19264,410,884,275,473,110,209,38,67
R,7,2024,93,297609,102296,195313,87159,163827,6722,16780,763,1334,6325,11163,166,236,1161,1973,88142,165460,6987,17337,1414,2455,6712,11743,321,486,93153,178073,78645,147897,6436,16149,611,1043,6274,11055,148,209,1039,1720,79525,149313,6650,16593,1201,2037,6627,11570,285,435,9143,17240,8514,15930,286,631,152,291,51,108,18,27,122,253,8617,16147,337,744,213,418,85,173,36,51
R,7,2024,94,243030,80757,162273,68223,135403,5384,14045,683,1157,5349,9760,139,212,979,1696,69046,136816,5612,14517,1221,2130,5677,10257,269,417,73514,148031,61497,122222,5144,13560,545,927,5314,9649,128,186,886,1487,62245,123457,5335,13926,1033,1800,5615,10096,244,367,7243,14242,6726,13181,240,485,138,230,35,111,11,26,93,209,6801,13359,277,591,188,330,62,161,25,50
R,7,2024,95,187862,60337,127525,50977,106392,3948,10982,502,815,4056,7774,98,174,756,1388,51603,107538,4131,11385,945,1613,4289,8163,200,353,55064,116783,46094,96488,3779,10594,411,651,4022,7678,89,156,669,1216,46648,97485,3925,10926,812,1363,4228,8025,177,315,5273,10742,4883,9904,169,388,91,164,34,96,9,18,87,172,4955,10053,206,459,133,250,61,138,23,38
R,7,2024,96,147501,45334,102167,38230,85310,2889,8575,381,709,3176,6311,65,128,593,1134,38730,86247,3028,8891,692,1352,3381,6642,149,287,41501,93951,34663,77737,2767,8276,320,567,3157,6243,58,113,536,1015,35114,78569,2886,8537,605,1152,3347,6546,135,254,3833,8216,3567,7573,122,299,61,142,19,68,7,15,57,119,3616,7678,142,354,87,200,34,96,14,33
R,7,2024,97,110737,32661,78076,27295,64925,2113,6621,284,573,2449,4983,45,97,475,877,27696,65658,2236,6859,548,1070,2597,5236,105,215,30044,72225,24852,59535,2039,6399,248,474,2436,4936,40,86,429,795,25213,60199,2141,6601,489,931,2572,5167,93,192,2617,5851,2443,5390,74,222,36,99,13,47,5,11,46,82,2483,5459,95,258,59,139,25,69,12,23
R,7,2024,98,78674,22388,56286,18491,46349,1506,4885,191,412,1823,3872,36,83,341,685,18773,46911,1599,5084,381,796,1934,4067,83,177,20533,51980,16784,42353,1445,4740,162,345,1809,3845,33,75,300,622,17033,42864,1516,4912,334,699,1908,4022,71,159,1855,4306,1707,3996,61,145,29,67,14,27,3,8,41,63,1740,4047,83,172,47,97,26,45,12,18
R,7,2024,99,56997,15474,41523,12595,34026,1048,3559,150,308,1396,3016,19,63,266,551,12814,34479,1115,3743,297,634,1484,3147,57,121,14290,38555,11502,31289,1014,3444,129,269,1386,2992,17,58,242,503,11701,31703,1069,3608,264,574,1467,3108,51,108,1184,2968,1093,2737,34,115,21,39,10,24,2,5,24,48,1113,2776,46,135,33,60,17,39,6,13
R,7,2024,100,98034,24171,73863,18614,58398,1684,6525,269,649,3059,7017,50,138,495,1136,19016,59312,1833,6892,530,1284,3234,7338,127,308,22385,69223,16973,54118,1625,6352,239,579,3043,6987,47,129,458,1058,17349,54968,1756,6682,483,1177,3207,7285,115,285,1786,4640,1641,4280,59,173,30,70,16,30,3,9,37,78,1667,4344,77,210,47,107,27,53,12,23
R,8,2024,999,340294414,168425675,171868739,126758291,127592729,22433445,24210771,2407958,2344493,11003705,11865554,477390,464150,5344886,5391042,131546150,132397804,24917509,26760406,3880408,3870750,13010323,13852792,929827,917667,133909725,138180537,96915391,98496096,20617257,22360071,1204181,1239167,10629925,11493233,341042,334827,4201929,4257143,100678745,102287911,22546742,24350883,2215221,2310325,12327127,13172974,692532,688796,34515950,33688202,29842900,29096633,1816188,1850700,1203777,1105326,373780,372321,136348,129323,1142957,1133899,30867405,30109893,2370767,2409523,1665187,1560425,683196,679818,237295,228871
R,8,2024,0,3613988,1845886,1768102,1269398,1213711,297302,287835,36192,35084,109988,103483,7941,7549,125065,120440,1384401,1324439,366460,354567,59554,57721,156241,147830,16534,15748,1316623,1257289,843004,802575,256611,248459,11989,11480,101640,95678,4353,4014,99026,95083,934584,890485,312163,301919,26659,25631,139809,132197,10568,9929,529263,510813,426394,411136,40691,39376,24203,23604,8348,7805,3588,3535,26039,25357,449817,433954,54297,52648,32895,32090,16432,15633,5966,5819
R,8,2024,1,3690842,1884863,1805979,1290477,1233800,303791,294408,37720,36570,117223,110617,8204,7852,127448,122732,1407655,1346601,374073,362176,61536,59638,164539,156031,16945,16200,1340749,1280776,852811,811835,261957,253981,12116,11611,108631,102482,4548,4180,100686,96687,945900,901186,318217,308094,26964,25919,147722,139937,10868,10208,544114,525203,437666,421965,41834,40427,25604,24959,8592,8135,3656,3672,26762,26045,461755,445415,55856,54082,34572,33719,16817,16094,6077,5992
R,8,2024,2,3763039,1920826,1842213,1311340,1254780,310158,301551,37809,36363,123338,116555,8248,7889,129933,125075,1430786,1369722,381692,370464,62109,59853,171678,162998,17149,16375,1372111,1312622,870217,828968,267863,260768,12302,11712,114606,108228,4655,4355,102468,98591,964928,920057,324967,315776,27372,26253,154574,146633,11093,10503,548715,529591,441123,425812,42295,40783,25507,24651,8732,8327,3593,3534,27465,26484,465858,449665,56725,54688,34737,33600,17104,16365,6056,5872
R,8,2024,3,3701230,1891885,1809345,1289288,1228316,309542,300522,36314,35064,121924,115859,7379,6956,127438,122628,1406437,1341007,379700,368055,60143,58052,169346,161452,16094,15270,1370935,1306337,869813,823062,269965,262401,12397,11931,113925,108026,4393,4097,100442,96820,962644,912500,325892,316356,27144,26203,153171,145821,10703,10137,520950,503008,419475,405254,39577,38121,23917,23133,7999,7833,2986,2859,26996,25808,443793,428507,53808,51699,32999,31849,16175,15631,5391,5133
R,8,2024,4,3814882,1949463,1865419,1339461,1278196,309841,300763,38123,36432,127441,121110,7355,6933,127242,121985,1456446,1390337,380055,368114,61780,59230,174740,166341,16051,15183,1424751,1361829,914424,869723,272119,264861,13631,13158,119296,113297,4584,4195,100697,96595,1007476,958967,328281,318806,28408,27377,158594,150921,10944,10242,524712,503590,425037,408473,37722,35902,24492,23274,8145,7813,2771,2738,26545,25390,448970,431370,51774,49308,33372,31853,16146,15420,5107,4941
R,8,2024,5,3878222,1979881,1898341,1365817,1304665,311307,304322,38982,37265,129014,122931,7663,7077,127098,122081,1482604,1416841,381313,371707,62690,60229,176334,168105,16361,15346,1448584,1385984,934666,888192,273658,268201,14251,13814,120641,114969,4763,4392,100605,96416,1027552,977211,329614,322028,29093,28105,160021,152483,11164,10458,531297,512357,431151,416473,37649,36121,24731,23451,8373,7962,2900,2685,26493,25665,455052,439630,51699,49679,33597,32124,16313,15622,5197,4888
R,8,2024,6,3955537,2020914,1934623,1394383,1330028,316719,309714,39529,37489,133361,126352,7767,7192,129155,123848,1513058,1443806,387578,377970,63682,60799,181613,172245,16641,15603,1483205,1416817,956386,907908,279799,274017,14323,13839,125202,118506,4909,4526,102586,98021,1051088,998372,336669,328636,29473,28408,165504,156726,11462,10722,537709,517806,437997,422120,36920,35697,25206,23650,8159,7846,2858,2666,26569,25827,461970,445434,50909,49334,34209,32391,16109,15519,5179,4881
R,8,2024,7,4032251,2062427,1969824,1427651,1358589,318183,310598,38673,37252,139672,131685,7896,7393,130352,124307,1547338,1472785,388795,378663,63268,60919,189030,177905,17015,15934,1516826,1443769,979028,926752,282124,275302,15369,14668,131565,123931,5090,4720,103650,98396,1074596,1017543,338725,329743,30935,29520,172927,162454,11893,11009,545601,526055,448623,431837,36059,35296,23304,22584,8107,7754,2806,2673,26702,25911,472742,455242,50070,48920,32333,31399,16103,15451,5122,4925
R,8,2024,8,4137219,2113715,2023504,1479350,1409331,319159,313533,38063,36667,137774,130459,7720,7435,131649,126079,1600303,1525207,390178,382073,63245,60900,187531,177508,16930,16149,1555293,1485872,1016705,964357,283528,278558,15910,15350,129644,122789,4923,4778,104583,100040,1113216,1056720,340474,333496,31897,30691,171224,162061,11750,11224,558422,537632,462645,444974,35631,34975,22153,21317,8130,7670,2797,2657,27066,26039,487087,468487,49704,48577,31348,30209,16307,15447,5180,4925
R,8,2024,9,4171891,2131322,2040569,1490949,1422215,325155,317486,37363,36519,138877,131153,7576,7433,131402,125763,1611688,1537792,396036,385833,62626,60702,188380,178088,16776,16114,1573192,1501313,1027299,975260,289031,282055,16287,15554,131088,123628,4876,4777,104611,100039,1123829,1067606,345867,336966,32451,30949,172598,162889,11741,11246,558130,539256,463650,446955,36124,35431,21076,20965,7789,7525,2700,2656,26791,25724,487859,470186,50169,48867,30175,29753,15782,15199,5035,4868
R,8,2024,10,4163540,2131608,2031932,1494636,1418292,326254,317027,37596,36467,135912,128947,7267,7082,129943,124117,1614058,1532355,395984,384618,62709,60453,185053,175016,16483,15743,1576674,1499930,1033763,977007,289681,281671,16605,15913,128364,121875,4728,4621,103533,98843,1129347,1068253,345604,336071,32768,31279,169571,160382,11582,11058,554934,532002,460873,441285,36573,35356,20991,20554,7548,7072,2539,2461,26410,25274,484711,464102,50380,48547,29941,29174,15482,14634,4901,4685
R,8,2024,11,4138649,2115452,2023197,1482262,1414373,323908,314744,37564,36066,136636,129071,7230,6995,127852,121948,1599646,1526269,392098,380691,62391,59911,185316,174696,16497,15645,1566087,1493687,1024970,973465,288355,280467,16754,16020,129287,122088,4766,4545,101955,97102,1118984,1062960,343095,333480,32780,31384,170143,160235,11639,10912,549365,529510,457292,440908,35553,34277,20810,20046,7349,6983,2464,2450,25897,24846,480662,463309,49003,47211,29611,28527,15173,14461,4858,4733
R,8,2024,12,4144014,2120267,2023747,1491831,1421044,324231,313311,38558,36958,132536,125344,7069,6831,126042,120259,1607526,1531406,391641,378117,63402,60766,180104,170244,16152,15452,1566440,1490701,1030061,976082,289335,279902,16826,16161,125342,118586,4628,4417,100248,95553,1122485,1064165,343320,331859,32842,31479,165178,156088,11353,10776,553827,533046,461770,444962,34896,33409,21732,20797,7194,6758,2441,2414,25794,24706,485041,467241,48321,46258,30560,29287,14926,14156,4799,4676
R,8,2024,13,4189511,2148619,2040892,1521246,1440944,327050,315489,37397,35832,129251,121919,7049,6692,126626,120016,1637555,1551091,394775,380003,62640,59972,176740,166593,16182,15273,1580747,1496632,1042897,983280,293533,282724,17149,16191,122250,115342,4627,4300,100291,94795,1135405,1070653,347640,334129,33365,31625,161839,152532,11359,10591,567872,544260,478349,457664,33517,32765,20248,19641,7001,6577,2422,2392,26335,25221,502150,480438,47135,45874,29275,28347,14901,14061,4823,4682
R,8,2024,14,4267902,2185779,2082123,1557511,1477541,331021,319307,36734,35299,127237,121550,6799,6572,126477,121854,1673954,1589500,398771,385071,62226,60166,173986,166169,15759,15136,1601871,1522991,1061371,1002831,298387,287651,17304,16933,120553,115310,4611,4340,99645,95926,1153497,1091312,352266,339820,33496,32820,159423,152468,11211,10608,583908,559132,496140,474710,32634,31656,19430,18366,6684,6240,2188,2232,26832,25928,520457,498188,46505,45251,28730,27346,14563,13701,4548,4528
R,8,2024,15,4350748,2227468,2123280,1594014,1511471,338700,328348,37003,35514,126260,121253,6863,6733,124628,119961,1708545,1621801,405606,393475,62304,59532,171981,164730,15548,15135,1634514,1557026,1088582,1029387,305698,296342,17870,17281,119574,114985,4683,4516,98107,94515,1179105,1116673,359036,348319,33871,32425,157603,151258,11080,10694,592954,566254,505432,482084,33002,32006,19133,18233,6686,6268,2180,2217,26521,25446,529440,505128,46570,45156,28433,27107,14378,13472,4468,4441
R,8,2024,16,4524809,2318785,2206024,1662372,1573461,352618,341698,38945,36950,131987,125980,7077,6834,125786,121101,1777858,1684660,420199,407750,64388,61469,177871,169513,16102,15176,1699630,1619153,1133363,1072656,318253,308986,18600,17980,125346,119618,4828,4541,99240,95372,1224790,1160527,372357,361845,34744,33397,163619,155839,11475,10687,619155,586871,529009,500805,34365,32712,20345,18970,6641,6362,2249,2293,26546,25729,553068,524133,47842,45905,29644,28072,14252,13674,4627,4489
R,8,2024,17,4543359,2328962,2214397,1674632,1586957,352330,339887,40167,37553,132612,125669,7020,6971,122201,117360,1786852,1694516,417614,403245,65539,61846,177101,167909,15793,15369,1706456,1624325,1143186,1082365,318071,307428,18595,18131,125885,119389,4806,4682,95913,92330,1231609,1167258,370027,358139,34570,33400,162823,154574,11267,10844,622506,590072,531446,504592,34259,32459,21572,19422,6727,6280,2214,2289,26288,25030,555243,527258,47587,45106,30969,28446,14278,13335,4526,4525
R,8,2024,18,4490003,2299761,2190242,1659609,1572929,341193,332143,39981,36945,135050,130009,7018,6811,116910,111405,1766872,1675084,402723,391335,64745,60295,178136,170707,15400,14748,1689605,1612819,1137839,1077857,308400,300652,18299,17790,128486,123988,4788,4658,91793,87874,1222313,1158680,357375,348197,33804,32528,164523,157964,10973,10496,610156,577423,521770,495072,32793,31491,21682,19155,6564,6021,2230,2153,25117,23531,544559,516404,45348,43138,30941,27767,13613,12743,4427,4252
R,8,2024,19,4462548,2284856,2177692,1651792,1564360,334239,325019,39863,36614,140342,137682,7205,6989,111415,107028,1753799,1662163,392011,381073,64034,59509,181787,177171,15174,14648,1686082,1614117,1139021,1079920,302442,294828,18069,17665,134115,131837,4953,4983,87482,84884,1219372,1157689,348409,339938,33199,32225,168870,165127,10840,10719,598774,563575,512771,484440,31797,30191,21794,18949,6227,5845,2252,2006,23933,22144,534427,504474,43602,41135,30835,27284,12917,12044,4334,3929
R,8,2024,20,4481209,2292596,2188613,1663644,1576462,331001,323866,39308,35703,143869,141849,7108,6791,107666,103942,1762190,1671507,385986,377596,62963,58431,184342,180500,14969,14345,1705068,1633466,1159179,1098027,300225,294685,17970,17380,137762,136098,4973,4880,84959,82396,1237182,1173542,344091,337807,33034,32134,171856,168686,10858,10491,587528,555147,504465,478435,30776,29181,21338,18323,6107,5751,2135,1911,22707,21546,525008,497965,41895,39789,29929,26297,12486,11814,4111,3854
R,8,2024,21,4454429,2277075,2177354,1655831,1569636,326890,322247,38566,35216,145890,143927,7016,6730,102882,99598,1749747,1660618,379121,373092,61842,57709,184376,181074,14677,13962,1699890,1629697,1159496,1096781,296440,293938,17618,17068,140031,138256,4961,4891,81344,78763,1233962,1168950,338229,334558,32542,31654,172492,169504,10690,10367,577185,547657,496335,472855,30450,28309,20948,18148,5859,5671,2055,1839,21538,20835,515785,491668,40892,38534,29300,26055,11884,11570,3987,3595
R,8,2024,22,4443307,2269028,2174279,1646357,1564340,330253,326229,37888,35117,148879,145486,6743,6561,98908,96546,1736566,1652135,380118,375765,60929,57809,185668,180754,14118,13723,1700340,1634453,1156259,1098084,300302,298059,17778,17184,143154,140038,4854,4733,77993,76355,1227561,1167742,340182,337663,32499,31964,174089,169701,10443,10163,568688,539826,490098,466256,29951,28170,20110,17933,5725,5448,1889,1828,20915,20191,509005,484393,39936,38102,28430,25845,11579,11053,3675,3560
R,8,2024,23,4519573,2306593,2212980,1666558,1587742,337280,332773,37418,35565,160286,155332,6585,6503,98466,95065,1756047,1674217,386754,380998,60924,58144,196921,190317,13963,13686,1740639,1674766,1178323,1122371,307488,304940,17919,17522,154541,149971,4788,4575,77580,75387,1248918,1191117,346878,343654,33152,32366,185467,179566,10340,10021,565954,538214,488235,465371,29792,27833,19499,18043,5745,5361,1797,1928,20886,19678,507129,483100,39876,37344,27772,25778,11454,10751,3623,3665
R,8,2024,24,4539736,2315526,2224210,1669385,1590417,342944,338849,38063,36003,162775,159267,6709,6418,95650,93256,1756417,1674822,390874,386292,61732,58790,197710,193268,13863,13476,1754046,1689545,1184358,1128349,313859,310946,18362,17766,157076,153892,4930,4528,75461,74064,1253103,1195512,352047,349020,33780,32926,186666,182602,10388,9889,561480,534665,485027,462068,29085,27903,19701,18237,5699,5375,1779,1890,20189,19192,503314,479310,38827,37272,27952,25864,11044,10666,3475,3587
R,8,2024,25,4469912,2275686,2194226,1644390,1572028,335007,331559,37001,35355,159518,158720,6705,6246,93065,90318,1728855,1653703,381357,377278,60323,58046,193359,191321,14029,13160,1730843,1672137,1173753,1120691,306779,304414,18005,17638,153924,153331,4899,4405,73483,71658,1240542,1185567,343784,341163,33429,32880,182485,180754,10488,9692,544843,522089,470637,451337,28228,27145,18996,17717,5594,5389,1806,1841,19582,18660,488313,468136,37573,36115,26894,25166,10874,10567,3541,3468
R,8,2024,26,4466566,2268400,2198166,1637614,1568656,336124,334183,36518,35116,161217,165618,6644,6377,90283,88216,1719254,1648570,380740,378335,59587,57634,193947,197310,13651,13054,1731008,1682794,1172619,1122425,308699,307809,17802,17684,155715,160198,4863,4539,71310,70139,1237156,1186056,344329,343236,33069,32902,183398,187043,10272,9684,537392,515372,464995,446231,27425,26374,18716,17432,5502,5420,1781,1838,18973,18077,482098,462514,36411,35099,26518,24732,10549,10267,3379,3370
R,8,2024,27,4464337,2260825,2203512,1632840,1570173,333612,333677,35843,34265,164682,173071,6508,6273,87340,86053,1711866,1647764,375985,376086,58815,57033,196681,204128,13324,12969,1728785,1693322,1171911,1127692,306705,308113,17566,17374,159297,167688,4746,4577,68560,67878,1234042,1188893,340140,341808,32751,32655,186333,193977,9964,9724,532040,510190,460929,442481,26907,25564,18277,16891,5385,5383,1762,1696,18780,18175,477824,458871,35845,34278,26064,24378,10348,10151,3360,3245
R,8,2024,28,4494767,2275636,2219131,1644543,1579472,333419,335347,35855,33798,169400,180322,6592,6384,85827,83808,1722060,1654928,374315,376000,59105,56551,200932,210896,13401,13113,1745919,1710582,1185266,1137735,306690,309965,17679,17210,164102,174900,4785,4670,67397,66102,1246179,1197274,338939,342225,33061,32467,190877,200778,10057,9929,529717,508549,459277,441737,26729,25382,18176,16588,5298,5422,1807,1714,18430,17706,475881,457654,35376,33775,26044,24084,10055,10118,3344,3184
R,8,2024,29,4570050,2313518,2256532,1665429,1600133,348653,349206,36240,34393,172366,184267,6762,6694,84068,81839,1740846,1673377,388125,388752,59795,57155,203387,213998,13738,13482,1780671,1745643,1203162,1156391,321476,323122,18139,17668,166952,178882,4931,4926,66011,64654,1262296,1214268,352514,354439,34005,33207,193352,204083,10329,10245,532847,510889,462267,443742,27177,26084,18101,16725,5414,5385,1831,1768,18057,17185,478550,459109,35611,34313,25790,23948,10035,9915,3409,3237
R,8,2024,30,4647137,2353857,2293280,1686596,1618600,364567,364309,36544,35203,177628,187792,6839,6814,81683,80562,1759480,1690364,402021,402457,60227,58506,208077,217145,13932,13623,1818006,1782237,1220853,1174654,337141,338247,18596,18179,172335,182381,5052,5040,64029,63736,1277881,1231376,366467,368499,34616,34276,198224,207304,10579,10357,535851,511043,465743,443946,27426,26062,17948,17024,5293,5411,1787,1774,17654,16826,481599,458988,35554,33958,25611,24230,9853,9841,3353,3266
R,8,2024,31,4725503,2394142,2331361,1712031,1643040,377258,375141,37900,36040,181722,192413,7131,6830,78100,77897,1781461,1712168,412258,411288,61048,59222,211269,221047,14014,13603,1854517,1819842,1242761,1198283,349277,348898,19349,19025,176568,186996,5237,5041,61325,61599,1297233,1252895,376553,377291,35085,35127,201836,211468,10655,10343,539625,511519,469270,444757,27981,26243,18551,17015,5154,5417,1894,1789,16775,16298,484228,459273,35705,33997,25963,24095,9433,9579,3359,3260
R,8,2024,32,4817805,2436447,2381358,1744199,1679974,382185,383142,39181,36409,187091,197663,7310,7014,76481,77156,1811807,1748057,415154,417862,62727,59505,216402,226990,14276,13952,1890890,1866106,1270237,1232658,353702,355684,20185,19559,181832,192188,5300,5188,59634,60829,1322828,1286278,378927,382656,36192,35599,206935,217275,10798,10575,545557,515252,473962,447316,28483,27458,18996,16850,5259,5475,2010,1826,16847,16327,488979,461779,36227,35206,26535,23906,9467,9715,3478,3377
R,8,2024,33,4886957,2465086,2421871,1765445,1706915,384859,390907,38885,35834,194805,205151,8005,7431,73087,75633,1829121,1772888,415722,424839,61359,58306,223967,234795,15220,14642,1924422,1916025,1297042,1270269,355863,362218,19941,19402,189244,199396,5874,5563,56458,59177,1345990,1321700,379077,388282,35024,34781,214165,224666,11539,11290,540664,505846,468403,436646,28996,28689,18944,16432,5561,5755,2131,1868,16629,16456,483131,451188,36645,36557,26335,23525,9802,10129,3681,3352
R,8,2024,34,4900286,2470429,2429857,1778165,1717762,379283,388719,38283,35244,197972,209087,8147,7559,68579,71486,1838064,1780316,407440,420108,59286,56972,225974,236997,14936,14306,1931673,1931798,1310252,1287743,350828,360050,19448,19106,192378,203501,5930,5691,52837,55707,1356142,1336271,371730,383899,33514,33909,216389,227388,11279,11039,538756,498059,467913,430019,28455,28669,18835,16138,5594,5586,2217,1868,15742,15779,481922,444045,35710,36209,25772,23063,9585,9609,3657,3267
R,8,2024,35,4755872,2399649,2356223,1734423,1667968,359118,371189,36738,33536,197459,209662,8032,7156,63879,66712,1790218,1726082,384873,400080,56702,53742,223483,236225,14302,13588,1881308,1880642,1283958,1256542,331912,344008,18467,18182,192090,204189,5952,5440,48929,52281,1326455,1301841,350718,365979,31667,32093,214464,227103,10956,10582,518341,475581,450465,411426,27206,27181,18271,15354,5369,5473,2080,1716,14950,14431,463763,424241,34155,34101,25035,21649,9019,9122,3346,3006
R,8,2024,36,4669782,2354603,2315179,1718324,1654792,338313,352284,36211,32691,193270,204672,7943,7114,60542,63626,1770962,1710329,362099,379525,55033,52029,218474,230157,14144,13293,1837068,1844086,1267147,1246555,312083,325788,17980,17489,188056,199464,5785,5350,46017,49440,1306935,1289559,329200,346086,30216,30678,209695,221360,10673,10300,517535,471093,451177,408237,26230,26496,18231,15202,5214,5208,2158,1764,14525,14186,464027,420770,32899,33439,24817,21351,8779,8797,3471,2993
R,8,2024,37,4593887,2321986,2271901,1708077,1633011,324907,338868,34764,31402,189384,200210,7864,7021,56990,61389,1757632,1686608,347228,364820,52852,50417,213029,224853,13677,12935,1811280,1808437,1261671,1230607,299357,313165,17189,16894,184250,195160,5639,5184,43174,47427,1298905,1271801,315259,332375,28980,29762,204594,216382,10303,9897,510706,463464,446406,402404,25550,25703,17575,14508,5134,5050,2225,1837,13816,13962,458727,414807,31969,32445,23872,20655,8435,8471,3374,3038
R,8,2024,38,4594575,2324283,2270292,1721772,1642608,317116,332569,34270,31053,187582,198519,7947,7166,55596,58377,1770132,1693250,338331,356797,52052,49731,210745,221912,13786,12967,1809955,1808241,1271667,1240523,291650,307074,16604,16560,182408,193592,5662,5384,41964,45108,1307938,1279423,306547,325009,28170,29365,202268,213667,10311,10046,514328,462051,450105,402085,25466,25495,17666,14493,5174,4927,2285,1782,13632,13269,462194,413827,31784,31788,23882,20366,8477,8245,3475,2921
R,8,2024,39,4584612,2315773,2268839,1724176,1646438,311379,328829,33478,30717,185172,198414,7850,7114,53718,57327,1770832,1696254,331597,351912,51149,49355,207435,221697,13542,12899,1802672,1807564,1274424,1244650,286594,303687,16063,16350,180059,193512,5530,5402,40002,43963,1308848,1282620,300523,320357,27410,29069,199102,213511,10047,10046,513101,461275,449752,401788,24785,25142,17415,14367,5113,4902,2320,1712,13716,13364,461984,413634,31074,31555,23739,20286,8333,8186,3495,2853
R,8,2024,40,4486385,2261402,2224983,1687466,1617104,298471,319119,32918,30325,183867,196345,7503,6839,51177,55251,1731895,1665019,317454,340805,49997,48665,205190,219105,12988,12562,1760947,1769359,1248358,1219530,274421,294857,15862,15988,178801,191627,5341,5141,38164,42216,1281212,1255931,287488,310398,26909,28468,197000,211076,9681,9704,500455,455624,439108,397574,24050,24262,17056,14337,5066,4718,2162,1698,13013,13035,450683,409088,29966,30407,23088,20197,8190,8029,3307,2858
R,8,2024,41,4522269,2277961,2244308,1707062,1635885,298604,321306,33435,30488,180603,194838,7511,6968,50746,54823,1751105,1683271,317286,342665,50575,49157,201593,217139,12939,12699,1774683,1783604,1264875,1233896,274751,296381,15945,16128,175690,190084,5403,5245,38019,41870,1297582,1269836,287627,311733,27237,28858,193587,209172,9706,9824,503278,460704,442187,401989,23853,24925,17490,14360,4913,4754,2108,1723,12727,12953,453523,413435,29659,30932,23338,20299,8006,7967,3233,2875
R,8,2024,42,4518061,2272993,2245068,1708837,1640433,296686,321841,32948,29631,177434,192863,7557,6912,49531,53388,1751798,1686498,314843,342891,50124,48111,197636,214241,12944,12487,1770836,1781551,1267506,1234935,272945,297079,15725,15599,172528,187951,5376,5120,36756,40867,1299080,1269966,285369,312291,26918,28317,189597,206185,9642,9594,502157,463517,441331,405498,23741,24762,17223,14032,4906,4912,2181,1792,12775,12521,452718,416532,29474,30600,23206,19794,8039,8056,3302,2893
R,8,2024,43,4439683,2230882,2208801,1685446,1619776,290977,317222,31584,29127,167305,184350,7294,6413,48276,51913,1727089,1664652,308615,337808,48549,47234,186921,204777,12578,11855,1742432,1754131,1255434,1222044,268275,292783,15058,15584,162458,179574,5196,4710,36011,39436,1286233,1255880,280384,307479,26242,27965,179130,197000,9381,9091,488450,454670,430012,397732,22702,24439,16526,13543,4847,4776,2098,1703,12265,12477,440856,408772,28231,30329,22307,19269,7791,7777,3197,2764
R,8,2024,44,4425425,2222563,2202862,1677212,1611639,295676,323141,31669,28889,163433,181234,7316,6635,47257,51324,1718047,1655878,312969,343489,48733,47140,182364,201281,12556,12107,1729047,1748278,1242619,1213826,272782,298654,15171,15484,158574,176524,5128,4938,34773,38852,1272376,1247005,284457,313100,26349,28028,174443,193528,9282,9336,493516,454584,434593,397813,22894,24487,16498,13405,4859,4710,2188,1697,12484,12472,445671,408873,28512,30389,22384,19112,7921,7753,3274,2771
R,8,2024,45,4237830,2121673,2116157,1604965,1549322,279518,309491,29608,27310,156893,175586,6530,6192,44159,48256,1643105,1590871,295567,328439,45545,44546,174543,194518,11432,11213,1660998,1684006,1198694,1171568,258134,285959,14483,14501,152491,171179,4647,4541,32549,36258,1226520,1202513,268947,299151,24905,26266,167406,187239,8524,8571,460675,432151,406271,377754,21384,23532,15125,12809,4402,4407,1883,1651,11610,11998,416585,388358,26620,29288,20640,18280,7137,7279,2908,2642
R,8,2024,46,4131947,2066681,2065266,1571083,1518177,267947,297849,28421,26799,150816,170341,6273,5832,42141,46268,1607329,1557879,283113,315740,43862,43671,167714,188573,10736,10600,1613663,1638487,1170473,1144219,247340,275093,13866,14258,146548,165883,4525,4280,30911,34754,1196732,1173751,257508,287536,23976,25788,160747,181386,8050,8117,453018,426779,400610,373958,20607,22756,14555,12541,4268,4458,1748,1552,11230,11514,410597,384128,25605,28204,19886,17883,6967,7187,2686,2483
R,8,2024,47,4079509,2034312,2045197,1549518,1505085,261926,294046,28199,26328,148218,169140,6140,5824,40311,44774,1584276,1543332,276253,311208,43266,42900,164253,186840,10523,10566,1590129,1620801,1156151,1131766,242186,271749,14051,14457,143816,164816,4377,4278,29548,33735,1181298,1160301,251660,283705,24045,25932,157265,179796,7818,8064,444183,424396,393367,373319,19740,22297,14148,11871,4402,4324,1763,1546,10763,11039,402978,383031,24593,27503,19221,16968,6988,7044,2705,2502
R,8,2024,48,3926734,1956663,1970071,1487818,1450850,249725,280078,26888,25129,147989,166690,5729,5500,38514,41824,1521029,1486499,262989,295896,41406,40831,163480,183322,10002,9885,1526491,1555421,1106196,1085166,230704,258721,13361,13538,143836,162456,4147,4064,28247,31476,1130258,1111700,239367,269679,22980,24420,156935,176556,7530,7598,430172,414650,381622,365684,19021,21357,13527,11591,4153,4234,1582,1436,10267,10348,390771,374799,23622,26217,18426,16411,6545,6766,2472,2287
R,8,2024,49,3953392,1968482,1984910,1501482,1465878,250048,281807,26315,25238,148963,166593,5720,5268,35954,40126,1532179,1500046,262426,296699,40154,40461,163418,182616,9693,9407,1545594,1576017,1124441,1103800,232062,261662,13172,13717,144931,162560,4173,3938,26815,30340,1147053,1129339,240398,271920,22553,24308,157263,176289,7367,7276,422888,408893,377041,362078,17986,20145,13143,11521,4032,4033,1547,1330,9139,9786,385126,370707,22028,24779,17601,16153,6155,6327,2326,2131
R,8,2024,50,3882591,1930812,1951779,1474136,1443467,244046,276112,25933,24554,146984,164074,5342,5159,34371,38413,1503431,1475981,255678,290304,39327,39371,160854,179365,9197,9187,1523046,1553578,1109600,1089690,227127,256940,13012,13461,143322,160258,3947,3845,26038,29384,1131559,1114255,235067,266916,22278,23973,155297,173441,7091,7114,407766,398201,364536,353777,16919,19172,12921,11093,3662,3816,1395,1314,8333,9029,371872,361726,20611,23388,17049,15398,5557,5924,2106,2073
R,8,2024,51,3912334,1942983,1969351,1484169,1457198,248121,281240,25519,24724,145882,163475,5306,5040,33986,37674,1513062,1489015,259289,294960,38862,39473,159776,178576,9081,8949,1545168,1578307,1128181,1109610,231788,262472,12995,13709,142302,159682,3943,3755,25959,29079,1149994,1133867,239436,272214,22353,24393,154384,172736,7032,6939,397815,391044,355988,347588,16333,18768,12524,11015,3580,3793,1363,1285,8027,8595,363068,355148,19853,22746,16509,15080,5392,5840,2049,2010
R,8,2024,52,4079120,2028300,2050820,1561232,1530217,256832,290195,26011,24839,145184,162959,5253,4973,33788,37637,1589826,1561979,267717,303543,39833,40089,158709,177799,9036,8961,1633859,1663283,1207940,1185322,240899,271784,13566,13984,141511,159280,3924,3690,26019,29223,1229679,1209679,248485,281301,23482,25116,153263,172216,7002,6974,394441,387537,353292,344895,15933,18411,12445,10855,3673,3679,1329,1283,7769,8414,360147,352300,19232,22242,16351,14973,5446,5583,2034,1987
R,8,2024,53,4313089,2148703,2164386,1674191,1634821,266605,302121,26185,25761,141820,158307,5263,5025,34639,38351,1703589,1667208,277655,315620,40720,41679,155412,173033,9236,9233,1757286,1780023,1323375,1293135,250823,283854,14215,14600,138119,154655,3912,3778,26842,30001,1345915,1318192,258504,293525,24812,26503,149929,167412,7169,7264,391417,384363,350816,341686,15782,18267,11970,11161,3701,3652,1351,1247,7797,8350,357674,349016,19151,22095,15908,15176,5483,5621,2067,1969
R,8,2024,54,4277233,2129653,2147580,1664273,1630165,262627,294443,25664,25046,138306,155872,5226,5078,33557,36976,1692670,1661140,273327,307353,39967,40790,151157,170054,9196,9252,1748061,1777553,1322415,1300847,247032,277049,13933,14574,134773,152249,3940,3880,25968,28954,1344118,1324837,254506,286367,24386,26366,145887,164454,7229,7340,381592,370027,341858,329318,15595,17394,11731,10472,3533,3623,1286,1198,7589,8022,348552,336303,18821,20986,15581,14424,5270,5600,1967,1912
R,8,2024,55,4104038,2038967,2065071,1601643,1576588,245379,277019,24379,23849,131422,148582,4897,4871,31247,34162,1628181,1605264,254918,288574,38115,38880,143371,161472,8490,8655,1679008,1714204,1278690,1264062,230770,260592,13566,13966,128182,145173,3719,3709,24081,26702,1298932,1286248,237242,268739,23634,25292,138548,156342,6671,6840,359959,350867,322953,312526,14609,16427,10813,9883,3240,3409,1178,1162,7166,7460,329249,319016,17676,19835,14481,13588,4823,5130,1819,1815
R,8,2024,56,4004440,1985641,2018799,1558669,1538271,243512,276455,23785,23225,125749,143703,4670,4760,29256,32385,1583313,1565228,252366,287349,36945,37672,136873,155817,8070,8587,1636677,1678635,1245730,1234903,229097,260395,13126,13869,122676,140541,3495,3618,22553,25309,1264461,1255688,235097,268075,22872,24842,132314,151034,6329,6814,348964,340164,312939,303368,14415,16060,10659,9356,3073,3162,1175,1142,6703,7076,318852,309540,17269,19274,14073,12830,4559,4783,1741,1773
R,8,2024,57,4002425,1975780,2026645,1562905,1557202,240642,276540,23030,23121,116306,133705,4735,4741,28162,31336,1586632,1583304,249056,287265,36034,37484,126765,144919,8062,8382,1641729,1697650,1262875,1263753,227052,260898,13119,14159,113279,130706,3600,3638,21804,24496,1280998,1283893,232734,268476,22826,25090,122341,140387,6417,6703,334051,328995,300030,293449,13590,15642,9911,8962,3027,2999,1135,1103,6358,6840,305634,299411,16322,18789,13208,12394,4424,4532,1645,1679
R,8,2024,58,4040965,1990411,2050554,1572478,1575312,246287,283283,23207,23196,116128,133244,4620,4727,27691,30792,1595509,1600889,254620,293536,36330,37745,126181,144204,7999,8341,1663106,1727886,1278837,1287451,232545,268040,13391,14425,113242,130208,3569,3717,21522,24045,1296453,1307172,238168,275239,23396,25592,121912,139608,6420,6731,327305,322668,293641,287861,13742,15243,9816,8771,2886,3036,1051,1010,6169,6747,299056,293717,16452,18297,12934,12153,4269,4596,1579,1610
R,8,2024,59,4186320,2051837,2134483,1628242,1649981,251503,291198,23678,23916,115708,133093,4743,4826,27963,31469,1651610,1676037,259647,301556,37175,39089,125822,144034,8166,8560,1730559,1814159,1339963,1364025,238103,276013,14109,15370,112845,130120,3720,3819,21819,24812,1357936,1384297,243644,283380,24352,27210,121634,139551,6586,6956,321278,320324,288279,285956,13400,15185,9569,8546,2863,2973,1023,1007,6144,6657,293674,291740,16003,18176,12823,11879,4188,4483,1580,1604
R,8,2024,60,4285108,2095597,2189511,1673631,1704141,249859,290479,23503,24043,116181,134832,4496,4674,27927,31342,1696904,1730059,257794,300314,37391,39653,126142,145739,7932,8398,1788623,1878209,1398345,1426216,236894,275677,14316,15591,113477,132067,3530,3689,22061,24969,1416503,1446568,242343,282675,25119,28019,122140,141530,6416,6840,306974,311302,275286,277925,12965,14802,9187,8452,2704,2765,966,985,5866,6373,280401,283491,15451,17639,12272,11634,4002,4209,1516,1558
R,8,2024,61,4281497,2088098,2193399,1671564,1714229,244478,285228,23101,23629,117197,134670,4263,4540,27495,31103,1694532,1739866,252083,295039,36844,39252,127010,145279,7551,8208,1796336,1894422,1409721,1447396,232350,271343,14330,15425,114552,131870,3364,3610,22019,24778,1427922,1467550,237606,278331,25196,27874,123168,141040,6186,6704,291762,298977,261843,266833,12128,13885,8771,8204,2645,2800,899,930,5476,6325,266610,272316,14477,16708,11648,11378,3842,4239,1365,1504
R,8,2024,62,4280828,2082698,2198130,1679666,1731507,240138,282576,22495,23621,108950,125269,4362,4517,27087,30640,1702380,1756695,247412,292217,36105,39322,118629,135639,7691,8145,1802318,1910211,1427788,1474313,228542,269587,14159,15518,106520,122583,3503,3602,21806,24608,1445894,1494310,233573,276487,25032,28171,115002,131583,6345,6651,280380,287919,251878,257194,11596,12989,8336,8103,2430,2686,859,915,5281,6032,256486,262385,13839,15730,11073,11151,3627,4056,1346,1494
R,8,2024,63,4260792,2066553,2194239,1677248,1737105,234086,278283,21675,23365,102877,121516,4109,4239,26558,29731,1699436,1761519,241143,287366,35340,38981,112286,131475,7308,7772,1803462,1920613,1441119,1492654,223092,265741,13904,15830,100542,118914,3310,3415,21495,24059,1458865,1512173,228042,272352,24881,28517,108808,127566,6030,6396,263091,273626,236129,244451,10994,12542,7771,7535,2335,2602,799,824,5063,5672,240571,249346,13101,15014,10459,10464,3478,3909,1278,1376
R,8,2024,64,4187397,2026363,2161034,1637539,1703298,232526,276470,21321,22990,104808,125052,4101,4176,26068,29048,1659417,1727048,239376,285514,34785,38251,114002,134711,7214,7613,1769796,1893955,1407258,1464714,221729,264242,13778,15617,102545,122491,3315,3385,21171,23506,1424844,1483679,226547,270846,24627,28033,110665,130852,5953,6298,256567,267079,230281,238584,10797,12228,7543,7373,2263,2561,786,791,4897,5542,234573,243369,12829,14668,10158,10218,3337,3859,1261,1315
R,8,2024,65,4087869,1968641,2119228,1600753,1680659,221287,266998,19845,21692,98267,118567,3825,3860,24664,27452,1621379,1703301,227664,275259,32788,36550,106954,127454,6673,6970,1734920,1871137,1390865,1458892,211467,255556,13097,14856,96208,116236,3122,3176,20161,22421,1407601,1477190,215974,261584,23633,27104,103869,124013,5544,5843,233721,248091,209888,221767,9820,11442,6748,6836,2059,2331,703,684,4503,5031,213778,226111,11690,13675,9155,9446,3085,3441,1129,1127
R,8,2024,66,4030120,1933729,2096391,1578678,1670804,210953,256426,18782,20855,98015,118131,3598,3778,23703,26397,1598447,1692427,217107,264408,31363,35260,106251,126680,6330,6726,1716393,1861182,1383732,1460270,201584,245541,12578,14601,96107,116038,2942,3103,19450,21629,1399805,1477809,205939,251407,22929,26493,103413,123492,5265,5636,217336,235209,194946,210534,9369,10885,6204,6254,1908,2093,656,675,4253,4768,198642,214618,11168,13001,8434,8767,2838,3188,1065,1090
R,8,2024,67,3954522,1888029,2066493,1546558,1650817,202616,252126,18544,20116,94079,114331,3459,3594,22773,25509,1565526,1671800,208563,259754,30856,34516,101823,122133,6066,6499,1680714,1839460,1360623,1447395,193788,241667,12296,14153,92289,112332,2867,2951,18851,20962,1376176,1464433,198080,247280,22489,26167,99221,119125,5126,5429,207315,227033,185935,203422,8828,10459,6248,5963,1790,1999,592,643,3922,4547,189350,207367,10483,12474,8367,8349,2602,3008,940,1070
R,8,2024,68,3774406,1790007,1984399,1467960,1584266,189014,240133,17259,19245,91211,112846,3146,3447,21417,24462,1485875,1604330,194517,247413,28841,33050,98410,120456,5633,6178,1596541,1769086,1294554,1391416,180712,230213,11465,13696,89505,110775,2593,2904,17712,20082,1309236,1407714,184623,235529,21057,25225,95923,117399,4742,5229,193466,215313,173406,192850,8302,9920,5794,5549,1706,2071,553,543,3705,4380,176639,196616,9894,11884,7784,7825,2487,3057,891,949
R,8,2024,69,3663143,1728473,1934670,1422482,1550401,177878,228647,16355,18129,88439,111041,2984,3353,20335,23099,1439338,1569268,183096,235563,27566,31031,95230,118291,5372,5990,1545694,1728476,1258018,1365007,170118,219511,11149,12981,86857,109177,2500,2789,17052,19011,1272033,1380307,173924,224588,20600,23756,92951,115548,4577,5064,182779,206194,164464,185394,7760,9136,5206,5148,1582,1864,484,564,3283,4088,167305,188961,9172,10975,6966,7275,2279,2743,795,926
R,8,2024,70,3521526,1651268,1870258,1367647,1507252,163846,216349,14985,17056,83392,104850,2731,3130,18667,21621,1383266,1524888,168545,222751,25539,29431,89462,111387,4785,5629,1485685,1678980,1218347,1334982,156744,208015,10457,12363,82054,103123,2303,2584,15780,17913,1231446,1349403,160186,212738,19471,22793,87495,108884,4121,4758,165583,191278,149300,172270,7102,8334,4528,4693,1338,1727,428,546,2887,3708,151820,175485,8359,10013,6068,6638,1967,2503,664,871
R,8,2024,71,3355001,1564507,1790494,1302755,1451374,149355,200812,13905,15798,78540,99233,2595,2855,17357,20422,1317242,1468116,153571,206725,23732,27534,84212,105495,4573,5194,1413165,1612580,1166302,1290828,142941,193006,9759,11577,77240,97729,2207,2374,14716,17066,1178503,1304640,146020,197439,18175,21545,82339,103250,3945,4423,151342,177914,136453,160546,6414,7806,4146,4221,1300,1504,388,481,2641,3356,138739,163476,7551,9286,5557,5989,1873,2245,628,771
R,8,2024,72,3216866,1493567,1723299,1250179,1401398,138216,190263,12703,14846,74086,95385,2416,2726,15967,18681,1263466,1416752,142139,195589,21835,25831,79225,100917,4313,4874,1354071,1557587,1124065,1251791,132404,182942,9039,10933,72882,93958,2071,2284,13610,15679,1135302,1264519,135328,186954,16886,20337,77522,98833,3733,4142,139496,165712,126114,149607,5812,7321,3664,3913,1204,1427,345,442,2357,3002,128164,152233,6811,8635,4949,5494,1703,2084,580,732
R,8,2024,73,3037241,1399103,1638138,1171660,1330709,130493,183500,12064,14043,67754,89804,2145,2451,14987,17631,1184127,1345134,134162,188688,20844,24509,72429,94863,3893,4464,1268049,1481319,1052953,1189214,125078,176613,8692,10262,66668,88402,1852,2063,12806,14765,1063522,1201124,127828,180534,16273,19224,70876,92838,3409,3815,131054,156819,118707,141495,5415,6887,3372,3781,1086,1402,293,388,2181,2866,120605,144010,6334,8154,4571,5285,1553,2025,484,649
R,8,2024,74,2867993,1314208,1553785,1094897,1257713,122415,172926,11548,13219,68847,90778,2158,2375,14343,16774,1106817,1271343,125962,177879,19991,23029,73297,95803,3827,4339,1192480,1404222,984789,1122558,117334,166285,8381,9816,67856,89448,1826,2031,12294,14084,994946,1133867,120019,170021,15672,18238,71858,93843,3324,3746,121728,149563,110108,135155,5081,6641,3167,3403,991,1330,332,344,2049,2690,111871,137476,5943,7858,4319,4791,1439,1960,503,593
R,8,2024,75,2764045,1261557,1502488,1060689,1228581,111164,160048,10787,12302,63655,83495,2073,2323,13189,15739,1071676,1241508,114305,164591,18633,21714,67703,87954,3631,4095,1150363,1364871,959918,1103808,106697,154144,7872,9228,62730,82338,1779,1988,11367,13365,969332,1114686,109068,157606,14739,17436,66361,86274,3152,3546,111194,137617,100771,124773,4467,5904,2915,3074,925,1157,294,335,1822,2374,102344,126822,5237,6985,3894,4278,1342,1680,479,549
R,8,2024,76,2673667,1217913,1455754,1031545,1200635,102480,149233,9930,11554,59723,77181,1838,2160,12397,14991,1041891,1213030,105486,153423,17340,20549,63434,81433,3277,3856,1114173,1325761,937401,1082685,98299,143781,7357,8724,58888,76063,1576,1855,10652,12653,946213,1093023,100600,146954,13812,16511,62212,79799,2868,3346,103740,129993,94144,117950,4181,5452,2573,2830,835,1118,262,305,1745,2338,95678,120007,4886,6469,3528,4038,1222,1634,409,510
R,8,2024,77,2784928,1273993,1510935,1097174,1270642,96705,140185,9998,11170,55935,72091,1736,1938,12445,14909,1107658,1283094,99610,144342,17702,20375,59421,76092,3165,3541,1175271,1386255,1007321,1157190,92945,135052,7499,8569,55173,71028,1501,1666,10832,12750,1016408,1167737,95198,138274,14345,16621,58264,74575,2771,3100,98722,124680,89853,113452,3760,5133,2499,2601,762,1063,235,272,1613,2159,91250,115357,4412,6068,3357,3754,1157,1517,394,441
R,8,2024,78,1996478,896298,1100180,759932,909245,71883,109062,7352,8730,46282,59969,1510,1676,9339,11498,767784,918752,74088,112228,12900,15470,49087,63346,2648,3047,815650,993646,686539,812506,68671,104438,5403,6556,45672,59075,1317,1455,8048,9616,693282,820372,70326,106795,10269,12307,48190,62030,2324,2672,80648,106534,73393,96739,3212,4624,1949,2174,610,894,193,221,1291,1882,74502,98380,3762,5433,2631,3163,897,1316,324,375
R,8,2024,79,1833318,813038,1020280,688658,842699,66015,102368,6628,8112,41908,54960,1271,1521,8558,10620,695835,851495,68029,105285,11720,14356,44440,58053,2371,2785,740229,923093,622301,754153,63219,98361,4947,6136,41313,54151,1094,1312,7355,8980,628418,761522,64735,100552,9396,11533,43579,56873,2075,2431,72809,97187,66357,88546,2796,4007,1681,1976,595,809,177,209,1203,1640,67417,89973,3294,4733,2324,2823,861,1180,296,354
R,8,2024,80,1749025,768831,980194,655443,816617,59783,94227,6091,7505,38572,50407,1147,1345,7795,10093,662007,824977,61552,97072,10760,13522,40870,53234,2134,2565,704271,890688,596504,734935,57207,90700,4614,5656,38123,49648,1011,1166,6812,8583,602205,741989,58585,92873,8778,10896,40191,52144,1900,2254,64560,89506,58939,81682,2576,3527,1477,1849,449,759,136,179,983,1510,59802,82988,2967,4199,1982,2626,679,1090,234,311
R,8,2024,81,1736312,756409,979903,652238,826523,55336,90457,5572,7066,34960,45100,1006,1202,7297,9555,658429,834502,56985,93054,10052,12869,36972,47690,1907,2309,697340,895573,598195,749677,53036,86954,4331,5333,34503,44454,893,1038,6382,8117,603612,756416,54293,88886,8355,10422,36291,46718,1693,2028,59069,84330,54043,76846,2300,3503,1241,1733,457,646,113,164,915,1438,54817,78086,2692,4168,1697,2447,681,972,214,281
R,8,2024,82,1457765,626153,831612,534846,694980,47120,78452,4859,6126,32080,42827,845,1101,6403,8126,540205,701746,48607,80643,8762,11041,33928,45080,1603,2012,574804,757495,487833,627105,45131,75575,3790,4647,31709,42247,738,930,5603,6991,492502,632878,46289,77258,7272,8979,33375,44249,1414,1751,51349,74117,47013,67875,1989,2877,1069,1479,371,580,107,171,800,1135,47703,68868,2318,3385,1490,2062,553,831,189,261
R,8,2024,83,1269301,536560,732741,456648,610166,40792,70815,4321,5474,28481,38005,773,921,5545,7360,461328,616281,42032,72797,7668,9908,30125,40099,1444,1784,490816,665641,414747,548658,39033,68182,3368,4226,28149,37482,688,784,4831,6309,418809,553874,39973,69708,6350,8114,29622,39323,1287,1546,45744,67100,41901,61508,1759,2633,953,1248,332,523,85,137,714,1051,42519,62407,2059,3089,1318,1794,503,776,157,238
R,8,2024,84,1125235,467391,657844,395028,545081,36411,64838,3885,5054,26337,35279,713,912,5017,6680,399228,550633,37550,66674,6854,9018,27895,37165,1323,1698,425843,595524,356985,488095,34821,62300,3005,3860,26007,34799,619,750,4406,5720,360668,492806,35706,63710,5645,7328,27415,36475,1172,1448,41548,62320,38043,56986,1590,2538,880,1194,330,480,94,162,611,960,38560,57827,1844,2964,1209,1690,480,690,151,250
R,8,2024,85,1003551,411729,591822,349555,493527,31087,56286,3240,4393,22988,30865,563,818,4296,5933,353196,498461,32075,57871,5781,7904,24273,32567,1087,1549,375169,535899,316070,442266,29632,54032,2506,3384,22729,30440,487,695,3745,5082,319219,446485,30389,55225,4765,6467,23886,31939,967,1328,36560,55923,33485,51261,1455,2254,734,1009,259,425,76,123,551,851,33977,51976,1686,2646,1016,1437,387,628,120,221
R,8,2024,86,904958,364403,540555,309569,451085,26996,51103,2900,4092,20494,28267,533,734,3911,5274,312867,455475,27900,52546,5228,7145,21665,29808,981,1359,332192,489889,279984,404699,25796,49039,2300,3177,20253,27902,459,588,3400,4484,282838,408407,26474,50138,4370,5846,21307,29252,853,1131,32211,50666,29585,46386,1200,2064,600,915,241,365,74,146,511,790,30029,47068,1426,2408,858,1299,358,556,128,228
R,8,2024,87,776069,307116,468953,260036,390404,22950,44520,2461,3482,17851,25142,468,638,3350,4767,262907,394389,23717,45812,4425,6220,18889,26543,847,1219,279381,424517,234561,349651,21883,42762,1935,2689,17651,24782,409,531,2942,4102,237070,353053,22467,43759,3705,5097,18591,26032,751,1050,27735,44436,25475,40753,1067,1758,526,793,200,360,59,107,408,665,25837,41336,1250,2053,720,1123,298,511,96,169
R,8,2024,88,681481,265256,416225,224191,346096,20002,40000,2146,3137,15616,22296,397,530,2904,4166,226631,349553,20658,41156,3814,5581,16539,23494,761,991,241086,376956,201946,310040,19069,38493,1704,2411,15450,21999,350,455,2567,3558,204102,312974,19575,39380,3204,4535,16290,23058,675,865,24170,39269,22245,36056,933,1507,442,726,166,297,47,75,337,608,22529,36579,1083,1776,610,1046,249,436,86,126
R,8,2024,89,597304,227087,370217,192184,308430,16773,34984,1833,2786,13461,19817,344,465,2492,3735,194280,311508,17344,35982,3251,4939,14247,20926,676,916,206329,335215,173003,276292,16022,33637,1467,2110,13310,19546,307,391,2220,3239,174866,278946,16482,34423,2752,4021,14020,20533,609,785,20758,35002,19181,32138,751,1347,366,676,151,271,37,74,272,496,19414,32562,862,1559,499,918,227,393,67,131
R,8,2024,90,489590,182721,306869,154270,255240,13444,29007,1449,2217,11178,16872,303,398,2077,3135,156038,257874,13917,29864,2604,3988,11859,17838,563,771,166078,278343,138882,228988,12870,27923,1142,1702,11064,16647,264,350,1856,2733,140459,231279,13252,28595,2191,3275,11682,17509,499,680,16643,28526,15388,26252,574,1084,307,515,114,225,39,48,221,402,15579,26595,665,1269,413,713,177,329,64,91
R,8,2024,91,421860,153847,268013,130132,222941,11044,24776,1251,1930,9448,15335,239,333,1733,2698,131600,225174,11436,25497,2205,3471,10034,16140,449,691,140357,243854,117673,200621,10552,23869,1010,1534,9354,15161,212,294,1556,2375,118988,202575,10873,24451,1878,2919,9891,15889,401,619,13490,24159,12459,22320,492,907,241,396,94,174,27,39,177,323,12612,22599,563,1046,327,552,143,251,48,72
R,8,2024,92,358712,126908,231804,107684,193670,8764,20766,995,1636,7809,13060,203,285,1453,2387,108916,195659,9104,21427,1793,2996,8292,13744,401,587,115653,211077,97226,174510,8400,19996,795,1300,7730,12917,181,254,1321,2100,98345,176251,8688,20540,1522,2519,8179,13531,362,518,11255,20727,10458,19160,364,770,200,336,79,143,22,31,132,287,10571,19408,416,887,271,477,113,213,39,69
R,8,2024,93,297809,102701,195108,87458,163702,6757,16757,782,1346,6359,11106,164,232,1181,1965,88459,165334,7025,17308,1435,2467,6763,11681,320,477,93515,177904,78910,147801,6469,16129,624,1052,6307,10994,147,205,1058,1723,79808,149222,6687,16575,1216,2053,6675,11509,284,429,9186,17204,8548,15901,288,628,158,294,52,112,17,27,123,242,8651,16112,338,733,219,414,88,172,36,48
R,8,2024,94,245139,81716,163423,69067,136305,5470,14160,679,1153,5381,9878,139,213,980,1714,69893,137736,5699,14633,1224,2129,5703,10380,271,427,74392,149051,62257,122995,5231,13670,548,923,5344,9768,127,188,885,1507,63005,124248,5422,14039,1043,1803,5640,10221,246,379,7324,14372,6810,13310,239,490,131,230,37,110,12,25,95,207,6888,13488,277,594,181,326,63,159,25,48
R,8,2024,95,188755,60674,128081,51268,106859,3938,11005,508,841,4090,7801,100,176,770,1399,51908,108009,4123,11415,954,1636,4330,8200,202,357,55340,117238,46335,96858,3762,10619,415,674,4055,7704,91,157,682,1226,46904,97862,3910,10953,818,1383,4268,8060,179,317,5334,10843,4933,10001,176,386,93,167,35,97,9,19,88,173,5004,10147,213,462,136,253,62,140,23,40
R,8,2024,96,147932,45601,102331,38415,85320,2921,8654,389,716,3204,6357,65,129,607,1155,38924,86276,3061,8978,719,1372,3409,6692,150,290,41725,94046,34810,77692,2798,8350,324,576,3186,6287,58,114,549,1027,35271,78534,2918,8617,626,1169,3373,6594,133,258,3876,8285,3605,7628,123,304,65,140,18,70,7,15,58,128,3653,7742,143,361,93,203,36,98,17,32
R,8,2024,97,111101,32963,78138,27526,64909,2136,6632,281,573,2496,5034,49,99,475,891,27925,65650,2258,6875,540,1088,2648,5288,110,216,30297,72192,25040,59429,2062,6408,244,475,2481,4987,44,88,426,805,25398,60097,2163,6612,481,947,2619,5218,97,193,2666,5946,2486,5480,74,224,37,98,15,47,5,11,49,86,2527,5553,95,263,59,141,29,70,13,23
R,8,2024,98,79943,22848,57095,18888,47090,1534,4914,202,417,1834,3902,36,85,354,687,19181,47656,1631,5113,400,806,1946,4095,84,176,20977,52780,17164,43095,1475,4763,172,351,1821,3874,33,77,312,620,17422,43610,1546,4931,350,709,1921,4046,73,155,1871,4315,1724,3995,59,151,30,66,13,28,3,8,42,67,1759,4046,85,182,50,97,25,49,11,21
R,8,2024,99,57172,15571,41601,12694,34057,1041,3556,150,312,1406,3054,22,65,258,557,12909,34513,1105,3736,292,631,1492,3198,59,130,14376,38614,11592,31303,1005,3444,128,267,1397,3032,19,60,235,508,11787,31720,1058,3602,258,566,1477,3158,54,116,1195,2987,1102,2754,36,112,22,45,9,22,3,5,23,49,1122,2793,47,134,34,65,15,40,5,14
R,8,2024,100,100379,24974,75405,19291,59711,1738,6646,278,664,3102,7085,51,138,514,1161,19710,60644,1890,7023,552,1318,3280,7410,130,307,23157,70671,17618,55338,1679,6472,249,595,3086,7054,48,128,477,1084,18011,56207,1813,6815,505,1214,3253,7354,116,284,1817,4734,1673,4373,59,174,29,69,16,31,3,10,37,77,1699,4437,77,208,47,104,27,56,14,23
R,9,2024,999,340489239,168518960,171970279,126793886,127634600,22451365,24229804,2412688,2349116,11025555,11888760,478332,465064,5357134,5402935,131593051,132450682,24942159,26785983,3887164,3877389,13037003,13880633,931545,919306,133941870,138221111,96903732,98490603,20630176,22374245,1204600,1239685,10650819,11515464,341601,335337,4210942,4265777,100675462,102290439,22564558,24369727,2216570,2311736,12352025,13199029,693640,689796,34577090,33749168,29890154,29143997,1821189,1855559,1208088,1109431,374736,373296,136731,129727,1146192,1137158,30917589,30160243,2377601,2416256,1670594,1565653,684978,681604,237905,229510
R,9,2024,0,3612516,1845131,1767385,1269068,1213401,297180,287729,36151,35047,109769,103264,7934,7541,125029,120403,1384041,1324094,366327,354452,59504,57682,156000,147584,16525,15739,1316231,1256893,842951,802511,256518,248371,11988,11480,101426,95465,4346,4008,99002,95058,934512,890399,312065,301830,26657,25633,139574,131958,10560,9921,528900,510492,426117,410890,40662,39358,24163,23567,8343,7799,3588,3533,26027,25345,449529,433695,54262,52622,32847,32049,16426,15626,5965,5818
R,9,2024,1,3680001,1879335,1800666,1286863,1230333,302918,293559,37581,36421,116755,110170,8175,7820,127043,122363,1403667,1342796,372982,361126,61318,59420,163917,155444,16891,16144,1336841,1277064,850433,809602,261225,253258,12083,11580,108191,102067,4532,4164,100377,96393,943234,898683,317316,307212,26889,25843,147157,139402,10837,10172,542494,523602,436430,420731,41693,40301,25498,24841,8564,8103,3643,3656,26666,25970,460433,444113,55666,53914,34429,33577,16760,16042,6054,5972
R,9,2024,2,3758209,1918300,1839909,1309623,1253362,309473,300635,37951,36601,123180,116487,8288,7933,129785,124891,1428933,1368134,380927,369449,62221,60060,171468,162858,17178,16407,1367982,1308874,867160,826468,267089,259820,12265,11697,114429,108122,4680,4341,102359,98426,961770,917404,324134,314737,27319,26213,154356,146461,11111,10480,550318,531035,442463,426894,42384,40815,25686,24904,8751,8365,3608,3592,27426,26465,467163,450730,56793,54712,34902,33847,17112,16397,6067,5927
R,9,2024,3,3712471,1897308,1815163,1293379,1232931,309941,300901,36409,35157,122162,116018,7461,7032,127956,123124,1411004,1346078,380376,368694,60339,58236,169782,161806,16209,15381,1374330,1309940,872515,826014,270079,262520,12378,11912,114128,108173,4404,4132,100826,97189,965700,915795,326214,316671,27179,26233,153536,146123,10735,10191,522978,505223,420864,406917,39862,38381,24031,23245,8034,7845,3057,2900,27130,25935,445304,430283,54162,52023,33160,32003,16246,15683,5474,5190
R,9,2024,4,3806158,1945071,1861087,1334686,1273388,310484,301334,38036,36371,127252,120945,7336,6926,127277,122123,1451703,1385657,380720,368754,61710,59198,174556,166233,16032,15184,1419243,1356378,908911,864253,272543,265167,13511,13042,119083,113101,4560,4171,100635,96644,1001912,953544,328676,319135,28270,27261,158356,150753,10907,10216,525828,504709,425775,409135,37941,36167,24525,23329,8169,7844,2776,2755,26642,25479,449791,432113,52044,49619,33440,31937,16200,15480,5125,4968
R,9,2024,5,3876053,1978870,1897183,1364356,1303285,311450,304358,38952,37223,129397,123183,7670,7082,127045,122052,1481087,1415429,381385,371699,62634,60174,176754,168388,16379,15350,1448243,1385279,933890,887268,273805,268246,14183,13777,121030,115218,4774,4395,100561,96375,1026731,976244,329690,322022,29008,28051,160448,152756,11188,10460,530627,511904,430466,416017,37645,36112,24769,23446,8367,7965,2896,2687,26484,25677,454356,439185,51695,49677,33626,32123,16306,15632,5191,4890
R,9,2024,6,3946073,2015780,1930293,1390756,1326823,315809,308874,39559,37613,132955,126148,7769,7180,128932,123655,1509219,1440417,386589,377024,63669,60893,181102,171975,16617,15573,1478603,1413098,953557,905555,278741,273078,14308,13825,124750,118286,4892,4512,102355,97842,1048044,995851,335514,327594,29419,28362,164945,156452,11418,10693,537177,517195,437199,421268,37068,35796,25251,23788,8205,7862,2877,2668,26577,25813,461175,444566,51075,49430,34250,32531,16157,15523,5199,4880
R,9,2024,7,4025127,2058935,1966192,1424102,1355065,318407,310841,38827,37232,139356,131391,7885,7380,130358,124283,1543802,1469240,389133,378979,63388,60854,188632,177560,16988,15903,1513867,1440867,976158,924048,282359,275560,15319,14553,131277,123630,5089,4711,103665,98365,1071748,1014811,339079,330060,30851,29363,172562,162102,11877,10987,545068,525325,447944,431017,36048,35281,23508,22679,8079,7761,2796,2669,26693,25918,472054,454429,50054,48919,32537,31491,16070,15458,5111,4916
R,9,2024,8,4135093,2112599,2022494,1477073,1407296,319456,313660,38220,36855,138409,131084,7745,7440,131696,126159,1598066,1523252,390513,382239,63388,61096,188199,178175,16956,16153,1554298,1485034,1014961,962858,283666,278554,15865,15360,130261,123401,4944,4784,104601,100077,1111485,1055260,340618,333505,31832,30693,171877,162707,11773,11228,558301,537460,462112,444438,35790,35106,22355,21495,8148,7683,2801,2656,27095,26082,486581,467992,49895,48734,31556,30403,16322,15468,5183,4925
R,9,2024,9,4170973,2131055,2039918,1491074,1421823,324898,317336,37363,36539,138641,130968,7592,7454,131487,125798,1611897,1537432,395789,385715,62635,60721,188215,177912,16795,16141,1572188,1499933,1026759,974293,288812,281926,16282,15503,130808,123406,4878,4782,104649,100023,1123331,1066625,345640,336839,32440,30876,172368,162667,11742,11253,558867,539985,464315,447530,36086,35410,21081,21036,7833,7562,2714,2672,26838,25775,488566,470807,50149,48876,30195,29845,15847,15245,5053,4888
R,9,2024,10,4169752,2134262,2035490,1496080,1420346,326256,317346,37618,36544,136796,129751,7316,7119,130196,124384,1615728,1534658,396143,385049,62764,60577,186040,175948,16543,15779,1578464,1502310,1034520,978162,289679,281892,16574,15921,129210,122640,4757,4649,103724,99046,1130270,1069593,345718,336364,32746,31313,170511,161266,11625,11098,555798,533180,461560,442184,36577,35454,21044,20623,7586,7111,2559,2470,26472,25338,485458,465065,50425,48685,30018,29264,15529,14682,4918,4681
R,9,2024,11,4137359,2115061,2022298,1481887,1413528,324084,314939,37692,36110,136235,128727,7215,6993,127948,122001,1599372,1525483,392370,380987,62521,59946,184913,174317,16466,15638,1565520,1492916,1024734,972891,288416,280604,16720,16005,128874,121737,4749,4538,102027,97141,1118829,1062431,343234,333710,32736,31357,169726,159844,11609,10898,549541,529382,457153,440637,35668,34335,20972,20105,7361,6990,2466,2455,25921,24860,480543,463052,49136,47277,29785,28589,15187,14473,4857,4740
R,9,2024,12,4144054,2119684,2024370,1490541,1420595,324115,313282,38475,36983,133318,126147,7097,6861,126138,120502,1606323,1531183,391536,378220,63317,60812,180972,171164,16198,15487,1566087,1491023,1029040,975557,289154,279767,16799,16160,126103,119355,4651,4437,100340,95747,1121545,1063821,343153,331820,32817,31492,166019,156961,11392,10803,553597,533347,461501,445038,34961,33515,21676,20823,7215,6792,2446,2424,25798,24755,484778,467362,48383,46400,30500,29320,14953,14203,4806,4684
R,9,2024,13,4192158,2149975,2042183,1521066,1440889,327672,316071,37640,36068,129695,122245,7069,6721,126833,120189,1637551,1551186,395578,380678,62890,60202,177246,167030,16208,15324,1582104,1498188,1043401,983992,293797,283104,17143,16168,122657,115637,4627,4312,100479,94975,1136071,1071530,348051,334611,33369,31596,162307,152926,11367,10620,567871,543995,477665,456897,33875,32967,20497,19900,7038,6608,2442,2409,26354,25214,501480,479656,47527,46067,29521,28606,14939,14104,4841,4704
R,9,2024,14,4263529,2183698,2079831,1555118,1475484,330872,318959,36823,35312,127452,121757,6806,6563,126627,121756,1671663,1587360,398667,384614,62372,60147,174287,166396,15809,15143,1600455,1521144,1059727,1001327,298311,287258,17284,16877,120744,115505,4600,4331,99789,95846,1151962,1089743,352208,339342,33535,32724,159699,152691,11230,10623,583243,558687,495391,474157,32561,31701,19539,18435,6708,6252,2206,2232,26838,25910,519701,497617,46459,45272,28837,27423,14588,13705,4579,4520
R,9,2024,15,4337961,2220714,2117247,1588673,1506592,337336,327149,37006,35536,126221,121205,6896,6717,124582,120048,1703198,1616961,404153,392339,62273,59599,172054,164739,15556,15126,1629127,1551802,1084531,1025416,304422,295127,17867,17252,119564,114948,4730,4493,98013,94566,1175000,1112709,357665,347102,33816,32450,157669,151269,11106,10666,591587,565445,504142,481176,32914,32022,19139,18284,6657,6257,2166,2224,26569,25482,528198,504252,46488,45237,28457,27149,14385,13470,4450,4460
R,9,2024,16,4517095,2315070,2202025,1659246,1570115,352283,341229,38813,36791,131850,125824,7050,6822,125828,121244,1774775,1681481,419956,407362,64183,61309,177745,169413,16073,15162,1697125,1616412,1131457,1070430,317901,308597,18506,17903,125170,119460,4803,4549,99288,95473,1222926,1158429,372070,361524,34608,33317,163458,155729,11462,10684,617945,585613,527789,499685,34382,32632,20307,18888,6680,6364,2247,2273,26540,25771,551849,523052,47886,45838,29575,27992,14287,13684,4611,4478
R,9,2024,17,4548689,2331465,2217224,1676080,1588460,352591,340587,40143,37679,132849,125853,7021,6982,122781,117663,1788843,1696326,418212,404175,65659,61992,177473,168165,15837,15388,1707515,1625781,1143348,1082876,318240,307961,18618,18182,126148,119557,4796,4682,96365,92523,1232191,1167974,370480,358804,34677,33450,163187,154774,11279,10845,623950,591443,532732,505584,34351,32626,21525,19497,6701,6296,2225,2300,26416,25140,556652,528352,47732,45371,30982,28542,14286,13391,4558,4543
R,9,2024,18,4496087,2303398,2192689,1660856,1574099,342711,332883,40153,37037,135145,129806,7019,6809,117514,112055,1768660,1676842,404626,392509,64999,60500,178451,170683,15454,14771,1691602,1613698,1137990,1077893,309758,301254,18316,17802,128517,123753,4789,4638,92232,88358,1222870,1159149,358995,349132,33857,32605,164739,157885,11009,10500,611796,578991,522866,496206,32953,31629,21837,19235,6628,6053,2230,2171,25282,23697,545790,517693,45631,43377,31142,27895,13712,12798,4445,4271
R,9,2024,19,4468096,2287651,2180445,1653452,1565711,334797,325862,40006,36778,140365,137583,7220,7042,111811,107469,1755872,1663964,392859,382206,64189,59739,181899,177216,15180,14726,1686932,1614833,1139201,1079609,302795,295559,18086,17699,134145,131739,4960,5007,87745,85220,1219839,1157721,349001,340907,33201,32300,168939,165134,10827,10753,600719,565612,514251,486102,32002,30303,21920,19079,6220,5844,2260,2035,24066,22249,536033,506243,43858,41299,30988,27439,12960,12082,4353,3973
R,9,2024,20,4476629,2290382,2186247,1660922,1573920,330903,323678,39453,35700,144016,142018,7149,6825,107939,104106,1759693,1669100,386084,377471,63117,58430,184635,180760,15048,14387,1701766,1630596,1155667,1095252,300067,294406,17982,17339,137885,136215,4991,4906,85174,82478,1233846,1170832,344036,337562,33046,32041,172131,168880,10916,10524,588616,555651,505255,478668,30836,29272,21471,18361,6131,5803,2158,1919,22765,21628,525847,498268,42048,39909,30071,26389,12504,11880,4132,3863
R,9,2024,21,4460231,2280073,2180158,1657727,1571331,327106,322379,38684,35338,146062,144281,7031,6724,103463,100105,1752222,1662770,379655,373556,62036,57839,184763,181666,14699,14010,1701337,1631275,1160313,1097611,296527,293935,17630,17074,140170,138605,4967,4887,81730,79163,1235177,1170140,338553,334815,32573,31659,172781,170048,10689,10395,578736,548883,497414,473720,30579,28444,21054,18264,5892,5676,2064,1837,21733,20942,517045,492630,41102,38741,29463,26180,11982,11618,4010,3615
R,9,2024,22,4453471,2274543,2178928,1650498,1567835,330480,326501,38093,35265,149342,145811,6785,6610,99345,96906,1741096,1655973,380533,376217,61211,57946,186317,181252,14213,13778,1703516,1636803,1158448,1099593,300452,298267,17814,17201,143573,140350,4888,4779,78341,76613,1230055,1169501,340485,337998,32587,31947,174671,170148,10517,10211,571027,542125,492050,468242,30028,28234,20279,18064,5769,5461,1897,1831,21004,20293,511041,486472,40048,38219,28624,25999,11646,11104,3696,3567
R,9,2024,23,4517348,2305486,2211862,1665975,1587240,336783,332151,37500,35581,160002,155051,6610,6499,98616,95340,1755603,1673998,386393,380566,61001,58232,196677,190097,13996,13687,1738863,1673143,1177354,1121570,306877,304252,17893,17509,154249,149657,4786,4582,77704,75573,1248074,1190517,346385,343097,33106,32380,185203,179289,10344,10033,566623,538719,488621,465670,29906,27899,19607,18072,5753,5394,1824,1917,20912,19767,507529,483481,40008,37469,27895,25852,11474,10808,3652,3654
R,9,2024,24,4547697,2319732,2227965,1671480,1592116,343576,339667,38152,36114,163779,160141,6710,6451,96035,93476,1758882,1676757,391671,387132,61831,58870,198979,194318,13880,13537,1756342,1691561,1184936,1128654,314367,311647,18332,17744,158061,154732,4939,4543,75707,74241,1253921,1196016,352651,349746,33723,32879,187852,183596,10397,9921,563390,536404,486544,463462,29209,28020,19820,18370,5718,5409,1771,1908,20328,19235,504961,480741,39020,37386,28108,25991,11127,10722,3483,3616
R,9,2024,25,4473332,2277866,2195466,1645564,1572690,335269,331532,37153,35455,159989,159041,6711,6260,93180,90488,1730148,1654484,381754,377446,60495,58139,193810,191694,14013,13181,1731527,1672362,1173699,1120533,306973,304305,18015,17694,154410,153675,4926,4411,73504,71744,1240524,1185459,344063,341155,33410,32906,182938,181149,10484,9692,546339,523104,471865,452157,28296,27227,19138,17761,5579,5366,1785,1849,19676,18744,489624,469025,37691,36291,27085,25233,10872,10545,3529,3489
R,9,2024,26,4474486,2272527,2201959,1640234,1571374,336705,334683,36673,35185,161472,165670,6661,6393,90782,88654,1722311,1651711,381642,379123,59821,57797,194370,197473,13734,13099,1733348,1684736,1173937,1123711,309087,308142,17849,17638,155918,160241,4859,4543,71698,70461,1238809,1187653,344958,343807,33158,32902,183751,187156,10320,9714,539179,517223,466297,447663,27618,26541,18824,17547,5554,5429,1802,1850,19084,18193,483502,464058,36684,35316,26663,24895,10619,10317,3414,3385
R,9,2024,27,4461733,2259794,2201939,1631999,1568806,333311,333348,35810,34368,164746,173032,6494,6287,87434,86098,1711134,1646483,375792,375767,58723,57098,196807,204144,13285,12939,1727261,1691041,1170567,1125763,306416,307714,17530,17412,159358,167641,4737,4583,68653,67928,1232797,1187043,339948,341402,32683,32680,186440,193997,9941,9697,532533,510898,461432,443043,26895,25634,18280,16956,5388,5391,1757,1704,18781,18170,478337,459440,35844,34365,26040,24418,10367,10147,3344,3242
R,9,2024,28,4493342,2274410,2218932,1643405,1578911,332942,335129,35938,33857,169489,180537,6612,6350,86024,84148,1721124,1654638,373932,376010,59194,56603,201085,211252,13442,13114,1744015,1709965,1183687,1136879,306167,309790,17661,17185,164165,175094,4807,4648,67528,66369,1244746,1196626,338468,342259,33008,32407,191013,201088,10089,9932,530395,508967,459718,442032,26775,25339,18277,16672,5324,5443,1805,1702,18496,17779,476378,458012,35464,33751,26186,24196,10072,10164,3353,3182
R,9,2024,29,4569285,2313184,2256101,1665466,1600030,347744,348169,36327,34420,172540,184708,6757,6696,84350,82078,1741185,1673553,387394,387874,59889,57160,203676,214515,13707,13502,1779379,1744087,1202421,1155393,320509,321981,18133,17676,167155,179287,4924,4932,66237,64818,1261794,1213478,351703,353405,33983,33167,193653,204555,10317,10261,533805,512014,463045,444637,27235,26188,18194,16744,5385,5421,1833,1764,18113,17260,479391,460075,35691,34469,25906,23993,10023,9960,3390,3241
R,9,2024,30,4634246,2346798,2287448,1681324,1614547,362772,362642,36444,35096,177453,187712,6805,6813,82000,80638,1754527,1686408,400478,400883,60184,58371,207933,217086,13911,13596,1811803,1777022,1216559,1171246,335352,336640,18458,18019,172129,182316,5024,5031,64281,63770,1273840,1228018,364889,366957,34502,34070,198067,207259,10560,10338,534995,510426,464765,443301,27420,26002,17986,17077,5324,5396,1781,1782,17719,16868,480687,458390,35589,33926,25682,24301,9866,9827,3351,3258
R,9,2024,31,4723380,2393245,2330135,1711413,1641597,376609,374933,37807,36070,181988,192589,7143,6812,78285,78134,1781031,1710950,411759,411312,60896,59279,211636,221244,14031,13583,1853203,1818165,1241777,1196595,348655,348630,19257,18984,176818,187158,5243,5031,61453,61767,1296388,1251374,376044,377213,34950,35106,202132,211619,10651,10318,540042,511970,469636,445002,27954,26303,18550,17086,5170,5431,1900,1781,16832,16367,484643,459576,35715,34099,25946,24173,9504,9625,3380,3265
R,9,2024,32,4810149,2433767,2376382,1742109,1676495,381671,381825,39211,36427,186816,197531,7253,7003,76707,77101,1809976,1744624,414821,416521,62791,59542,216166,226744,14185,13885,1887760,1860686,1267731,1228532,353189,354585,20164,19504,181574,192088,5272,5167,59830,60810,1320544,1282206,378579,381562,36187,35569,206723,217090,10737,10509,546007,515696,474378,447963,28482,27240,19047,16923,5242,5443,1981,1836,16877,16291,489432,462418,36242,34959,26604,23973,9443,9654,3448,3376
R,9,2024,33,4885927,2463872,2422055,1763520,1706045,385183,391479,38998,35912,194747,205154,8004,7394,73420,76071,1827522,1772386,416275,425632,61535,58461,223939,234973,15255,14658,1922624,1914775,1294640,1268199,356195,362706,19992,19432,189205,199393,5874,5532,56718,59513,1343858,1319915,379617,388928,35118,34848,214118,224818,11570,11296,541248,507280,468880,437846,28988,28773,19006,16480,5542,5761,2130,1862,16702,16558,483664,452471,36658,36704,26417,23613,9821,10155,3685,3362
R,9,2024,34,4908512,2474930,2433582,1780739,1720358,380212,388983,38448,35382,198327,209355,8119,7586,69085,71918,1841084,1783349,408611,420603,59625,57224,226522,237400,14962,14348,1934297,1933538,1311328,1288720,351618,360171,19511,19156,192722,203736,5911,5710,53207,56045,1357545,1337608,372677,384227,33682,34033,216898,227708,11306,11053,540633,500044,469411,431638,28594,28812,18937,16226,5605,5619,2208,1876,15878,15873,483539,445741,35934,36376,25943,23191,9624,9692,3656,3295
R,9,2024,35,4764882,2404602,2360280,1736534,1669641,361186,372764,36825,33761,197735,209934,8067,7154,64255,67026,1792686,1728009,387131,401865,56904,54073,223891,236571,14334,13626,1885112,1883445,1285145,1257199,333871,345536,18512,18307,192358,204463,5961,5441,49265,52499,1327947,1302664,352850,367649,31814,32275,214869,227451,10957,10623,519490,476835,451389,412442,27315,27228,18313,15454,5377,5471,2106,1713,14990,14527,464739,425345,34281,34216,25090,21798,9022,9120,3377,3003
R,9,2024,36,4685159,2361389,2323770,1721357,1659216,340632,354914,36407,32818,194146,205654,7940,7162,60907,64006,1774325,1715089,364617,382339,55319,52270,219478,231269,14135,13354,1842613,1850794,1269264,1249463,314256,328297,18095,17525,188889,200391,5801,5382,46308,49736,1309323,1292723,331531,348739,30393,30805,210635,222386,10680,10330,518776,472976,452093,409753,26376,26617,18312,15293,5257,5263,2139,1780,14599,14270,465002,422366,33086,33600,24926,21465,8843,8883,3455,3024
R,9,2024,37,4593238,2321348,2271890,1706067,1631605,325480,339418,34785,31465,189886,200806,7907,7019,57223,61577,1755772,1685365,347911,365486,52940,50444,213628,225570,13789,12958,1810469,1808284,1259658,1229146,299855,313667,17139,16921,184765,195756,5669,5196,43383,47598,1297025,1270489,315868,332984,28979,29766,205196,217088,10389,9935,510879,463606,446409,402459,25625,25751,17646,14544,5121,5050,2238,1823,13840,13979,458747,414876,32043,32502,23961,20678,8432,8482,3400,3023
R,9,2024,38,4595652,2324833,2270819,1721162,1642287,317767,332822,34312,31138,187996,198868,7944,7163,55652,58541,1769606,1693080,339016,357158,52009,49884,211246,222294,13779,12953,1810414,1808376,1271012,1239994,292242,307228,16697,16596,182793,193946,5660,5363,42010,45249,1307363,1279022,307146,325265,28201,29432,202717,214064,10299,10012,514419,462443,450150,402293,25525,25594,17615,14542,5203,4922,2284,1800,13642,13292,462243,414058,31870,31893,23808,20452,8529,8230,3480,2941
R,9,2024,39,4589240,2318595,2270645,1725589,1647144,311959,329422,33616,30747,185537,198649,7862,7147,54032,57536,1772515,1697155,332368,352629,51406,49396,207879,222007,13539,12955,1804438,1808756,1275031,1244865,287097,304261,16073,16359,180422,193714,5545,5435,40270,44122,1309683,1282986,301194,321018,27501,29085,199551,213759,10055,10112,514157,461889,450558,402279,24862,25161,17543,14388,5115,4935,2317,1712,13762,13414,462832,414169,31174,31611,23905,20311,8328,8248,3484,2843
R,9,2024,40,4495880,2265901,2229979,1690209,1620602,299420,319991,32982,30374,184314,196742,7524,6832,51452,55438,1734913,1668673,318480,341819,50108,48731,205749,219584,13062,12560,1764247,1773417,1250097,1222283,275312,295627,15895,16011,179246,191997,5341,5140,38356,42359,1283146,1258815,288429,311262,26958,28493,197543,211528,9722,9704,501654,456562,440112,398319,24108,24364,17087,14363,5068,4745,2183,1692,13096,13079,451767,409858,30051,30557,23150,20238,8206,8056,3340,2856
R,9,2024,41,4513996,2274069,2239927,1703428,1632026,298165,320658,33412,30463,180932,195035,7514,6952,50618,54793,1747343,1679396,316830,342008,50506,49092,201887,217343,12914,12683,1771356,1780151,1261861,1230852,274259,295824,15923,16075,176004,190308,5419,5234,37890,41858,1294448,1266782,287108,311177,27154,28783,193872,209404,9697,9816,502713,459776,441567,401174,23906,24834,17489,14388,4928,4727,2095,1718,12728,12935,452895,412614,29722,30831,23352,20309,8015,7939,3217,2867
R,9,2024,42,4524255,2276377,2247878,1710684,1641808,297176,322288,33066,29774,178141,193450,7557,6958,49753,53600,1753846,1688083,315453,343399,50250,48273,198472,214946,12959,12549,1772522,1783256,1267867,1235475,273364,297377,15776,15691,173199,188526,5365,5163,36951,41024,1299617,1270656,285870,312626,26991,28417,190391,206861,9651,9652,503855,464622,442817,406333,23812,24911,17290,14083,4942,4924,2192,1795,12802,12576,454229,417427,29583,30773,23259,19856,8081,8085,3308,2897
R,9,2024,43,4440900,2231292,2209608,1685257,1620294,290802,316732,31621,29150,168023,185018,7300,6426,48289,51988,1726924,1665226,308405,337322,48607,47272,187647,205514,12578,11882,1743282,1754723,1255729,1222403,268053,292333,15069,15560,163209,180225,5203,4714,36019,39488,1286542,1256292,280137,307034,26262,27941,179881,197699,9381,9085,488010,454885,429528,397891,22749,24399,16552,13590,4814,4793,2097,1712,12270,12500,440382,408934,28268,30288,22345,19331,7766,7815,3197,2797
R,9,2024,44,4440218,2230599,2209619,1683237,1616706,296418,323872,31826,28950,164156,181864,7370,6642,47592,51585,1724346,1661187,313856,344314,48922,47280,183281,201994,12656,12158,1734939,1753184,1246685,1217260,273481,299294,15249,15496,159274,177124,5176,4933,35074,39077,1276687,1250638,285274,313819,26463,28092,175328,194227,9367,9383,495660,456435,436552,399446,22937,24578,16577,13454,4882,4740,2194,1709,12518,12508,447659,410549,28582,30495,22459,19188,7953,7767,3289,2775
R,9,2024,45,4251000,2128436,2122564,1609741,1553873,280596,310438,29740,27454,157433,176099,6552,6233,44374,48467,1648095,1595585,296705,329532,45756,44746,175181,195125,11463,11256,1665617,1689008,1201716,1174826,259091,286861,14493,14615,153002,171689,4657,4588,32658,36429,1229666,1205901,269932,300153,24955,26441,167969,187817,8526,8621,462819,433556,408025,379047,21505,23577,15247,12839,4431,4410,1895,1645,11716,12038,418429,389684,26773,29379,20801,18305,7212,7308,2937,2635
R,9,2024,46,4139766,2070751,2069015,1573093,1519721,268966,299048,28454,26817,151625,171172,6307,5860,42306,46397,1609496,1559587,284249,316985,43962,43712,168528,189420,10781,10643,1617407,1641845,1172356,1145662,248244,276133,13874,14229,147334,166709,4548,4285,31051,34827,1198744,1175300,258503,288609,24036,25754,161549,182216,8089,8125,453344,427170,400737,374059,20722,22915,14580,12588,4291,4463,1759,1575,11255,11570,410752,384287,25746,28376,19926,17958,6979,7204,2692,2518
R,9,2024,47,4092985,2041302,2051683,1555151,1510025,262882,295061,28293,26450,148306,169303,6154,5842,40516,45002,1590064,1548459,277295,312358,43423,43102,164439,187078,10561,10595,1595453,1626328,1160295,1135925,243100,272694,14080,14497,143898,164965,4395,4297,29685,33950,1185544,1164639,252635,284768,24099,26039,157421,180036,7852,8095,445849,425355,394856,374100,19782,22367,14213,11953,4408,4338,1759,1545,10831,11052,404520,383820,24660,27590,19324,17063,7018,7042,2709,2500
R,9,2024,48,3931518,1958567,1972951,1488909,1452886,250024,280310,26967,25160,148176,167010,5779,5521,38712,42064,1522294,1488733,263353,296241,41530,40901,163747,183759,10101,9946,1527686,1557522,1106788,1086546,230901,258955,13418,13566,144011,162761,4179,4083,28389,31611,1130967,1113177,239612,269970,23043,24441,157186,176954,7602,7654,430881,415429,382121,366340,19123,21355,13549,11594,4165,4249,1600,1438,10323,10453,391327,375556,23741,26271,18487,16460,6561,6805,2499,2292
R,9,2024,49,3950189,1967094,1983095,1499902,1463643,249940,281786,26348,25249,149100,166811,5695,5292,36109,40314,1530770,1497994,262422,296772,40185,40505,163628,182915,9650,9461,1543448,1573510,1122326,1101179,231863,261429,13170,13732,145057,162765,4148,3946,26884,30459,1145023,1126856,240232,271750,22556,24340,157426,176528,7322,7298,423646,409585,377576,362464,18077,20357,13178,11517,4043,4046,1547,1346,9225,9855,385747,371138,22190,25022,17629,16165,6202,6387,2328,2163
R,9,2024,50,3890345,1934522,1955823,1476688,1446431,244747,276720,25987,24621,147206,164355,5391,5165,34503,38531,1506101,1479069,256440,290978,39444,39474,161106,179677,9259,9186,1524979,1556158,1110644,1091412,227705,257500,13047,13468,143503,160500,3976,3856,26104,29422,1132667,1116022,235701,267501,22318,23978,155499,173705,7126,7114,409543,399665,366044,355019,17042,19220,12940,11153,3703,3855,1415,1309,8399,9109,373434,363047,20739,23477,17126,15496,5607,5972,2133,2072
R,9,2024,51,3905546,1939489,1966057,1481595,1454597,247134,280460,25494,24695,145956,163521,5291,5066,34019,37718,1510522,1486441,258352,294199,38787,39420,159893,178662,9074,8981,1541476,1574960,1125451,1107000,230767,261658,12959,13680,142389,159756,3921,3766,25989,29100,1147290,1131270,238449,271392,22285,24341,154498,172850,7025,6949,398013,391097,356144,347597,16367,18802,12535,11015,3567,3765,1370,1300,8030,8618,363232,355171,19903,22807,16502,15079,5395,5812,2049,2032
R,9,2024,52,4059331,2018043,2041288,1551408,1521225,255971,289199,26003,24816,145642,163441,5276,4970,33743,37637,1579964,1552999,266850,302568,39783,40000,159182,178316,9048,8953,1623080,1653094,1197699,1175790,240005,270716,13488,13934,141971,159740,3947,3686,25970,29228,1219397,1200155,247571,280262,23362,24998,153747,172710,7012,6972,394963,388194,353709,345435,15966,18483,12515,10882,3671,3701,1329,1284,7773,8409,360567,352844,19279,22306,16421,15002,5435,5606,2036,1981
R,9,2024,53,4292514,2137625,2154889,1664336,1626499,265488,301132,26083,25718,141859,158308,5275,5006,34584,38226,1693669,1658789,276524,314610,40558,41561,155459,172990,9236,9183,1746317,1770188,1313652,1284464,249697,282880,14121,14570,138155,154656,3921,3765,26771,29853,1336120,1309404,257357,292502,24649,26393,149977,167377,7177,7214,391308,384701,350684,342035,15791,18252,11962,11148,3704,3652,1354,1241,7813,8373,357549,349385,19167,22108,15909,15168,5482,5613,2059,1969
R,9,2024,54,4295359,2138910,2156449,1671017,1636234,264097,296113,25841,25124,139020,156546,5205,5095,33730,37337,1699568,1667528,274868,309179,40210,40986,151938,170869,9167,9287,1755895,1784887,1327803,1305670,248454,278567,14082,14590,135476,152921,3918,3884,26162,29255,1349676,1329917,256016,288007,24604,26479,146656,165258,7201,7365,383015,371562,343214,330564,15643,17546,11759,10534,3544,3625,1287,1211,7568,8082,349892,337611,18852,21172,15606,14507,5282,5611,1966,1922
R,9,2024,55,4113205,2043407,2069798,1604984,1579837,246139,277968,24360,23911,131548,148853,4964,4904,31412,34325,1631668,1608653,255757,289580,38127,38985,143574,161836,8595,8718,1681682,1717119,1280503,1265614,231456,261526,13517,13983,128262,145419,3776,3746,24168,26831,1300815,1287911,237968,269731,23590,25341,138682,156645,6755,6897,361725,352679,324481,314223,14683,16442,10843,9928,3286,3434,1188,1158,7244,7494,330853,320742,17789,19849,14537,13644,4892,5191,1840,1821
R,9,2024,56,4007761,1987551,2020210,1559626,1538800,243098,276032,23875,23275,126878,144873,4639,4752,29435,32478,1584441,1565842,252010,286966,37074,37728,138075,157042,8072,8566,1638076,1679591,1246246,1235116,228683,259927,13165,13857,123809,141694,3472,3608,22701,25389,1265130,1255970,234728,267644,22930,24822,133521,152258,6328,6794,349475,340619,313380,303684,14415,16105,10710,9418,3069,3179,1167,1144,6734,7089,319311,309872,17282,19322,14144,12906,4554,4784,1744,1772
R,9,2024,57,3998238,1974152,2024086,1560806,1554248,240459,276179,23040,23134,116906,134403,4738,4726,28203,31396,1584573,1580403,248883,286915,36041,37512,127401,145659,8041,8382,1639236,1694278,1260053,1260059,226789,260484,13098,14163,113883,131403,3601,3630,21812,24539,1278185,1280240,232469,268056,22791,25115,122976,141109,6398,6705,334916,329808,300753,294189,13670,15695,9942,8971,3023,3000,1137,1096,6391,6857,306388,300163,16414,18859,13250,12397,4425,4550,1643,1677
R,9,2024,58,4026558,1983117,2043441,1566515,1569821,245284,281986,23078,23122,115912,133012,4632,4760,27696,30740,1589555,1595356,253640,292267,36163,37600,125990,143957,8023,8371,1655848,1720575,1272884,1281762,231565,266762,13287,14361,113016,129983,3574,3732,21522,23975,1290502,1301430,237195,273977,23258,25440,121707,139367,6437,6739,327269,322866,293631,288059,13719,15224,9791,8761,2896,3029,1058,1028,6174,6765,299053,293926,16445,18290,12905,12160,4283,4590,1586,1632
R,9,2024,59,4171325,2045368,2125957,1622410,1641949,250724,290560,23665,23841,115893,133327,4739,4793,27937,31487,1645768,1668034,258897,300926,37120,38956,125991,144321,8146,8535,1723132,1805405,1333289,1355900,237271,275315,14073,15248,113014,130334,3714,3792,21771,24816,1351229,1376176,242830,282681,24269,27024,121777,139824,6567,6939,322236,320552,289121,286049,13453,15245,9592,8593,2879,2993,1025,1001,6166,6671,294539,291858,16067,18245,12851,11932,4214,4497,1579,1596
R,9,2024,60,4278511,2091717,2186794,1670054,1701378,249857,290831,23505,24072,115900,134509,4517,4683,27884,31321,1693269,1727274,257768,300693,37350,39683,125874,145400,7951,8386,1784208,1874775,1394246,1422754,236907,276009,14276,15637,113193,131727,3545,3700,22041,24948,1412372,1443095,242343,283018,25048,28064,121870,141175,6428,6841,307509,312019,275808,278624,12950,14822,9229,8435,2707,2782,972,983,5843,6373,280897,284179,15425,17675,12302,11619,4004,4225,1523,1545
R,9,2024,61,4280031,2087693,2192338,1670565,1712524,244692,285383,23146,23600,117489,135110,4271,4560,27530,31161,1693566,1738238,252340,295203,36927,39204,127295,145751,7558,8242,1794487,1892046,1407541,1444518,232440,271393,14345,15391,114820,132312,3363,3618,21978,24814,1425709,1464720,237707,278394,25202,27823,123420,141500,6174,6721,293206,300292,263024,268006,12252,13990,8801,8209,2669,2798,908,942,5552,6347,267857,273518,14633,16809,11725,11381,3875,4251,1384,1521
R,9,2024,62,4275908,2080205,2195703,1676030,1728210,240153,282520,22492,23569,110032,126220,4375,4537,27123,30647,1698782,1753395,247440,292163,36068,39265,119745,136609,7720,8163,1798860,1906884,1423255,1470244,228537,269469,14123,15439,107585,123526,3503,3620,21857,24586,1441401,1490215,233578,276356,24975,28062,116111,132542,6372,6659,281345,288819,252775,257966,11616,13051,8369,8130,2447,2694,872,917,5266,6061,257381,263180,13862,15807,11093,11203,3634,4067,1348,1504
R,9,2024,63,4256572,2064386,2192186,1675581,1735340,233728,278053,21736,23424,102672,121269,4095,4237,26574,29863,1697785,1759858,240795,287231,35380,39079,112111,131261,7304,7795,1800326,1917832,1438561,1490288,222668,265481,13951,15851,100346,118668,3306,3403,21494,24141,1456305,1509872,227630,272148,24906,28562,108631,127341,6040,6405,264060,274354,237020,245052,11060,12572,7785,7573,2326,2601,789,834,5080,5722,241480,249986,13165,15083,10474,10517,3480,3920,1264,1390
R,9,2024,64,4199066,2031900,2167166,1642135,1708508,232987,276881,21332,23111,105140,125412,4134,4194,26172,29060,1664106,1732288,239894,285899,34847,38354,114337,135105,7242,7634,1773908,1898442,1410531,1468354,222185,264622,13750,15702,102855,122823,3339,3401,21248,23540,1428185,1487369,227051,271206,24637,28111,110975,131232,5968,6325,257992,268724,231604,240154,10802,12259,7582,7409,2285,2589,795,793,4924,5520,235921,244919,12843,14693,10210,10243,3362,3873,1274,1309
R,9,2024,65,4091607,1970992,2120615,1602439,1681550,221690,267301,20013,21735,98238,118551,3840,3877,24772,27601,1623169,1704307,228065,275628,32961,36653,107013,127486,6730,7007,1736308,1871695,1391664,1459118,211845,255802,13221,14870,96175,116205,3138,3186,20265,22514,1408495,1477473,216354,261879,23758,27139,103927,124019,5596,5858,234684,248920,210775,222432,9845,11499,6792,6865,2063,2346,702,691,4507,5087,214674,226834,11711,13749,9203,9514,3086,3467,1134,1149
R,9,2024,66,4024189,1930821,2093368,1575614,1667068,211148,256895,18729,20866,98048,118353,3615,3786,23667,26400,1595332,1688684,217315,264878,31292,35245,106270,126922,6337,6738,1712913,1857612,1380242,1456071,201712,245971,12502,14577,96125,116239,2950,3117,19382,21637,1396239,1473610,206065,251839,22824,26455,103402,123710,5265,5660,217908,235756,195372,210997,9436,10924,6227,6289,1923,2114,665,669,4285,4763,199093,215074,11250,13039,8468,8790,2868,3212,1072,1078
R,9,2024,67,3960063,1890675,2069388,1547756,1652898,203276,252438,18584,20185,94715,114674,3440,3611,22904,25582,1566844,1673940,209253,260098,30936,34602,102512,122523,6077,6511,1682139,1841306,1360684,1448498,194415,241946,12317,14221,92929,112693,2850,2955,18944,20993,1376322,1465566,198727,247569,22535,26233,99907,119517,5129,5423,208536,228082,187072,204400,8861,10492,6267,5964,1786,1981,590,656,3960,4589,190522,208374,10526,12529,8401,8369,2605,3006,948,1088
R,9,2024,68,3788109,1797126,1990983,1473737,1589072,189997,241322,17333,19326,91363,113190,3181,3455,21515,24618,1491730,1609289,195535,248640,28990,33226,98596,120846,5670,6210,1602916,1775000,1299658,1395683,181638,231356,11545,13715,89654,111108,2618,2913,17803,20225,1314414,1412114,185577,236704,21211,25325,96101,117779,4768,5267,194210,215983,174079,193389,8359,9966,5788,5611,1709,2082,563,542,3712,4393,177316,197175,9958,11936,7779,7901,2495,3067,902,943
R,9,2024,69,3667250,1730826,1936424,1424166,1551467,178077,228927,16412,18182,88760,111330,3010,3374,20401,23144,1441095,1570361,183306,235880,27637,31123,95576,118582,5401,6009,1547122,1729336,1258920,1365350,170284,219697,11150,13006,87159,109453,2526,2801,17083,19029,1272972,1380660,174079,224794,20594,23810,93279,115821,4603,5073,183704,207088,165246,186117,7793,9230,5262,5176,1601,1877,484,573,3318,4115,168123,189701,9227,11086,7043,7313,2297,2761,798,936
R,9,2024,70,3530005,1655600,1874405,1370262,1509521,164825,217253,15089,17160,83889,105527,2750,3162,18785,21782,1385959,1527291,169568,223691,25658,29589,90037,112141,4831,5674,1488666,1681890,1219724,1336170,157696,208853,10524,12438,82527,103772,2313,2608,15882,18049,1232885,1350695,161185,213602,19550,22915,88033,109604,4153,4794,166934,192515,150538,173351,7129,8400,4565,4722,1362,1755,437,554,2903,3733,153074,176596,8383,10089,6108,6674,2004,2537,678,880
R,9,2024,71,3361293,1567414,1793879,1304588,1453631,150200,201735,13981,15855,78567,99278,2604,2853,17474,20527,1319184,1470453,154444,207684,23901,27622,84262,105599,4590,5213,1415340,1615078,1167502,1292323,143718,193893,9797,11603,77282,97767,2216,2375,14825,17117,1179813,1306171,146815,198333,18291,21577,82410,103340,3965,4440,152074,178801,137086,161308,6482,7842,4184,4252,1285,1511,388,478,2649,3410,139371,164282,7629,9351,5610,6045,1852,2259,625,773
R,9,2024,72,3231847,1500468,1731379,1255242,1407341,139090,191328,12805,14949,74837,96173,2445,2750,16049,18838,1268610,1422830,143035,196709,21963,26013,80002,101756,4337,4916,1360109,1564638,1128395,1256792,133229,183990,9100,11005,73617,94733,2096,2304,13672,15814,1139687,1269640,136161,188053,16973,20470,78282,99644,3758,4175,140359,166741,126847,150549,5861,7338,3705,3944,1220,1440,349,446,2377,3024,128923,153190,6874,8656,4990,5543,1720,2112,579,741
R,9,2024,73,3046640,1404079,1642561,1176594,1334966,130464,183682,12085,14089,67728,89656,2152,2473,15056,17695,1189102,1349464,134134,188859,20909,24603,72440,94719,3918,4492,1272423,1485247,1057287,1193023,125044,176766,8706,10316,66644,88258,1856,2077,12886,14807,1067911,1204982,127808,180672,16328,19317,70891,92698,3428,3836,131656,157314,119307,141943,5420,6916,3379,3773,1084,1398,296,396,2170,2888,121191,144482,6326,8187,4581,5286,1549,2021,490,656
R,9,2024,74,2872435,1315869,1556566,1096065,1259853,122955,173398,11581,13288,68714,90826,2154,2361,14400,16840,1108047,1273538,126519,178376,20032,23130,73192,95885,3828,4326,1193524,1406131,985423,1123940,117844,166720,8390,9826,67711,89490,1822,2021,12334,14134,995624,1135294,120533,170469,15684,18274,71741,93912,3327,3728,122345,150435,110642,135913,5111,6678,3191,3462,1003,1336,332,340,2066,2706,112423,138244,5986,7907,4348,4856,1451,1973,501,598
R,9,2024,75,2766714,1262736,1503978,1060947,1228649,111577,160795,10839,12348,64038,84046,2076,2333,13259,15807,1071992,1241605,114735,165378,18730,21777,68110,88539,3639,4124,1150716,1365578,959434,1103173,107071,154832,7908,9263,63112,82886,1780,1996,11411,13428,968883,1114074,109451,158334,14803,17487,66759,86853,3154,3573,112020,138400,101513,125476,4506,5963,2931,3085,926,1160,296,337,1848,2379,103109,127531,5284,7044,3927,4290,1351,1686,485,551
R,9,2024,76,2675046,1217984,1457062,1030482,1199963,103214,150516,9970,11652,60056,77730,1845,2181,12417,15020,1040824,1212383,106245,154719,17375,20667,63790,81995,3282,3876,1113919,1326674,936092,1081696,98990,145040,7384,8798,59215,76607,1582,1876,10656,12657,944896,1092043,101305,148213,13830,16592,62555,80346,2866,3362,104065,130388,94390,118267,4224,5476,2586,2854,841,1123,263,305,1761,2363,95928,120340,4940,6506,3545,4075,1235,1649,416,514
R,9,2024,77,2786033,1273440,1512593,1095500,1270906,97444,141163,10031,11200,56184,72401,1748,1963,12533,14960,1106058,1283402,100371,145339,17805,20433,59695,76409,3181,3572,1174355,1387425,1005327,1156997,93671,136014,7511,8587,55413,71332,1508,1689,10925,12806,1014492,1167591,95942,139249,14418,16667,58537,74895,2787,3135,99085,125168,90173,113909,3773,5149,2520,2613,771,1069,240,274,1608,2154,91566,115811,4429,6090,3387,3766,1158,1514,394,437
R,9,2024,78,2052001,923371,1128630,784362,934440,73158,110643,7536,8901,47194,61196,1528,1683,9593,11767,792441,944167,75411,113873,13251,15813,50049,64647,2699,3084,841476,1020911,709836,836611,69908,105974,5546,6708,46570,60286,1336,1459,8280,9873,716780,844685,71612,108394,10573,12626,49131,63314,2374,2706,81895,107719,74526,97829,3250,4669,1990,2193,624,910,192,224,1313,1894,75661,99482,3799,5479,2678,3187,918,1333,325,378
R,9,2024,79,1832092,812349,1019743,687868,842125,66025,102274,6651,8153,42001,55039,1297,1527,8507,10625,694993,850924,68039,105192,11686,14414,44538,58126,2392,2783,739057,921922,621061,753031,63214,98233,4961,6150,41408,54225,1115,1316,7298,8967,627124,760385,64727,100421,9353,11544,43673,56942,2092,2423,73292,97821,66807,89094,2811,4041,1690,2003,593,814,182,211,1209,1658,67869,90539,3312,4771,2333,2870,865,1184,300,360
R,9,2024,80,1746734,767879,978855,654004,814477,59873,94525,6125,7505,38857,50832,1140,1370,7880,10146,660635,822880,61670,97391,10849,13533,41179,53698,2135,2598,702953,888967,594745,732491,57276,90955,4645,5652,38401,50061,1004,1184,6882,8624,600504,739572,58670,93143,8856,10907,40494,52584,1897,2281,64926,89888,59259,81986,2597,3570,1480,1853,456,771,136,186,998,1522,60131,83308,3000,4248,1993,2626,685,1114,238,317
R,9,2024,81,1741610,758683,982927,654125,828993,55595,90749,5608,7131,35014,45225,1025,1202,7316,9627,660341,837029,57241,93355,10096,12965,37027,47845,1942,2327,699189,898113,599685,751674,53285,87271,4355,5378,34556,44577,908,1040,6400,8173,605119,758460,54544,89209,8383,10483,36347,46866,1725,2044,59494,84814,54440,77319,2310,3478,1253,1753,458,648,117,162,916,1454,55222,78569,2697,4146,1713,2482,680,979,217,283
R,9,2024,82,1470427,631860,838567,539641,700681,47597,79233,4908,6203,32369,43141,854,1111,6491,8198,545073,707502,49102,81462,8868,11164,34240,45411,1619,2028,580100,763704,492280,632139,45587,76302,3819,4713,31997,42559,745,941,5672,7050,497012,637958,46750,78010,7347,9087,33678,44577,1425,1763,51760,74863,47361,68542,2010,2931,1089,1490,372,582,109,170,819,1148,48061,69544,2352,3452,1521,2077,562,834,194,265
R,9,2024,83,1278159,540784,737375,460533,614488,40952,70954,4372,5494,28558,38092,773,934,5596,7413,465256,620656,42197,72949,7758,9981,30217,40181,1446,1781,494829,670174,418453,552899,39181,68319,3413,4241,28225,37563,687,793,4870,6359,422550,558162,40124,69858,6429,8180,29703,39397,1284,1543,45955,67201,42080,61589,1771,2635,959,1253,333,529,86,141,726,1054,42706,62494,2073,3091,1329,1801,514,784,162,238
R,9,2024,84,1132065,470508,661557,397692,548199,36635,65128,3890,5084,26520,35545,725,909,5046,6692,401909,553767,37781,66971,6879,9048,28087,37426,1341,1708,428679,598865,359368,490865,35034,62578,3009,3885,26190,35064,637,748,4441,5725,363071,495584,35931,63989,5674,7352,27610,36738,1195,1457,41829,62692,38324,57334,1601,2550,881,1199,330,481,88,161,605,967,38838,58183,1850,2982,1205,1696,477,688,146,251
R,9,2024,85,1004737,412126,592611,349621,493651,31249,56701,3274,4417,23105,31023,555,820,4322,5999,353286,498633,32251,58303,5820,7968,24392,32749,1086,1559,375450,536537,316040,442275,29789,54435,2538,3390,22847,30599,476,698,3760,5140,319205,446537,30552,55640,4797,6507,24006,32117,960,1337,36676,56074,33581,51376,1460,2266,736,1027,258,424,79,122,562,859,34081,52096,1699,2663,1023,1461,386,632,126,222
R,9,2024,86,908351,366112,542239,310954,452554,27111,51117,2932,4120,20624,28400,553,743,3938,5305,314280,456977,28019,52559,5270,7200,21812,29952,1009,1368,333784,491367,281284,405962,25898,49049,2318,3208,20374,28032,479,595,3431,4521,284166,409705,26582,50150,4403,5905,21447,29396,884,1142,32328,50872,29670,46592,1213,2068,614,912,250,368,74,148,507,784,30114,47272,1437,2409,867,1295,365,556,125,226
R,9,2024,87,781197,309279,471918,261934,392830,23042,44709,2479,3527,17977,25395,467,642,3380,4815,264828,396848,23816,46022,4473,6288,19017,26807,848,1236,281315,427098,236228,351742,21982,42936,1951,2720,17782,25028,406,533,2966,4139,238758,355167,22573,43952,3744,5147,18717,26284,747,1062,27964,44820,25706,41088,1060,1773,528,807,195,367,61,109,414,676,26070,41681,1243,2070,729,1141,300,523,101,174
R,9,2024,88,683237,266000,417237,224717,346999,20037,40018,2163,3136,15754,22373,400,533,2929,4178,227182,350471,20694,41177,3848,5580,16682,23573,763,1002,241716,377824,202374,310807,19087,38493,1722,2410,15588,22076,352,460,2593,3578,204552,313757,19597,39386,3237,4539,16434,23145,677,880,24284,39413,22343,36192,950,1525,441,726,166,297,48,73,336,600,22630,36714,1097,1791,611,1041,248,428,86,122
R,9,2024,89,599865,228372,371493,193247,309276,16893,35186,1850,2812,13532,19970,340,466,2510,3783,195353,312396,17464,36194,3281,4992,14323,21101,678,917,207454,336301,173927,276972,16136,33828,1475,2138,13380,19697,305,390,2231,3276,175795,279660,16592,34618,2770,4071,14094,20699,613,783,20918,35192,19320,32304,757,1358,375,674,152,273,35,76,279,507,19558,32736,872,1576,511,921,229,402,65,134
R,9,2024,90,494687,184955,309732,156205,257707,13596,29246,1475,2261,11254,16983,309,402,2116,3133,158014,260337,14077,30100,2651,4041,11947,17940,568,775,168087,280886,140614,231148,13011,28157,1168,1734,11136,16755,270,353,1888,2739,142229,233438,13395,28833,2238,3318,11760,17614,504,688,16868,28846,15591,26559,585,1089,307,527,118,228,39,49,228,394,15785,26899,682,1267,413,723,187,326,64,87
R,9,2024,91,420597,153309,267288,129559,222178,11019,24801,1257,1937,9498,15313,245,339,1731,2720,131016,224431,11409,25529,2211,3498,10088,16117,459,697,139777,243087,117052,199840,10528,23881,1014,1539,9408,15139,217,298,1558,2390,118360,201811,10846,24464,1885,2938,9952,15865,411,621,13532,24201,12507,22338,491,920,243,398,90,174,28,41,173,330,12656,22620,563,1065,326,560,136,252,48,76
R,9,2024,92,359829,127442,232387,107969,193926,8878,20910,1005,1644,7916,13200,207,290,1467,2417,109214,195936,9228,21581,1813,3026,8399,13896,403,597,116152,211508,97486,174621,8510,20138,807,1305,7833,13057,183,259,1333,2128,98616,176384,8807,20692,1543,2543,8280,13680,361,529,11290,20879,10483,19305,368,772,198,339,83,143,24,31,134,289,10598,19552,421,889,270,483,119,216,42,68
R,9,2024,93,298017,103107,194910,87758,163583,6794,16735,800,1357,6393,11049,162,229,1200,1957,88776,165212,7065,17283,1454,2476,6811,11622,318,467,93880,177728,79177,147709,6504,16109,636,1061,6341,10934,147,201,1075,1714,80092,149127,6725,16551,1225,2062,6720,11443,285,415,9227,17182,8581,15874,290,626,164,296,52,115,15,28,125,243,8684,16085,340,732,229,414,91,179,33,52
R,9,2024,94,247254,82676,164578,69913,137211,5556,14277,674,1149,5413,9996,140,213,980,1732,70741,138657,5784,14746,1223,2132,5728,10503,274,434,75271,150066,63018,123772,5319,13781,551,918,5374,9886,127,189,882,1520,63764,125033,5504,14148,1051,1802,5663,10343,250,386,7405,14512,6895,13439,237,496,123,231,39,110,13,24,98,212,6977,13624,280,598,172,330,65,160,24,48
R,9,2024,95,189654,61014,128640,51561,107329,3927,11028,515,867,4124,7827,103,179,784,1410,52218,108487,4115,11443,965,1659,4371,8235,204,363,55622,117703,46578,97229,3745,10642,421,698,4088,7730,94,160,696,1244,47162,98247,3898,10982,829,1408,4309,8100,181,324,5392,10937,4983,10100,182,386,94,169,36,97,9,19,88,166,5056,10240,217,461,136,251,62,135,23,39
R,9,2024,96,148367,45870,102497,38601,85330,2953,8736,397,722,3233,6404,64,129,622,1176,39122,86303,3096,9066,744,1391,3437,6748,153,289,41952,94142,34958,77647,2828,8426,329,584,3215,6331,57,115,565,1039,35433,78499,2949,8697,649,1186,3404,6641,135,258,3918,8355,3643,7683,125,310,68,138,18,73,7,14,57,137,3689,7804,147,369,95,205,33,107,18,31
R,9,2024,97,111468,33267,78201,27758,64893,2159,6645,277,572,2544,5085,53,101,476,905,28157,65645,2282,6893,535,1103,2698,5339,115,217,30556,72160,25229,59323,2084,6418,240,475,2527,5039,48,89,428,816,25585,60000,2186,6628,476,962,2669,5269,104,190,2711,6041,2529,5570,75,227,37,97,17,46,5,12,48,89,2572,5645,96,265,59,141,29,70,11,27
R,9,2024,98,81215,23309,57906,19285,47832,1563,4942,212,425,1846,3931,36,86,367,690,19590,48404,1665,5145,412,818,1962,4120,87,176,21429,53588,17546,43839,1507,4786,181,357,1835,3901,33,78,327,627,17817,44361,1584,4959,363,719,1941,4074,78,158,1880,4318,1739,3993,56,156,31,68,11,30,3,8,40,63,1773,4043,81,186,49,99,21,46,9,18
R,9,2024,99,57348,15669,41679,12794,34088,1033,3553,150,316,1417,3092,24,67,251,563,13002,34551,1094,3727,286,628,1505,3250,62,138,14457,38676,11681,31317,995,3443,128,266,1408,3072,21,63,224,515,11867,31741,1045,3596,249,558,1486,3211,54,126,1212,3003,1113,2771,38,110,22,50,9,20,3,4,27,48,1135,2810,49,131,37,70,19,39,8,12
R,9,2024,100,102727,25778,76949,19969,61026,1793,6767,286,678,3146,7153,50,139,534,1186,20404,61977,1950,7156,574,1352,3327,7477,131,310,23924,72119,18264,56559,1732,6592,257,611,3128,7121,47,129,496,1107,18672,57445,1872,6945,526,1248,3298,7421,116,287,1854,4830,1705,4467,61,175,29,67,18,32,3,10,38,79,1732,4532,78,211,48,104,29,56,15,23
R,10,2024,999,340671553,168605478,172066075,126825560,127673219,22467785,24247507,2417152,2353437,11047089,11911583,479171,465939,5368721,5414390,131635443,132499889,24964918,26809942,3893582,3883652,13063082,13907928,933124,920920,133969087,138257807,96889304,98482946,20641787,22387294,1204943,1240189,10671436,11537340,342134,335867,4219483,4274171,100668959,102290611,22580768,24387282,2217802,2313106,12376431,13224612,694678,690850,34636391,33808268,29936256,29190273,1825998,1860213,1212209,1113248,375653,374243,137037,130072,1149238,1140219,30966484,30209278,2384150,2422660,1675780,1570546,686651,683316,238446,230070
R,10,2024,0,3610884,1844288,1766596,1268699,1213057,297035,287607,36107,35004,109545,103041,7925,7532,124977,120355,1383624,1323704,366158,354314,59450,57630,155749,147334,16515,15729,1315784,1256457,842875,802429,256408,248271,11987,11480,101209,95250,4340,4003,98965,95024,934405,890285,311942,301720,26652,25629,139331,131717,10550,9917,528504,510139,425824,410628,40627,39336,24120,23524,8336,7791,3585,3529,26012,25331,449219,433419,54216,52594,32798,32001,16418,15617,5965,5812
R,10,2024,1,3668997,1873717,1795280,1283207,1226833,302027,292693,37435,36265,116284,109719,8144,7788,126620,121982,1399621,1338945,371861,360051,61092,59193,163285,154851,16832,16086,1332866,1273316,848031,807352,260477,252521,12047,11548,107749,101650,4515,4148,100047,96097,940527,896159,316384,306311,26804,25769,146582,138865,10801,10139,540851,521964,435176,419481,41550,40172,25388,24717,8535,8069,3629,3640,26573,25885,459094,442786,55477,53740,34288,33424,16703,15986,6031,5947
R,10,2024,2,3753214,1915683,1837531,1307865,1251910,308766,299702,38088,36832,123018,116415,8326,7977,129620,124695,1427023,1366499,380127,368408,62323,60262,171247,162707,17208,16442,1363788,1305081,864079,823949,266297,258859,12228,11680,114249,108012,4705,4326,102230,98255,958573,914725,323269,313682,27256,26175,154125,146281,11125,10461,551895,532450,443786,427961,42469,40843,25860,25152,8769,8403,3621,3651,27390,26440,468450,451774,56858,54726,35067,34087,17122,16426,6083,5981
R,10,2024,3,3723549,1902641,1820908,1297429,1237513,310318,301262,36499,35244,122396,116173,7542,7106,128457,123610,1415513,1351107,381019,369308,60527,58417,170207,162153,16326,15487,1377666,1313510,875192,828949,270175,262624,12359,11893,114328,108316,4415,4167,101197,97561,968717,919071,326510,316971,27211,26269,153894,146429,10771,10250,524975,507398,422237,408564,40143,38638,24140,23351,8068,7857,3127,2939,27260,26049,446796,432036,54509,52337,33316,32148,16313,15724,5555,5237
R,10,2024,4,3797269,1940588,1856681,1329868,1268545,311107,301887,37943,36305,127060,120776,7315,6917,127295,122251,1446902,1380932,381353,369371,61636,59156,174360,166118,16011,15185,1413681,1350885,903371,858764,272951,265460,13390,12926,118868,112901,4535,4147,100566,96687,996310,948098,329048,319447,28136,27140,158113,150579,10872,10194,526907,505796,426497,409781,38156,36427,24553,23379,8192,7875,2780,2770,26729,25564,450592,432834,52305,49924,33500,32016,16247,15539,5139,4991
R,10,2024,5,3873717,1977766,1895951,1362852,1301870,311571,304378,38918,37174,129776,123431,7674,7086,126975,122012,1479513,1413971,381423,371669,62573,60109,177163,168658,16391,15358,1447837,1384535,933087,886326,273934,268278,14115,13738,121415,115464,4785,4399,100501,96330,1025865,975251,329739,322000,28920,27995,160866,153024,11208,10470,529929,511416,429765,415544,37637,36100,24803,23436,8361,7967,2889,2687,26474,25682,453648,438720,51684,49669,33653,32114,16297,15634,5183,4888
R,10,2024,6,3936440,2010554,1925886,1387086,1323581,314877,308015,39583,37731,132545,125941,7768,7167,128695,123451,1505326,1436980,385570,376052,63652,60979,180579,171699,16592,15542,1473946,1409334,950701,903180,277665,272126,14292,13811,124294,118064,4876,4498,102118,97655,1044966,993298,334339,326532,29366,28316,164382,156174,11378,10665,536608,516552,436385,420401,37212,35889,25291,23920,8251,7877,2892,2669,26577,25796,460360,443682,51231,49520,34286,32663,16197,15525,5214,4877
R,10,2024,7,4017831,2055348,1962483,1420507,1351506,318610,311064,38976,37207,139036,131093,7872,7365,130347,124248,1540204,1465650,389441,379267,63500,60781,188225,177207,16957,15872,1510840,1437919,973259,921323,282576,275802,15268,14439,130984,123324,5088,4702,103665,98329,1068858,1012055,339407,330356,30764,29208,172187,161743,11860,10964,544508,524564,447248,430183,36034,35262,23708,22768,8052,7769,2784,2663,26682,25919,471346,453595,50034,48911,32736,31573,16038,15464,5097,4908
R,10,2024,8,4132794,2111387,2021407,1474750,1405223,319730,313768,38372,37039,139041,131705,7768,7444,131726,126228,1595764,1521249,390818,382377,63522,61282,188856,178835,16982,16162,1553241,1484149,1013189,961338,283786,278536,15820,15371,130875,124009,4965,4790,104606,100105,1109713,1053772,340738,333490,31761,30696,172522,163345,11798,11232,558146,537258,461561,443885,35944,35232,22552,21668,8166,7696,2803,2654,27120,26123,486051,467477,50080,48887,31761,30586,16334,15490,5184,4930
R,10,2024,9,4169879,2130689,2039190,1491152,1421395,324618,317166,37357,36554,138402,130779,7605,7475,131555,125821,1612045,1537024,395507,385568,62633,60737,188038,177726,16813,16168,1571120,1498511,1026189,973306,288573,281782,16275,15452,130526,123180,4880,4787,104677,100004,1122793,1065619,345387,336691,32425,30806,172129,162440,11747,11260,559569,540679,464963,448089,36045,35384,21082,21102,7876,7599,2725,2688,26878,25817,489252,471405,50120,48877,30208,29931,15909,15286,5066,4908
R,10,2024,10,4175790,2136818,2038972,1497477,1422363,326236,317647,37635,36616,137677,130550,7363,7156,130430,124640,1617334,1536914,396268,385453,62812,60691,187017,176872,16598,15820,1580192,1504643,1035248,979296,289659,282099,16541,15929,130053,123400,4784,4677,103907,99242,1131159,1070906,345804,336637,32723,31343,171447,162142,11667,11138,556626,534329,462229,443067,36577,35548,21094,20687,7624,7150,2579,2479,26523,25398,486175,466008,50464,48816,30089,29348,15570,14730,4931,4682
R,10,2024,11,4135895,2114574,2021321,1481465,1412645,324237,315116,37815,36149,135831,128378,7198,6991,128028,122042,1599036,1524646,392610,381253,62643,59976,184501,173927,16433,15633,1564886,1492090,1024468,972294,288459,280727,16685,15989,128458,121381,4732,4532,102084,97167,1118629,1061868,343345,333916,32689,31324,169302,159441,11576,10881,549688,529231,456997,440351,35778,34389,21130,20160,7373,6997,2466,2459,25944,24875,480407,462778,49265,47337,29954,28652,15199,14486,4857,4752
R,10,2024,12,4143922,2119006,2024916,1489204,1420108,323977,313236,38387,37000,134096,126947,7125,6891,126217,120734,1605057,1530913,391396,378300,63228,60850,181833,172068,16240,15528,1565661,1491297,1027990,975010,288954,279617,16771,16158,126861,120121,4674,4457,100411,95934,1120556,1063448,342951,331763,32789,31506,166851,157822,11424,10834,553345,533619,461214,445098,35023,33619,21616,20842,7235,6826,2451,2434,25806,24800,484501,467465,48445,46537,30439,29344,14982,14246,4816,4694
R,10,2024,13,4194630,2151233,2043397,1520837,1440796,328273,316635,37879,36299,130133,122567,7089,6748,127022,120352,1637481,1551234,396350,381331,63137,60426,177738,167458,16229,15370,1583396,1499701,1043874,984683,294043,283471,17137,16146,123059,115928,4628,4324,100655,95149,1136697,1072377,348434,335075,33374,31569,162766,153314,11374,10647,567837,543696,476963,456113,34230,33164,20742,20153,7074,6639,2461,2424,26367,25203,500784,478857,47916,46256,29763,28857,14972,14144,4855,4723
R,10,2024,14,4258980,2181519,2077461,1552677,1473389,330701,318591,36905,35321,127665,121961,6811,6551,126760,121648,1669308,1585172,398529,384132,62509,60118,174579,166619,15856,15147,1598977,1519254,1058054,999802,298215,286851,17261,16822,120933,115696,4588,4322,99926,95761,1150389,1088147,352124,338848,33575,32625,159970,152907,11248,10640,582542,558207,494623,473587,32486,31740,19644,18499,6732,6265,2223,2229,26834,25887,518919,497025,46405,45284,28934,27493,14609,13712,4608,4507
R,10,2024,15,4324996,2213861,2111135,1583282,1501672,335949,325932,37005,35553,126178,121153,6929,6701,124518,120124,1697787,1612070,402667,391178,62237,59664,172113,164739,15563,15114,1623675,1546529,1080450,1021422,303126,293898,17863,17224,119551,114908,4777,4471,97908,94606,1170855,1108714,356270,345863,33763,32478,157726,151273,11128,10635,590186,564606,502832,480250,32823,32034,19142,18329,6627,6245,2152,2230,26610,25518,526932,503356,46397,45315,28474,27186,14387,13466,4435,4479
R,10,2024,16,4509195,2311251,2197944,1656068,1566729,351923,340740,38677,36627,131709,125664,7021,6810,125853,121374,1771624,1678248,419676,406943,63969,61140,177613,169311,16038,15144,1694549,1613620,1129519,1068181,317528,308192,18411,17825,124991,119298,4778,4556,99322,95568,1221017,1156295,371752,361183,34466,33235,163290,155617,11448,10682,616702,584324,526549,498548,34395,32548,20266,18802,6718,6366,2243,2254,26531,25806,550607,521953,47924,45760,29503,27905,14323,13694,4590,4462
R,10,2024,17,4553835,2333865,2219970,1677475,1589921,352829,341268,40115,37799,133081,126034,7020,6992,123345,117956,1790765,1698085,418780,405082,65777,62134,177834,168413,15871,15403,1708511,1627190,1143478,1083363,318389,308480,18641,18232,126408,119723,4785,4683,96810,92709,1232732,1168661,370908,359450,34790,33500,163543,154970,11289,10845,625354,592780,533997,506558,34440,32788,21474,19567,6673,6311,2235,2309,26535,25247,558033,529424,47872,45632,30987,28634,14291,13443,4582,4558
R,10,2024,18,4501988,2306933,2195055,1662051,1575227,344205,333605,40320,37124,135236,129597,7018,6806,118103,112696,1770385,1678551,406493,393662,65246,60697,178760,170645,15502,14795,1693533,1614529,1138108,1077905,311096,301842,18333,17812,128546,123512,4790,4620,92660,88838,1223384,1159590,360589,350054,33908,32681,164953,157796,11042,10510,613400,580526,523943,497322,33109,31763,21987,19312,6690,6085,2228,2186,25443,23858,547001,518961,45904,43608,31338,28016,13807,12849,4460,4285
R,10,2024,19,4473465,2290346,2183119,1655060,1567021,335333,326686,40145,36938,140383,137480,7234,7093,112191,107901,1757880,1665712,393670,383318,64339,59962,181997,177254,15187,14801,1687718,1615503,1139348,1079276,303130,296275,18101,17734,134169,131637,4967,5031,88003,85550,1220268,1157725,349568,341855,33205,32374,169000,165132,10816,10787,602628,567616,515712,487745,32203,30411,22044,19204,6214,5843,2267,2062,24188,22351,537612,507987,44102,41463,31134,27588,12997,12122,4371,4014
R,10,2024,20,4471871,2288069,2183802,1658148,1571336,330782,323473,39594,35691,144158,142183,7189,6858,108198,104261,1757132,1666640,386154,377322,63264,58422,184917,181010,15125,14433,1698400,1627681,1152121,1092453,299888,294111,17992,17296,138003,136329,5009,4931,85387,82561,1230469,1168099,343959,337299,33064,31951,172399,169067,10975,10562,589669,556121,506027,478883,30894,29362,21602,18395,6155,5854,2180,1927,22811,21700,526663,498541,42195,40023,30200,26471,12518,11943,4150,3871
R,10,2024,21,4465857,2282974,2182883,1659570,1572982,327300,322494,38798,35454,146230,144632,7045,6716,104031,100605,1754630,1664869,380157,373996,62224,57963,185145,182254,14721,14058,1702713,1632818,1161096,1098417,296595,293917,17642,17079,140305,138951,4971,4883,82104,79571,1236349,1171310,338846,335062,32599,31668,173062,170592,10686,10433,580261,550065,498474,474565,30705,28577,21156,18375,5925,5681,2074,1833,21927,21034,518281,493559,41311,38934,29625,26295,12083,11662,4035,3625
R,10,2024,22,4463459,2279961,2183498,1654587,1571288,330685,326756,38293,35408,149801,146132,6825,6658,99770,97256,1745561,1659761,380919,376642,61488,58072,186957,181746,14307,13834,1706629,1639100,1160603,1101078,300583,298460,17848,17216,143987,140657,4921,4823,78687,76866,1232511,1171230,340768,338310,32678,31928,175244,170593,10588,10257,573332,544398,493984,470210,30102,28296,20445,18192,5814,5475,1904,1835,21083,20390,513050,488531,40151,38332,28810,26144,11713,11153,3719,3577
R,10,2024,23,4514946,2304281,2210665,1665340,1586696,336263,331511,37578,35592,159713,154764,6635,6495,98752,95607,1755095,1673735,385999,380107,61072,58317,196421,189869,14030,13684,1737021,1671477,1176351,1120745,306246,303548,17866,17496,153952,149337,4784,4591,77822,75760,1247188,1189893,345866,342523,33061,32399,184930,179010,10350,10048,567260,539188,488989,465951,30017,27963,19712,18096,5761,5427,1851,1904,20930,19847,507907,483842,40133,37584,28011,25918,11491,10859,3680,3636
R,10,2024,24,4555481,2323839,2231642,1673523,1593774,344186,340466,38235,36221,164778,161009,6711,6484,96406,93688,1761283,1678645,392436,387951,61923,58948,200231,195355,13900,13597,1758580,1693526,1185481,1128936,314855,312332,18299,17723,159042,155566,4949,4559,75954,74410,1254701,1196487,353234,350454,33668,32833,189035,184578,10414,9953,565259,538116,488042,464838,29331,28134,19936,18498,5736,5443,1762,1925,20452,19278,506582,482158,39202,37497,28255,26115,11196,10777,3486,3644
R,10,2024,25,4476577,2279950,2196627,1646685,1573309,335510,331488,37301,35549,160454,159357,6717,6274,93283,90650,1731377,1655213,382122,377592,60658,58224,194255,192061,13996,13199,1732139,1672535,1173611,1120349,307148,304181,18024,17750,154891,154016,4952,4419,73513,71820,1240462,1185318,344315,341129,33386,32924,183382,181535,10477,9690,547811,524092,473074,452960,28362,27307,19277,17799,5563,5341,1765,1855,19770,18830,490915,469895,37807,36463,27272,25300,10873,10526,3519,3509
R,10,2024,26,4482234,2276559,2205675,1642805,1574051,337261,335164,36825,35250,161721,165715,6678,6410,91269,89085,1725307,1654807,382509,379888,60054,57956,194781,197625,13817,13146,1735616,1686621,1175222,1124971,309453,308460,17896,17591,156116,160278,4855,4547,72074,70774,1240417,1189220,345559,344358,33244,32894,184091,187259,10367,9745,540943,519054,467583,449080,27808,26704,18929,17659,5605,5437,1823,1863,19195,18311,484890,465587,36950,35530,26810,25062,10690,10366,3450,3401
R,10,2024,27,4458957,2258669,2200288,1631106,1567397,332988,333000,35774,34466,164803,172988,6480,6301,87518,86136,1710340,1645154,375573,375424,58625,57154,196926,204151,13245,12915,1725666,1688711,1169189,1123807,306108,307299,17493,17451,159413,167590,4728,4590,68735,67974,1231506,1185165,339733,340978,32608,32701,186537,194010,9916,9674,533003,511577,461917,443590,26880,25701,18281,17015,5390,5398,1752,1711,18783,18162,478834,459989,35840,34446,26017,24453,10389,10141,3329,3241
R,10,2024,28,4491744,2273089,2218655,1642214,1578309,332444,334892,36016,33912,169573,180746,6631,6315,86211,84481,1720124,1654299,373522,375993,59279,56651,201230,211601,13480,13116,1742044,1709296,1182074,1135998,305626,309599,17641,17160,164225,175282,4828,4626,67650,66631,1243267,1195949,337973,342276,32953,32345,191142,201389,10118,9931,531045,509359,460140,442311,26818,25293,18375,16752,5348,5464,1803,1689,18561,17850,476857,458350,35549,33717,26326,24306,10088,10212,3362,3185
R,10,2024,29,4568346,2312753,2255593,1665450,1599885,346813,347114,36410,34441,172709,185144,6750,6698,84621,82311,1741460,1673680,386634,386976,59976,57159,203957,215026,13672,13522,1778010,1742477,1201646,1154370,319522,320824,18125,17684,167352,179687,4916,4938,66449,64974,1261246,1212657,350862,352348,33954,33125,193941,205018,10295,10273,534743,513116,463804,445515,27291,26290,18285,16757,5357,5457,1834,1760,18172,17337,480214,461023,35772,34628,26022,24034,10016,10008,3377,3249
R,10,2024,30,4621176,2339641,2281535,1675998,1610452,360953,360954,36339,34985,177275,187627,6770,6809,82306,80708,1749512,1682404,398906,399283,60137,58230,207779,217019,13889,13567,1805523,1771748,1212229,1167811,333542,335016,18318,17860,171919,182245,4994,5021,64521,63795,1269750,1224628,363280,365386,34389,33863,197898,207202,10539,10316,534118,509787,463769,442641,27411,25938,18021,17125,5356,5382,1776,1788,17785,16913,479762,457776,35626,33897,25748,24367,9881,9817,3350,3251
R,10,2024,31,4721076,2392249,2328827,1710743,1640111,375934,374705,37710,36096,182249,192757,7154,6794,78459,78364,1780538,1709681,411230,411309,60734,59326,211990,221428,14051,13568,1851820,1816441,1240758,1194882,348010,348345,19163,18943,177063,187313,5247,5023,61579,61935,1295507,1249829,375514,377114,34815,35083,202421,211763,10648,10299,540429,512386,469985,445229,27924,26360,18547,17153,5186,5444,1907,1771,16880,16429,485031,459852,35716,34195,25919,24243,9569,9665,3403,3269
R,10,2024,32,4802313,2430988,2371325,1739967,1672972,381130,380488,39237,36440,186536,197393,7193,6990,76925,77042,1808089,1741142,414454,415156,62848,59575,215923,226494,14091,13816,1884562,1855220,1265190,1224380,352653,353468,20142,19449,181311,191982,5244,5146,60022,60795,1318220,1278109,378203,380452,36181,35541,206506,216905,10678,10448,546426,516105,474777,448592,28477,27020,19095,16991,5225,5411,1949,1844,16903,16247,489869,463033,36251,34704,26667,24034,9417,9589,3413,3368
R,10,2024,33,4884712,2462557,2422155,1761538,1705130,385482,392030,39108,35985,194682,205149,8001,7358,73746,76503,1825861,1771835,416798,426398,61709,58614,223903,235143,15286,14672,1920750,1913473,1292199,1266099,356505,363176,20042,19460,189160,199384,5874,5503,56970,59851,1341682,1318100,380127,389559,35206,34916,214058,224969,11598,11305,541807,508682,469339,439031,28977,28854,19066,16525,5522,5765,2127,1855,16776,16652,484179,453735,36671,36839,26503,23698,9845,10174,3688,3367
R,10,2024,34,4916554,2479329,2437225,1783257,1722910,381116,389226,38608,35516,198677,209616,8090,7613,69581,72344,1844039,1786333,409750,421074,59955,57465,227061,237797,14987,14393,1936838,1935228,1312367,1289668,352386,360273,19571,19205,193062,203965,5891,5728,53561,56389,1358900,1338917,373591,384538,33843,34159,217396,228028,11325,11074,542491,501997,470890,433242,28730,28953,19037,16311,5615,5651,2199,1885,16020,15955,485139,447416,36159,36536,26112,23306,9665,9769,3662,3319
R,10,2024,35,4773715,2409457,2364258,1738591,1671271,363230,374320,36907,33980,198005,210201,8100,7151,64624,67335,1795098,1729890,389358,403627,57096,54402,224293,236909,14363,13661,1888849,1886188,1286294,1257829,335809,347046,18555,18432,192620,204731,5971,5442,49600,52708,1329398,1303451,354962,369294,31954,32455,215268,227787,10964,10663,520608,478070,452297,413442,27421,27274,18352,15548,5385,5470,2129,1709,15024,14627,465700,426439,34396,34333,25142,21947,9025,9122,3399,2998
R,10,2024,36,4700361,2368080,2332281,1724335,1663596,342929,357526,36599,32940,195017,206629,7934,7211,61266,64379,1777626,1719800,367115,385130,55602,52504,220471,232372,14123,13414,1848093,1857451,1271344,1252344,316409,330790,18208,17561,189717,201312,5816,5414,46599,50030,1311674,1295860,333847,351371,30572,30934,211569,223405,10687,10359,519987,474830,452991,411252,26520,26736,18391,15379,5300,5317,2118,1797,14667,14349,465952,423940,33268,33759,25030,21570,8902,8967,3436,3055
R,10,2024,37,4592422,2320619,2271803,1704005,1630156,326030,339949,34803,31524,190382,201397,7949,7016,57450,61761,1753853,1684072,348570,366130,53023,50468,214221,226286,13899,12979,1809590,1808076,1257611,1227657,300333,314155,17088,16949,185275,196346,5699,5208,43584,47761,1295101,1269140,316456,333571,28977,29769,205790,217788,10470,9972,511029,463727,446394,402499,25697,25794,17715,14575,5107,5051,2250,1808,13866,14000,458752,414932,32114,32559,24046,20699,8431,8498,3429,3007
R,10,2024,38,4596559,2325289,2271270,1720498,1641923,318396,333057,34349,31219,188406,199212,7938,7158,55702,58701,1769022,1692864,339681,357500,51960,50031,211735,222668,13769,12937,1810814,1808468,1270320,1239438,292814,307368,16789,16632,183174,194294,5657,5342,42060,45394,1306751,1278596,307730,325513,28240,29498,203163,214457,10290,9982,514475,462802,450178,402485,25582,25689,17560,14587,5232,4918,2281,1816,13642,13307,462271,414268,31951,31987,23720,20533,8572,8211,3479,2955
R,10,2024,39,4593701,2321325,2272376,1726948,1647808,312518,329997,33752,30773,185895,198877,7873,7181,54339,57740,1774139,1698009,333116,353320,51657,49435,208313,222308,13535,13014,1806136,1809903,1275601,1245054,287582,304820,16083,16368,180779,193910,5561,5470,40530,44281,1310476,1283325,301847,321664,27591,29104,199989,214002,10066,10177,515189,462473,451347,402754,24936,25177,17669,14405,5116,4967,2312,1711,13809,13459,463663,414684,31269,31656,24066,20331,8324,8306,3469,2837
R,10,2024,40,4505211,2270310,2234901,1692898,1624059,300350,320844,33042,30420,184756,197131,7544,6827,51720,55620,1737869,1672281,319480,342807,50214,48796,206300,220056,13137,12558,1767490,1777427,1251800,1225010,276187,296381,15927,16034,179687,192360,5341,5142,38548,42500,1285038,1261671,289352,312106,27009,28517,198081,211972,9769,9703,502820,457474,441098,399049,24163,24463,17115,14386,5069,4771,2203,1685,13172,13120,452831,410610,30128,30701,23205,20279,8219,8084,3368,2855
R,10,2024,41,4505559,2270088,2235471,1699740,1628124,297706,319993,33385,30434,181257,195226,7516,6934,50484,54760,1743524,1675474,316351,341337,50429,49019,202172,217540,12893,12665,1767974,1776653,1258811,1227781,273751,295253,15900,16021,176315,190527,5435,5223,37762,41848,1291279,1263700,286574,310611,27072,28709,194152,209629,9691,9810,502114,458818,440929,400343,23955,24740,17485,14413,4942,4699,2081,1711,12722,12912,452245,411774,29777,30726,23357,20310,8020,7911,3202,2855
R,10,2024,42,4530285,2279671,2250614,1712477,1643142,297646,322715,33182,29914,178841,194031,7556,7003,49969,53809,1755836,1689625,316040,343888,50373,48433,199297,215638,12972,12612,1774143,1784907,1268191,1235990,273766,297659,15827,15784,173865,189096,5354,5207,37140,41171,1300112,1271320,286347,312946,27062,28514,191177,207521,9657,9706,505528,465707,444286,407152,23880,25056,17355,14130,4976,4935,2202,1796,12829,12638,455724,418305,29693,30942,23311,19919,8120,8117,3315,2906
R,10,2024,43,4441955,2231614,2210341,1685014,1620769,290609,316225,31654,29170,168736,185681,7303,6439,48298,52057,1726700,1665750,308176,336819,48657,47305,188367,206247,12576,11903,1744073,1755266,1255987,1222735,267815,291869,15078,15537,163955,180871,5211,4718,36027,39536,1286818,1256671,279873,306576,26279,27916,180623,198396,9387,9076,487541,455075,429027,398034,22794,24356,16576,13633,4781,4810,2092,1721,12271,12521,439882,409079,28303,30243,22378,19389,7744,7851,3189,2827
R,10,2024,44,4454851,2238548,2216303,1689211,1621732,297139,324585,31981,29007,164873,182488,7422,6648,47922,51843,1730591,1666455,314718,345116,49108,47418,184189,202701,12754,12205,1740776,1758032,1250717,1220669,274162,299919,15327,15508,159969,177717,5224,4928,35377,39291,1280968,1254243,286072,314516,26577,28150,176209,194911,9454,9421,497772,458271,438494,401063,22977,24666,16654,13499,4904,4771,2198,1720,12545,12552,449623,412212,28646,30600,22531,19268,7980,7790,3300,2784
R,10,2024,45,4264016,2135115,2128901,1614466,1558385,281657,311368,29867,27594,157970,176607,6572,6274,44583,48673,1653027,1600257,297822,330604,45964,44946,175811,195717,11491,11301,1670172,1693955,1204703,1178059,260032,287747,14501,14728,153510,172193,4666,4636,32760,36592,1232771,1209260,270898,301135,24998,26618,168526,188378,8527,8670,464943,434946,409763,380326,21625,23621,15366,12866,4460,4414,1906,1638,11823,12081,420256,390997,26924,29469,20966,18328,7285,7339,2964,2631
R,10,2024,46,4147436,2074741,2072695,1575054,1521225,269968,300231,28484,26831,152429,171998,6339,5887,42467,46523,1611613,1561253,285372,318213,44055,43748,169331,190258,10826,10687,1621089,1645162,1174205,1147080,249132,277159,13880,14200,148115,167530,4570,4290,31187,34903,1200717,1176823,259484,289673,24093,25723,162343,183042,8126,8138,453652,427533,400849,374145,20836,23072,14604,12631,4314,4468,1769,1597,11280,11620,410896,384430,25888,28540,19962,18025,6988,7216,2700,2549
R,10,2024,47,4106313,2048212,2058101,1560735,1514928,263821,296059,28384,26569,148389,169460,6168,5860,40715,45225,1595797,1553546,278319,313491,43573,43300,164618,187306,10598,10620,1600739,1631811,1164406,1140061,243999,273624,14109,14537,143977,165109,4414,4317,29834,34163,1189759,1168953,253605,285821,24159,26149,157582,180272,7895,8125,447473,426290,396329,374867,19822,22435,14275,12032,4412,4351,1754,1543,10881,11062,406038,384593,24714,27670,19414,17151,7036,7034,2703,2495
R,10,2024,48,3936162,1960395,1975767,1489956,1454886,250306,280527,27041,25186,148359,167325,5829,5542,38904,42301,1523510,1490928,263697,296566,41647,40969,164005,184189,10199,10006,1528825,1559579,1107350,1087903,231081,259176,13474,13592,144184,163061,4211,4102,28525,31745,1131641,1114631,239838,270245,23103,24460,157434,177346,7672,7710,431570,416188,382606,366983,19225,21351,13567,11594,4175,4264,1618,1440,10379,10556,391869,376297,23859,26321,18544,16509,6571,6843,2527,2296
R,10,2024,49,3946846,1965631,1981215,1498275,1461370,249817,281749,26377,25257,149234,167024,5668,5315,36260,40500,1529313,1495903,262400,296829,40208,40548,163837,183209,9606,9512,1541245,1570966,1120179,1098534,231650,261182,13165,13748,145179,162966,4121,3955,26951,30581,1142962,1124350,240048,271564,22555,24380,157586,176762,7276,7324,424386,410249,378096,362836,18167,20567,13212,11509,4055,4058,1547,1360,9309,9919,386351,371553,22352,25265,17653,16168,6251,6447,2330,2188
R,10,2024,50,3897961,1938158,1959803,1479193,1449357,245431,277313,26040,24684,147423,164632,5439,5171,34632,38646,1508719,1482115,257182,291630,39561,39576,161348,179990,9325,9182,1526854,1558696,1111655,1093108,228269,258047,13081,13475,143679,160739,4005,3867,26165,29460,1133739,1117768,236314,268066,22352,23985,155690,173970,7160,7113,411304,401107,367538,356249,17162,19266,12959,11209,3744,3893,1434,1304,8467,9186,374980,364347,20868,23564,17209,15591,5658,6020,2165,2069
R,10,2024,51,3898619,1935920,1962699,1478974,1451959,246132,279665,25465,24662,146026,163563,5275,5090,34048,37760,1507936,1483830,257398,293422,38705,39362,160002,178743,9067,9010,1537721,1571564,1122688,1104365,229731,260831,12921,13649,142474,159825,3900,3777,26007,29117,1144547,1128644,237440,270555,22207,24286,154603,172958,7014,6957,398199,391135,356286,347594,16401,18834,12544,11013,3552,3738,1375,1313,8041,8643,363389,355186,19958,22867,16498,15076,5399,5785,2053,2053
R,10,2024,52,4039399,2007711,2031688,1541537,1512193,255094,288188,25992,24789,146095,163919,5297,4966,33696,37633,1570054,1543973,265962,301575,39727,39906,159654,178827,9061,8943,1612243,1642851,1187424,1166230,239094,269633,13408,13883,142425,160196,3970,3681,25922,29228,1209083,1190597,246639,279206,23237,24875,154226,173194,7024,6971,395468,388837,354113,345963,16000,18555,12584,10906,3670,3723,1327,1285,7774,8405,360971,353376,19323,22369,16490,15031,5428,5633,2037,1972
R,10,2024,53,4271792,2126468,2145324,1654430,1618136,264353,300127,25980,25671,141892,158305,5288,4986,34525,38099,1683696,1650330,275373,313582,40394,41442,155503,172941,9233,9132,1735290,1760307,1303892,1275766,248555,281891,14029,14540,138186,154653,3932,3751,26696,29706,1326284,1300596,256195,291467,24488,26285,150015,167338,7180,7165,391178,385017,350538,342370,15798,18236,11951,11131,3706,3652,1356,1235,7829,8393,357412,349734,19178,22115,15906,15157,5488,5603,2053,1967
R,10,2024,54,4313336,2148086,2165250,1677709,1642263,265549,297767,26016,25198,139729,157216,5185,5112,33898,37694,1706410,1673872,276387,310983,40452,41173,152710,171678,9139,9327,1763668,1792177,1333152,1310464,249861,280070,14231,14607,136176,153589,3898,3888,26350,29559,1355191,1334971,257504,289628,24823,26592,147419,166058,7171,7397,384418,373073,344557,331799,15688,17697,11785,10591,3553,3627,1287,1224,7548,8135,351219,338901,18883,21355,15629,14581,5291,5620,1968,1930
R,10,2024,55,4122232,2047772,2074460,1608276,1583047,246882,278901,24341,23971,131670,149120,5030,4935,31573,34486,1635103,1611999,256579,290566,38134,39086,143774,162192,8699,8785,1684304,1719983,1282281,1267138,232128,262446,13469,14000,128338,145660,3831,3782,24257,26957,1302664,1289548,238680,270705,23551,25389,138814,156937,6838,6956,363468,354477,325995,315909,14754,16455,10872,9971,3332,3460,1199,1153,7316,7529,332439,322451,17899,19861,14583,13697,4960,5255,1861,1829
R,10,2024,56,4010945,1989387,2021558,1560535,1539291,242668,275594,23962,23323,128004,146038,4607,4743,29611,32569,1585521,1566417,251636,286565,37200,37778,139267,158260,8075,8548,1639416,1680495,1246727,1235303,228256,259446,13203,13845,124939,142841,3449,3597,22842,25463,1265760,1256225,234343,267197,22984,24800,134717,153476,6325,6772,349971,341063,313808,303988,14412,16148,10759,9478,3065,3197,1158,1146,6769,7106,319761,310192,17293,19368,14216,12978,4550,4784,1750,1776
R,10,2024,57,3993917,1972451,2021466,1558660,1551256,240259,275804,23049,23143,117501,135097,4741,4710,28241,31456,1582465,1577467,248689,286552,36045,37531,128029,146401,8023,8381,1636689,1690857,1257196,1256338,226511,260057,13077,14166,114484,132096,3604,3621,21817,24579,1275335,1276562,232186,267623,22753,25131,123607,141826,6384,6705,335762,330609,301464,294918,13748,15747,9972,8977,3017,3001,1137,1089,6424,6877,307130,300905,16503,18929,13292,12400,4422,4575,1639,1676
R,10,2024,58,4012013,1975750,2036263,1560502,1564289,244266,280674,22948,23046,115692,132776,4643,4792,27699,30686,1583551,1589777,252645,290981,35997,37453,125797,143710,8043,8396,1648528,1713221,1266894,1276044,230572,265471,13182,14298,112785,129754,3578,3746,21517,23908,1284511,1295661,236207,272700,23115,25293,121495,139126,6451,6743,327222,323042,293608,288245,13694,15203,9766,8748,2907,3022,1065,1046,6182,6778,299040,294116,16438,18281,12882,12160,4302,4584,1592,1653
R,10,2024,59,4156190,2038824,2117366,1616529,1633878,249930,289906,23648,23763,116076,133556,4734,4760,27907,31503,1639873,1659992,258128,300279,37059,38816,126157,144602,8126,8511,1715642,1796595,1326576,1347746,236425,274602,14034,15125,113180,130544,3706,3765,21721,24813,1344482,1368026,241997,281969,24184,26832,121922,140086,6550,6918,323182,320771,289953,286132,13505,15304,9614,8638,2896,3012,1028,995,6186,6690,295391,291966,16131,18310,12875,11984,4235,4516,1576,1593
R,10,2024,60,4271772,2087761,2184011,1666428,1698573,249837,291167,23505,24099,115616,134182,4537,4693,27838,31297,1689583,1724446,257722,301052,37309,39712,125602,145055,7966,8375,1779735,1871289,1390108,1419260,236903,276328,14236,15685,112907,131384,3559,3710,22022,24922,1408201,1439590,242329,283345,24976,28110,121599,140814,6439,6840,308026,312722,276320,279313,12934,14839,9269,8414,2709,2798,978,983,5816,6375,281382,284856,15393,17707,12333,11602,4003,4241,1527,1535
R,10,2024,61,4278424,2087212,2191212,1669516,1710777,244890,285523,23189,23569,117777,135545,4278,4581,27562,31217,1692551,1736570,252581,295351,37006,39151,127572,146215,7563,8280,1792575,1889628,1405322,1441609,232515,271431,14360,15356,115085,132751,3363,3629,21930,24852,1423455,1461860,237793,278452,25206,27772,123666,141957,6158,6744,294637,301584,264194,269168,12375,14092,8829,8213,2692,2794,915,952,5632,6365,269096,274710,14788,16899,11800,11379,3906,4258,1405,1536
R,10,2024,62,4270847,2077638,2193209,1672343,1724870,240152,282450,22487,23513,111111,127168,4388,4558,27157,30650,1695130,1750051,247455,292095,36033,39198,120855,137579,7747,8177,1795332,1903499,1418681,1466143,228518,269336,14087,15358,108648,124467,3503,3639,21895,24556,1436859,1486081,233563,276211,24915,27945,117209,133495,6390,6663,282306,289710,253662,258727,11634,13114,8400,8155,2463,2701,885,919,5262,6094,258271,263970,13892,15884,11118,11253,3646,4084,1357,1514
R,10,2024,63,4252215,2062146,2190069,1673865,1733533,233354,277810,21795,23479,102464,121018,4081,4236,26587,29993,1696083,1758151,240432,287083,35415,39171,111932,131045,7299,7819,1797135,1914999,1435962,1487889,222229,265208,13998,15871,100148,118419,3302,3391,21496,24221,1453709,1507536,227202,271929,24933,28605,108452,127115,6052,6413,265011,275070,237903,245644,11125,12602,7797,7608,2316,2599,779,845,5091,5772,242374,250615,13230,15154,10482,10566,3480,3930,1247,1406
R,10,2024,64,4210598,2037364,2173234,1646680,1713677,233434,277278,21341,23230,105469,125767,4167,4212,26273,29070,1668743,1737484,240397,286271,34908,38453,114669,135494,7266,7654,1777949,1902873,1413763,1471961,222629,264989,13721,15785,103163,123150,3363,3418,21310,23570,1431476,1491018,227530,271554,24639,28183,111273,131607,5975,6354,259415,270361,232917,241716,10805,12289,7620,7445,2306,2617,804,794,4963,5500,237267,246466,12867,14717,10269,10270,3396,3887,1291,1300
R,10,2024,65,4095213,1973274,2121939,1604077,1682400,222080,267591,20178,21776,98206,118529,3855,3894,24878,27749,1624909,1705267,228459,275986,33129,36753,107069,127516,6785,7040,1737638,1872201,1392422,1459311,212209,256036,13344,14882,96140,116168,3154,3197,20369,22607,1409351,1477723,216724,262167,23883,27174,103984,124020,5648,5873,235636,249738,211655,223089,9871,11555,6834,6894,2066,2361,701,697,4509,5142,215558,227544,11735,13819,9246,9579,3085,3496,1137,1167
R,10,2024,66,4018129,1927845,2090284,1572503,1663293,211329,257349,18676,20875,98077,118572,3631,3793,23629,26402,1592167,1684901,217505,265333,31221,35219,106283,127166,6345,6750,1709368,1853993,1376713,1451840,201827,246387,12427,14554,96139,116437,2958,3131,19304,21644,1392627,1469374,206171,252258,22712,26410,103380,123930,5264,5688,218477,236291,195790,211453,9502,10962,6249,6321,1938,2135,673,662,4325,4758,199540,215527,11334,13075,8509,8809,2903,3236,1081,1062
R,10,2024,67,3965478,1893255,2072223,1548908,1654940,203922,252736,18623,20252,95350,115013,3418,3628,23034,25654,1568115,1676040,209925,260431,31020,34685,103196,122907,6086,6521,1683511,1843107,1360706,1449569,195030,242213,12339,14290,93567,113050,2831,2961,19038,21024,1376429,1466670,199362,247849,22583,26300,100591,119901,5130,5417,209744,229116,188202,205371,8892,10523,6284,5962,1783,1963,587,667,3996,4630,191686,209370,10563,12582,8437,8385,2605,3006,956,1104
R,10,2024,68,3801692,1804182,1997510,1479471,1593840,190967,242499,17407,19405,91510,113530,3216,3463,21611,24773,1497539,1614207,196537,249852,29138,33396,98779,121229,5705,6249,1609235,1780869,1304726,1399919,182551,232489,11623,13735,89800,111438,2644,2923,17891,20365,1319557,1416485,186516,237865,21361,25422,96277,118149,4791,5307,194947,216641,174745,193921,8416,10010,5784,5670,1710,2092,572,540,3720,4408,177982,197722,10021,11987,7777,7974,2502,3080,914,942
R,10,2024,69,3671241,1733118,1938123,1425809,1552498,178263,229195,16468,18234,89078,111614,3036,3394,20464,23188,1442807,1571416,183499,236187,27710,31217,95919,118868,5425,6021,1548500,1730156,1259786,1365663,170437,219871,11150,13030,87459,109726,2552,2814,17116,19052,1273877,1380984,174221,224992,20588,23867,93608,116093,4630,5077,184618,207967,166023,186835,7826,9324,5318,5204,1619,1888,484,580,3348,4136,168930,190432,9278,11195,7122,7350,2311,2775,795,944
R,10,2024,70,3538374,1659875,1878499,1372837,1511756,165794,218145,15191,17263,84384,106199,2768,3194,18901,21942,1388609,1529658,170579,224616,25773,29748,90610,112887,4875,5721,1491593,1684753,1221068,1337329,158639,209680,10590,12513,82999,104417,2322,2633,15975,18181,1234285,1351956,162171,214455,19621,23034,88564,110316,4180,4829,168282,193746,151769,174427,7155,8465,4601,4750,1385,1782,446,561,2926,3761,154324,177702,8408,10161,6152,6714,2046,2571,695,892
R,10,2024,71,3367480,1570268,1797212,1306383,1455853,151036,202647,14056,15912,78590,99319,2612,2852,17591,20629,1321087,1472752,155308,208631,24070,27712,84302,105696,4611,5230,1417462,1617548,1168669,1293789,144486,194771,9834,11630,77321,97802,2225,2376,14927,17180,1181086,1307680,147597,199224,18400,21618,82470,103433,3985,4462,152806,179664,137714,162064,6550,7876,4222,4282,1269,1517,387,476,2664,3449,140001,165072,7711,9407,5670,6094,1832,2263,626,768
R,10,2024,72,3246730,1507320,1739410,1260269,1413249,139954,192384,12906,15052,75587,96957,2473,2774,16131,18994,1273720,1428873,143920,197819,22087,26199,80776,102586,4367,4960,1366104,1571651,1132695,1261764,134046,185030,9162,11078,74351,95504,2120,2323,13730,15952,1144042,1274732,136986,189143,17057,20607,79040,100450,3783,4208,141216,167759,127574,151485,5908,7354,3744,3974,1236,1453,353,451,2401,3042,129678,154141,6934,8676,5030,5592,1736,2136,584,752
R,10,2024,73,3055945,1409006,1646939,1181493,1339192,130426,183855,12105,14134,67700,89505,2159,2494,15123,17759,1194037,1353762,134100,189023,20976,24698,72448,94570,3937,4519,1276749,1489145,1061591,1196806,125001,176911,8720,10370,66618,88111,1860,2090,12959,14857,1072264,1208818,127778,180806,16384,19413,70899,92561,3441,3861,132257,157794,119902,142386,5425,6944,3385,3764,1082,1394,299,404,2164,2902,121773,144944,6322,8217,4592,5285,1549,2009,496,658
R,10,2024,74,2876789,1317485,1559304,1097201,1261963,123486,173861,11612,13356,68581,90872,2149,2346,14456,16906,1109244,1275700,127069,178870,20067,23230,73092,95964,3825,4312,1194532,1407994,986029,1125297,118345,167145,8399,9836,67565,89529,1817,2010,12377,14177,996271,1136690,121041,170911,15700,18305,71629,93974,3329,3702,122953,151310,111172,136666,5141,6716,3213,3520,1016,1343,332,336,2079,2729,112973,139010,6028,7959,4367,4925,1463,1990,496,610
R,10,2024,75,2769297,1263871,1505426,1061173,1228689,111982,161533,10890,12394,64421,84593,2076,2344,13329,15873,1072274,1241674,115155,166153,18832,21840,68515,89122,3642,4151,1151044,1366250,958922,1102513,107437,155511,7944,9298,63493,83430,1781,2004,11467,13494,968415,1113441,109835,159051,14877,17543,67159,87431,3158,3603,112827,139176,102251,126176,4545,6022,2946,3096,928,1163,295,340,1862,2379,103859,128233,5320,7102,3955,4297,1356,1691,484,548
R,10,2024,76,2676345,1218016,1458329,1029388,1199260,103943,151791,10009,11751,60387,78276,1852,2202,12437,15049,1039725,1211707,107001,156005,17411,20787,64141,82557,3291,3894,1113634,1327556,934757,1080683,99676,146294,7410,8873,59540,77149,1588,1897,10663,12660,943548,1091039,102007,149466,13849,16672,62894,80892,2871,3372,104382,130773,94631,118577,4267,5497,2599,2878,847,1127,264,305,1774,2389,96177,120668,4994,6539,3562,4115,1247,1665,420,522
R,10,2024,77,2787054,1272843,1514211,1093792,1271142,98178,142133,10063,11230,56433,72707,1759,1988,12618,15011,1104420,1283685,101123,146329,17907,20485,59966,76724,3196,3603,1173403,1388556,1003304,1156779,94392,136969,7522,8605,55652,71634,1514,1712,11019,12857,1012546,1167425,96685,140216,14491,16709,58811,75210,2803,3164,99440,125655,90488,114363,3786,5164,2541,2625,781,1073,245,276,1599,2154,91874,116260,4438,6113,3416,3776,1155,1514,393,439
R,10,2024,78,2107462,950414,1157048,808770,959612,74428,112218,7719,9072,48105,62421,1545,1689,9847,12036,817077,969562,76726,115514,13601,16157,51008,65940,2753,3120,867269,1048157,733114,860698,71141,107506,5688,6860,47467,61496,1356,1465,8503,10132,740255,868981,72884,109993,10873,12949,50066,64593,2424,2746,83145,108891,75656,98914,3287,4712,2031,2212,638,925,189,224,1344,1904,76822,100581,3842,5521,2728,3208,942,1347,329,374
R,10,2024,79,1830811,811635,1019176,687059,841529,66029,102175,6674,8193,42094,55117,1322,1532,8457,10630,694133,850329,68044,105095,11656,14471,44637,58195,2412,2782,737868,920725,619804,751891,63206,98100,4975,6165,41502,54299,1136,1321,7245,8949,625815,759227,64715,100281,9315,11555,43769,57009,2108,2419,73767,98451,67255,89638,2823,4075,1699,2028,592,818,186,211,1212,1681,68318,91102,3329,4814,2341,2916,868,1186,304,363
R,10,2024,80,1744391,766903,977488,652546,812317,59959,94819,6158,7503,39141,51256,1133,1395,7966,10198,659245,820761,61787,97705,10939,13546,41491,54155,2132,2633,701615,887214,592970,730029,57342,91206,4676,5646,38679,50472,997,1200,6951,8661,598785,737137,58755,93407,8930,10912,40797,53017,1892,2308,65288,90274,59576,82288,2617,3613,1482,1857,462,784,136,195,1015,1537,60460,83624,3032,4298,2009,2634,694,1138,240,325
R,10,2024,81,1746856,760931,985925,655992,831446,55851,91035,5645,7196,35066,45348,1044,1203,7333,9697,662232,839537,57494,93652,10140,13058,37076,47999,1976,2344,701016,900638,601159,753656,53531,87583,4379,5423,34608,44699,923,1042,6416,8235,606610,760495,54790,89534,8412,10544,36397,47019,1757,2063,59915,85287,54833,77790,2320,3452,1266,1773,458,649,121,161,917,1462,55622,79042,2704,4118,1728,2514,679,980,219,281
R,10,2024,82,1483046,637547,845499,544420,706365,48071,80011,4956,6279,32659,43454,863,1119,6578,8271,549928,713241,49593,82279,8973,11287,34547,45738,1640,2044,585386,769895,496713,637159,46041,77025,3849,4778,32285,42869,751,951,5747,7113,501509,643027,47212,78762,7425,9196,33986,44904,1444,1780,52161,75604,47707,69206,2030,2986,1107,1501,374,585,112,168,831,1158,48419,70214,2381,3517,1548,2091,561,834,196,264
R,10,2024,83,1286978,544990,741988,464404,618795,41109,71089,4424,5514,28634,38179,772,946,5647,7465,469173,625014,42358,73095,7841,10053,30313,40263,1448,1776,498838,674685,422148,557128,39328,68452,3458,4255,28301,37643,686,801,4917,6406,426290,562433,40274,70002,6510,8244,29792,39469,1284,1538,46152,67303,42256,61667,1781,2637,966,1259,333,536,86,145,730,1059,42883,62581,2084,3093,1331,1809,521,794,164,238
R,10,2024,84,1138863,473611,665252,400345,551303,36857,65414,3895,5115,26703,35809,736,907,5075,6704,404576,556886,38014,67261,6910,9081,28278,37687,1355,1721,431498,602202,361741,493624,35244,62854,3013,3912,26371,35327,653,747,4476,5738,365463,498357,36152,64268,5703,7383,27802,37004,1214,1470,42113,63050,38604,57679,1613,2560,882,1203,332,482,83,160,599,966,39113,58529,1862,2993,1207,1698,476,683,141,251
R,10,2024,85,1005892,412508,593384,349676,493764,31409,57113,3308,4439,23222,31181,545,823,4348,6064,353365,498793,32423,58731,5858,8030,24517,32933,1079,1568,375719,537165,316000,442276,29945,54834,2571,3395,22965,30759,463,702,3775,5199,319181,446586,30712,56049,4830,6545,24130,32300,948,1348,36789,56219,33676,51488,1464,2279,737,1044,257,422,82,121,573,865,34184,52207,1711,2682,1028,1485,387,633,131,220
R,10,2024,86,911717,367808,543909,312331,454012,27222,51129,2964,4149,20756,28530,572,753,3963,5336,315678,458470,28131,52572,5314,7257,21963,30089,1032,1378,335356,492821,282576,407216,25997,49058,2337,3239,20495,28162,497,604,3454,4542,285481,410991,26682,50154,4433,5959,21581,29526,905,1148,32452,51088,29755,46796,1225,2071,627,910,261,368,75,149,509,794,30197,47479,1449,2418,881,1298,382,563,127,230
R,10,2024,87,786301,311432,474869,263824,395246,23134,44896,2495,3572,18104,25647,465,648,3410,4860,266741,399289,23916,46229,4518,6355,19144,27072,851,1252,283247,429667,237888,353825,22080,43109,1967,2751,17913,25273,403,536,2996,4173,240441,357268,22680,44141,3786,5200,18850,26537,750,1074,28185,45202,25936,41421,1054,1787,528,821,191,374,62,112,414,687,26300,42021,1236,2088,732,1155,294,535,101,178
R,10,2024,88,684974,266737,418237,225238,347892,20070,40034,2180,3135,15891,22449,404,536,2954,4191,227729,351379,20728,41196,3885,5582,16820,23649,768,1014,242336,378683,202797,311568,19104,38492,1739,2410,15726,22153,354,465,2616,3595,204996,314530,19617,39389,3274,4541,16573,23230,678,894,24401,39554,22441,36324,966,1542,441,725,165,296,50,71,338,596,22733,36849,1111,1807,611,1041,247,419,90,120
R,10,2024,89,602409,229650,372759,194303,310113,17012,35387,1867,2838,13604,20122,336,468,2528,3831,196420,313274,17583,36406,3312,5046,14405,21277,677,919,208572,337379,174846,277645,16250,34018,1483,2165,13450,19848,303,389,2240,3314,176718,280371,16702,34814,2786,4118,14170,20867,613,782,21078,35380,19457,32468,762,1369,384,673,154,274,33,79,288,517,19702,32903,881,1592,526,928,235,410,64,137
R,10,2024,90,499769,187182,312587,158134,260167,13747,29485,1501,2304,11331,17094,313,406,2156,3131,159986,262795,14238,30335,2699,4093,12032,18043,573,778,170104,283412,142341,233303,13153,28392,1195,1766,11209,16862,274,355,1932,2734,144000,235587,13548,29066,2291,3355,11845,17712,511,687,17078,29175,15793,26864,594,1093,306,538,122,232,39,51,224,397,15986,27208,690,1269,408,738,187,331,62,91
R,10,2024,91,419321,152765,266556,128982,221412,10993,24824,1262,1943,9549,15290,250,344,1729,2743,130428,223685,11380,25559,2219,3521,10140,16096,467,703,139185,242313,116427,199054,10503,23890,1017,1543,9463,15116,222,302,1553,2408,117724,201040,10816,24474,1884,2957,10008,15843,419,626,13580,24243,12555,22358,490,934,245,400,86,174,28,42,176,335,12704,22645,564,1085,335,564,132,253,48,77
R,10,2024,92,360935,127972,232963,108251,194177,8992,21053,1014,1652,8024,13340,210,295,1481,2446,109508,196208,9352,21732,1835,3057,8503,14047,406,605,116650,211931,97743,174728,8620,20279,818,1311,7937,13196,185,264,1347,2153,98885,176509,8928,20841,1567,2568,8382,13827,363,537,11322,21032,10508,19449,372,774,196,341,87,144,25,31,134,293,10623,19699,424,891,268,489,121,220,43,68
R,10,2024,93,298218,103511,194707,88056,163459,6831,16712,818,1369,6427,10992,159,224,1220,1951,89091,165087,7108,17256,1474,2487,6859,11566,316,456,94247,177556,79442,147613,6539,16088,647,1070,6374,10873,145,196,1100,1716,80375,149035,6770,16529,1243,2076,6768,11383,287,404,9264,17151,8614,15846,292,624,171,299,53,119,14,28,120,235,8716,16052,338,727,231,411,91,183,29,52
R,10,2024,94,249362,83633,165729,70756,138113,5642,14393,669,1145,5445,10114,141,214,980,1750,71586,139575,5872,14863,1225,2134,5752,10625,276,444,76144,151083,63776,124546,5406,13891,553,914,5404,10004,127,190,878,1538,64519,125822,5591,14261,1056,1804,5685,10465,252,394,7489,14646,6980,13567,236,502,116,231,41,110,14,24,102,212,7067,13753,281,602,169,330,67,160,24,50
R,10,2024,95,190547,61351,129196,51851,107796,3917,11050,521,894,4157,7852,107,182,798,1422,52522,108960,4106,11471,976,1685,4415,8270,205,369,55897,118161,46818,97598,3728,10666,425,722,4122,7756,97,163,707,1256,47414,98626,3880,11006,835,1431,4351,8133,182,331,5454,11035,5033,10198,189,384,96,172,35,96,10,19,91,166,5108,10334,226,465,141,254,64,137,23,38
R,10,2024,96,148798,46136,102662,38786,85340,2984,8815,405,729,3262,6450,63,131,636,1197,39317,86331,3129,9152,769,1412,3466,6801,153,292,42178,94238,35104,77602,2858,8500,334,593,3245,6375,57,117,580,1051,35589,78463,2982,8775,670,1204,3435,6689,136,261,3958,8424,3682,7738,126,315,71,136,17,75,6,14,56,146,3728,7868,147,377,99,208,31,112,17,31
R,10,2024,97,111831,33569,78262,27988,64876,2183,6657,273,572,2591,5136,57,102,477,919,28386,65637,2305,6909,528,1120,2751,5391,120,217,30810,72128,25416,59215,2107,6427,235,475,2573,5089,52,90,427,832,25770,59901,2207,6642,468,980,2718,5321,109,191,2759,6134,2572,5661,76,230,38,97,18,47,5,12,50,87,2616,5736,98,267,60,140,33,70,11,26
R,10,2024,98,82484,23769,58715,19682,48572,1591,4971,223,432,1858,3961,36,87,379,692,19997,49151,1697,5177,427,829,1978,4147,88,172,21875,54394,17927,44582,1538,4810,191,364,1848,3928,32,78,339,632,18207,45111,1621,4985,376,731,1958,4101,78,156,1894,4321,1755,3990,53,161,32,68,10,33,4,9,40,60,1790,4040,76,192,51,98,20,46,10,16
R,10,2024,99,57523,15766,41757,12894,34120,1025,3549,150,320,1428,3130,26,70,243,568,13097,34588,1086,3717,282,623,1513,3299,61,151,14539,38734,11771,31330,985,3442,127,265,1419,3112,23,66,214,519,11951,31760,1032,3587,245,549,1494,3262,55,136,1227,3023,1123,2790,40,107,23,55,9,18,3,4,29,49,1146,2828,54,130,37,74,19,37,6,15
R,10,2024,100,105073,26582,78491,20646,62339,1847,6888,295,693,3189,7220,51,139,554,1212,21099,63310,2008,7289,598,1389,3377,7545,132,311,24698,73564,18908,57778,1786,6711,267,627,3171,7187,48,128,518,1133,19334,58685,1931,7076,554,1284,3348,7487,118,288,1884,4927,1738,4561,61,177,28,66,18,33,3,11,36,79,1765,4625,77,213,44,105,29,58,14,23
R,11,2024,999,340843530,168689092,172154438,126853912,127705257,22483949,24264320,2422031,2357914,11068700,11934427,480009,466819,5380491,5425701,131674669,132542360,24987595,26832967,3900382,3890025,13089300,13935215,934703,922488,133993122,138287266,96871910,98469351,20652979,22399301,1205360,1240649,10692154,11559234,342641,336381,4228078,4282350,100659570,102284605,22596651,24403710,2219078,2314416,12400952,13250116,695655,691804,34695970,33867172,29982002,29235906,1830970,1865019,1216671,1117265,376546,375193,137368,130438,1152413,1143351,31015099,30257755,2390944,2429257,1681304,1575609,688348,685099,239048,230684
R,11,2024,0,3609986,1843842,1766144,1268530,1212898,296969,287536,36081,34974,109389,102885,7919,7523,124954,120328,1383436,1323522,366089,354236,59419,57594,155575,147160,16507,15718,1315578,1256236,842890,802443,256360,248214,11987,11478,101056,95098,4335,3997,98950,95006,934408,890285,311894,301661,26653,25627,139163,131549,10544,9908,528264,509908,425640,410455,40609,39322,24094,23496,8333,7787,3584,3526,26004,25322,449028,433237,54195,52575,32766,31967,16412,15611,5963,5810
R,11,2024,1,3659980,1869071,1790909,1280267,1224140,301237,291860,37297,36144,115866,109334,8125,7759,126279,121672,1396368,1335968,370889,359054,60886,59015,162739,154343,16793,16036,1329627,1270253,846159,805635,259800,251806,12022,11519,107355,101294,4503,4134,99788,95865,938417,894229,315569,305471,26739,25710,146081,138409,10772,10109,539444,520656,434108,418505,41437,40054,25275,24625,8511,8040,3622,3625,26491,25807,457951,441739,55320,53583,34147,33305,16658,15934,6021,5927
R,11,2024,2,3752834,1915737,1837097,1307857,1251452,308557,299395,38326,37124,123042,116385,8355,8011,129600,124730,1426995,1366072,379908,368123,62562,60574,171260,162679,17236,16479,1362457,1303165,863099,822578,265987,258397,12218,11689,114259,107977,4702,4326,102192,98198,957556,913303,322940,313192,27242,26177,154118,146217,11122,10452,553280,533932,444758,428874,42570,40998,26108,25435,8783,8408,3653,3685,27408,26532,469439,452769,56968,54931,35320,34397,17142,16462,6114,6027
R,11,2024,3,3741453,1911493,1829960,1304333,1244455,310748,301929,36745,35422,122907,116731,7619,7213,129141,124210,1423044,1358598,381820,370300,60906,58708,170980,162942,16448,15631,1382628,1319013,879037,833105,270264,262960,12401,11905,114767,108827,4429,4192,101730,98024,973053,923655,326890,317558,27333,26345,154548,147127,10819,10303,528865,510947,425296,411350,40484,38969,24344,23517,8140,7904,3190,3021,27411,26186,449991,434943,54930,52742,33573,32363,16432,15815,5629,5328
R,11,2024,4,3780346,1931886,1848460,1321074,1260305,311734,302376,37833,36219,126768,120487,7308,6904,127169,122169,1437993,1372616,381907,369801,61510,59059,174017,165807,15994,15170,1404879,1342308,894749,850541,273356,265717,13233,12767,118605,112587,4531,4144,100405,96552,987544,939752,329364,319620,27945,26952,157789,150223,10851,10178,527007,506152,426325,409764,38378,36659,24600,23452,8163,7900,2777,2760,26764,25617,450449,432864,52543,50181,33565,32107,16228,15584,5143,4992
R,11,2024,5,3871594,1976942,1894652,1362812,1301387,310963,303758,38968,37235,129651,123305,7645,7069,126903,121898,1479413,1413389,380769,370964,62615,60160,177004,168500,16354,15326,1447575,1384128,933527,886649,273397,267776,14091,13703,121321,115354,4774,4387,100465,96259,1026282,975511,329185,321432,28891,27958,160748,152909,11187,10451,529367,510524,429285,414738,37566,35982,24877,23532,8330,7951,2871,2682,26438,25639,453131,437878,51584,49532,33724,32202,16256,15591,5167,4875
R,11,2024,6,3930997,2007749,1923248,1385142,1321679,314437,307617,39517,37726,132299,125724,7769,7164,128585,123338,1503289,1434978,385077,375574,63550,60950,180300,171458,16578,15530,1471399,1406751,949250,901579,277059,271563,14255,13795,124008,117821,4868,4489,101959,97504,1043378,991565,333639,325865,29290,28268,164043,155888,11354,10642,536350,516497,435892,420100,37378,36054,25262,23931,8291,7903,2901,2675,26626,25834,459911,443413,51438,49709,34260,32682,16257,15570,5224,4888
R,11,2024,7,4013889,2053057,1960832,1418445,1350071,318803,311138,39136,37212,138541,130750,7867,7349,130265,124312,1538065,1464279,389680,379443,63638,60774,187626,176842,16935,15850,1508769,1436507,971781,920222,282688,275838,15182,14400,130473,122978,5074,4691,103571,98378,1067291,1011005,339552,330481,30647,29153,171578,161376,11826,10949,544288,524325,446664,429849,36115,35300,23954,22812,8068,7772,2793,2658,26694,25934,470774,453274,50128,48962,32991,31621,16048,15466,5109,4901
R,11,2024,8,4126839,2108709,2018130,1471287,1401671,319404,313441,38495,37160,139938,132331,7807,7457,131778,126070,1592344,1517542,390489,381959,63619,61366,189839,179430,17027,16160,1551058,1481177,1010429,958408,283388,278120,15818,15299,131767,124613,5000,4796,104656,99941,1106990,1050681,340317,332974,31743,30578,173509,163922,11845,11226,557651,536953,460858,443263,36016,35321,22677,21861,8171,7718,2807,2661,27122,26129,485354,466861,50172,48985,31876,30788,16330,15508,5182,4934
R,11,2024,9,4168075,2129879,2038196,1490860,1420817,324353,316902,37490,36564,138018,130511,7613,7472,131545,125930,1611750,1536550,395252,385401,62769,60756,187632,177469,16816,16176,1569532,1497179,1025372,972516,288350,281517,16228,15432,130093,122883,4870,4783,104619,100048,1121930,1064876,345164,336483,32355,30781,171652,162131,11724,11254,560347,541017,465488,448301,36003,35385,21262,21132,7925,7628,2743,2689,26926,25882,489820,471674,50088,48918,30414,29975,15980,15338,5092,4922
R,11,2024,10,4178625,2137339,2041286,1497277,1423369,326125,317887,37635,36736,138364,131305,7392,7215,130546,124774,1617235,1538033,396234,385705,62812,60846,187762,177732,16621,15888,1580451,1505893,1034865,979508,289574,282350,16478,15896,130723,124093,4802,4708,104009,99338,1130861,1071200,345777,336882,32653,31319,172182,162937,11687,11180,556888,535393,462412,443861,36551,35537,21157,20840,7641,7212,2590,2507,26537,25436,486374,466833,50457,48823,30159,29527,15580,14795,4934,4708
R,11,2024,11,4137164,2116136,2021028,1482956,1412512,324660,315195,37975,36351,135220,127841,7175,6961,128150,122168,1600645,1524647,393172,381483,62855,60181,183844,173366,16405,15587,1565265,1491485,1025098,972160,288782,280710,16709,15977,127833,120873,4712,4518,102131,97247,1119310,1061822,343764,334019,32743,31304,168611,158903,11547,10858,550871,529543,457858,440352,35878,34485,21266,20374,7387,6968,2463,2443,26019,24921,481335,462825,49408,47464,30112,28877,15233,14463,4858,4729
R,11,2024,12,4150550,2121894,2028656,1490031,1421580,324330,313957,38305,36863,135444,128172,7177,6953,126607,121131,1606236,1532741,391895,379211,63158,60759,183436,173501,16330,15626,1568225,1494480,1028603,976066,289173,280190,16791,16164,128189,121292,4720,4500,100749,96268,1121473,1064803,343285,332498,32814,31539,168419,159172,11503,10907,553669,534176,461428,445514,35157,33767,21514,20699,7255,6880,2457,2453,25858,24863,484763,467938,48610,46713,30344,29220,15017,14329,4827,4719
R,11,2024,13,4187417,2146944,2040473,1517130,1438147,327496,316014,38113,36515,130339,122837,7082,6757,126784,120203,1633551,1548447,395439,380635,63307,60575,177879,167696,16205,15368,1580700,1497960,1042146,983502,293100,282761,17100,16134,123235,116169,4622,4324,100497,95070,1134826,1071126,347390,334319,33302,31517,162898,153543,11355,10641,566244,542513,474984,454645,34396,33253,21013,20381,7104,6668,2460,2433,26287,25133,498725,477321,48049,46316,30005,29058,14981,14153,4850,4727
R,11,2024,14,4260577,2182701,2077876,1552668,1473094,331133,319091,36919,35387,128029,122099,6875,6556,127077,121649,1669571,1584869,399105,384611,62561,60185,175150,166798,15946,15142,1600016,1519557,1058140,999670,298565,287173,17244,16787,121251,115823,4622,4324,100194,95780,1150698,1088015,352597,339162,33577,32594,160476,153079,11304,10644,582685,558319,494528,473424,32568,31918,19675,18600,6778,6276,2253,2232,26883,25869,518873,496854,46508,45449,28984,27591,14674,13719,4642,4498
R,11,2024,15,4318455,2210723,2107732,1580314,1498660,335384,325077,37020,35523,126337,121275,6892,6685,124776,120512,1695089,1609410,402287,390490,62222,59754,172378,165075,15566,15136,1620904,1543576,1077956,1018953,302548,293094,17832,17194,119706,115001,4741,4456,98121,94878,1168604,1106492,355821,345153,33731,32543,157945,151514,11120,10650,589819,564156,502358,479707,32836,31983,19188,18329,6631,6274,2151,2229,26655,25634,526485,502918,46466,45337,28491,27211,14433,13561,4446,4486
R,11,2024,16,4501735,2307195,2194540,1652735,1563948,351706,340449,38586,36558,131186,125284,7037,6842,125945,121459,1768403,1675566,419498,406660,63955,61037,177074,168963,16033,15215,1691705,1610893,1127398,1066107,317291,307879,18385,17774,124470,118909,4791,4577,99370,95647,1218947,1154340,371521,360879,34481,33141,162764,155266,11433,10715,615490,583647,525337,497841,34415,32570,20201,18784,6716,6375,2246,2265,26575,25812,549456,521226,47977,45781,29474,27896,14310,13697,4600,4500
R,11,2024,17,4552527,2333343,2219184,1676407,1588469,352660,341175,40072,37848,133591,126498,7049,6980,123564,118214,1789875,1696875,418754,405175,65719,62201,178482,169013,15902,15377,1708077,1626546,1142623,1082149,318175,308401,18599,18227,126896,120215,4805,4670,96979,92884,1232024,1167601,370791,359477,34728,33511,164172,155571,11328,10823,625266,592638,533784,506320,34485,32774,21473,19621,6695,6283,2244,2310,26585,25330,557851,529274,47963,45698,30991,28690,14310,13442,4574,4554
R,11,2024,18,4510950,2311594,2199356,1664477,1577932,345568,334582,40499,37206,135375,129501,7007,6833,118668,113302,1773335,1681821,408210,395054,65487,60887,179082,170662,15546,14878,1696011,1616737,1138827,1079071,312253,302617,18383,17795,128678,123360,4792,4634,93078,89260,1224498,1161155,362026,351156,33998,32713,165190,157711,11069,10557,615583,582619,525650,498861,33315,31965,22116,19411,6697,6141,2215,2199,25590,24042,548837,520666,46184,43898,31489,28174,13892,12951,4477,4321
R,11,2024,19,4475539,2291640,2183899,1655725,1567436,335634,327189,40235,37003,140130,137103,7222,7088,112694,108080,1758995,1666309,394284,383969,64513,59998,181918,176997,15235,14793,1687563,1615109,1138940,1078813,303377,296645,18101,17772,133886,131240,4933,5005,88326,85634,1220137,1157347,350021,342305,33237,32362,168862,164821,10826,10760,604077,568790,516785,488623,32257,30544,22134,19231,6244,5863,2289,2083,24368,22446,538858,508962,44263,41664,31276,27636,13056,12176,4409,4033
R,11,2024,20,4474040,2289378,2184662,1657930,1571124,331514,323871,39790,35804,144399,142284,7215,6876,108530,104703,1757230,1666816,387158,378052,63514,58584,185204,181208,15136,14466,1697967,1627208,1150617,1091213,300453,294392,18032,17278,138212,136427,5034,4954,85619,82944,1229203,1167196,344745,337861,33119,31955,172609,169273,10966,10610,591411,557454,507313,479911,31061,29479,21758,18526,6187,5857,2181,1922,22911,21759,528027,499620,42413,40191,30395,26629,12595,11935,4170,3856
R,11,2024,21,4472963,2286661,2186302,1661895,1575259,327885,322879,38870,35581,146487,144790,7055,6722,104469,101071,1757385,1667599,380961,374666,62352,58140,185594,182550,14750,14095,1705020,1635107,1162304,1099879,297143,294183,17642,17137,140550,139085,4978,4891,82403,79932,1237844,1173126,339544,335566,32611,31759,173472,170827,10717,10447,581641,551195,499591,475380,30742,28696,21228,18444,5937,5705,2077,1831,22066,21139,519541,494473,41417,39100,29741,26381,12122,11723,4033,3648
R,11,2024,22,4463618,2280106,2183512,1654197,1570593,330267,326549,38420,35521,150235,146823,6870,6678,100117,97348,1745484,1659183,380722,376436,61625,58118,187562,182570,14383,13857,1705700,1638124,1159528,1099590,300037,298224,17809,17242,144393,141340,4951,4836,78982,76892,1231702,1169795,340385,338041,32644,31886,175809,171393,10633,10262,574406,545388,494669,471003,30230,28325,20611,18279,5842,5483,1919,1842,21135,20456,513782,489388,40337,38395,28981,26232,11753,11177,3750,3595
R,11,2024,23,4507239,2300500,2206739,1662984,1584064,335532,330863,37714,35546,158869,153991,6645,6508,98756,95767,1752806,1671238,385300,379579,61176,58326,195518,189107,14015,13691,1732777,1667214,1173722,1117912,305489,302856,17862,17437,153145,148542,4790,4610,77769,75857,1244566,1187146,345119,341912,32995,32362,184050,178212,10349,10060,567723,539525,489262,466152,30043,28007,19852,18109,5724,5449,1855,1898,20987,19910,508240,484092,40181,37667,28181,25964,11468,10895,3666,3631
R,11,2024,24,4566903,2330092,2236811,1677518,1597237,344633,340583,38304,36318,165996,162058,6730,6530,96911,94085,1765714,1682492,393112,388270,62037,59089,201747,196597,13952,13649,1762935,1697143,1187930,1131151,315183,312353,18296,17730,160216,156606,4963,4589,76347,74714,1257482,1199002,353744,350612,33679,32866,190458,185781,10453,9981,567157,539668,489588,466086,29450,28230,20008,18588,5780,5452,1767,1941,20564,19371,508232,483490,39368,37658,28358,26223,11289,10816,3499,3668
R,11,2024,25,4478572,2280986,2197586,1646663,1573375,335811,331773,37425,35621,161056,159779,6712,6300,93319,90738,1731400,1655387,382539,377921,60788,58233,194820,192536,13951,13245,1732074,1672406,1172701,1119539,307372,304385,18035,17735,155494,154428,4939,4436,73533,71883,1239578,1184580,344615,341381,33377,32831,183982,182004,10433,9726,548912,525180,473962,453836,28439,27388,19390,17886,5562,5351,1773,1864,19786,18855,491822,470807,37924,36540,27411,25402,10838,10532,3518,3519
R,11,2024,26,4489315,2280273,2209042,1645686,1576683,337542,335562,36922,35378,161788,165650,6676,6393,91659,89376,1728591,1657680,382935,380458,60186,58158,195044,197688,13873,13158,1737527,1688111,1176683,1126061,309558,308746,17903,17600,156166,160203,4865,4532,72352,70969,1242186,1190468,345759,344751,33258,32944,184293,187278,10416,9753,542746,520931,469003,450622,27984,26816,19019,17778,5622,5447,1811,1861,19307,18407,486405,467212,37176,35707,26928,25214,10751,10410,3457,3405
R,11,2024,27,4457928,2258680,2199248,1630070,1565943,333258,333113,35937,34559,165113,172966,6508,6307,87794,86360,1709539,1643920,376033,375731,58822,57221,197304,204216,13289,12911,1725231,1687192,1167979,1122082,306336,307302,17503,17468,159676,167554,4752,4585,68985,68201,1230501,1183665,340143,341184,32656,32708,186862,194039,9951,9658,533449,512056,462091,443861,26922,25811,18434,17091,5437,5412,1756,1722,18809,18159,479038,460255,35890,34547,26166,24513,10442,10177,3338,3253
R,11,2024,28,4495993,2275131,2220862,1643761,1579663,332689,335135,36088,34069,169495,180847,6618,6318,86480,84830,1721928,1655996,373978,376455,59318,56836,201275,211789,13474,13128,1742705,1710601,1182417,1136768,305779,309742,17666,17227,164150,175386,4812,4626,67881,66852,1243833,1196941,338289,342553,32950,32422,191187,201568,10105,9923,532426,510261,461344,442895,26910,25393,18422,16842,5345,5461,1806,1692,18599,17978,478095,459055,35689,33902,26368,24414,10088,10221,3369,3205
R,11,2024,29,4562243,2309768,2252475,1663366,1597844,345421,345628,36387,34346,173056,185556,6740,6675,84798,82426,1739573,1671765,385362,385555,59977,57097,204351,215472,13646,13497,1774747,1739092,1199493,1152108,318102,319429,18040,17529,167690,180080,4910,4913,66512,65033,1259191,1210473,349517,350995,33846,32950,194286,205431,10272,10248,535021,513383,463873,445736,27319,26199,18347,16817,5366,5476,1830,1762,18286,17393,480382,461292,35845,34560,26131,24147,10065,10041,3374,3249
R,11,2024,30,4620252,2338580,2281672,1675969,1610814,359690,360249,36431,35026,177176,187867,6801,6815,82513,80901,1749721,1682964,397782,398747,60222,58246,207728,217332,13914,13559,1803869,1771155,1211845,1167607,332227,334212,18321,17869,171811,182484,5016,5038,64649,63945,1269527,1224570,362049,364720,34370,33838,197825,207508,10551,10320,534711,510517,464124,443207,27463,26037,18110,17157,5365,5383,1785,1777,17864,16956,480194,458394,35733,34027,25852,24408,9903,9824,3363,3239
R,11,2024,31,4712826,2387875,2324951,1707608,1637263,374540,373403,37643,36076,182219,192788,7121,6795,78744,78626,1777646,1707089,410078,410205,60700,59285,212027,221540,14034,13570,1847609,1812363,1237849,1191872,346615,347100,19091,18907,177019,187338,5219,5026,61816,62120,1292790,1247003,374347,376028,34753,35014,202419,211839,10625,10308,540266,512588,469759,445391,27925,26303,18552,17169,5200,5450,1902,1769,16928,16506,484856,460086,35731,34177,25947,24271,9608,9701,3409,3262
R,11,2024,32,4802911,2431627,2371284,1739757,1672548,381667,380576,39194,36487,186579,197494,7169,6963,77261,77216,1808218,1740918,415220,415399,62815,59659,216099,226583,14083,13800,1884542,1854249,1264360,1223115,353230,353580,20062,19414,181338,192076,5236,5125,60316,60939,1317691,1277005,378990,380704,36114,35525,206645,216998,10681,10446,547085,517035,475397,449433,28437,26996,19132,17073,5241,5418,1933,1838,16945,16277,490527,463913,36230,34695,26701,24134,9454,9585,3402,3354
R,11,2024,33,4876291,2458215,2418076,1757772,1701768,385090,391421,39200,36060,194282,204846,7944,7352,73927,76629,1822340,1768643,416589,425842,61865,58769,223430,234815,15174,14621,1916098,1908445,1288131,1261813,356112,362608,20071,19457,188811,199093,5827,5487,57146,59987,1337845,1313992,379884,389035,35280,35000,213667,224658,11516,11234,542117,509631,469641,439955,28978,28813,19129,16603,5471,5753,2117,1865,16781,16642,484495,454651,36705,36807,26585,23769,9763,10157,3658,3387
R,11,2024,34,4922693,2482974,2439719,1785006,1724041,381998,389907,38711,35640,199084,209814,8087,7593,70088,72724,1846198,1787748,410870,421986,60247,57636,227654,238198,15029,14438,1939046,1936385,1312965,1289691,353204,360911,19592,19223,193455,204159,5889,5707,53941,56694,1359796,1339163,374601,385371,33972,34205,217946,228391,11354,11109,543928,503334,472041,434350,28794,28996,19119,16417,5629,5655,2198,1886,16147,16030,486402,448585,36269,36615,26275,23431,9708,9807,3675,3329
R,11,2024,35,4788626,2416405,2372221,1742732,1676503,365381,376299,37151,34122,197961,210283,8144,7190,65036,67824,1799616,1735601,391728,405852,57391,54692,224426,237128,14458,13712,1893537,1891407,1288563,1260811,337795,348845,18674,18487,192550,204776,6004,5466,49951,53022,1331991,1306756,357148,371277,32137,32573,215341,227912,11027,10693,522868,480814,454169,415692,27586,27454,18477,15635,5411,5507,2140,1724,15085,14802,467625,428845,34580,34575,25254,22119,9085,9216,3431,3019
R,11,2024,36,4707879,2372279,2335600,1725435,1664106,344387,358627,36624,33072,196402,207985,7947,7234,61484,64576,1778927,1720454,368684,386336,55698,52674,221935,233838,14151,13442,1852105,1860383,1272436,1252626,317765,331798,18201,17657,191080,202625,5830,5443,46793,50234,1312940,1296290,335286,352478,30632,31077,213007,224833,10731,10395,520174,475217,452999,411480,26622,26829,18423,15415,5322,5360,2117,1791,14691,14342,465987,424164,33398,33858,25066,21597,8928,9005,3420,3047
R,11,2024,37,4601004,2324663,2276341,1705793,1632587,327153,341100,34945,31675,190966,201965,7951,7022,57855,61992,1755998,1686723,349890,367361,53212,50660,214989,226927,13957,13038,1812650,1811727,1258601,1229399,301408,315241,17196,17002,185839,196895,5711,5221,43895,47969,1296372,1271091,317682,334716,29103,29861,206504,218405,10518,10018,512013,464614,447192,403188,25745,25859,17749,14673,5127,5070,2240,1801,13960,14023,459626,415632,32208,32645,24109,20799,8485,8522,3439,3020
R,11,2024,38,4594141,2323529,2270612,1717847,1640095,318854,333701,34403,31218,188639,199435,7921,7150,55865,59013,1766532,1691338,340202,358344,52117,50084,212025,223027,13721,12921,1809360,1807541,1268044,1237488,293275,307989,16809,16617,183418,194509,5648,5324,42166,45614,1304572,1276858,308238,326276,28315,29484,203473,214787,10264,9956,514169,463071,449803,402607,25579,25712,17594,14601,5221,4926,2273,1826,13699,13399,461960,414480,31964,32068,23802,20600,8552,8240,3457,2965
R,11,2024,39,4599315,2324680,2274635,1728550,1649255,313524,330438,33878,30871,186305,199039,7905,7197,54518,57835,1775889,1699535,334239,353868,51769,49513,208815,222485,13589,13054,1808177,1811212,1276176,1245718,288417,305189,16134,16410,181169,194055,5590,5480,40691,44360,1311194,1284051,302770,322132,27641,29142,200447,214166,10101,10200,516503,463423,452374,403537,25107,25249,17744,14461,5136,4984,2315,1717,13827,13475,464695,415484,31469,31736,24128,20371,8368,8319,3488,2854
R,11,2024,40,4512867,2274265,2238602,1695352,1626174,301287,321703,33086,30493,185027,197597,7574,6845,51939,55790,1740501,1674535,320530,343802,50297,48871,206651,220564,13193,12576,1770262,1780480,1253297,1226691,277032,297144,15931,16051,179929,192809,5358,5144,38715,42641,1286669,1263469,290280,312961,27036,28536,198400,212464,9809,9713,504003,458122,442055,399483,24255,24559,17155,14442,5098,4788,2216,1701,13224,13149,453832,411066,30250,30841,23261,20335,8251,8100,3384,2863
R,11,2024,41,4500339,2267425,2232914,1697091,1625759,297365,319603,33284,30363,181686,195503,7500,6926,50499,54760,1740894,1673146,316032,340939,50291,48913,202638,217838,12879,12654,1766064,1774551,1256901,1225813,273418,294929,15856,15958,176753,190814,5408,5225,37728,41812,1289347,1261734,286237,310268,26983,28607,194604,209916,9656,9796,501361,458363,440190,399946,23947,24674,17428,14405,4933,4689,2092,1701,12771,12948,451547,411412,29795,30671,23308,20306,8034,7922,3223,2858
R,11,2024,42,4536291,2283007,2253284,1714271,1644861,298147,322838,33353,30074,179547,194448,7553,7015,50136,54048,1757781,1691558,316578,344075,50592,48677,200079,216174,12997,12635,1776123,1787039,1268794,1237315,274192,297740,15888,15892,174578,189517,5368,5223,37303,41352,1300868,1272791,286807,313066,27160,28674,191985,208061,9693,9738,506884,466245,445477,407546,23955,25098,17465,14182,4969,4931,2185,1792,12833,12696,456913,418767,29771,31009,23432,20003,8094,8113,3304,2897
R,11,2024,43,4441056,2231111,2209945,1683620,1619645,290429,316237,31687,29083,169702,186439,7326,6480,48347,52061,1725374,1664621,308029,336839,48705,47204,189348,207030,12573,11956,1743513,1754896,1254696,1221612,267575,291897,15064,15453,164923,181622,5223,4751,36032,39561,1285544,1255569,279647,306630,26259,27824,181596,199162,9372,9118,487598,455049,428924,398033,22854,24340,16623,13630,4779,4817,2103,1729,12315,12500,439830,409052,28382,30209,22446,19380,7752,7868,3201,2838
R,11,2024,44,4463435,2243016,2220419,1692767,1624933,297378,324724,32030,29138,165363,183068,7436,6632,48042,51924,1734253,1669730,315010,345271,49105,47546,184783,203356,12785,12165,1744620,1761104,1253697,1222995,274383,299973,15349,15580,160439,178281,5238,4915,35514,39360,1284069,1256641,286347,314587,26565,28224,176789,195536,9485,9385,498396,459315,439070,401938,22995,24751,16681,13558,4924,4787,2198,1717,12528,12564,450184,413089,28663,30684,22540,19322,7994,7820,3300,2780
R,11,2024,45,4276949,2142657,2134292,1619690,1562062,282881,312288,30059,27692,158541,176975,6633,6315,44853,48960,1658483,1604178,299162,331669,46275,45129,176451,196173,11591,11408,1674672,1697515,1207335,1180112,261087,288562,14535,14769,154055,172545,4702,4678,32958,36849,1235569,1211523,272027,302081,25120,26731,169122,188816,8607,8770,467985,436777,412355,381950,21794,23726,15524,12923,4486,4430,1931,1637,11895,12111,422914,392655,27135,29588,21155,18398,7329,7357,2984,2638
R,11,2024,46,4152282,2076829,2075453,1575648,1522535,270713,300948,28526,26854,153019,172576,6339,5906,42584,46634,1612311,1562663,286157,318994,44089,43771,170016,190911,10854,10714,1623077,1647672,1174771,1148255,249841,277825,13924,14218,148691,168091,4570,4301,31280,34982,1201366,1178073,260230,290383,24127,25734,162994,183659,8145,8160,453752,427781,400877,374280,20872,23123,14602,12636,4328,4485,1769,1605,11304,11652,410945,384590,25927,28611,19962,18037,7022,7252,2709,2554
R,11,2024,47,4112210,2051365,2060845,1562998,1517155,264273,296332,28454,26676,148512,169451,6198,5892,40930,45339,1598230,1555898,278881,313836,43723,43403,164813,187320,10640,10651,1602810,1633630,1165797,1141622,244365,273807,14108,14553,144114,165097,4443,4337,29983,34214,1191271,1170578,254051,286024,24188,26127,157797,180289,7933,8148,448555,427215,397201,375533,19908,22525,14346,12123,4398,4354,1755,1555,10947,11125,406959,385320,24830,27812,19535,17276,7016,7031,2707,2503
R,11,2024,48,3946974,1965812,1981162,1494500,1458641,250860,281458,27088,25234,148496,167681,5863,5530,39005,42618,1528144,1494961,264296,297631,41684,41126,164212,184653,10240,10030,1533252,1564311,1110997,1091150,231601,260004,13504,13655,144295,163424,4231,4084,28624,31994,1135376,1118097,240398,271181,23145,24616,157593,177789,7691,7713,432560,416851,383503,367491,19259,21454,13584,11579,4201,4257,1632,1446,10381,10624,392768,376864,23898,26450,18539,16510,6619,6864,2549,2317
R,11,2024,49,3941478,1962712,1978766,1494737,1458309,249968,281746,26440,25251,149419,167518,5646,5361,36502,40581,1526024,1492923,262681,296876,40367,40556,164072,183730,9590,9572,1537629,1568037,1116325,1095173,231621,261096,13195,13724,145352,163429,4102,3996,27034,30619,1139203,1121032,240059,271507,22616,24353,157781,177244,7255,7377,425083,410729,378412,363136,18347,20650,13245,11527,4067,4089,1544,1365,9468,9962,386821,371891,22622,25369,17751,16203,6291,6486,2335,2195
R,11,2024,50,3907301,1942999,1964302,1483484,1453271,245788,277846,26109,24733,147425,164439,5498,5172,34695,38841,1513057,1486211,257571,292243,39631,39700,161370,179868,9401,9179,1529871,1561871,1114316,1095918,228557,258491,13109,13490,143641,160550,4044,3857,26204,29565,1136431,1120679,236635,268533,22365,24028,155671,173839,7210,7099,413128,402431,369168,357353,17231,19355,13000,11243,3784,3889,1454,1315,8491,9276,376626,365532,20936,23710,17266,15672,5699,6029,2191,2080
R,11,2024,51,3886425,1929908,1956517,1473991,1447038,245019,278354,25392,24587,146201,163735,5271,5096,34034,37707,1502943,1478874,256321,292104,38628,39218,160141,178899,9059,9034,1532192,1565656,1118190,1099703,228619,259530,12850,13590,142655,159982,3901,3785,25977,29066,1140023,1123951,236337,269256,22132,24155,154752,173096,7019,6975,397716,390861,355801,347335,16400,18824,12542,10997,3546,3753,1370,1311,8057,8641,362920,354923,19984,22848,16496,15063,5389,5803,2040,2059
R,11,2024,52,4026975,2000856,2026119,1534576,1506215,254680,288029,26024,24825,146452,164384,5297,5006,33827,37660,1563242,1538011,265575,301467,39763,39918,160102,179332,9074,8976,1604072,1635910,1179294,1159098,238631,269382,13387,13867,142789,160637,3971,3710,26000,29216,1201060,1183443,246177,278975,23196,24839,154665,173652,7026,6995,396784,390209,355282,347117,16049,18647,12637,10958,3663,3747,1326,1296,7827,8444,362182,354568,19398,22492,16567,15079,5437,5680,2048,1981
R,11,2024,53,4243349,2111918,2131431,1642327,1606615,262452,297785,25853,25559,141731,158457,5299,4949,34256,38066,1671346,1638784,273393,311226,40108,41284,155282,173126,9198,9062,1721712,1747162,1292651,1264856,246682,279627,13929,14481,138027,154818,3936,3726,26487,29654,1314843,1289643,254279,289178,24265,26154,149811,167543,7146,7109,390206,384269,349676,341759,15770,18158,11924,11078,3704,3639,1363,1223,7769,8412,356503,349141,19114,22048,15843,15130,5471,5583,2052,1953
R,11,2024,54,4329319,2156179,2173140,1683581,1647483,266611,299420,26122,25346,140534,157921,5169,5113,34162,37857,1712522,1679249,277560,312710,40651,41362,153620,172425,9138,9351,1769966,1798201,1337428,1314095,250853,281609,14288,14640,136960,154279,3883,3876,26554,29702,1359654,1338740,258568,291224,24946,26664,148301,166787,7163,7392,386213,374939,346153,333388,15758,17811,11834,10706,3574,3642,1286,1237,7608,8155,352868,340509,18992,21486,15705,14698,5319,5638,1975,1959
R,11,2024,55,4133197,2052912,2080285,1611499,1586451,248116,280509,24402,24037,132072,149626,5081,4950,31742,34712,1638449,1615582,257905,292304,38224,39189,144246,162819,8799,8825,1687598,1723766,1283865,1268735,233288,263925,13478,14040,128717,146151,3867,3799,24383,27116,1304328,1291265,239919,272285,23558,25438,139257,157521,6922,7001,365314,356519,327634,317716,14828,16584,10924,9997,3355,3475,1214,1151,7359,7596,334121,324317,17986,20019,14666,13751,4989,5298,1877,1824
R,11,2024,56,4020080,1994428,2025652,1564037,1542699,243093,275380,24072,23311,128885,146749,4609,4777,29732,32736,1589127,1569994,252107,286405,37345,37840,140201,159033,8088,8572,1643514,1683696,1249407,1237935,228632,259199,13275,13815,125810,143526,3455,3621,22935,25600,1268525,1258995,234743,266984,23089,24829,135631,154219,6332,6788,350914,341956,314630,304764,14461,16181,10797,9496,3075,3223,1154,1156,6797,7136,320602,310999,17364,19421,14256,13011,4570,4814,1756,1784
R,11,2024,57,3986226,1969027,2017199,1554929,1546465,240123,275595,23016,23141,117897,135788,4725,4704,28337,31506,1578827,1572715,248586,286347,36011,37507,128493,147158,8013,8391,1632776,1686042,1253131,1251112,226305,259813,13010,14103,114872,132778,3582,3618,21876,24618,1271329,1271367,231999,267384,22670,25057,124052,142558,6360,6710,336251,331157,301798,295353,13818,15782,10006,9038,3025,3010,1143,1086,6461,6888,307498,301348,16587,18963,13341,12450,4441,4600,1653,1681
R,11,2024,58,4006919,1972933,2033986,1559062,1562999,243062,279964,22868,22984,115588,132526,4669,4776,27684,30737,1582123,1588525,251447,290329,35863,37369,125715,143474,8057,8380,1645524,1710683,1265147,1274473,229460,264740,13134,14272,112669,129516,3596,3727,21518,23955,1282789,1294119,235111,272015,23015,25240,121405,138917,6462,6731,327409,323303,293915,288526,13602,15224,9734,8712,2919,3010,1073,1049,6166,6782,299334,294406,16336,18314,12848,12129,4310,4557,1595,1649
R,11,2024,59,4137534,2030538,2106996,1608797,1624367,249383,288897,23627,23719,116154,133916,4716,4750,27861,31347,1632074,1650363,257584,299207,37007,38664,126226,144967,8109,8469,1706970,1786146,1318604,1338234,235756,273554,13956,15056,113277,130889,3691,3753,21686,24660,1336459,1358398,241325,280863,24096,26655,122006,140421,6537,6878,323568,320850,290193,286133,13627,15343,9671,8663,2877,3027,1025,997,6175,6687,295615,291965,16259,18344,12911,12009,4220,4546,1572,1591
R,11,2024,60,4267238,2084886,2182352,1663156,1696211,250160,291874,23510,24085,115635,134089,4558,4722,27867,31371,1686371,1722152,258086,301861,37290,39698,125628,144940,7975,8415,1775644,1868616,1385709,1415963,237234,277016,14241,15664,112890,131279,3582,3735,21988,24959,1403800,1436329,242665,284111,24930,28069,121575,140692,6448,6864,309242,313736,277447,280248,12926,14858,9269,8421,2745,2810,976,987,5879,6412,282571,285823,15421,17750,12360,11629,4053,4248,1527,1551
R,11,2024,61,4273213,2085047,2188166,1667764,1707901,244627,285228,23167,23592,117569,135648,4300,4594,27620,31203,1690841,1733676,252323,295026,37024,39139,127396,146363,7598,8316,1789342,1885892,1402586,1438186,232196,271059,14336,15339,114895,132849,3370,3635,21959,24824,1420736,1458411,237486,278034,25198,27717,123490,142098,6169,6769,295705,302274,265178,269715,12431,14169,8831,8253,2674,2799,930,959,5661,6379,270105,275265,14837,16992,11826,11422,3906,4265,1429,1547
R,11,2024,62,4269064,2076333,2192731,1669607,1722623,240389,282738,22522,23561,112350,128528,4365,4560,27100,30721,1692328,1747876,247720,292405,36018,39253,122070,138968,7712,8187,1793039,1901511,1415104,1462556,228697,269514,14071,15399,109846,125816,3480,3639,21841,24587,1433223,1482529,233753,276402,24858,27977,118388,134857,6359,6670,283294,291220,254503,260067,11692,13224,8451,8162,2504,2712,885,921,5259,6134,259105,265347,13967,16003,11160,11276,3682,4111,1353,1517
R,11,2024,63,4247739,2060336,2187403,1672279,1731661,232950,277315,21835,23440,102497,120755,4122,4241,26653,29991,1694551,1756285,240052,286634,35476,39104,111987,130779,7339,7805,1794659,1911862,1433773,1485583,221812,264724,14012,15806,100192,118155,3334,3397,21536,24197,1451558,1505216,226790,271458,24949,28515,108516,126853,6084,6397,265677,275541,238506,246078,11138,12591,7823,7634,2305,2600,788,844,5117,5794,242993,251069,13262,15176,10527,10589,3471,3926,1255,1408
R,11,2024,64,4216477,2039779,2176698,1648877,1716612,233626,277642,21385,23234,105457,125795,4147,4243,26287,29172,1670953,1740508,240584,286611,34945,38534,114665,135569,7267,7694,1779644,1905544,1415320,1474139,222772,265332,13728,15781,103141,123178,3352,3442,21331,23672,1433046,1493292,227674,271887,24645,28239,111274,131674,5982,6381,260135,271154,233557,242473,10854,12310,7657,7453,2316,2617,795,801,4956,5500,237907,247216,12910,14724,10300,10295,3391,3895,1285,1313
R,11,2024,65,4094221,1973048,2121173,1603298,1681060,222044,267714,20207,21852,98641,118830,3885,3905,24973,27812,1624202,1703962,228464,276183,33175,36794,107559,127860,6839,7091,1735954,1870259,1390372,1456978,212108,256081,13330,14918,96561,116458,3172,3200,20411,22624,1407329,1475380,216642,262260,23865,27166,104433,124339,5679,5908,237094,250914,212926,224082,9936,11633,6877,6934,2080,2372,713,705,4562,5188,216873,228582,11822,13923,9310,9628,3126,3521,1160,1183
R,11,2024,66,4019483,1928455,2091028,1571976,1662778,212259,258267,18732,20925,98184,118752,3639,3801,23665,26505,1591703,1684497,218436,266265,31301,35318,106382,127380,6348,6770,1708952,1853699,1375233,1450443,202701,247241,12478,14566,96237,116589,2967,3138,19336,21722,1391201,1468066,207042,253115,22777,26468,103479,124108,5271,5696,219503,237329,196743,212335,9558,11026,6254,6359,1947,2163,672,663,4329,4783,200502,216431,11394,13150,8524,8850,2903,3272,1077,1074
R,11,2024,67,3971447,1896500,2074947,1551513,1657120,204230,252739,18668,20322,95526,115371,3450,3650,23113,25745,1570760,1678278,210255,260461,31078,34758,103436,123342,6138,6560,1685816,1844937,1362437,1450931,195324,242202,12375,14321,93730,113402,2854,2981,19096,21100,1378189,1468075,199670,247857,22627,26321,100805,120335,5167,5460,210684,230010,189076,206189,8906,10537,6293,6001,1796,1969,596,669,4017,4645,192571,210203,10585,12604,8451,8437,2631,3007,971,1100
R,11,2024,68,3812198,1809435,2002763,1483660,1597917,191592,243396,17473,19443,91807,113694,3228,3468,21675,24845,1501789,1618354,197196,250791,29233,33477,99098,121394,5719,6262,1613562,1785456,1308062,1403411,183155,233334,11649,13763,90093,111598,2654,2924,17949,20426,1322944,1420029,187150,238745,21410,25484,96597,118309,4810,5314,195873,217307,175598,194506,8437,10062,5824,5680,1714,2096,574,544,3726,4419,178845,198325,10046,12046,7823,7993,2501,3085,909,948
R,11,2024,69,3674354,1734571,1939783,1426676,1553290,178581,229710,16536,18335,89211,111764,3033,3397,20534,23287,1443758,1572293,183829,236721,27792,31394,96084,119041,5418,6023,1549337,1731158,1260212,1365963,170664,220341,11178,13068,87591,109857,2545,2809,17147,19120,1274347,1381354,174443,225471,20617,23961,93755,116228,4617,5065,185234,208625,166464,187327,7917,9369,5358,5267,1620,1907,488,588,3387,4167,169411,190939,9386,11250,7175,7433,2329,2813,801,958
R,11,2024,70,3551907,1666721,1885186,1377363,1516372,167116,219301,15310,17362,85049,106820,2818,3217,19065,22114,1393247,1534425,171942,225835,25966,29918,91348,113577,4967,5771,1497006,1689828,1224296,1340472,159931,210758,10663,12597,83639,105042,2366,2662,16111,18297,1237604,1355197,163492,215574,19745,23160,89282,110998,4258,4876,169715,195358,153067,175900,7185,8543,4647,4765,1410,1778,452,555,2954,3817,155643,179228,8450,10261,6221,6758,2066,2579,709,895
R,11,2024,71,3372581,1573196,1799385,1308546,1457137,151513,203215,14118,15974,78731,99516,2596,2872,17692,20671,1323348,1474064,155814,209213,24192,27808,84464,105887,4599,5244,1419497,1619145,1170015,1294593,144929,195316,9879,11660,77459,97982,2202,2388,15013,17206,1182515,1308503,148069,199769,18500,21668,82621,103612,3966,4471,153699,180240,138531,162544,6584,7899,4239,4314,1272,1534,394,484,2679,3465,140833,165561,7745,9444,5692,6140,1843,2275,633,773
R,11,2024,72,3258012,1512284,1745728,1263447,1417439,140748,193445,13004,15164,76374,97760,2492,2789,16219,19131,1276952,1433152,144741,198932,22211,26346,81636,103479,4392,4998,1370146,1576641,1135107,1264748,134756,186035,9209,11162,75137,96290,2141,2333,13796,16073,1146494,1277795,137709,190194,17130,20727,79878,101314,3809,4240,142138,169087,128340,152691,5992,7410,3795,4002,1237,1470,351,456,2423,3058,130458,155357,7032,8738,5081,5619,1758,2165,583,758
R,11,2024,73,3065828,1414004,1651824,1186488,1344388,130376,183625,12121,14150,67665,89323,2157,2501,15197,17837,1199099,1359046,134070,188805,21024,24773,72447,94397,3943,4521,1281516,1493885,1066378,1201884,124959,176640,8726,10393,66579,87942,1858,2096,13016,14930,1077102,1213977,127750,180540,16401,19494,70896,92400,3444,3857,132488,157939,120110,142504,5417,6985,3395,3757,1086,1381,299,405,2181,2907,121997,145069,6320,8265,4623,5279,1551,1997,499,664
R,11,2024,74,2881532,1319435,1562097,1098712,1263794,123880,174492,11650,13432,68536,91066,2159,2356,14498,16957,1110798,1277573,127468,179510,20109,23335,73058,96180,3838,4329,1195599,1409987,986748,1126417,118686,167757,8428,9869,67502,89713,1830,2016,12405,14215,997018,1137838,121371,171528,15742,18352,71575,94181,3340,3721,123836,152110,111964,137377,5194,6735,3222,3563,1034,1353,329,340,2093,2742,113780,139735,6097,7982,4367,4983,1483,1999,498,608
R,11,2024,75,2770049,1264087,1505962,1060465,1227835,112458,162293,10926,12455,64773,85111,2077,2348,13388,15920,1071615,1240850,115663,166929,18911,21929,68866,89655,3653,4168,1150689,1366026,957714,1101023,107875,156224,7959,9340,63852,83926,1779,2003,11510,13510,967243,1111951,110304,159773,14915,17587,67517,87936,3168,3611,113398,139936,102751,126812,4583,6069,2967,3115,921,1185,298,345,1878,2410,104372,128899,5359,7156,3996,4342,1349,1719,485,557
R,11,2024,76,2679817,1219384,1460433,1029548,1200038,104485,152360,10094,11794,60873,78907,1879,2213,12505,15121,1039937,1212528,107549,156636,17543,20843,64664,83214,3324,3909,1114770,1329082,934703,1080938,100218,146831,7478,8905,60015,77766,1612,1906,10744,12736,943561,1091344,102559,150055,13969,16734,63408,81534,2899,3387,104614,131351,94845,119100,4267,5529,2616,2889,858,1141,267,307,1761,2385,96376,121184,4990,6581,3574,4109,1256,1680,425,522
R,11,2024,77,2755837,1256849,1498988,1078549,1256105,97483,141665,9947,11195,56578,73029,1770,2000,12522,14994,1089089,1268613,100430,145851,17691,20429,60109,77074,3205,3621,1157398,1373353,988093,1141803,93673,136466,7409,8559,55790,71971,1528,1724,10905,12830,997227,1152403,95953,139709,14274,16634,58945,75566,2816,3179,99451,125635,90456,114302,3810,5199,2538,2636,788,1058,242,276,1617,2164,91862,116210,4477,6142,3417,3795,1164,1508,389,442
R,11,2024,78,2190394,989961,1200433,844363,998134,76784,115192,8008,9331,49087,63706,1556,1710,10163,12360,852948,1008375,79147,118569,14116,16652,52051,67276,2781,3162,905089,1089958,767123,897769,73449,110446,5934,7089,48448,62757,1357,1479,8778,10418,774509,906310,75245,112996,11315,13390,51096,65902,2439,2774,84872,110475,77240,100365,3335,4746,2074,2242,639,949,199,231,1385,1942,78439,102065,3902,5573,2801,3262,955,1374,342,388
R,11,2024,79,1828857,810645,1018212,685772,840345,66121,102347,6703,8182,42221,55149,1329,1554,8499,10635,692870,849148,68137,105265,11719,14457,44785,58235,2417,2812,736526,919131,618211,750146,63264,98228,4985,6146,41628,54327,1148,1340,7290,8944,624251,757476,64777,100406,9358,11531,43916,57039,2115,2448,74119,99081,67561,90199,2857,4119,1718,2036,593,822,181,214,1209,1691,68619,91672,3360,4859,2361,2926,869,1196,302,364
R,11,2024,80,1746273,767862,978411,653005,812151,60260,95377,6188,7573,39239,51649,1147,1408,8023,10253,659760,820639,62115,98277,10987,13647,41601,54570,2159,2650,701988,887615,592893,729377,57642,91747,4690,5691,38767,50870,1006,1216,6990,8714,598745,736527,59069,93956,8957,10985,40894,53441,1915,2331,65874,90796,60112,82774,2618,3630,1498,1882,472,779,141,192,1033,1539,61015,84112,3046,4321,2030,2662,707,1129,244,319
R,11,2024,81,1733798,755132,978666,650028,824215,55821,90797,5648,7214,35221,45526,1052,1207,7362,9707,656286,832321,57448,93422,10167,13072,37257,48182,1994,2351,695090,893434,595091,746444,53492,87368,4367,5454,34760,44872,931,1047,6449,8249,600565,753294,54740,89335,8419,10575,36578,47202,1775,2073,60042,85232,54937,77771,2329,3429,1281,1760,461,654,121,160,913,1458,55721,79027,2708,4087,1748,2497,679,980,219,278
R,11,2024,82,1512335,650668,861667,556359,720876,48780,81135,5031,6361,32998,43749,871,1135,6629,8411,561922,727872,50325,83433,9084,11460,34884,46064,1649,2079,597926,784931,508113,650693,46720,78067,3923,4831,32621,43154,757,966,5792,7220,512958,656657,47909,79823,7539,9326,34314,45209,1448,1812,52742,76736,48246,70183,2060,3068,1108,1530,377,595,114,169,837,1191,48964,71215,2416,3610,1545,2134,570,855,201,267
R,11,2024,83,1292043,547288,744755,466482,621259,41261,71207,4436,5543,28641,38285,777,953,5691,7508,471275,627510,42542,73228,7865,10102,30331,40379,1461,1795,501010,677404,424121,559530,39479,68574,3460,4279,28303,37752,690,807,4957,6462,428283,564879,40451,70139,6522,8297,29808,39594,1300,1557,46278,67351,42361,61729,1782,2633,976,1264,338,533,87,146,734,1046,42992,62631,2091,3089,1343,1805,523,785,161,238
R,11,2024,84,1144336,476061,668275,402560,554109,36835,65387,3923,5146,26886,35997,735,903,5122,6733,406840,559710,37989,67238,6971,9127,28476,37904,1362,1712,433677,604866,363715,496096,35207,62820,3037,3936,26558,35510,651,749,4509,5755,367475,500839,36108,64233,5752,7416,27999,37208,1217,1467,42384,63409,38845,58013,1628,2567,886,1210,328,487,84,154,613,978,39365,58871,1881,3005,1219,1711,477,696,145,245
R,11,2024,85,1006285,412496,593789,349366,493498,31477,57365,3322,4474,23354,31484,570,840,4407,6128,353098,498581,32497,59007,5906,8107,24679,33247,1111,1588,375581,537367,315585,441844,30006,55075,2584,3426,23085,31054,488,707,3833,5261,318811,446203,30783,56312,4877,6619,24277,32607,978,1359,36915,56422,33781,51654,1471,2290,738,1048,269,430,82,133,574,867,34287,52378,1714,2695,1029,1488,402,640,133,229
R,11,2024,86,915949,369602,546347,313853,456096,27360,51377,2998,4152,20864,28596,555,746,3972,5380,317208,460588,28269,52828,5368,7296,22063,30163,1013,1377,336939,494906,283899,408979,26126,49294,2366,3227,20611,28224,480,601,3457,4581,286805,412780,26809,50398,4476,5976,21688,29598,890,1147,32663,51441,29954,47117,1234,2083,632,925,253,372,75,145,515,799,30403,47808,1460,2430,892,1320,375,565,123,230
R,11,2024,87,789340,312927,476413,264874,396224,23332,45240,2521,3598,18283,25829,472,657,3445,4865,267821,400279,24131,46578,4559,6390,19326,27247,863,1257,284617,431148,238840,354758,22278,43439,1986,2783,18085,25462,410,543,3018,4163,241415,358200,22885,44465,3814,5234,19024,26716,758,1077,28310,45265,26034,41466,1054,1801,535,815,198,367,62,114,427,702,26406,42079,1246,2113,745,1156,302,531,105,180
R,11,2024,88,686298,267270,419028,225790,348690,19928,39849,2188,3152,15982,22583,407,544,2975,4210,228300,352187,20588,41015,3903,5599,16930,23802,770,1026,242763,379184,203231,312094,18969,38297,1747,2426,15818,22282,357,472,2641,3613,205449,315072,19484,39197,3294,4558,16686,23375,686,902,24507,39844,22559,36596,959,1552,441,726,164,301,50,72,334,597,22851,37115,1104,1818,609,1041,244,427,84,124
R,11,2024,89,601083,229248,371835,193676,308986,17070,35341,1875,2852,13743,20335,346,476,2538,3845,195800,312166,17647,36365,3331,5066,14540,21486,684,925,208114,336442,174186,276513,16287,33971,1492,2172,13593,20058,312,397,2244,3331,176061,279254,16744,34775,2804,4130,14310,21078,617,794,21134,35393,19490,32473,783,1370,383,680,150,277,34,79,294,514,19739,32912,903,1590,527,936,230,408,67,131
R,11,2024,90,503539,188477,315062,159177,262351,13837,29630,1517,2333,11464,17154,310,405,2172,3189,161038,265013,14330,30497,2724,4166,12170,18119,580,786,171258,285627,143252,235252,13237,28528,1210,1786,11339,16923,272,352,1948,2786,144922,237569,13637,29218,2313,3416,11975,17788,515,692,17219,29435,15925,27099,600,1102,307,547,125,231,38,53,224,403,16116,27444,693,1279,411,750,195,331,65,94
R,11,2024,91,418527,152767,265760,128890,220583,11001,24791,1264,1932,9609,15356,255,341,1748,2757,130360,222869,11393,25528,2238,3511,10200,16174,475,700,139101,241358,116261,198076,10513,23855,1016,1527,9519,15177,224,301,1568,2422,117578,200074,10830,24441,1899,2943,10064,15918,421,625,13666,24402,12629,22507,488,936,248,405,90,179,31,40,180,335,12782,22795,563,1087,339,568,136,256,54,75
R,11,2024,92,363388,129104,234284,109009,194927,9198,21428,1042,1691,8136,13498,209,300,1510,2440,110286,196956,9560,22104,1874,3088,8633,14207,405,609,117651,213114,98386,175364,8810,20635,838,1347,8051,13351,188,267,1378,2150,99550,177146,9117,21194,1603,2603,8512,13979,370,541,11453,21170,10623,19563,388,793,204,344,85,147,21,33,132,290,10736,19810,443,910,271,485,121,228,35,68
R,11,2024,93,296913,103006,193907,87730,162825,6691,16517,812,1363,6405,10996,161,228,1207,1978,88755,164475,6970,17063,1466,2496,6823,11574,320,472,93792,176833,79153,147031,6408,15905,648,1073,6353,10879,144,201,1086,1744,80074,148477,6642,16348,1238,2094,6735,11398,286,421,9214,17074,8577,15794,283,612,164,290,52,117,17,27,121,234,8681,15998,328,715,228,402,88,176,34,51
R,11,2024,94,250204,84078,166126,71010,138415,5648,14339,682,1166,5586,10216,143,214,1009,1776,71864,139900,5880,14821,1248,2168,5914,10740,279,440,76506,151314,63968,124702,5401,13827,558,928,5543,10107,129,189,907,1561,64736,125999,5589,14208,1073,1827,5842,10579,254,392,7572,14812,7042,13713,247,512,124,238,43,109,14,25,102,215,7128,13901,291,613,175,341,72,161,25,48
R,11,2024,95,190163,61353,128810,51716,107268,3990,11127,524,900,4210,7920,108,181,805,1414,52396,108427,4181,11544,978,1689,4468,8334,215,364,55878,117759,46652,97057,3808,10739,430,730,4176,7818,98,163,714,1252,47256,98081,3963,11076,840,1440,4406,8191,191,329,5475,11051,5064,10211,182,388,94,170,34,102,10,18,91,162,5140,10346,218,468,138,249,62,143,24,35
R,11,2024,96,149830,46643,103187,39205,85728,3011,8840,410,736,3312,6537,67,136,638,1210,39735,86731,3163,9184,776,1425,3518,6889,152,298,42614,94674,35458,77911,2883,8521,339,596,3293,6463,61,120,580,1063,35942,78785,3012,8802,677,1215,3484,6779,135,263,4029,8513,3747,7817,128,319,71,140,19,74,6,16,58,147,3793,7946,151,382,99,210,34,110,17,35
R,11,2024,97,112735,33855,78880,28200,65354,2210,6739,284,580,2617,5178,56,102,488,927,28608,66118,2330,6989,547,1135,2778,5436,122,222,31069,72695,25608,59643,2132,6511,243,479,2600,5130,50,90,436,842,25972,60336,2230,6722,482,990,2746,5365,107,198,2786,6185,2592,5711,78,228,41,101,17,48,6,12,52,85,2636,5782,100,267,65,145,32,71,15,24
R,11,2024,98,81945,23611,58334,19530,48161,1564,4952,221,439,1883,3993,35,89,378,700,19847,48747,1665,5159,425,839,2003,4181,89,177,21696,53969,17764,44131,1505,4790,191,371,1871,3961,31,81,334,635,18044,44664,1581,4966,376,738,1979,4134,75,161,1915,4365,1766,4030,59,162,30,68,12,32,4,8,44,65,1803,4083,84,193,49,101,24,47,14,16
R,11,2024,99,57903,15963,41940,13003,34250,1059,3569,153,317,1463,3168,26,67,259,569,13219,34718,1128,3738,294,629,1551,3331,61,145,14714,38888,11855,31429,1021,3458,131,267,1454,3150,23,63,230,521,12047,31860,1075,3606,258,560,1534,3294,55,131,1249,3052,1148,2821,38,111,22,50,9,18,3,4,29,48,1172,2858,53,132,36,69,17,37,6,14
R,11,2024,100,104905,26552,78353,20567,62067,1829,6854,300,704,3248,7350,51,142,557,1236,21020,63056,1993,7261,604,1408,3439,7687,133,319,24641,73382,18807,57466,1767,6675,270,635,3230,7317,49,132,518,1157,19231,58393,1911,7047,555,1301,3409,7628,120,294,1911,4971,1760,4601,62,179,30,69,18,33,2,10,39,79,1789,4663,82,214,49,107,30,59,13,25
R,12,2024,999,341004896,168766341,172238555,126877020,127732897,22499886,24281603,2426505,2362382,11090170,11957195,480846,467691,5391914,5436787,131708353,132580270,25009797,26856336,3906749,3896364,13115275,13962303,936243,924040,134012740,138313608,96850521,98452220,20664172,22411977,1205713,1241129,10712717,11581062,343129,336885,4236488,4290335,100645970,102274910,22612355,24420694,2220306,2315728,12425273,13275500,696648,692770,34753601,33924947,30026499,29280677,1835714,1869626,1220792,1121253,377453,376133,137717,130806,1155426,1146452,31062383,30305360,2397442,2435642,1686443,1580636,690002,686803,239595,231270
R,12,2024,0,3608970,1843323,1765647,1268310,1212696,296898,287470,36047,34942,109232,102728,7913,7517,124923,120294,1383190,1323290,366010,354155,59381,57557,155400,146984,16496,15708,1315334,1255984,842872,802427,256311,248166,11986,11477,100903,94946,4330,3993,98932,94975,934373,890244,311844,301601,26652,25621,138996,131375,10537,9898,527989,509663,425438,410269,40587,39304,24061,23465,8329,7782,3583,3524,25991,25319,448817,433046,54166,52554,32729,31936,16404,15609,5959,5810
R,12,2024,1,3650841,1864349,1786492,1277275,1221406,300440,291031,37152,36022,115448,108948,8105,7730,125929,121355,1393055,1332943,369905,358058,60672,58832,162192,153835,16749,15980,1326342,1267164,844251,803889,259123,251099,11997,11489,106960,100937,4490,4119,99521,95631,936264,892268,314749,304641,26674,25648,145578,137954,10742,10078,538007,519328,433024,417517,41317,39932,25155,24533,8488,8011,3615,3611,26408,25724,456791,440675,55156,53417,33998,33184,16614,15881,6007,5902
R,12,2024,2,3752333,1915715,1836618,1307796,1250952,308342,299092,38557,37415,123064,116353,8385,8047,129571,124759,1426908,1365598,379676,367836,62793,60885,171266,162648,17267,16520,1361087,1301223,862085,821178,265678,257943,12209,11698,114267,107941,4700,4325,102148,98138,956500,911849,322603,312709,27232,26176,154108,146154,11120,10449,554628,535395,445711,429774,42664,41149,26348,25717,8797,8412,3685,3722,27423,26621,470408,453749,57073,55127,35561,34709,17158,16494,6147,6071
R,12,2024,3,3759235,1920268,1838967,1311182,1251356,311174,302599,36983,35600,123417,117288,7695,7319,129817,124805,1430514,1366045,382610,371292,61274,59000,171747,163723,16573,15776,1387543,1324492,882845,837232,270354,263303,12441,11917,115205,109337,4442,4217,102256,98486,977347,928209,327270,318154,27450,26423,155197,147823,10867,10357,532725,514475,428337,414124,40820,39296,24542,23683,8212,7951,3253,3102,27561,26319,453167,437836,55340,53138,33824,32577,16550,15900,5706,5419
R,12,2024,4,3763299,1923106,1840193,1312225,1252022,312357,302870,37714,36133,126476,120196,7299,6891,127035,122081,1429024,1364250,382454,370233,61375,58961,173670,165492,15972,15154,1396033,1333708,886089,842289,273761,265984,13074,12608,118340,112270,4526,4142,100243,96415,978739,931376,329679,319803,27756,26764,157460,149866,10826,10165,527073,506485,426136,409733,38596,36886,24640,23525,8136,7926,2773,2749,26792,25666,450285,432874,52775,50430,33619,32197,16210,15626,5146,4989
R,12,2024,5,3869345,1976040,1893305,1362717,1300859,310349,303143,39011,37296,129524,123177,7615,7052,126824,121778,1479253,1412754,380104,370260,62646,60210,176847,168337,16313,15293,1447267,1383686,933929,886939,272859,267282,14067,13669,121225,115243,4764,4375,100423,96178,1026654,975730,328622,320867,28856,27915,160632,152786,11168,10430,528773,509619,428788,413920,37490,35861,24944,23627,8299,7934,2851,2677,26401,25600,452599,437024,51482,49393,33790,32295,16215,15551,5145,4863
R,12,2024,6,3925427,2004866,1920561,1383142,1319731,313993,307222,39442,37722,132052,125505,7770,7162,128467,123219,1501188,1432923,384574,375100,63439,60922,180019,171210,16567,15519,1468806,1404144,947761,899944,276452,271007,14217,13782,123720,117578,4860,4481,101796,97352,1041745,989793,332934,325207,29212,28224,163706,155603,11334,10625,536060,516417,435381,419787,37541,36215,25225,23940,8332,7927,2910,2681,26671,25867,459443,443130,51640,49893,34227,32698,16313,15607,5233,4894
R,12,2024,7,4009818,2050685,1959133,1416325,1348591,318991,311215,39288,37216,138044,130407,7863,7332,130174,124372,1535858,1462861,389908,379618,63773,60769,187022,176476,16910,15825,1506646,1435058,970264,919088,282799,275881,15095,14362,129960,122632,5060,4680,103468,98415,1065677,1009915,339689,330603,30533,29099,170964,161003,11790,10927,544039,524075,446061,429503,36192,35334,24193,22854,8084,7775,2803,2652,26706,25957,470181,452946,50219,49015,33240,31670,16058,15473,5120,4898
R,12,2024,8,4120750,2105948,2014802,1467762,1398071,319073,313117,38612,37281,140833,132957,7846,7469,131822,125907,1588853,1513783,390150,381541,63708,61451,190818,180024,17076,16154,1548830,1478174,1007626,955443,282991,277712,15816,15229,132657,125218,5036,4801,104704,99771,1104224,1047551,339891,332461,31725,30464,174494,164501,11896,11215,557118,536628,460136,442628,36082,35405,22796,22052,8176,7739,2810,2668,27118,26136,484629,466232,50259,49080,31983,30987,16324,15523,5180,4939
R,12,2024,9,4166137,2128985,2037152,1490506,1420192,324084,316642,37615,36573,137633,130242,7622,7469,131525,126034,1611384,1536027,394989,385233,62894,60778,187222,177208,16819,16181,1567893,1495816,1024512,971692,288127,281261,16181,15412,129659,122585,4860,4779,104554,100087,1121020,1064096,344935,336280,32284,30759,171177,161818,11701,11246,561092,541336,465994,448500,35957,35381,21434,21161,7974,7657,2762,2690,26971,25947,490364,471931,50054,48953,30610,30019,16045,15390,5118,4935
R,12,2024,10,4181326,2137776,2043550,1497014,1424328,326010,318131,37627,36854,139051,132060,7422,7274,130652,124903,1617062,1539100,396187,385959,62808,60993,188503,178592,16643,15958,1580654,1507111,1034439,979685,289490,282609,16413,15862,131392,124786,4819,4740,104101,99429,1130511,1071451,345743,337135,32579,31293,172916,163732,11704,11222,557122,536439,462575,444643,36520,35522,21214,20992,7659,7274,2603,2534,26551,25474,486551,467649,50444,48824,30229,29700,15587,14860,4939,4736
R,12,2024,11,4138299,2117615,2020684,1484385,1412330,325080,315279,38126,36554,134609,127302,7152,6931,128263,122288,1602182,1524592,393726,381716,63058,60382,183187,172804,16374,15539,1565598,1490849,1025685,971991,289106,280702,16731,15966,127207,120364,4692,4504,102177,97322,1119943,1061735,344181,334127,32798,31281,167921,158362,11520,10835,552017,529835,458700,440339,35974,34577,21395,20588,7402,6938,2460,2427,26086,24966,482239,462857,49545,47589,30260,29101,15266,14442,4854,4704
R,12,2024,12,4157045,2124701,2032344,1490798,1423004,324678,314682,38215,36726,136792,129396,7229,7015,126989,121521,1607347,1534515,392380,380120,63081,60663,185041,174927,16420,15728,1570738,1497616,1029174,977086,289390,280769,16810,16170,129516,122462,4764,4543,101084,96586,1122342,1066112,343613,333230,32838,31566,169986,160513,11581,10975,553963,534728,461624,445918,35288,33913,21405,20556,7276,6934,2465,2472,25905,24935,485005,468403,48767,46890,30243,29097,15055,14414,4839,4753
R,12,2024,13,4180071,2142571,2037500,1513361,1435451,326714,315397,38340,36731,130544,123106,7076,6767,126536,120048,1629549,1545609,394516,379941,63466,60727,178021,167931,16178,15364,1577953,1496187,1040375,982286,292157,282059,17064,16123,123410,116409,4615,4323,100332,94987,1132904,1069836,346342,333566,33226,31471,163027,153772,11332,10633,564618,541313,472986,453165,34557,33338,21276,20608,7134,6697,2461,2444,26204,25061,496645,475773,48174,46375,30240,29256,14994,14159,4846,4731
R,12,2024,14,4262038,2183798,2078240,1552594,1472749,331561,319596,36925,35453,128393,122236,6939,6561,127386,121645,1669761,1584513,399673,385094,62599,60254,175723,166976,16036,15133,1600995,1519826,1058181,999501,298914,287504,17226,16751,121568,115949,4656,4325,100450,95796,1150952,1087845,353062,339485,33578,32564,160977,153251,11354,10641,582803,558414,494413,473248,32647,32092,19699,18702,6825,6287,2283,2236,26936,25849,518809,496668,46611,45609,29021,27690,14746,13725,4682,4492
R,12,2024,15,4311775,2207499,2104276,1577279,1495596,334814,324227,37030,35494,126495,121395,6855,6669,125026,120895,1692316,1606692,401894,389807,62205,59845,172640,165406,15569,15157,1618085,1540593,1075416,1016446,301971,292299,17802,17165,119861,115092,4703,4440,98332,95151,1166301,1104229,355365,344452,33707,32613,158165,151754,11112,10666,589414,563683,501863,479150,32843,31928,19228,18329,6634,6303,2152,2229,26694,25744,526015,502463,46529,45355,28498,27232,14475,13652,4457,4491
R,12,2024,16,4494131,2303048,2191083,1649333,1561115,351486,340164,38487,36489,130663,124903,7051,6873,126028,121539,1765104,1672828,419311,406377,63932,60930,176530,168615,16024,15286,1688817,1608133,1125229,1063996,317055,307574,18358,17724,123948,118520,4804,4598,99423,95721,1216832,1152344,371297,360580,34500,33046,162240,154915,11422,10749,614231,582950,524104,497119,34431,32590,20129,18765,6715,6383,2247,2275,26605,25818,548272,520484,48014,45797,29432,27884,14290,13700,4602,4537
R,12,2024,17,4551074,2332731,2218343,1675270,1586963,352487,341089,40022,37896,134098,126960,7079,6968,123775,118467,1788909,1695606,418718,405274,65657,62268,179122,169611,15934,15347,1707584,1625869,1141721,1080895,317962,308331,18555,18220,127381,120706,4826,4658,97139,93059,1231260,1166500,370668,359513,34660,33522,164796,156171,11365,10802,625147,592474,533549,506068,34525,32758,21467,19676,6717,6254,2253,2310,26636,25408,557649,529106,48050,45761,30997,28746,14326,13440,4569,4545
R,12,2024,18,4519768,2316165,2203603,1666835,1580585,346926,335563,40670,37289,135513,129404,6996,6859,119225,113903,1776213,1685036,409914,396451,65718,61076,179401,170668,15591,14965,1698437,1618915,1139498,1080198,313409,303400,18432,17779,128809,123207,4794,4648,93495,89683,1225563,1162680,363455,352269,34085,32751,165431,157625,11105,10611,617728,584688,527337,500387,33517,32163,22238,19510,6704,6197,2202,2211,25730,24220,550650,522356,46459,44182,31633,28325,13970,13043,4486,4354
R,12,2024,19,4477471,2292846,2184625,1656322,1567798,335931,327697,40318,37066,139876,136727,7209,7082,113190,108255,1760035,1666851,394892,384624,64681,60032,181830,176740,15286,14781,1687354,1614669,1138485,1078312,303625,297022,18100,17810,133601,130843,4898,4977,88645,85705,1219958,1156921,350473,342751,33271,32347,168717,164501,10838,10728,605492,569956,517837,489486,32306,30675,22218,19256,6275,5884,2311,2105,24545,22550,540077,509930,44419,41873,31410,27685,13113,12239,4448,4053
R,12,2024,20,4476066,2290598,2185468,1657643,1570859,332243,324275,39977,35916,144638,142383,7242,6894,108855,105141,1757254,1666932,388156,378785,63756,58752,185481,181402,15150,14494,1697479,1626699,1149066,1089934,301017,294681,18070,17259,138419,136525,5061,4978,85846,83322,1227882,1166247,345527,338422,33175,31961,172814,169474,10964,10655,593119,558769,508577,480925,31226,29594,21907,18657,6219,5858,2181,1916,23009,21819,529372,500685,42629,40363,30581,26791,12667,11928,4186,3839
R,12,2024,21,4479927,2290261,2189666,1664151,1577482,328466,323271,38936,35705,146742,144948,7064,6727,104902,101533,1760065,1670274,381759,375339,62471,58316,186041,182841,14780,14130,1707276,1637356,1163465,1101300,297691,294457,17641,17193,140792,139219,4984,4900,82703,80287,1239288,1174897,340244,336073,32626,31850,173880,171058,10751,10461,582985,552310,500686,476182,30775,28814,21295,18512,5950,5729,2080,1827,22199,21246,520777,495377,41515,39266,29845,26466,12161,11783,4029,3669
R,12,2024,22,4463637,2280163,2183474,1653738,1569846,329847,326348,38540,35634,150666,147512,6916,6699,100456,97435,1745328,1658551,380519,376228,61748,58164,188163,183392,14461,13882,1704723,1637109,1158406,1098063,299493,297995,17768,17267,144797,142022,4981,4850,79278,76912,1230843,1168319,340003,337770,32613,31840,176371,172190,10685,10269,575440,546365,495332,471783,30354,28353,20772,18367,5869,5490,1935,1849,21178,20523,514485,490232,40516,38458,29135,26324,11792,11202,3776,3613
R,12,2024,23,4499389,2296631,2202758,1660559,1581377,334798,330221,37843,35502,158022,153215,6655,6523,98754,95920,1750439,1668681,384595,379056,61271,58332,194613,188339,13999,13697,1728471,1662914,1171044,1115038,304732,302175,17857,17379,152335,147745,4796,4629,77707,75948,1241886,1184351,344366,341311,32926,32323,183166,177414,10350,10070,568160,539844,489515,466339,30066,28046,19986,18123,5687,5470,1859,1894,21047,19972,508553,484330,40229,37745,28345,26009,11447,10925,3649,3627
R,12,2024,24,4578186,2336258,2241928,1681445,1600645,345077,340707,38366,36414,167212,163108,6749,6576,97409,94478,1770070,1686280,393782,388597,62142,59232,203259,197833,14002,13703,1767225,1700723,1190332,1133327,315511,312384,18291,17737,161387,157646,4976,4619,76728,75010,1260203,1201473,354246,350777,33686,32901,191874,186978,10486,10010,569033,541205,491113,467318,29566,28323,20075,18677,5825,5462,1773,1957,20681,19468,509867,484807,39536,37820,28456,26331,11385,10855,3516,3693
R,12,2024,25,4480426,2281935,2198491,1646572,1573387,336108,332064,37544,35693,161654,160199,6707,6327,93350,90821,1731349,1655503,382948,378251,60910,58244,195381,193009,13908,13287,1731945,1672245,1171741,1118688,307595,304598,18045,17722,156093,154840,4926,4455,73545,71942,1238641,1183797,344912,341642,33361,32742,184574,182475,10385,9763,549990,526246,474831,454699,28513,27466,19499,17971,5561,5359,1781,1872,19805,18879,492708,471706,38036,36609,27549,25502,10807,10534,3523,3524
R,12,2024,26,4496259,2283902,2212357,1648501,1579261,337818,335967,37012,35504,161855,165584,6674,6377,92042,89664,1731805,1660497,383345,381034,60311,58359,195306,197748,13930,13171,1739375,1689571,1178096,1127110,309662,309042,17910,17609,156215,160129,4874,4518,72618,71163,1243896,1191673,345946,345153,33269,32992,184491,187299,10459,9764,544527,522786,470405,452151,28156,26925,19102,17895,5640,5455,1800,1859,19424,18501,487909,468824,37399,35881,27042,25367,10815,10449,3471,3407
R,12,2024,27,4456762,2258607,2198155,1628966,1564434,333525,333233,36094,34651,165420,172943,6536,6314,88066,86580,1708663,1642628,376489,376046,59014,57286,197678,204278,13334,12907,1724739,1685642,1166720,1120316,306563,307314,17512,17486,159937,167517,4776,4581,69231,68428,1229441,1182122,340553,341400,32702,32717,187181,194069,9985,9644,533868,512513,462246,444118,26962,25919,18582,17165,5483,5426,1760,1733,18835,18152,479222,460506,35936,34646,26312,24569,10497,10209,3349,3263
R,12,2024,28,4500105,2277087,2223018,1645239,1580963,332932,335384,36152,34227,169415,180947,6606,6322,86743,85175,1723657,1657635,374430,376916,59347,57026,201314,211977,13469,13141,1743308,1711874,1182710,1137498,305933,309894,17690,17296,164074,175490,4796,4626,68105,67070,1244346,1197888,338601,342834,32942,32502,191225,201745,10092,9918,533779,511144,462529,443465,26999,25490,18462,16931,5341,5457,1810,1696,18638,18105,479311,459747,35829,34082,26405,24524,10089,10232,3377,3223
R,12,2024,29,4555999,2306694,2249305,1661211,1595750,344027,344150,36358,34249,173399,185968,6731,6652,84968,82536,1737607,1669793,384083,384137,59973,57029,204738,215923,13616,13467,1771428,1735668,1197290,1149806,316682,318043,17954,17374,168025,180471,4905,4886,66572,65088,1257079,1208249,348167,349645,33739,32773,194627,205843,10251,10215,535266,513637,463921,445944,27345,26107,18404,16875,5374,5497,1826,1766,18396,17448,480528,461544,35916,34492,26234,24256,10111,10080,3365,3252
R,12,2024,30,4619189,2337434,2281755,1675871,1611119,358424,359553,36517,35067,177075,188106,6833,6819,82714,81091,1749859,1683465,396649,398215,60305,58266,207671,217640,13940,13548,1802155,1770521,1211412,1167359,330913,333419,18323,17879,171700,182722,5037,5054,64770,64088,1269251,1224466,360813,364053,34350,33811,197746,207808,10559,10317,535279,511234,464459,443760,27511,26134,18194,17188,5375,5384,1796,1765,17944,17003,480608,458999,35836,34162,25955,24455,9925,9832,3381,3231
R,12,2024,31,4704435,2383413,2321022,1704403,1634360,373141,372108,37571,36055,182187,192819,7088,6796,79023,78884,1774679,1704438,408918,409106,60660,59237,212056,221648,14019,13578,1843340,1808255,1234889,1188820,345220,345865,19019,18870,176972,187362,5191,5028,62049,62310,1290020,1244137,373179,374959,34690,34947,202410,211915,10601,10321,540073,512767,469514,445540,27921,26243,18552,17185,5215,5457,1897,1768,16974,16574,484659,460301,35739,34147,25970,24290,9646,9733,3418,3257
R,12,2024,32,4803366,2432176,2371190,1739476,1672067,382200,380672,39143,36534,186621,197593,7145,6937,77591,77387,1808273,1740635,415976,415650,62776,59740,216272,226667,14071,13788,1884464,1853239,1263479,1221807,353806,353703,19980,19379,181364,192168,5228,5105,60607,61077,1317108,1275858,379774,380963,36047,35505,206782,217086,10683,10448,547712,517951,475997,450260,28394,26969,19163,17155,5257,5425,1917,1832,16984,16310,491165,464777,36202,34687,26729,24235,9490,9581,3388,3340
R,12,2024,33,4867724,2453781,2413943,1753932,1698349,384696,390820,39284,36135,193879,204540,7889,7346,74101,76753,1818741,1765391,416371,425294,62015,58920,222948,234482,15062,14574,1911391,1903379,1284009,1257481,355720,362050,20098,19454,188461,198800,5781,5473,57322,60121,1333955,1309836,379642,388522,35356,35080,213279,224347,11438,11167,542390,510564,469923,440868,28976,28770,19186,16681,5418,5740,2108,1873,16779,16632,484786,455555,36729,36772,26659,23840,9669,10135,3624,3407
R,12,2024,34,4928684,2486528,2442156,1786681,1725112,382877,390597,38808,35764,199489,210011,8082,7573,70591,73099,1848282,1789101,411986,422901,60534,57802,228241,238598,15067,14482,1941193,1937494,1313510,1289667,354022,361561,19611,19240,193844,204352,5885,5686,54321,56988,1360641,1339358,375610,386208,34102,34243,218493,228750,11381,11140,545335,504662,473171,435445,28855,29036,19197,16524,5645,5659,2197,1887,16270,16111,487641,449743,36376,36693,26432,23559,9748,9848,3686,3342
R,12,2024,35,4803397,2423266,2380131,1746802,1681679,367529,378286,37388,34262,197915,210363,8187,7230,65445,68311,1804063,1741257,394091,408086,57681,54974,224558,237346,14546,13766,1898165,1896596,1290779,1263748,339782,350653,18793,18540,192479,204822,6036,5491,50296,53342,1334527,1310018,359331,373274,32315,32690,215409,228045,11084,10730,525101,483535,456023,417931,27747,27633,18595,15722,5436,5541,2151,1739,15149,14969,469536,431239,34760,34812,25366,22284,9149,9301,3462,3036
R,12,2024,36,4715255,2376390,2338865,1726463,1664560,345841,359735,36644,33202,197783,209340,7961,7258,61698,64770,1780154,1721049,370249,387548,55788,52843,223388,235302,14181,13468,1856048,1863277,1273475,1252863,319122,332816,18193,17752,192440,203939,5844,5473,46974,50434,1314145,1296672,336719,353591,30683,31220,214431,226264,10769,10429,520342,475588,452988,411697,26719,26919,18451,15450,5343,5401,2117,1785,14724,14336,466009,424377,33530,33957,25105,21623,8957,9038,3412,3039
R,12,2024,37,4609448,2328622,2280826,1707510,1634961,328274,342258,35081,31827,191547,202531,7952,7027,58258,62222,1758072,1689317,351206,368598,53396,50856,215754,227567,14012,13092,1815654,1815344,1259540,1231097,302484,316337,17302,17056,186399,197443,5722,5234,44207,48177,1297595,1272994,318908,335873,29229,29955,207217,219024,10565,10064,512968,465482,447970,403864,25790,25921,17779,14771,5148,5088,2230,1793,14051,14045,460477,416323,32298,32725,24167,20901,8537,8543,3447,3028
R,12,2024,38,4591583,2321682,2269901,1715125,1638210,319309,334354,34451,31215,188870,199657,7903,7143,56024,59322,1763966,1689753,340721,359194,52270,50134,212310,223386,13667,12904,1807848,1806577,1265715,1235494,293736,308620,16827,16601,183660,194723,5638,5307,42272,45832,1302341,1275074,308745,327050,28391,29464,203779,215119,10235,9928,513834,463324,449410,402716,25573,25734,17624,14614,5210,4934,2265,1836,13752,13490,461625,414679,31976,32144,23879,20670,8531,8267,3432,2976
R,12,2024,39,4604790,2327949,2276841,1730081,1650646,314527,330885,33998,30969,186713,199200,7936,7213,54694,57928,1777566,1701006,335359,354418,51870,49590,209313,222660,13645,13098,1810164,1812482,1276699,1246338,289252,305568,16184,16453,181557,194199,5618,5490,40854,44434,1311858,1284734,303696,322600,27692,29179,200903,214325,10140,10223,517785,464359,453382,404308,25275,25317,17814,14516,5156,5001,2318,1723,13840,13494,465708,416272,31663,31818,24178,20411,8410,8335,3505,2875
R,12,2024,40,4520385,2278135,2242250,1697735,1628233,302221,322568,33125,30567,185296,198061,7604,6862,52154,55959,1743058,1676732,321570,344801,50372,48948,207006,221070,13247,12592,1772975,1783496,1254741,1228328,277876,297916,15934,16069,180168,193257,5374,5147,38882,42779,1288246,1265221,291201,313823,27062,28553,198719,212952,9847,9722,505160,458754,442994,399905,24345,24652,17191,14498,5128,4804,2230,1715,13272,13180,454812,411511,30369,30978,23310,20395,8287,8118,3400,2870
R,12,2024,41,4494980,2264677,2230303,1694371,1623339,297022,319219,33176,30291,182112,195780,7486,6918,50510,54756,1738190,1670758,315711,340547,50144,48805,203101,218129,12864,12644,1764103,1772418,1254940,1223801,273086,294613,15810,15895,177190,191101,5382,5226,37695,41782,1287358,1259726,285901,309938,26895,28510,195059,210203,9626,9788,500574,457885,439431,399538,23936,24606,17366,14396,4922,4679,2104,1692,12815,12974,450832,411032,29810,30609,23249,20295,8042,7926,3238,2856
R,12,2024,42,4542161,2286260,2255901,1715995,1646522,298646,322969,33518,30234,180251,194864,7549,7027,50301,54285,1759653,1693430,317113,344270,50805,48920,200855,216710,13025,12660,1778044,1789125,1269347,1238595,274617,297831,15948,15999,175288,189935,5381,5238,37463,41527,1301564,1274214,287260,313190,27256,28831,192789,208595,9733,9765,508216,466776,446648,407927,24029,25138,17570,14235,4963,4929,2168,1789,12838,12758,458089,419216,29853,31080,23549,20089,8066,8115,3292,2895
R,12,2024,43,4440020,2230523,2209497,1682156,1618466,290246,316254,31714,28996,170664,187196,7350,6522,48393,52063,1723975,1663434,307877,336864,48743,47107,190326,207809,12570,12008,1742888,1754486,1253351,1220445,267333,291934,15048,15370,165888,182372,5236,4784,36032,39581,1284214,1254422,279423,306691,26233,27732,182563,199921,9358,9156,487635,455011,428805,398021,22913,24320,16666,13626,4776,4824,2114,1738,12361,12482,439761,409012,28454,30173,22510,19375,7763,7888,3212,2852
R,12,2024,44,4471884,2247400,2224484,1696254,1628078,297614,324869,32072,29271,165852,183646,7450,6615,48158,52005,1737842,1672951,315291,345429,49096,47675,185378,204008,12814,12129,1748405,1764140,1256625,1225278,274603,300038,15368,15652,160908,178843,5250,4902,35651,39427,1287118,1258996,286617,314666,26552,28296,177368,196155,9515,9351,498995,460344,439629,402800,23011,24831,16704,13619,4944,4803,2200,1713,12507,12578,450724,413955,28674,30763,22544,19379,8010,7853,3299,2778
R,12,2024,45,4289752,2150120,2139632,1624847,1565684,284102,313214,30245,27791,159110,177343,6696,6354,45120,49246,1663871,1608044,300500,332738,46579,45314,177087,196629,11694,11513,1679111,1701028,1209916,1182121,262141,289385,14569,14812,154599,172896,4737,4718,33149,37096,1238312,1213739,273153,303030,25241,26839,169713,189248,8682,8862,471009,438604,414931,383563,21961,23829,15676,12979,4511,4447,1959,1636,11971,12150,425559,394305,27347,29708,21338,18475,7374,7381,3012,2651
R,12,2024,46,4157001,2078840,2078161,1576177,1523792,271454,301671,28564,26876,153607,173153,6340,5926,42698,46743,1612943,1564018,286939,319776,44119,43798,170698,191560,10882,10743,1625003,1650154,1175288,1149388,250550,278499,13968,14236,149263,168651,4569,4314,31365,35066,1201962,1179282,260972,291104,24161,25748,163633,184276,8158,8188,453837,428007,400889,374404,20904,23172,14596,12640,4344,4502,1771,1612,11333,11677,410981,384736,25967,28672,19958,18050,7065,7284,2724,2555
R,12,2024,47,4117982,2054443,2063539,1565197,1519329,264722,296611,28519,26782,148633,169442,6228,5923,41144,45452,1600603,1558198,279440,314187,43868,43507,165009,187331,10679,10681,1604826,1635409,1167140,1143141,244729,273997,14107,14569,144249,165084,4472,4356,30129,34262,1192736,1172160,254495,286231,24213,26108,158007,180303,7970,8172,449617,428130,398057,376188,19993,22614,14412,12213,4384,4358,1756,1567,11015,11190,407867,386038,24945,27956,19655,17399,7002,7028,2709,2509
R,12,2024,48,3957665,1971157,1986508,1498983,1462346,251411,282393,27130,25283,148631,168036,5898,5517,39104,42933,1532714,1498941,264888,298702,41716,41287,164419,185110,10284,10050,1537626,1569010,1114598,1094358,232119,260839,13533,13719,144405,163785,4251,4065,28720,32244,1139062,1121522,240948,272122,23185,24779,157751,178226,7708,7714,433531,417498,384385,367988,19292,21554,13597,11564,4226,4251,1647,1452,10384,10689,393652,377419,23940,26580,18531,16508,6668,6884,2576,2336
R,12,2024,49,3935991,1959721,1976270,1491139,1455197,250116,281750,26498,25245,149603,168011,5623,5406,36742,40661,1522670,1489890,262960,296931,40518,40561,164308,184250,9572,9632,1533968,1565063,1112425,1091772,231592,261019,13224,13701,145524,163890,4082,4036,27121,30645,1135399,1117668,240070,271454,22672,24321,157976,177717,7236,7425,425753,411207,378714,363425,18524,20731,13274,11544,4079,4121,1541,1370,9621,10016,387271,372222,22890,25477,17846,16240,6332,6533,2336,2207
R,12,2024,50,3916522,1947769,1968753,1487714,1457134,246143,278384,26174,24782,147424,164246,5557,5172,34757,39035,1517332,1490258,257962,292857,39693,39823,161384,179744,9483,9177,1532831,1565026,1116930,1098688,228845,258943,13135,13506,143600,160361,4083,3847,26238,29681,1139072,1123555,236949,269013,22371,24081,155641,173715,7263,7092,414938,403727,370784,358446,17298,19441,13039,11276,3824,3885,1474,1325,8519,9354,378260,366703,21013,23844,17322,15742,5743,6029,2220,2085
R,12,2024,51,3874114,1923825,1950289,1468947,1442066,243905,277050,25314,24511,146375,163907,5265,5101,34019,37654,1497893,1473867,255242,290798,38546,39071,160280,179060,9045,9053,1526602,1559724,1113647,1095000,227506,258237,12778,13530,142833,160140,3900,3792,25938,29025,1135451,1119218,235226,267974,22050,24028,154891,173243,7013,6997,397223,390565,355300,347066,16399,18813,12536,10981,3542,3767,1365,1309,8081,8629,362442,354649,20016,22824,16496,15043,5389,5817,2032,2056
R,12,2024,52,4014426,1993926,2020500,1527551,1500184,254263,287876,26051,24863,146808,164846,5297,5047,33956,37684,1556365,1531993,265182,301362,39796,39931,160550,179827,9085,9014,1595858,1628927,1171114,1151925,238167,269139,13367,13852,143152,161075,3972,3739,26086,29197,1192990,1176241,245718,278746,23160,24802,155111,174102,7036,7021,398068,391573,356437,348259,16096,18737,12684,11011,3656,3771,1325,1308,7870,8487,363375,355752,19464,22616,16636,15129,5439,5725,2049,1993
R,12,2024,53,4214777,2097291,2117486,1630155,1595037,260550,295451,25723,25446,141567,158609,5311,4912,33985,38031,1658925,1627180,271412,308879,39822,41125,155060,173312,9160,8992,1708072,1733982,1281357,1253899,244811,277372,13829,14421,137865,154981,3939,3700,26271,29609,1303342,1278645,252363,286908,24041,26030,149601,167753,7108,7059,389219,383504,348798,341138,15739,18079,11894,11025,3702,3628,1372,1212,7714,8422,355583,348535,19049,21971,15781,15095,5459,5559,2052,1933
R,12,2024,54,4345168,2164192,2180976,1689383,1652646,267670,301080,26226,25493,141336,158626,5154,5113,34423,38018,1718558,1684568,278726,314442,40852,41549,154527,173169,9136,9373,1776204,1804194,1341649,1317678,251846,283157,14345,14674,137741,154969,3868,3864,26755,29852,1364057,1342469,259628,292834,25069,26739,149178,167520,7157,7390,387988,376782,347734,334968,15824,17923,11881,10819,3595,3657,1286,1249,7668,8166,354501,342099,19098,21608,15783,14810,5349,5649,1979,1983
R,12,2024,55,4144037,2057978,2086059,1614658,1589801,249347,282122,24459,24103,132473,150131,5132,4965,31909,34937,1641730,1619108,259223,294047,38310,39293,144717,163441,8901,8868,1690829,1727506,1285399,1270286,234446,265410,13486,14080,129095,146642,3903,3816,24500,27272,1305935,1292935,241147,273874,23563,25487,139694,158103,7005,7046,367149,358553,329259,319515,14901,16712,10973,10023,3378,3489,1229,1149,7409,7665,335795,326173,18076,20173,14747,13806,5023,5338,1896,1822
R,12,2024,56,4029092,1999396,2029696,1567475,1546054,243515,275172,24179,23299,129764,147459,4610,4811,29853,32901,1592671,1573516,252574,286249,37487,37901,141137,159798,8097,8603,1647559,1686855,1252035,1240523,229009,258958,13346,13784,126679,144209,3460,3643,23030,25738,1271240,1261721,235143,266778,23197,24856,136543,154959,6338,6808,351837,342841,315440,305531,14506,16214,10833,9515,3085,3250,1150,1168,6823,7163,321431,311795,17431,19471,14290,13045,4594,4839,1759,1795
R,12,2024,57,3978412,1965529,2012883,1551133,1541621,239985,275392,22979,23140,118293,136477,4709,4698,28430,31555,1575121,1567909,248475,286147,35978,37486,128952,147905,8002,8405,1628826,1681189,1249015,1245842,226099,259577,12944,14040,115261,133459,3560,3615,21947,24656,1267278,1266131,231819,267153,22595,24987,124504,143285,6344,6716,336703,331694,302118,295779,13886,15815,10035,9100,3032,3018,1149,1083,6483,6899,307843,301778,16656,18994,13383,12499,4448,4620,1658,1689
R,12,2024,58,4001702,1970043,2031659,1557559,1561655,241855,279260,22785,22923,115483,132274,4693,4760,27668,30787,1580634,1587218,250246,289685,35723,37288,125634,143232,8066,8363,1642459,1708106,1263349,1272857,228347,264017,13087,14246,112551,129275,3612,3708,21513,24003,1281015,1292535,234009,271337,22909,25191,121312,138704,6469,6719,327584,323553,294210,288798,13508,15243,9698,8677,2932,2999,1081,1052,6155,6784,299619,294683,16237,18348,12814,12097,4322,4528,1597,1644
R,12,2024,59,4118751,2022176,2096575,1600998,1614800,248834,287895,23604,23674,116229,134275,4698,4741,27813,31190,1624203,1640678,257038,298140,36951,38508,126288,145333,8094,8431,1698239,1775654,1310578,1328674,235088,272515,13877,14985,113371,131234,3676,3742,21649,24504,1328379,1348720,240654,279764,24007,26473,122090,140753,6527,6841,323937,320921,290420,286126,13746,15380,9727,8689,2858,3041,1022,999,6164,6686,295824,291958,16384,18376,12944,12035,4198,4580,1567,1590
R,12,2024,60,4262571,2081933,2180638,1659815,1693790,250480,292587,23513,24072,115652,133995,4578,4751,27895,31443,1683087,1719797,258447,302678,37272,39687,125646,144824,7985,8449,1771497,1865903,1381253,1412615,237564,277712,14247,15643,112871,131172,3606,3759,21956,25002,1399340,1433020,243001,284890,24889,28034,121546,140573,6461,6887,310436,314735,278562,281175,12916,14875,9266,8429,2781,2823,972,992,5939,6441,283747,286777,15446,17788,12383,11653,4100,4251,1524,1562
R,12,2024,61,4267870,2082806,2185064,1665943,1704965,244363,284940,23143,23614,117358,135751,4322,4606,27677,31188,1689064,1730724,252062,294705,37041,39125,127217,146514,7632,8348,1786045,1882114,1399792,1434710,231878,270695,14312,15321,114701,132947,3376,3641,21986,24800,1417962,1454912,237178,277628,25190,27662,123310,142242,6178,6795,296761,302950,266151,270255,12485,14245,8831,8293,2657,2804,946,965,5691,6388,271102,275812,14884,17077,11851,11463,3907,4272,1454,1553
R,12,2024,62,4267148,2074952,2192196,1666802,1720315,240624,283032,22555,23610,113587,129888,4342,4562,27042,30789,1689455,1745640,247984,292717,36002,39305,123281,140361,7678,8194,1790686,1899485,1411469,1458916,228876,269700,14055,15441,111041,127164,3457,3639,21788,24625,1429527,1478930,233944,276606,24801,28012,119566,136221,6332,6681,284266,292711,255333,261399,11748,13332,8500,8169,2546,2724,885,923,5254,6164,259928,266710,14040,16111,11201,11293,3715,4140,1346,1513
R,12,2024,63,4243132,2058451,2184681,1670624,1729727,232546,276829,21872,23400,102528,120490,4163,4246,26718,29989,1692951,1754356,239672,286194,35532,39036,112040,130514,7380,7790,1792119,1908681,1431526,1483223,221395,264248,14025,15740,100235,117889,3367,3405,21571,24176,1449348,1502840,226379,270998,24966,28423,108574,126592,6113,6388,266332,276000,239098,246504,11151,12581,7847,7660,2293,2601,796,841,5147,5813,243603,251516,13293,15196,10566,10613,3466,3922,1267,1402
R,12,2024,64,4222225,2042119,2180106,1651004,1719487,233819,278012,21425,23238,105444,125823,4127,4273,26300,29273,1673094,1743474,240772,286957,34977,38616,114662,135643,7266,7730,1781275,1908172,1416819,1476263,222916,265684,13734,15778,103117,123204,3340,3465,21349,23778,1434557,1495516,227820,272231,24646,28298,111272,131740,5988,6409,260844,271934,234185,243224,10903,12328,7691,7460,2327,2619,787,808,4951,5495,238537,247958,12952,14726,10331,10318,3390,3903,1278,1321
R,12,2024,65,4093102,1972750,2120352,1602453,1679660,222006,267843,20235,21928,99074,119132,3914,3915,25068,27874,1623426,1702596,228472,276386,33220,36832,108045,128208,6893,7140,1734213,1868269,1388265,1454591,212008,256134,13317,14954,96979,116748,3189,3201,20455,22641,1405251,1472985,216565,262361,23847,27156,104876,124660,5712,5941,238537,252083,214188,225069,9998,11709,6918,6974,2095,2384,725,714,4613,5233,218175,229611,11907,14025,9373,9676,3169,3548,1181,1199
R,12,2024,66,4020711,1928993,2091718,1571383,1662205,213190,259192,18784,20974,98291,118931,3645,3811,23700,26605,1591176,1684031,219364,267204,31375,35414,106482,127592,6348,6791,1708478,1853368,1373697,1448994,203576,248103,12526,14578,96334,116741,2975,3147,19370,21805,1389724,1466706,207915,253984,22838,26530,103577,124292,5276,5713,220515,238350,197686,213211,9614,11089,6258,6396,1957,2190,670,664,4330,4800,201452,217325,11449,13220,8537,8884,2905,3300,1072,1078
R,12,2024,67,3977292,1899677,2077615,1554054,1659241,204537,252749,18712,20391,95700,115729,3482,3672,23192,25833,1573339,1680453,210583,260494,31138,34828,103676,123777,6189,6597,1688067,1846717,1364113,1452240,195619,242199,12412,14351,93891,113754,2878,3000,19154,21173,1379887,1469422,199979,247872,22673,26340,101017,120768,5202,5501,211610,230898,189941,207001,8918,10550,6300,6040,1809,1975,604,672,4038,4660,193452,211031,10604,12622,8465,8488,2659,3009,987,1096
R,12,2024,68,3822587,1814622,2007965,1487790,1601938,192215,244300,17538,19480,92102,113858,3240,3473,21737,24916,1505979,1622444,197850,251739,29327,33553,99416,121558,5730,6276,1617831,1789998,1311347,1406853,183758,234187,11675,13791,90383,111757,2665,2925,18003,20485,1326278,1423526,187782,239632,21459,25544,96913,118467,4825,5322,196791,217967,176443,195085,8457,10113,5863,5689,1719,2101,575,548,3734,4431,179701,198918,10068,12107,7868,8009,2503,3091,905,954
R,12,2024,69,3677353,1735959,1941394,1427485,1554028,178898,230230,16602,18437,89342,111912,3030,3401,20602,23386,1444651,1573117,184157,237260,27867,31574,96249,119208,5409,6029,1550122,1732122,1260585,1366215,170890,220817,11205,13106,87721,109988,2538,2806,17183,19190,1274767,1381677,174668,225958,20642,24059,93906,116362,4607,5058,185837,209272,166900,187813,8008,9413,5397,5331,1621,1924,492,595,3419,4196,169884,191440,9489,11302,7225,7515,2343,2846,802,971
R,12,2024,70,3565328,1673506,1891822,1381830,1520933,168438,220462,15428,17461,85714,107442,2867,3240,19229,22284,1397830,1539136,173306,227057,26159,30090,92087,114269,5056,5815,1502361,1694857,1227474,1343565,161226,211843,10735,12682,84277,105667,2409,2691,16240,18409,1240873,1358387,164810,216697,19862,23289,89994,111677,4328,4919,171145,196965,154356,177368,7212,8619,4693,4779,1437,1775,458,549,2989,3875,156957,180749,8496,10360,6297,6801,2093,2592,728,896
R,12,2024,71,3377577,1576067,1801510,1310656,1458369,151990,203787,14179,16037,78870,99713,2580,2891,17792,20713,1325553,1475325,156321,209804,24314,27903,84623,106076,4588,5257,1421480,1620703,1171314,1295349,145373,195866,9922,11692,77594,98161,2178,2400,15099,17235,1183900,1309282,148540,200322,18601,21720,82772,103795,3946,4482,154587,180807,139342,163020,6617,7921,4257,4345,1276,1552,402,491,2693,3478,141653,166043,7781,9482,5713,6183,1851,2281,642,775
R,12,2024,72,3269192,1517191,1752001,1266573,1421581,141542,194509,13099,15276,77160,98563,2512,2804,16305,19268,1280128,1437384,145559,200045,22331,26493,82491,104371,4422,5039,1374148,1581595,1137473,1267688,135465,187044,9254,11247,75923,97076,2163,2344,13870,16196,1148905,1280817,138432,191247,17208,20848,80721,102179,3842,4276,143043,170406,129100,153893,6077,7465,3845,4029,1237,1487,349,460,2435,3072,131223,156567,7127,8798,5123,5645,1770,2192,580,763
R,12,2024,73,3075614,1418949,1656665,1191435,1349536,130325,183400,12135,14168,67629,89139,2156,2508,15269,17914,1204110,1364283,134037,188588,21068,24851,72444,94223,3951,4521,1286234,1498588,1071121,1206920,124916,176375,8731,10416,66539,87772,1856,2102,13071,15003,1081893,1219094,127719,180277,16417,19576,70892,92242,3447,3856,132715,158077,120314,142616,5409,7025,3404,3752,1090,1367,300,406,2198,2911,122217,145189,6318,8311,4651,5275,1552,1981,504,665
R,12,2024,74,2886186,1321336,1564850,1100177,1265581,124274,175126,11688,13509,68489,91261,2170,2364,14538,17009,1112305,1279404,127863,180154,20149,23442,73026,96395,3849,4346,1196624,1411950,987426,1127498,119028,168375,8457,9903,67438,89898,1844,2020,12431,14256,997720,1138952,121699,172155,15782,18401,71525,94390,3354,3737,124712,152900,112751,138083,5246,6751,3231,3606,1051,1363,326,344,2107,2753,114585,140452,6164,7999,4367,5041,1501,2005,495,609
R,12,2024,75,2770713,1264256,1506457,1059712,1226936,112934,163058,10962,12517,65123,85628,2077,2351,13448,15967,1070912,1239982,116170,167711,18992,22020,69212,90185,3667,4184,1150294,1365768,956466,1099493,108314,156944,7973,9383,64209,84422,1777,2001,11555,13525,966033,1110424,110778,160500,14951,17635,67871,88440,3177,3620,113962,140689,103246,127443,4620,6114,2989,3134,914,1206,300,350,1893,2442,104879,129558,5392,7211,4041,4385,1341,1745,490,564
R,12,2024,76,2683204,1220706,1462498,1029666,1200775,105026,152932,10178,11837,61358,79537,1906,2225,12572,15192,1040109,1213305,108095,157267,17675,20898,65182,83874,3358,3925,1115868,1330573,934611,1081155,100758,147371,7546,8937,60489,78383,1635,1916,10829,12811,943540,1091612,103110,150643,14091,16797,63920,82175,2930,3402,104838,131925,95055,119620,4268,5561,2632,2900,869,1154,271,309,1743,2381,96569,121693,4985,6624,3584,4101,1262,1699,428,523
R,12,2024,77,2724529,1240806,1483723,1063260,1241022,96788,141202,9830,11160,56723,73349,1779,2012,12426,14978,1073709,1253496,99736,145381,17477,20371,60250,77423,3212,3640,1141347,1358112,972839,1126785,92953,135968,7294,8513,55928,72307,1540,1737,10793,12802,981866,1137337,95219,139206,14059,16558,59077,75924,2829,3197,99459,125611,90421,114237,3835,5234,2536,2647,795,1042,239,275,1633,2176,91843,116159,4517,6175,3418,3813,1173,1499,383,443
R,12,2024,78,2273260,1029473,1243787,879924,1036623,79139,118168,8297,9590,50067,64992,1568,1730,10478,12684,888787,1047156,81566,121627,14631,17147,53088,68611,2813,3203,942871,1131732,801103,934810,75757,113389,6180,7319,49428,64018,1358,1492,9045,10704,808727,943607,77601,116000,11755,13832,52120,67208,2454,2802,86602,112055,78821,101813,3382,4779,2117,2271,639,974,210,238,1433,1980,80060,103549,3965,5627,2876,3315,968,1403,359,401
R,12,2024,79,1826843,809626,1017217,684456,839130,66212,102522,6732,8170,42348,55182,1337,1574,8541,10639,691580,847934,68229,105435,11784,14447,44935,58275,2423,2834,735171,917505,616593,748372,63322,98360,4996,6126,41754,54354,1161,1357,7345,8936,622668,755694,64842,100535,9410,11503,44068,57067,2127,2470,74455,99712,67863,90758,2890,4162,1736,2044,594,828,176,217,1196,1703,68912,92240,3387,4900,2374,2944,867,1208,296,364
R,12,2024,80,1748102,768794,979308,653438,811956,60562,95937,6217,7643,39337,52043,1161,1420,8079,10309,660248,820490,62443,98853,11034,13743,41716,54986,2182,2672,702337,887990,592792,728700,57943,92292,4703,5737,38856,51268,1015,1231,7028,8762,598680,735891,59386,94506,8981,11051,40994,53861,1932,2351,66457,91318,60646,83256,2619,3645,1514,1906,481,775,146,189,1051,1547,61568,84599,3057,4347,2053,2692,722,1125,250,321
R,12,2024,81,1720683,749302,971381,644036,816956,55791,90560,5650,7232,35376,45704,1059,1211,7390,9718,650311,825079,57402,93196,10191,13085,37437,48364,2011,2361,689138,886201,588997,739206,53452,87155,4354,5485,34912,45046,939,1053,6484,8256,594495,746062,54695,89134,8425,10598,36760,47381,1794,2079,60164,85180,55039,77750,2339,3405,1296,1747,464,658,120,158,906,1462,55816,79017,2707,4062,1766,2487,677,983,217,282
R,12,2024,82,1541577,663764,877813,568274,735363,49490,82261,5104,6443,33338,44044,879,1150,6679,8552,573890,742478,51057,84590,9195,11638,35223,46388,1655,2113,610446,799939,519491,664206,47399,79110,3997,4885,32957,43438,764,980,5838,7320,524386,670260,48608,80881,7659,9454,34644,45509,1449,1840,53318,77874,48783,71157,2091,3151,1107,1558,381,606,115,170,841,1232,49504,72218,2449,3709,1536,2184,579,879,206,273
R,12,2024,83,1297067,549565,747502,468540,623701,41412,71327,4449,5573,28646,38390,783,960,5735,7551,473354,629983,42721,73363,7891,10151,30347,40496,1478,1815,503162,680095,426076,561913,39630,68698,3463,4302,28303,37859,695,812,4995,6511,430256,567302,40626,70273,6534,8345,29821,39714,1314,1573,46403,67407,42464,61788,1782,2629,986,1271,343,531,88,148,740,1040,43098,62681,2095,3090,1357,1806,526,782,164,242
R,12,2024,84,1149773,478492,671281,404758,556897,36812,65361,3952,5177,27068,36184,734,899,5168,6763,409087,562517,37966,67215,7031,9175,28671,38119,1368,1705,435846,607521,365674,498552,35171,62787,3061,3961,26744,35693,648,750,4548,5778,369474,503311,36071,64202,5803,7453,28194,37412,1223,1464,42646,63760,39084,58345,1641,2574,891,1216,324,491,86,149,620,985,39613,59206,1895,3013,1228,1722,477,707,145,241
R,12,2024,85,1006645,412467,594178,349042,493215,31544,57620,3335,4508,23486,31786,594,857,4466,6192,352819,498352,32569,59287,5952,8182,24837,33559,1144,1608,375432,537557,315155,441397,30067,55318,2596,3455,23205,31350,514,713,3895,5324,318429,445806,30853,56581,4923,6694,24426,32914,1013,1369,37035,56621,33887,51818,1477,2302,739,1053,281,436,80,144,571,868,34390,52546,1716,2706,1029,1488,411,645,131,239
R,12,2024,86,920154,371383,548771,315363,458164,27497,51625,3032,4157,20971,28660,538,739,3982,5426,318727,462690,28406,53086,5424,7337,22161,30236,995,1379,338512,496977,285212,410727,26255,49532,2395,3216,20726,28285,463,599,3461,4618,288120,414552,26935,50644,4524,5990,21793,29665,874,1149,32871,51794,30151,47437,1242,2093,637,941,245,375,75,140,521,808,30607,48138,1471,2442,900,1347,368,571,121,230
R,12,2024,87,792353,314410,477943,265911,397188,23530,45584,2547,3624,18461,26012,481,666,3480,4869,268889,401254,24350,46924,4601,6423,19504,27422,879,1266,285983,432621,239782,355678,22476,43769,2006,2815,18257,25652,417,549,3045,4158,242381,359122,23098,44790,3845,5275,19200,26897,768,1080,28427,45322,26129,41510,1054,1815,541,809,204,360,64,117,435,711,26508,42132,1252,2134,756,1148,304,525,111,186
R,12,2024,88,687601,267794,419807,226333,349475,19785,39664,2197,3171,16073,22716,408,552,2998,4229,228865,352984,20449,40835,3922,5616,17036,23953,775,1041,243177,379679,203656,312608,18833,38103,1756,2442,15909,22410,360,479,2663,3637,205892,315604,19350,39012,3314,4574,16793,23520,695,917,24617,40128,22677,36867,952,1561,441,729,164,306,48,73,335,592,22973,37380,1099,1823,608,1042,243,433,80,124
R,12,2024,89,599738,228836,370902,193040,307850,17128,35294,1882,2867,13883,20548,356,483,2547,3860,195171,311050,17707,36324,3347,5089,14680,21694,689,931,207652,335489,173518,275371,16325,33924,1500,2180,13736,20267,320,404,2253,3343,175398,278125,16784,34733,2821,4144,14455,21287,619,802,21184,35413,19522,32479,803,1370,382,687,147,281,36,79,294,517,19773,32925,923,1591,526,945,225,407,70,129
R,12,2024,90,507293,189764,317529,160213,264526,13927,29776,1533,2363,11596,17214,307,403,2188,3247,162082,267224,14425,30663,2754,4237,12308,18198,580,790,172412,287827,144157,237194,13321,28666,1224,1807,11469,16983,270,348,1971,2829,145840,239538,13729,29367,2342,3466,12112,17863,519,693,17352,29702,16056,27332,606,1110,309,556,127,231,37,55,217,418,16242,27686,696,1296,412,771,196,335,61,97
R,12,2024,91,417721,152762,264959,128792,219748,11009,24758,1266,1920,9670,15422,258,338,1767,2773,130286,222050,11402,25499,2255,3500,10263,16253,481,699,139011,240395,116089,197092,10524,23819,1015,1511,9574,15239,226,301,1583,2433,117427,199102,10841,24407,1912,2928,10120,15988,426,623,13751,24564,12703,22656,485,939,251,409,96,183,32,37,184,340,12859,22948,561,1092,343,572,143,265,55,76
R,12,2024,92,365828,130230,235598,109761,195670,9405,21803,1070,1731,8246,13655,209,306,1539,2433,111059,197698,9769,22478,1912,3122,8757,14361,409,613,118641,214295,99023,175995,9001,20992,858,1384,8165,13505,192,271,1402,2148,100204,177780,9306,21550,1634,2642,8638,14132,376,543,11589,21303,10738,19675,404,811,212,347,81,150,17,35,137,285,10855,19918,463,928,278,480,119,229,33,70
R,12,2024,93,295599,102496,193103,87401,162187,6550,16323,807,1357,6383,10998,162,233,1193,2005,88415,163859,6827,16868,1456,2511,6789,11576,321,489,93333,176098,78861,146445,6277,15722,650,1075,6332,10883,143,206,1070,1767,79769,147911,6513,16162,1232,2111,6704,11405,282,434,9163,17005,8540,15742,273,601,157,282,51,115,19,27,123,238,8646,15948,314,706,224,400,85,171,39,55
R,12,2024,94,251037,84520,166517,71261,138712,5654,14286,694,1187,5728,10317,146,215,1037,1800,72136,140219,5892,14780,1271,2198,6073,10854,283,436,76864,151538,64157,124855,5396,13764,564,941,5682,10211,132,188,933,1579,64948,126168,5586,14154,1091,1847,5995,10696,258,388,7656,14979,7104,13857,258,522,130,246,46,106,14,27,104,221,7188,14051,306,626,180,351,78,158,25,48
R,12,2024,95,189775,61354,128421,51580,106737,4063,11203,527,907,4262,7988,110,180,812,1406,52266,107891,4257,11614,980,1694,4524,8399,223,362,55858,117351,46484,96513,3888,10811,434,738,4229,7881,101,162,722,1246,47094,97533,4045,11145,844,1447,4463,8252,199,326,5496,11070,5096,10224,175,392,93,169,33,107,9,18,90,160,5172,10358,212,469,136,247,61,147,24,36
R,12,2024,96,150858,47147,103711,39622,86114,3037,8864,416,742,3362,6627,71,140,639,1224,40151,87129,3191,9216,786,1441,3569,6978,151,306,43047,95117,35811,78218,2907,8543,344,601,3340,6553,65,121,580,1081,36291,79105,3037,8834,685,1232,3530,6872,134,270,4100,8594,3811,7896,130,321,72,141,22,74,6,19,59,143,3860,8024,154,382,101,209,39,106,17,36
R,12,2024,97,113634,34138,79496,28409,65830,2237,6821,295,589,2644,5220,54,101,499,935,28828,66600,2356,7068,564,1148,2808,5481,122,227,31335,73260,25797,60068,2157,6596,251,483,2628,5171,48,90,454,852,26177,60767,2257,6805,499,1000,2780,5412,112,205,2803,6236,2612,5762,80,225,44,106,16,49,6,11,45,83,2651,5833,99,263,65,148,28,69,10,22
R,12,2024,98,81404,23452,57952,19379,47749,1535,4932,220,447,1907,4026,35,90,376,708,19697,48344,1628,5142,424,842,2029,4223,90,180,21527,53543,17601,43679,1472,4769,192,379,1894,3993,31,83,337,640,17885,44214,1546,4948,379,740,2005,4174,78,165,1925,4409,1778,4070,63,163,28,68,13,33,4,7,39,68,1812,4130,82,194,45,102,24,49,12,15
R,12,2024,99,58281,16160,42121,13111,34377,1094,3590,156,313,1497,3207,27,64,275,570,13339,34846,1170,3760,305,638,1588,3363,66,136,14892,39034,11939,31525,1058,3475,134,269,1488,3188,24,59,249,518,12142,31953,1120,3624,270,571,1573,3324,60,121,1268,3087,1172,2852,36,115,22,44,9,19,3,5,26,52,1197,2893,50,136,35,67,15,39,6,15
R,12,2024,100,104734,26520,78214,20487,61794,1810,6820,306,715,3307,7480,52,145,558,1260,20940,62803,1973,7233,607,1428,3501,7827,136,327,24589,73195,18705,57153,1748,6640,275,643,3290,7447,49,135,522,1177,19131,58097,1895,7016,560,1316,3473,7768,125,302,1931,5019,1782,4641,62,180,31,72,17,33,3,10,36,83,1809,4706,78,217,47,112,28,59,11,25
