UNIVERSE,MONTH,YEAR,AGE,TOT_POP,TOT_MALE,TOT_FEMALE,WA_MALE,WA_FEMALE,BA_MALE,BA_FEMALE,IA_MALE,IA_FEMALE,AA_MALE,AA_FEMALE,NA_MALE,NA_FEMALE,TOM_MALE,TOM_FEMALE,WAC_MALE,WAC_FEMALE,BAC_MALE,BAC_FEMALE,IAC_MALE,IAC_FEMALE,AAC_MALE,AAC_FEMALE,NAC_MALE,NAC_FEMALE,NH_MALE,NH_FEMALE,NHWA_MALE,NHWA_FEMALE,NHBA_MALE,NHBA_FEMALE,NHIA_MALE,NHIA_FEMALE,NHAA_MALE,NHAA_FEMALE,NHNA_MALE,NHNA_FEMALE,NHTOM_MALE,NHTOM_FEMALE,NHWAC_MALE,NHWAC_FEMALE,NHBAC_MALE,NHBAC_FEMALE,NHIAC_MALE,NHIAC_FEMALE,NHAAC_MALE,NHAAC_FEMALE,NHNAC_MALE,NHNAC_FEMALE,H_MALE,H_FEMALE,HWA_MALE,HWA_FEMALE,HBA_MALE,HBA_FEMALE,HIA_MALE,HIA_FEMALE,HAA_MALE,HAA_FEMALE,HNA_MALE,HNA_FEMALE,HTOM_MALE,HTOM_FEMALE,HWAC_MALE,HWAC_FEMALE,HBAC_MALE,HBAC_FEMALE,HIAC_MALE,HIAC_FEMALE,HAAC_MALE,HAAC_FEMALE,HNAC_MALE,HNAC_FEMALE
R,4.2,2020,999,331516113,162758499,168757614,120989374,123751977,21146799,23145810,3206339,3129718,9858084,10820381,431425,430685,7126478,7479043,127523553,130598027,23821655,26004166,6293316,6466698,12034592,13015101,908799,908453,131807916,137552009,96255174,98748317,19341931,21291390,1128376,1160058,9453719,10409232,320725,319974,5307991,5623038,101126349,103899345,21290059,23394301,3245023,3505111,11191143,12161605,671224,671614,30950583,31205605,24734200,25003660,1804868,1854420,2077963,1969660,404365,411149,110700,110711,1818487,1856005,26397204,26698682,2531596,2609865,3048293,2961587,843449,853496,237575,236839
R,4.2,2020,0,3719470,1900244,1819226,1255926,1197243,297101,289558,43696,41748,113420,107661,6843,6446,183258,176570,1427623,1362442,386179,376125,94367,90640,178119,169540,17360,16474,1410770,1348723,900545,855343,258700,252433,14654,14085,104441,98914,4740,4579,127690,123369,1020794,971389,320466,312880,44228,42572,152619,145093,11475,10877,489474,470503,355381,341900,38401,37125,29042,27663,8979,8747,2103,1867,55568,53201,406829,391053,65713,63245,50139,48068,25500,24447,5885,5597
R,4.2,2020,1,3764281,1922273,1842008,1277432,1220049,300004,292040,43958,42614,114047,108208,6939,6713,179893,172384,1445988,1381321,386721,375530,94121,90640,177469,168945,17552,16679,1434034,1370922,920266,875034,262200,255756,15135,14754,105276,99689,4896,4843,126261,120846,1039134,988598,322995,314475,44476,42817,152902,144921,11701,11242,488239,471086,357166,345015,37804,36284,28823,27860,8771,8519,2043,1870,53632,51538,406854,392723,63726,61055,49645,47823,24567,24024,5851,5437
R,4.2,2020,2,3841150,1963093,1878057,1305077,1244659,308242,299482,45865,44108,117848,112210,7280,6545,178781,171053,1472446,1404493,393870,382084,96509,92443,180867,172268,17971,16493,1464359,1396951,938567,891110,270415,262704,15654,14958,108923,103626,5188,4623,125612,119930,1056690,1003791,330575,320760,45423,43039,156162,148532,12106,10914,498734,481106,366510,353549,37827,36778,30211,29150,8925,8584,2092,1922,53169,51123,415756,400702,63295,61324,51086,49404,24705,23736,5865,5579
R,4.2,2020,3,3916585,2001743,1914842,1336245,1273211,308594,300307,47895,46220,123015,116683,7315,6930,178679,171491,1503056,1433326,393007,382603,99419,95998,186007,176291,18139,17158,1490879,1422035,959405,909837,270104,263290,16212,15671,113949,108072,5214,4918,125995,120247,1077635,1022717,329593,321270,46509,44812,161449,152526,12220,11459,510864,492807,376840,363374,38490,37017,31683,30549,9066,8611,2101,2012,52684,51244,425421,410609,63414,61333,52910,51186,24558,23765,5919,5699
R,4.2,2020,4,3984785,2036417,1948368,1369785,1304390,310251,302212,48975,47647,121786,116433,7266,6917,178354,170769,1536512,1463808,393794,383340,101562,97827,184257,175719,18122,17206,1514241,1446811,982389,931843,271908,265467,16476,16162,112770,107796,5190,4926,125508,120617,1100311,1045015,330894,323184,47466,45823,159582,152283,12157,11556,522176,501557,387396,372547,38343,36745,32499,31485,9016,8637,2076,1991,52846,50152,436201,418793,62900,60156,54096,52004,24675,23436,5965,5650
R,4.2,2020,5,4007170,2047304,1959866,1376047,1312354,313093,304158,49875,48026,125107,118457,7173,7021,176009,169850,1540520,1470829,395258,384781,102525,98851,186359,176706,17653,17052,1527745,1458577,989101,939538,275100,267379,16994,16263,116292,110084,5176,4970,125082,120343,1106565,1052380,333706,324925,48459,46350,162572,154012,12046,11485,519559,501289,386946,372816,37993,36779,32881,31763,8815,8373,1997,2051,50927,49507,433955,418449,61552,59856,54066,52501,23787,22694,5607,5567
R,4.2,2020,6,3977620,2033234,1944386,1372370,1307161,310003,301331,49618,47613,122202,116298,7292,6901,171749,165082,1532903,1461203,389623,379178,101934,97912,181547,172558,17687,16805,1518080,1447181,987297,936118,272818,264898,16802,16173,113480,108002,5175,4842,122508,117148,1102330,1046004,329890,320751,48256,46166,158517,150361,12006,11321,515154,497205,385073,371043,37185,36433,32816,31440,8722,8296,2117,2059,49241,47934,430573,415199,59733,58427,53678,51746,23030,22197,5681,5484
R,4.2,2020,7,4013733,2050251,1963482,1382816,1318680,311307,303108,50340,48778,128753,122045,7490,6997,169545,163874,1540904,1471332,389317,379215,102903,99815,187435,178081,17799,16838,1530042,1462188,992449,943152,273975,267060,17110,16334,120271,113771,5295,4951,120942,116920,1105876,1052596,329831,321792,48681,46934,164867,156346,12091,11446,520209,501294,390367,375528,37332,36048,33230,32444,8482,8274,2195,2046,48603,46954,435028,418736,59486,57423,54222,52881,22568,21735,5708,5392
R,4.2,2020,8,4030006,2061917,1968089,1398145,1329385,314004,303951,51346,48617,123807,117862,7241,6892,167374,161382,1554200,1479769,390541,378209,104316,99583,181017,172687,17526,16708,1535501,1463419,1001758,949029,276471,268033,17140,16446,115230,109734,5113,4818,119789,115359,1113999,1056981,331726,321666,49200,47258,158772,151462,11918,11354,526416,504670,396387,380356,37533,35918,34206,32171,8577,8128,2128,2074,47585,46023,440201,422788,58815,56543,55116,52325,22245,21225,5608,5354
R,4.2,2020,9,4092429,2093383,1999046,1422832,1353110,321095,310343,51967,50607,122630,116638,7318,7081,167541,161267,1579000,1503198,396936,384230,106179,102962,179442,170849,17495,16871,1554099,1479965,1014623,960893,283273,273808,17163,16742,113999,108400,5209,5016,119832,115106,1126869,1068445,338002,327162,49997,48431,157215,149540,12034,11434,539284,519081,408209,392217,37822,36535,34804,33865,8631,8238,2109,2065,47709,46161,452131,434753,58934,57068,56182,54531,22227,21309,5461,5437
R,4.2,2020,10,4193446,2145150,2048296,1463817,1392100,328601,317662,51797,49635,123118,117926,7256,6850,170561,164123,1622847,1544996,406239,393636,106847,102497,180412,172266,17590,16811,1585748,1511993,1032860,978771,291275,281529,17475,17040,114856,110034,5021,4745,124261,119874,1149231,1090923,348393,337562,51623,50084,159248,152134,12043,11528,559402,536303,430957,413329,37326,36133,34322,32595,8262,7892,2235,2105,46300,44249,473616,454073,57846,56074,55224,52413,21164,20132,5547,5283
R,4.2,2020,11,4285707,2192375,2093332,1501714,1427073,335543,324031,53052,51357,124502,118911,7240,6967,170324,164993,1660132,1580727,412740,399756,109161,105669,181050,172789,17832,17025,1617696,1542018,1056496,1000325,297721,287806,18031,17566,116141,110993,4973,4762,124334,120566,1172606,1113042,354955,344048,53045,51651,160025,152664,12156,11638,574679,551314,445218,426748,37822,36225,35021,33791,8361,7918,2267,2205,45990,44427,487526,467685,57785,55708,56116,54018,21025,20125,5676,5387
R,4.2,2020,12,4388346,2243186,2145160,1539947,1465960,341252,329639,54832,52850,128534,123006,7282,6944,171339,166761,1699254,1620835,418189,405661,112603,109239,185045,177332,17971,17146,1655735,1579067,1082688,1026553,303450,293219,18680,17790,120061,114879,4971,4796,125885,121830,1200166,1140261,360649,349676,55140,53197,164259,156812,12318,11705,587451,566093,457259,439407,37802,36420,36152,35060,8473,8127,2311,2148,45454,44931,499088,480574,57540,55985,57463,56042,20786,20520,5653,5441
R,4.2,2020,13,4382519,2242920,2139599,1549261,1470370,339282,325887,55877,53230,124421,120189,7284,6969,166795,162954,1704201,1621671,413236,399145,113164,109206,179334,172992,17699,16957,1654946,1576344,1091562,1031691,301677,289969,18538,17893,116037,112304,4914,4725,122218,119762,1205579,1143442,356490,344708,54599,53358,158892,153357,12055,11521,587974,563255,457699,438679,37605,35918,37339,35337,8384,7885,2370,2244,44577,43192,498622,478229,56746,54437,58565,55848,20442,19635,5644,5436
R,4.2,2020,14,4300739,2202299,2098440,1532137,1449211,327290,316082,54292,52346,121968,118818,7112,6840,159500,155143,1680271,1593206,396842,384671,110543,106556,173972,169323,16858,16315,1630726,1551391,1085031,1021538,291642,281930,18008,17497,113918,111371,4904,4671,117223,114384,1194412,1128145,343347,333371,53856,52074,154643,150819,11615,11251,571573,547049,447106,427673,35648,34152,36284,34849,8050,7447,2208,2169,42277,40759,485859,465061,53495,51300,56687,54482,19329,18504,5243,5064
R,4.2,2020,15,4302948,2205138,2097810,1539038,1453831,325481,311384,54088,52034,124545,122925,7103,6709,154883,150927,1682696,1593706,391496,377259,109670,106160,175802,171844,16725,16029,1637468,1556385,1092941,1029406,290500,278082,18244,17181,116657,115600,4920,4641,114206,111475,1199266,1133069,339608,327359,53948,51966,156969,154135,11606,11128,567670,541425,446097,424425,34981,33302,35844,34853,7888,7325,2183,2068,40677,39452,483430,460637,51888,49900,55722,54194,18833,17709,5119,4901
R,4.2,2020,16,4332543,2221274,2111269,1557257,1469671,325236,312083,54180,51377,125187,123729,7252,6762,152162,147647,1698317,1606788,389310,375271,110244,105537,174689,171219,16773,15721,1658067,1574778,1114042,1048009,291098,279383,18093,17166,117459,116498,4974,4680,112401,109042,1218689,1149652,338929,326632,54271,52051,156460,153889,11553,10943,563207,536491,443215,421662,34138,32700,36087,34211,7728,7231,2278,2082,39761,38605,479628,457136,50381,48639,55973,53486,18229,17330,5220,4778
R,4.2,2020,17,4288750,2198382,2090368,1540811,1455445,325572,312458,54408,50560,125393,124066,7113,6554,145085,141285,1675269,1586048,385970,372387,108797,103176,172536,169703,16128,15277,1641013,1560823,1101781,1038303,291314,279909,17866,16743,117958,116804,4996,4539,107098,104525,1201307,1135296,336484,325088,53010,50762,154998,152626,11303,10657,557369,529545,439030,417142,34258,32549,36542,33817,7435,7262,2117,2015,37987,36760,473962,450752,49486,47299,55787,52414,17538,17077,4825,4620
R,4.2,2020,18,4434137,2251453,2182684,1574738,1515714,341794,337781,54059,50470,134354,134519,7186,7154,139322,137046,1703249,1641935,399528,396113,106711,101101,179519,178973,16303,16089,1689482,1646267,1130490,1091327,306774,303951,17598,17209,126864,127175,4996,5057,102760,101548,1225523,1185121,349876,347809,51483,49988,162514,162299,11470,11428,561971,536417,444248,424387,35020,33830,36461,33261,7490,7344,2190,2097,36562,35498,477726,456814,49652,48304,55228,51113,17005,16674,4833,4661
R,4.2,2020,19,4726093,2390421,2335672,1670051,1624335,365953,362217,55476,51096,155018,155342,8103,7959,135820,134723,1794638,1747868,422180,419780,105779,99706,200032,199831,17626,17166,1815992,1786826,1215495,1187896,328876,327125,18310,17931,147227,147655,5853,5760,100231,100459,1307674,1280199,370677,370461,50757,49519,182800,183228,12639,12447,574429,548846,454556,436439,37077,35092,37166,33165,7791,7687,2250,2199,35589,34264,486964,467669,51503,49319,55022,50187,17232,16603,4987,4719
R,4.2,2020,20,4641162,2355701,2285461,1659549,1597310,353863,352568,53880,48871,151255,149997,8111,7631,129043,129084,1777858,1715910,406738,407462,102706,95721,193586,192459,16830,16126,1796189,1756184,1214350,1175878,318572,318744,17915,16955,143778,142570,5942,5437,95632,96600,1302262,1264867,358096,360494,49412,47368,177578,176572,12207,11460,559512,529277,445199,421432,35291,33824,35965,31916,7477,7427,2169,2194,33411,32484,475596,451043,48642,46968,53294,48353,16008,15887,4623,4666
R,4.2,2020,21,4525622,2298857,2226765,1626742,1561765,339278,338668,52130,47562,149157,147091,7883,7491,123667,124188,1740032,1675801,389177,391136,99518,93570,189578,187397,16497,15793,1757537,1713525,1195726,1152859,305381,306021,17122,16324,141805,139669,5730,5478,91773,93174,1279989,1238663,342802,345715,47868,46622,174054,172015,11950,11445,541320,513240,431016,408906,33897,32647,35008,31238,7352,7422,2153,2013,31894,31014,460043,437138,46375,45421,51650,46948,15524,15382,4547,4348
R,4.2,2020,22,4363740,2219603,2144137,1566491,1499933,325076,322899,50403,46120,153319,149324,7574,7235,116740,118626,1673548,1608667,371808,372505,95517,90579,191366,187782,15573,14886,1699162,1652173,1151624,1107477,292786,292237,16060,15384,146202,142298,5551,5274,86939,89503,1231426,1189722,327838,330175,45428,44503,176857,173575,11388,10894,520441,491964,414867,392456,32290,30662,34343,30736,7117,7026,2023,1961,29801,29123,442122,418945,43970,42330,50089,46076,14509,14207,4185,3992
R,4.2,2020,23,4277904,2177010,2100894,1538493,1468858,313457,312799,49924,45480,155511,151695,7333,6847,112292,115215,1641082,1574601,357636,360086,94299,89654,192065,188697,15074,14346,1663702,1616835,1129701,1083339,281522,282674,15512,14840,148663,144882,5312,5015,82992,86085,1205794,1162502,314264,318560,43976,43495,178073,174747,10934,10427,513308,484059,408792,385519,31935,30125,34412,30640,6848,6813,2021,1832,29300,29130,435288,412099,43372,41526,50323,46159,13992,13950,4140,3919
R,4.2,2020,24,4303292,2186652,2116640,1547547,1482154,312721,314564,50536,45720,158404,154371,7428,7022,110016,112809,1648157,1585365,355506,360336,94461,90065,193904,190241,15248,14588,1675115,1632509,1140707,1096878,280899,284202,15505,14565,151327,147281,5419,5199,81258,84384,1215209,1174325,312493,318714,43854,43513,179948,176349,11122,10748,511537,484131,406840,385276,31822,30362,35031,31155,7077,7090,2009,1823,28758,28425,432948,411040,43013,41622,50607,46552,13956,13892,4126,3840
R,4.2,2020,25,4328668,2192731,2135937,1552309,1492129,315864,324073,50686,45814,158766,155018,7564,7087,107542,111816,1650275,1594214,357214,369088,94743,90221,193276,190554,15265,14732,1685851,1651215,1149493,1106163,284264,292981,15536,14762,151784,148263,5621,5215,79153,83831,1221647,1182817,314757,326859,43861,44022,179620,177229,11290,10854,506880,484722,402816,385966,31600,31092,35150,31052,6982,6755,1943,1872,28389,27985,428628,411397,42457,42229,50882,46199,13656,13325,3975,3878
R,4.2,2020,26,4365856,2204267,2161589,1561285,1505818,319584,333394,50694,46545,159943,157839,7383,7098,105378,110895,1657062,1607032,359362,377612,94276,91905,193981,192577,15242,14696,1702456,1676887,1161793,1120524,288584,302216,15794,15245,153108,151027,5400,5201,77777,82674,1232553,1196182,317807,335231,43794,45076,180884,179172,11180,10779,501811,484702,399492,385294,31000,31178,34900,31300,6835,6812,1983,1897,27601,28221,424509,410850,41555,42381,50482,46829,13097,13405,4062,3917
R,4.2,2020,27,4448314,2239603,2208711,1587345,1535930,325783,341988,51535,47744,163770,165254,7484,7203,103686,110592,1681468,1636748,364534,385045,95312,94212,196921,199724,15170,14704,1737286,1720608,1187291,1148110,294550,310540,16205,15683,157045,158357,5588,5225,76607,82693,1256909,1223627,322953,342421,44701,46686,183963,186536,11274,10769,502317,488103,400054,387820,31233,31448,35330,32061,6725,6897,1896,1978,27079,27899,424559,413121,41581,42624,50611,47526,12958,13188,3896,3935
R,4.2,2020,28,4518497,2267762,2250735,1616142,1570302,325448,345783,52038,47973,164513,170028,7359,7041,102262,109608,1709114,1670133,362246,387569,96504,95366,197064,203950,15002,14500,1767081,1764754,1217175,1184250,294509,313863,16703,16271,157835,163319,5500,5266,75359,81785,1285757,1258893,321225,344670,45604,47827,184418,190968,11237,10820,500681,485981,398967,386052,30939,31920,35335,31702,6678,6709,1859,1775,26903,27823,423357,411240,41021,42899,50900,47539,12646,12982,3765,3680
R,4.2,2020,29,4632816,2323048,2309768,1659948,1609935,331343,355962,53258,48932,169365,177890,7605,7292,101529,109757,1751859,1709997,367317,396479,97940,97612,202034,211786,15304,14883,1818117,1820061,1258424,1221724,299753,323760,17019,16531,162481,170863,5662,5400,74778,81783,1326259,1296432,325643,353344,46003,49092,189213,198540,11395,11086,504931,489707,401524,388211,31590,32202,36239,32401,6884,7027,1943,1892,26751,27974,425600,413565,41674,43135,51937,48520,12821,13246,3909,3797
R,4.2,2020,30,4626991,2315813,2311178,1658367,1611835,329687,354869,52087,48535,169508,181492,7440,7216,98724,107231,1747927,1709196,363845,393764,96168,96991,201134,214648,14890,14653,1823158,1829921,1266018,1229826,298794,322918,16892,16691,163021,174774,5562,5369,72871,80343,1332177,1302873,323247,351210,45767,49524,188998,202057,11170,11062,492655,481257,392349,382009,30893,31951,35195,31844,6487,6718,1878,1847,25853,26888,415750,406323,40598,42554,50401,47467,12136,12591,3720,3591
R,4.2,2020,31,4510817,2252168,2258649,1618823,1578674,312844,340689,50458,47238,169016,183045,7108,6862,93919,102141,1703895,1671447,344587,376998,92823,94247,199443,214549,14272,13830,1780064,1796406,1242436,1210891,283711,310454,16327,16386,162689,176672,5319,5134,69582,76869,1305452,1280743,306471,336853,44167,48479,187792,202834,10818,10480,472104,462243,376387,367783,29133,30235,34131,30852,6327,6373,1789,1728,24337,25272,398443,390704,38116,40145,48656,45768,11651,11715,3454,3350
R,4.2,2020,32,4454253,2221306,2232947,1606836,1568487,302257,331191,50371,46509,163875,180073,6964,6894,91003,99793,1689335,1659136,332381,366311,92224,93287,192808,210462,13897,13844,1753706,1775798,1233239,1204492,274129,301817,15974,15628,157699,173798,5224,5185,67441,74878,1294346,1272652,295643,327221,43518,47551,181746,198882,10574,10478,467600,457149,373597,363995,28128,29374,34397,30881,6176,6275,1740,1709,23562,24915,394989,386484,36738,39090,48706,45736,11062,11580,3323,3366
R,4.2,2020,33,4411112,2198610,2212502,1598096,1561204,295473,324466,49800,46696,160367,176661,7054,6694,87820,96781,1677525,1649101,323943,357987,91302,93436,188317,205668,13864,13205,1737104,1758958,1228872,1200024,268166,295672,15683,15317,154371,170546,5297,5003,64715,72396,1287359,1265790,288310,319745,42858,47323,177540,194568,10531,9963,461506,453544,369224,361180,27307,28794,34117,31379,5996,6115,1757,1691,23105,24385,390166,383311,35633,38242,48444,46113,10777,11100,3333,3242
R,4.2,2020,34,4464259,2225724,2238535,1621647,1583733,295770,325319,50716,47053,163142,180206,6926,6673,87523,95551,1700961,1670530,323705,357399,92792,94053,190595,208622,13785,13367,1759669,1784039,1248849,1220744,268428,297002,15460,15748,157088,174099,5300,5044,64544,71402,1307356,1285644,287905,319758,43374,48151,179862,197588,10492,10134,466055,454496,372798,362989,27342,28317,35256,31305,6054,6107,1626,1629,22979,24149,393605,384886,35800,37641,49418,45902,10733,11034,3293,3233
R,4.2,2020,35,4406965,2195425,2211540,1604413,1568276,287992,317422,49586,47088,162889,180308,6766,6574,83779,91872,1680182,1651577,313895,347496,90775,93555,189118,207233,13247,12999,1740316,1762734,1239467,1209383,262164,290073,15134,15550,156854,174421,5104,4926,61593,68381,1295150,1271430,280210,311301,42426,47390,178530,196705,10062,9845,455109,448806,364946,358893,25828,27349,34452,31538,6035,5887,1662,1648,22186,23491,385032,380147,33685,36195,48349,46165,10588,10528,3185,3154
R,4.2,2020,36,4334299,2155510,2178789,1576111,1543542,281192,312819,49242,45906,160799,179509,6633,6561,81533,90452,1649556,1625316,306145,342019,90045,92684,186099,205664,13159,13020,1708066,1736783,1217347,1189248,255706,286048,14928,15097,155112,173763,5028,4887,59945,67740,1271240,1250470,273107,306756,42046,47620,175976,195399,10052,9865,447444,442006,358764,354294,25486,26771,34314,30809,5687,5746,1605,1674,21588,22712,378316,374846,33038,35263,47999,45064,10123,10265,3107,3155
R,4.2,2020,37,4393956,2179066,2214890,1596013,1572465,284818,316819,49951,47638,159942,180760,6337,6442,82005,90766,1670124,1654458,309751,345752,91862,95564,184476,206544,12768,12849,1727442,1762465,1232976,1209199,259470,289932,15368,15579,154419,175038,4725,4827,60484,67890,1287572,1270495,276933,310418,43474,49091,174726,196242,9648,9745,451624,452425,363037,363266,25348,26887,34583,32059,5523,5722,1612,1615,21521,22876,382552,383963,32818,35334,48388,46473,9750,10302,3120,3104
R,4.2,2020,38,4328185,2143102,2185083,1574975,1553809,279301,311974,48876,46722,155016,177601,6268,6365,78666,88612,1645777,1633772,303146,340345,89463,93981,178458,202373,12456,12607,1699401,1739147,1218133,1196025,254458,285432,14618,14839,149453,171974,4699,4678,58040,66199,1270235,1255836,271225,305454,41955,47751,168836,192425,9499,9464,443701,445936,356842,357784,24843,26542,34258,31883,5563,5627,1569,1687,20626,22413,375542,377936,31921,34891,47508,46230,9622,9948,2957,3143
R,4.2,2020,39,4350069,2155690,2194379,1585041,1561655,285313,318258,49889,47275,150424,173523,6369,6212,78654,87456,1655975,1640715,308942,346158,91176,94583,173327,197412,12438,12215,1706785,1745438,1223395,1200235,260795,292017,15161,15165,144904,167888,4669,4661,57861,65472,1275447,1259424,277342,311897,42919,48355,163770,187577,9340,9190,448905,448941,361646,361420,24518,26241,34728,32110,5520,5635,1700,1551,20793,21984,380528,381291,31600,34261,48257,46228,9557,9835,3098,3025
R,4.2,2020,40,4281826,2120472,2161354,1558992,1536217,283136,315471,48363,46651,147855,171350,6253,6323,75873,85342,1627276,1613055,305841,342619,88694,93119,169540,194532,12083,12333,1680257,1718958,1203079,1180035,259399,289730,14550,14974,142519,165918,4716,4632,55994,63669,1253353,1237341,275197,308840,41849,47570,160531,185007,9285,9234,440215,442396,355913,356182,23737,25741,33813,31677,5336,5432,1537,1691,19879,21673,373923,375714,30644,33779,46845,45549,9009,9525,2798,3099
R,4.2,2020,41,4084676,2018926,2065750,1486047,1470538,267950,299745,46484,44460,140962,164775,5865,5659,71618,80573,1550483,1543095,289002,325178,85342,88681,161171,186487,11215,11171,1601897,1643430,1149046,1129399,245675,275688,13830,14068,135948,159490,4387,4177,53011,60608,1196721,1183971,260425,293669,40359,45469,152641,177470,8498,8401,417029,422320,337001,341139,22275,24057,32654,30392,5014,5285,1478,1482,18607,19965,353762,359124,28577,31509,44983,43212,8530,9017,2717,2770
R,4.2,2020,42,4032206,1988587,2043619,1471795,1464385,258800,291012,45566,44213,137175,159738,5543,5679,69708,78592,1534713,1535240,279123,315179,83612,87952,156885,180943,10607,11023,1576731,1622289,1137269,1122709,237702,267622,13715,14329,132291,154544,4123,4183,51631,58902,1183806,1175799,251762,284698,39692,45280,148730,171955,8008,8338,411856,421330,334526,341676,21098,23390,31851,29884,4884,5194,1420,1496,18077,19690,350907,359441,27361,30481,43920,42672,8155,8988,2599,2685
R,4.2,2020,43,3936585,1941225,1995360,1434992,1427807,251290,283671,44554,42979,137510,160260,5442,5473,67437,75170,1495661,1495512,270624,306724,81889,85450,156281,180313,10517,10501,1537589,1580269,1106052,1089728,230885,261222,13646,13807,132800,155199,4052,4040,50154,56273,1151034,1140325,244331,277449,39376,43738,148512,171850,7993,7933,403636,415091,328940,338079,20405,22449,30908,29172,4710,5061,1390,1433,17283,18897,344627,355187,26293,29275,42513,41712,7769,8463,2524,2568
R,4.2,2020,44,3878915,1912214,1966701,1412232,1407763,247066,277990,43754,42009,138804,161052,5195,5320,65163,72567,1470861,1472956,265363,299898,80390,83210,156611,180248,9951,10190,1516196,1559702,1088896,1074537,227452,256734,13249,13598,134186,156088,3933,3939,48480,54806,1132441,1123728,240207,272347,38647,43002,149039,172064,7641,7720,396018,406999,323336,333226,19614,21256,30505,28411,4618,4964,1262,1381,16683,17761,338420,349228,25156,27551,41743,40208,7572,8184,2310,2470
R,4.2,2020,45,3901585,1926485,1975100,1428066,1421257,245961,274594,42993,41688,140810,161729,5063,5098,63592,70734,1485248,1484931,263782,295431,79069,82396,157993,180463,9607,9593,1535999,1573466,1108152,1091644,226992,253834,13289,13652,136306,156984,3814,3806,47446,53546,1150736,1139734,239559,268721,38429,42806,150577,172646,7305,7269,390486,401634,319914,329613,18969,20760,29704,28036,4504,4745,1249,1292,16146,17188,334512,345197,24223,26710,40640,39590,7416,7817,2302,2324
R,4.2,2020,46,3816244,1880527,1935717,1392855,1390305,241311,270920,41142,40251,139055,160423,4893,5091,61271,68727,1447923,1452091,258090,290992,76232,79920,155684,178672,9275,9560,1506325,1547312,1085312,1070698,223446,251234,12913,13544,134757,155851,3740,3740,46157,52245,1126620,1117608,235309,265510,37749,42231,148718,171104,7131,7204,374202,388405,307543,319607,17865,19686,28229,26707,4298,4572,1153,1351,15114,16482,321303,334483,22781,25482,38483,37689,6966,7568,2144,2356
R,4.2,2020,47,3930658,1931699,1998959,1430957,1436314,251483,282840,41536,40429,141100,164640,4851,5044,61772,69692,1486495,1498891,268095,303121,77255,81047,157655,182529,9193,9625,1558372,1610099,1123694,1115640,233759,263212,13549,13862,136822,160062,3697,3772,46851,53551,1165615,1163618,245588,277921,39090,43657,150719,175113,7176,7366,373327,388860,307263,320674,17724,19628,27987,26567,4278,4578,1154,1272,14921,16141,320880,335273,22507,25200,38165,37390,6936,7416,2017,2259
R,4.2,2020,48,4102108,2017523,2084585,1514175,1518605,255789,288458,40595,39950,139521,161662,4840,4907,62603,71003,1570509,1582609,272421,308451,77593,82286,155643,179393,9220,9434,1649989,1701106,1210292,1201649,238576,269373,13838,14145,135297,157099,3643,3707,48343,55133,1253713,1251198,250642,283998,40933,45762,149020,172089,7123,7291,367534,383479,303883,316956,17213,19085,26757,25805,4224,4563,1197,1200,14260,15870,316796,331411,21779,24453,36660,36524,6623,7304,2097,2143
R,4.2,2020,49,4362936,2149181,2213755,1627337,1628681,271421,305243,41429,40486,138538,161075,5031,5066,65425,73204,1686274,1694556,288583,325778,80709,84973,154845,178642,9581,9752,1775890,1829034,1318688,1310137,253729,285889,14334,15090,134331,156617,3827,3878,50981,57423,1364561,1361646,266262,301070,43591,48981,148198,171419,7479,7644,373291,384721,308649,318544,17692,19354,27095,25396,4207,4458,1204,1188,14444,15781,321713,332910,22321,24708,37118,35992,6647,7223,2102,2108
R,4.2,2020,50,4251916,2095424,2156492,1594845,1597123,260000,290169,39994,38927,133874,155430,4807,4957,61904,69886,1650574,1660047,276064,309392,77522,81827,149039,172000,9302,9571,1732898,1784886,1294167,1288865,243146,271805,13687,14406,129901,151121,3658,3817,48339,54872,1337555,1338151,254914,286089,41840,47061,142836,165093,7289,7547,362526,371606,300678,308258,16854,18364,26307,24521,3973,4309,1149,1140,13565,15014,313019,321896,21150,23303,35682,34766,6203,6907,2013,2024
R,4.2,2020,51,4112617,2021392,2091225,1541904,1552634,249108,279527,38337,37393,129825,151373,4432,4826,57786,65472,1594080,1611501,263770,297463,73865,78241,143704,166356,8484,9058,1678507,1739150,1257032,1260159,233350,262361,13488,14243,126105,147394,3396,3656,45136,51337,1297702,1306219,244070,275486,40309,45564,137829,159989,6652,7035,342885,352075,284872,292475,15758,17166,24849,23150,3720,3979,1036,1170,12650,14135,296378,305282,19700,21977,33556,32677,5875,6367,1832,2023
R,4.2,2020,52,4017035,1971585,2045450,1508652,1521314,247014,279743,37019,36332,119564,140724,4424,4633,54912,62704,1558164,1577729,261023,297125,71210,75629,132267,154651,8200,8737,1639046,1702462,1231984,1235888,231654,262885,13297,14038,115911,136788,3434,3596,42766,49267,1270392,1280145,241795,275706,39146,44195,126618,148421,6510,6912,332539,342988,276668,285426,15360,16858,23722,22294,3653,3936,990,1037,12146,13437,287772,297584,19228,21419,32064,31434,5649,6230,1690,1825
R,4.2,2020,53,4061090,1989938,2071152,1532652,1553711,248763,283032,36210,35609,114233,132312,4572,4483,53508,62005,1580796,1609537,262304,299867,69991,75143,126332,145540,8317,8460,1665441,1737734,1261421,1275472,234171,266612,13498,14347,110921,128666,3510,3432,41920,49205,1299064,1319698,244063,279182,39157,45162,121131,139770,6570,6626,324497,333418,271231,278239,14592,16420,22712,21262,3312,3646,1062,1051,11588,12800,281732,289839,18241,20685,30834,29981,5201,5770,1747,1834
R,4.2,2020,54,4172499,2042181,2130318,1570591,1595800,259799,295653,36292,36269,116542,135222,4459,4668,54498,62706,1619407,1651968,273724,312851,71013,76352,128556,148674,8378,8743,1718690,1797265,1300141,1317763,244893,279362,14033,14985,113200,131616,3456,3612,42967,49927,1338512,1362396,255126,292153,40754,46425,123365,142921,6641,6899,323491,333053,270450,278037,14906,16291,22259,21284,3342,3606,1003,1056,11531,12779,280895,289572,18598,20698,30259,29927,5191,5753,1737,1844
R,4.2,2020,55,4362629,2129516,2233113,1655806,1693277,263499,301374,36154,36032,115000,134016,4219,4685,54838,63729,1705190,1750627,276821,318363,71746,77653,126777,146995,7937,8719,1814340,1905992,1391163,1419116,249535,285454,14530,15743,111829,130539,3244,3676,44039,51464,1430719,1465322,259516,298367,42559,48942,121878,141516,6309,7015,315176,327121,264643,274161,13964,15920,21624,20289,3171,3477,975,1009,10799,12265,274471,285305,17305,19996,29187,28711,4899,5479,1628,1704
R,4.2,2020,56,4425063,2155336,2269727,1682700,1730001,261533,298608,35174,35403,117101,137448,4151,4481,54677,63786,1731894,1787326,274781,315188,71137,77360,128505,150457,7874,8529,1853029,1952133,1428971,1463607,247799,283191,14668,15857,114109,134132,3319,3465,44163,51881,1468579,1510178,257820,295869,43219,49652,123845,145185,6405,6790,302307,317594,253729,266394,13734,15417,20506,19546,2992,3316,832,1016,10514,11905,263315,277148,16961,19319,27918,27708,4660,5272,1469,1739
R,4.2,2020,57,4422186,2151286,2270900,1686901,1739848,257623,296509,34006,34300,115556,133404,4059,4547,53141,62292,1734777,1795876,270144,312632,69054,75710,126790,145774,7636,8393,1860952,1964345,1442305,1481653,244676,282061,14694,15767,112662,130153,3215,3660,43400,51051,1481317,1527461,254239,294533,42903,49374,122303,140762,6212,6841,290334,306555,244596,258195,12947,14448,19312,18533,2894,3251,844,887,9741,11241,253460,268415,15905,18099,26151,26336,4487,5012,1424,1552
R,4.2,2020,58,4411818,2142538,2269280,1700241,1759146,251553,291392,32401,33285,102487,120627,4070,4262,51786,60568,1746901,1813707,263604,306901,66980,73971,113205,132381,7435,7882,1867732,1979267,1468319,1514694,239513,277888,14394,15690,99790,117659,3258,3381,42458,49955,1506478,1559595,248791,289952,42246,48976,109140,127738,6097,6380,274806,290013,231922,244452,12040,13504,18007,17595,2697,2968,812,881,9328,10613,240423,254112,14813,16949,24734,24995,4065,4643,1338,1502
R,4.2,2020,59,4452873,2156859,2296014,1712683,1782106,254139,293558,31903,32844,102958,123248,3928,4254,51248,60004,1758902,1836036,266259,308885,66147,73147,113471,134915,7250,8014,1889442,2010626,1487033,1541143,242432,280574,14293,15696,100417,120352,3163,3425,42104,49436,1524895,1585518,251748,292418,42070,48668,109515,130361,5941,6496,267417,285388,225650,240963,11707,12984,17610,17148,2541,2896,765,829,9144,10568,234007,250518,14511,16467,24077,24479,3956,4554,1309,1518
R,4.2,2020,60,4384475,2118624,2265851,1685542,1760751,248273,289982,30490,31799,101568,121650,3702,4020,49049,57649,1729630,1812524,259672,304778,63292,70579,111804,132817,6903,7440,1864977,1993926,1471387,1531473,237121,277228,13846,15339,99079,118915,2991,3246,40553,47725,1507746,1574200,245983,288850,40521,47234,108036,128495,5662,6095,253647,271925,214155,229278,11152,12754,16644,16460,2489,2735,711,774,8496,9924,221884,238324,13689,15928,22771,23345,3768,4322,1241,1345
R,4.2,2020,61,4303212,2072535,2230677,1655495,1740429,239882,281410,28566,30309,98284,119564,3538,3807,46770,55158,1697563,1790069,250813,295431,60122,67622,107705,130098,6476,7100,1836358,1974584,1456083,1523897,229296,269809,13315,14926,95979,117007,2866,3125,38819,45820,1490919,1565006,237833,280856,39131,45709,104238,126102,5330,5816,236177,256093,199412,216532,10586,11601,15251,15383,2305,2557,672,682,7951,9338,206644,225063,12980,14575,20991,21913,3467,3996,1146,1284
R,4.2,2020,62,4290316,2060399,2229917,1653023,1749330,234027,276236,27425,29042,97410,118090,3299,3563,45215,53656,1693689,1797531,244406,289876,57968,65767,106632,128073,6124,6659,1834864,1981538,1461922,1538590,224185,265149,13035,14477,95232,115592,2722,2877,37768,44853,1495766,1578782,232371,276021,38276,44967,103312,124281,5131,5471,225535,248379,191101,210740,9842,11087,14390,14565,2178,2498,577,686,7447,8803,197923,218749,12035,13855,19692,20800,3320,3792,993,1188
R,4.2,2020,63,4165894,1993462,2172432,1603331,1707108,224058,268318,25908,27508,94118,115576,3221,3439,42826,50483,1641941,1752480,233901,281036,55039,62174,102622,124860,5907,6379,1781170,1935488,1423292,1505728,214831,257613,12466,13869,92118,113300,2653,2818,35810,42160,1455506,1543499,222583,267715,36554,42644,99599,121324,4901,5296,212292,236944,180039,201380,9227,10705,13442,13639,2000,2276,568,621,7016,8323,186435,208981,11318,13321,18485,19530,3023,3536,1006,1083
R,4.2,2020,64,4057426,1936399,2121027,1562580,1670506,214142,258501,24597,26498,91959,114047,2956,3335,40165,48140,1598754,1713719,223421,270688,51773,59452,99929,123102,5522,6193,1733922,1893836,1390674,1477218,205298,248205,11782,13547,90035,111802,2433,2711,33700,40353,1420947,1513334,212620,257839,34324,41027,97066,119698,4620,5135,202477,227191,171906,193288,8844,10296,12815,12951,1924,2245,523,624,6465,7787,177807,200385,10801,12849,17449,18425,2863,3404,902,1058
R,4.2,2020,65,3962077,1885410,2076667,1528154,1644117,203755,247712,23083,24850,89789,111320,2883,3201,37746,45467,1562062,1684693,212574,259395,48666,56022,97255,119758,5313,5956,1695289,1860904,1366747,1460080,195396,238195,11274,12629,88004,109282,2381,2616,31487,38102,1394961,1493943,202290,247476,32376,38588,94579,116643,4449,4975,190121,215763,161407,184037,8359,9517,11809,12221,1785,2038,502,585,6259,7365,167101,190750,10284,11919,16290,17434,2676,3115,864,981
R,4.2,2020,66,3778568,1787731,1990837,1461431,1588358,186255,231570,20875,22754,82460,102969,2519,2916,34191,42270,1492145,1626280,194281,242431,44289,51876,89024,110573,4665,5440,1614092,1790123,1313322,1416672,178762,222688,10372,11941,80861,101038,2077,2404,28698,35380,1339030,1448307,185064,231257,29874,36260,86665,107625,3923,4549,173639,200714,148109,171686,7493,8882,10503,10813,1599,1931,442,512,5493,6890,153115,177973,9217,11174,14415,15616,2359,2948,742,891
R,4.2,2020,67,3659458,1726527,1932931,1418467,1548737,174304,219667,19081,21410,80410,100950,2423,2762,31842,39405,1447057,1584128,181834,229610,40795,48565,86640,107954,4489,5169,1565365,1743845,1280431,1386463,167280,211414,9717,11352,79058,99204,2034,2318,26845,33094,1304447,1416061,173256,219364,27859,34022,84580,105338,3792,4397,161162,189086,138036,162274,7024,8253,9364,10058,1352,1746,389,444,4997,6311,142610,168067,8578,10246,12936,14543,2060,2616,697,772
R,4.2,2020,68,3508252,1650792,1857460,1365472,1498176,163163,208364,17540,19776,72509,91746,2216,2523,29892,36875,1392406,1531204,170085,217922,38316,45448,77980,98065,4108,4732,1500876,1681397,1236577,1346646,156917,200706,9123,10652,71183,90187,1871,2096,25205,31110,1259185,1374391,162426,208294,26501,32348,76042,95686,3495,4008,149916,176063,128895,151530,6246,7658,8417,9124,1326,1559,345,427,4687,5765,133221,156813,7659,9628,11815,13100,1938,2379,613,724
R,4.2,2020,69,3328483,1558682,1769801,1285215,1419120,155280,202743,16495,18744,71793,92348,2092,2460,27807,34386,1310135,1449966,161858,211742,35744,42716,76926,98128,3858,4534,1416048,1599859,1162558,1272673,149205,195494,8453,9957,70594,90847,1783,2060,23455,28828,1183467,1298427,154432,202670,24617,30046,75098,95824,3304,3819,142634,169942,122657,146447,6075,7249,8042,8787,1199,1501,309,400,4352,5558,126668,151539,7426,9072,11127,12670,1828,2304,554,715
R,4.2,2020,70,3228321,1506922,1721399,1247482,1386292,145753,191614,15332,17255,70735,91543,1979,2201,25641,32494,1270576,1415288,151832,200182,32929,39747,75460,97084,3679,4206,1374834,1561399,1133504,1247973,140225,184773,8162,9306,69524,90066,1685,1848,21734,27433,1153017,1272345,145080,191660,22988,28291,73696,94879,3193,3580,132088,160000,113978,138319,5528,6841,7170,7949,1211,1477,294,353,3907,5061,117559,142943,6752,8522,9941,11456,1764,2205,486,626
R,4.2,2020,71,3122643,1452573,1670070,1212610,1358770,133987,177824,14140,15966,65686,84583,1875,2140,24275,30787,1234383,1386319,139580,185886,31126,37507,70091,89629,3507,4063,1330975,1520707,1107287,1229323,129089,171597,7704,8766,64611,83193,1562,1806,20722,26022,1125799,1252519,133592,178072,22131,26975,68529,87584,2995,3459,121598,149363,105323,129447,4898,6227,6436,7200,1075,1390,313,334,3553,4765,108584,133800,5988,7814,8995,10532,1562,2045,512,604
R,4.2,2020,72,3123961,1452258,1671703,1230427,1380964,123015,165713,13210,14930,60756,78388,1695,1910,23155,29798,1251360,1407688,128290,173447,29428,35880,64838,83209,3147,3667,1336597,1529415,1129949,1257347,118449,159722,7256,8289,59747,77152,1447,1595,19749,25310,1147759,1279974,122732,165993,20999,26030,63362,81372,2746,3156,115661,142288,100478,123617,4566,5991,5954,6641,1009,1236,248,315,3406,4488,103601,127714,5558,7454,8429,9850,1476,1837,401,511
R,4.2,2020,73,3022021,1401021,1621000,1198666,1354094,111099,150285,12160,14311,55789,72626,1547,1621,21760,28063,1218419,1379477,115859,157305,27593,34157,59484,77073,2934,3351,1294998,1487868,1106254,1238281,106931,144775,6790,8025,54975,71479,1318,1354,18730,23954,1123235,1259869,110769,150440,20057,25015,58260,75353,2555,2860,106023,133132,92412,115813,4168,5510,5370,6286,814,1147,229,267,3030,4109,95184,119608,5090,6865,7536,9142,1224,1720,379,491
R,4.2,2020,74,2267658,1041917,1225741,878151,1007136,89165,124033,9550,11673,47553,60405,1321,1588,16177,20906,892685,1025809,93017,129638,20582,25860,50538,64049,2531,3024,950683,1108480,798553,904969,85582,119122,5082,6144,46754,59367,1107,1328,13605,17550,810739,920557,88607,123610,14317,18044,49349,62542,2165,2589,91234,117261,79598,102167,3583,4911,4468,5529,799,1038,214,260,2572,3356,81946,105252,4410,6028,6265,7816,1189,1507,366,435
R,4.2,2020,75,2207922,1006197,1201725,853308,993163,83151,118942,8838,10908,44451,57309,1200,1418,15249,19985,867037,1010953,86769,124423,19191,24574,47306,60615,2343,2804,923485,1093457,780951,898431,79941,114614,4756,5933,43808,56399,1033,1168,12996,16912,792604,913428,82841,119043,13536,17481,46332,59298,2053,2376,82712,108268,72357,94732,3210,4328,4082,4975,643,910,167,250,2253,3073,74433,97525,3928,5380,5655,7093,974,1317,290,428
R,4.2,2020,76,2161092,979607,1181485,838373,988677,77060,110831,8340,10069,40679,51566,1024,1287,14131,19055,851094,1005657,80503,115977,18195,23254,43071,54611,2030,2629,902947,1079457,771227,899141,74150,106787,4624,5565,40072,50722,866,1084,12008,16158,782012,913472,76889,110973,13009,16765,42180,53350,1724,2261,76660,102028,67146,89536,2910,4044,3716,4504,607,844,158,203,2123,2897,69082,92185,3614,5004,5186,6489,891,1261,306,368
R,4.2,2020,77,2121655,954371,1167284,822142,983504,72403,107010,7358,9369,38353,48435,926,1171,13189,17795,834006,999440,75517,111844,16423,21773,40716,51222,1893,2327,884206,1070723,760558,899000,69624,102978,4102,5077,37783,47664,799,956,11340,15048,770741,912409,72158,106850,11885,15636,39877,50056,1648,1975,70165,96561,61584,84504,2779,4032,3256,4292,570,771,127,215,1849,2747,63265,87031,3359,4994,4538,6137,839,1166,245,352
R,4.2,2020,78,1816463,808942,1007521,693142,843613,62470,94244,6483,8293,34809,44836,857,1094,11181,15441,703212,857441,65156,98398,14171,18975,36820,47390,1641,2074,746544,922509,638230,768827,60074,91041,3659,4525,34348,44145,723,910,9510,13061,646779,780460,62229,94392,10178,13557,36116,46357,1397,1776,62398,85012,54912,74786,2396,3203,2824,3768,461,691,134,184,1671,2380,56433,76981,2927,4006,3993,5418,704,1033,244,298
R,4.2,2020,79,1633035,718843,914192,614143,763313,55831,87090,5811,7564,32361,41584,790,948,9907,13693,623045,775470,58280,90969,12569,16855,34195,43883,1467,1875,661435,833722,563545,692393,53632,83927,3285,4169,31922,40948,674,778,8377,11507,571053,702567,55566,87016,8981,11996,33535,42940,1249,1580,57408,80470,50598,70920,2199,3163,2526,3395,439,636,116,170,1530,2186,51992,72903,2714,3953,3588,4859,660,943,218,295
R,4.2,2020,80,1490805,647972,842833,552719,703325,50530,80694,5166,6906,30138,38483,647,905,8772,12520,560581,714406,52655,84290,11076,15289,31796,40613,1277,1821,595155,767350,506213,636708,48457,77701,2823,3795,29721,37870,509,746,7432,10530,512845,645956,50145,80569,7797,10876,31214,39721,1081,1544,52817,75483,46506,66617,2073,2993,2343,3111,417,613,138,159,1340,1990,47736,68450,2510,3721,3279,4413,582,892,196,277
R,4.2,2020,81,1396556,603015,793541,518039,667339,44897,72891,4654,6580,27031,34650,555,796,7839,11285,525094,677414,46849,76040,9876,14251,28571,36472,1098,1541,555168,724142,475740,606119,43094,70134,2531,3635,26660,34123,448,654,6695,9477,481745,614519,44642,72658,6979,10092,28033,35707,937,1320,47847,69399,42299,61220,1803,2757,2123,2945,371,527,107,142,1144,1808,43349,62895,2207,3382,2897,4159,538,765,161,221
R,4.2,2020,82,1279385,545490,733895,468974,617733,40366,67368,4052,5688,24500,32442,543,703,7055,9961,475322,626577,42177,70241,8766,12252,25835,34202,1034,1390,502688,670615,430955,561706,38783,64833,2278,3117,24168,31959,459,594,6045,8406,436393,569109,40240,67183,6319,8655,25350,33494,875,1198,42802,63280,38019,56027,1583,2535,1774,2571,332,483,84,109,1010,1555,38929,57468,1937,3058,2447,3597,485,708,159,192
R,4.2,2020,83,1142203,479246,662957,412444,559226,34728,60151,3469,5146,22021,28915,439,653,6145,8866,417960,566997,36318,62742,7474,10948,23230,30546,913,1314,440849,604706,378274,507600,33313,57907,1913,2741,21739,28485,379,530,5231,7443,382949,514070,34589,60040,5305,7595,22817,29898,801,1103,38397,58251,34170,51626,1415,2244,1556,2405,282,430,60,123,914,1423,35011,52927,1729,2702,2169,3353,413,648,112,211
R,4.2,2020,84,1052079,434530,617549,375086,520943,31681,56556,3102,4648,18930,26699,338,552,5393,8151,379938,528171,33100,58987,6517,9951,20061,28152,760,1135,400193,564254,344587,473671,30429,54541,1673,2512,18678,26253,268,455,4558,6822,348666,479693,31560,56495,4532,6969,19678,27505,649,957,34337,53295,30499,47272,1252,2015,1429,2136,252,446,70,97,835,1329,31272,48478,1540,2492,1985,2982,383,647,111,178
R,4.2,2020,85,963701,390784,572917,338466,484909,27730,51616,2783,4264,16828,24220,396,527,4581,7381,342578,491413,28944,53743,5683,9022,17749,25637,745,1073,359658,523943,310720,441436,26571,49723,1519,2265,16635,23841,335,441,3878,6237,314177,446891,27542,51426,3948,6293,17469,25096,641,931,31126,48974,27746,43473,1159,1893,1264,1999,193,379,61,86,703,1144,28401,44522,1402,2317,1735,2729,280,541,104,142
R,4.2,2020,86,818776,325995,492781,282562,417120,22931,44328,2273,3444,14030,21273,304,451,3895,6165,286063,422487,23924,46127,4747,7430,14873,22492,596,940,299829,450711,259256,379685,22001,42646,1203,1877,13830,20946,244,373,3295,5184,262198,384181,22807,44078,3267,5231,14579,22019,494,802,26166,42070,23306,37435,930,1682,1070,1567,200,327,60,78,600,981,23865,38306,1117,2049,1480,2199,294,473,102,138
R,4.2,2020,87,756019,293922,462097,255352,392582,20435,40698,1885,3270,12589,19648,243,437,3418,5462,258410,397364,21315,42326,4007,6740,13349,20708,535,883,271304,423783,235193,358500,19619,39204,1014,1785,12407,19327,206,364,2865,4603,237747,362511,20325,40509,2771,4709,13081,20249,464,760,22618,38314,20159,34082,816,1494,871,1485,182,321,37,73,553,859,20663,34853,990,1817,1236,2031,268,459,71,123
R,4.2,2020,88,675778,256905,418873,225535,359738,16232,34405,1598,2747,10440,16778,189,389,2911,4816,228130,363900,17039,35859,3377,5807,11071,17724,426,804,236829,385187,207527,329585,15573,33182,815,1495,10295,16546,158,321,2461,4058,209716,333055,16242,34366,2291,4063,10847,17396,365,693,20076,33686,18008,30153,659,1223,783,1252,145,232,31,68,450,758,18414,30845,797,1493,1086,1744,224,328,61,111
R,4.2,2020,89,607318,223827,383491,196532,329626,14114,31043,1417,2457,9182,15684,201,331,2381,4350,198679,333386,14769,32332,2848,5243,9745,16547,394,706,206122,352079,180707,301556,13501,29873,714,1268,9044,15469,169,275,1987,3638,182490,304663,14031,30905,1889,3587,9535,16225,335,607,17705,31412,15825,28070,613,1170,703,1189,138,215,32,56,394,712,16189,28723,738,1427,959,1656,210,322,59,99
R,4.2,2020,90,526144,187277,338867,164509,291524,11697,27690,1215,1989,7789,13727,139,292,1928,3645,166200,294688,12237,28812,2396,4274,8216,14459,327,609,172498,311732,151258,267301,11214,26655,625,1023,7681,13521,108,248,1612,2984,152657,269854,11633,27544,1598,2877,8065,14147,276,528,14779,27135,13251,24223,483,1035,590,966,108,206,31,44,316,661,13543,24834,604,1268,798,1397,151,312,51,81
R,4.2,2020,91,436067,149610,286457,131636,247554,9430,22920,920,1577,5969,11190,114,238,1541,2978,133000,250116,9892,23857,1868,3407,6317,11807,244,519,137723,264295,120991,227748,9022,22014,445,813,5881,11029,93,203,1291,2488,122133,229858,9400,22784,1220,2310,6196,11577,208,446,11887,22162,10645,19806,408,906,475,764,88,161,21,35,250,490,10867,20258,492,1073,648,1097,121,230,36,73
R,4.2,2020,92,371501,122111,249390,107565,215911,7543,19704,747,1469,4837,9644,116,192,1303,2470,108699,218023,7931,20472,1501,3013,5139,10147,239,418,112622,230772,99085,199276,7219,18956,363,763,4786,9521,99,160,1070,2096,100013,201052,7514,19582,964,2089,5063,9958,198,362,9489,18618,8480,16635,324,748,384,706,51,123,17,32,233,374,8686,16971,417,890,537,924,76,189,41,56
R,4.2,2020,93,301021,94749,206272,83193,178614,6118,16331,534,1104,3829,8078,56,177,1019,1968,84094,180307,6410,16955,1146,2299,4060,8468,145,381,87298,190944,76500,164895,5883,15696,249,590,3774,7961,44,149,848,1653,77249,166307,6114,16215,759,1568,3978,8312,118,330,7451,15328,6693,13719,235,635,285,514,55,117,12,28,171,315,6845,14000,296,740,387,731,82,156,27,51
R,4.2,2020,94,238613,72108,166505,63061,143747,4757,13535,419,928,3093,6486,75,131,703,1678,63649,145149,4946,14122,822,1926,3295,6847,165,310,66372,154164,57894,132745,4566,13047,214,486,3048,6379,61,104,589,1403,58384,133907,4716,13499,540,1317,3229,6686,140,253,5736,12341,5167,11002,191,488,205,442,45,107,14,27,114,275,5265,11242,230,623,282,609,66,161,25,57
R,4.2,2020,95,186253,53096,133157,46179,115246,3616,10763,328,732,2414,5022,40,110,519,1284,46626,116295,3759,11227,651,1500,2532,5289,98,245,48886,123486,42444,106650,3452,10337,163,405,2371,4949,31,95,425,1050,42813,107498,3573,10710,416,1016,2471,5178,76,208,4210,9671,3735,8596,164,426,165,327,43,73,9,15,94,234,3813,8797,186,517,235,484,61,111,22,37
R,4.2,2020,96,139809,38225,101584,33076,87487,2667,8544,260,540,1805,3984,33,100,384,929,33406,88243,2773,8853,463,1079,1928,4196,73,217,34843,94284,30041,80970,2556,8224,125,275,1782,3940,26,89,313,786,30306,81602,2640,8481,282,723,1892,4128,58,187,3382,7300,3035,6517,111,320,135,265,23,44,7,11,71,143,3100,6641,133,372,181,356,36,68,15,30
R,4.2,2020,97,101408,26748,74660,22815,63771,2049,6687,189,386,1378,3028,34,74,283,714,23050,64360,2155,6933,338,802,1448,3195,86,152,24304,69295,20646,59028,1967,6428,90,202,1355,2988,27,67,219,582,20829,59500,2048,6627,203,538,1411,3125,65,126,2444,5365,2169,4743,82,259,99,184,23,40,7,7,64,132,2221,4860,107,306,135,264,37,70,21,26
R,4.2,2020,98,72596,17678,54918,14984,46783,1318,5106,146,310,967,2179,43,72,220,468,15160,47179,1411,5261,252,567,1035,2296,82,140,15966,50822,13505,43156,1258,4926,59,163,952,2142,25,53,167,382,13637,43475,1320,5049,143,376,1008,2234,57,104,1712,4096,1479,3627,60,180,87,147,15,37,18,19,53,86,1523,3704,91,212,109,191,27,62,25,36
R,4.2,2020,99,50299,11944,38355,9884,32200,1061,3700,125,254,678,1749,35,47,161,405,10002,32523,1128,3866,211,480,725,1855,72,116,10744,35493,8857,29711,1019,3558,62,148,660,1707,28,43,118,326,8952,29977,1070,3679,119,324,687,1794,50,88,1200,2862,1027,2489,42,142,63,106,18,42,7,4,43,79,1050,2546,58,187,92,156,38,61,22,28
R,4.2,2020,100,80151,17056,63095,13567,51843,1826,7244,213,387,1058,2848,48,57,344,716,13847,52386,2003,7584,376,744,1167,3033,101,166,15048,58086,11912,47625,1730,6903,101,207,1016,2792,28,32,261,527,12130,48013,1866,7158,217,462,1095,2917,64,111,2008,5009,1655,4218,96,341,112,180,42,56,20,25,83,189,1717,4373,137,426,159,282,72,116,37,55
R,5,2020,999,331493052,162743657,168749395,120956092,123723451,21145502,23146584,3208144,3131803,9863209,10825617,431772,431004,7138938,7490936,127502064,130580720,23826725,26011062,6297941,6471550,12044349,13024718,909835,909417,131770121,137517938,96207400,98702472,19338193,21289677,1128783,1160576,9458273,10413904,320961,320179,5316511,5631130,101086718,103861219,21290685,23396757,3246908,3507018,11199088,12169488,671870,672177,30973536,31231457,24748692,25020979,1807309,1856907,2079361,1971227,404936,411713,110811,110825,1822427,1859806,26415346,26719501,2536040,2614305,3051033,2964532,845261,855230,237965,237240
R,5,2020,0,3709755,1895565,1814190,1251877,1193373,297214,289427,43488,41512,113308,107447,6778,6384,182900,176047,1423242,1358082,386137,375753,94072,90256,177860,169139,17273,16388,1406483,1344400,896938,852066,258705,252236,14492,13925,104329,98721,4700,4520,127319,122932,1016841,967705,320311,312481,43976,42301,152355,144732,11410,10795,489082,469790,354939,341307,38509,37191,28996,27587,8979,8726,2078,1864,55581,53115,406401,390377,65826,63272,50096,47955,25505,24407,5863,5593
R,5,2020,1,3759248,1919500,1839748,1274505,1217293,300059,292322,44017,42657,113919,108128,6937,6689,180063,172659,1443206,1378817,386965,376065,94213,90757,177363,168896,17531,16652,1430412,1367841,916960,871901,262144,255892,15133,14718,105091,99574,4878,4816,126206,120940,1035771,985561,322975,314739,44464,42796,152659,144801,11661,11195,489088,471907,357545,345392,37915,36430,28884,27939,8828,8554,2059,1873,53857,51719,407435,393256,63990,61326,49749,47961,24704,24095,5870,5457
R,5,2020,2,3835875,1960114,1875761,1302551,1242562,308019,299443,45787,44052,117586,111863,7252,6560,178919,171281,1470063,1402626,393800,382216,96382,92358,180639,172008,17939,16517,1462291,1395371,936996,889764,270141,262672,15537,14898,108708,103287,5168,4643,125741,120107,1055252,1002615,330426,320860,45257,42967,156003,148260,12084,10950,497823,480390,365555,352798,37878,36771,30250,29154,8878,8576,2084,1917,53178,51174,414811,400011,63374,61356,51125,49391,24636,23748,5855,5567
R,5,2020,3,3906584,1996671,1909913,1331957,1269203,308472,299973,47642,46057,122742,116521,7322,6905,178536,171254,1498671,1429095,392873,382205,99037,95675,185731,176086,18134,17101,1487330,1418361,956256,906889,270097,262985,16194,15634,113687,107916,5222,4900,125874,120037,1074390,1019567,329544,320883,46428,44659,161184,152333,12225,11412,509341,491552,375701,362314,38375,36988,31448,30423,9055,8605,2100,2005,52662,51217,424281,409528,63329,61322,52609,51016,24547,23753,5909,5689
R,5,2020,4,3981613,2034576,1947037,1368391,1303345,309686,301955,48905,47471,121792,116408,7261,6922,178541,170936,1535276,1462918,393360,383168,101465,97688,184360,175779,18121,17216,1512952,1445964,981473,931137,271416,265267,16463,16160,112766,107774,5187,4931,125647,120695,1099516,1044384,330509,323010,47428,45839,159643,152312,12154,11563,521624,501073,386918,372208,38270,36688,32442,31311,9026,8634,2074,1991,52894,50241,435760,418534,62851,60158,54037,51849,24717,23467,5967,5653
R,5,2020,5,4005973,2046744,1959229,1375405,1311820,313207,304141,49719,47963,125036,118333,7185,7004,176192,169968,1540047,1470419,395547,384856,102371,98721,186320,176679,17679,17036,1526854,1457771,988254,938894,275146,267321,16954,16238,116210,109950,5177,4957,125113,120411,1105743,1051810,333830,324926,48390,46278,162486,153943,12045,11468,519890,501458,387151,372926,38061,36820,32765,31725,8826,8383,2008,2047,51079,49557,434304,418609,61717,59930,53981,52443,23834,22736,5634,5568
R,5,2020,6,3981848,2035570,1946278,1373640,1307905,310350,301655,49600,47590,122506,116633,7286,6920,172188,165575,1534586,1462418,390175,379791,101951,97932,182093,173090,17701,16850,1519852,1448791,988282,936757,273012,265161,16820,16179,113771,108337,5180,4863,122787,117494,1103588,1046977,330198,321203,48276,46175,158984,150851,12024,11361,515718,497487,385358,371148,37338,36494,32780,31411,8735,8296,2106,2057,49401,48081,430998,415441,59977,58588,53675,51757,23109,22239,5677,5489
R,5,2020,7,4009231,2048040,1961191,1381168,1317259,311190,302985,50159,48479,128315,121572,7473,6981,169735,163915,1539464,1469956,389324,379186,102677,99458,187091,177627,17802,16825,1528695,1460523,991489,942150,273884,266910,17108,16328,119820,113292,5291,4938,121103,116905,1105078,1051584,329848,321702,48664,46888,164484,155854,12096,11421,519345,500668,389679,375109,37306,36075,33051,32151,8495,8280,2182,2043,48632,47010,434386,418372,59476,57484,54013,52570,22607,21773,5706,5404
R,5,2020,8,4024511,2058640,1965871,1395191,1327185,313626,303677,51294,48770,123962,117955,7247,6888,167320,161396,1551196,1477573,390202,378007,104165,99694,181186,172792,17511,16698,1533451,1461908,999953,947620,276149,267822,17101,16442,115400,109837,5118,4825,119730,115362,1112146,1055574,331394,321498,49080,47208,158963,151572,11908,11357,525189,503963,395238,379565,37477,35855,34193,32328,8562,8118,2129,2063,47590,46034,439050,421999,58808,56509,55085,52486,22223,21220,5603,5341
R,5,2020,9,4086140,2090485,1995655,1420584,1350343,320332,309802,51866,50423,122808,116769,7329,7080,167566,161238,1576777,1500416,396223,383693,106005,102630,179679,171064,17524,16882,1552033,1477529,1013135,959130,282514,273199,17179,16663,114163,108508,5202,4993,119840,115036,1125391,1066634,337287,326519,49965,48234,157404,149698,12030,11414,538452,518126,407449,391213,37818,36603,34687,33760,8645,8261,2127,2087,47726,46202,451386,433782,58936,57174,56040,54396,22275,21366,5494,5468
R,5,2020,10,4184907,2140630,2044277,1460091,1388955,327719,316684,51941,49775,123236,117948,7248,6869,170395,164046,1618980,1541781,405230,392522,107004,102738,180489,172292,17572,16822,1582504,1509250,1030773,977149,290407,280621,17390,17030,114962,110066,5035,4771,123937,119613,1146850,1089056,347319,336436,51467,50105,159267,152075,12047,11515,558126,535027,429318,411806,37312,36063,34551,32745,8274,7882,2213,2098,46458,44433,472130,452725,57911,56086,55537,52633,21222,20217,5525,5307
R,5,2020,11,4272178,2185395,2086783,1496583,1422234,334511,323139,52844,51172,124090,118722,7213,6955,170154,164561,1654850,1575500,411615,398777,108820,105198,180647,172477,17764,16982,1612855,1537573,1053264,997216,296797,286992,17964,17507,115733,110809,4947,4760,124150,120289,1169226,1109689,353913,343167,52867,51401,159595,152425,12093,11630,572540,549210,443319,425018,37714,36147,34880,33665,8357,7913,2266,2195,46004,44272,485624,465811,57702,55610,55953,53797,21052,20052,5671,5352
R,5,2020,12,4386333,2242208,2144125,1538813,1464653,341403,329827,54807,52801,128367,122985,7299,6931,171519,166928,1698297,1619705,418536,406032,112417,109075,184977,177393,18020,17096,1654747,1578360,1081626,1025675,303496,293310,18702,17789,119916,114836,4991,4776,126016,121974,1199233,1139522,360874,349924,55060,53107,164182,156844,12340,11676,587461,565765,457187,438978,37907,36517,36105,35012,8451,8149,2308,2155,45503,44954,499064,480183,57662,56108,57357,55968,20795,20549,5680,5420
R,5,2020,13,4380927,2242188,2138739,1547824,1469268,339538,326000,55835,53118,124709,120132,7285,6991,166997,163230,1702961,1620799,413741,399469,113140,109091,179609,173073,17691,17034,1654417,1575541,1090401,1030636,301922,290122,18506,17888,116293,112228,4923,4754,122372,119913,1204572,1142498,356923,344991,54600,53306,159120,153398,12075,11586,587771,563198,457423,438632,37616,35878,37329,35230,8416,7904,2362,2237,44625,43317,498389,478301,56818,54478,58540,55785,20489,19675,5616,5448
R,5,2020,14,4306256,2204947,2101309,1533267,1450736,327845,316771,54344,52381,122246,118966,7133,6812,160112,155643,1681988,1595225,397716,385595,110691,106694,174564,169629,16929,16353,1632173,1552842,1085208,1022114,292110,282440,18066,17511,114155,111480,4913,4647,117721,114650,1195059,1129013,344063,334030,53957,52123,155148,150986,11658,11247,572774,548467,448059,428622,35735,34331,36278,34870,8091,7486,2220,2165,42391,40993,486929,466212,53653,51565,56734,54571,19416,18643,5271,5106
R,5,2020,15,4303675,2205338,2098337,1538698,1453831,325738,311681,54154,52237,124300,122619,7102,6733,155346,151236,1682805,1593984,392097,377798,109898,106374,175579,171601,16736,16043,1636856,1556163,1092280,1029016,290644,278289,18214,17265,116409,115290,4908,4658,114401,111645,1198799,1132843,339961,327740,53927,51962,156699,153865,11589,11132,568482,542174,446418,424815,35094,33392,35940,34972,7891,7329,2194,2075,40945,39591,484006,461141,52136,50058,55971,54412,18880,17736,5147,4911
R,5,2020,16,4331649,2220814,2110835,1556510,1468927,325381,312094,54223,51433,125146,123719,7231,6752,152323,147910,1697717,1606264,389575,375568,110138,105531,174822,171339,16768,15761,1657166,1573726,1112957,1046760,291171,279342,18133,17191,117408,116503,4969,4666,112528,109264,1217721,1148563,339092,326829,54209,52085,156559,153983,11569,10955,563648,537109,443553,422167,34210,32752,36090,34242,7738,7216,2262,2086,39795,38646,479996,457701,50483,48739,55929,53446,18263,17356,5199,4806
R,5,2020,17,4292134,2200030,2092104,1542128,1456766,325162,312070,54431,50573,125516,124219,7131,6606,145662,141870,1677125,1588008,385842,372155,108986,103431,172854,170053,16195,15304,1642369,1561977,1102940,1039225,290948,279564,17858,16717,118068,116928,4987,4580,107568,104963,1202917,1136694,336325,324821,53118,50902,155301,152941,11325,10699,557661,530127,439188,417541,34214,32506,36573,33856,7448,7291,2144,2026,38094,36907,474208,451314,49517,47334,55868,52529,17553,17112,4870,4605
R,5,2020,18,4414920,2243258,2171662,1569289,1508029,340048,335458,54042,50443,133335,133408,7171,7095,139373,137229,1697913,1634419,397797,393888,106625,101235,178611,177843,16252,16007,1682162,1636358,1125781,1084698,305118,301669,17615,17153,125853,126097,5001,5016,102794,101725,1220906,1178672,348236,345609,51447,50068,161541,161181,11435,11364,561096,535304,443508,423331,34930,33789,36427,33290,7482,7311,2170,2079,36579,35504,477007,455747,49561,48279,55178,51167,17070,16662,4817,4643
R,5,2020,19,4701244,2378554,2322690,1661805,1615202,363790,360107,55223,50990,153405,153583,7997,7886,136334,134922,1786884,1739015,420233,417712,105794,99660,198511,198138,17496,17091,1805169,1774834,1208073,1179591,326853,325222,18228,17876,145648,145941,5767,5683,100600,100521,1300605,1272019,368827,368625,50870,49429,181290,181559,12520,12355,573385,547856,453732,435611,36937,34885,36995,33114,7757,7642,2230,2203,35734,34401,486279,466996,51406,49087,54924,50231,17221,16579,4976,4736
R,5,2020,20,4654019,2361370,2292649,1662301,1601257,355467,354161,54142,49145,151686,150707,8133,7658,129641,129721,1781189,1720374,408601,409410,103193,96257,194184,193396,16911,16213,1799733,1761026,1215559,1178039,320025,320167,17997,17056,144169,143245,5952,5473,96031,97046,1303852,1267397,359710,362085,49612,47652,178100,177428,12270,11551,561637,531623,446742,423218,35442,33994,36145,32089,7517,7462,2181,2185,33610,32675,477337,452977,48891,47325,53581,48605,16084,15968,4641,4662
R,5,2020,21,4528860,2300414,2228446,1627348,1562840,339756,339057,52111,47594,149229,147023,7909,7483,124061,124449,1741034,1677119,389882,391614,99560,93611,189832,187488,16558,15792,1758362,1714483,1195704,1153436,305799,306333,17138,16342,141863,139599,5738,5460,92120,93313,1280309,1239365,343405,346141,47972,46599,174254,172030,11975,11420,542052,513963,431644,409404,33957,32724,34973,31252,7366,7424,2171,2023,31941,31136,460725,437754,46477,45473,51588,47012,15578,15458,4583,4372
R,5,2020,22,4377236,2226191,2151045,1571544,1504907,326289,324271,50620,46297,152869,149285,7611,7254,117258,119031,1679046,1614073,373258,374099,95929,90823,191039,187822,15635,14959,1704069,1657498,1155465,1111238,293812,293467,16181,15494,145758,142206,5574,5272,87279,89821,1235565,1193841,329059,331553,45639,44695,176486,173523,11432,10923,522122,493547,416079,393669,32477,30804,34439,30803,7111,7079,2037,1982,29979,29210,443481,420232,44199,42546,50290,46128,14553,14299,4203,4036
R,5,2020,23,4284999,2180162,2104837,1540190,1471756,314618,313786,49992,45436,155380,151474,7341,6893,112641,115492,1643141,1577714,358991,361265,94412,89676,192057,188576,15099,14409,1666322,1620133,1131048,1085630,282630,283612,15550,14845,148503,144656,5324,5053,83267,86337,1207411,1164997,315528,319648,44085,43568,177991,174606,10960,10477,513840,484704,409142,386126,31988,30174,34442,30591,6877,6818,2017,1840,29374,29155,435730,412717,43463,41617,50327,46108,14066,13970,4139,3932
R,5,2020,24,4296846,2183330,2113516,1545175,1479712,311708,313852,50496,45677,158347,154256,7413,6993,110191,113026,1645955,1583172,354630,359714,94431,90035,193931,190280,15224,14529,1672464,1629739,1138846,1094692,280005,283563,15488,14581,151315,147199,5404,5181,81406,84523,1213507,1172292,311706,318168,43819,43498,179999,176379,11095,10704,510866,483777,406329,385020,31703,30289,35008,31096,7032,7057,2009,1812,28785,28503,432448,410880,42924,41546,50612,46537,13932,13901,4129,3825
R,5,2020,25,4326955,2192301,2134654,1552095,1491621,315679,323308,50685,45845,158631,154966,7561,7088,107650,111826,1650174,1593705,357157,368412,94664,90189,193207,190484,15253,14740,1684900,1649721,1148821,1105497,284052,292238,15530,14784,151600,148189,5610,5216,79287,83797,1221117,1182123,314635,326166,43832,43981,179511,177122,11261,10857,507401,484933,403274,386124,31627,31070,35155,31061,7031,6777,1951,1872,28363,28029,429057,411582,42522,42246,50832,46208,13696,13362,3992,3883
R,5,2020,26,4365383,2204657,2160726,1561405,1505379,319557,332829,50571,46492,160085,157777,7396,7108,105643,111141,1657441,1606848,359419,377118,94254,91850,194206,192671,15265,14708,1702228,1675658,1161340,1119720,288507,301663,15779,15174,153256,150949,5428,5201,77918,82951,1232238,1195645,317814,334774,43817,45037,181064,179247,11227,10787,502429,485068,400065,385659,31050,31166,34792,31318,6829,6828,1968,1907,27725,28190,425203,411203,41605,42344,50437,46813,13142,13424,4038,3921
R,5,2020,27,4439156,2235673,2203483,1584137,1532262,325251,341246,51545,47633,163500,164681,7492,7198,103748,110463,1678321,1632949,364074,384399,95266,94002,196700,199075,15188,14698,1733524,1716109,1184330,1145086,294020,309830,16169,15629,156782,157804,5588,5223,76635,82537,1253979,1220451,322502,341796,44559,46486,183760,185909,11282,10766,502149,487374,399807,387176,31231,31416,35376,32004,6718,6877,1904,1975,27113,27926,424342,412498,41572,42603,50707,47516,12940,13166,3906,3932
R,5,2020,28,4514786,2266963,2247823,1615002,1567896,325496,345507,51939,48011,164493,169605,7330,7030,102703,109774,1708429,1667920,362512,387316,96560,95390,197120,203586,14979,14501,1765673,1761090,1215432,1181107,294560,313605,16663,16263,157805,162888,5464,5258,75749,81969,1284407,1255957,321445,344460,45729,47872,184437,190591,11204,10805,501290,486733,399570,386789,30936,31902,35276,31748,6688,6717,1866,1772,26954,27805,424022,411963,41067,42856,50831,47518,12683,12995,3775,3696
R,5,2020,29,4622863,2317688,2305175,1655438,1606558,330961,355258,53103,48896,169035,177472,7620,7293,101531,109698,1747291,1706497,367040,395973,97705,97308,201725,211463,15326,14899,1813567,1816027,1254613,1218810,299349,323092,17007,16532,162157,170432,5684,5409,74757,81752,1322383,1293445,325336,352837,45931,48885,188903,198178,11416,11111,504121,489148,400825,387748,31612,32166,36096,32364,6878,7040,1936,1884,26774,27946,424908,413052,41704,43136,51774,48423,12822,13285,3910,3788
R,5,2020,30,4635011,2319483,2315528,1660726,1615008,330213,355584,52247,48579,169884,181455,7469,7244,98944,107658,1750468,1712824,364462,394662,96296,97266,201691,214635,14974,14675,1825143,1832763,1266974,1231804,299239,323566,16910,16688,163355,174740,5570,5387,73095,80578,1333330,1305111,323777,351967,45797,49646,189481,202015,11215,11059,494340,482765,393752,383204,30974,32018,35337,31891,6529,6715,1899,1857,25849,27080,417138,407713,40685,42695,50499,47620,12210,12620,3759,3616
R,5,2020,31,4514855,2254653,2260202,1619962,1578994,313908,341740,50484,47256,168960,182932,7117,6866,94222,102414,1705340,1671994,345861,378167,93034,94284,199351,214587,14276,13900,1782023,1797426,1243278,1210852,284704,311391,16346,16387,162635,176538,5335,5134,69725,77124,1306446,1280914,307580,337925,44262,48508,187695,202817,10835,10529,472630,462776,376684,368142,29204,30349,34138,30869,6325,6394,1782,1732,24497,25290,398894,391080,38281,40242,48772,45776,11656,11770,3441,3371
R,5,2020,32,4455709,2221814,2233895,1606458,1568907,302592,331470,50491,46622,164073,180152,6964,6880,91236,99864,1689174,1659628,332755,366678,92373,93378,193169,210562,13922,13818,1753596,1776234,1232512,1204586,274375,302015,16014,15676,157891,173882,5219,5176,67585,74899,1293771,1272771,295913,327473,43551,47551,182052,198977,10562,10469,468218,457661,373946,364321,28217,29455,34477,30946,6182,6270,1745,1704,23651,24965,395403,386857,36842,39205,48822,45827,11117,11585,3360,3349
R,5,2020,33,4412009,2199096,2212913,1597838,1560798,295837,324808,49776,46578,160665,176934,7041,6704,87939,97091,1677382,1649008,324489,358482,91241,93305,188618,206111,13835,13245,1737703,1759293,1228707,1199575,268531,296006,15701,15346,154641,170773,5295,5001,64828,72592,1287281,1265555,288845,320164,42859,47287,177812,194941,10530,9979,461393,453620,369131,361223,27306,28802,34075,31232,6024,6161,1746,1703,23111,24499,390101,383453,35644,38318,48382,46018,10806,11170,3305,3266
R,5,2020,34,4458911,2222984,2235927,1619390,1581813,295357,325078,50666,47047,163004,179862,6944,6670,87623,95457,1698771,1668487,323356,357202,92722,93969,190536,208232,13804,13324,1757236,1781660,1246816,1218996,267978,296765,15485,15705,156954,173768,5303,5037,64700,71389,1305455,1283857,287537,319628,43413,48074,179798,197211,10508,10102,465748,454267,372574,362817,27379,28313,35181,31342,6050,6094,1641,1633,22923,24068,393316,384630,35819,37574,49309,45895,10738,11021,3296,3222
R,5,2020,35,4418389,2201232,2217157,1608605,1571954,289199,318620,49693,47099,162875,180526,6788,6594,84072,92364,1684662,1655739,315237,348909,90951,93731,189213,207586,13313,13041,1744714,1767602,1242569,1212520,263253,291102,15135,15589,156860,174620,5125,4962,61772,68809,1298428,1274972,281368,312504,42456,47595,178622,197037,10105,9892,456518,449555,366036,359434,25946,27518,34558,31510,6015,5906,1663,1632,22300,23555,386234,380767,33869,36405,48495,46136,10591,10549,3208,3149
R,5,2020,36,4330908,2153766,2177142,1574526,1542446,280909,312405,49186,45916,161020,179444,6626,6539,81499,90392,1647943,1624187,305886,341596,89927,92552,186329,205684,13122,12993,1706581,1735177,1215978,1188114,255453,285723,14933,15117,155301,173702,5018,4864,59898,67657,1269835,1249282,272873,306399,41978,47517,176190,195381,10022,9840,447185,441965,358548,354332,25456,26682,34253,30799,5719,5742,1608,1675,21601,22735,378108,374905,33013,35197,47949,45035,10139,10303,3100,3153
R,5,2020,37,4390230,2177534,2212696,1594740,1570682,284520,316418,49913,47552,159915,180754,6366,6468,82080,90822,1668927,1652715,309482,345380,91747,95439,184570,206592,12792,12884,1726494,1761059,1232245,1208289,259194,289482,15308,15556,154391,175026,4755,4844,60601,67862,1286950,1269564,276676,309961,43400,48952,174805,196305,9677,9762,451040,451637,362495,362393,25326,26936,34605,31996,5524,5728,1611,1624,21479,22960,381977,383151,32806,35419,48347,46487,9765,10287,3115,3122
R,5,2020,38,4338438,2148073,2190365,1578155,1557212,280006,312940,49026,46802,155685,178128,6299,6397,78902,88886,1649236,1637434,303911,341412,89716,94187,179195,202999,12508,12653,1703077,1743276,1220255,1198366,255077,286343,14742,14877,150125,172483,4723,4707,58155,66500,1272507,1258451,271882,306467,42094,47959,169542,193007,9536,9506,444996,447089,357900,358846,24929,26597,34284,31925,5560,5645,1576,1690,20747,22386,376729,378983,32029,34945,47622,46228,9653,9992,2972,3147
R,5,2020,39,4341959,2151407,2190552,1582427,1559458,283898,316812,49644,47141,150481,173524,6335,6198,78622,87419,1653274,1638474,307536,344704,90851,94363,173409,197452,12421,12202,1704016,1742577,1222098,1198911,259412,290595,15017,15127,144958,167897,4657,4634,57874,65413,1274138,1258042,275966,310443,42726,48214,163873,187631,9328,9175,447391,447975,360329,360547,24486,26217,34627,32014,5523,5627,1678,1564,20748,22006,379136,380432,31570,34261,48125,46149,9536,9821,3093,3027
R,5,2020,40,4295862,2127555,2168307,1563932,1541055,284148,316628,48671,46840,148215,171733,6296,6339,76293,85712,1632618,1618267,307002,343900,89253,93515,170018,195010,12148,12372,1685163,1724396,1206426,1183604,260265,290815,14652,15070,142823,166284,4733,4658,56264,63965,1256954,1241204,276167,310044,42120,47809,160905,185447,9320,9273,442392,443911,357506,357451,23883,25813,34019,31770,5392,5449,1563,1681,20029,21747,375664,377063,30835,33856,47133,45706,9113,9563,2828,3099
R,5,2020,41,4096683,2024630,2072053,1490069,1474875,268800,300820,46575,44514,141455,165306,5895,5708,71836,80830,1554704,1547674,289967,326357,85407,88810,161780,187093,11305,11253,1606847,1648799,1152467,1133136,246442,276626,13907,14064,136440,160018,4404,4214,53187,60741,1200293,1187842,261266,294641,40396,45468,153258,178057,8574,8464,417783,423254,337602,341739,22358,24194,32668,30450,5015,5288,1491,1494,18649,20089,354411,359832,28701,31716,45011,43342,8522,9036,2731,2789
R,5,2020,42,4028870,1987471,2041399,1470603,1462216,258816,290772,45474,44219,137296,159977,5543,5655,69739,78560,1533530,1533014,279119,314977,83501,87870,157047,181210,10604,10986,1575457,1620592,1135960,1121115,237631,267398,13650,14257,132430,154767,4136,4170,51650,58885,1182502,1174158,251714,284533,39617,45139,148887,172223,8018,8318,412014,420807,334643,341101,21185,23374,31824,29962,4866,5210,1407,1485,18089,19675,351028,358856,27405,30444,43884,42731,8160,8987,2586,2668
R,5,2020,43,3951059,1947951,2003108,1440366,1433318,252391,285121,44736,43137,137370,160314,5460,5517,67628,75701,1501229,1501517,271863,308315,82159,85886,156187,180515,10525,10599,1543683,1587192,1111040,1094705,231958,262544,13714,13928,132617,155248,4055,4071,50299,56696,1156183,1145714,245483,278855,39510,44108,148352,171986,7977,7988,404268,415916,329326,338613,20433,22577,31022,29209,4753,5066,1405,1446,17329,19005,345046,355803,26380,29460,42649,41778,7835,8529,2548,2611
R,5,2020,44,3872537,1909299,1963238,1410033,1405298,246471,277363,43776,42030,138450,160639,5198,5318,65371,72590,1468852,1470519,264788,299338,80516,83257,156350,179820,9996,10176,1513027,1555901,1086584,1071984,226820,256007,13238,13544,133843,155670,3934,3934,48608,54762,1130243,1121138,239576,271655,38667,42916,148783,171632,7678,7710,396272,407337,323449,333314,19651,21356,30538,28486,4607,4969,1264,1384,16763,17828,338609,349381,25212,27683,41849,40341,7567,8188,2318,2466
R,5,2020,45,3904215,1927175,1977040,1428321,1421950,246384,275375,42921,41823,140751,161879,5096,5102,63702,70911,1485585,1485775,264220,296272,79041,82574,157984,180679,9655,9633,1536388,1574816,1108215,1091969,227332,254582,13273,13667,136221,157107,3845,3811,47502,53680,1150828,1140170,239904,269492,38415,42855,150535,172824,7352,7307,390787,402224,320106,329981,19052,20793,29648,28156,4530,4772,1251,1291,16200,17231,334757,345605,24316,26780,40626,39719,7449,7855,2303,2326
R,5,2020,46,3817993,1881457,1936536,1393623,1391228,241067,270668,41348,40212,139153,160444,4879,5096,61387,68888,1448802,1453167,257915,290797,76472,79979,155806,178693,9264,9565,1506194,1547319,1085268,1070918,223156,250920,12934,13525,134858,155862,3728,3743,46250,52351,1126675,1117911,235070,265270,37806,42259,148837,171114,7123,7217,375263,389217,308355,320310,17911,19748,28414,26687,4295,4582,1151,1353,15137,16537,322127,335256,22845,25527,38666,37720,6969,7579,2141,2348
R,5,2020,47,3917175,1925023,1992152,1425721,1431231,250463,281715,41426,40407,140926,164240,4866,5036,61621,69523,1481121,1493645,267093,301995,76987,80869,157467,182175,9198,9598,1551935,1603414,1118760,1110653,232723,262074,13464,13865,136648,159656,3703,3771,46637,53395,1160497,1158493,244528,276747,38813,43533,150537,174731,7166,7342,373088,388738,306961,320578,17740,19641,27962,26542,4278,4584,1163,1265,14984,16128,320624,335152,22565,25248,38174,37336,6930,7444,2032,2256
R,5,2020,48,4087204,2009931,2077273,1506488,1511226,255565,288234,40741,39907,139774,162201,4815,4928,62548,70777,1562754,1575000,272202,308221,77628,82041,155922,179921,9206,9460,1641896,1693294,1202256,1193863,238320,269092,13837,14102,135558,157646,3630,3711,48295,54880,1245599,1243174,250422,283692,40846,45500,149285,172627,7122,7287,368035,383979,304232,317363,17245,19142,26904,25805,4216,4555,1185,1217,14253,15897,317155,331826,21780,24529,36782,36541,6637,7294,2084,2173
R,5,2020,49,4345710,2140540,2205170,1620121,1621432,270342,304263,41342,40526,138408,160763,5041,5048,65286,73138,1678935,1687272,287448,324772,80553,84878,154732,178356,9592,9735,1767709,1820172,1311855,1302721,252700,284908,14311,14993,134177,156309,3827,3863,50839,57378,1357604,1354212,265151,300072,43490,48774,148055,171146,7468,7633,372831,384998,308266,318711,17642,19355,27031,25533,4231,4454,1214,1185,14447,15760,321331,333060,22297,24700,37063,36104,6677,7210,2124,2102
R,5,2020,50,4261041,2099554,2161487,1597141,1599848,260743,291114,40132,39080,134589,156298,4821,4969,62128,70178,1653083,1663022,276893,310485,77743,82089,149798,172973,9327,9606,1736401,1789250,1296130,1291215,243784,272710,13692,14493,130595,151970,3673,3824,48527,55038,1339704,1340636,255640,287107,41905,47165,143561,166015,7318,7569,363153,372237,301011,308633,16959,18404,26440,24587,3994,4328,1148,1145,13601,15140,313379,322386,21253,23378,35838,34924,6237,6958,2009,2037
R,5,2020,51,4116461,2023315,2093146,1543825,1554255,248657,279239,38370,37556,129841,151439,4463,4825,58159,65832,1596353,1613493,263452,297227,74072,78611,143851,166542,8520,9056,1679512,1739913,1258155,1260937,232888,261988,13518,14256,126121,147427,3423,3663,45407,51642,1299082,1307320,243690,275140,40420,45726,137975,160130,6688,7036,343803,353233,285670,293318,15769,17251,24852,23300,3720,4012,1040,1162,12752,14190,297271,306173,19762,22087,33652,32885,5876,6412,1832,2020
R,5,2020,52,4021316,1973708,2047608,1509150,1522058,247260,279862,37148,36294,120725,141949,4429,4648,54996,62797,1558709,1578529,261282,297214,71350,75644,133515,155983,8231,8772,1640091,1703792,1231606,1235830,231858,263009,13287,14024,117071,138009,3432,3595,42837,49325,1270054,1280105,242018,275788,39160,44234,127845,149733,6523,6929,333617,343816,277544,286228,15402,16853,23861,22270,3654,3940,997,1053,12159,13472,288655,298424,19264,21426,32190,31410,5670,6250,1708,1843
R,5,2020,53,4053803,1986111,2067692,1529740,1550872,247901,282181,36146,35618,114177,132481,4547,4504,53600,62036,1578025,1606744,261440,299083,69976,75122,126288,145710,8282,8484,1661673,1733938,1258642,1272464,233321,265708,13458,14293,110821,128820,3487,3451,41944,49202,1296350,1316693,243209,278334,39098,45049,121048,139930,6543,6651,324438,333754,271098,278408,14580,16473,22688,21325,3356,3661,1060,1053,11656,12834,281675,290051,18231,20749,30878,30073,5240,5780,1739,1833
R,5,2020,54,4158660,2035653,2123007,1565510,1590102,258677,294500,36273,36222,116399,134936,4453,4650,54341,62597,1614170,1646198,272551,311640,70885,76258,128394,148342,8349,8712,1712180,1789967,1295062,1312111,243755,278225,13983,14910,113068,131322,3448,3597,42864,49802,1333325,1356660,253943,290958,40657,46281,123205,142581,6618,6873,323473,333040,270448,277991,14922,16275,22290,21312,3331,3614,1005,1053,11477,12795,280845,289538,18608,20682,30228,29977,5189,5761,1731,1839
R,5,2020,55,4345240,2120989,2224251,1647688,1685087,263050,300750,36156,36053,115077,133989,4260,4691,54758,63681,1696984,1742360,276405,317810,71600,77525,126895,147006,8013,8725,1804930,1896439,1382400,1410370,249002,284810,14483,15716,111891,130498,3278,3680,43876,51365,1421794,1456482,258997,297760,42293,48746,121974,141488,6366,7005,316059,327812,265288,274717,14048,15940,21673,20337,3186,3491,982,1011,10882,12316,275190,285878,17408,20050,29307,28779,4921,5518,1647,1720
R,5,2020,56,4421340,2153578,2267762,1680952,1727868,261587,298929,35280,35503,116890,137205,4139,4489,54730,63768,1730206,1785189,274879,315486,71241,77468,128323,150239,7870,8530,1850200,1949213,1426319,1460682,247821,283432,14678,15846,113899,133913,3300,3474,44183,51866,1465958,1507228,257861,296087,43225,49639,123651,145000,6378,6800,303378,318549,254633,267186,13766,15497,20602,19657,2991,3292,839,1015,10547,11902,264248,277961,17018,19399,28016,27829,4672,5239,1492,1730
R,5,2020,57,4420841,2150435,2270406,1685646,1738714,257502,296373,34101,34357,115895,134075,4043,4519,53248,62368,1733592,1794789,270079,312550,69232,75767,127127,146485,7614,8372,1859809,1963609,1440891,1480460,244540,281877,14705,15767,112997,130797,3207,3625,43469,51083,1479944,1526284,254141,294390,42949,49355,122646,141424,6204,6814,290626,306797,244755,258254,12962,14496,19396,18590,2898,3278,836,894,9779,11285,253648,268505,15938,18160,26283,26412,4481,5061,1410,1558
R,5,2020,58,4408698,2140739,2267959,1696998,1756537,251849,291593,32483,33366,103445,121440,4095,4317,51869,60706,1743757,1811232,263904,307140,67069,74083,114200,133254,7480,7979,1864719,1976355,1464079,1510684,239725,278052,14380,15667,100739,118450,3280,3429,42516,50073,1502310,1555701,249010,290147,42242,48975,110114,128590,6135,6465,276020,291604,232919,245853,12124,13541,18103,17699,2706,2990,815,888,9353,10633,241447,255531,14894,16993,24827,25108,4086,4664,1345,1514
R,5,2020,59,4449492,2155232,2294260,1712642,1781639,253192,293001,31804,32846,102391,122485,3937,4231,51266,60058,1758867,1835625,265326,308286,66079,73267,112913,134139,7258,7983,1888215,2009256,1487331,1541122,241501,279965,14257,15716,99838,119593,3161,3404,42127,49456,1525211,1585516,250816,291777,42062,48769,108938,129585,5937,6460,267017,285004,225311,240517,11691,13036,17547,17130,2553,2892,776,827,9139,10602,233656,250109,14510,16509,24017,24498,3975,4554,1321,1523
R,5,2020,60,4386229,2119380,2266849,1684868,1760285,248635,290175,30722,31923,102193,122525,3709,4056,49253,57885,1729170,1812243,260066,305102,63667,70793,112439,133763,6929,7511,1863965,1993087,1469248,1529419,237387,277384,13917,15375,99699,119768,2998,3276,40716,47865,1505770,1572253,246268,289080,40719,47307,108664,129400,5688,6148,255415,273762,215620,230866,11248,12791,16805,16548,2494,2757,711,780,8537,10020,223400,239990,13798,16022,22948,23486,3775,4363,1241,1363
R,5,2020,61,4302461,2072042,2230419,1654724,1739771,239981,281858,28737,30416,98136,119226,3550,3812,46914,55336,1696910,1789586,250922,295911,60388,67845,107630,129794,6493,7106,1834561,1973110,1454212,1522235,229406,270191,13330,14941,95810,116643,2876,3127,38927,45973,1489138,1563497,237963,281266,39203,45828,104126,125775,5344,5833,237481,257309,200512,217536,10575,11667,15407,15475,2326,2583,674,685,7987,9363,207772,226089,12959,14645,21185,22017,3504,4019,1149,1273
R,5,2020,62,4284161,2057384,2226777,1650290,1746388,233482,275614,27317,29089,97757,118409,3313,3579,45225,53698,1690982,1794637,243876,289270,57846,65798,106975,128444,6137,6667,1832191,1978656,1459493,1535985,223591,264488,13032,14511,95588,115912,2726,2893,37761,44867,1493351,1576207,231775,275355,38245,44962,103671,124637,5130,5470,225193,248121,190797,210403,9891,11126,14285,14578,2169,2497,587,686,7464,8831,197631,218430,12101,13915,19601,20836,3304,3807,1007,1197
R,5,2020,63,4182165,2001205,2180960,1609972,1714198,224709,269180,26118,27689,94152,115649,3245,3461,43009,50783,1648719,1759836,234613,281982,55357,62601,102719,124949,5933,6418,1787899,1942906,1429100,1511895,215452,258442,12549,13923,92137,113374,2683,2825,35978,42447,1461439,1549920,223259,268636,36733,42930,99680,121411,4942,5318,213306,238054,180872,202303,9257,10738,13569,13766,2015,2275,562,636,7031,8336,187280,209916,11354,13346,18624,19671,3039,3538,991,1100
R,5,2020,64,4054456,1934629,2119827,1560707,1669113,213940,258495,24624,26454,92047,114120,2964,3322,40347,48323,1597063,1712501,223247,270716,51909,59564,100047,123170,5551,6171,1731944,1892417,1388686,1475586,205124,248188,11773,13561,90109,111864,2437,2712,33815,40506,1419079,1511851,212455,257861,34378,41177,97152,119751,4629,5128,202685,227410,172021,193527,8816,10307,12851,12893,1938,2256,527,610,6532,7817,177984,200650,10792,12855,17531,18387,2895,3419,922,1043
R,5,2020,65,3964583,1886401,2078182,1528452,1644752,204016,248029,23222,25003,89858,111562,2877,3210,37976,45626,1562544,1685490,212881,259720,48976,56231,97369,120101,5341,5988,1695279,1861409,1366224,1459951,195609,238444,11316,12670,88072,109511,2372,2622,31686,38211,1394600,1493922,202555,247714,32568,38649,94683,116968,4470,4997,191122,216773,162228,184801,8407,9585,11906,12333,1786,2051,505,588,6290,7415,167944,191568,10326,12006,16408,17582,2686,3133,871,991
R,5,2020,66,3790804,1793595,1997209,1465461,1592455,187251,232756,20963,22933,83007,103686,2545,2949,34368,42430,1496361,1630490,195331,243675,44498,52165,89606,111295,4685,5497,1619174,1795580,1316720,1419997,179678,223849,10417,12011,81414,101740,2104,2424,28841,35559,1342577,1451770,186007,232480,30009,36451,87250,108341,3947,4596,174421,201629,148741,172458,7573,8907,10546,10922,1593,1946,441,525,5527,6871,153784,178720,9324,11195,14489,15714,2356,2954,738,901
R,5,2020,67,3660968,1727082,1933886,1418631,1549306,174440,219901,19241,21436,80302,100739,2423,2765,32045,39739,1447412,1585008,181978,229956,41110,48807,86558,107825,4487,5181,1565097,1744127,1279949,1386477,167423,211599,9783,11384,78914,99000,2026,2316,27002,33351,1304116,1416308,173397,219630,28050,34221,84460,105197,3785,4402,161985,189759,138682,162829,7017,8302,9458,10052,1388,1739,397,449,5043,6388,143296,168700,8581,10326,13060,14586,2098,2628,702,779
R,5,2020,68,3507911,1650513,1857398,1364493,1497174,162951,208209,17560,19845,73338,92780,2246,2549,29925,36841,1391439,1530162,169915,217712,38289,45478,78875,99132,4155,4772,1500430,1680806,1235493,1345190,156653,200543,9119,10661,72007,91205,1896,2123,25262,31084,1258136,1372910,162203,208086,26483,32317,76924,96740,3528,4041,150083,176592,129000,151984,6298,7666,8441,9184,1331,1575,350,426,4663,5757,133303,157252,7712,9626,11806,13161,1951,2392,627,731
R,5,2020,69,3344518,1566047,1778471,1292471,1427380,155589,203251,16552,18837,71435,91943,2092,2465,27908,34595,1317491,1458409,162190,212318,35902,42975,76553,97726,3859,4543,1423031,1608299,1169459,1280804,149518,195991,8508,9995,70235,90431,1785,2062,23526,29016,1190440,1306720,154771,203222,24743,30238,74725,95411,3308,3829,143016,170172,123012,146576,6071,7260,8044,8842,1200,1512,307,403,4382,5579,127051,151689,7419,9096,11159,12737,1828,2315,551,714
R,5,2020,70,3229451,1507271,1722180,1246845,1385971,146020,192109,15400,17345,71123,91900,1982,2210,25901,32645,1270156,1415113,152158,200723,33207,39915,75904,97512,3688,4230,1374606,1561277,1132429,1246902,140441,185201,8180,9375,69922,90412,1685,1858,21949,27529,1152116,1271365,145338,192117,23170,28396,74147,95279,3196,3603,132665,160903,114416,139069,5579,6908,7220,7970,1201,1488,297,352,3952,5116,118040,143748,6820,8606,10037,11519,1757,2233,492,627
R,5,2020,71,3126105,1453701,1672404,1213384,1360237,134129,178109,14226,16058,65733,84933,1884,2141,24345,30926,1235240,1387914,139726,186189,31234,37701,70157,89999,3527,4071,1331621,1522617,1107660,1230430,129205,171860,7719,8803,64639,83557,1575,1805,20823,26162,1126286,1253761,133708,178353,22208,27116,68576,87972,3018,3461,122080,149787,105724,129807,4924,6249,6507,7255,1094,1376,309,336,3522,4764,108954,134153,6018,7836,9026,10585,1581,2027,509,610
R,5,2020,72,3103969,1442364,1661605,1220099,1370039,123191,166022,13200,15015,61090,78828,1697,1934,23087,29767,1240960,1396731,128451,173731,29350,35915,65181,83655,3161,3705,1326508,1518949,1119446,1246153,118603,160030,7267,8308,60087,77580,1443,1616,19662,25262,1137159,1268727,122879,166268,20920,25995,63716,81804,2754,3184,115856,142656,100653,123886,4588,5992,5933,6707,1003,1248,254,318,3425,4505,103801,128004,5572,7463,8430,9920,1465,1851,407,521
R,5,2020,73,3068429,1422686,1645743,1218138,1375947,112319,152170,12378,14425,56177,73057,1568,1641,22106,28503,1238184,1401717,117183,159339,28056,34621,59922,77544,2972,3369,1315672,1511461,1124894,1259099,108137,146639,6923,8099,55338,71900,1337,1371,19043,24353,1142145,1281041,112071,152441,20412,25401,58655,75808,2586,2880,107014,134282,93244,116848,4182,5531,5455,6326,839,1157,231,270,3063,4150,96039,120676,5112,6898,7644,9220,1267,1736,386,489
R,5,2020,74,2279855,1047492,1232363,883211,1012833,89127,124124,9610,11742,47848,60924,1338,1585,16358,21155,897932,1031746,93004,129764,20775,26123,50860,64608,2542,3031,955960,1114598,803369,910303,85509,119147,5118,6206,47053,59880,1123,1325,13788,17737,815747,926075,88549,123652,14490,18253,49683,63086,2181,2590,91532,117765,79842,102530,3618,4977,4492,5536,795,1044,215,260,2570,3418,82185,105671,4455,6112,6285,7870,1177,1522,361,441
R,5,2020,75,2209566,1007119,1202447,853780,993380,83298,119154,8872,10942,44622,57550,1196,1424,15351,19997,867604,1011187,86921,124608,19333,24599,47481,60877,2343,2811,923872,1093739,780999,898234,80069,114790,4765,5971,43963,56636,1026,1175,13050,16933,792702,913254,82964,119197,13608,17521,46490,59551,2046,2384,83247,108708,72781,95146,3229,4364,4107,4971,659,914,170,249,2301,3064,74902,97933,3957,5411,5725,7078,991,1326,297,427
R,5,2020,76,2152995,975668,1177327,834259,984068,76902,110679,8352,10128,40957,52065,1040,1302,14158,19085,846998,1001072,80358,115870,18175,23326,43385,55116,2054,2637,899030,1075131,767145,894414,73973,106643,4614,5569,40365,51214,883,1094,12050,16197,777957,908781,76737,110873,12980,16782,42508,53858,1753,2264,76638,102196,67114,89654,2929,4036,3738,4559,592,851,157,208,2108,2888,69041,92291,3621,4997,5195,6544,877,1258,301,373
R,5,2020,77,2132636,959420,1173216,827071,989033,72398,107247,7412,9426,38339,48367,931,1176,13269,17967,839013,1005120,75537,112137,16536,21927,40704,51179,1906,2356,888883,1076312,765148,904257,69623,103189,4143,5116,37758,47593,803,965,11408,15192,775403,917789,72169,107099,11984,15760,39848,50003,1656,2009,70537,96904,61923,84776,2775,4058,3269,4310,581,774,128,211,1861,2775,63610,87331,3368,5038,4552,6167,856,1176,250,347
R,5,2020,78,1824288,812600,1011688,696319,847232,62592,94270,6500,8357,35063,45256,852,1102,11274,15471,706467,861087,65283,98415,14271,19075,37086,47812,1641,2086,749926,926153,641155,772010,60179,91034,3672,4549,34601,44558,720,913,9599,13089,649775,783664,62349,94380,10264,13619,36388,46775,1399,1786,62674,85535,55164,75222,2413,3236,2828,3808,462,698,132,189,1675,2382,56692,77423,2934,4035,4007,5456,698,1037,242,300
R,5,2020,79,1638528,721173,917355,616346,765921,55857,87328,5838,7602,32362,41699,795,944,9975,13861,625318,778239,58325,91232,12642,17035,34204,44027,1478,1889,663708,836737,565721,694879,53654,84180,3305,4192,31924,41062,679,778,8425,11646,573276,705188,55597,87289,9033,12131,33547,43078,1259,1596,57465,80618,50625,71042,2203,3148,2533,3410,438,637,116,166,1550,2215,52042,73051,2728,3943,3609,4904,657,949,219,293
R,5,2020,80,1496214,650401,845813,554723,705750,50629,80930,5254,6962,30283,38688,659,911,8853,12572,562651,716881,52792,84526,11224,15409,31961,40815,1290,1812,597405,770038,508076,638900,48566,77922,2877,3820,29862,38076,520,747,7504,10573,514773,648186,50288,80797,7900,10949,31364,39923,1089,1531,52996,75775,46647,66850,2063,3008,2377,3142,421,612,139,164,1349,1999,47878,68695,2504,3729,3324,4460,597,892,201,281
R,5,2020,81,1394843,602468,792375,517403,666234,44845,72693,4667,6534,27143,34782,558,804,7852,11328,524463,676332,46787,75868,9901,14212,28684,36623,1113,1566,554428,722813,474953,604812,43016,69942,2523,3621,26776,34248,452,666,6708,9524,480963,613245,44561,72487,6982,10090,28149,35850,954,1346,48040,69562,42450,61422,1829,2751,2144,2913,367,534,106,138,1144,1804,43500,63087,2226,3381,2919,4122,535,773,159,220
R,5,2020,82,1283422,546957,736465,470432,619950,40251,67470,4052,5777,24568,32496,541,702,7113,10070,476827,628894,42055,70376,8810,12417,25916,34267,1033,1395,503964,672838,432219,563647,38664,64923,2298,3169,24234,32015,456,588,6093,8496,437693,571135,40113,67299,6376,8774,25427,33558,875,1197,42993,63627,38213,56303,1587,2547,1754,2608,334,481,85,114,1020,1574,39134,57759,1942,3077,2434,3643,489,709,158,198
R,5,2020,83,1144181,480142,664039,413149,559936,34822,60287,3503,5159,22027,29042,445,663,6196,8952,418722,567797,36427,62898,7556,11012,23245,30688,913,1331,441693,605702,378966,508267,33401,58017,1927,2756,21741,28604,383,539,5275,7519,383690,514812,34682,60166,5365,7653,22825,30034,800,1120,38449,58337,34183,51669,1421,2270,1576,2403,286,438,62,124,921,1433,35032,52985,1745,2732,2191,3359,420,654,113,211
R,5,2020,84,1051558,434557,617001,374986,520436,31626,56453,3120,4670,19036,26741,341,556,5448,8145,379886,527650,33059,58877,6573,9990,20172,28196,767,1134,400157,563616,344428,473086,30371,54437,1689,2525,18782,26300,273,459,4614,6809,348559,479089,31516,56382,4583,6990,19788,27551,658,955,34400,53385,30558,47350,1255,2016,1431,2145,254,441,68,97,834,1336,31327,48561,1543,2495,1990,3000,384,645,109,179
R,5,2020,85,964365,390827,573538,338470,485412,27671,51569,2790,4290,16882,24323,391,528,4623,7416,342615,491940,28902,53692,5712,9084,17816,25726,748,1077,359633,524279,310661,441686,26512,49671,1533,2281,16684,23939,329,440,3914,6262,314148,447157,27501,51373,3981,6345,17527,25178,642,931,31194,49259,27809,43726,1159,1898,1257,2009,198,384,62,88,709,1154,28467,44783,1401,2319,1731,2739,289,548,106,146
R,5,2020,86,819794,326513,493281,282932,417523,22953,44341,2285,3472,14139,21265,309,451,3895,6229,286427,422963,23946,46177,4763,7480,14979,22504,602,938,300292,451153,259580,380049,22025,42659,1208,1887,13942,20937,248,374,3289,5247,262512,384616,22829,44118,3268,5263,14689,22027,499,802,26221,42128,23352,37474,928,1682,1077,1585,197,328,61,77,606,982,23915,38347,1117,2059,1495,2217,290,477,103,136
R,5,2020,87,754881,293900,460981,255415,391682,20302,40395,1907,3262,12587,19720,243,434,3446,5488,258512,396481,21192,42014,4046,6754,13347,20795,526,886,271278,422708,235256,357608,19482,38914,1032,1792,12406,19404,206,362,2896,4628,237848,361637,20194,40215,2811,4732,13081,20344,458,764,22622,38273,20159,34074,820,1481,875,1470,181,316,37,72,550,860,20664,34844,998,1799,1235,2022,266,451,68,122
R,5,2020,88,674930,256515,418415,224932,358878,16325,34577,1616,2791,10503,16914,194,392,2945,4863,227555,363093,17124,36057,3418,5867,11150,17865,443,809,236456,384564,206955,328609,15660,33334,825,1521,10357,16670,163,323,2496,4107,209175,332132,16329,34543,2322,4114,10925,17521,382,694,20059,33851,17977,30269,665,1243,791,1270,146,244,31,69,449,756,18380,30961,795,1514,1096,1753,225,344,61,115
R,5,2020,89,604091,222896,381195,195773,327697,14000,30832,1407,2449,9135,15548,199,329,2382,4340,197919,331438,14657,32129,2844,5226,9694,16406,396,705,205255,349979,179995,299811,13393,29662,712,1268,8998,15338,166,274,1991,3626,181780,302900,13922,30701,1895,3577,9486,16092,334,607,17641,31216,15778,27886,607,1170,695,1181,137,210,33,55,391,714,16139,28538,735,1428,949,1649,208,314,62,98
R,5,2020,90,526852,187776,339076,164887,291636,11711,27615,1230,2029,7856,13813,141,294,1951,3689,166600,294843,12253,28734,2417,4354,8292,14554,328,615,172962,311809,151605,267281,11225,26583,630,1049,7750,13609,113,249,1639,3038,153030,269884,11653,27466,1611,2952,8145,14249,280,535,14814,27267,13282,24355,486,1032,600,980,106,204,28,45,312,651,13570,24959,600,1268,806,1402,147,305,48,80
R,5,2020,91,435815,149885,285930,131861,247005,9390,22858,932,1569,6030,11253,116,240,1556,3005,133235,249594,9855,23806,1897,3425,6379,11862,251,520,137981,263740,121209,227175,8983,21957,455,812,5939,11092,94,205,1301,2499,122356,229296,9358,22739,1246,2318,6252,11631,212,448,11904,22190,10652,19830,407,901,477,757,91,161,22,35,255,506,10879,20298,497,1067,651,1107,127,231,39,72
R,5,2020,92,370772,122103,248669,107592,215310,7503,19558,753,1470,4838,9659,114,192,1303,2480,108728,217424,7891,20332,1504,3015,5144,10170,235,423,112576,230004,99078,198642,7172,18803,370,759,4788,9536,96,159,1072,2105,100008,200421,7472,19433,971,2084,5067,9981,195,365,9527,18665,8514,16668,331,755,383,711,50,123,18,33,231,375,8720,17003,419,899,533,931,77,189,40,58
R,5,2020,93,301440,95029,206411,83489,178766,6062,16293,538,1123,3841,8076,57,174,1042,1979,84412,180468,6365,16915,1158,2325,4075,8479,148,378,87621,191157,76825,165116,5832,15661,259,603,3790,7960,45,147,870,1670,77595,166543,6075,16176,773,1597,3999,8321,121,329,7408,15254,6664,13650,230,632,279,520,51,116,12,27,172,309,6817,13925,290,739,385,728,76,158,27,49
R,5,2020,94,238330,72246,166084,63207,143407,4744,13446,419,927,3087,6484,75,138,714,1682,63810,144817,4937,14028,834,1927,3285,6843,163,316,66488,153718,58027,132369,4551,12964,213,489,3039,6380,61,111,597,1405,58528,133535,4703,13415,550,1318,3216,6687,138,261,5758,12366,5180,11038,193,482,206,438,48,104,14,27,117,277,5282,11282,234,613,284,609,69,156,25,55
R,5,2020,95,186572,53377,133195,46433,115227,3608,10751,334,730,2422,5057,39,109,541,1321,46893,116311,3755,11236,669,1521,2549,5320,103,242,49164,123491,42692,106604,3447,10322,169,405,2380,4980,30,94,446,1086,43074,107486,3572,10714,432,1038,2488,5207,81,204,4213,9704,3741,8623,161,429,165,325,42,77,9,15,95,235,3819,8825,183,522,237,483,61,113,22,38
R,5,2020,96,140021,38308,101713,33172,87687,2650,8453,260,552,1811,3998,34,98,381,925,33502,88442,2758,8760,464,1090,1927,4211,71,215,34954,94431,30168,81192,2535,8135,123,284,1788,3955,27,87,313,778,30437,81819,2622,8387,282,728,1891,4145,58,183,3354,7282,3004,6495,115,318,137,268,23,43,7,11,68,147,3065,6623,136,373,182,362,36,66,13,32
R,5,2020,97,101882,26965,74917,23049,64025,2027,6650,195,391,1379,3050,33,73,282,728,23281,64623,2130,6895,341,817,1454,3220,86,155,24508,69516,20867,59236,1947,6396,94,209,1358,3012,26,66,216,597,21045,59718,2024,6593,203,557,1418,3152,63,131,2457,5401,2182,4789,80,254,101,182,21,38,7,7,66,131,2236,4905,106,302,138,260,36,68,23,24
R,5,2020,98,72105,17580,54525,14857,46426,1327,5046,143,304,987,2197,41,75,225,477,15036,46831,1419,5209,251,565,1059,2315,83,142,15893,50455,13396,42829,1269,4861,61,160,969,2157,24,57,174,391,13533,43157,1332,4992,147,376,1029,2252,59,105,1687,4070,1461,3597,58,185,82,144,18,40,17,18,51,86,1503,3674,87,217,104,189,30,63,24,37
R,5,2020,99,50400,12024,38376,9972,32265,1049,3660,126,261,682,1728,34,47,161,415,10093,32597,1116,3829,212,494,727,1834,70,116,10830,35510,8949,29783,1007,3515,62,149,667,1688,28,43,117,332,9044,30055,1058,3638,119,331,694,1772,50,87,1194,2866,1023,2482,42,145,64,112,15,40,6,4,44,83,1049,2542,58,191,93,163,33,62,20,29
R,5,2020,100,79783,17012,62771,13529,51558,1804,7165,215,391,1066,2885,50,56,348,716,13812,52101,1985,7501,379,748,1175,3073,104,166,15001,57785,11870,47351,1710,6831,102,214,1024,2828,30,32,265,529,12092,47740,1849,7083,219,469,1102,2957,67,113,2011,4986,1659,4207,94,334,113,177,42,57,20,24,83,187,1720,4361,136,418,160,279,73,116,37,53
R,6,2020,999,331521243,162754935,168766308,120943213,123713942,21147915,23151427,3210189,3134109,9869329,10831678,432164,431403,7152125,7503749,127501632,130583304,23835907,26022403,6303092,6476916,12055316,13035464,910938,910531,131755145,137506436,96177284,98673526,19337997,21291923,1129313,1161122,9463764,10419379,321234,320459,5325553,5640027,101065201,103840702,21295122,23403565,3249122,3509237,11208143,12178454,672581,672915,30999790,31259872,24765929,25040416,1809918,1859504,2080876,1972987,405565,412299,110930,110944,1826572,1863722,26436431,26742602,2540785,2618838,3053970,2967679,847173,857010,238357,237616
R,6,2020,0,3700590,1891175,1809415,1248033,1189679,297377,289346,43284,41278,113207,107241,6715,6323,182559,175548,1419080,1353923,386157,375443,93782,89881,177618,168754,17188,16302,1402427,1340301,893495,848937,258758,252087,14332,13765,104227,98536,4660,4463,126955,122513,1013061,964185,320206,312142,43724,42031,152105,144386,11349,10717,488748,469114,354538,340742,38619,37259,28952,27513,8980,8705,2055,1860,55604,53035,406019,389738,65951,63301,50058,47850,25513,24368,5839,5585
R,6,2020,1,3754773,1917022,1837751,1271787,1214715,300166,292654,44079,42703,113803,108056,6936,6668,180251,172955,1440652,1376512,387272,376658,94311,90881,177278,168864,17510,16629,1427034,1364987,913824,868917,262136,256077,15131,14682,104916,99466,4860,4791,126167,121054,1032594,982689,323011,315060,44456,42782,152432,144697,11622,11154,489988,472764,357963,345798,38030,36577,28948,28021,8887,8590,2076,1877,54084,51901,408058,393823,64261,61598,49855,48099,24846,24167,5888,5475
R,6,2020,2,3831170,1957436,1873734,1300238,1240648,307851,299454,45711,43999,117337,111525,7223,6576,179076,171532,1467912,1400965,393797,382411,96259,92278,180428,171770,17909,16539,1460465,1394034,935598,888571,269917,262688,15420,14838,108504,102957,5147,4666,125879,120314,1053999,1001613,330335,321023,45092,42905,155857,148016,12061,10994,496971,479700,364640,352077,37934,36766,30291,29161,8833,8568,2076,1910,53197,51218,413913,399352,63462,61388,51167,49373,24571,23754,5848,5545
R,6,2020,3,3897162,1991905,1905257,1327888,1265381,308402,299690,47394,45898,122481,116368,7329,6882,178411,171038,1494521,1425072,392803,381870,98660,95359,185471,175893,18133,17048,1484034,1414922,953283,904097,270138,262730,16177,15599,113435,107769,5230,4883,125771,119844,1071335,1016590,329554,320554,46351,44513,160936,152151,12236,11372,507871,490335,374605,361284,38264,36960,31217,30299,9046,8599,2099,1999,52640,51194,423186,408482,63249,61316,52309,50846,24535,23742,5897,5676
R,6,2020,4,3979032,2033047,1945985,1367222,1302493,309174,301749,48839,47299,121810,116392,7257,6926,178745,171126,1534281,1462245,392991,383063,101382,97553,184475,175852,18119,17229,1511928,1445351,980738,930592,270974,265115,16451,16159,112773,107759,5185,4936,125807,120790,1098918,1043931,330187,322897,47401,45857,159726,152354,12159,11575,521119,500634,386484,371901,38200,36634,32388,31140,9037,8633,2072,1990,52938,50336,435363,418314,62804,60166,53981,51696,24749,23498,5960,5654
R,6,2020,5,4005372,2046498,1958874,1374988,1311479,313376,304177,49566,47903,124976,118217,7199,6988,176393,170110,1539817,1470223,395901,384998,102226,98602,186295,176667,17708,17024,1526227,1457201,987589,938412,275242,267313,16914,16212,116140,109823,5180,4946,125162,120495,1105118,1051416,334012,324988,48328,46209,162417,153885,12048,11455,520271,501673,387399,373067,38134,36864,32652,31691,8836,8394,2019,2042,51231,49615,434699,418807,61889,60010,53898,52393,23878,22782,5660,5569
R,6,2020,6,3986666,2038217,1948449,1375133,1308840,310750,302031,49586,47570,122823,116977,7280,6940,172645,166091,1536509,1463846,390792,380464,101981,97959,182657,173641,17712,16900,1521877,1450645,989448,937557,273255,265473,16840,16187,114073,108682,5184,4885,123077,117861,1105035,1048130,330562,321720,48302,46190,159463,151356,12038,11406,516340,497804,385685,371283,37495,36558,32746,31383,8750,8295,2096,2055,49568,48230,431474,415716,60230,58744,53679,51769,23194,22285,5674,5494
R,6,2020,7,4005323,2046142,1959181,1379745,1316033,311127,302912,49981,48184,127891,121109,7457,6965,169941,163978,1538262,1468796,389394,379220,102461,99108,186763,177192,17807,16812,1527612,1459099,990711,941310,273844,266808,17108,16324,119381,112822,5287,4926,121281,116909,1104477,1050756,329924,321667,48658,46848,164115,155378,12105,11398,518530,500082,389034,374723,37283,36104,32873,31860,8510,8287,2170,2039,48660,47069,433785,418040,59470,57553,53803,52260,22648,21814,5702,5414
R,6,2020,8,4019615,2055679,1963936,1392465,1325180,313302,303455,51245,48927,124130,118057,7255,6885,167282,161432,1548432,1475594,389923,377871,104020,99812,181376,172913,17500,16693,1531665,1460636,998333,946373,275878,267660,17063,16438,115582,109948,5123,4832,119686,115385,1110493,1054345,331118,321392,48964,47161,159173,151698,11901,11364,524014,503300,394132,378807,37424,35795,34182,32489,8548,8109,2132,2053,47596,46047,437939,421249,58805,56479,55056,52651,22203,21215,5599,5329
R,6,2020,9,4080458,2087908,1992550,1418567,1347772,319624,309316,51769,50241,122999,116909,7339,7080,167610,161232,1574802,1497850,395577,383222,105838,102306,179936,171299,17555,16897,1550219,1475335,1011831,957530,281806,272641,17196,16583,114337,108624,5195,4971,119854,114986,1124105,1065002,336629,325939,49931,48041,157602,149870,12025,11398,537689,517215,406736,390242,37818,36675,34573,33658,8662,8285,2144,2109,47756,46246,450697,432848,58948,57283,55907,54265,22334,21429,5530,5499
R,6,2020,10,4176987,2136437,2040550,1456600,1386013,326894,315760,52090,49920,123365,117979,7243,6887,170245,163991,1615364,1538790,404291,391470,107169,102987,180581,172335,17556,16835,1579526,1506758,1028874,975696,289594,279766,17307,17021,115079,110105,5050,4798,123622,119372,1144668,1087377,346308,335372,51312,50129,159298,152032,12054,11507,556911,533792,427726,410317,37300,35994,34783,32899,8286,7874,2193,2089,46623,44619,470696,451413,57983,56098,55857,52858,21283,20303,5502,5328
R,6,2020,11,4259284,2178752,2080532,1491696,1417602,333536,322303,52640,50991,123691,118541,7186,6943,170003,164152,1649829,1570500,410558,397870,108487,104737,180262,172183,17700,16936,1608291,1533381,1050227,994278,295927,286231,17900,17448,115338,110633,4923,4759,123976,120032,1166049,1106525,352934,342355,52693,51159,159178,152202,12030,11625,570461,547151,441469,423324,37609,36072,34740,33543,8353,7908,2263,2184,46027,44120,483780,463975,57624,55515,55794,53578,21084,19981,5670,5311
R,6,2020,12,4384969,2241574,2143395,1537928,1463558,341614,330073,54785,52756,128214,122972,7315,6921,171718,167115,1697607,1618806,418955,406470,112238,108919,184930,177472,18068,17048,1654043,1577918,1080762,1024974,303598,293456,18726,17787,119783,114801,5010,4759,126164,122141,1198508,1138980,361164,350239,54986,53025,164124,156896,12365,11651,587531,565477,457166,438584,38016,36617,36059,34969,8431,8171,2305,2162,45554,44974,499099,479826,57791,56231,57252,55894,20806,20576,5703,5397
R,6,2020,13,4379986,2241802,2138184,1546639,1468379,339852,326170,55798,53009,125009,120084,7287,7014,167217,163528,1701988,1620160,414321,399861,113127,108985,179900,173175,17683,17111,1654163,1574997,1089441,1029757,302221,290329,18477,17883,116560,112160,4933,4785,122531,120083,1203771,1141752,357413,345338,54602,53257,159355,153451,12086,11655,587639,563187,457198,438622,37631,35841,37321,35126,8449,7924,2354,2229,44686,43445,498217,478408,56908,54523,58525,55728,20545,19724,5597,5456
R,6,2020,14,4312411,2207933,2104478,1534646,1452473,328455,317513,54401,52421,122536,119124,7154,6784,160741,156163,1683971,1597475,398653,386580,110846,106844,175175,169949,17001,16394,1633904,1554550,1085583,1022865,292631,283002,18127,17527,114404,111598,4923,4623,118236,114935,1195919,1130073,344840,334754,54064,52181,155674,151169,11709,11245,574029,549928,449063,429608,35824,34511,36274,34894,8132,7526,2231,2161,42505,41228,488052,467402,53813,51826,56782,54663,19501,18780,5292,5149
R,6,2020,15,4305042,2205878,2099164,1538609,1454044,326051,312031,54224,52444,124067,122322,7101,6759,155826,151564,1683180,1594495,392765,378401,110136,106601,175373,171375,16747,16055,1636529,1556193,1091819,1028802,290841,278546,18185,17349,116173,114988,4896,4677,114615,111831,1198552,1132810,340379,328179,53911,51964,156449,153611,11574,11138,569349,542971,446790,425242,35210,33485,36039,35095,7894,7334,2205,2082,41211,39733,484628,461685,52386,50222,56225,54637,18924,17764,5173,4917
R,6,2020,16,4331400,2220696,2110704,1556016,1468399,325583,312160,54270,51492,125116,123718,7212,6744,152499,148191,1697384,1605972,389906,375926,110044,105532,174965,171474,16766,15807,1656548,1572924,1112075,1045691,291298,279352,18174,17214,117368,116517,4966,4654,112667,109496,1216966,1147665,339318,327077,54152,52120,156673,154088,11589,10970,564148,537780,443941,422708,34285,32808,36096,34278,7748,7201,2246,2090,39832,38695,480418,458307,50588,48849,55892,53412,18292,17386,5177,4837
R,6,2020,17,4296158,2202018,2094140,1543696,1458299,324808,311736,54458,50590,125651,124383,7152,6658,146253,142474,1679246,1590199,385776,371988,109184,103693,173189,170426,16266,15329,1644007,1563384,1104301,1040324,290634,279273,17852,16692,118190,117061,4980,4620,108050,105414,1204741,1138283,336224,324614,53234,51044,155621,153274,11351,10740,558011,530756,439395,417975,34174,32463,36606,33898,7461,7322,2172,2038,38203,37060,474505,451916,49552,47374,55950,52649,17568,17152,4915,4589
R,6,2020,18,4396363,2235411,2160952,1564096,1500566,338362,333193,54028,50420,132330,132308,7157,7036,139438,137429,1692846,1627143,396133,391727,106549,101377,177720,176725,16203,15929,1675130,1626712,1121278,1078254,303518,299444,17633,17097,124855,125028,5006,4974,102840,101915,1216506,1172420,346658,343472,51419,50152,160586,160072,11403,11300,560281,534240,442818,422312,34844,33749,36395,33323,7475,7280,2151,2062,36598,35514,476340,454723,49475,48255,55130,51225,17134,16653,4800,4629
R,6,2020,19,4677104,2367059,2310045,1653834,1606310,361690,358059,54974,50887,151808,151836,7892,7814,136861,135139,1779415,1730420,418356,415715,105823,99621,197005,196461,17368,17020,1794652,1763130,1200875,1171490,324889,323379,18147,17821,144083,144239,5680,5607,100978,100594,1293767,1264052,367041,366858,50990,49340,179795,179903,12403,12265,572407,546915,452959,434820,36801,34680,36827,33066,7725,7597,2212,2207,35883,34545,485648,466368,51315,48857,54833,50281,17210,16558,4965,4755
R,6,2020,20,4667575,2367407,2300168,1665326,1605440,357132,355817,54407,49421,152133,151429,8157,7687,130252,130374,1784802,1725088,410530,411425,103692,96800,194803,194353,16994,16303,1803588,1766153,1216991,1180401,321535,321650,18080,17157,144575,143932,5963,5509,96444,97504,1305675,1270136,361384,363742,49822,47939,178640,178302,12338,11642,563819,534015,448335,425039,35597,34167,36327,32264,7558,7497,2194,2178,33808,32870,479127,454952,49146,47683,53870,48861,16163,16051,4656,4661
R,6,2020,21,4532779,2302329,2230450,1628222,1564147,340293,339506,52096,47628,149315,146967,7935,7477,124468,124725,1742317,1678684,390649,392155,99609,93660,190107,187596,16619,15794,1759492,1715721,1195902,1154210,306273,306703,17156,16359,141934,139540,5747,5443,92480,93466,1280857,1240275,344071,346633,48082,46583,174474,172063,12005,11399,542837,514729,432320,409937,34020,32803,34940,31269,7381,7427,2188,2034,31988,31259,461460,438409,46578,45522,51527,47077,15633,15533,4614,4395
R,6,2020,22,4391389,2233126,2158263,1576855,1510103,327558,325699,50842,46478,152433,149259,7649,7273,117789,119451,1684815,1619715,374771,375755,96353,91079,190727,187877,15699,15033,1709265,1663091,1159518,1115189,294892,294752,16304,15605,145328,142125,5599,5271,87624,90149,1239928,1198163,330337,332987,45853,44892,176126,173482,11476,10948,523861,495172,417337,394914,32666,30947,34538,30873,7105,7134,2050,2002,30165,29302,444887,421552,44434,42768,50500,46187,14601,14395,4223,4085
R,6,2020,23,4292737,2183652,2109085,1542140,1474872,315833,314829,50064,45394,155265,151265,7350,6942,113000,115783,1645461,1581059,360403,362508,94528,89704,192071,188472,15126,14476,1669222,1623691,1132603,1088108,283789,284603,15591,14850,148357,144441,5337,5092,83545,86597,1209239,1167686,316842,320791,44195,43641,177926,174479,10983,10530,514430,485394,409537,386764,32044,30226,34473,30544,6908,6824,2013,1850,29455,29186,436222,413373,43561,41717,50333,46063,14145,13993,4143,3946
R,6,2020,24,4291046,2180348,2110698,1543058,1477490,310749,313194,50458,45639,158308,154152,7397,6965,110378,113258,1644019,1581214,353810,359148,94407,90018,193983,190335,15201,14474,1670100,1627234,1137193,1092692,279162,282976,15472,14599,151320,147127,5388,5164,81565,84676,1212024,1170458,310976,317679,43789,43489,180073,176424,11069,10668,510248,483464,405865,384798,31587,30218,34986,31040,6988,7025,2009,1801,28813,28582,431995,410756,42834,41469,50618,46529,13910,13911,4132,3806
R,6,2020,25,4325891,2192213,2133678,1552136,1491335,315549,322599,50688,45879,158512,154927,7558,7089,107770,111849,1650338,1593429,357159,367798,94593,90163,193161,190429,15242,14749,1684231,1648500,1148358,1105020,283892,291548,15526,14806,151430,148127,5599,5218,79426,83781,1220800,1181635,314566,325537,43807,43948,179419,177032,11233,10866,507982,485178,403778,386315,31657,31051,35162,31073,7082,6800,1959,1871,28344,28068,429538,411794,42593,42261,50786,46215,13742,13397,4009,3883
R,6,2020,26,4365569,2205394,2160175,1561784,1505163,319585,332322,50452,46443,160244,157726,7408,7120,105921,111401,1658092,1606902,359540,376690,94243,91802,194454,192777,15285,14726,1702293,1674708,1161101,1119107,288483,301165,15767,15103,153418,150883,5456,5204,78068,83246,1232146,1195314,317883,334383,43853,45003,181259,179342,11271,10807,503101,485467,400683,386056,31102,31157,34685,31340,6826,6843,1952,1916,27853,28155,425946,411588,41657,42307,50390,46799,13195,13435,4014,3919
R,6,2020,27,4430668,2232093,2198575,1581191,1528823,324775,340564,51560,47526,163247,164120,7499,7194,103821,110348,1675446,1629392,363677,383818,95233,93795,196494,198445,15206,14697,1730057,1711884,1181586,1142258,293544,309177,16136,15575,156534,157262,5587,5222,76670,82390,1251272,1217478,322112,341238,44423,46285,183572,185296,11291,10765,502036,486691,399605,386565,31231,31387,35424,31951,6713,6858,1912,1972,27151,27958,424174,411914,41565,42580,50810,47510,12922,13149,3915,3932
R,6,2020,28,4511757,2266520,2245237,1614130,1565724,325600,345293,51845,48053,164489,169194,7301,7021,103155,109952,1708021,1665951,362839,387133,96628,95416,197192,203243,14957,14501,1764563,1757710,1213912,1178166,294665,313407,16625,16254,157791,162469,5429,5251,76141,82163,1283284,1253232,321719,344312,45856,47911,184467,190232,11166,10791,501957,487527,400218,387558,30935,31886,35220,31799,6698,6725,1872,1770,27014,27789,424737,412719,41120,42821,50772,47505,12725,13011,3791,3710
R,6,2020,29,4613611,2312694,2300917,1651204,1603423,330637,354616,52952,48863,168721,177068,7636,7296,101544,109651,1743009,1703251,366828,395530,97479,97012,201436,211157,15348,14919,1809334,1812289,1251033,1216106,298999,322485,16997,16533,161850,170014,5708,5420,74747,81731,1318745,1290673,325088,352395,45865,48681,188616,197836,11440,11140,503360,488628,400171,387317,31638,32131,35955,32330,6871,7054,1928,1876,26797,27920,424264,412578,41740,43135,51614,48331,12820,13321,3908,3779
R,6,2020,30,4643734,2323518,2320216,1663361,1618425,330798,356360,52410,48628,170277,181431,7499,7274,99173,108098,1753293,1716707,365144,395626,96433,97549,202265,214639,15057,14703,1827447,1835908,1268164,1233993,299739,324274,16930,16686,163705,174719,5579,5407,73330,80829,1334720,1307572,324370,352789,45836,49775,189983,201992,11261,11064,496071,484308,395197,384432,31059,32086,35480,31942,6572,6712,1920,1867,25843,27269,418573,409135,40774,42837,50597,47774,12282,12647,3796,3639
R,6,2020,31,4519577,2257494,2262083,1621370,1579552,315028,342850,50513,47278,168922,182832,7125,6872,94536,102699,1707064,1672792,347199,379400,93251,94327,199279,214644,14282,13972,1784278,1798735,1244349,1211019,285749,312386,16367,16388,162597,176417,5350,5136,69866,77389,1307671,1281300,308741,339062,44358,48542,187614,202818,10850,10578,473216,463348,377021,368533,29279,30464,34146,30890,6325,6415,1775,1736,24670,25310,399393,391492,38458,40338,48893,45785,11665,11826,3432,3394
R,6,2020,32,4457841,2222672,2235169,1606347,1569564,302981,331807,50615,46738,164286,180246,6966,6867,91477,99947,1689289,1660369,333186,367108,92532,93476,193544,210682,13949,13792,1753795,1776957,1232012,1204886,274671,302269,16056,15726,158098,173979,5216,5167,67742,74930,1293433,1273106,296240,327785,43591,47555,182380,199088,10560,10458,468877,458212,374335,364678,28310,29538,34559,31012,6188,6267,1750,1700,23735,25017,395856,387263,36946,39323,48941,45921,11164,11594,3389,3334
R,6,2020,33,4413576,2199930,2213646,1597846,1560627,296253,325207,49755,46463,160980,177221,7029,6715,88067,97413,1677513,1649159,325090,359037,91189,93183,188940,206572,13807,13287,1738601,1759914,1228768,1199331,268945,296396,15722,15376,154926,171015,5293,5001,64947,72795,1287434,1265531,289427,320640,42865,47251,178101,195331,10528,9996,461329,453732,369078,361296,27308,28811,34033,31087,6054,6206,1736,1714,23120,24618,390079,383628,35663,38397,48324,45932,10839,11241,3279,3291
R,6,2020,34,4454241,2220596,2233645,1617403,1580132,294995,324894,50620,47043,162882,179533,6964,6668,87732,95375,1696859,1666693,323060,357065,92660,93890,190495,207860,13828,13287,1755101,1779568,1245013,1217457,267577,296584,15514,15663,156837,173452,5309,5031,64851,71381,1303782,1282285,287215,319556,43452,47996,179747,196848,10525,10073,465495,454077,372390,362675,27418,28310,35106,31380,6045,6081,1655,1637,22881,23994,393077,384408,35845,37509,49208,45894,10748,11012,3303,3214
R,6,2020,35,4430484,2207386,2223098,1613065,1575870,290457,319873,49802,47113,162878,180759,6811,6614,84373,92869,1689417,1660152,316632,350381,91135,93914,189325,207960,13381,13086,1749424,1772757,1245899,1215864,264391,292186,15138,15630,156882,174834,5148,4998,61966,69245,1301944,1278728,282578,313766,42494,47803,178737,197385,10156,9941,457962,450341,367166,360006,26066,27687,34664,31483,5996,5925,1663,1616,22407,23624,387473,381424,34054,36615,48641,46111,10588,10575,3225,3145
R,6,2020,36,4328174,2152362,2175812,1573203,1541584,280676,312045,49132,45929,161258,179393,6619,6517,81474,90344,1646600,1623305,305681,341232,89814,92426,186579,205719,13086,12970,1705388,1733857,1214831,1187183,255247,285451,14940,15137,155507,173655,5008,4841,59855,67590,1268653,1248307,272690,306109,41910,47421,176422,195383,9992,9819,446974,441955,358372,354401,25429,26594,34192,30792,5751,5738,1611,1676,21619,22754,377947,374998,32991,35123,47904,45005,10157,10336,3094,3151
R,6,2020,37,4387171,2176347,2210824,1593733,1569137,284273,316073,49877,47468,159905,180763,6395,6495,82164,90888,1668004,1651220,309270,345067,91639,95320,184686,206662,12813,12917,1725839,1759929,1231740,1207586,258965,289086,15248,15533,154380,175027,4785,4862,60721,67835,1286556,1268843,276468,309558,43324,48814,174900,196385,9704,9776,450508,450895,361993,361551,25308,26987,34629,31935,5525,5736,1610,1633,21443,23053,381448,382377,32802,35509,48315,46506,9786,10277,3109,3141
R,6,2020,38,4349350,2153385,2195965,1581599,1560848,280759,313961,49180,46886,156370,178669,6329,6429,79148,89172,1652967,1641340,304728,342538,89979,94399,179954,203644,12559,12703,1707048,1747692,1222600,1200912,255742,287308,14867,14917,150812,173005,4746,4736,58281,66814,1275010,1261282,272589,307541,42239,48172,170269,193608,9580,9553,446337,448273,358999,359936,25017,26653,34313,31969,5558,5664,1583,1693,20867,22358,377957,380058,32139,34997,47740,46227,9685,10036,2979,3150
R,6,2020,39,4334509,2147466,2187043,1580077,1557496,282532,315422,49403,47010,150553,173538,6303,6185,78598,87392,1650842,1636478,306183,343310,90532,94152,173513,197503,12407,12191,1701542,1740006,1221024,1197792,258076,289227,14875,15090,145027,167920,4646,4608,57894,65369,1273055,1256879,274638,309052,42536,48080,163995,187706,9321,9166,445924,447037,359053,359704,24456,26195,34528,31920,5526,5618,1657,1577,20704,22023,377787,379599,31545,34258,47996,46072,9518,9797,3086,3025
R,6,2020,40,4310552,2134977,2175575,1569132,1546124,285210,317840,48984,47032,148589,172129,6341,6358,76721,86092,1638227,1623721,308213,345241,89823,93914,170514,195503,12217,12420,1690356,1730113,1209994,1187373,261179,291954,14756,15166,143140,166663,4752,4687,56535,64270,1260778,1245275,277183,311307,42391,48053,161292,185902,9353,9317,444621,445462,359138,358751,24031,25886,34228,31866,5449,5466,1589,1671,20186,21822,377449,378446,31030,33934,47432,45861,9222,9601,2864,3103
R,6,2020,41,4109312,2030655,2078657,1494338,1479433,269697,301948,46671,44572,141961,165850,5926,5756,72062,81098,1559179,1552486,290984,327592,85483,88949,162405,187714,11396,11336,1612079,1654433,1156099,1137066,247255,277616,13986,14060,136945,160558,4422,4251,53372,60882,1204084,1191915,262159,295667,40438,45473,153891,178658,8654,8526,418576,424224,338239,342367,22442,24332,32685,30512,5016,5292,1504,1505,18690,20216,355095,360571,28825,31925,45045,43476,8514,9056,2742,2810
R,6,2020,42,4026147,1986671,2039476,1469656,1460266,258877,290584,45387,44228,137429,160229,5543,5631,69779,78538,1532601,1531016,279166,314835,83398,87796,157224,181490,10602,10948,1574456,1619152,1134860,1119713,237603,267224,13587,14186,132582,155002,4151,4159,51673,58868,1181408,1172713,251710,284416,39547,44997,149055,172503,8029,8298,412215,420324,334796,340553,21274,23360,31800,30042,4847,5227,1392,1472,18106,19670,351193,358303,27456,30419,43851,42799,8169,8987,2573,2650
R,6,2020,43,3966132,1954984,2011148,1445979,1439046,253537,286620,44922,43299,137244,160379,5478,5563,67824,76241,1507040,1507749,273147,309957,82436,86333,156109,180734,10532,10696,1550040,1594378,1116232,1099869,233074,263915,13784,14049,132446,155309,4058,4103,50446,57133,1161534,1151296,246677,280316,39650,44485,148207,172144,7959,8047,404944,416770,329747,339177,20463,22705,31138,29250,4798,5070,1420,1460,17378,19108,345506,356453,26470,29641,42786,41848,7902,8590,2573,2649
R,6,2020,44,3866747,1906686,1960061,1408069,1403046,245920,276785,43801,42053,138109,160239,5203,5317,65584,72621,1467083,1468299,264257,298830,80649,83313,156099,179404,10046,10165,1510109,1552356,1084470,1069616,226229,255327,13229,13490,133512,155264,3936,3929,48733,54730,1128241,1118743,238986,271013,38691,42836,148534,171215,7710,7707,396577,407705,323599,333430,19691,21458,30572,28563,4597,4975,1267,1388,16851,17891,338842,349556,25271,27817,41958,40477,7565,8189,2336,2458
R,6,2020,45,3907439,1928171,1979268,1428814,1422858,246852,276205,42851,41961,140706,162041,5130,5108,63818,71095,1486165,1486840,264706,297163,79018,82756,157990,180909,9703,9677,1537039,1576412,1108481,1092482,227714,255378,13258,13683,136150,157242,3878,3817,47558,53810,1151123,1140791,240289,270308,38404,42901,150501,173009,7400,7340,391132,402856,320333,330376,19138,20827,29593,28278,4556,4799,1252,1291,16260,17285,335042,346049,24417,26855,40614,39855,7489,7900,2303,2337
R,6,2020,46,3820323,1882687,1937636,1394624,1392361,240866,270463,41557,40177,139264,160477,4867,5103,61509,69055,1449920,1454461,257786,290648,76720,80048,155942,178728,9255,9569,1506319,1547574,1085423,1071321,222907,250653,12956,13507,134972,155884,3718,3747,46343,52462,1126928,1118403,234871,265075,37865,42292,148968,171138,7117,7232,376368,390062,309201,321040,17959,19810,28601,26670,4292,4593,1149,1356,15166,16593,322992,336058,22915,25573,38855,37756,6974,7590,2138,2337
R,6,2020,47,3904294,1918657,1985637,1420727,1426365,249485,280641,41321,40387,140766,163853,4881,5029,61477,69362,1475998,1488621,266137,300925,76728,80699,157294,181839,9204,9569,1545759,1596982,1114033,1105855,231729,260984,13381,13868,136487,159263,3708,3771,46421,53241,1155585,1153561,243511,275621,38535,43411,150366,174361,7150,7311,372898,388655,306694,320510,17756,19657,27940,26519,4279,4590,1173,1258,15056,16121,320413,335060,22626,25304,38193,37288,6928,7478,2054,2258
R,6,2020,48,4072931,2002663,2070268,1499056,1504079,255385,288060,40890,39868,140042,162752,4790,4950,62500,70559,1555260,1567629,272032,308043,77667,81806,156220,180462,9192,9487,1634088,1685764,1194442,1186283,238108,268861,13838,14061,135833,158205,3616,3716,48251,54638,1237714,1235366,250251,283441,40758,45246,149567,173183,7114,7286,368575,384504,304614,317796,17277,19199,27052,25807,4209,4547,1174,1234,14249,15921,317546,332263,21781,24602,36909,36560,6653,7279,2078,2201
R,6,2020,49,4329163,2132247,2196916,1613180,1614435,269313,303336,41258,40570,138291,160462,5051,5032,65154,73081,1671878,1680248,286367,323820,80404,84791,154629,178087,9607,9723,1759840,1811610,1305264,1295529,251718,283980,14288,14897,134036,156012,3827,3850,50707,57342,1350896,1347009,264094,299129,43396,48575,147929,170889,7461,7627,372407,385306,307916,318906,17595,19356,26970,25673,4255,4450,1224,1182,14447,15739,320982,333239,22273,24691,37008,36216,6700,7198,2146,2096
R,6,2020,50,4270827,2104024,2166803,1599706,1602818,261532,292111,40274,39235,135317,157179,4836,4982,62359,70478,1655866,1666249,277772,311631,77972,82355,150574,173966,9355,9642,1740203,1793901,1298328,1293784,244468,273666,13699,14581,131301,152832,3688,3831,48719,55207,1342088,1343344,256413,288176,41975,47268,144300,166955,7350,7589,363821,372902,301378,309034,17064,18445,26575,24654,4016,4347,1148,1151,13640,15271,313778,322905,21359,23455,35997,35087,6274,7011,2005,2053
R,6,2020,51,4120945,2025566,2095379,1546009,1556116,248249,279001,38406,37721,129869,151518,4495,4826,58538,66197,1598894,1615729,263182,297044,74281,78985,144017,166741,8553,9055,1680814,1740962,1259508,1261931,232468,261664,13551,14269,126149,147472,3452,3670,45686,51956,1300698,1308640,243359,274847,40536,45894,138139,160287,6722,7041,344752,354417,286501,294185,15781,17337,24855,23452,3720,4046,1043,1156,12852,14241,298196,307089,19823,22197,33745,33091,5878,6454,1831,2014
R,6,2020,52,4026227,1976154,2050073,1509906,1523038,247549,280029,37280,36259,121898,143185,4435,4664,55086,62898,1559515,1579569,261588,297353,71498,75667,134778,157331,8262,8809,1641418,1705405,1231455,1235983,232104,263181,13279,14012,118243,139241,3431,3594,42906,49394,1269944,1280281,242282,275922,39174,44283,129080,151063,6531,6948,334736,344668,278451,287055,15445,16848,24001,22247,3655,3944,1004,1070,12180,13504,289571,299288,19306,21431,32324,31384,5698,6268,1731,1861
R,6,2020,53,4047154,1982609,2064545,1527088,1548274,247084,281381,36084,35629,114133,132661,4522,4525,53698,62075,1575520,1604199,260626,298356,69968,75105,126255,145890,8247,8512,1658201,1730428,1256094,1269674,232515,264853,13419,14239,110732,128985,3465,3470,41976,49207,1293873,1313909,242408,277540,39046,44938,120974,140104,6516,6678,324408,334117,270994,278600,14569,16528,22665,21390,3401,3676,1057,1055,11722,12868,281647,290290,18218,20816,30922,30167,5281,5786,1731,1834
R,6,2020,54,4145478,2029459,2116019,1560696,1584653,257602,293400,36256,36177,116269,134661,4447,4633,54189,62495,1609202,1640685,271431,310484,70762,76170,128246,148024,8318,8682,1705971,1782968,1290221,1306685,242663,277139,13934,14835,112947,131039,3441,3583,42765,49687,1328379,1351158,252809,289817,40563,46143,123059,142257,6593,6850,323488,333051,270475,277968,14939,16261,22322,21342,3322,3622,1006,1050,11424,12808,280823,289527,18622,20667,30199,30027,5187,5767,1725,1832
R,6,2020,55,4328542,2112812,2215730,1639853,1677164,262649,300179,36161,36077,115165,133972,4301,4698,54683,63640,1689065,1734366,276039,317314,71458,77402,127022,147026,8092,8735,1795838,1887202,1373892,1401867,248516,284219,14436,15689,111963,130468,3313,3684,43718,51275,1413131,1447890,258530,297210,42028,48557,122078,141471,6426,7000,316974,328528,265961,275297,14133,15960,21725,20388,3202,3504,988,1014,10965,12365,275934,286476,17509,20104,29430,28845,4944,5555,1666,1735
R,6,2020,56,4418321,2152177,2266144,1679494,1726007,261689,299304,35387,35606,116691,136972,4127,4498,54789,63757,1728812,1783331,275023,315841,71348,77585,128156,150028,7869,8533,1847707,1946621,1423930,1458007,247888,283727,14688,15836,113700,133704,3282,3485,44219,51862,1463608,1504536,257954,296365,43238,49633,123477,144828,6363,6815,304470,319523,255564,268000,13801,15577,20699,19770,2991,3268,845,1013,10570,11895,265204,278795,17069,19476,28110,27952,4679,5200,1506,1718
R,6,2020,57,4420202,2149942,2270260,1684684,1737855,257426,296292,34199,34416,116245,134755,4028,4492,53360,62450,1732705,1793982,270064,312521,69415,75830,127474,147207,7593,8351,1858983,1963193,1439741,1479521,244447,281746,14717,15766,113343,131449,3199,3591,43536,51120,1478834,1525366,254085,294301,42999,49339,123000,142097,6192,6786,290959,307067,244943,258334,12979,14546,19482,18650,2902,3306,829,901,9824,11330,253871,268616,15979,18220,26416,26491,4474,5110,1401,1565
R,6,2020,58,4406288,2139300,2266988,1694051,1754207,252190,291847,32567,33450,104415,122261,4119,4373,51958,60850,1740913,1809039,264252,307432,67162,74203,115210,134139,7525,8074,1862031,1973766,1460108,1506932,239982,278268,14368,15645,101699,119249,3301,3479,42573,50193,1498410,1552065,249273,290390,42236,48980,111095,129452,6168,6547,277269,293222,233943,247275,12208,13579,18199,17805,2716,3012,818,894,9385,10657,242503,256974,14979,17042,24926,25223,4115,4687,1357,1527
R,6,2020,59,4446828,2153967,2292861,1712900,1781457,252289,292497,31709,32848,101833,121733,3947,4208,51289,60118,1759135,1835504,264438,307745,66015,73390,112368,133371,7268,7952,1887325,2008221,1487901,1541364,240613,279408,14224,15735,99268,118845,3160,3383,42159,49486,1525805,1585781,249927,291193,42062,48876,108374,128820,5939,6427,266642,284640,224999,240093,11676,13089,17485,17113,2565,2888,787,825,9130,10632,233330,249723,14511,16552,23953,24514,3994,4551,1329,1525
R,6,2020,60,4388692,2120494,2268198,1684489,1760100,249041,290420,30958,32048,102826,123411,3717,4092,49463,58127,1729008,1812250,260507,305476,64047,71016,113089,134723,6956,7578,1863283,1992578,1467380,1527626,237697,277592,13990,15411,100328,120632,3006,3306,40882,48011,1504067,1570574,246601,289363,40922,47384,109307,130318,5713,6204,257211,275620,217109,232474,11344,12828,16968,16637,2498,2779,711,786,8581,10116,224941,241676,13906,16113,23125,23632,3782,4405,1243,1374
R,6,2020,61,4302408,2071899,2230509,1654242,1739393,240124,282356,28910,30525,97998,118896,3562,3818,47063,55521,1696551,1789391,251078,296443,60660,68073,107569,129495,6507,7118,1833094,1971955,1452608,1520834,229560,270621,13347,14957,95650,116288,2886,3130,39043,46125,1487632,1562247,238142,281723,39282,45949,104029,125452,5361,5850,238805,258554,201634,218559,10564,11735,15563,15568,2348,2608,676,688,8020,9396,208919,227144,12936,14720,21378,22124,3540,4043,1146,1268
R,6,2020,62,4278702,2054717,2223985,1647847,1743726,232979,275042,27209,29138,98115,118737,3328,3597,45239,53745,1688568,1792028,243391,288712,57728,65835,107329,128822,6151,6681,1829845,1976107,1457332,1533643,223037,263878,13030,14546,95955,116241,2730,2911,37761,44888,1491205,1573901,231222,274741,38218,44962,104044,125002,5133,5477,224872,247878,190515,210083,9942,11164,14179,14592,2160,2496,598,686,7478,8857,197363,218127,12169,13971,19510,20873,3285,3820,1018,1204
R,6,2020,63,4199115,2009285,2189830,1616895,1721564,225400,270090,26331,27873,94195,115729,3269,3486,43195,51088,1655783,1767475,235366,282975,55675,63034,102826,125048,5960,6461,1794950,1950641,1435169,1518321,216112,259318,12633,13979,92165,113457,2713,2833,36158,42733,1467640,1556602,223978,269603,36922,43219,99776,121507,4988,5337,214335,239189,181726,203243,9288,10772,13698,13894,2030,2272,556,653,7037,8355,188143,210873,11388,13372,18753,19815,3050,3541,972,1124
R,6,2020,64,4052146,1933186,2118960,1559108,1667990,213776,258534,24653,26413,92143,114201,2974,3310,40532,48512,1595651,1711559,223107,270791,52050,59679,100176,123249,5581,6152,1730267,1891317,1386952,1474207,204988,248218,11765,13578,90191,111935,2442,2715,33929,40664,1417466,1510625,212324,257930,34436,41332,97248,119812,4638,5123,202919,227643,172156,193783,8788,10316,12888,12835,1952,2266,532,595,6603,7848,178185,200934,10783,12861,17614,18347,2928,3437,943,1029
R,6,2020,65,3967734,1887712,2080022,1529018,1645653,204314,248390,23362,25158,89937,111813,2870,3219,38211,45789,1563299,1686555,213229,260091,49289,56440,97495,120456,5368,6020,1695578,1862219,1365951,1460072,195858,238737,11359,12711,88149,109749,2364,2628,31897,38322,1394499,1494152,202860,247998,32769,38709,94804,117303,4497,5020,192134,217803,163067,185581,8456,9653,12003,12447,1788,2064,506,591,6314,7467,168800,192403,10369,12093,16520,17731,2691,3153,871,1000
R,6,2020,66,3803659,1799764,2003895,1469749,1596810,188281,233985,21053,23113,83561,104411,2572,2981,34548,42595,1500837,1634965,196414,244963,44707,52454,90195,112029,4710,5552,1624540,1801328,1320360,1423565,180626,225050,10463,12080,81974,102449,2132,2445,28985,35739,1346371,1455480,186982,233740,30144,36640,87840,109064,3973,4642,175224,202567,149389,173245,7655,8935,10590,11033,1587,1962,440,536,5563,6856,154466,179485,9432,11223,14563,15814,2355,2965,737,910
R,6,2020,67,3663077,1727931,1935146,1419046,1550128,174608,220173,19401,21465,80202,100535,2423,2768,32251,40077,1448018,1586145,182157,230339,41424,49053,86483,107703,4487,5195,1565110,1744694,1279702,1386730,167597,211822,9848,11417,78779,98802,2019,2315,27165,33608,1304023,1416794,173575,219936,28240,34419,84353,105059,3780,4408,162821,190452,139344,163398,7011,8351,9553,10048,1423,1733,404,453,5086,6469,143995,169351,8582,10403,13184,14634,2130,2644,707,787
R,6,2020,68,3508147,1650518,1857629,1363755,1496414,162769,208092,17582,19915,74174,93821,2276,2577,29962,36810,1390716,1529367,169777,217540,38266,45515,79778,100204,4205,4813,1500248,1680490,1234637,1343964,156419,200417,9115,10670,72838,92230,1921,2150,25318,31059,1257317,1371659,162008,207913,26462,32290,77814,97802,3565,4071,150270,177139,129118,152450,6350,7675,8467,9245,1336,1591,355,427,4644,5751,133399,157708,7769,9627,11804,13225,1964,2402,640,742
R,6,2020,69,3361100,1573678,1787422,1299954,1435871,155925,203796,16611,18930,71085,91547,2092,2470,28011,34808,1325078,1467087,162552,212935,36064,43234,76182,97336,3862,4552,1430266,1617009,1176574,1289153,149859,196524,8564,10032,69884,90024,1787,2063,23598,29213,1197629,1315237,155137,203818,24868,30435,74358,95012,3314,3841,143412,170413,123380,146718,6066,7272,8047,8898,1201,1523,305,407,4413,5595,127449,151850,7415,9117,11196,12799,1824,2324,548,711
R,6,2020,70,3231110,1507877,1723233,1246427,1385876,146313,192638,15469,17437,71519,92263,1987,2220,26162,32799,1269954,1415167,152510,201300,33488,40088,76356,97945,3699,4254,1374620,1561418,1131561,1246045,140683,185664,8200,9445,70327,90765,1686,1869,22163,27630,1151421,1270604,145617,192614,23356,28506,74604,95686,3201,3628,133257,161815,114866,139831,5630,6974,7269,7992,1192,1498,301,351,3999,5169,118533,144563,6893,8686,10132,11582,1752,2259,498,626
R,6,2020,71,3130081,1455079,1675002,1214373,1361924,134295,178427,14314,16152,65786,85288,1893,2144,24418,31067,1236317,1389730,139899,186525,31344,37896,70231,90378,3545,4079,1332497,1524782,1108237,1231747,129344,172157,7735,8841,64673,83926,1588,1804,20920,26307,1126974,1255214,133845,178668,22283,27261,68629,88370,3037,3467,122582,150220,106136,130177,4951,6270,6579,7311,1113,1362,305,340,3498,4760,109343,134516,6054,7857,9061,10635,1602,2008,508,612
R,6,2020,72,3084493,1432720,1651773,1209991,1359339,123388,166362,13191,15100,61430,79276,1699,1958,23021,29738,1230781,1386002,128634,174047,29275,35954,65529,84109,3174,3740,1316651,1508739,1109151,1235173,118777,160369,7278,8328,60433,78015,1439,1637,19573,25217,1126767,1257695,123045,166574,20841,25968,64074,82244,2759,3211,116069,143034,100840,124166,4611,5993,5913,6772,997,1261,260,321,3448,4521,104014,128307,5589,7473,8434,9986,1455,1865,415,529
R,6,2020,73,3115340,1444594,1670746,1237825,1398024,113558,154082,12598,14539,56571,73494,1588,1662,22454,28945,1258165,1424182,118527,161398,28520,35084,60367,78025,3010,3388,1336576,1535300,1143739,1280131,109362,148529,7057,8172,55707,72327,1355,1389,19356,24752,1161260,1302428,113391,154464,20770,25788,59058,76271,2618,2899,108018,135446,94086,117893,4196,5553,5541,6367,864,1167,233,273,3098,4193,96905,121754,5136,6934,7750,9296,1309,1754,392,489
R,6,2020,74,2292426,1053247,1239179,888428,1018694,89104,124236,9670,11812,48148,61447,1355,1583,16542,21407,903339,1037849,93006,129912,20968,26387,51194,65175,2551,3039,961408,1120906,808331,915792,85451,119194,5155,6268,47357,60398,1140,1324,13974,17930,820905,931751,88507,123718,14667,18465,50023,63640,2197,2593,91839,118273,80097,102902,3653,5042,4515,5544,791,1049,215,259,2568,3477,82434,106098,4499,6194,6301,7922,1171,1535,354,446
R,6,2020,75,2211574,1008214,1203360,854403,993759,83459,119387,8908,10978,44798,57794,1192,1430,15454,20012,868324,1011587,87088,124814,19477,24625,47664,61141,2341,2823,924424,1094198,781191,898191,80212,114987,4776,6009,44121,56876,1017,1182,13107,16953,792946,913238,83105,119372,13683,17558,46652,59804,2036,2391,83790,109162,73212,95568,3247,4400,4132,4969,677,918,175,248,2347,3059,75378,98349,3983,5442,5794,7067,1012,1337,305,432
R,6,2020,76,2145254,971898,1173356,830293,979619,76757,110548,8366,10187,41239,52568,1055,1318,14188,19116,843054,996650,80228,115785,18157,23397,43705,55623,2077,2646,895277,1070983,763203,889840,73810,106519,4606,5573,40662,51711,900,1104,12096,16236,774045,904246,76601,110794,12956,16795,42845,54370,1783,2267,76621,102373,67090,89779,2947,4029,3760,4614,577,857,155,214,2092,2880,69009,92404,3627,4991,5201,6602,860,1253,294,379
R,6,2020,77,2143970,964636,1179334,832147,994723,72407,107503,7465,9483,38331,48303,935,1181,13351,18141,844170,1010960,75574,112451,16651,22080,40702,51141,1913,2385,893721,1082069,769878,909667,69635,103418,4184,5155,37738,47525,806,974,11480,15330,780210,923321,72195,107364,12088,15882,39824,49947,1660,2037,70915,97265,62269,85056,2772,4085,3281,4328,593,778,129,207,1871,2811,63960,87639,3379,5087,4563,6198,878,1194,253,348
R,6,2020,78,1832414,816398,1016016,699621,850989,62723,94314,6519,8421,35320,45680,848,1109,11367,15503,709848,864874,65420,98450,14372,19174,37355,48240,1642,2096,753438,929948,644198,775324,60294,91044,3686,4573,34857,44974,718,916,9685,13117,652889,786999,62479,94382,10350,13678,36660,47199,1402,1794,62960,86068,55423,75665,2429,3270,2833,3848,463,706,130,193,1682,2386,56959,77875,2941,4068,4022,5496,695,1041,240,302
R,6,2020,79,1644290,723628,920662,618658,768653,55893,87581,5865,7642,32366,41817,801,940,10045,14029,627704,781133,58379,91508,12714,17215,34218,44174,1493,1902,666097,839887,568002,697483,53686,84448,3326,4216,31931,41179,686,777,8466,11784,575604,707927,55633,87577,9083,12264,33560,43217,1272,1611,57531,80775,50656,71170,2207,3133,2539,3426,435,638,115,163,1579,2245,52100,73206,2746,3931,3631,4951,658,957,221,291
R,6,2020,80,1501870,652942,848928,556826,708291,50738,81179,5341,7020,30431,38896,673,916,8933,12626,564819,719475,52940,84775,11371,15535,32126,41020,1305,1800,599769,772857,510032,641203,48685,78158,2931,3845,30006,38284,531,748,7584,10619,516799,650531,50447,81041,8006,11026,31521,40129,1100,1517,53173,76071,46794,67088,2053,3021,2410,3175,425,612,142,168,1349,2007,48020,68944,2493,3734,3365,4509,605,891,205,283
R,6,2020,81,1393360,602025,791335,516859,665238,44801,72509,4680,6487,27259,34917,559,812,7867,11372,523928,675362,46734,75709,9927,14173,28798,36776,1128,1591,553785,721604,474252,603609,42946,69762,2516,3605,26895,34375,454,678,6722,9575,480270,612080,44488,72328,6987,10091,28268,35995,968,1373,48240,69731,42607,61629,1855,2747,2164,2882,364,542,105,134,1145,1797,43658,63282,2246,3381,2940,4082,530,781,160,218
R,6,2020,82,1287672,548518,739154,471974,622269,40143,67584,4052,5867,24639,32551,539,702,7171,10181,478415,631317,41939,70525,8856,12585,25996,34332,1034,1402,505327,675174,433563,565685,38551,65024,2318,3221,24304,32073,452,583,6139,8588,439072,573260,39991,67427,6433,8894,25507,33622,874,1198,43191,63980,38411,56584,1592,2560,1734,2646,335,478,87,119,1032,1593,39343,58057,1948,3098,2423,3691,489,710,160,204
R,6,2020,83,1146347,481119,665228,413926,560737,34922,60436,3538,5170,22036,29172,451,674,6246,9039,419554,568687,36541,63066,7637,11078,23259,30839,918,1344,442615,606803,379727,509022,33495,58139,1942,2771,21744,28727,386,548,5321,7596,384502,515645,34784,60301,5426,7714,22834,30178,799,1134,38504,58425,34199,51715,1427,2297,1596,2399,292,445,65,126,925,1443,35052,53042,1757,2765,2211,3364,425,661,119,210
R,6,2020,84,1051210,434659,616551,374951,520014,31578,56361,3139,4692,19143,26783,345,561,5503,8140,379897,527214,33027,58785,6631,10027,20285,28239,774,1133,400193,563078,344333,472581,30319,54343,1704,2537,18888,26348,278,464,4671,6805,348513,478570,31480,56288,4637,7014,19900,27604,666,958,34466,53473,30618,47433,1259,2018,1435,2155,255,435,67,97,832,1335,31384,48644,1547,2497,1994,3013,385,635,108,175
R,6,2020,85,965189,390937,574252,338533,485995,27618,51531,2798,4316,16938,24428,386,530,4664,7452,342709,492549,28867,53652,5742,9150,17884,25812,749,1084,359668,524702,310659,442012,26458,49629,1547,2296,16734,24040,322,440,3948,6285,314168,447499,27463,51329,4016,6397,17586,25259,640,930,31269,49550,27874,43983,1160,1902,1251,2020,204,388,64,90,716,1167,28541,45050,1404,2323,1726,2753,298,553,109,154
R,6,2020,86,820946,327086,493860,283351,417995,22980,44362,2296,3500,14250,21258,314,451,3895,6294,286842,423509,23975,46234,4777,7528,15086,22518,606,937,300810,451674,259951,380479,22053,42680,1214,1897,14056,20930,252,376,3284,5312,262875,385119,22855,44167,3270,5295,14801,22037,504,804,26276,42186,23400,37516,927,1682,1082,1603,194,328,62,75,611,982,23967,38390,1120,2067,1507,2233,285,481,102,133
R,6,2020,87,753868,293929,459939,255523,390847,20173,40099,1929,3255,12587,19792,243,431,3474,5515,258661,395663,21072,41709,4083,6772,13348,20879,517,890,271297,421710,235363,356778,19350,38630,1050,1799,12406,19481,205,361,2923,4661,237991,360830,20068,39929,2849,4761,13080,20441,445,770,22632,38229,20160,34069,823,1469,879,1456,181,311,38,70,551,854,20670,34833,1004,1780,1234,2011,268,438,72,120
R,6,2020,88,674194,256170,418024,224369,358076,16421,34757,1635,2834,10566,17051,199,396,2980,4910,227021,362344,17216,36261,3462,5928,11231,18010,455,813,236128,384003,206421,327690,15750,33494,836,1545,10419,16794,168,326,2534,4154,208672,331265,16422,34728,2356,4160,11007,17647,395,695,20042,34021,17948,30386,671,1263,799,1289,147,257,31,70,446,756,18349,31079,794,1533,1106,1768,224,363,60,118
R,6,2020,89,600965,222003,378962,195048,325823,13890,30627,1396,2441,9089,15412,197,327,2383,4332,197192,329548,14549,31939,2839,5208,9647,16266,394,703,204423,347940,179317,298118,13289,29457,709,1268,8952,15208,164,274,1992,3615,181104,301191,13815,30509,1898,3565,9436,15957,331,608,17580,31022,15731,27705,601,1170,687,1173,137,204,33,53,391,717,16088,28357,734,1430,941,1643,211,309,63,95
R,6,2020,90,527646,188307,339339,165293,291795,11728,27546,1244,2068,7924,13900,144,296,1974,3734,167028,295044,12271,28663,2437,4434,8374,14651,328,620,173456,311936,151978,267306,11237,26516,634,1075,7821,13698,119,251,1667,3090,153429,269956,11674,27398,1623,3028,8230,14347,285,538,14851,27403,13315,24489,491,1030,610,993,103,202,25,45,307,644,13599,25088,597,1265,814,1406,144,304,43,82
R,6,2020,91,435634,150186,285448,132110,246496,9351,22801,944,1561,6092,11317,117,242,1572,3031,133495,249112,9818,23757,1929,3442,6440,11917,258,520,138261,263224,121450,226640,8945,21904,465,810,5998,11155,95,206,1308,2509,122602,228774,9311,22695,1272,2325,6307,11685,217,446,11925,22224,10660,19856,406,897,479,751,94,162,22,36,264,522,10893,20338,507,1062,657,1117,133,232,41,74
R,6,2020,92,370106,122117,247989,107638,214745,7465,19415,760,1472,4840,9675,111,190,1303,2492,108778,216862,7855,20194,1511,3019,5146,10196,228,427,112555,229277,99091,198042,7128,18654,378,755,4790,9551,92,158,1076,2117,100025,199825,7436,19290,981,2080,5072,10005,191,368,9562,18712,8547,16703,337,761,382,717,50,124,19,32,227,375,8753,17037,419,904,530,939,74,191,37,59
R,6,2020,93,301909,95325,206584,83799,178948,6008,16257,541,1143,3854,8074,59,171,1064,1991,84742,180659,6324,16879,1170,2354,4090,8486,151,378,87958,191400,77164,165365,5783,15628,268,615,3806,7960,47,145,890,1687,77954,166808,6036,16140,786,1625,4019,8328,124,330,7367,15184,6635,13583,225,629,273,528,48,114,12,26,174,304,6788,13851,288,739,384,729,71,158,27,48
R,6,2020,94,238086,72395,165691,63363,143092,4732,13358,419,927,3081,6483,76,144,724,1687,63979,144510,4927,13935,845,1929,3276,6840,161,323,66615,153294,58170,132015,4537,12883,212,493,3031,6382,62,116,603,1405,58681,133185,4689,13333,560,1320,3204,6686,134,268,5780,12397,5193,11077,195,475,207,434,50,101,14,28,121,282,5298,11325,238,602,285,609,72,154,27,55
R,6,2020,95,186922,53667,133255,46694,115228,3601,10740,341,729,2430,5092,37,108,564,1358,47167,116344,3752,11243,685,1543,2569,5356,109,240,49449,123517,42947,106577,3443,10308,176,406,2388,5010,29,92,466,1124,43342,107491,3569,10721,446,1065,2507,5236,86,201,4218,9738,3747,8651,158,432,165,323,42,82,8,16,98,234,3825,8853,183,522,239,478,62,120,23,39
R,6,2020,96,140255,38398,101857,33273,87901,2633,8364,260,563,1818,4013,35,95,379,921,33605,88657,2746,8669,465,1101,1928,4228,70,209,35073,94590,30299,81426,2515,8046,121,291,1795,3970,29,84,314,773,30573,82052,2608,8294,283,734,1893,4163,58,179,3325,7267,2974,6475,118,318,139,272,23,43,6,11,65,148,3032,6605,138,375,182,367,35,65,12,30
R,6,2020,97,102373,27186,75187,23287,64290,2006,6615,201,395,1380,3072,33,74,279,741,23515,64895,2105,6857,345,833,1460,3244,83,161,24720,69746,21091,59455,1928,6365,98,215,1362,3037,25,66,216,608,21268,59944,2003,6558,207,573,1426,3178,60,134,2466,5441,2196,4835,78,250,103,180,18,35,8,8,63,133,2247,4951,102,299,138,260,34,66,23,27
R,6,2020,98,71626,17486,54140,14733,46076,1335,4986,141,299,1008,2215,39,78,230,486,14915,46489,1426,5157,256,569,1083,2332,83,143,15819,50097,13289,42508,1280,4797,63,158,987,2173,21,61,179,400,13431,42844,1341,4933,154,379,1048,2268,57,107,1667,4043,1444,3568,55,189,78,141,21,42,18,17,51,86,1484,3645,85,224,102,190,35,64,26,36
R,6,2020,99,50509,12105,38404,10062,32336,1038,3621,125,268,687,1707,33,47,160,425,10184,32676,1105,3794,209,506,733,1811,65,120,10919,35538,9043,29860,994,3473,62,150,674,1670,28,42,118,343,9138,30141,1045,3602,120,339,704,1753,49,91,1186,2866,1019,2476,44,148,63,118,13,37,5,5,42,82,1046,2535,60,192,89,167,29,58,16,29
R,6,2020,100,79428,16971,62457,13494,51281,1782,7087,216,396,1075,2921,52,56,352,716,13777,51823,1965,7418,382,752,1183,3114,109,167,14950,57501,11830,47085,1689,6761,103,222,1032,2865,31,32,265,536,12051,47479,1828,7013,220,479,1106,3000,67,114,2021,4956,1664,4196,93,326,113,174,43,56,21,24,87,180,1726,4344,137,405,162,273,77,114,42,53
