UNIVERSE,MONTH,YEAR,AGE,TOT_POP,TOT_MALE,TOT_FEMALE,WA_MALE,WA_FEMALE,BA_MALE,BA_FEMALE,IA_MALE,IA_FEMALE,AA_MALE,AA_FEMALE,NA_MALE,NA_FEMALE,TOM_MALE,TOM_FEMALE,WAC_MALE,WAC_FEMALE,BAC_MALE,BAC_FEMALE,IAC_MALE,IAC_FEMALE,AAC_MALE,AAC_FEMALE,NAC_MALE,NAC_FEMALE,NH_MALE,NH_FEMALE,NHWA_MALE,NHWA_FEMALE,NHBA_MALE,NHBA_FEMALE,NHIA_MALE,NHIA_FEMALE,NHAA_MALE,NHAA_FEMALE,NHNA_MALE,NHNA_FEMALE,NHTOM_MALE,NHTOM_FEMALE,NHWAC_MALE,NHWAC_FEMALE,NHBAC_MALE,NHBAC_FEMALE,NHIAC_MALE,NHIAC_FEMALE,NHAAC_MALE,NHAAC_FEMALE,NHNAC_MALE,NHNAC_FEMALE,H_MALE,H_FEMALE,HWA_MALE,HWA_FEMALE,HBA_MALE,HBA_FEMALE,HIA_MALE,HIA_FEMALE,HAA_MALE,HAA_FEMALE,HNA_MALE,HNA_FEMALE,HTOM_MALE,HTOM_FEMALE,HWAC_MALE,HWAC_FEMALE,HBAC_MALE,HBAC_FEMALE,HIAC_MALE,HIAC_FEMALE,HAAC_MALE,HAAC_FEMALE,HNAC_MALE,HNAC_FEMALE
R,1,2024,999,338505183,167542397,170962786,126424915,127251512,22275647,24047176,2360852,2302370,10759241,11603372,469595,456331,5252147,5302025,131127261,131974511,24710692,26549523,3817096,3813287,12728233,13554696,916235,904281,133569897,137797920,96999354,98560910,20502280,22236970,1201765,1236145,10393618,11239285,335951,329903,4136929,4194707,100702658,102295060,22398671,24195932,2206622,2301416,12059461,12889024,683535,680053,33972500,33164866,29425561,28690602,1773367,1810206,1159087,1066225,365623,364087,133644,126428,1115218,1107318,30424603,29679451,2312021,2353591,1610474,1511871,668772,665672,232700,224228
R,1,2024,0,3604513,1841019,1763494,1265640,1210043,296913,287569,36059,34966,109776,103314,7929,7527,124702,120075,1380320,1320429,365873,354094,59352,57526,155887,147532,16486,15696,1312948,1253725,840067,799652,256377,248312,11961,11445,101442,95521,4349,3986,98752,94809,931403,887308,311775,301615,26589,25550,139502,131944,10542,9885,528071,509769,425573,410391,40536,39257,24098,23521,8334,7793,3580,3541,25950,25266,448917,433121,54098,52479,32763,31976,16385,15588,5944,5811
R,1,2024,1,3714989,1897197,1817792,1299033,1241773,305368,296151,37878,36774,117946,111280,8307,7949,128665,123865,1417330,1355616,376337,364566,61932,60068,165690,157093,17131,16374,1349608,1289287,858642,817333,263264,255407,12198,11693,109258,103050,4600,4238,101646,97566,952625,907500,320078,310039,27199,26147,148684,140811,10977,10317,547589,528505,440391,424440,42104,40744,25680,25081,8688,8230,3707,3711,27019,26299,464705,448116,56259,54527,34733,33921,17006,16282,6154,6057
R,1,2024,2,3739979,1910424,1829555,1309034,1249229,308721,300568,36234,34761,119170,113161,7672,7308,129593,124528,1428181,1363686,380136,369240,60447,58096,167324,159364,16547,15754,1382619,1320174,884191,838905,268226,261402,12474,11909,111031,105330,4359,4162,102338,98466,978796,929890,325336,316402,27536,26464,150860,143601,10785,10291,527805,509381,424843,410324,40495,39166,23760,22852,8139,7831,3313,3146,27255,26062,449385,433796,54800,52838,32911,31632,16464,15763,5762,5463
R,1,2024,3,3711376,1896763,1814613,1294212,1235050,310392,300660,36502,35083,122329,115861,7191,6805,126137,121154,1410202,1346440,380066,367612,59969,57686,169130,160759,15808,15021,1378593,1316055,874944,831593,272184,263943,12909,12438,114367,108075,4430,4086,99759,95920,967174,920244,327948,317608,27551,26549,153148,145325,10690,10074,518170,498558,419268,403457,38208,36717,23593,22645,7962,7786,2761,2719,26378,25234,443028,426196,52118,50004,32418,31137,15982,15434,5118,4947
R,1,2024,4,3834153,1958547,1875606,1353717,1292016,307334,300027,38049,36441,125965,119382,7461,6990,126021,120750,1469543,1402977,376735,366667,61508,59097,172909,164135,16100,15167,1438955,1374901,931939,884890,270460,264728,14038,13630,117812,111585,4655,4320,100051,95748,1024349,973301,326135,318171,28812,27858,156910,148826,11023,10343,519592,500705,421778,407126,36874,35299,24011,22811,8153,7797,2806,2670,25970,25002,445194,429676,50600,48496,32696,31239,15999,15309,5077,4824
R,1,2024,5,3888251,1986184,1902067,1372699,1309768,311242,304355,38457,36770,128512,121804,7633,7082,127641,122288,1490002,1422121,381472,371811,62236,59738,176114,167116,16372,15376,1458413,1393501,943871,896051,274026,268501,14175,13763,120258,113943,4761,4403,101322,96840,1037440,985452,330349,322524,29126,28157,159926,151626,11204,10506,527771,508566,428828,413717,37216,35854,24282,23007,8254,7861,2872,2679,26319,25448,452562,436669,51123,49287,33110,31581,16188,15490,5168,4870
R,1,2024,6,3975417,2033226,1942191,1406274,1339436,317010,308739,38521,36340,134352,126786,7751,7209,129318,123681,1525029,1453087,387631,376913,62800,59675,182878,172524,16736,15651,1497017,1426143,966487,916004,281160,273957,14998,14316,126373,119122,4972,4574,103027,98170,1061510,1006627,338000,328705,30393,29026,166994,157229,11661,10790,536209,516048,439787,423432,35850,34782,23523,22024,7979,7664,2779,2635,26291,25511,463519,446460,49631,48208,32407,30649,15884,15295,5075,4861
R,1,2024,7,4085623,2088467,1997156,1456423,1387196,316397,310253,37979,36624,138759,130632,7820,7386,131089,125065,1576852,1502132,387139,378285,62885,60564,188445,177398,17014,16019,1539161,1468196,1002651,950598,280677,275384,15802,15156,130668,122985,5021,4725,104342,99348,1098933,1042319,337460,329983,31672,30335,172263,162025,11860,11105,549306,528960,453772,436598,35720,34869,22177,21468,8091,7647,2799,2661,26747,25717,477919,459813,49679,48302,31213,30229,16182,15373,5154,4914
R,1,2024,8,4135496,2113256,2022240,1482338,1412458,321174,313893,37064,35824,134361,127133,7569,7384,130750,125548,1602517,1527861,391758,382328,62182,59904,183554,173841,16716,16071,1558775,1487545,1021488,968937,285850,279132,16127,15383,126409,119546,4801,4706,104100,99841,1117602,1061134,342569,334147,32187,30712,167558,158533,11602,11152,554481,534695,460850,443521,35324,34761,20937,20441,7952,7587,2768,2678,26650,25707,484915,466727,49189,48181,29995,29192,15996,15308,5114,4919
R,1,2024,9,4157130,2124480,2032650,1489709,1418443,323361,316088,36875,36239,136952,130052,7406,7265,130177,124563,1609321,1532907,393357,383722,61953,60317,186157,176465,16584,15925,1574076,1501827,1032166,978051,287459,281145,16347,15827,129423,122786,4807,4722,103874,99296,1128034,1069704,343698,335617,32493,31260,170740,161637,11670,11194,550404,530823,457543,440392,35902,34943,20528,20412,7529,7266,2599,2543,26303,25267,481287,463203,49659,48105,29460,29057,15417,14828,4914,4731
R,1,2024,10,4114024,2106162,2007862,1479164,1405300,323286,313521,37472,36048,131274,124201,7069,6831,127897,121961,1596646,1517286,391868,379911,62369,59765,179548,169481,16260,15396,1559783,1484140,1024757,969941,287666,279256,16755,15956,124018,117341,4624,4435,101963,97211,1118843,1059608,342783,332766,32845,31257,164441,155143,11428,10740,546379,523722,454407,435359,35620,34265,20717,20092,7256,6860,2445,2396,25934,24750,477803,457678,49085,47145,29524,28508,15107,14338,4832,4656
R,1,2024,11,4138671,2114911,2023760,1485079,1417667,322905,313614,37267,35845,135577,128229,7203,6994,126880,121411,1601537,1529077,390528,379024,62042,59717,183850,173728,16397,15716,1567316,1494918,1028304,976336,287892,279882,16832,16175,128379,121319,4735,4534,101174,96672,1121567,1065444,342182,332456,32852,31589,168881,159342,11559,10978,547595,528842,456775,441331,35013,33732,20435,19670,7198,6910,2468,2460,25706,24739,479970,463633,48346,46568,29190,28128,14969,14386,4838,4738
R,1,2024,12,4148703,2126294,2022409,1503297,1426382,323925,312840,37728,36180,128571,121071,6967,6688,125806,119248,1618819,1535807,391355,377023,62686,59967,175775,165565,16022,15238,1569765,1488801,1037200,979578,289554,279808,17024,16108,121492,114428,4516,4285,99979,94594,1129416,1066779,343610,331206,33147,31403,160888,151519,11204,10566,556529,533608,466097,446804,34371,33032,20704,20072,7079,6643,2451,2403,25827,24654,489403,469028,47745,45817,29539,28564,14887,14046,4818,4672
R,1,2024,13,4238919,2172539,2066380,1545985,1466093,329904,317969,36147,34769,126396,120025,6892,6503,127215,121021,1662991,1577277,397918,383157,61748,59430,173723,164544,15989,15031,1596386,1514359,1056852,997782,297593,286187,17207,16720,119615,113800,4601,4302,100518,95568,1149675,1085910,351826,338124,33568,32533,159040,150925,11305,10594,576153,552021,489133,468311,32311,31782,18940,18049,6781,6225,2291,2201,26697,25453,513316,491367,46092,45033,28180,26897,14683,13619,4684,4437
R,1,2024,14,4279193,2190857,2088336,1566878,1486009,332131,321306,36202,34631,124084,119073,6743,6577,124819,120740,1681772,1596968,399164,386807,61229,58958,170148,163083,15472,15071,1609442,1531881,1071310,1012431,299827,289880,17773,17133,117525,112817,4619,4385,98388,95235,1162303,1100303,353324,342099,33679,32671,155751,149462,11046,10625,581415,556455,495568,473578,32304,31426,18429,17498,6559,6256,2124,2192,26431,25505,519469,496665,45840,44708,27550,26287,14397,13621,4426,4446
R,1,2024,15,4457362,2283378,2173984,1637560,1551089,348838,337644,37299,35492,127217,121893,6964,6795,125500,121071,1752878,1662389,416384,403606,62620,59765,172878,165421,15886,15213,1679524,1599166,1121402,1060192,315119,305548,18330,17676,120578,115582,4751,4555,99344,95613,1212943,1148492,369357,358529,34518,32957,158742,151856,11333,10701,603854,574818,516158,490897,33719,32096,18969,17816,6639,6311,2213,2240,26156,25458,539935,513897,47027,45077,28102,26808,14136,13565,4553,4512
R,1,2024,16,4513215,2312679,2200536,1664262,1576679,349445,338479,38502,36964,130400,123524,6989,6829,123081,118061,1777240,1684954,415374,402562,63835,61186,175271,166032,15798,15157,1698714,1616732,1138763,1077142,315820,306408,18509,18216,123777,117419,4770,4557,97075,92990,1228243,1162683,368584,357656,34586,33532,161126,152777,11308,10675,613965,583804,525499,499537,33625,32071,19993,18748,6623,6105,2219,2272,26006,25071,548997,522271,46790,44906,29249,27654,14145,13255,4490,4482
R,1,2024,17,4483446,2296825,2186621,1657826,1573086,345194,333572,39099,36383,129137,123068,6785,6705,118784,113807,1766817,1677463,408086,394609,63926,60113,172815,164096,15380,14828,1689221,1609019,1137518,1078143,312407,301910,18496,17753,122568,116940,4666,4506,93566,89767,1223677,1160726,362680,351052,34178,32765,158981,151127,10979,10477,607604,577602,520308,494943,32787,31662,20603,18630,6569,6128,2119,2199,25218,24040,543140,516737,45406,43557,29748,27348,13834,12969,4401,4351
R,1,2024,18,4431875,2268917,2162958,1645335,1557883,333143,324940,38594,36257,132182,129354,6935,6838,112728,107686,1748634,1656446,392024,381691,62800,59040,173865,169119,15011,14487,1674469,1600899,1135476,1074515,301605,294826,18116,17834,126011,123550,4694,4740,88567,85434,1216885,1152909,348595,340570,33319,32312,160904,156972,10642,10453,594448,562059,509859,483368,31538,30114,20478,18423,6171,5804,2241,2098,24161,22252,531749,503537,43429,41121,29481,26728,12961,12147,4369,4034
R,1,2024,19,4432840,2268216,2164624,1646014,1560394,330136,321268,38420,35097,138363,136395,7030,6696,108253,104774,1745095,1656123,385948,375757,62017,57818,178832,175134,14867,14257,1685609,1613773,1144993,1085471,299654,292285,18119,17236,132206,130627,4934,4803,85703,83351,1223716,1161818,344327,336245,33242,31963,166261,163365,10775,10467,582607,550851,501021,474923,30482,28983,20301,17861,6157,5768,2096,1893,22550,21423,521379,494305,41621,39512,28775,25855,12571,11769,4092,3790
R,1,2024,20,4440418,2270462,2169956,1655519,1568973,326526,320351,37460,34723,139662,138171,6862,6530,104433,101208,1751033,1661504,379654,372336,60809,57205,178759,175855,14554,13919,1697920,1626467,1162343,1099468,296642,292190,17657,17236,133800,132530,4814,4712,82664,80331,1238160,1173147,339296,333991,32650,31919,166732,164187,10582,10260,572542,543489,493176,469505,29884,28161,19803,17487,5862,5641,2048,1818,21769,20877,512873,488357,40358,38345,28159,25286,12027,11668,3972,3659
R,1,2024,21,4412205,2254256,2157949,1642268,1558316,326980,323052,37348,34536,141006,138731,6785,6544,99869,96770,1733318,1646456,377474,372581,60315,56826,178275,174425,14315,13689,1689358,1620983,1154917,1093470,297390,295482,17743,17284,135246,133366,4856,4716,79206,76665,1227300,1163544,338002,335191,32580,31787,166652,163395,10551,10110,564898,536966,487351,464846,29590,27570,19605,17252,5760,5365,1929,1828,20663,20105,506018,482912,39472,37390,27735,25039,11623,11030,3764,3579
R,1,2024,22,4435880,2264545,2171335,1646534,1567068,331403,326740,36621,34176,145605,141757,6503,6368,97879,95226,1735681,1653742,380875,375353,59756,56874,181758,176475,13789,13481,1707961,1642119,1165773,1108841,302196,299442,17878,17281,140115,136392,4661,4536,77338,75627,1236351,1177883,341796,338585,32882,32229,170573,165692,10190,9937,556584,529216,480761,458227,29207,27298,18743,16895,5490,5365,1842,1832,20541,19599,499330,475859,39079,36768,26874,24645,11185,10783,3599,3544
R,1,2024,23,4531578,2313177,2218401,1672602,1591145,342612,337946,36966,35229,157457,153667,6576,6431,96964,93983,1760794,1676362,391160,385694,60524,57905,193384,188116,13822,13517,1754671,1687270,1189257,1131446,313754,310389,18318,17714,151757,148355,4813,4542,76772,74824,1259150,1199472,352626,348820,33730,32885,182166,177435,10332,9894,558506,531131,483345,459699,28858,27557,18648,17515,5700,5312,1763,1889,20192,19159,501644,476890,38534,36874,26794,25020,11218,10681,3490,3623
R,1,2024,24,4424036,2254695,2169341,1633668,1559950,333428,329002,36243,34608,152503,149673,6498,6163,92355,89945,1717550,1641306,379955,374842,59340,56898,185734,182047,13596,13093,1715878,1653701,1167170,1113315,305675,302285,18075,17709,147069,144502,4743,4366,73146,71524,1233734,1178077,343008,339290,33354,32646,175166,171779,10139,9657,538817,515640,466498,446635,27753,26717,18168,16899,5434,5171,1755,1797,19209,18421,483816,463229,36947,35552,25986,24252,10568,10268,3457,3436
R,1,2024,25,4445539,2261029,2184510,1638707,1568233,335355,332713,35864,34576,153165,153957,6521,6155,91417,88876,1721498,1648741,380631,377506,58944,57255,186328,185745,13775,12902,1726742,1671521,1176152,1123608,307778,306353,17933,17623,147657,148697,4773,4355,72449,70885,1241876,1187925,344081,342492,33296,33044,175676,175542,10360,9578,534287,512989,462555,444625,27577,26360,17931,16953,5508,5260,1748,1800,18968,17991,479622,460816,36550,35014,25648,24211,10652,10203,3415,3324
R,1,2024,26,4399300,2233343,2165957,1615591,1549490,331178,329654,35089,33788,157678,161095,6478,6146,87329,85784,1694601,1626980,373944,372241,57817,56136,189498,192059,13230,12677,1710927,1664358,1162383,1114012,304966,304327,17556,17500,152296,155855,4732,4434,68994,68230,1224884,1175674,339054,338547,32786,32713,179165,182088,9912,9456,522416,501599,453208,435478,26212,25327,17533,16288,5382,5240,1746,1712,18335,17554,469717,451306,34890,33694,25031,23423,10333,9971,3318,3221
R,1,2024,27,4448053,2254030,2194023,1634561,1568952,330345,331560,35056,33463,161588,169344,6520,6202,85960,84502,1712283,1645043,371651,372912,57971,56023,193105,199984,13327,12973,1730858,1693394,1180017,1133821,304134,306754,17746,17355,156381,164097,4732,4527,67848,66840,1241448,1194038,336884,339752,32962,32565,183220,190030,9990,9776,523172,500629,454544,435131,26211,24806,17310,16108,5207,5247,1788,1675,18112,17662,470835,451005,34767,33160,25009,23458,9885,9954,3337,3197
R,1,2024,28,4494700,2278277,2216423,1647035,1581232,339655,338541,35103,33203,165813,175178,6605,6518,84066,81751,1722650,1654580,379402,378254,58478,55800,196690,204723,13407,13279,1754552,1713288,1192054,1143482,313091,313244,17901,17218,160568,169861,4806,4766,66132,64717,1251500,1201624,344556,344810,33655,32586,186742,194880,10096,10068,523725,503135,454981,437750,26564,25297,17202,15985,5245,5317,1799,1752,17934,17034,471150,452956,34846,33444,24823,23214,9948,9843,3311,3211
R,1,2024,29,4564927,2311140,2253787,1663855,1599493,354207,354962,35442,34158,169005,177982,6724,6739,81907,80453,1737154,1671291,392217,393471,59008,57173,199105,207139,13764,13413,1786565,1751837,1207708,1162962,327435,329360,18360,17900,163750,172817,4944,4999,64368,63799,1265237,1219832,357328,360054,34368,33799,189361,197576,10418,10216,524575,501950,456147,436531,26772,25602,17082,16258,5255,5165,1780,1740,17539,16654,471917,451459,34889,33417,24640,23374,9744,9563,3346,3197
R,1,2024,30,4644786,2354669,2290117,1689912,1619562,368868,367197,36319,35102,174271,183235,6927,6707,78372,78314,1759581,1689144,404575,404073,59205,58114,203720,211696,13818,13448,1825883,1787108,1229123,1181535,341747,341758,18972,18860,169156,177953,5059,4968,61826,62034,1284043,1236633,369868,370932,34644,34899,194219,202144,10436,10232,528786,503009,460789,438027,27121,25439,17347,16242,5115,5282,1868,1739,16546,16280,475538,452511,34707,33141,24561,23215,9501,9552,3382,3216
R,1,2024,31,4754650,2408761,2345889,1728352,1660690,379748,377259,37971,35792,178719,188735,7008,6791,76963,76622,1796604,1728606,413399,412009,61382,58850,208033,217333,13889,13593,1871224,1836401,1259941,1216757,352172,351092,19935,19369,173569,183435,5128,4991,60479,60757,1313495,1270558,378285,378403,36022,35511,198716,207952,10563,10318,537537,509488,468411,443933,27576,26167,18036,16423,5150,5300,1880,1800,16484,15865,483109,458048,35114,33606,25360,23339,9317,9381,3326,3275
R,1,2024,32,4812505,2426336,2386169,1739994,1685210,381230,386703,38400,35305,185571,195701,7731,7214,73410,76036,1804256,1751643,412756,420879,61019,57982,214100,225226,14801,14351,1893577,1883475,1277505,1249970,352921,358707,20170,19469,180305,190089,5636,5348,57040,59892,1327282,1302168,376909,385168,35476,35184,204675,215291,11229,10965,532759,502694,462489,435240,28309,27996,18230,15836,5266,5612,2095,1866,16370,16144,476974,449475,35847,35711,25543,22798,9425,9935,3572,3386
R,1,2024,33,4891210,2469049,2422161,1779133,1716840,381001,387852,38000,34973,192747,202266,7951,7463,70217,72767,1840351,1780467,410025,420098,59741,56911,221193,230698,14934,14402,1931589,1924798,1312216,1286826,352548,359449,19650,19267,187192,196723,5757,5579,54226,56954,1359230,1336444,374244,384230,34249,34301,211574,220981,11250,11067,537460,497363,466917,430014,28453,28403,18350,15706,5555,5543,2194,1884,15991,15813,481121,444023,35781,35868,25492,22610,9619,9717,3684,3335
R,1,2024,34,4779574,2411432,2368142,1742869,1678150,367178,377588,36854,33702,191217,203438,8137,7182,65177,68082,1799897,1737550,393703,407339,57074,54430,217656,230193,14516,13691,1892665,1890034,1291806,1264397,339755,350318,18947,18614,185884,197966,5992,5444,50281,53295,1335559,1310668,359438,373067,32539,32827,208613,220949,11052,10667,518767,478108,451063,413753,27423,27270,17907,15088,5333,5472,2145,1738,14896,14787,464338,426882,34265,34272,24535,21603,9043,9244,3464,3024
R,1,2024,35,4687478,2363605,2323873,1720769,1657190,344969,358413,35977,32714,192700,204141,7886,7211,61304,64204,1774099,1713139,369266,386016,55114,52267,218015,229810,14093,13378,1850714,1855369,1273686,1251132,318751,331883,18247,17868,187438,198797,5801,5474,46791,50215,1314192,1294719,336363,352675,30804,31379,209166,220872,10732,10409,512891,468504,447083,406058,26218,26530,17730,14846,5262,5344,2085,1737,14513,13989,459907,418420,32903,33341,24310,20888,8849,8938,3361,2969
R,1,2024,36,4585643,2316810,2268833,1703206,1630567,327119,341010,34619,31485,186075,197029,7882,6946,57909,61796,1753443,1684553,349978,367163,52852,50454,210040,221773,13950,13027,1810124,1809124,1260083,1231251,301841,315486,17457,17137,180988,192037,5679,5201,44076,48012,1298030,1273024,318331,335015,29396,30075,201572,213360,10525,10044,506686,459709,443123,399316,25278,25524,17162,14348,5087,4992,2203,1745,13833,13784,455413,411529,31647,32148,23456,20379,8468,8413,3425,2983
R,1,2024,37,4561295,2306341,2254954,1707200,1630298,317905,333208,33937,30798,184133,194526,7795,7025,55371,59099,1755460,1681651,339083,358034,51717,49668,207166,218111,13480,12750,1799997,1797574,1263751,1232425,292800,307856,16903,16631,179053,189665,5572,5199,41918,45798,1300064,1271987,307773,326401,28520,29495,198832,209939,10127,9799,506344,457380,443449,397873,25105,25352,17034,14167,5080,4861,2223,1826,13453,13301,455396,409664,31310,31633,23197,20173,8334,8172,3353,2951
R,1,2024,38,4585458,2319608,2265850,1727114,1646365,314240,329854,33619,30553,182543,194462,7880,7160,54212,57456,1774143,1696282,334927,353268,51374,49063,204863,217634,13579,13038,1807258,1806850,1277970,1246256,289279,304842,16281,16535,177481,189558,5602,5441,40645,44218,1312933,1284447,303748,321925,27786,29268,196563,209432,10115,10162,512350,459000,449144,400109,24961,25012,17338,14018,5062,4904,2278,1719,13567,13238,461210,411835,31179,31343,23588,19795,8300,8202,3464,2876
R,1,2024,39,4506578,2272410,2234168,1696834,1625092,301953,322149,32699,30128,181333,194265,7600,6840,51991,55694,1741981,1673330,321261,344341,49955,48457,202888,217078,13255,12548,1771805,1780639,1257324,1229468,278079,297689,15996,16116,176231,189564,5369,5113,38806,42689,1290740,1266265,291440,313651,27159,28616,194633,209086,9853,9688,500605,453529,439510,395624,23874,24460,16703,14012,5102,4701,2231,1727,13185,13005,451241,407065,29821,30690,22796,19841,8255,7992,3402,2860
R,1,2024,40,4471629,2253799,2217830,1689003,1616456,296044,317711,32593,29922,178546,192395,7443,6857,50170,54489,1732508,1663657,314614,338912,49474,48378,199374,214622,12810,12567,1758784,1765391,1253933,1221488,272516,293441,15840,15857,173681,187802,5339,5180,37475,41623,1286157,1257296,285299,308736,26899,28451,191380,206776,9566,9722,495015,452439,435070,394968,23528,24270,16753,14065,4865,4593,2104,1677,12695,12866,446351,406361,29315,30176,22575,19927,7994,7846,3244,2845
R,1,2024,41,4532706,2283087,2249619,1715937,1644194,298816,322062,33242,30176,177430,191881,7510,6999,50152,54307,1759439,1691106,317172,343340,50528,48911,197951,213740,13012,12632,1777715,1786944,1271233,1239744,274998,297180,16072,16140,172525,187033,5374,5225,37513,41622,1303488,1275428,287664,312574,27446,29038,189987,205721,9753,9760,505372,462675,444704,404450,23818,24882,17170,14036,4905,4848,2136,1774,12639,12685,455951,415678,29508,30766,23082,19873,7964,8019,3259,2872
R,1,2024,42,4425520,2224487,2201033,1679094,1613657,289872,315378,31428,28689,168572,184913,7356,6536,48165,51860,1720716,1658418,307415,335888,48441,46740,188091,205478,12542,12024,1740616,1750641,1253373,1219356,267157,291429,15079,15319,163859,180164,5225,4797,35923,39576,1284143,1253323,279265,306217,26278,27693,180405,197680,9319,9177,483871,450392,425721,394301,22715,23949,16349,13370,4713,4749,2131,1739,12242,12284,436573,405095,28150,29671,22163,19047,7686,7798,3223,2847
R,1,2024,43,4468978,2247421,2221557,1698843,1628106,297596,324348,31899,29203,163619,181479,7431,6548,48033,51873,1740309,1672855,315217,344815,48866,47561,183093,201834,12803,12025,1750938,1764254,1261162,1227710,274778,299736,15444,15760,158681,176724,5220,4863,35653,39461,1291652,1261470,286832,314390,26611,28421,175106,194039,9501,9285,496483,457303,437681,400396,22818,24612,16455,13443,4938,4755,2211,1685,12380,12412,448657,411385,28385,30425,22255,19140,7987,7795,3302,2740
R,1,2024,44,4292816,2153835,2138981,1629137,1567004,285148,313665,30276,27726,157303,175003,6711,6303,45260,49280,1668264,1609375,301599,333222,46738,45297,175269,194241,11745,11518,1682665,1701850,1213936,1184386,263240,290032,14677,14883,152784,170590,4718,4714,33310,37245,1242463,1216122,274338,303797,25462,26994,167878,186913,8704,8904,471170,437131,415201,382618,21908,23633,15599,12843,4519,4413,1993,1589,11950,12035,425801,393253,27261,29425,21276,18303,7391,7328,3041,2614
R,1,2024,45,4153851,2078162,2075689,1576451,1523187,272288,301898,28479,26855,152001,171210,6305,5885,42638,46654,1613154,1563333,287740,319980,44010,43762,169088,189568,10866,10702,1626752,1650652,1177484,1151264,251582,279012,14089,14300,147661,166737,4528,4287,31408,35052,1204191,1181150,262055,291654,24302,25824,162021,182307,8136,8164,451410,425037,398967,371923,20706,22886,14390,12555,4340,4473,1777,1598,11230,11602,408963,382183,25685,28326,19708,17938,7067,7261,2730,2538
R,1,2024,46,4119123,2056835,2062288,1568638,1520326,265556,296601,28531,26894,146706,167134,6205,5905,41199,45428,1604060,1559185,280316,314188,43954,43628,163055,184953,10666,10658,1608062,1636094,1171163,1145903,245689,274181,14175,14624,142376,162802,4448,4335,30211,34249,1196810,1174921,255542,286443,24334,26154,156120,177963,7961,8153,448773,426194,397475,374423,19867,22420,14356,12270,4330,4332,1757,1570,10988,11179,407250,384264,24774,27745,19620,17474,6935,6990,2705,2505
R,1,2024,47,3966986,1977868,1989118,1506038,1465808,252535,283318,27231,25267,147047,166250,5904,5456,39113,43019,1539766,1502466,265991,299640,41837,41348,162841,183327,10303,10018,1544815,1573513,1121869,1099375,233418,261882,13643,13818,142841,162020,4243,4001,28801,32417,1146399,1126687,242299,273263,23346,24991,156175,176453,7708,7671,433053,415605,384169,366433,19117,21436,13588,11449,4206,4230,1661,1455,10312,10602,393367,375779,23692,26377,18491,16357,6666,6874,2595,2347
R,1,2024,48,3930964,1959114,1971850,1490976,1452322,250745,281770,26630,25163,148241,166602,5594,5414,36928,40579,1522702,1486947,263661,296904,40779,40471,162959,182801,9543,9650,1533700,1562330,1112669,1090291,232266,261138,13343,13727,144158,162462,4053,4043,27211,30669,1135740,1116214,240800,271612,22863,24368,156592,176263,7210,7449,425414,409520,378307,362031,18479,20632,13287,11436,4083,4140,1541,1371,9717,9910,386962,370733,22861,25292,17916,16103,6367,6538,2333,2201
R,1,2024,49,3928690,1956542,1972148,1496701,1461791,247124,278984,26265,24820,146086,162295,5584,5131,34782,39127,1526320,1494995,258948,293482,39844,39947,159995,177792,9532,9133,1540629,1568884,1124868,1103679,229955,259662,13258,13568,142224,158423,4095,3810,26229,29742,1146986,1128602,238089,269758,22518,24192,154205,171765,7287,7049,415913,403264,371833,358112,17169,19322,13007,11252,3862,3872,1489,1321,8553,9385,379334,366393,20859,23724,17326,15755,5790,6027,2245,2084
R,1,2024,50,3865333,1921847,1943486,1468460,1437989,243719,275989,25191,24442,145298,162487,5222,5087,33957,37492,1497354,1469645,255073,289692,38463,38954,159092,177529,8996,9051,1525803,1554851,1114087,1092529,227458,257384,12780,13525,141769,158705,3873,3799,25836,28909,1135798,1116649,235177,267129,22071,23976,153708,171700,6987,7010,396044,388635,354373,345460,16261,18605,12411,10917,3529,3782,1349,1288,8121,8583,361556,352996,19896,22563,16392,14978,5384,5829,2009,2041
R,1,2024,51,4007029,1992156,2014873,1525536,1495331,255118,288180,26167,24857,145930,163797,5284,5085,34121,37623,1554511,1527062,266060,301667,39968,39905,159766,178767,9090,9046,1593041,1623418,1168069,1147041,239053,269533,13440,13889,142287,160019,3967,3765,26225,29171,1190094,1171313,246635,279168,23262,24847,154322,173022,7041,7050,399115,391455,357467,348290,16065,18647,12727,10968,3643,3778,1317,1320,7896,8452,364417,355749,19425,22499,16706,15058,5444,5745,2049,1996
R,1,2024,52,4194148,2089493,2104655,1624031,1585461,260265,293753,25772,25255,140359,157351,5322,4877,33744,37958,1652569,1617534,271039,307122,39755,40904,153796,172070,9128,8929,1700896,1723162,1275738,1245884,244604,275866,13822,14417,136660,153743,3942,3673,26130,29579,1297573,1270597,252147,285401,23959,25985,148356,166539,7078,7014,388597,381493,348293,339577,15661,17887,11950,10838,3699,3608,1380,1204,7614,8379,354996,346937,18892,21721,15796,14919,5440,5531,2050,1915
R,1,2024,53,4372366,2180930,2191436,1702735,1661018,270528,303553,26559,25640,141206,158001,5133,5118,34769,38106,1732206,1693015,281714,316921,41346,41761,154508,172543,9153,9411,1790485,1813778,1352803,1325195,254725,285627,14519,14776,137579,154327,3839,3854,27020,29999,1375441,1350119,262605,295371,25360,26916,149103,166882,7149,7398,390445,377658,349932,335823,15803,17926,12040,10864,3627,3674,1294,1264,7749,8107,356765,342896,19109,21550,15986,14845,5405,5661,2004,2013
R,1,2024,54,4168375,2073124,2095251,1626401,1597092,252609,284639,24726,24235,132056,149203,5183,4961,32149,35121,1653638,1626526,262579,296647,38671,39502,144385,162605,9023,8893,1703531,1735426,1294915,1276341,237708,267913,13629,14200,128636,145700,3935,3819,24708,27453,1315587,1299121,244520,276493,23769,25657,139304,157232,7103,7080,369593,359825,331486,320751,14901,16726,11097,10035,3420,3503,1248,1142,7441,7668,338051,327405,18059,20154,14902,13845,5081,5373,1920,1813
R,1,2024,55,4054107,2016180,2037927,1580854,1554214,246291,276044,24491,23346,129897,146473,4602,4797,30045,33053,1606197,1581826,255392,287158,37909,38061,141345,158836,8116,8588,1662712,1694672,1263897,1248222,231752,259886,13564,13839,126817,143205,3457,3628,23225,25892,1283259,1269569,237947,267756,23521,25008,136746,153983,6355,6798,353468,343255,316957,305992,14539,16158,10927,9507,3080,3268,1145,1169,6820,7161,322938,312257,17445,19402,14388,13053,4599,4853,1761,1790
R,1,2024,56,3989767,1975732,2014035,1558812,1542709,242472,276432,23158,23218,118005,135443,4684,4630,28601,31603,1582944,1569019,250995,287173,36233,37580,128750,146923,7993,8363,1637547,1682034,1255363,1246602,228554,260654,13009,14068,114989,132415,3525,3555,22107,24740,1273762,1266949,234330,268261,22713,25050,124312,142282,6320,6675,338185,332001,303449,296107,13918,15778,10149,9150,3016,3028,1159,1075,6494,6863,309182,302070,16665,18912,13520,12530,4438,4641,1673,1688
R,1,2024,57,4019885,1983245,2036640,1569275,1567299,243665,280129,22945,23016,114839,130621,4715,4695,27806,30880,1592479,1592919,252103,290608,35930,37424,125056,141593,8095,8307,1653958,1713048,1273328,1278368,230276,264947,13198,14334,111895,127626,3619,3642,21642,24131,1291114,1298134,236001,272350,23044,25315,120716,137094,6486,6669,329287,323592,295947,288931,13389,15182,9747,8682,2944,2995,1096,1053,6164,6749,301365,294785,16102,18258,12886,12109,4340,4499,1609,1638
R,1,2024,58,4126831,2031805,2095026,1607909,1613272,251775,288711,23833,23813,115694,133361,4679,4714,27915,31155,1631156,1639120,260013,298926,37255,38620,125784,144460,8102,8389,1705832,1774047,1315685,1327154,237913,273360,13968,15042,112857,130300,3654,3713,21755,24478,1333535,1347179,243525,280601,24177,26495,121603,139848,6534,6804,325973,320979,292224,286118,13862,15351,9865,8771,2837,3061,1025,1001,6160,6677,297621,291941,16488,18325,13078,12125,4181,4612,1568,1585
R,1,2024,59,4288454,2098779,2189675,1672856,1700902,254516,295538,23792,24211,114955,132673,4591,4780,28069,31571,1696297,1727005,262544,305725,37639,39890,124993,143492,8006,8502,1785476,1873718,1391638,1418590,241571,280665,14433,15732,112144,129829,3618,3781,22072,25121,1409834,1439086,247061,287958,25116,28166,120852,139219,6483,6919,313303,315957,281218,282312,12945,14873,9359,8479,2811,2844,973,999,5997,6450,286463,287919,15483,17767,12523,11724,4141,4273,1523,1583
R,1,2024,60,4296938,2102525,2194413,1682364,1712910,248090,287174,23363,23772,116462,134738,4363,4612,27883,31207,1705632,1738662,255819,296890,37417,39313,126392,145541,7710,8389,1802937,1890526,1413608,1441831,235475,272848,14468,15430,113826,131923,3398,3647,22162,24847,1431905,1462061,240833,279766,25454,27799,122487,141259,6228,6834,299588,303887,268756,271079,12615,14326,8895,8342,2636,2815,965,965,5721,6360,273727,276601,14986,17124,11963,11514,3905,4282,1482,1555
R,1,2024,61,4303831,2098331,2205500,1684319,1729837,245328,286266,22875,23770,114301,130116,4343,4559,27165,30952,1707041,1755300,252757,295990,36388,39541,124028,140639,7691,8216,1810997,1911007,1426209,1466759,233513,272824,14233,15622,111693,127395,3453,3637,21896,24770,1444330,1486889,238641,279789,25033,28258,120248,136486,6342,6708,287334,294493,258110,263078,11815,13442,8642,8148,2608,2721,890,922,5269,6182,262711,268411,14116,16201,11355,11283,3780,4153,1349,1508
R,1,2024,62,4280848,2083713,2197135,1691235,1740740,236869,279491,22234,23476,102148,119036,4227,4256,27000,30136,1713787,1765489,244091,288949,36036,39177,111743,129098,7469,7798,1814502,1920257,1449509,1493355,225726,266928,14226,15824,99851,116455,3415,3412,21775,24283,1467498,1513055,230769,273742,25263,28562,108260,125193,6181,6391,269211,276878,241726,247385,11143,12563,8008,7652,2297,2581,812,844,5225,5853,246289,252434,13322,15207,10773,10615,3483,3905,1288,1407
R,1,2024,63,4273013,2072930,2200083,1676344,1736483,238953,281567,21820,23388,105201,124811,4130,4317,26482,29517,1698575,1760665,245943,290520,35470,38930,114478,134727,7315,7803,1809104,1926649,1439463,1491775,227965,269229,13943,15926,102849,122203,3343,3497,21541,24019,1457348,1511229,232918,275815,24958,28584,111075,130817,6032,6463,263826,273434,236881,244708,10988,12338,7877,7462,2352,2608,787,820,4941,5498,241227,249436,13025,14705,10512,10346,3403,3910,1283,1340
R,1,2024,64,4139256,2002229,2137027,1626077,1692926,226942,271332,20598,22192,99312,118560,3963,3926,25337,28091,1647257,1716009,233485,279977,33710,37153,108396,127745,6993,7212,1759553,1883026,1408178,1466157,216807,259531,13506,15156,97166,116159,3217,3199,20679,22824,1425331,1484669,221434,265858,24140,27406,105148,124157,5783,5988,242676,254001,217899,226769,10135,11801,7092,7036,2146,2401,746,727,4658,5267,221926,231340,12051,14119,9570,9747,3248,3588,1210,1224
R,1,2024,65,4071207,1960350,2110857,1596192,1677069,219165,263495,19147,21230,98228,118370,3672,3820,23946,26873,1616212,1699134,225388,271565,31897,35825,106476,127112,6397,6834,1736343,1870702,1395301,1462295,209450,252325,12782,14743,96230,116153,2997,3150,19583,22036,1411521,1480213,213838,258258,23219,26831,103529,123776,5317,5737,224007,240155,200891,214774,9715,11170,6365,6487,1998,2217,675,670,4363,4837,204691,218921,11550,13307,8678,8994,2947,3336,1080,1097
R,1,2024,66,4033695,1934430,2099265,1582524,1677232,210074,256267,19047,20657,95774,115339,3536,3691,23475,26079,1602004,1698620,216196,264085,31632,35201,103867,123502,6285,6652,1719523,1866615,1389535,1468671,201106,245662,12659,14524,93927,113370,2915,3013,19381,21375,1405462,1485988,205532,251397,23045,26584,101144,120493,5269,5551,214907,232650,192989,208561,8968,10605,6388,6133,1847,1969,621,678,4094,4704,196542,212632,10664,12688,8587,8617,2723,3009,1016,1101
R,1,2024,67,3884219,1851414,2032805,1517670,1622413,198231,248915,17877,19718,92355,113131,3275,3475,22006,25153,1536085,1643114,203953,256446,29834,33938,99739,120876,5794,6308,1651384,1813103,1338270,1425772,189701,238712,11886,13975,90609,111032,2689,2918,18229,20694,1353383,1442613,193808,244242,21799,25855,97211,117779,4881,5337,200030,219702,179400,196641,8530,10203,5991,5743,1746,2099,586,557,3777,4459,182702,200501,10145,12204,8035,8083,2528,3097,913,971
R,1,2024,68,3730979,1767811,1963168,1452798,1571211,184586,234519,16972,18748,89491,111639,3050,3419,20914,23632,1470240,1590493,189921,241600,28390,32067,96506,118995,5454,6069,1578965,1751930,1283324,1381686,176406,225023,11432,13307,87845,109686,2545,2811,17413,19417,1297705,1397334,180230,230225,20981,24425,94114,116106,4638,5078,188846,211238,169474,189525,8180,9496,5540,5441,1646,1953,505,608,3501,4215,172535,193159,9691,11375,7409,7642,2392,2889,816,991
R,1,2024,69,3635524,1713961,1921563,1414144,1544696,174934,225501,15799,17739,86526,107786,2946,3268,19612,22573,1430433,1563138,179913,232186,26731,30522,93031,114710,5201,5888,1538892,1721742,1256248,1364687,167612,216780,10975,12896,85047,106005,2474,2735,16536,18639,1269862,1379692,171272,221711,20246,23623,90890,112093,4445,4997,175069,199821,157896,180009,7322,8721,4824,4843,1479,1781,472,533,3076,3934,160571,183446,8641,10475,6485,6899,2141,2617,756,891
R,1,2024,70,3443048,1614254,1828794,1342525,1480777,157250,208234,14454,16269,79351,99726,2599,2914,18075,20874,1357668,1497852,161663,214302,24775,28256,85159,106105,4632,5292,1456295,1646052,1200115,1316035,150528,200246,10112,11840,78054,98142,2181,2430,15305,17359,1212873,1330060,153753,204733,18934,21960,83271,103793,3970,4526,157959,182742,142410,164742,6722,7988,4342,4429,1297,1584,418,484,2770,3515,144795,167792,7910,9569,5841,6296,1888,2312,662,766
R,1,2024,71,3344535,1559026,1785509,1300963,1448648,147115,199548,13419,15548,78392,99393,2569,2844,16568,19528,1314712,1464638,151216,205171,22794,26891,83827,105310,4509,5118,1412587,1612338,1168866,1292235,140867,191978,9444,11454,77134,97871,2216,2378,14060,16422,1180430,1305523,143882,196258,17515,21172,82009,103067,3919,4347,146439,173171,132097,156413,6248,7570,3975,4094,1258,1522,353,466,2508,3106,134282,159115,7334,8913,5279,5719,1818,2243,590,771
R,1,2024,72,3152319,1461888,1690431,1228726,1379016,135037,187292,12355,14327,68043,89122,2190,2545,15537,18129,1241624,1393960,138828,192528,21440,25166,72942,94245,4012,4569,1326532,1530770,1106026,1234949,129543,180182,8884,10562,66933,87754,1882,2129,13264,15194,1116957,1247294,132397,184124,16668,19864,71356,92259,3494,3891,135356,159661,122700,144067,5494,7110,3471,3765,1110,1368,308,416,2273,2935,124667,146666,6431,8404,4772,5302,1586,1986,518,678
R,1,2024,73,2959692,1361809,1597883,1134292,1292693,129527,180051,11903,13758,69104,91803,2214,2394,14769,17184,1146617,1306651,133167,185122,20483,23819,73710,96981,3918,4399,1233758,1442555,1018485,1152423,124130,173206,8638,10062,68010,90429,1883,2041,12612,14394,1028931,1163985,126828,177020,16071,18659,72153,94955,3408,3780,128051,155328,115807,140270,5397,6845,3265,3696,1094,1374,331,353,2157,2790,117686,142666,6339,8102,4412,5160,1557,2026,510,619
R,1,2024,74,2844554,1305028,1539526,1093544,1253396,118215,168203,11197,12766,66263,86647,2116,2370,13693,16144,1104944,1266569,121529,172910,19392,22399,70398,91239,3741,4237,1187904,1396333,987417,1123732,113456,161968,8142,9554,65330,85420,1805,2010,11754,13649,997144,1134743,115993,165561,15246,17900,69028,89461,3237,3655,117124,143193,106127,129664,4759,6235,3055,3212,933,1227,311,360,1939,2495,107800,131826,5536,7349,4146,4499,1370,1778,504,582
R,1,2024,75,2765084,1265126,1499958,1066850,1231461,110318,157990,10476,12075,62679,80759,1973,2244,12830,15429,1077498,1244162,113445,162435,18148,21253,66580,85167,3456,3969,1157388,1365549,969144,1109600,105948,152313,7772,9102,61782,79574,1691,1929,11051,13031,978252,1120221,108344,155676,14468,17087,65278,83429,3011,3435,107738,134409,97706,121861,4370,5677,2704,2973,897,1185,282,315,1779,2398,99246,123941,5101,6759,3680,4166,1302,1738,445,534
R,1,2024,76,2781401,1272921,1508480,1090082,1260435,100798,145260,9941,11313,57719,74287,1829,2032,12552,15153,1100625,1273029,103807,149481,17632,20619,61302,78445,3280,3689,1170764,1380882,997245,1144412,96837,139911,7342,8607,56901,73250,1585,1753,10854,12949,1006304,1155060,99129,143185,14122,16731,60092,76940,2891,3237,102157,127598,92837,116023,3961,5349,2599,2706,818,1037,244,279,1698,2204,94321,117969,4678,6296,3510,3888,1210,1505,389,452
R,1,2024,77,2440636,1114867,1325769,955693,1108470,85779,125369,8816,10024,51947,66936,1619,1779,11013,13191,965015,1119442,88326,128959,15511,17928,55092,70654,2905,3296,1024024,1210130,873011,1003351,82254,120476,6578,7681,51287,65935,1392,1531,9502,11156,881027,1012535,84192,123191,12466,14514,54083,69219,2527,2881,90843,115639,82682,105119,3525,4893,2238,2343,660,1001,227,248,1511,2035,83988,106907,4134,5768,3045,3414,1009,1435,378,415
R,1,2024,78,1897402,847065,1050337,716509,867071,70059,106623,6961,8316,43382,55901,1382,1623,8772,10803,723812,876007,72124,109573,12159,14690,46046,59046,2492,2910,769890,947993,646183,773915,67047,102335,5136,6225,42763,55055,1204,1397,7557,9066,652420,781339,68614,104538,9684,11683,45152,57806,2190,2537,77175,102344,70326,93156,3012,4288,1825,2091,619,846,178,226,1215,1737,71392,94668,3510,5035,2475,3007,894,1240,302,373
R,1,2024,79,1827855,810561,1017294,689563,843617,64614,100565,6443,7859,40397,53250,1211,1454,8333,10549,696590,852346,66574,103546,11399,14104,42839,56265,2272,2735,741164,923378,626243,757965,61904,96820,4851,5905,39886,52461,1055,1263,7225,8964,632297,765321,63399,99084,9243,11337,42075,55115,2008,2408,69397,93916,63320,85652,2710,3745,1592,1954,511,789,156,191,1108,1585,64293,87025,3175,4462,2156,2767,764,1150,264,327
R,1,2024,80,1793719,788086,1005633,677531,845845,59514,94542,5849,7412,36494,46658,1102,1234,7596,9942,683969,854162,61146,97243,10535,13399,38623,49376,2089,2410,725451,918232,620253,766042,57067,91056,4476,5643,36006,45978,977,1074,6672,8439,625901,773047,58332,93095,8674,10864,37919,48365,1864,2120,62635,87401,57278,79803,2447,3486,1373,1769,488,680,125,160,924,1503,58068,81115,2814,4148,1861,2535,704,1011,225,290
R,1,2024,81,1659125,722098,937027,620276,787298,53863,87638,5375,6707,34740,45298,921,1192,6923,8894,626106,794699,55494,90057,9629,12129,36674,47717,1721,2197,665791,855596,568767,712954,51641,84305,4205,5065,34337,44665,799,1016,6042,7591,573841,719237,52901,86138,8016,9824,36055,46793,1499,1914,56307,81431,51509,74344,2222,3333,1170,1642,403,633,122,176,881,1303,52265,75462,2593,3919,1613,2305,619,924,222,283
R,1,2024,82,1385556,593820,791736,507695,662068,44943,75555,4649,5756,29733,39555,822,999,5978,7803,512698,668552,46330,77665,8224,10484,31499,41725,1552,1891,544900,721838,462947,597955,43070,72852,3593,4447,29367,39012,727,843,5196,6729,467281,603518,44124,74483,6777,8623,30946,40924,1378,1636,48920,69898,44748,64113,1873,2703,1056,1309,366,543,95,156,782,1074,45417,65034,2206,3182,1447,1861,553,801,174,255
R,1,2024,83,1237469,521389,716080,442554,595752,40066,69537,4157,5368,28426,37495,767,926,5419,7002,447103,601565,41267,71450,7387,9513,30109,39516,1429,1752,475993,649313,400959,534615,38318,66857,3208,4111,28086,36976,675,778,4747,5976,404934,539532,39245,68316,6075,7726,29600,38770,1271,1510,45396,66767,41595,61137,1748,2680,949,1257,340,519,92,148,672,1026,42169,62033,2022,3134,1312,1787,509,746,158,242
R,1,2024,84,1087618,451148,636470,382782,529104,34705,62062,3519,4721,24787,33215,650,901,4705,6467,386754,534469,35775,63812,6279,8569,26222,35050,1231,1683,411522,576861,346525,474556,33120,59638,2722,3609,24474,32748,565,747,4116,5563,349981,479161,33951,60970,5177,7005,25772,34369,1088,1435,39626,59609,36257,54548,1585,2424,797,1112,313,467,85,154,589,904,36773,55308,1824,2842,1102,1564,450,681,143,248
R,1,2024,85,1006359,411576,594783,350833,498085,30555,56024,3234,4346,22241,29891,549,760,4164,5677,354347,502816,31495,57550,5755,7691,23478,31525,1025,1432,376055,539689,318238,447618,29207,53803,2536,3332,21986,29491,468,624,3620,4821,321278,451606,29915,54961,4772,6243,23090,30921,898,1202,35521,55094,32595,50467,1348,2221,698,1014,255,400,81,136,544,856,33069,51210,1580,2589,983,1448,388,604,127,230
R,1,2024,86,874257,351824,522433,298712,435335,26472,50041,2731,3821,19701,27448,509,710,3699,5078,301876,439582,27352,51444,4908,6751,20805,28905,930,1331,320874,474062,270286,391036,25327,48081,2130,2970,19474,27076,438,583,3219,4316,273034,394617,25987,49136,4069,5539,20468,28355,807,1131,30950,48371,28426,44299,1145,1960,601,851,227,372,71,127,480,762,28842,44965,1365,2308,839,1212,337,550,123,200
R,1,2024,87,764652,301824,462828,256549,386872,22151,43484,2353,3338,17147,24087,429,592,3195,4455,259250,390563,22861,44719,4190,5907,18180,25396,816,1113,274742,419393,231597,346929,21114,41792,1863,2578,16968,23759,377,512,2823,3823,233967,350079,21660,42748,3514,4815,17912,24930,732,973,27082,43435,24952,39943,1037,1692,490,760,179,328,52,80,372,632,25283,40484,1201,1971,676,1092,268,466,84,140
R,1,2024,88,672056,260105,411951,220397,343072,19564,39251,2026,3037,15014,21968,391,522,2713,4101,222665,346481,20186,40347,3592,5393,15852,23181,742,993,236625,373441,198780,307736,18655,37759,1601,2306,14854,21666,348,437,2387,3537,200773,310655,19144,38619,3010,4376,15606,22740,661,858,23480,38510,21617,35336,909,1492,425,731,160,302,43,85,326,564,21892,35826,1042,1728,582,1017,246,441,81,135
R,1,2024,89,580638,220082,360556,186935,301926,16133,33687,1668,2558,12668,18433,329,431,2349,3521,188938,304840,16669,34653,2986,4598,13424,19499,629,851,200536,327601,168844,271607,15449,32453,1321,1937,12523,18181,289,370,2110,3053,170645,274127,15888,33213,2522,3733,13202,19130,560,743,19546,32955,18091,30319,684,1234,347,621,145,252,40,61,239,468,18293,30713,781,1440,464,865,222,369,69,108
R,1,2024,90,480378,178394,301984,151371,251688,12833,28188,1372,2060,10607,16694,287,362,1924,2992,153006,254176,13263,28993,2453,3756,11248,17594,528,748,162688,274437,136873,226280,12285,27140,1085,1596,10492,16486,249,323,1704,2612,138322,228438,12624,27775,2057,3110,11075,17296,462,667,15706,27547,14498,25408,548,1048,287,464,115,208,38,39,220,380,14684,25738,639,1218,396,646,173,298,66,81
R,1,2024,91,429657,155241,274416,131662,228973,11286,25549,1197,1921,9171,15009,229,338,1696,2626,133090,231169,11685,26282,2122,3420,9739,15766,445,670,141800,250207,119218,206621,10805,24621,945,1523,9080,14834,213,297,1539,2311,120511,208541,11134,25225,1795,2877,9602,15505,415,592,13441,24209,12444,22352,481,928,252,398,91,175,16,41,157,315,12579,22628,551,1057,327,543,137,261,30,78
R,1,2024,92,350027,122905,227122,105794,192113,7708,18972,884,1482,7049,12083,183,260,1287,2212,106889,193956,8014,19572,1589,2756,7477,12717,354,545,112263,207654,95860,174065,7397,18297,706,1166,6990,11958,158,231,1152,1937,96835,175672,7658,18774,1337,2301,7387,12531,310,483,10642,19468,9934,18048,311,675,178,316,59,125,25,29,135,275,10054,18284,356,798,252,455,90,186,44,62
R,1,2024,93,303767,103664,200103,88165,168057,6846,16965,783,1331,6538,11513,166,240,1166,1997,89148,169731,7109,17519,1431,2450,6936,12115,315,475,94502,182467,79676,151725,6530,16346,620,1040,6481,11406,149,208,1046,1742,80562,153177,6741,16779,1207,2033,6839,11947,287,422,9162,17636,8489,16332,316,619,163,291,57,107,17,32,120,255,8586,16554,368,740,224,417,97,168,28,53
R,1,2024,94,233261,76393,156868,64827,131415,5081,13670,595,1023,4861,9012,126,202,903,1546,65594,132689,5295,14120,1096,1891,5151,9460,256,399,69725,143643,58628,119188,4875,13198,482,820,4823,8894,115,182,802,1361,59308,120305,5050,13561,933,1599,5084,9293,229,358,6668,13225,6199,12227,206,472,113,203,38,118,11,20,101,185,6286,12384,245,559,163,292,67,167,27,41
R,1,2024,95,190108,60124,129984,51160,109023,3820,10964,473,848,3871,7600,86,165,714,1384,51749,110171,3997,11365,886,1637,4103,7997,171,348,55027,119430,46417,99324,3659,10571,385,671,3843,7510,79,141,644,1213,46950,100320,3808,10896,767,1380,4054,7869,152,304,5097,10554,4743,9699,161,393,88,177,28,90,7,24,70,171,4799,9851,189,469,119,257,49,128,19,44
R,1,2024,96,146515,44337,102178,37422,85596,2868,8685,347,681,3071,6032,62,117,567,1067,37902,86477,2998,8961,658,1317,3253,6329,140,267,40795,94343,34123,78358,2765,8406,287,545,3052,5969,54,103,514,962,34556,79153,2875,8634,572,1128,3221,6239,126,236,3542,7835,3299,7238,103,279,60,136,19,63,8,14,53,105,3346,7324,123,327,86,189,32,90,14,31
R,1,2024,97,106217,30756,75461,25832,62957,1966,6345,250,524,2249,4711,40,105,419,819,26189,63646,2062,6588,479,975,2385,4941,104,208,28273,69779,23534,57703,1880,6135,217,437,2232,4668,36,98,374,738,23856,58319,1955,6342,425,849,2353,4879,88,193,2483,5682,2298,5254,86,210,33,87,17,43,4,7,45,81,2333,5327,107,246,54,126,32,62,16,15
R,1,2024,98,78500,21881,56619,18073,46946,1472,4764,182,364,1794,3811,31,74,329,660,18346,47488,1565,4961,362,748,1897,3984,75,156,20188,52545,16505,43177,1426,4610,155,311,1782,3785,28,66,292,596,16747,43669,1500,4783,315,666,1878,3935,68,135,1693,4074,1568,3769,46,154,27,53,12,26,3,8,37,64,1599,3819,65,178,47,82,19,49,7,21
R,1,2024,99,56568,15052,41516,12431,34425,943,3415,133,304,1313,2810,21,61,211,501,12601,34831,1001,3568,252,587,1388,2952,51,132,13985,38750,11444,31869,911,3315,113,256,1307,2792,20,55,190,463,11600,32248,959,3448,223,522,1374,2921,45,120,1067,2766,987,2556,32,100,20,48,6,18,1,6,21,38,1001,2583,42,120,29,65,14,31,6,12
R,1,2024,100,94154,22702,71452,17611,56913,1573,6263,235,575,2787,6536,45,124,451,1041,17978,57744,1709,6614,474,1159,2945,6825,112,274,21037,67043,16087,52838,1517,6103,209,516,2769,6508,41,116,414,962,16428,53606,1637,6418,429,1060,2914,6773,98,253,1665,4409,1524,4075,56,160,26,59,18,28,4,8,37,79,1550,4138,72,196,45,99,31,52,14,21
R,2,2024,999,338740353,167658614,171081739,126461076,127287973,22297716,24069902,2367892,2308731,10795670,11642766,470671,457484,5265589,5314883,131175846,132022874,24739856,26579083,3826469,3821843,12770131,13599320,918136,906210,133606094,137839471,96974197,98537440,20518119,22253759,1202042,1236561,10428785,11277458,336701,330621,4146250,4203632,100686132,102279848,22419201,24217254,2207721,2302628,12099194,12931551,684818,681303,34052520,33242268,29486879,28750533,1779597,1816143,1165850,1072170,366885,365308,133970,126863,1119339,1111251,30489714,29743026,2320655,2361829,1618748,1519215,670937,667769,233318,224907
R,2,2024,0,3607201,1842350,1764851,1266613,1211016,297060,287710,36091,35006,109865,103408,7932,7534,124789,120177,1381373,1321499,366065,354290,59398,57587,156016,147665,16495,15708,1313821,1254634,840687,800280,256471,248412,11969,11459,101526,95608,4351,3990,98817,94885,932082,888008,311901,301756,26605,25576,139616,132061,10550,9890,528529,510217,425926,410736,40589,39298,24122,23547,8339,7800,3581,3544,25972,25292,449291,433491,54164,52534,32793,32011,16400,15604,5945,5818
R,2,2024,1,3713035,1896219,1816816,1298330,1241116,305253,296008,37891,36775,117922,111251,8292,7938,128531,123728,1416506,1354833,376145,364344,61919,60041,165620,157015,17105,16354,1348924,1288581,858189,816888,263173,255288,12186,11683,109243,103032,4591,4231,101542,97459,952076,906958,319925,309857,27172,26116,148636,140758,10960,10303,547295,528235,440141,424228,42080,40720,25705,25092,8679,8219,3701,3707,26989,26269,464430,447875,56220,54487,34747,33925,16984,16257,6145,6051
R,2,2024,2,3752670,1916947,1835723,1312561,1252782,309766,301472,36592,35113,120131,113981,7798,7440,130099,124935,1432169,1367610,381451,370357,60903,58534,168481,160343,16708,15914,1384508,1321673,884140,838891,268870,261936,12491,11900,111876,106029,4421,4202,102710,98715,979089,930103,326175,317062,27603,26486,151862,144415,10868,10350,532439,514050,428421,413891,40896,39536,24101,23213,8255,7952,3377,3238,27389,26220,453080,437507,55276,53295,33300,32048,16619,15928,5840,5564
R,2,2024,3,3695989,1888936,1807053,1287738,1228394,309973,300572,36295,34919,121936,115460,7165,6771,125829,120937,1403436,1339572,379415,367355,59742,57508,168657,160308,15763,14971,1372117,1309626,869854,826067,271660,263752,12756,12311,114020,107725,4403,4049,99424,95722,961766,914525,327182,317262,27356,26410,152715,144934,10642,10020,516819,497427,417884,402327,38313,36820,23539,22608,7916,7735,2762,2722,26405,25215,441670,425047,52233,50093,32386,31098,15942,15374,5121,4951
R,2,2024,4,3836946,1959969,1876977,1354054,1292566,307747,300011,38164,36551,126196,119771,7462,7001,126346,121077,1470189,1403842,377379,366856,61659,59241,173234,164637,16115,15195,1439228,1375511,931433,884942,270775,264670,14047,13626,118028,111953,4659,4326,100286,95994,1024072,973595,326624,318272,28831,27860,157194,149288,11030,10359,520741,501466,422621,407624,36972,35341,24117,22925,8168,7818,2803,2675,26060,25083,446117,430247,50755,48584,32828,31381,16040,15349,5085,4836
R,2,2024,5,3885899,1984780,1901119,1372070,1309458,310661,303728,38469,36761,128439,121880,7629,7077,127512,122215,1489261,1421753,380816,371136,62230,59723,175987,167160,16358,15368,1456937,1392403,943181,895580,273408,267865,14199,13792,120186,114011,4760,4401,101203,96754,1036641,984910,329650,321829,29141,28171,159815,151666,11199,10497,527843,508716,428889,413878,37253,35863,24270,22969,8253,7869,2869,2676,26309,25461,452620,436843,51166,49307,33089,31552,16172,15494,5159,4871
R,2,2024,6,3974609,2032539,1942070,1405317,1338739,317084,309038,38766,36568,134254,126774,7753,7211,129365,123740,1524134,1452434,387774,377221,63039,59916,182764,172571,16713,15644,1495568,1425366,965388,915230,281124,274131,14878,14213,126220,119069,4956,4566,103002,98157,1060411,1005832,337995,328849,30237,28911,166802,157214,11611,10774,536971,516704,439929,423509,35960,34907,23888,22355,8034,7705,2797,2645,26363,25583,463723,446602,49779,48372,32802,31005,15962,15357,5102,4870
R,2,2024,7,4077506,2084711,1992795,1452000,1382484,316725,310298,38040,36744,139153,130918,7837,7391,130956,124960,1572281,1497326,387432,378348,62889,60636,188806,177599,17027,16014,1536019,1464274,999090,946641,280884,275339,15721,15088,131065,123258,5040,4726,104219,99222,1095233,1038243,337621,329931,31538,30209,172641,162226,11882,11099,548692,528521,452910,435843,35841,34959,22319,21656,8088,7660,2797,2665,26737,25738,477048,459083,49811,48417,31351,30427,16165,15373,5145,4915
R,2,2024,8,4137071,2114020,2023051,1482943,1412844,320717,313757,37194,35925,134691,127508,7595,7382,130880,125635,1603241,1528328,391334,382214,62331,60033,183979,174262,16755,16068,1558545,1487677,1021404,968829,285377,278999,16096,15360,126700,119913,4814,4711,104154,99865,1117567,1061050,342097,334003,32148,30692,167918,158932,11614,11150,555475,535374,461539,444015,35340,34758,21098,20565,7991,7595,2781,2671,26726,25770,485674,467278,49237,48211,30183,29341,16061,15330,5141,4918
R,2,2024,9,4160079,2125523,2034556,1489522,1419349,323724,316445,36993,36292,137396,130365,7434,7313,130454,124792,1609393,1534018,393913,384182,62104,60395,186678,176905,16627,15994,1574087,1502171,1031226,977731,287785,281401,16351,15805,129831,123041,4826,4744,104068,99449,1127272,1069519,344163,335934,32504,31239,171208,161997,11702,11231,551436,532385,458296,441618,35939,35044,20642,20487,7565,7324,2608,2569,26386,25343,482121,464499,49750,48248,29600,29156,15470,14908,4925,4763
R,2,2024,10,4120432,2109872,2010560,1481567,1406746,323886,314020,37472,36105,131695,124606,7079,6843,128173,122240,1599319,1519005,392657,380610,62404,59854,180044,169948,16256,15406,1562184,1485826,1026162,970721,288088,279548,16740,15955,124396,117734,4623,4448,102175,97420,1120457,1060590,343344,333212,32848,31261,164883,155592,11419,10761,547688,524734,455405,436025,35798,34472,20732,20150,7299,6872,2456,2395,25998,24820,478862,458415,49313,47398,29556,28593,15161,14356,4837,4645
R,2,2024,11,4137296,2113813,2023483,1483684,1416827,322652,313544,37271,35926,136025,128704,7226,7007,126955,121475,1600211,1528298,390288,379005,62037,59778,184371,174242,16442,15719,1566254,1494714,1027034,975765,287629,279772,16793,16127,128801,121775,4754,4543,101243,96732,1120357,1064931,341926,332383,32802,31524,169376,159842,11599,10980,547559,528769,456650,441062,35023,33772,20478,19799,7224,6929,2472,2464,25712,24743,479854,463367,48362,46622,29235,28254,14995,14400,4843,4739
R,2,2024,12,4149577,2126471,2023106,1502393,1426044,324142,312964,38049,36316,129045,121657,6971,6705,125871,119420,1617967,1535639,391592,377256,63003,60107,176306,166202,16028,15267,1569944,1489575,1036756,979514,289652,279855,17028,16133,121951,115001,4526,4303,100031,94769,1129013,1066887,343710,331361,33141,31434,161409,152146,11216,10596,556527,533531,465637,446530,34490,33109,21021,20183,7094,6656,2445,2402,25840,24651,488954,468752,47882,45895,29862,28673,14897,14056,4812,4671
R,2,2024,13,4222746,2164573,2058173,1539088,1459303,328849,316854,36203,34871,126637,120052,6900,6514,126896,120579,1655765,1570043,396682,381780,61681,59399,173949,164504,16001,15039,1591248,1508583,1052801,993575,296489,285076,17176,16625,119844,113783,4602,4295,100336,95229,1145431,1081368,350607,336816,33485,32353,159273,150838,11309,10583,573325,549590,486287,465728,32360,31778,19027,18246,6793,6269,2298,2219,26560,25350,510334,488675,46075,44964,28196,27046,14676,13666,4692,4456
R,2,2024,14,4282092,2192437,2089655,1567485,1486297,332253,321422,36231,34715,124516,119448,6745,6573,125207,121200,1682770,1597675,399492,387128,61353,59219,170686,163636,15506,15078,1609527,1531675,1070823,1011540,299788,289913,17722,17124,117930,113187,4611,4372,98653,95539,1162076,1099687,353411,342221,33671,32764,156239,149996,11061,10616,582910,557980,496662,474757,32465,31509,18509,17591,6586,6261,2134,2201,26554,25661,520694,497988,46081,44907,27682,26455,14447,13640,4445,4462
R,2,2024,15,4437649,2272938,2164711,1629574,1544300,346949,335914,37232,35478,127036,121605,6947,6789,125200,120625,1744605,1655224,414342,401528,62566,59612,172612,165086,15805,15202,1671302,1591660,1115509,1055187,313422,303806,18232,17594,120376,115312,4744,4564,99019,95197,1206760,1143120,367461,356453,34401,32774,158456,151537,11292,10709,601636,573051,514065,489113,33527,32108,19000,17884,6660,6293,2203,2225,26181,25428,537845,512104,46881,45075,28165,26838,14156,13549,4513,4493
R,2,2024,16,4520516,2316508,2204008,1665892,1577746,350415,339512,38616,37005,130912,124173,7005,6841,123668,118731,1779407,1686652,416636,404053,64008,61344,176024,166844,15874,15189,1700742,1618927,1138946,1077300,316653,307334,18538,18209,124303,118022,4776,4555,97526,93507,1228830,1163336,369659,358955,34637,33583,161860,153508,11339,10687,615766,585081,526946,500446,33762,32178,20078,18796,6609,6151,2229,2286,26142,25224,550577,523316,46977,45098,29371,27761,14164,13336,4535,4502
R,2,2024,17,4498359,2304589,2193770,1662453,1577218,346812,335005,39378,36670,129694,123664,6839,6752,119413,114461,1772055,1682185,410121,396449,64269,60533,173575,164912,15474,14917,1693689,1613274,1139644,1080005,313691,303149,18571,17844,123082,117504,4701,4535,94000,90237,1226233,1163022,364239,352568,34294,32930,159638,151865,11044,10531,610900,580496,522809,497213,33121,31856,20807,18826,6612,6160,2138,2217,25413,24224,545822,519163,45882,43881,29975,27603,13937,13047,4430,4386
R,2,2024,18,4438125,2272060,2166065,1646453,1559422,334198,326042,38754,36302,132461,129237,6933,6843,113261,108219,1750252,1658501,393497,383210,63020,59145,174238,169116,15047,14516,1675701,1602027,1135219,1074481,302482,295765,18100,17810,126235,123419,4698,4737,88967,85815,1216999,1153246,349795,341836,33330,32319,161187,156910,10679,10460,596359,564038,511234,484941,31716,30277,20654,18492,6226,5818,2235,2106,24294,22404,533253,505255,43702,41374,29690,26826,13051,12206,4368,4056
R,2,2024,19,4432375,2268420,2163955,1645021,1558866,330344,321374,38626,35272,138735,136709,7069,6733,108625,105001,1744430,1654783,386314,375970,62290,57998,179396,175565,14925,14326,1683858,1611872,1142588,1083112,299733,292213,18107,17272,132572,130927,4948,4831,85910,83517,1221490,1159597,344497,336257,33222,31974,166793,163752,10798,10532,584562,552083,502433,475754,30611,29161,20519,18000,6163,5782,2121,1902,22715,21484,522940,495186,41817,39713,29068,26024,12603,11813,4127,3794
R,2,2024,20,4451553,2276180,2175373,1658638,1572207,327391,321174,37728,34909,140455,138802,6894,6572,105074,101709,1754774,1665235,380885,373459,61180,57458,179785,176648,14602,13963,1701137,1629859,1163556,1101130,297377,292861,17710,17272,134542,133144,4835,4737,83117,80715,1239817,1175186,340279,334877,32750,31977,167653,164980,10608,10265,575043,545514,495082,471077,30014,28313,20018,17637,5913,5658,2059,1835,21957,20994,514957,490049,40606,38582,28430,25481,12132,11668,3994,3698
R,2,2024,21,4413988,2255637,2158351,1642893,1558150,326662,322575,37499,34621,141652,139416,6821,6546,100110,97043,1734156,1646567,377336,372252,60435,56878,179017,175276,14372,13715,1689131,1620055,1154349,1092324,296932,294903,17703,17259,135891,134001,4880,4725,79376,76843,1226893,1162576,337661,334717,32510,31726,167387,164143,10571,10141,566506,538296,488544,465826,29730,27672,19796,17362,5761,5415,1941,1821,20734,20200,507263,483991,39675,37535,27925,25152,11630,11133,3801,3574
R,2,2024,22,4437843,2265525,2172318,1646615,1567043,331461,326787,36810,34317,146045,142339,6530,6399,98064,95433,1735971,1653886,381010,375558,59985,57052,182245,177134,13815,13512,1707133,1641466,1164498,1107608,302145,299373,17856,17259,140512,136954,4673,4560,77449,75712,1235212,1176715,341805,338580,32837,32198,171009,166302,10217,9962,558392,530852,482117,459435,29316,27414,18954,17058,5533,5385,1857,1839,20615,19721,500759,477171,39205,36978,27148,24854,11236,10832,3598,3550
R,2,2024,23,4528516,2311519,2216997,1671270,1590397,341392,336786,37004,35267,158205,154168,6573,6442,97075,93937,1759548,1675602,390003,384458,60495,57877,194249,188631,13861,13537,1752181,1684944,1187436,1129938,312410,309156,18236,17672,152496,148868,4812,4550,76791,74760,1257334,1197923,351279,347507,33590,32780,182995,177977,10344,9921,559338,532053,483834,460459,28982,27630,18768,17595,5709,5300,1761,1892,20284,19177,502214,477679,38724,36951,26905,25097,11254,10654,3517,3616
R,2,2024,24,4443812,2265181,2178631,1639704,1565036,335366,330884,36592,34843,154010,151052,6535,6205,92974,90611,1724182,1647009,382165,377082,59821,57235,187531,183702,13616,13155,1722647,1659941,1170193,1115926,307374,304008,18157,17724,148536,145848,4773,4389,73614,72046,1237206,1181182,344897,341286,33494,32705,176885,173365,10163,9688,542534,518690,469511,449110,27992,26876,18435,17119,5474,5204,1762,1816,19360,18565,486976,465827,37268,35796,26327,24530,10646,10337,3453,3467
R,2,2024,25,4448595,2262834,2185761,1639686,1568850,334901,332339,36054,34698,154009,154636,6551,6166,91633,89072,1722677,1649517,380305,377261,59165,57394,187285,186549,13827,12949,1727247,1671479,1176212,1123283,307226,305857,17978,17634,148479,149344,4794,4366,72558,70995,1242038,1187678,343593,342076,33336,33049,176590,176281,10397,9611,535587,514282,463474,445567,27675,26482,18076,17064,5530,5292,1757,1800,19075,18077,480639,461839,36712,35185,25829,24345,10695,10268,3430,3338
R,2,2024,26,4409837,2238778,2171059,1618813,1552408,332167,330469,35252,34002,158246,161822,6494,6206,87806,86152,1698250,1630239,375251,373281,58013,56371,190217,192935,13287,12748,1714026,1667367,1163586,1115264,305859,304989,17549,17533,152858,156565,4758,4480,69416,68536,1226457,1177219,340241,339387,32779,32752,179870,182938,9973,9514,524752,503692,455227,437144,26308,25480,17703,16469,5388,5257,1736,1726,18390,17616,471793,453020,35010,33894,25234,23619,10347,9997,3314,3234
R,2,2024,27,4448814,2254115,2194699,1633665,1568485,330601,331640,35185,33631,162067,170014,6520,6171,86077,84758,1711495,1644832,372026,373182,58127,56238,193605,200685,13323,12935,1729621,1692631,1178265,1132276,304245,306738,17710,17384,156825,164738,4733,4503,67843,66992,1239699,1192638,337043,339859,32926,32599,183646,190699,9978,9739,524494,502068,455400,436209,26356,24902,17475,16247,5242,5276,1787,1668,18234,17766,471796,452194,34983,33323,25201,23639,9959,9986,3345,3196
R,2,2024,28,4496380,2279070,2217310,1647740,1581597,338822,338016,35201,33243,166373,175975,6600,6521,84334,81958,1723659,1655202,378734,377787,58535,55841,197361,205637,13390,13269,1754143,1713376,1191799,1143215,312216,312706,17873,17205,161118,170645,4798,4757,66339,64848,1251494,1201521,343809,344299,33553,32556,187390,195762,10077,10049,524927,503934,455941,438382,26606,25310,17328,16038,5255,5330,1802,1764,17995,17110,472165,453681,34925,33488,24982,23285,9971,9875,3313,3220
R,2,2024,29,4564445,2310770,2253675,1663381,1599031,353191,354080,35557,34143,169610,179023,6733,6718,82298,80680,1737045,1671051,391453,392751,59149,57102,199862,208314,13793,13408,1785313,1750581,1206644,1161575,326400,328431,18317,17809,164334,173823,4941,4977,64677,63966,1264456,1218631,356498,359236,34333,33654,190070,198683,10429,10211,525457,503094,456737,437456,26791,25649,17240,16334,5276,5200,1792,1741,17621,16714,472589,452420,34955,33515,24816,23448,9792,9631,3364,3197
R,2,2024,30,4647385,2355566,2291819,1689981,1620079,368551,367271,36399,35182,174782,183876,6903,6734,78950,78677,1760207,1689987,404565,404372,59444,58262,204405,212444,13821,13511,1825300,1787192,1228104,1180863,341385,341650,18932,18811,169630,178581,5055,5001,62194,62286,1283371,1236170,369690,371027,34687,34865,194830,202847,10441,10282,530266,504627,461877,439216,27166,25621,17467,16371,5152,5295,1848,1733,16756,16391,476836,453817,34875,33345,24757,23397,9575,9597,3380,3229
R,2,2024,31,4748007,2405087,2342920,1724606,1657325,379541,376912,37903,35828,179033,189287,7035,6798,76969,76770,1792895,1725413,413352,411822,61238,58878,208280,217888,13891,13575,1867730,1833294,1256481,1213327,351872,350813,19835,19337,173894,183959,5149,4998,60499,60860,1310091,1267258,378131,378238,35852,35459,198984,208467,10571,10310,537357,509626,468125,443998,27669,26099,18068,16491,5139,5328,1886,1800,16470,15910,482804,458155,35221,33584,25386,23419,9296,9421,3320,3265
R,2,2024,32,4814957,2428304,2386653,1740972,1685463,381322,386170,38649,35528,185800,196034,7669,7185,73892,76273,1805741,1752191,413012,420507,61447,58299,214496,225539,14726,14297,1893035,1881605,1276263,1248042,352988,358231,20228,19491,180537,190456,5588,5316,57431,60069,1326451,1300477,377119,384823,35654,35257,205058,215651,11164,10897,535269,505048,464709,437421,28334,27939,18421,16037,5263,5578,2081,1869,16461,16204,479290,451714,35893,35684,25793,23042,9438,9888,3562,3400
R,2,2024,33,4889552,2468353,2421199,1776822,1714423,381655,388398,38086,35030,193153,202698,7952,7452,70685,73198,1838457,1778401,410957,420862,59942,57097,221711,231302,14997,14428,1930947,1922962,1310193,1283796,353143,359948,19662,19247,187579,197116,5773,5576,54597,57279,1357533,1333666,375064,384903,34340,34379,212053,221501,11318,11111,537406,498237,466629,430627,28512,28450,18424,15783,5574,5582,2179,1876,16088,15919,480924,444735,35893,35959,25602,22718,9658,9801,3679,3317
R,2,2024,34,4799396,2420959,2378437,1748718,1684659,369228,379614,37069,34017,192209,204338,8134,7265,65601,68544,1806095,1744475,396006,409574,57379,54846,218822,231294,14539,13824,1898737,1897042,1294700,1268283,341632,352078,19040,18731,186822,198839,5978,5497,50565,53614,1338682,1314852,361518,374940,32664,32977,209681,221999,11051,10745,522222,481395,454018,416376,27596,27536,18029,15286,5387,5499,2156,1768,15036,14930,467413,429623,34488,34634,24715,21869,9141,9295,3488,3079
R,2,2024,35,4697149,2368892,2328257,1722478,1658266,347039,360265,36072,32738,193670,205233,7919,7184,61714,64571,1776198,1714544,371535,388071,55328,52394,219138,230999,14149,13371,1855622,1859215,1275309,1251802,320638,333687,18258,17869,188394,199862,5840,5459,47183,50536,1316181,1295661,338424,354689,30943,31455,210264,222036,10792,10407,513270,469042,447169,406464,26401,26578,17814,14869,5276,5371,2079,1725,14531,14035,460017,418883,33111,33382,24385,20939,8874,8963,3357,2964
R,2,2024,36,4599394,2322970,2276424,1705980,1634895,328701,342606,34863,31703,187208,198171,7900,6982,58318,62067,1756573,1689095,351709,368912,53177,50703,211373,223068,13996,13089,1814330,1814834,1261323,1234094,303317,316914,17532,17210,182114,193156,5699,5231,44345,48229,1299505,1276052,319899,336532,29485,30168,202865,214602,10563,10102,508640,461590,444657,400801,25384,25692,17331,14493,5094,5015,2201,1751,13973,13838,457068,413043,31810,32380,23692,20535,8508,8466,3433,2987
R,2,2024,37,4565645,2308589,2257056,1707509,1630446,318900,333933,34077,30878,184773,195320,7786,7017,55544,59462,1755925,1682169,340214,358949,51883,49803,207873,219024,13464,12766,1801454,1798624,1263485,1231749,293705,308541,16964,16653,179693,190446,5556,5193,42051,46042,1299913,1271563,308774,327203,28597,29549,199548,210823,10102,9800,507135,458432,444024,398697,25195,25392,17113,14225,5080,4874,2230,1824,13493,13420,456012,410606,31440,31746,23286,20254,8325,8201,3362,2966
R,2,2024,38,4585407,2319632,2265775,1725700,1645097,314563,330192,33698,30605,183371,195142,7895,7171,54405,57568,1772919,1695083,335294,353734,51442,49109,205810,218356,13643,13042,1807384,1806549,1276763,1244946,289580,305073,16290,16524,178292,190227,5624,5445,40835,44334,1311915,1283214,304098,322281,27785,29245,197484,210138,10181,10169,512248,459226,448937,400151,24983,25119,17408,14081,5079,4915,2271,1726,13570,13234,461004,411869,31196,31453,23657,19864,8326,8218,3462,2873
R,2,2024,39,4515649,2277554,2238095,1699907,1627574,303157,322794,32772,30211,181863,194769,7642,6882,52213,55865,1745245,1676001,322603,345055,50094,48582,203503,217635,13278,12584,1775017,1783421,1258800,1230990,279118,298290,16014,16147,176754,190040,5389,5146,38942,42808,1292328,1267913,292549,314304,27205,28664,195235,209628,9860,9714,502537,454674,441107,396584,24039,24504,16758,14064,5109,4729,2253,1736,13271,13057,452917,408088,30054,30751,22889,19918,8268,8007,3418,2870
R,2,2024,40,4474286,2255413,2218873,1689083,1616248,296427,317967,32649,30001,179508,193177,7446,6862,50300,54618,1732713,1663573,315040,339249,49548,48445,200420,215471,12841,12580,1759564,1766122,1253408,1221088,272801,293673,15826,15885,174599,188561,5349,5184,37581,41731,1285735,1257010,285623,309009,26878,28464,192381,207603,9598,9733,495849,452751,435675,395160,23626,24294,16823,14116,4909,4616,2097,1678,12719,12887,446978,406563,29417,30240,22670,19981,8039,7868,3243,2847
R,2,2024,41,4531174,2282145,2249029,1714522,1643129,298729,322181,33307,30231,177803,192147,7506,6977,50278,54364,1758117,1690083,317146,343454,50591,48944,198404,214084,13002,12636,1777129,1786574,1270205,1238923,274939,297291,16091,16155,172903,187323,5373,5218,37618,41664,1302533,1274631,287651,312686,27475,29036,190436,206068,9744,9773,505016,462455,444317,404206,23790,24890,17216,14076,4900,4824,2133,1759,12660,12700,455584,415452,29495,30768,23116,19908,7968,8016,3258,2863
R,2,2024,42,4441370,2233145,2208225,1684414,1618071,291070,316195,31654,28841,170215,186475,7382,6601,48410,52042,1726266,1662967,308726,336755,48702,46960,189847,207143,12615,12093,1745971,1755437,1255916,1221713,268156,292133,15139,15338,165459,181685,5244,4851,36057,39717,1286804,1255778,280307,306952,26341,27753,182089,199296,9379,9238,487174,452788,428498,396358,22914,24062,16515,13503,4756,4790,2138,1750,12353,12325,439462,407189,28419,29803,22361,19207,7758,7847,3236,2855
R,2,2024,43,4459423,2241940,2217483,1694690,1625274,296167,323081,31833,29185,163839,181584,7400,6492,48011,51867,1736147,1670062,313778,343605,48787,47478,183304,201910,12729,11959,1747642,1761249,1258943,1225906,273449,298490,15419,15748,158925,176840,5214,4818,35692,39447,1289473,1259695,285521,313168,26593,28355,175373,194144,9462,9235,494298,456234,435747,399368,22718,24591,16414,13437,4914,4744,2186,1674,12319,12420,446674,410367,28257,30437,22194,19123,7931,7766,3267,2724
R,2,2024,44,4313605,2164504,2149101,1636241,1573895,287116,315260,30471,27890,158322,176059,6825,6395,45529,49602,1675588,1616538,303664,334936,47021,45567,176425,195441,11905,11653,1689210,1708868,1217480,1188599,265002,291477,14716,14947,153752,171577,4788,4775,33472,37493,1246141,1220540,276157,305351,25535,27126,168933,188010,8800,8994,475294,440233,418761,385296,22114,23783,15755,12943,4570,4482,2037,1620,12057,12109,429447,395998,27507,29585,21486,18441,7492,7431,3105,2659
R,2,2024,45,4165076,2084307,2080769,1580523,1526165,273239,303040,28643,26941,152742,171779,6305,5921,42855,46923,1617437,1566551,288782,321252,44253,43922,169882,190235,10915,10772,1632275,1655151,1181111,1153809,252480,280068,14156,14360,148400,167350,4537,4306,31591,35258,1208002,1183881,263006,292804,24418,25940,162835,183005,8181,8210,452032,425618,399412,372356,20759,22972,14487,12581,4342,4429,1768,1615,11264,11665,409435,382670,25776,28448,19835,17982,7047,7230,2734,2562
R,2,2024,46,4120506,2057948,2062558,1568734,1520144,265844,296682,28533,26856,147246,167408,6239,5872,41352,45596,1604272,1559169,280663,314317,43931,43639,163716,185299,10700,10630,1608292,1636023,1170618,1145528,245854,274233,14126,14559,142922,163041,4462,4319,30310,34343,1196339,1174642,255746,286499,24244,26105,156754,178260,7973,8143,449656,426535,398116,374616,19990,22449,14407,12297,4324,4367,1777,1553,11042,11253,407933,384527,24917,27818,19687,17534,6962,7039,2727,2487
R,2,2024,47,3981835,1985319,1996516,1511731,1470852,253823,284755,27341,25407,147224,166788,5930,5527,39270,43187,1545610,1507658,267427,301182,42030,41507,162999,183933,10314,10112,1550550,1579664,1126155,1103426,234583,263194,13685,13909,142987,162541,4263,4050,28877,32544,1150751,1130853,243558,274657,23447,25077,156289,177033,7719,7738,434769,416852,385576,367426,19240,21561,13656,11498,4237,4247,1667,1477,10393,10643,394859,376805,23869,26525,18583,16430,6710,6900,2595,2374
R,2,2024,48,3930125,1958404,1971721,1490223,1452341,250558,281520,26659,25147,148145,166481,5603,5425,37216,40807,1522224,1487162,263530,296752,40844,40531,163035,182768,9615,9689,1532490,1561391,1111641,1089766,232008,260744,13343,13685,144044,162321,4058,4043,27396,30832,1134901,1115815,240558,271294,22863,24392,156619,176182,7250,7469,425914,410330,378582,362575,18550,20776,13316,11462,4101,4160,1545,1382,9820,9975,387323,371347,22972,25458,17981,16139,6416,6586,2365,2220
R,2,2024,49,3932153,1958328,1973825,1497434,1462400,247409,279099,26301,24873,146675,163101,5617,5157,34892,39195,1527146,1495676,259304,293639,39922,39985,160629,178647,9560,9164,1541146,1569888,1124554,1103760,230162,259712,13230,13598,142792,159211,4111,3838,26297,29769,1146719,1128723,238331,269819,22523,24181,154811,172600,7306,7081,417182,403937,372880,358640,17247,19387,13071,11275,3883,3890,1506,1319,8595,9426,380427,366953,20973,23820,17399,15804,5818,6047,2254,2083
R,2,2024,50,3865764,1922226,1943538,1468586,1437724,243644,275953,25317,24495,145458,162648,5237,5087,33984,37631,1497512,1469513,255017,289728,38597,39046,159253,177738,9030,9070,1524396,1553247,1112667,1090844,227262,257219,12837,13517,141911,158880,3884,3801,25835,28986,1134391,1115048,235002,266987,22111,23978,153839,171912,7005,7020,397830,390291,355919,346880,16382,18734,12480,10978,3547,3768,1353,1286,8149,8645,363121,354465,20015,22741,16486,15068,5414,5826,2025,2050
R,2,2024,51,3986279,1981444,2004835,1516704,1486999,253750,286815,25997,24812,145651,163529,5272,5066,34070,37614,1545632,1518740,264704,300324,39717,39821,159493,178489,9064,9014,1583193,1614126,1159988,1139468,237673,268214,13360,13829,142023,159737,3962,3750,26187,29128,1181972,1163724,245263,277870,23112,24739,154070,172707,7034,7011,398251,390709,356716,347531,16077,18601,12637,10983,3628,3792,1310,1316,7883,8486,363660,355016,19441,22454,16605,15082,5423,5782,2030,2003
R,2,2024,52,4177698,2080627,2097071,1614640,1577610,259756,293124,25816,25174,141368,158363,5325,4889,33722,37911,1643175,1609629,270542,306477,39786,40764,154784,173118,9107,8932,1690975,1714512,1265496,1237052,244048,275152,13777,14348,137659,154748,3947,3678,26048,29534,1287274,1261707,251572,284674,23869,25852,149332,167584,7056,7014,389652,382559,349144,340558,15708,17972,12039,10826,3709,3615,1378,1211,7674,8377,355901,347922,18970,21803,15917,14912,5452,5534,2051,1918
R,2,2024,53,4372438,2180508,2191930,1702612,1660822,270172,303978,26506,25723,141287,158098,5121,5111,34810,38198,1732136,1692935,281361,317391,41244,41842,154679,172682,9144,9386,1790012,1813012,1352574,1323955,254386,285964,14492,14802,137667,154418,3829,3844,27064,30029,1375270,1348934,262265,295704,25300,26927,149275,167012,7143,7373,390496,378918,350038,336867,15786,18014,12014,10921,3620,3680,1292,1267,7746,8169,356866,344001,19096,21687,15944,14915,5404,5670,2001,2013
R,2,2024,54,4184185,2081808,2102377,1631781,1601352,254632,286225,24909,24329,132827,150110,5223,4986,32436,35375,1659226,1630975,264755,298361,38944,39660,145264,163621,9093,8963,1709680,1740698,1298118,1278933,239606,269404,13673,14246,129385,146581,3957,3840,24941,27694,1318956,1301886,246541,278101,23879,25772,140145,158215,7151,7142,372128,361679,333663,322419,15026,16821,11236,10083,3442,3529,1266,1146,7495,7681,340270,329089,18214,20260,15065,13888,5119,5406,1942,1821
R,2,2024,55,4062506,2019699,2042807,1584483,1558666,245816,275996,24417,23391,130224,146764,4620,4800,30139,33190,1609949,1586410,254917,287183,37877,38156,141693,159176,8146,8584,1666113,1699045,1267372,1252300,231293,259826,13553,13836,127114,143489,3474,3625,23307,25969,1286843,1273732,237492,267738,23541,25022,137063,154295,6376,6785,353586,343762,317111,306366,14523,16170,10864,9555,3110,3275,1146,1175,6832,7221,323106,312678,17425,19445,14336,13134,4630,4881,1770,1799
R,2,2024,56,3987123,1975061,2012062,1556972,1539606,242562,276285,23273,23249,118895,136529,4682,4662,28677,31731,1581165,1566027,251150,287045,36347,37613,129688,148111,7983,8416,1634709,1678494,1251637,1242125,228519,260430,13022,14050,115868,133480,3518,3579,22145,24830,1270062,1262551,234332,268039,22709,25008,125231,143449,6303,6715,340352,333568,305335,297481,14043,15855,10251,9199,3027,3049,1164,1083,6532,6901,311103,303476,16818,19006,13638,12605,4457,4662,1680,1701
R,2,2024,57,4020871,1983795,2037076,1569857,1567471,243262,279724,23011,23072,115051,131156,4738,4698,27876,30955,1593136,1593166,251694,290246,36000,37469,125328,142184,8127,8304,1653747,1712531,1273246,1277725,229847,264496,13221,14331,112104,128163,3639,3631,21690,24185,1291089,1297547,235564,271926,23057,25292,120980,137675,6508,6656,330048,324545,296611,289746,13415,15228,9790,8741,2947,2993,1099,1067,6186,6770,302047,295619,16130,18320,12943,12177,4348,4509,1619,1648
R,2,2024,58,4110715,2023757,2086958,1600884,1606281,250921,287910,23695,23660,115771,133334,4650,4701,27836,31072,1624076,1632066,259166,298120,37054,38431,125815,144394,8064,8369,1697954,1766009,1308764,1320132,237130,272583,13846,14911,112924,130278,3622,3710,21668,24395,1326551,1340095,242738,279816,23998,26338,121626,139786,6492,6783,325803,320949,292120,286149,13791,15327,9849,8749,2847,3056,1028,991,6168,6677,297525,291971,16428,18304,13056,12093,4189,4608,1572,1586
R,2,2024,59,4273075,2091530,2181545,1665974,1693463,254090,294922,23795,24186,114968,132616,4628,4811,28075,31547,1689424,1719551,262145,305129,37607,39791,125025,143448,8029,8537,1776933,1864834,1383597,1410526,241076,279989,14406,15702,112152,129751,3646,3803,22056,25063,1401775,1430971,246575,287283,25041,28042,120884,139148,6498,6949,314597,316711,282377,282937,13014,14933,9389,8484,2816,2865,982,1008,6019,6484,287649,288580,15570,17846,12566,11749,4141,4300,1531,1588
R,2,2024,60,4296891,2102537,2194354,1682174,1712296,248289,287497,23348,23814,116462,134877,4394,4619,27870,31251,1705409,1738090,256046,297243,37368,39367,126385,145699,7777,8399,1802100,1889462,1412718,1440308,235606,273109,14409,15459,113802,132062,3430,3651,22135,24873,1430972,1460568,240980,280045,25361,27841,122450,141402,6294,6834,300437,304892,269456,271988,12683,14388,8939,8355,2660,2815,964,968,5735,6378,274437,277522,15066,17198,12007,11526,3935,4297,1483,1565
R,2,2024,61,4295701,2094276,2201425,1680192,1725686,244931,285780,22890,23728,114721,130724,4322,4559,27220,30948,1702972,1751162,252365,295506,36429,39472,124477,141237,7647,8207,1806506,1906235,1421687,1461987,233089,272277,14248,15577,112117,128004,3430,3642,21935,24748,1439847,1482104,238231,279229,25066,28169,120693,137104,6297,6709,287770,295190,258505,263699,11842,13503,8642,8151,2604,2720,892,917,5285,6200,263125,269058,14134,16277,11363,11303,3784,4133,1350,1498
R,2,2024,62,4286581,2086554,2200027,1692212,1741512,237595,280389,22331,23556,103170,120030,4237,4283,27009,30257,1714776,1766360,244835,289895,36116,39288,112765,130152,7505,7827,1815112,1921349,1448447,1492597,226374,267741,14258,15803,100847,117424,3423,3424,21763,24360,1466442,1512370,231413,274577,25274,28556,109250,126202,6203,6400,271442,278678,243765,248915,11221,12648,8073,7753,2323,2606,814,859,5246,5897,248334,253990,13422,15318,10842,10732,3515,3950,1302,1427
R,2,2024,63,4265342,2068849,2196493,1673990,1734667,237761,280510,21768,23313,104762,124235,4112,4310,26456,29458,1696168,1758823,244725,289439,35412,38798,114059,134150,7288,7799,1805972,1923394,1437992,1490266,226810,268171,13920,15865,102416,121629,3331,3493,21503,23970,1455806,1509694,231743,274734,24915,28485,110652,130250,6020,6463,262877,273099,235998,244401,10951,12339,7848,7448,2346,2606,781,817,4953,5488,240362,249129,12982,14705,10497,10313,3407,3900,1268,1336
R,2,2024,64,4146920,2006458,2140462,1627723,1693650,228264,272614,20711,22351,100272,119590,4011,3964,25477,28293,1649039,1716869,234888,281349,33891,37401,109378,128848,7054,7276,1761322,1884533,1407646,1465186,218000,260733,13554,15256,98105,117167,3248,3221,20769,22970,1424890,1483790,222677,267132,24221,27562,106117,125210,5823,6028,245136,255929,220077,228464,10264,11881,7157,7095,2167,2423,763,743,4708,5323,224149,233079,12211,14217,9670,9839,3261,3638,1231,1248
R,2,2024,65,4075203,1961853,2113350,1597515,1678952,219197,263842,19211,21285,98205,118545,3683,3820,24042,26906,1617612,1701070,225446,271900,31970,35916,106502,127294,6435,6842,1736768,1872248,1395585,1463318,209478,252648,12816,14744,96211,116327,3008,3152,19670,22059,1411876,1481276,213881,258557,23264,26860,103548,123968,5352,5752,225085,241102,201930,215634,9719,11194,6395,6541,1994,2218,675,668,4372,4847,205736,219794,11565,13343,8706,9056,2954,3326,1083,1090
R,2,2024,66,4036832,1936226,2100606,1583621,1677961,210461,256409,19056,20701,95967,115657,3542,3712,23579,26166,1603210,1699401,216592,264291,31679,35211,104113,123899,6294,6685,1720508,1867196,1389953,1468740,201428,245771,12665,14550,94091,113663,2920,3031,19451,21441,1405961,1486096,205849,251569,23080,26566,101348,120855,5271,5581,215718,233410,193668,209221,9033,10638,6391,6151,1876,1994,622,681,4128,4725,197249,213305,10743,12722,8599,8645,2765,3044,1023,1104
R,2,2024,67,3886524,1853215,2033309,1518836,1622911,198483,248913,17944,19714,92553,113136,3309,3469,22090,25166,1537303,1643639,204221,256419,29958,33947,99977,120865,5833,6315,1652456,1812838,1338817,1425553,189896,238674,11929,13954,90808,111051,2714,2906,18292,20700,1353967,1442406,194015,244176,21889,25843,97439,117794,4906,5338,200759,220471,180019,197358,8587,10239,6015,5760,1745,2085,595,563,3798,4466,183336,201233,10206,12243,8069,8104,2538,3071,927,977
R,2,2024,68,3740814,1772509,1968305,1456040,1574614,185640,235805,17037,18919,89763,111734,3057,3448,20972,23785,1473537,1594030,191012,242922,28454,32314,96803,119171,5472,6111,1582771,1756202,1285805,1384436,177428,226209,11434,13429,88112,109755,2549,2846,17443,19527,1300221,1400187,181279,231422,20961,24602,94408,116234,4654,5119,189738,212103,170235,190178,8212,9596,5603,5490,1651,1979,508,602,3529,4258,173316,193843,9733,11500,7493,7712,2395,2937,818,992
R,2,2024,69,3637833,1715309,1922524,1414727,1544554,175259,225871,15859,17739,86800,108466,2953,3274,19711,22620,1431104,1563032,180267,232604,26828,30525,93350,115405,5219,5885,1539191,1721948,1255910,1363826,167884,217137,11001,12884,85293,106678,2482,2736,16621,18687,1269603,1378870,171559,222119,20308,23622,91181,112780,4458,4993,176118,200576,158817,180728,7375,8734,4858,4855,1507,1788,471,538,3090,3933,161501,184162,8708,10485,6520,6903,2169,2625,761,892
R,2,2024,70,3454557,1619357,1835200,1346077,1485065,157997,209400,14549,16392,79956,100408,2612,2940,18166,20995,1361280,1502236,162458,215522,24908,28462,85797,106812,4650,5328,1460294,1651097,1202680,1319154,151223,201348,10170,11911,78658,98805,2191,2448,15372,17431,1215472,1333230,154488,205864,19028,22086,83898,104472,3985,4547,159063,184103,143397,165911,6774,8052,4379,4481,1298,1603,421,492,2794,3564,145808,169006,7970,9658,5880,6376,1899,2340,665,781
R,2,2024,71,3341341,1557522,1783819,1299316,1447270,147146,199114,13436,15575,78371,99393,2579,2844,16674,19623,1313168,1463335,151258,204760,22858,26953,83852,105354,4529,5121,1410739,1610200,1166915,1290475,140877,191526,9459,11455,77113,97869,2222,2376,14153,16499,1178570,1303829,143901,195814,17560,21195,82032,103106,3936,4351,146783,173619,132401,156795,6269,7588,3977,4120,1258,1524,357,468,2521,3124,134598,159506,7357,8946,5298,5758,1820,2248,593,770
R,2,2024,72,3169892,1470596,1699296,1235526,1385911,135882,188149,12437,14441,68936,89965,2215,2574,15600,18256,1248489,1400963,139688,193410,21548,25321,73844,95162,4045,4622,1334349,1538492,1112048,1240818,130349,180967,8928,10662,67812,88595,1902,2153,13310,15297,1123029,1253250,133205,184927,16733,19992,72250,93167,3519,3938,136247,160804,123478,145093,5533,7182,3509,3779,1124,1370,313,421,2290,2959,125460,147713,6483,8483,4815,5329,1594,1995,526,684
R,2,2024,73,2960927,1362157,1598770,1135268,1293828,129234,180210,11890,13774,68780,91353,2190,2385,14795,17220,1147609,1307828,132869,185287,20486,23884,73415,96505,3905,4392,1234045,1443577,1019400,1153683,123842,173394,8606,10068,67685,89973,1870,2030,12642,14429,1029864,1165276,126539,177221,16056,18710,71858,94481,3405,3762,128112,155193,115868,140145,5392,6816,3284,3706,1095,1380,320,355,2153,2791,117745,142552,6330,8066,4430,5174,1557,2024,500,630
R,2,2024,74,2848046,1306428,1541618,1093412,1253520,119067,169068,11272,12822,66781,87564,2142,2393,13754,16251,1104856,1266759,122412,173831,19479,22474,70950,92220,3771,4276,1188542,1397509,986620,1123078,114260,162772,8206,9584,65835,86325,1822,2032,11799,13718,996384,1134128,116817,166397,15311,17934,69561,90415,3263,3692,117886,144109,106792,130442,4807,6296,3066,3238,946,1239,320,361,1955,2533,108472,132631,5595,7434,4168,4540,1389,1805,508,584
R,2,2024,75,2759330,1261831,1497499,1063634,1228745,110069,158020,10504,12075,62766,80973,1990,2257,12868,15429,1074321,1241448,113192,162456,18187,21287,66687,85366,3481,3980,1153866,1362795,965733,1106610,105708,152314,7769,9093,61875,79790,1706,1940,11075,13048,974866,1117245,108091,155677,14473,17114,65389,83638,3030,3447,107965,134704,97901,122135,4361,5706,2735,2982,891,1183,284,317,1793,2381,99455,124203,5101,6779,3714,4173,1298,1728,451,533
R,2,2024,76,2760126,1261843,1498283,1078814,1249540,100866,145743,9916,11310,57890,74549,1825,2042,12532,15099,1089326,1262076,103879,149967,17569,20527,61494,78726,3269,3708,1159573,1370419,985912,1133321,96864,140381,7325,8603,57060,73493,1580,1758,10832,12863,994938,1143886,99164,143644,14060,16633,60275,77189,2881,3241,102270,127864,92902,116219,4002,5362,2591,2707,830,1056,245,284,1700,2236,94388,118190,4715,6323,3509,3894,1219,1537,388,467
R,2,2024,77,2518115,1151880,1366235,988838,1144109,88210,128303,9049,10303,52862,68164,1631,1807,11290,13549,998403,1155395,90816,131993,15944,18486,56066,71939,2946,3347,1059317,1248744,904552,1037297,84629,123344,6767,7897,52194,67154,1405,1554,9770,11498,912799,1046778,86621,126152,12855,14997,55048,70495,2565,2923,92563,117491,84286,106812,3581,4959,2282,2406,668,1010,226,253,1520,2051,85604,108617,4195,5841,3089,3489,1018,1444,381,424
R,2,2024,78,1892016,844153,1047863,713818,864624,69738,106383,6954,8303,43460,56105,1402,1624,8781,10824,721123,873570,71820,109355,12152,14660,46133,59270,2512,2919,767047,945320,643577,771303,66716,102076,5122,6204,42854,55262,1221,1403,7557,9072,649818,778723,68294,104292,9662,11643,45250,58027,2203,2552,77106,102543,70241,93321,3022,4307,1832,2099,606,843,181,221,1224,1752,71305,94847,3526,5063,2490,3017,883,1243,309,367
R,2,2024,79,1828620,811116,1017504,689351,843048,64953,100929,6488,7905,40721,53564,1222,1472,8381,10586,696413,851814,66921,103908,11464,14167,43180,56603,2298,2750,741127,923149,625499,757037,62238,97138,4884,5944,40186,52767,1062,1272,7258,8991,631572,764419,63735,99395,9287,11388,42389,55444,2031,2414,69989,94355,63852,86011,2715,3791,1604,1961,535,797,160,200,1123,1595,64841,87395,3186,4513,2177,2779,791,1159,267,336
R,2,2024,80,1784778,784230,1000548,673396,840397,59487,94332,5896,7413,36748,47223,1107,1236,7596,9947,679830,848696,61128,97043,10559,13390,38902,49956,2085,2425,721304,912858,615879,760303,57019,90854,4502,5648,36269,46529,978,1079,6657,8445,621508,767292,58288,92908,8671,10857,38201,48932,1853,2140,62926,87690,57517,80094,2468,3478,1394,1765,479,694,129,157,939,1502,58322,81404,2840,4135,1888,2533,701,1024,232,285
R,2,2024,81,1672099,727805,944294,625651,794105,54080,88071,5395,6761,34741,45168,933,1195,7005,8994,631558,801595,55726,90513,9704,12264,36684,47608,1749,2207,671159,862427,573832,719398,51844,84694,4215,5102,34330,44536,816,1018,6122,7679,578982,725759,53112,86540,8081,9939,36062,46683,1537,1921,56646,81867,51819,74707,2236,3377,1180,1659,411,632,117,177,883,1315,52576,75836,2614,3973,1623,2325,622,925,212,286
R,2,2024,82,1398023,599207,798816,512267,667889,45275,76139,4686,5799,30106,40095,827,1016,6046,7878,517327,674447,46677,78268,8313,10562,31891,42285,1556,1909,549973,728296,467220,603207,43388,73429,3632,4459,29737,39548,728,858,5268,6795,471611,608828,44460,75077,6866,8663,31334,41481,1383,1659,49234,70520,45047,64682,1887,2710,1054,1340,369,547,99,158,778,1083,45716,65619,2217,3191,1447,1899,557,804,173,250
R,2,2024,83,1238897,522457,716440,443692,596231,40086,69474,4165,5364,28350,37433,761,927,5403,7011,448226,602043,41284,71382,7405,9527,30006,39458,1426,1755,477141,649878,402154,535263,38347,66799,3221,4125,28015,36915,673,781,4731,5995,406115,540190,39270,68260,6101,7764,29502,38708,1270,1517,45316,66562,41538,60968,1739,2675,944,1239,335,518,88,146,672,1016,42111,61853,2014,3122,1304,1763,504,750,156,238
R,2,2024,84,1092210,452903,639307,383823,530851,35026,62625,3575,4791,25046,33606,662,900,4771,6534,387851,536276,36102,64412,6367,8661,26508,35458,1250,1693,412953,579208,347272,475877,33439,60185,2766,3660,24731,33136,574,745,4171,5605,350778,480513,34268,61540,5248,7064,26056,34774,1104,1443,39950,60099,36551,54974,1587,2440,809,1131,315,470,88,155,600,929,37073,55763,1834,2872,1119,1597,452,684,146,250
R,2,2024,85,1004966,411127,593839,350322,497077,30574,55978,3214,4355,22295,29964,549,769,4173,5696,353850,501832,31528,57498,5735,7728,23533,31599,1025,1445,375569,538748,317706,446613,29213,53746,2519,3344,22037,29561,469,635,3625,4849,320756,450636,29930,54898,4751,6290,23142,30992,898,1216,35558,55091,32616,50464,1361,2232,695,1011,258,403,80,134,548,847,33094,51196,1598,2600,984,1438,391,607,127,229
R,2,2024,86,879235,353871,525364,300418,437959,26597,50157,2773,3854,19834,27594,511,720,3738,5080,303600,442201,27486,51562,4975,6778,20960,29055,939,1338,322755,476592,271849,393294,25445,48175,2161,2995,19607,27223,439,588,3254,4317,274611,396866,26116,49239,4124,5553,20618,28509,815,1133,31116,48772,28569,44665,1152,1982,612,859,227,371,72,132,484,763,28989,45335,1370,2323,851,1225,342,546,124,205
R,2,2024,87,763754,301541,462213,256084,386065,22191,43494,2360,3351,17276,24216,440,585,3190,4502,258792,389805,22901,44733,4199,5952,18295,25536,820,1113,274446,418783,231133,346117,21146,41819,1870,2586,17093,23884,388,503,2816,3874,233510,349317,21690,42777,3525,4868,18023,25064,735,970,27095,43430,24951,39948,1045,1675,490,765,183,332,52,82,374,628,25282,40488,1211,1956,674,1084,272,472,85,143
R,2,2024,88,674130,261141,412989,221255,343878,19644,39462,2044,3056,15066,21949,389,523,2743,4121,223546,347299,20277,40575,3624,5433,15925,23160,745,994,237569,374387,199546,308459,18739,37966,1616,2329,14906,21651,346,439,2416,3543,201561,311380,19232,38836,3036,4411,15683,22722,663,859,23572,38602,21709,35419,905,1496,428,727,160,298,43,84,327,578,21985,35919,1045,1739,588,1022,242,438,82,135
R,2,2024,89,583336,221364,361972,187901,302780,16244,33905,1699,2598,12815,18703,330,436,2375,3550,189928,305721,16778,34876,3040,4643,13569,19785,636,859,201657,328725,169667,272207,15549,32648,1345,1964,12671,18448,293,374,2132,3084,171485,274752,15988,33414,2567,3768,13350,19412,574,748,19707,33247,18234,30573,695,1257,354,634,144,255,37,62,243,466,18443,30969,790,1462,473,875,219,373,62,111
R,2,2024,90,480937,178624,302313,151440,251848,12897,28284,1384,2083,10650,16710,290,376,1963,3012,153109,254357,13338,29092,2481,3794,11305,17616,532,760,162755,274626,136787,226319,12341,27232,1094,1613,10537,16499,252,333,1744,2630,138270,228497,12692,27871,2084,3142,11132,17315,467,674,15869,27687,14653,25529,556,1052,290,470,113,211,38,43,219,382,14839,25860,646,1221,397,652,173,301,65,86
R,2,2024,91,426248,154135,272113,130624,226868,11194,25356,1194,1909,9209,15017,230,332,1684,2631,132039,229058,11586,26091,2116,3410,9775,15777,449,672,140806,248037,118285,204649,10715,24431,950,1513,9116,14843,211,291,1529,2310,119566,206560,11042,25032,1794,2866,9640,15514,415,594,13329,24076,12339,22219,479,925,244,396,93,174,19,41,155,321,12473,22498,544,1059,322,544,135,263,34,78
R,2,2024,92,352656,124125,228531,106598,192993,7926,19296,902,1504,7204,12236,182,262,1313,2240,107719,194862,8238,19900,1624,2795,7637,12879,354,546,113327,208814,96525,174714,7608,18604,721,1186,7139,12113,159,234,1175,1963,97524,176343,7868,19088,1371,2335,7537,12697,309,485,10798,19717,10073,18279,318,692,181,318,65,123,23,28,138,277,10195,18519,370,812,253,460,100,182,45,61
R,2,2024,93,302467,103316,199151,87942,167231,6783,16881,777,1338,6469,11470,166,242,1179,1989,88934,168897,7048,17433,1430,2453,6874,12069,319,483,94213,181658,79495,151038,6477,16269,616,1045,6416,11358,150,209,1059,1739,80388,152487,6694,16703,1205,2038,6784,11892,290,427,9103,17493,8447,16193,306,612,161,293,53,112,16,33,120,250,8546,16410,354,730,225,415,90,177,29,56
R,2,2024,94,235289,77351,157938,65619,132232,5142,13733,620,1041,4940,9160,127,201,903,1571,66385,133525,5359,14188,1126,1925,5226,9617,253,400,70540,144504,59295,119807,4925,13258,502,834,4901,9045,115,180,802,1380,59977,120938,5101,13621,957,1627,5157,9453,224,356,6811,13434,6324,12425,217,475,118,207,39,115,12,21,101,191,6408,12587,258,567,169,298,69,164,29,44
R,2,2024,95,189046,59815,129231,50835,108329,3818,10919,471,841,3878,7592,87,168,726,1382,51436,109475,3995,11320,883,1624,4114,7994,181,347,54740,118658,46118,98603,3657,10528,385,665,3849,7501,80,147,651,1214,46658,99601,3804,10855,761,1370,4063,7862,161,307,5075,10573,4717,9726,161,391,86,176,29,91,7,21,75,168,4778,9874,191,465,122,254,51,132,20,40
R,2,2024,96,146510,44489,102021,37540,85404,2863,8641,349,686,3101,6086,64,121,572,1083,38023,86303,2991,8926,661,1324,3290,6389,144,269,40909,94152,34204,78137,2759,8361,288,554,3081,6022,57,107,520,971,34642,78941,2867,8595,576,1136,3256,6296,130,240,3580,7869,3336,7267,104,280,61,132,20,64,7,14,52,112,3381,7362,124,331,85,188,34,93,14,29
R,2,2024,97,107095,31195,75900,26146,63278,2020,6369,256,531,2299,4788,45,102,429,832,26506,63974,2125,6613,496,998,2439,5020,104,206,28667,70148,23808,57968,1936,6153,221,440,2283,4746,40,92,379,749,24129,58592,2018,6360,437,866,2404,4957,88,187,2528,5752,2338,5310,84,216,35,91,16,42,5,10,50,83,2377,5382,107,253,59,132,35,63,16,19
R,2,2024,98,78490,21905,56585,18118,46860,1457,4789,185,375,1789,3824,29,73,327,664,18389,47405,1549,4984,363,758,1893,4008,73,157,20194,52497,16540,43082,1409,4636,155,317,1778,3796,26,66,286,600,16777,43578,1479,4804,311,670,1871,3956,64,137,1711,4088,1578,3778,48,153,30,58,11,28,3,7,41,64,1612,3827,70,180,52,88,22,52,9,20
R,2,2024,99,56113,14981,41132,12316,34005,963,3395,131,306,1329,2858,24,63,218,505,12494,34418,1021,3553,255,593,1406,3000,54,130,13889,38346,11306,31429,930,3295,113,260,1322,2841,22,58,196,463,11466,31809,978,3433,226,527,1391,2967,49,118,1092,2786,1010,2576,33,100,18,46,7,17,2,5,22,42,1028,2609,43,120,29,66,15,33,5,12
R,2,2024,100,95760,23265,72495,18081,57769,1599,6346,242,584,2835,6610,44,127,464,1059,18459,58615,1738,6698,487,1178,2998,6902,115,283,21604,68061,16557,53675,1544,6184,217,523,2818,6580,40,118,428,981,16909,54459,1667,6502,445,1077,2969,6849,101,260,1661,4434,1524,4094,55,162,25,61,17,30,4,9,36,78,1550,4156,71,196,42,101,29,53,14,23
R,3,2024,999,339000753,167788696,171212057,126509709,127335507,22321096,24093407,2374889,2314910,10832431,11682149,471802,458584,5278769,5327500,131236635,132082024,24770180,26609247,3835773,3830182,12812280,13643837,920079,908106,133657010,137894278,96962164,98526500,20535240,22271424,1202368,1236968,10464420,11315647,337449,331302,4155369,4212437,100682548,102277019,22440904,24239336,2208881,2303854,12139312,12974055,686116,682530,34131686,33317779,29547545,28809007,1785856,1821983,1172521,1077942,368011,366502,134353,127282,1123400,1115063,30554087,29805005,2329276,2369911,1626892,1526328,672968,669782,233963,225576
R,3,2024,0,3610081,1843795,1766286,1267690,1212070,297223,287858,36123,35044,109954,103501,7937,7541,124868,120272,1382522,1322641,366268,354487,59447,57644,156137,147797,16506,15723,1314821,1255648,841421,801010,256581,248523,11979,11474,101614,95693,4354,3993,98872,94955,932868,888803,312041,301906,26623,25599,139726,132174,10553,9898,528974,510638,426269,411060,40642,39335,24144,23570,8340,7808,3583,3548,25996,25317,449654,433838,54227,52581,32824,32045,16411,15623,5953,5825
R,3,2024,1,3711275,1895357,1815918,1297733,1240542,305154,295872,37903,36771,117900,111224,8278,7925,128389,123584,1415782,1354125,375963,364126,61902,60007,165552,156939,17079,16330,1348369,1287990,857852,816547,263097,255179,12175,11673,109232,103015,4582,4222,101431,97354,951638,906518,319780,309682,27143,26089,148591,140709,10945,10289,546988,527928,439881,423995,42057,40693,25728,25098,8668,8209,3696,3703,26958,26230,464144,447607,56183,54444,34759,33918,16961,16230,6134,6041
R,3,2024,2,3765564,1923591,1841973,1316198,1256420,310829,302384,36949,35463,121094,114798,7923,7573,130598,125335,1436264,1371613,382783,371479,61357,58972,169636,161313,16867,16076,1386535,1323281,884209,838983,269531,262482,12507,11891,112724,106726,4483,4243,103081,98956,979500,930417,327034,317733,27672,26508,152868,145223,10955,10409,537056,518692,431989,417437,41298,39902,24442,23572,8370,8072,3440,3330,27517,26379,456764,441196,55749,53746,33685,32464,16768,16090,5912,5667
R,3,2024,3,3680804,1881229,1799575,1281373,1221823,309570,300492,36088,34751,121544,115059,7140,6736,125514,120714,1396771,1332780,378775,367100,59512,57329,168182,159854,15723,14922,1365782,1303309,864882,820646,271153,263570,12605,12185,113678,107375,4377,4011,99087,95522,956475,908908,326431,316921,27165,26271,152287,144541,10596,9968,515447,496266,416491,401177,38417,36922,23483,22566,7866,7684,2763,2725,26427,25192,440296,423872,52344,50179,32347,31058,15895,15313,5127,4954
R,3,2024,4,3839955,1961518,1878437,1354508,1293208,308177,300004,38277,36657,126430,120159,7463,7012,126663,121397,1470941,1404789,378031,367049,61809,59382,173562,165136,16130,15223,1439651,1376248,931052,885108,271106,264622,14056,13622,118250,112321,4663,4332,100524,96243,1023918,974000,327128,318383,28855,27864,157491,149754,11045,10377,521867,502189,423456,408100,37071,35382,24221,23035,8180,7838,2800,2680,26139,25154,447023,430789,50903,48666,32954,31518,16071,15382,5085,4846
R,3,2024,5,3883767,1983507,1900260,1371558,1309239,310099,303109,38478,36749,128369,121956,7627,7071,127376,122136,1488630,1421469,380173,370465,62222,59706,175863,167203,16346,15358,1455600,1391427,942618,895222,272808,267239,14224,13823,120121,114079,4760,4398,101069,96666,1035960,984477,328955,321140,29151,28189,159703,151705,11194,10491,527907,508833,428940,414017,37291,35870,24254,22926,8248,7877,2867,2673,26307,25470,452670,436992,51218,49325,33071,31517,16160,15498,5152,4867
R,3,2024,6,3974026,2031984,1942042,1404481,1338137,317175,309347,39010,36791,134159,126763,7756,7213,129403,123791,1523350,1451867,387927,377532,63282,60150,182646,172612,16689,15643,1494261,1424706,964419,914573,281105,274316,14758,14108,126073,119017,4940,4557,102966,98135,1059431,1005145,338001,328997,30080,28789,166613,157194,11559,10761,537723,517336,440062,423564,36070,35031,24252,22683,8086,7746,2816,2656,26437,25656,463919,446722,49926,48535,33202,31361,16033,15418,5130,4882
R,3,2024,7,4069623,2081094,1988529,1447702,1377869,317070,310352,38101,36860,139549,131204,7855,7395,130817,124849,1567826,1492610,387738,378414,62895,60703,189170,177800,17041,16009,1533044,1460474,995665,942803,281108,275305,15642,15019,131468,123531,5061,4727,104100,99089,1091666,1034282,337801,329884,31412,30084,173032,162423,11909,11087,548050,528055,452037,435066,35962,35047,22459,21841,8081,7673,2794,2668,26717,25760,476160,458328,49937,48530,31483,30619,16138,15377,5132,4922
R,3,2024,8,4138883,2114924,2023959,1483675,1413330,320279,313631,37323,36022,135024,127883,7621,7379,131002,125714,1604081,1528887,390926,382106,62481,60158,184400,174678,16795,16061,1558479,1487944,1021458,968845,284923,278878,16066,15337,126997,120281,4828,4716,104207,99887,1117667,1061086,341640,333871,32116,30673,168283,159329,11633,11147,556445,536015,462217,444485,35356,34753,21257,20685,8027,7602,2793,2663,26795,25827,486414,467801,49286,48235,30365,29485,16117,15349,5162,4914
R,3,2024,9,4163271,2126710,2036561,1489466,1420357,324106,316810,37109,36342,137843,130679,7463,7360,130723,125013,1609589,1535224,394480,384643,62256,60470,187200,177341,16668,16062,1574259,1502644,1030428,977535,288128,281669,16356,15783,130245,123297,4845,4764,104257,99596,1126649,1069454,344640,336259,32518,31221,171680,162353,11731,11265,552451,533917,459038,442822,35978,35141,20753,20559,7598,7382,2618,2596,26466,25417,482940,465770,49840,48384,29738,29249,15520,14988,4937,4797
R,3,2024,10,4127082,2113724,2013358,1484099,1408293,324505,314529,37471,36158,132119,125012,7089,6853,128441,122513,1602113,1520816,393457,381314,62439,59941,180537,170414,16253,15414,1564735,1487639,1027706,971626,288528,279851,16726,15953,124779,118127,4622,4459,102374,97623,1122203,1061692,343914,333667,32848,31264,165324,156038,11408,10781,548989,525719,456393,436667,35977,34678,20745,20205,7340,6885,2467,2394,26067,24890,479910,459124,49543,47647,29591,28677,15213,14376,4845,4633
R,3,2024,11,4136164,2112856,2023308,1482418,1416089,322416,313484,37274,36004,136477,129179,7250,7019,127021,121533,1599002,1527617,390058,378991,62032,59835,184895,174757,16483,15721,1565356,1494637,1025904,975319,287384,279673,16756,16079,129230,122231,4773,4552,101309,96783,1119283,1064534,341685,332315,32760,31457,169879,160339,11636,10978,547500,528671,456514,440770,35032,33811,20518,19925,7247,6948,2477,2467,25712,24750,479719,463083,48373,46676,29272,28378,15016,14418,4847,4743
R,3,2024,12,4150694,2126790,2023904,1501617,1425808,324380,313097,38367,36449,129523,122244,6975,6720,125928,119586,1617234,1535565,391845,377494,63317,60244,176839,166843,16031,15290,1570280,1490486,1036450,979575,289769,279914,17032,16160,122417,115575,4536,4320,100076,94942,1128741,1067114,343825,331524,33135,31473,161937,152777,11229,10622,556510,533418,465167,446233,34611,33183,21335,20289,7106,6669,2439,2400,25852,24644,488493,468451,48020,45970,30182,28771,14902,14066,4802,4668
R,3,2024,13,4206821,2156753,2050068,1532323,1452616,327812,315748,36258,34969,126882,120080,6909,6525,126569,120130,1648663,1562905,395459,380402,61611,59361,174175,164466,16017,15050,1586273,1502946,1048891,989494,295403,283975,17147,16531,120079,113768,4603,4288,100150,94890,1141324,1076949,349406,335515,33406,32174,159508,150755,11314,10572,570480,547122,483432,463122,32409,31773,19111,18438,6803,6312,2306,2237,26419,25240,507339,485956,46053,44887,28205,27187,14667,13711,4703,4478
R,3,2024,14,4285242,2194164,2091078,1568226,1486691,332394,321547,36260,34796,124949,119823,6750,6568,125585,121653,1683890,1598481,399829,387453,61475,59471,171224,164191,15543,15084,1609774,1531605,1070481,1010778,299767,289956,17672,17115,118339,113557,4605,4358,98910,95841,1161986,1099195,353510,342351,33666,32858,156729,150532,11073,10606,584390,559473,497745,475913,32627,31591,18588,17681,6610,6266,2145,2210,26675,25812,521904,499286,46319,45102,27809,26613,14495,13659,4470,4478
R,3,2024,15,4418201,2262655,2155546,1621727,1537619,345080,334195,37165,35460,126857,121317,6933,6783,124893,120172,1736461,1648159,412313,399456,62516,59452,172348,164751,15728,15192,1663255,1584295,1109767,1050314,311745,302077,18136,17511,120180,115042,4738,4572,98689,94779,1200723,1137876,365576,354386,34288,32593,158176,151221,11252,10717,599400,571251,511960,487305,33335,32118,19029,17949,6677,6275,2195,2211,26204,25393,535738,510283,46737,45070,28228,26859,14172,13530,4476,4475
R,3,2024,16,4528086,2320496,2207590,1667665,1578923,351405,340556,38729,37042,131426,124821,7023,6854,124248,119394,1781708,1688451,417912,405554,64183,61495,176781,167653,15950,15222,1702954,1621279,1139283,1077594,317506,308272,18568,18202,124834,118626,4783,4555,97980,94030,1229570,1164125,370749,360268,34694,33641,162603,154245,11377,10707,617542,586311,528382,501329,33899,32284,20161,18840,6592,6195,2240,2299,26268,25364,552138,524326,47163,45286,29489,27854,14178,13408,4573,4515
R,3,2024,17,4513541,2312511,2201030,1667222,1581462,348451,336449,39656,36954,130254,124259,6895,6798,120033,115108,1777426,1687013,412169,398296,64605,60948,174338,165724,15572,15003,1698321,1617675,1141924,1082005,314995,304401,18647,17933,123602,118068,4736,4563,94417,90705,1228932,1165452,365809,354095,34400,33095,160297,152603,11102,10586,614190,583355,525298,499457,33456,32048,21009,19021,6652,6191,2159,2235,25616,24403,548494,521561,46360,44201,30205,27853,14041,13121,4470,4417
R,3,2024,18,4444646,2275363,2169283,1647713,1561073,335273,327153,38913,36343,132744,129121,6931,6847,113789,108746,1752005,1660665,394985,384735,63241,59246,174620,169109,15080,14544,1677118,1603286,1135115,1074582,303380,296713,18085,17786,126465,123289,4703,4733,89370,86183,1217262,1153710,351016,343108,33348,32321,161482,156843,10725,10457,598245,565997,512598,486491,31893,30440,20828,18557,6279,5832,2228,2114,24419,22563,534743,506955,43969,41627,29893,26925,13138,12266,4355,4087
R,3,2024,19,4432185,2268784,2163401,1644172,1557451,330570,321491,38833,35444,139109,137023,7110,6770,108990,105222,1743901,1653549,386691,376190,62563,58178,179964,175994,14984,14395,1682284,1610107,1140339,1080890,299831,292152,18097,17307,132942,131228,4963,4857,86112,83673,1219414,1157505,344683,336268,33211,31988,167331,164135,10818,10591,586500,553294,503833,476561,30739,29339,20736,18137,6167,5795,2147,1913,22878,21549,524487,496044,42008,39922,29352,26190,12633,11859,4166,3804
R,3,2024,20,4462966,2282060,2180906,1661902,1575557,328276,322007,37995,35092,141251,139432,6927,6613,105709,102205,1758653,1669076,382133,374586,61553,57703,180808,177439,14652,14010,1704535,1633403,1164924,1102933,298131,293543,17764,17307,135291,133758,4856,4761,83569,81101,1241631,1177365,341283,335774,32855,32032,168579,165778,10635,10275,577525,547503,496978,472624,30145,28464,20231,17785,5960,5674,2071,1852,22140,21104,517022,491711,40850,38812,28698,25671,12229,11661,4017,3735
R,3,2024,21,4416051,2257182,2158869,1643664,1558099,326363,322108,37648,34702,142303,140102,6858,6548,100346,97310,1735135,1646788,377211,371923,60557,56930,179762,176128,14432,13740,1689081,1619260,1153937,1091315,296492,294334,17663,17233,136543,134637,4903,4732,79543,77009,1226643,1161738,337334,334240,32441,31663,168128,164890,10592,10165,568101,539609,489727,466784,29871,27774,19985,17469,5760,5465,1955,1816,20803,20301,508492,485050,39877,37683,28116,25267,11634,11238,3840,3575
R,3,2024,22,4440091,2266669,2173422,1646841,1567136,331541,326843,36998,34456,146489,142921,6558,6429,98242,95637,1736402,1654144,381165,375767,60208,57226,182735,177793,13840,13550,1706474,1640974,1163380,1106516,302114,299316,17832,17238,140915,137517,4685,4584,77548,75803,1234222,1175691,341830,338590,32782,32172,171447,166916,10239,9994,560195,532448,483461,460620,29427,27527,19166,17218,5574,5404,1873,1845,20694,19834,502180,478453,39335,37177,27426,25054,11288,10877,3601,3556
R,3,2024,23,4525745,2310029,2215716,1670086,1589769,340193,335636,37040,35302,158958,154670,6571,6452,97181,93887,1758445,1674960,388865,383226,60461,57848,195123,189149,13898,13555,1749876,1682773,1185775,1128575,311087,307935,18153,17630,153241,149383,4812,4556,76808,74694,1255673,1196518,349949,346204,33446,32675,183830,178526,10356,9940,560153,532943,484311,461194,29106,27701,18887,17672,5717,5287,1759,1896,20373,19193,502772,478442,38916,37022,27015,25173,11293,10623,3542,3615
R,3,2024,24,4463874,2275832,2188042,1645886,1570242,337325,332776,36940,35075,155521,152432,6573,6246,93587,91271,1730950,1652826,384394,379324,60301,57572,189331,185354,13634,13215,1729592,1666322,1173373,1118678,309093,305743,18240,17740,150009,147194,4803,4410,74074,72557,1240829,1184417,346800,343288,33635,32761,178609,174945,10182,9715,546240,521720,472513,451564,28232,27033,18700,17335,5512,5238,1770,1836,19513,18714,490121,468409,37594,36036,26666,24811,10722,10409,3452,3500
R,3,2024,25,4451943,2264809,2187134,1640814,1569586,334467,331976,36244,34817,154857,155315,6582,6176,91845,89264,1724005,1650406,379995,377026,59384,57533,188247,187348,13881,12996,1727935,1671583,1176432,1123100,306693,305374,18024,17645,149308,149992,4815,4376,72663,71096,1242356,1187565,343125,341667,33378,33054,177509,177012,10432,9639,536874,515551,464382,446486,27774,26602,18220,17172,5549,5323,1767,1800,19182,18168,481649,462841,36870,35359,26006,24479,10738,10336,3449,3357
R,3,2024,26,4420663,2244379,2176284,1622183,1555447,333174,331295,35415,34212,158820,162549,6511,6265,88276,86516,1702041,1633614,376573,374327,58204,56597,190937,193812,13349,12822,1717309,1670524,1164945,1116658,306769,305662,17542,17564,153427,157276,4783,4525,69843,68839,1228190,1178899,341449,340234,32777,32786,180587,183786,10037,9573,527070,505760,457238,438789,26405,25633,17873,16648,5393,5273,1728,1740,18433,17677,473851,454715,35124,34093,25427,23811,10350,10026,3312,3249
R,3,2024,27,4449868,2254370,2195498,1632918,1568140,330876,331730,35314,33796,162551,170684,6520,6140,86191,85008,1710854,1644736,372416,373459,58285,56445,194112,201386,13317,12895,1728564,1692015,1176673,1130874,304374,306733,17676,17412,157276,165380,4733,4478,67832,67138,1238105,1191376,337215,339977,32890,32629,184078,191365,9963,9700,525806,503483,456245,437266,26502,24997,17638,16384,5275,5304,1787,1662,18359,17870,472749,453360,35201,33482,25395,23816,10034,10021,3354,3195
R,3,2024,28,4498360,2280035,2218325,1648598,1582085,338009,337505,35298,33279,166939,176772,6594,6523,84597,82161,1724811,1655945,378084,377331,58588,55881,198033,206548,13374,13256,1753914,1713619,1191707,1143094,311359,312181,17845,17190,161675,171428,4788,4748,66540,64978,1251641,1201567,343075,343801,33449,32524,188040,196643,10057,10029,526121,504706,456891,438991,26650,25324,17453,16089,5264,5344,1806,1775,18057,17183,473170,454378,35009,33530,25139,23357,9993,9905,3317,3227
R,3,2024,29,4564268,2310576,2253692,1663061,1598693,352195,353211,35671,34125,170221,180064,6743,6696,82685,80903,1737088,1670931,390707,392040,59290,57030,200623,209485,13822,13402,1784248,1749482,1205743,1160335,325384,327517,18276,17717,164926,174830,4938,4953,64981,64130,1263834,1217577,355686,358430,34299,33506,190787,199789,10439,10205,526328,504210,457318,438358,26811,25694,17395,16408,5295,5234,1805,1743,17704,16773,473254,453354,35021,33610,24991,23524,9836,9696,3383,3197
R,3,2024,30,4650297,2356643,2293654,1690207,1620725,368255,367357,36479,35258,175298,184517,6881,6761,79523,79036,1760983,1690955,404578,404680,59680,58406,205091,213192,13827,13572,1824907,1787440,1227251,1180342,341043,341556,18893,18761,170111,179210,5051,5035,62558,62536,1282858,1235858,369537,371130,34727,34830,195448,203551,10448,10330,531736,506214,462956,440383,27212,25801,17586,16497,5187,5307,1830,1726,16965,16500,478125,455097,35041,33550,24953,23576,9643,9641,3379,3242
R,3,2024,31,4741687,2401598,2340089,1721021,1654092,379355,376578,37835,35861,179353,189839,7063,6804,76971,76915,1789344,1722348,413328,411648,61090,58905,208533,218440,13893,13558,1864438,1830360,1253192,1210051,351593,350548,19737,19304,174227,184483,5170,5003,60519,60971,1306855,1264118,378002,378087,35687,35418,199261,208988,10578,10307,537160,509729,467829,444041,27762,26030,18098,16557,5126,5356,1893,1801,16452,15944,482489,458230,35326,33561,25403,23487,9272,9452,3315,3251
R,3,2024,32,4817738,2430459,2387279,1742113,1685854,381434,385649,38898,35747,186035,196368,7608,7155,74371,76506,1807386,1752872,413291,420145,61872,58611,214897,225852,14651,14240,1892705,1879902,1275192,1246274,353076,357768,20288,19512,180778,190823,5541,5283,57830,60242,1325797,1298941,377358,384490,35843,35328,205455,216013,11105,10825,537754,507377,466921,439580,28358,27881,18610,16235,5257,5545,2067,1872,16541,16264,481589,453931,35933,35655,26029,23283,9442,9839,3546,3415
R,3,2024,33,4888236,2467851,2420385,1774679,1712146,382331,388958,38171,35084,193566,203131,7955,7439,71149,73627,1836724,1776471,411912,421640,60143,57280,222236,231904,15058,14455,1930507,1921303,1308348,1280930,353759,360464,19676,19227,187975,197509,5789,5571,54960,57602,1356006,1331047,375903,385591,34434,34459,212534,222018,11380,11152,537344,499082,466331,431216,28572,28494,18495,15857,5591,5622,2166,1868,16189,16025,480718,445424,36009,36049,25709,22821,9702,9886,3678,3303
R,3,2024,34,4819554,2430677,2388877,1754732,1691306,371299,381654,37284,34328,193207,205239,8131,7346,66024,69004,1812457,1751533,398331,411822,57683,55256,219996,232396,14562,13956,1905006,1904216,1297768,1272329,343530,353853,19134,18846,187769,199712,5964,5550,50841,53926,1341974,1319192,363611,376824,32786,33118,210756,223044,11045,10820,525671,484661,456964,418977,27769,27801,18150,15482,5438,5527,2167,1796,15183,15078,470483,432341,34720,34998,24897,22138,9240,9352,3517,3136
R,3,2024,35,4707151,2374366,2332785,1724350,1659480,349128,362130,36168,32759,194646,206324,7952,7158,62122,64934,1778457,1716082,373821,390139,55545,52513,220265,232191,14205,13362,1860724,1863231,1277104,1252632,322545,335503,18270,17870,189358,200927,5879,5443,47568,50856,1318338,1296760,340499,356715,31081,31529,211361,223204,10849,10402,513642,469554,447246,406848,26583,26627,17898,14889,5288,5397,2073,1715,14554,14078,460119,419322,33322,33424,24464,20984,8904,8987,3356,2960
R,3,2024,36,4613471,2329315,2284156,1708915,1639359,330302,344213,35106,31918,188347,199312,7920,7018,58725,62336,1759863,1693767,353457,370673,53505,50947,212711,224364,14044,13151,1818733,1820714,1262733,1237093,304811,318354,17607,17283,183249,194274,5720,5261,44613,48449,1301150,1279230,321479,338065,29580,30264,204167,215845,10606,10164,510582,463442,446182,402266,25491,25859,17499,14635,5098,5038,2200,1757,14112,13887,458713,414537,31978,32608,23925,20683,8544,8519,3438,2987
R,3,2024,37,4570321,2311020,2259301,1707980,1630732,319911,334669,34218,30955,185419,196114,7778,7007,55714,59824,1756549,1682825,341359,359874,52052,49934,208585,219940,13445,12778,1803110,1799832,1263391,1231231,294627,309237,17027,16673,180341,191227,5540,5185,42184,46279,1299938,1271294,309789,328011,28675,29593,200274,211705,10077,9794,507910,459469,444589,399501,25284,25432,17191,14282,5078,4887,2238,1822,13530,13545,456611,411531,31570,31863,23377,20341,8311,8235,3368,2984
R,3,2024,38,4585684,2319842,2265842,1724449,1643967,314903,330540,33776,30655,184205,195821,7912,7181,54597,57678,1771857,1694020,335679,354209,51510,49151,206766,219076,13707,13046,1807712,1806411,1275728,1243793,289898,305316,16300,16511,179112,190896,5647,5449,41027,44446,1311068,1282135,304466,322650,27786,29215,198417,210841,10250,10175,512130,459431,448721,400174,25005,25224,17476,14144,5093,4925,2265,1732,13570,13232,460789,411885,31213,31559,23724,19936,8349,8235,3457,2871
R,3,2024,39,4525043,2282881,2242162,1703141,1630192,304379,323449,32843,30291,182400,195275,7684,6923,52434,56032,1748669,1678806,323962,345776,50231,48698,204125,218190,13302,12622,1778421,1786368,1260447,1232669,280173,298903,16032,16179,177286,190517,5409,5176,39074,42924,1294082,1269713,293675,314967,27249,28709,195844,210166,9866,9740,504460,455794,442694,397523,24206,24546,16811,14112,5114,4758,2275,1747,13360,13108,454587,409093,30287,30809,22982,19989,8281,8024,3436,2882
R,3,2024,40,4477266,2257209,2220057,1689324,1616175,296827,318233,32703,30080,180478,193957,7451,6867,50426,54745,1733075,1663621,315480,339590,49622,48517,201470,216315,12873,12594,1760535,1767021,1253053,1220844,273104,293917,15813,15915,175526,189319,5358,5188,37681,41838,1285480,1256879,285963,309291,26857,28482,193388,208429,9628,9744,496674,453036,436271,395331,23723,24316,16890,14165,4952,4638,2093,1679,12745,12907,447595,406742,29517,30299,22765,20035,8082,7886,3245,2850
R,3,2024,41,4529967,2281387,2248580,1713269,1642201,298660,322310,33370,30284,178182,192412,7504,6954,50402,54419,1756956,1689198,317138,343577,50648,48972,198863,214423,12996,12640,1776740,1786377,1269348,1238259,274897,297415,16110,16169,173288,187614,5373,5212,37724,41708,1301749,1273997,287659,312810,27502,29034,190891,206418,9740,9788,504647,462203,443921,403942,23763,24895,17260,14115,4894,4798,2131,1742,12678,12711,455207,415201,29479,30767,23146,19938,7972,8005,3256,2852
R,3,2024,42,4457542,2241986,2215556,1689896,1622620,292285,317022,31879,28991,171864,188036,7408,6665,48654,52222,1731978,1667651,310054,337629,48959,47176,191612,208809,12687,12157,1751509,1760394,1258630,1224224,269171,292849,15200,15358,167066,183206,5263,4905,36179,39852,1289635,1258387,281361,307697,26397,27809,183773,200913,9429,9292,490477,455162,431266,398396,23114,24173,16679,13633,4798,4830,2145,1760,12475,12370,442343,409264,28693,29932,22562,19367,7839,7896,3258,2865
R,3,2024,43,4450193,2236642,2213551,1690698,1622578,294756,321824,31766,29166,164065,181687,7370,6436,47987,51860,1732145,1667406,312356,342403,48706,47401,183517,201976,12659,11896,1744543,1758408,1256895,1224259,272139,297255,15395,15736,159177,176956,5207,4773,35730,39429,1287466,1258071,284224,311957,26579,28287,175648,194241,9426,9183,492099,455143,433803,398319,22617,24569,16371,13430,4888,4731,2163,1663,12257,12431,444679,409335,28132,30446,22127,19114,7869,7735,3233,2713
R,3,2024,44,4334706,2175348,2159358,1643499,1580917,289102,316865,30665,28054,159346,177114,6940,6485,45796,49923,1683064,1623831,305745,336662,47304,45836,177584,196642,12067,11783,1695947,1716055,1221188,1192964,266781,292934,14755,15012,154726,172563,4858,4835,33639,37747,1249984,1225113,277997,306920,25610,27264,170002,189110,8902,9081,479401,443303,422311,387953,22321,23931,15910,13042,4620,4551,2082,1650,12157,12176,433080,398718,27748,29742,21694,18572,7582,7532,3165,2702
R,3,2024,45,4176604,2090623,2085981,1584745,1529270,274206,304193,28808,27023,153487,172349,6306,5956,43071,47190,1621867,1569897,289840,322534,44500,44077,170680,190902,10964,10838,1637984,1659805,1184898,1156501,253394,281136,14225,14418,149146,167964,4546,4325,31775,35461,1211973,1186759,263972,293962,24540,26052,163653,183702,8231,8249,452639,426176,399847,372769,20812,23057,14583,12605,4341,4385,1760,1631,11296,11729,409894,383138,25868,28572,19960,18025,7027,7200,2733,2589
R,3,2024,46,4122191,2059230,2062961,1568979,1520089,266148,296773,28535,26815,147791,167682,6274,5838,41503,45764,1604634,1559281,281026,314459,43907,43644,164379,185641,10735,10606,1608710,1636107,1170232,1145299,246035,274295,14078,14494,143474,163281,4476,4303,30415,34435,1196032,1174509,255972,286564,24159,26055,157394,178557,7991,8135,450520,426854,398747,374790,20113,22478,14457,12321,4317,4401,1798,1535,11088,11329,408602,384772,25054,27895,19748,17589,6985,7084,2744,2471
R,3,2024,47,3996971,1992932,2004039,1517568,1476018,255125,286199,27450,25547,147406,167326,5958,5597,39425,43352,1551597,1512968,268873,302727,42216,41662,163163,184539,10333,10207,1556457,1585966,1130592,1107616,235761,264515,13727,14001,143140,163062,4284,4098,28953,32674,1155254,1135162,244824,276060,23548,25167,156411,177616,7735,7810,436475,418073,386976,368402,19364,21684,13723,11546,4266,4264,1674,1499,10472,10678,396343,377806,24049,26667,18668,16495,6752,6923,2598,2397
R,3,2024,48,3929574,1957856,1971718,1489614,1452480,250385,281280,26688,25129,148053,166359,5612,5436,37504,41034,1521890,1487494,263419,296613,40910,40588,163113,182738,9684,9725,1531462,1560603,1110765,1089379,231765,260360,13343,13642,143936,162181,4064,4043,27589,30998,1134220,1115556,240337,270992,22869,24419,156654,176105,7294,7491,426394,411115,378849,363101,18620,20920,13345,11487,4117,4178,1548,1393,9915,10036,387670,371938,23082,25621,18041,16169,6459,6633,2390,2234
R,3,2024,49,3935904,1960276,1975628,1498310,1463132,247709,279223,26335,24923,147269,163907,5653,5183,35000,39260,1528112,1496474,259672,293803,39997,40018,161268,179501,9592,9193,1541824,1571031,1124391,1103980,230384,259771,13201,13628,143368,160000,4128,3865,26352,29787,1146590,1128974,238583,269886,22520,24162,155418,173428,7321,7109,418452,404597,373919,359152,17325,19452,13134,11295,3901,3907,1525,1318,8648,9473,381522,367500,21089,23917,17477,15856,5850,6073,2271,2084
R,3,2024,50,3866484,1922768,1943716,1468856,1437580,243584,275925,25443,24546,145622,162810,5253,5087,34010,37768,1497813,1469497,254977,289770,38728,39140,159421,177947,9064,9086,1523166,1551805,1111399,1089297,227079,257065,12895,13510,142058,159056,3895,3804,25840,29073,1133140,1113585,234844,266859,22152,23990,153980,172132,7023,7036,399602,391911,357457,348283,16505,18860,12548,11036,3564,3754,1358,1283,8170,8695,364673,355912,20133,22911,16576,15150,5441,5815,2041,2050
R,3,2024,51,3965832,1970901,1994931,1508023,1478795,252396,285461,25827,24764,145377,163261,5260,5046,34018,37604,1536902,1510545,263363,298989,39461,39734,159225,178210,9040,8983,1573523,1605001,1152066,1132041,236308,266906,13280,13767,141765,159456,3956,3735,26148,29096,1174012,1156286,243905,276588,22959,24638,153826,172397,7029,6978,397378,389930,355957,346754,16088,18555,12547,10997,3612,3805,1304,1311,7870,8508,362890,354259,19458,22401,16502,15096,5399,5813,2011,2005
R,3,2024,52,4161578,2071944,2089634,1605413,1569901,259262,292503,25860,25092,142383,159374,5327,4903,33699,37861,1633945,1601861,270059,305840,39814,40619,155780,174162,9082,8940,1681244,1706041,1255427,1228379,243507,274449,13733,14281,138666,155753,3952,3684,25959,29495,1277144,1252977,251004,283963,23775,25723,150311,168633,7028,7023,390700,383593,349986,341522,15755,18054,12127,10811,3717,3621,1375,1219,7740,8366,356801,348884,19055,21877,16039,14896,5469,5529,2054,1917
R,3,2024,53,4372866,2180283,2192583,1702665,1660776,269831,304414,26454,25804,141373,158195,5108,5104,34852,38290,1732243,1693005,281025,317874,41142,41924,154852,172821,9138,9360,1789748,1812416,1352529,1322883,254063,286312,14466,14827,137760,154510,3818,3834,27112,30050,1375284,1347908,261946,296041,25242,26936,149449,167139,7136,7345,390535,380167,350136,337893,15768,18102,11988,10977,3613,3685,1290,1270,7740,8240,356959,345097,19079,21833,15900,14988,5403,5682,2002,2015
R,3,2024,54,4200333,2090677,2109656,1637327,1605760,256670,287820,25093,24422,133602,151015,5265,5010,32720,35629,1664975,1635568,266942,300082,39216,39818,146145,164634,9168,9034,1716025,1746135,1301495,1281689,241520,270905,13718,14292,130138,147462,3978,3862,25176,27925,1322499,1304810,248577,279715,23992,25883,140988,159194,7201,7201,374652,363521,335832,324071,15150,16915,11375,10130,3464,3553,1287,1148,7544,7704,342476,330758,18365,20367,15224,13935,5157,5440,1967,1833
R,3,2024,55,4071239,2023400,2047839,1588278,1563263,245356,275957,24342,23435,130554,147056,4638,4800,30232,33328,1613863,1591139,254457,287222,37846,38250,142041,159516,8174,8577,1669708,1703594,1271019,1256538,230847,259776,13541,13834,127415,143774,3492,3620,23394,26052,1290599,1278058,237052,267738,23564,25038,137385,154611,6400,6769,353692,344245,317259,306725,14509,16181,10801,9601,3139,3282,1146,1180,6838,7276,323264,313081,17405,19484,14282,13212,4656,4905,1774,1808
R,3,2024,56,3984809,1974570,2010239,1555294,1536646,242667,276148,23388,23279,119788,137614,4682,4693,28751,31859,1579545,1563180,251317,286926,36459,37639,130630,149301,7976,8471,1632061,1675131,1248080,1237807,228499,260217,13036,14031,116751,134543,3512,3603,22183,24930,1266533,1258320,234351,267832,22707,24968,126155,144621,6291,6761,342509,335108,307214,298839,14168,15931,10352,9248,3037,3071,1170,1090,6568,6929,313012,304860,16966,19094,13752,12671,4475,4680,1685,1710
R,3,2024,57,4022195,1984529,2037666,1570604,1567790,242874,279329,23078,23127,115266,131691,4761,4701,27946,31028,1593959,1593558,251301,289893,36072,37515,125605,142774,8156,8298,1653733,1712183,1273336,1277245,229432,264056,13245,14329,112318,128701,3658,3619,21744,24233,1291242,1297118,235146,271511,23075,25270,121252,138255,6531,6637,330796,325483,297268,290545,13442,15273,9833,8798,2948,2990,1103,1082,6202,6795,302717,296440,16155,18382,12997,12245,4353,4519,1625,1661
R,3,2024,58,4094951,2015900,2079051,1594031,1599444,250082,287119,23557,23505,115852,133306,4620,4688,27758,30989,1617170,1625169,258334,297323,36858,38239,125851,144329,8022,8349,1690273,1758151,1302021,1313278,236362,271816,13724,14778,112996,130255,3590,3708,21580,24316,1319746,1333185,241964,279043,23821,26182,121652,139727,6447,6768,325627,320900,292010,286166,13720,15303,9833,8727,2856,3051,1030,980,6178,6673,297424,291984,16370,18280,13037,12057,4199,4602,1575,1581
R,3,2024,59,4258069,2084480,2173589,1659272,1686191,253681,294317,23798,24159,114985,132559,4663,4841,28081,31522,1682730,1712263,261763,304541,37571,39687,125063,143405,8049,8574,1768588,1856143,1375742,1402642,240597,279323,14378,15671,112164,129673,3673,3823,22034,25011,1393894,1423039,246105,286624,24959,27917,120918,139079,6511,6982,315892,317446,283530,283549,13084,14994,9420,8488,2821,2886,990,1018,6047,6511,288836,289224,15658,17917,12612,11770,4145,4326,1538,1592
R,3,2024,60,4297225,2102753,2194472,1682170,1711851,248503,287830,23332,23854,116465,135018,4426,4625,27857,31294,1705372,1737686,256285,297605,37317,39421,126380,145857,7848,8408,1801467,1888595,1412020,1438968,235751,273382,14349,15488,113783,132202,3463,3653,22101,24902,1430232,1459258,241134,280336,25259,27887,122415,141548,6359,6833,301286,305877,270150,272883,12752,14448,8983,8366,2682,2816,963,972,5756,6392,275140,278428,15151,17269,12058,11534,3965,4309,1489,1575
R,3,2024,61,4287956,2090428,2197528,1676253,1721706,244547,285305,22905,23684,115146,131331,4301,4560,27276,30942,1699095,1747188,251988,295033,36470,39401,124933,141832,7603,8199,1802227,1901660,1417358,1457400,232679,271741,14264,15530,112546,128613,3407,3646,21973,24730,1435555,1477502,237838,278680,25102,28082,121144,137724,6254,6712,288201,295868,258895,264306,11868,13564,8641,8154,2600,2718,894,914,5303,6212,263540,269686,14150,16353,11368,11319,3789,4108,1349,1487
R,3,2024,62,4292708,2089605,2203103,1693381,1742461,238334,281296,22429,23634,104195,121025,4248,4308,27018,30379,1715955,1767409,245591,290853,36198,39394,113789,131206,7545,7855,1815942,1922651,1447582,1492029,227037,268565,14292,15783,101848,118394,3431,3436,21752,24444,1465580,1511877,232070,275434,25288,28553,110244,127214,6231,6411,273663,280452,245799,250432,11297,12731,8137,7851,2347,2631,817,872,5266,5935,250375,255532,13521,15419,10910,10841,3545,3992,1314,1444
R,3,2024,63,4258064,2064976,2193088,1671826,1733027,236582,279465,21716,23237,104328,123658,4095,4302,26429,29399,1693953,1757157,243518,288372,35352,38669,113648,133567,7261,7794,1803057,1920344,1436715,1488946,225668,267125,13899,15803,101988,121055,3318,3489,21469,23926,1454465,1508346,230581,273668,24876,28390,110238,129683,6006,6467,261919,272744,235111,244081,10914,12340,7817,7434,2340,2603,777,813,4960,5473,239488,248811,12937,14704,10476,10279,3410,3884,1255,1327
R,3,2024,64,4154969,2010890,2144079,1629554,1694548,229599,273906,20824,22509,101236,120619,4060,4003,25617,28494,1651007,1717902,236308,282734,34067,37650,110364,129946,7117,7340,1763298,1886232,1407303,1464401,219207,261946,13604,15356,99050,118175,3279,3243,20855,23111,1424633,1483094,223934,268418,24303,27718,107093,126260,5865,6066,247592,257847,222251,230147,10392,11960,7220,7153,2186,2444,781,760,4762,5383,226374,234808,12374,14316,9764,9932,3271,3686,1252,1274
R,3,2024,65,4079583,1963558,2116025,1599022,1681010,219243,264197,19276,21340,98184,118720,3695,3820,24138,26938,1619196,1703179,225517,272241,32050,36002,106530,127474,6472,6857,1737392,1873994,1396058,1464527,209520,252982,12850,14745,96195,116500,3018,3154,19751,22086,1412419,1482523,213938,258867,23309,26889,103566,124159,5384,5769,226166,242031,202964,216483,9723,11215,6426,6595,1989,2220,677,666,4387,4852,206777,220656,11579,13374,8741,9113,2964,3315,1088,1088
R,3,2024,66,4040353,1938223,2102130,1584901,1678866,210863,256560,19064,20743,96162,115975,3548,3733,23685,26253,1604603,1700357,217006,264506,31730,35219,104362,124304,6300,6713,1721707,1867963,1390560,1468995,201764,245888,12670,14574,94259,113955,2925,3050,19529,21501,1406652,1486386,206184,251740,23123,26545,101561,121215,5274,5608,216516,234167,194341,209871,9099,10672,6394,6169,1903,2020,623,683,4156,4752,197951,213971,10822,12766,8607,8674,2801,3089,1026,1105
R,3,2024,67,3889199,1855208,2033991,1520178,1623580,198747,248920,18012,19711,92755,113139,3342,3463,22174,25178,1538699,1644331,204504,256399,30082,33952,100215,120854,5872,6324,1653728,1812761,1339545,1425515,190104,238647,11974,13933,91011,111069,2737,2895,18357,20702,1354733,1442377,194239,244117,21979,25825,97671,117804,4932,5339,201480,221230,180633,198065,8643,10273,6038,5778,1744,2070,605,568,3817,4476,183966,201954,10265,12282,8103,8127,2544,3050,940,985
R,3,2024,68,3751006,1777393,1973613,1459453,1578182,186704,237100,17103,19088,90038,111829,3065,3477,21030,23937,1477004,1597730,192109,244252,28520,32560,97106,119346,5492,6150,1586762,1760668,1288460,1387362,178460,227405,11437,13551,88382,109825,2553,2882,17470,19643,1302906,1403221,182329,232631,20937,24786,94703,116366,4669,5162,190631,212945,170993,190820,8244,9695,5666,5537,1656,2004,512,595,3560,4294,174098,194509,9780,11621,7583,7774,2403,2980,823,988
R,3,2024,69,3640494,1716839,1923655,1415477,1544576,175595,226249,15921,17739,87077,109146,2960,3278,19809,22667,1431940,1563091,180628,233032,26930,30529,93672,116103,5237,5872,1539673,1722334,1255743,1363138,168166,217504,11028,12873,85541,107350,2489,2735,16706,18734,1269511,1378218,171860,222536,20368,23621,91473,113467,4471,4984,177166,201321,159734,181438,7429,8745,4893,4866,1536,1796,471,543,3103,3933,162429,184873,8768,10496,6562,6908,2199,2636,766,888
R,3,2024,70,3466405,1624633,1841772,1349790,1489513,158753,210573,14643,16514,80566,101090,2624,2964,18257,21118,1365051,1506780,163264,216749,25041,28664,86442,107522,4664,5366,1464464,1656316,1205408,1322441,151927,202456,10228,11981,79265,99469,2201,2467,15435,17502,1218229,1336569,155230,206999,19120,22209,84526,105152,3999,4568,160169,185456,144382,167072,6826,8117,4415,4533,1301,1621,423,497,2822,3616,146822,170211,8034,9750,5921,6455,1916,2370,665,798
R,3,2024,71,3338476,1556186,1782290,1297823,1446046,147187,198687,13451,15603,78354,99391,2589,2845,16782,19718,1311780,1462188,151314,204355,22922,27015,83879,105396,4552,5127,1409059,1608244,1165121,1288877,140896,191083,9472,11456,77097,97866,2229,2376,14244,16586,1176867,1302303,143928,195387,17605,21224,82056,103150,3954,4364,147127,174046,132702,157169,6291,7604,3979,4147,1257,1525,360,469,2538,3132,134913,159885,7386,8968,5317,5791,1823,2246,598,763
R,3,2024,72,3187778,1479461,1708317,1242473,1392958,136735,189013,12520,14553,69831,90809,2240,2601,15662,18383,1255498,1408119,140555,194297,21655,25474,74748,96080,4078,4672,1342322,1546370,1118220,1246846,131163,181758,8973,10762,68694,89437,1921,2175,13351,15392,1129246,1259361,134021,185731,16796,20116,73140,94070,3542,3981,137139,161947,124253,146112,5572,7255,3547,3791,1137,1372,319,426,2311,2991,126252,148758,6534,8566,4859,5358,1608,2010,536,691
R,3,2024,73,2962453,1362653,1599800,1136379,1295102,128950,180375,11877,13789,68460,90902,2165,2377,14822,17255,1148736,1309143,132584,185456,20488,23945,73126,96031,3891,4385,1234476,1444755,1020453,1155090,123562,173587,8574,10075,67363,89518,1855,2020,12669,14465,1030930,1166716,126260,177424,16038,18762,71564,94009,3399,3751,128177,155045,115926,140012,5388,6788,3303,3714,1097,1384,310,357,2153,2790,117806,142427,6324,8032,4450,5183,1562,2022,492,634
R,3,2024,74,2851822,1307969,1543853,1093413,1253782,119924,169938,11349,12878,67301,88480,2167,2416,13815,16359,1104902,1267088,123300,174752,19566,22552,71504,93201,3799,4318,1189323,1398834,985957,1122568,115071,163582,8271,9614,66343,87229,1839,2054,11842,13787,995754,1133658,117652,167233,15376,17969,70097,91369,3286,3727,118646,145019,107456,131214,4853,6356,3078,3264,958,1251,328,362,1973,2572,109148,133430,5648,7519,4190,4583,1407,1832,513,591
R,3,2024,75,2753851,1258674,1495177,1060545,1226163,109827,158056,10532,12075,62856,81186,2007,2269,12907,15428,1071273,1238867,112948,162482,18224,21322,66799,85563,3507,3985,1150484,1360185,962452,1103760,105475,152322,7766,9083,61972,80005,1720,1951,11099,13064,971612,1114412,107847,155680,14475,17145,65503,83843,3049,3452,108190,134992,98093,122403,4352,5734,2766,2992,884,1181,287,318,1808,2364,99661,124455,5101,6802,3749,4177,1296,1720,458,533
R,3,2024,76,2739136,1250906,1488230,1067679,1238785,100940,146231,9891,11307,58064,74810,1822,2053,12510,15044,1078163,1251264,103957,150459,17501,20438,61686,79001,3259,3727,1148521,1360111,974714,1122376,96898,140857,7308,8600,57223,73736,1575,1763,10803,12779,983703,1132861,99204,144108,13994,16538,60458,77441,2870,3249,102385,128119,92965,116409,4042,5374,2583,2707,841,1074,247,290,1707,2265,94460,118403,4753,6351,3507,3900,1228,1560,389,478
R,3,2024,77,2595850,1189020,1406830,1022102,1179872,90647,131243,9281,10582,53780,69392,1643,1833,11567,13908,1031908,1191473,93309,135031,16381,19046,57046,73225,2983,3397,1094733,1287495,936214,1071372,87010,126217,6955,8113,53104,68371,1418,1575,10032,11847,944685,1081153,89051,129121,13242,15483,56014,71773,2603,2971,94287,119335,85888,108500,3637,5026,2326,2469,676,1021,225,258,1535,2061,87223,110320,4258,5910,3139,3563,1032,1452,380,426
R,3,2024,78,1886817,841332,1045485,711212,862271,69421,106146,6948,8290,43539,56309,1421,1625,8791,10844,718522,871225,71522,109138,12147,14631,46217,59496,2532,2925,764301,942748,641058,768790,66390,101820,5109,6184,42946,55469,1237,1409,7561,9076,647306,776207,67982,104046,9644,11601,45348,58250,2216,2567,77031,102737,70154,93481,3031,4326,1839,2106,593,840,184,216,1230,1768,71216,95018,3540,5092,2503,3030,869,1246,316,358
R,3,2024,79,1829569,811762,1017807,689224,842570,65296,101296,6532,7951,41046,53877,1233,1490,8431,10623,696321,851374,67274,104275,11535,14228,43519,56933,2326,2769,741188,923020,624840,756204,62575,97459,4917,5984,40487,53073,1071,1283,7298,9017,630935,763614,64078,99715,9337,11437,42704,55768,2060,2423,70574,94787,64384,86366,2721,3837,1615,1967,559,804,162,207,1133,1606,65386,87760,3196,4560,2198,2791,815,1165,266,346
R,3,2024,80,1776021,780462,995559,669343,835042,59465,94126,5943,7413,37003,47787,1112,1239,7596,9952,675774,843323,61115,96846,10586,13377,39180,50536,2080,2443,717249,907581,611588,754661,56976,90655,4527,5652,36533,47080,979,1085,6646,8448,617202,761637,58252,92719,8670,10846,38482,49494,1845,2160,63213,87978,57755,80381,2489,3471,1416,1761,470,707,133,154,950,1504,58572,81686,2863,4127,1916,2531,698,1042,235,283
R,3,2024,81,1685244,733594,951650,631101,800998,54302,88508,5415,6815,34742,45037,945,1197,7089,9095,637084,808577,55967,90975,9784,12403,36691,47497,1778,2213,676604,869345,578975,725932,52051,85087,4224,5139,34323,44406,834,1019,6197,7762,584200,732366,53328,86945,8143,10053,36063,46570,1570,1922,56990,82305,52126,75066,2251,3421,1191,1676,419,631,111,178,892,1333,52884,76211,2639,4030,1641,2350,628,927,208,291
R,3,2024,82,1410631,604660,805971,516900,673783,45611,76726,4723,5841,30480,40637,833,1031,6113,7953,522018,680411,47026,78878,8400,10633,32281,42847,1565,1927,555103,734830,471555,608536,43709,74009,3671,4471,30108,40086,729,871,5331,6857,475999,614213,44796,75677,6948,8697,31719,42039,1384,1674,49557,71141,45345,65247,1902,2717,1052,1370,372,551,104,160,782,1096,46019,66198,2230,3201,1452,1936,562,808,181,253
R,3,2024,83,1240449,523583,716866,444883,596775,40110,69413,4173,5359,28276,37372,754,928,5387,7019,449401,602583,41303,71314,7422,9539,29910,39400,1422,1759,478343,650512,403405,535979,38379,66744,3233,4138,27944,36855,669,784,4713,6012,407350,540919,39293,68205,6126,7798,29407,38646,1265,1521,45240,66354,41478,60796,1731,2669,940,1221,332,517,85,144,674,1007,42051,61664,2010,3109,1296,1741,503,754,157,238
R,3,2024,84,1096911,454709,642202,384911,532656,35350,63189,3629,4862,25308,33996,672,899,4839,6600,389001,538138,36436,65012,6448,8755,26801,35866,1267,1700,414436,581607,348066,477257,33760,60733,2810,3711,24990,33522,581,744,4229,5640,351625,481920,34589,62109,5318,7119,26342,35174,1118,1446,40273,60595,36845,55399,1590,2456,819,1151,318,474,91,155,610,960,37376,56218,1847,2903,1130,1636,459,692,149,254
R,3,2024,85,1003674,410722,592952,349854,496124,30595,55934,3194,4366,22350,30036,549,778,4180,5714,353395,500902,31562,57446,5712,7766,23585,31673,1026,1456,375142,537868,317218,445666,29221,53692,2501,3357,22090,29630,471,646,3641,4877,320284,449725,29955,54834,4734,6337,23202,31063,905,1232,35580,55084,32636,50458,1374,2242,693,1009,260,406,78,132,539,837,33111,51177,1607,2612,978,1429,383,610,121,224
R,3,2024,86,884302,355956,528346,302162,440632,26723,50275,2814,3887,19968,27739,514,731,3775,5082,305361,444866,27621,51679,5041,6810,21110,29209,949,1342,324672,479168,273450,395604,25564,48270,2192,3019,19742,27369,439,594,3285,4312,276223,399165,26244,49337,4174,5566,20765,28660,820,1130,31284,49178,28712,45028,1159,2005,622,868,226,370,75,137,490,770,29138,45701,1377,2342,867,1244,345,549,129,212
R,3,2024,87,762932,301289,461643,255648,385301,22234,43505,2366,3364,17407,24346,449,577,3185,4550,258363,389092,22940,44748,4204,6002,18414,25673,821,1113,274183,418225,230700,345349,21180,41849,1877,2595,17219,24010,398,495,2809,3927,233086,348601,21722,42809,3533,4921,18135,25198,734,970,27106,43418,24948,39952,1054,1656,489,769,188,336,51,82,376,623,25277,40491,1218,1939,671,1081,279,475,87,143
R,3,2024,88,676271,262204,414067,222139,344723,19725,39673,2063,3076,15118,21931,388,523,2771,4141,224452,348156,20364,40802,3655,5477,15998,23135,749,998,238538,375367,200339,309222,18823,38173,1631,2354,14959,21635,344,440,2442,3543,202374,312142,19314,39049,3060,4443,15758,22693,666,861,23666,38700,21800,35501,902,1500,432,722,159,296,44,83,329,598,22078,36014,1050,1753,595,1034,240,442,83,137
R,3,2024,89,586091,222670,363421,188890,303666,16354,34125,1731,2637,12962,18973,332,441,2401,3579,190941,306633,16887,35105,3096,4689,13715,20065,643,867,202794,329886,170514,272841,15649,32844,1369,1991,12820,18715,296,378,2146,3117,172346,275413,16082,33616,2610,3807,13494,19694,580,754,19876,33535,18376,30825,705,1281,362,646,142,258,36,63,255,462,18595,31220,805,1489,486,882,221,371,63,113
R,3,2024,90,481545,178875,302670,151527,252036,12963,28379,1395,2106,10695,16727,292,389,2003,3033,153230,254566,13418,29193,2505,3835,11366,17639,538,769,162843,274834,136719,226386,12399,27322,1102,1631,10583,16512,255,343,1785,2640,138238,228578,12763,27963,2110,3172,11194,17331,475,677,16032,27836,14808,25650,564,1057,293,475,112,215,37,46,218,393,14992,25988,655,1230,395,663,172,308,63,92
R,3,2024,91,422882,153045,269837,129601,224787,11102,25164,1192,1899,9246,15025,233,325,1671,2637,131001,226973,11492,25902,2109,3403,9809,15790,453,673,139824,245902,117368,202703,10626,24243,955,1504,9151,14851,209,284,1515,2317,118631,204611,10952,24847,1790,2859,9675,15528,412,596,13221,23935,12233,22084,476,921,237,395,95,174,24,41,156,320,12370,22362,540,1055,319,544,134,262,41,77
R,3,2024,92,355319,125357,229962,107413,193894,8145,19622,921,1525,7359,12389,181,265,1338,2267,108559,195785,8462,20230,1661,2831,7797,13044,351,546,114401,209997,97201,175384,7819,18912,737,1206,7288,12269,159,238,1197,1988,98226,177033,8080,19401,1405,2366,7686,12865,307,490,10956,19965,10212,18510,326,710,184,319,71,120,22,27,141,279,10333,18752,382,829,256,465,111,179,44,56
R,3,2024,93,301197,102979,198218,87730,166424,6721,16798,770,1344,6400,11427,167,245,1191,1980,88731,168083,6989,17348,1426,2454,6809,12021,325,491,93926,180875,79325,150370,6425,16193,611,1050,6351,11310,151,211,1063,1741,80220,151822,6644,16630,1200,2046,6721,11841,292,436,9053,17343,8405,16054,296,605,159,294,49,117,16,34,128,239,8511,16261,345,718,226,408,88,180,33,55
R,3,2024,94,237341,78317,159024,66419,133064,5205,13797,643,1059,5019,9307,129,201,902,1596,67183,134379,5425,14255,1155,1960,5301,9771,247,403,71366,145380,59970,120442,4976,13319,522,848,4980,9196,115,179,803,1396,60653,121590,5153,13683,985,1654,5231,9609,219,354,6951,13644,6449,12622,229,478,121,211,39,111,14,22,99,200,6530,12789,272,572,170,306,70,162,28,49
R,3,2024,95,188004,59512,128492,50516,107648,3817,10873,469,835,3884,7584,88,171,738,1381,51128,108792,3994,11275,881,1616,4123,7988,191,349,54469,117902,45825,97895,3656,10485,385,661,3855,7491,81,153,667,1217,46377,98894,3805,10811,763,1365,4076,7857,174,314,5043,10590,4691,9753,161,388,84,174,29,93,7,18,71,164,4751,9898,189,464,118,251,47,131,17,35
R,3,2024,96,146519,44645,101874,37661,85221,2859,8598,351,691,3132,6140,65,125,577,1099,38149,86137,2986,8889,664,1331,3327,6445,147,278,41022,93972,34288,77927,2754,8317,289,563,3111,6074,59,110,521,981,34729,78738,2859,8557,576,1143,3289,6349,132,248,3623,7902,3373,7294,105,281,62,128,21,66,6,15,56,118,3420,7399,127,332,88,188,38,96,15,30
R,3,2024,97,107983,31636,76347,26463,63608,2075,6392,261,538,2350,4865,49,98,438,846,26826,64312,2188,6641,510,1017,2489,5098,106,204,29068,70528,24085,58240,1992,6170,225,444,2333,4825,44,88,389,761,24408,58873,2082,6380,450,883,2456,5035,92,183,2568,5819,2378,5368,83,222,36,94,17,40,5,10,49,85,2418,5439,106,261,60,134,33,63,14,21
R,3,2024,98,78487,21931,56556,18164,46781,1444,4813,186,386,1786,3837,27,72,324,667,18433,47329,1532,5008,358,765,1890,4027,75,159,20215,52457,16577,42993,1394,4661,156,324,1776,3807,23,65,289,607,16816,43494,1463,4830,311,676,1871,3978,65,140,1716,4099,1587,3788,50,152,30,62,10,30,4,7,35,60,1617,3835,69,178,47,89,19,49,10,19
R,3,2024,99,55664,14912,40752,12204,33590,983,3375,129,307,1345,2907,27,66,224,507,12390,34005,1042,3533,255,597,1422,3048,57,132,13795,37948,11171,30994,950,3276,112,264,1337,2891,25,61,200,462,11336,31374,998,3414,227,534,1407,3015,52,120,1117,2804,1033,2596,33,99,17,43,8,16,2,5,24,45,1054,2631,44,119,28,63,15,33,5,12
R,3,2024,100,97376,23830,73546,18554,58632,1626,6429,248,593,2883,6685,43,129,476,1078,18942,59494,1766,6789,502,1196,3050,6981,114,287,22171,69089,17031,54519,1570,6265,223,531,2866,6654,40,120,441,1000,17396,55319,1695,6588,459,1097,3022,6926,102,263,1659,4457,1523,4113,56,164,25,62,17,31,3,9,35,78,1546,4175,71,201,43,99,28,55,12,24
R,4,2024,999,339268209,167922101,171346108,126560102,127385403,22344865,24117126,2381981,2321174,10869643,11722096,473024,459806,5292486,5340503,131299644,132143894,24801168,26639869,3845303,3838673,12855061,13689035,922156,910148,133709923,137950816,96950930,98516338,20552587,22289167,1202734,1237380,10500475,11354357,338216,332053,4164981,4221521,100680146,102275247,22463139,24261695,2210177,2305087,12180041,13017151,687455,683842,34212178,33395292,29609172,28869065,1792278,1827959,1179247,1083794,369168,367739,134808,127753,1127505,1118982,30619498,29868647,2338029,2378174,1635126,1533586,675020,671884,234701,226306
R,4,2024,0,3613062,1845289,1767773,1268788,1213154,297392,288011,36156,35082,110050,103600,7943,7550,124960,120376,1383702,1323824,366486,354696,59495,57704,156268,147933,16522,15739,1315846,1256688,842162,801748,256693,248634,11989,11488,101706,95784,4356,3997,98940,95037,933672,889616,312188,302062,26640,25629,139846,132299,10560,9907,529443,511085,426626,411406,40699,39377,24167,23594,8344,7816,3587,3553,26020,25339,450030,434208,54298,52634,32855,32075,16422,15634,5962,5832
R,4,2024,1,3709621,1894547,1815074,1297158,1239997,305062,295742,37916,36769,117884,111201,8266,7916,128261,123449,1415092,1353454,375798,363920,61889,59975,165491,156868,17056,16312,1347835,1287412,857522,816212,263025,255072,12165,11662,109226,103003,4573,4214,101324,97249,951211,906086,319647,309510,27114,26057,148548,140663,10924,10272,546712,527662,439636,423785,42037,40670,25751,25107,8658,8198,3693,3702,26937,26200,463881,447368,56151,54410,34775,33918,16943,16205,6132,6040
R,4,2024,2,3778564,1930287,1848277,1319857,1260088,311898,303300,37308,35814,122062,115622,8051,7708,131111,125745,1440393,1375652,384122,372612,61814,59410,170806,162296,17030,16240,1388598,1324901,884286,839082,270195,263028,12525,11882,113578,107429,4545,4283,103469,99197,979931,930738,327903,318400,27747,26524,153889,146036,11042,10463,541689,523376,435571,421006,41703,40272,24783,23932,8484,8193,3506,3425,27642,26548,460462,444914,56219,54212,34067,32886,16917,16260,5988,5777
R,4,2024,3,3665719,1873572,1792147,1275028,1215280,309174,300415,35881,34585,121159,114663,7117,6704,125213,120500,1390138,1326025,378153,366853,59291,57154,167717,159407,15682,14875,1359477,1297014,859917,815230,270648,263388,12454,12058,113341,107029,4352,3975,98765,95334,951201,903303,325694,316589,26981,26134,151871,144158,10555,9922,514095,495133,415111,400050,38526,37027,23427,22527,7818,7634,2765,2729,26448,25166,438937,422722,52459,50264,32310,31020,15846,15249,5127,4953
R,4,2024,4,3843070,1963119,1879951,1354983,1293879,308614,300001,38393,36765,126669,120552,7466,7026,126994,121728,1471730,1405776,378700,367255,61963,59522,173894,165648,16151,15255,1440095,1377001,930680,885280,271441,264576,14067,13618,118475,112694,4666,4340,100766,96493,1023779,974414,327641,318498,28877,27862,157786,150223,11055,10395,523024,502950,424303,408599,37173,35425,24326,23147,8194,7858,2800,2686,26228,25235,447951,431362,51059,48757,33086,31660,16108,15425,5096,4860
R,4,2024,5,3881738,1982283,1899455,1371067,1309051,309543,302495,38489,36738,128305,122037,7625,7068,127254,122066,1488034,1421223,379547,369804,62215,59691,175745,167254,16337,15352,1454290,1390473,942061,894872,272211,266614,14249,13851,120060,114152,4760,4397,100949,96587,1035296,984060,328276,320461,29162,28204,159600,151753,11192,10487,527993,508982,429006,414179,37332,35881,24240,22887,8245,7885,2865,2671,26305,25479,452738,437163,51271,49343,33053,31487,16145,15501,5145,4865
R,4,2024,6,3973550,2031482,1942068,1403668,1337566,317272,309658,39256,37018,134070,126757,7760,7216,129456,123853,1522604,1451343,388094,377855,63524,60388,182541,172664,16670,15640,1492990,1424075,963458,913924,281088,274502,14640,14005,125930,118969,4924,4549,102950,98126,1058476,1004479,338018,329158,29929,28673,166435,157185,11514,10747,538492,517993,440210,423642,36184,35156,24616,23013,8140,7788,2836,2667,26506,25727,464128,446864,50076,48697,33595,31715,16106,15479,5156,4893
R,4,2024,7,4061849,2077530,1984319,1443428,1373286,317421,310410,38163,36977,139952,131496,7875,7402,130691,124748,1563409,1487935,388059,378490,62906,60771,189543,178010,17055,16010,1530090,1456700,992248,938973,281334,275271,15564,14950,131876,123810,5081,4730,103987,98966,1088118,1030337,337989,329844,31286,29956,173425,162631,11932,11083,547440,527619,451180,434313,36087,35139,22599,22027,8076,7686,2794,2672,26704,25782,475291,457598,50070,48646,31620,30815,16118,15379,5123,4927
R,4,2024,8,4140806,2115882,2024924,1484431,1413848,319847,313508,37453,36122,135363,128263,7649,7378,131139,125805,1604960,1529493,390532,382009,62634,60286,184835,175108,16837,16055,1558432,1488230,1021520,968868,284471,278757,16037,15313,127299,120653,4841,4721,104264,99918,1117781,1061138,341189,333742,32079,30655,168654,159737,11646,11145,557450,536694,462911,444980,35376,34751,21416,20809,8064,7610,2808,2657,26875,25887,487179,468355,49343,48267,30555,29631,16181,15371,5191,4910
R,4,2024,9,4166572,2127949,2038623,1489433,1421398,324494,317179,37226,36394,138296,130998,7494,7409,131006,125245,1609819,1536471,395061,385117,62405,60549,187736,177787,16715,16132,1574458,1503142,1029636,977347,288474,281936,16360,15761,130665,123558,4865,4786,104458,99754,1126042,1069405,345129,336591,32527,31203,172168,162718,11766,11305,553491,535481,459797,444051,36020,35243,20866,20633,7631,7440,2629,2623,26548,25491,483777,467066,49932,48526,29878,29346,15568,15069,4949,4827
R,4,2024,10,4133839,2117628,2016211,1486654,1409872,325130,315041,37472,36214,132549,125423,7101,6866,128722,122795,1604942,1522671,394273,382026,62474,60030,181041,170885,16253,15427,1567321,1489479,1029258,972538,288972,280156,16712,15952,125167,118526,4621,4472,102591,97835,1123968,1062811,344501,334130,32850,31269,165779,156491,11401,10803,550307,526732,457396,437334,36158,34885,20760,20262,7382,6897,2480,2394,26131,24960,480974,459860,49772,47896,29624,28761,15262,14394,4852,4624
R,4,2024,11,4135140,2111953,2023187,1481177,1415383,322186,313427,37279,36084,136935,129659,7273,7035,127103,121599,1597836,1526974,389843,378982,62035,59896,185428,175280,16523,15727,1564480,1494585,1024782,974880,287141,279575,16718,16030,129663,122693,4790,4562,101386,96845,1118230,1064154,341453,332255,32720,31392,170388,160848,11669,10980,547473,528602,456395,440503,35045,33852,20561,20054,7272,6966,2483,2473,25717,24754,479606,462820,48390,46727,29315,28504,15040,14432,4854,4747
R,4,2024,12,4151920,2127163,2024757,1500866,1425603,324623,313235,38687,36583,130007,122836,6981,6739,125999,119761,1616539,1535531,392109,377740,63636,60383,177380,167489,16041,15323,1570642,1491416,1036154,979643,289888,279975,17036,16185,122888,116155,4545,4338,100131,95120,1128487,1067358,343950,331694,33128,31504,162471,153412,11240,10652,556521,533341,464712,445960,34735,33260,21651,20398,7119,6681,2436,2401,25868,24641,488052,468173,48159,46046,30508,28879,14909,14077,4801,4671
R,4,2024,13,4191003,2148985,2042018,1525581,1445962,326782,314646,36315,35069,127131,120113,6920,6537,126256,119691,1641597,1555810,394247,379040,61545,59326,174416,164433,16032,15060,1581325,1497324,1044990,985421,294321,282875,17117,16437,120318,113757,4605,4282,99974,94552,1137235,1072543,348213,334220,33326,31993,159757,150674,11317,10559,567660,544694,480591,460541,32461,31771,19198,18632,6813,6356,2315,2255,26282,25139,504362,483267,46034,44820,28219,27333,14659,13759,4715,4501
R,4,2024,14,4288503,2195946,2092557,1568992,1487118,332542,321675,36290,34879,125389,120204,6754,6565,125979,122116,1685052,1599329,400186,387787,61598,59729,171775,164752,15580,15094,1610052,1531557,1070147,1010022,299750,290000,17622,17106,118753,113932,4597,4344,99183,96153,1161916,1098722,353625,342489,33659,32951,157230,151074,11087,10598,585894,561000,498845,477096,32792,31675,18668,17773,6636,6272,2157,2221,26796,25963,523136,500607,46561,45298,27939,26778,14545,13678,4493,4496
R,4,2024,15,4398863,2252424,2146439,1613906,1530975,343217,332478,37099,35445,126684,121033,6919,6780,124599,119728,1728357,1641139,410299,397392,62464,59299,172093,164423,15651,15181,1655232,1576959,1104034,1045451,310070,300347,18039,17429,119988,114777,4732,4582,98369,94373,1194704,1132652,363703,352327,34173,32416,157903,150914,11211,10726,597192,569480,509872,485524,33147,32131,19060,18016,6696,6256,2187,2198,26230,25355,533653,508487,46596,45065,28291,26883,14190,13509,4440,4455
R,4,2024,16,4535772,2324539,2211233,1669464,1580137,352402,341604,38844,37080,131947,125477,7042,6868,124840,120067,1784047,1690298,419203,407062,64362,61652,177543,168476,16028,15254,1705193,1623644,1139631,1077897,318363,309212,18599,18195,125371,119237,4790,4554,98439,94549,1230328,1164925,371849,361584,34751,33694,163348,154985,11409,10717,619346,587589,529833,502240,34039,32392,20245,18885,6576,6240,2252,2314,26401,25518,553719,525373,47354,45478,29611,27958,14195,13491,4619,4537
R,4,2024,17,4528837,2320487,2208350,1672018,1585742,350095,337897,39936,37239,130820,124860,6951,6847,120667,115765,1782836,1691885,414231,400152,64949,61366,175106,166547,15672,15095,1702990,1622098,1144213,1084014,316302,305654,18723,18023,124127,118638,4771,4593,94854,91176,1231657,1167896,367394,355625,34514,33257,160963,153350,11168,10638,617497,586252,527805,501728,33793,32243,21213,19216,6693,6222,2180,2254,25813,24589,551179,523989,46837,44527,30435,28109,14143,13197,4504,4457
R,4,2024,18,4451277,2278718,2172559,1648999,1562759,336353,328268,39074,36386,133033,129011,6931,6853,114328,109282,1753796,1662873,396484,386270,63466,59348,175007,169115,15117,14573,1678548,1604573,1135020,1074693,304281,297664,18072,17762,126700,123164,4707,4730,89768,86560,1217537,1154192,352242,344387,33360,32325,161774,156784,10757,10457,600170,567986,513979,488066,32072,30604,21002,18624,6333,5847,2224,2123,24560,22722,536259,508681,44242,41883,30106,27023,13233,12331,4360,4116
R,4,2024,19,4432103,2269200,2162903,1643348,1556071,330802,321611,39041,35617,139490,137344,7152,6808,109367,105452,1743407,1652360,387079,376419,62842,58359,180544,176432,15043,14466,1680738,1608371,1138098,1078677,299933,292093,18089,17342,133319,131534,4978,4885,86321,83840,1217354,1155433,344874,336290,33200,32003,167878,164525,10839,10655,588462,554532,505250,477394,30869,29518,20952,18275,6171,5810,2174,1923,23046,21612,526053,496927,42205,40129,29642,26356,12666,11907,4204,3811
R,4,2024,20,4474487,2287993,2186494,1665193,1578941,329166,322843,38263,35276,142054,140071,6961,6655,106356,102708,1762570,1672958,383394,375722,61927,57949,181843,178240,14705,14058,1707957,1636968,1166303,1104743,298887,294227,17819,17343,136045,134379,4877,4785,84026,81491,1243457,1179556,342292,336678,32957,32088,169510,166581,10662,10284,580036,549526,498890,474198,30279,28616,20444,17933,6009,5692,2084,1870,22330,21217,519113,493402,41102,39044,28970,25861,12333,11659,4043,3774
R,4,2024,21,4418220,2258778,2159442,1644461,1558082,326071,321644,37797,34786,142960,140794,6896,6551,100593,97585,1736150,1647047,377103,371605,60679,56982,180517,176986,14490,13771,1689065,1618500,1153536,1090315,296056,293768,17623,17207,137202,135279,4928,4741,79720,77190,1226407,1160919,337019,333778,32374,31601,168878,165644,10616,10198,569713,540942,490925,467767,30015,27876,20174,17579,5758,5515,1968,1810,20873,20395,509743,486128,40084,37827,28305,25381,11639,11342,3874,3573
R,4,2024,22,4442444,2267864,2174580,1647094,1567263,331625,326903,37188,34595,146939,143511,6588,6461,98430,95847,1736866,1654441,381327,375986,60438,57404,183236,178460,13866,13585,1705848,1640496,1162273,1105433,302085,299261,17810,17217,141324,138087,4697,4609,77659,75889,1233251,1174672,341861,338600,32736,32140,171895,167533,10261,10019,562016,534084,484821,461830,29540,27642,19378,17378,5615,5424,1891,1852,20771,19958,503615,479769,39466,37386,27702,25264,11341,10927,3605,3566
R,4,2024,23,4523080,2308590,2214490,1668929,1589176,339000,334490,37077,35338,159717,155179,6571,6463,97296,93844,1757376,1674357,387740,382003,60430,57821,196001,189673,13938,13574,1747602,1680628,1184124,1127221,309765,306716,18071,17588,153993,149904,4813,4564,76836,74635,1254030,1195126,348631,344908,33310,32574,184676,179077,10374,9968,560988,533862,484805,461955,29235,27774,19006,17750,5724,5275,1758,1899,20460,19209,503346,479231,39109,37095,27120,25247,11325,10596,3564,3606
R,4,2024,24,4484043,2286535,2197508,1652095,1575482,339289,334671,37291,35309,157038,153818,6612,6289,94210,91939,1737758,1658684,386631,381579,60784,57907,191138,187016,13657,13278,1736567,1672733,1176565,1121440,310815,307479,18324,17755,151488,148547,4833,4434,74542,73078,1244469,1187672,348712,345299,33774,32815,180340,176537,10203,9744,549968,524775,475530,454042,28474,27192,18967,17554,5550,5271,1779,1855,19668,18861,493289,471012,37919,36280,27010,25092,10798,10479,3454,3534
R,4,2024,25,4455393,2266833,2188560,1641967,1570356,334038,331615,36436,34939,155711,156001,6615,6187,92066,89462,1725363,1651334,379697,376797,59606,57672,189220,188159,13936,13042,1728644,1671709,1176661,1122925,306162,304891,18070,17657,150142,150645,4837,4387,72772,71204,1242690,1187467,342657,341262,33419,33061,178437,177755,10468,9671,538189,516851,465306,447431,27876,26724,18366,17282,5569,5356,1778,1800,19294,18258,482673,463867,37040,35535,26187,24611,10783,10404,3468,3371
R,4,2024,26,4431592,2250030,2181562,1625578,1558518,334188,332124,35579,34424,159400,163285,6528,6325,88757,86886,1705864,1637029,377906,375380,58401,56827,191669,194694,13409,12899,1720621,1673702,1166315,1118061,307684,306337,17536,17597,154002,157993,4808,4570,70276,69144,1229937,1180597,342666,341086,32773,32823,181309,184640,10100,9632,529409,507860,459263,440457,26504,25787,18043,16827,5398,5292,1720,1755,18481,17742,475927,456432,35240,34294,25628,24004,10360,10054,3309,3267
R,4,2024,27,4451026,2254675,2196351,1632195,1567827,331157,331823,35445,33962,163041,171362,6522,6111,86315,85266,1710246,1644679,372814,373744,58450,56657,194629,202097,13315,12859,1727535,1691421,1175091,1129480,304508,306729,17642,17441,157734,166030,4735,4455,67825,67286,1236527,1190122,337393,340099,32856,32658,184516,192042,9949,9663,527140,504930,457104,438347,26649,25094,17803,16521,5307,5332,1787,1656,18490,17980,473719,454557,35421,33645,25594,23999,10113,10055,3366,3196
R,4,2024,28,4500441,2281049,2219392,1649480,1582606,337201,336995,35396,33316,167512,177578,6590,6527,84870,82370,1726000,1656724,377443,376880,58647,55919,198717,207471,13361,13248,1753717,1713883,1191623,1142981,310505,311656,17817,17176,162239,172220,4779,4739,66754,65111,1251809,1201622,342352,343304,33352,32491,188706,197529,10040,10010,527332,505509,457857,439625,26696,25339,17579,16140,5273,5358,1811,1788,18116,17259,474191,455102,35091,33576,25295,23428,10011,9942,3321,3238
R,4,2024,29,4564194,2310430,2253764,1662766,1598390,351205,352344,35786,34109,170839,181113,6755,6677,83079,81131,1737162,1670851,389974,391331,59432,56961,201392,210666,13852,13401,1783215,1748406,1204852,1159106,324372,326603,18235,17626,165525,175844,4936,4931,65295,64296,1263229,1216534,354885,357623,34267,33359,191516,200902,10451,10199,527215,505358,457914,439284,26833,25741,17551,16483,5314,5269,1819,1746,17784,16835,473933,454317,35089,33708,25165,23602,9876,9764,3401,3202
R,4,2024,30,4653313,2357769,2295544,1690457,1621404,367966,367446,36560,35336,175822,185168,6860,6788,80104,79402,1761790,1691962,404600,404996,59921,58555,205788,213953,13834,13633,1824557,1787708,1226408,1179831,340706,341463,18855,18711,170600,179847,5047,5068,62941,62788,1282372,1235554,369398,371237,34778,34799,196080,204265,10459,10378,533212,507836,464049,441573,27260,25983,17705,16625,5222,5321,1813,1720,17163,16614,479418,456408,35202,33759,25143,23756,9708,9688,3375,3255
R,4,2024,31,4735470,2398158,2337312,1717460,1650892,379176,376247,37768,35896,179680,190399,7093,6812,76981,77066,1785822,1719323,413313,411482,60944,58931,208795,219006,13901,13539,1861171,1827448,1249912,1206784,351319,350285,19639,19271,174567,185015,5192,5010,60542,61083,1303633,1260990,377878,377940,35520,35372,199547,209518,10586,10300,536987,509864,467548,444108,27857,25962,18129,16625,5113,5384,1901,1802,16439,15983,482189,458333,35435,33542,25424,23559,9248,9488,3315,3239
R,4,2024,32,4820625,2432664,2387961,1743279,1686279,381554,385131,39149,35969,186277,196710,7549,7127,74856,76745,1809060,1753592,413577,419789,62303,58928,215307,226174,14578,14187,1892395,1878223,1274133,1244515,353169,357306,20348,19533,181026,191198,5494,5252,58225,60419,1325152,1297419,377597,384160,36027,35401,205855,216381,11041,10755,540269,509738,469146,441764,28385,27825,18801,16436,5251,5512,2055,1875,16631,16326,483908,456173,35980,35629,26276,23527,9452,9793,3537,3432
R,4,2024,33,4887025,2467399,2419626,1772562,1709903,383013,389520,38258,35141,193986,203573,7959,7428,71621,74061,1835025,1774580,412875,422425,60345,57466,222770,232519,15126,14482,1930098,1919666,1306514,1278073,354378,360979,19690,19208,188378,197910,5805,5567,55333,57929,1354497,1328441,376750,386285,34525,34539,213028,222548,11449,11195,537301,499960,466048,431830,28635,28541,18568,15933,5608,5663,2154,1861,16288,16132,480528,446139,36125,36140,25820,22927,9742,9971,3677,3287
R,4,2024,34,4839816,2440443,2399373,1760772,1697989,373376,383696,37501,34640,194213,206150,8129,7429,66452,69469,1818851,1758634,400662,414074,57988,55665,221175,233512,14590,14091,1911304,1911424,1300846,1276387,345432,355627,19228,18963,188722,200595,5950,5603,51126,54249,1345285,1323550,365714,378714,32910,33269,211837,224107,11044,10898,529139,487949,459926,421602,27944,28069,18273,15677,5491,5555,2179,1826,15326,15220,473566,435084,34948,35360,25078,22396,9338,9405,3546,3193
R,4,2024,35,4717254,2379888,2337366,1726247,1660727,351224,363998,36265,32781,195629,207426,7987,7131,62536,65303,1780744,1717661,376119,392210,55768,52638,221399,233393,14262,13353,1865859,1867268,1278910,1253471,324456,337321,18283,17870,190329,202001,5918,5427,47963,51178,1320508,1297874,342586,358742,31224,31604,212471,224376,10909,10397,514029,470098,447337,407256,26768,26677,17982,14911,5300,5425,2069,1704,14573,14125,460236,419787,33533,33468,24544,21034,8928,9017,3353,2956
R,4,2024,36,4627647,2335706,2291941,1711875,1643856,331909,345823,35351,32134,189493,200464,7941,7055,59137,62609,1763181,1698478,355214,372439,53836,51192,214060,225672,14088,13214,1823163,1826621,1264154,1240103,306309,319795,17683,17356,184391,195402,5742,5291,44884,48674,1302806,1282428,323067,339600,29673,30360,205479,217100,10643,10227,512543,465320,447721,403753,25600,26028,17668,14778,5102,5062,2199,1764,14253,13935,460375,416050,32147,32839,24163,20832,8581,8572,3445,2987
R,4,2024,37,4575094,2313497,2261597,1708475,1631050,320930,335408,34359,31033,186073,196917,7772,6999,55888,60190,1757200,1683515,342514,360805,52219,50067,209305,220863,13432,12795,1804795,1801069,1263307,1230722,295553,309935,17089,16694,180996,192017,5525,5179,42325,46522,1299976,1271040,310812,328825,28757,29643,201010,212596,10058,9794,508702,460528,445168,400328,25377,25473,17270,14339,5077,4900,2247,1820,13563,13668,457224,412475,31702,31980,23462,20424,8295,8267,3374,3001
R,4,2024,38,4586059,2320098,2265961,1723223,1642869,315250,330891,33855,30705,185046,196510,7931,7194,54793,57792,1770822,1692990,336072,354687,51582,49196,207725,219807,13777,13057,1808061,1806299,1274704,1242650,290219,305560,16310,16499,179938,191574,5670,5455,41220,44561,1310233,1281069,304838,323019,27790,29187,199353,211555,10320,10185,512037,459662,448519,400219,25031,25331,17545,14206,5108,4936,2261,1739,13573,13231,460589,411921,31234,31668,23792,20009,8372,8252,3457,2872
R,4,2024,39,4534533,2288253,2246280,1706398,1632842,305606,324107,32918,30372,182943,195789,7728,6966,52660,56204,1752122,1681645,325328,346503,50374,48820,204755,218758,13327,12659,1781848,1789336,1262103,1234357,281233,299516,16053,16210,177823,191003,5430,5209,39206,43041,1295848,1271527,294805,315632,27297,28754,196458,210716,9871,9764,506405,456944,444295,398485,24373,24591,16865,14162,5120,4786,2298,1757,13454,13163,456274,410118,30523,30871,23077,20066,8297,8042,3456,2895
R,4,2024,40,4480340,2259049,2221291,1689589,1616133,297233,318502,32758,30159,181455,194747,7456,6873,50558,54877,1733467,1663704,315929,339942,49700,48588,202529,217171,12905,12609,1761533,1767946,1252708,1220609,273409,294162,15799,15944,176459,190087,5367,5194,37791,41950,1285242,1256760,286310,309577,26841,28500,194405,209267,9660,9760,497516,453345,436881,395524,23824,24340,16959,14215,4996,4660,2089,1679,12767,12927,448225,406944,29619,30365,22859,20088,8124,7904,3245,2849
R,4,2024,41,4528855,2280672,2248183,1712041,1641307,298596,322440,33435,30340,178567,192686,7504,6933,50529,54477,1755821,1688349,317136,343704,50709,49003,199330,214774,12988,12645,1776373,1786202,1268501,1237607,274858,297538,16130,16185,173680,187913,5374,5206,37830,41753,1300976,1273373,287668,312934,27530,29031,191354,206776,9734,9804,504299,461981,443540,403700,23738,24902,17305,14155,4887,4773,2130,1727,12699,12724,454845,414976,29468,30770,23179,19972,7976,7998,3254,2841
R,4,2024,42,4473808,2250871,2222937,1695402,1627200,293506,317853,32104,29141,173521,189606,7435,6732,48903,52405,1737716,1672365,311393,338507,49219,47398,193385,210483,12761,12226,1757075,1765379,1261355,1226745,270189,293567,15261,15377,168681,184735,5282,4960,36307,39995,1292478,1261007,282424,308449,26455,27871,185467,202538,9482,9351,493796,457558,434047,400455,23317,24286,16843,13764,4840,4871,2153,1772,12596,12410,445238,411358,28969,30058,22764,19527,7918,7945,3279,2875
R,4,2024,43,4441055,2231386,2209669,1686730,1619913,293350,320571,31700,29147,164297,181801,7342,6381,47967,51856,1728172,1664781,310940,341210,48627,47320,183741,202061,12586,11832,1741469,1755595,1254858,1222622,270831,296023,15372,15724,159435,177080,5202,4728,35771,39418,1285470,1256466,282933,310750,26566,28223,175933,194354,9389,9135,489917,454074,431872,397291,22519,24548,16328,13423,4862,4721,2140,1653,12196,12438,442702,408315,28007,30460,22061,19097,7808,7707,3197,2697
R,4,2024,44,4355897,2186235,2169662,1650781,1587970,291093,318473,30860,28218,160377,178177,7056,6578,46068,50246,1690567,1631157,307835,338390,47589,46104,178753,197851,12231,11918,1702703,1723256,1224907,1197337,268562,294392,14794,15075,155707,173556,4928,4897,33805,37999,1253840,1229694,279837,308491,25685,27395,171074,190216,9002,9170,483532,446406,425874,390633,22531,24081,16066,13143,4670,4621,2128,1681,12263,12247,436727,401463,27998,29899,21904,18709,7679,7635,3229,2748
R,4,2024,45,4188219,2096979,2091240,1588991,1532406,275178,305348,28973,27107,154239,172927,6308,5993,43290,47459,1626326,1573274,290906,323817,44746,44236,171484,191579,11013,10906,1643712,1664482,1188696,1159203,254311,282204,14293,14478,149897,168586,4555,4344,31960,35667,1215956,1189648,264946,295121,24659,26170,164479,184411,8278,8293,453267,426758,400295,373203,20867,23144,14680,12629,4342,4341,1753,1649,11330,11792,410370,383626,25960,28696,20087,18066,7005,7168,2735,2613
R,4,2024,46,4123961,2060552,2063409,1569247,1520063,266457,296867,28538,26775,148341,167965,6311,5805,41658,45934,1605020,1559422,281396,314603,43881,43653,165052,185996,10775,10581,1609142,1636217,1169856,1145078,246219,274359,14029,14429,144032,163529,4490,4287,30516,34535,1195732,1174386,256199,286636,24068,26011,158042,178864,8006,8130,451410,427192,399391,374985,20238,22508,14509,12346,4309,4436,1821,1518,11142,11399,409288,385036,25197,27967,19813,17642,7010,7132,2769,2451
R,4,2024,47,4012191,2000583,2011608,1523427,1481213,256432,287648,27560,25686,147594,167872,5987,5669,39583,43520,1557608,1518310,270326,304282,42411,41819,163331,185152,10349,10302,1562393,1592285,1135039,1111817,236943,265838,13770,14092,143299,163591,4304,4148,29038,32799,1159775,1139477,246100,277465,23656,25251,156542,178204,7753,7877,438190,419323,388388,369396,19489,21810,13790,11594,4295,4281,1683,1521,10545,10721,397833,378833,24226,26817,18755,16568,6789,6948,2596,2425
R,4,2024,48,3929103,1957345,1971758,1489025,1452647,250217,281042,26719,25113,147967,166245,5622,5448,37795,41263,1521579,1487856,263309,296473,40982,40645,163199,182717,9755,9765,1530452,1559829,1109897,1089001,231525,259978,13345,13599,143833,162047,4069,4044,27783,31160,1133549,1115302,240118,270684,22878,24441,156693,176031,7336,7509,426893,411929,379128,363646,18692,21064,13374,11514,4134,4198,1553,1404,10012,10103,388030,372554,23191,25789,18104,16204,6506,6686,2419,2256
R,4,2024,49,3939737,1962262,1977475,1499209,1463891,248013,279350,26370,24974,147869,164721,5688,5210,35113,39329,1529106,1497303,260046,293976,40077,40054,161916,180361,9623,9227,1542527,1572198,1124238,1104209,230608,259832,13173,13658,143948,160796,4144,3893,26416,29810,1146482,1129241,238837,269959,22523,24146,156030,174265,7338,7138,419735,405277,374971,359682,17405,19518,13197,11316,3921,3925,1544,1317,8697,9519,382624,368062,21209,24017,17554,15908,5886,6096,2285,2089
R,4,2024,50,3867280,1923344,1943936,1469146,1437464,243527,275900,25569,24597,145794,162979,5269,5088,34039,37908,1498137,1469515,254940,289817,38861,39232,159597,178161,9099,9106,1521955,1550371,1110138,1087759,226899,256911,12954,13501,142212,159239,3905,3807,25847,29154,1131899,1112132,234686,266731,22196,23993,154125,172353,7042,7052,401389,393565,359008,349705,16628,18989,12615,11096,3582,3740,1364,1281,8192,8754,366238,357383,20254,23086,16665,15239,5472,5808,2057,2054
R,4,2024,51,3945462,1960394,1985068,1499362,1470617,251047,284109,25658,24718,145108,163000,5250,5028,33969,37596,1528194,1502376,262028,297662,39212,39652,158958,177938,9021,8950,1563875,1595894,1144152,1124622,234946,265599,13201,13707,141513,159182,3951,3721,26112,29063,1166058,1148857,242550,275305,22812,24539,153583,172096,7024,6946,396519,389174,355210,345995,16101,18510,12457,11011,3595,3818,1299,1307,7857,8533,362136,353519,19478,22357,16400,15113,5375,5842,1997,2004
R,4,2024,52,4145535,2063297,2082238,1596206,1562219,258773,291886,25906,25009,143402,160395,5331,4916,33679,37813,1624737,1594124,269578,305206,39846,40479,156780,175215,9064,8942,1671537,1697581,1245367,1219715,242969,273747,13690,14212,139676,156766,3958,3688,25877,29453,1267025,1244256,250442,283249,23687,25592,151300,169686,7006,7023,391760,384657,350839,342504,15804,18139,12216,10797,3726,3629,1373,1228,7802,8360,357712,349868,19136,21957,16159,14887,5480,5529,2058,1919
R,4,2024,53,4373375,2180096,2193279,1702741,1660760,269494,304851,26402,25887,141465,158298,5098,5099,34896,38384,1732374,1693107,280691,318355,41041,42008,155034,172965,9135,9341,1789496,1811846,1352495,1321821,253743,286661,14442,14853,137860,154608,3808,3825,27148,30078,1375304,1346897,261618,296385,25180,26946,149627,167275,7126,7322,390600,381433,350246,338939,15751,18190,11960,11034,3605,3690,1290,1274,7748,8306,357070,346210,19073,21970,15861,15062,5407,5690,2009,2019
R,4,2024,54,4216560,2099583,2116977,1642895,1610195,258713,289418,25277,24514,134383,151929,5306,5036,33009,35885,1670751,1640192,269142,301809,39486,39978,147036,165661,9240,9101,1722392,1751590,1304883,1284455,243437,272407,13764,14337,130898,148350,3999,3884,25411,28157,1326054,1307744,250621,281329,24101,25994,141838,160184,7250,7255,377191,365387,338012,325740,15276,17011,11513,10177,3485,3579,1307,1152,7598,7728,344697,332448,18521,20480,15385,13984,5198,5477,1990,1846
R,4,2024,55,4080045,2027136,2052909,1592092,1567886,244900,275920,24268,23480,130891,147354,4657,4803,30328,33466,1617801,1595895,254000,287261,37814,38344,142398,159863,8209,8572,1673322,1708159,1274675,1260786,230405,259727,13530,13832,127723,144065,3510,3617,23479,26132,1294365,1282392,236614,267734,23584,25055,137714,154931,6425,6759,353814,344750,317417,307100,14495,16193,10738,9648,3168,3289,1147,1186,6849,7334,323436,313503,17386,19527,14230,13289,4684,4932,1784,1813
R,4,2024,56,3982566,1974113,2008453,1553637,1533712,242776,276012,23502,23310,120687,138706,4682,4724,28829,31989,1577949,1560358,251493,286810,36578,37669,131579,150502,7963,8520,1629438,1671786,1244534,1233498,228482,260004,13050,14013,117641,135613,3507,3628,22224,25030,1263015,1254101,234375,267625,22705,24930,127087,145801,6277,6802,344675,336667,309103,300214,14294,16008,10452,9297,3046,3093,1175,1096,6605,6959,314934,306257,17118,19185,13873,12739,4492,4701,1686,1718
R,4,2024,57,4023590,1985297,2038293,1571371,1568134,242491,278937,23144,23181,115487,132233,4786,4704,28018,31104,1594801,1593979,250916,289543,36146,37560,125888,143372,8188,8293,1653743,1711853,1273438,1276773,229021,263618,13269,14325,112537,129245,3679,3608,21799,24284,1291401,1296701,234733,271101,23098,25248,121531,138842,6556,6621,331554,326440,297933,291361,13470,15319,9875,8856,2950,2988,1107,1096,6219,6820,303400,297278,16183,18442,13048,12312,4357,4530,1632,1672
R,4,2024,58,4079257,2008074,2071183,1587197,1592633,249247,286329,23421,23351,115936,133286,4593,4675,27680,30909,1610281,1618299,257506,296530,36658,38049,125893,144272,7984,8331,1682612,1750313,1295288,1306435,235596,271050,13603,14647,113072,130240,3559,3706,21494,24235,1312949,1326283,241194,278271,23644,26026,121686,139670,6407,6750,325462,320870,291909,286198,13651,15279,9818,8704,2864,3046,1034,969,6186,6674,297332,292016,16312,18259,13014,12023,4207,4602,1577,1581
R,4,2024,59,4243133,2077463,2165670,1652590,1678943,253275,293714,23801,24132,115007,132509,4700,4872,28090,31500,1676059,1705001,261381,303959,37541,39586,125108,143368,8074,8612,1760273,1847468,1367898,1394767,240119,278658,14350,15641,112182,129602,3700,3844,22024,24956,1386034,1415114,245639,285964,24884,27795,120964,139013,6530,7014,317190,318202,284692,284176,13156,15056,9451,8491,2825,2907,1000,1028,6066,6544,290025,289887,15742,17995,12657,11791,4144,4355,1544,1598
R,4,2024,60,4297629,2103002,2194627,1682186,1711432,248720,288164,23317,23896,116474,135164,4459,4632,27846,31339,1705356,1737308,256531,297968,37266,39476,126384,146021,7921,8421,1800856,1887748,1411332,1437638,235898,273655,14290,15517,113769,132347,3495,3657,22072,24934,1429501,1457962,241294,280630,25159,27933,122390,141700,6425,6839,302146,306879,270854,273794,12822,14509,9027,8379,2705,2817,964,975,5774,6405,275855,279346,15237,17338,12107,11543,3994,4321,1496,1582
R,4,2024,61,4280280,2086611,2193669,1672333,1717753,244168,284830,22920,23642,115576,131945,4281,4561,27333,30938,1695235,1743248,251615,294560,36516,39335,125395,142433,7556,8189,1797968,1897105,1413040,1452825,232273,271206,14280,15486,112981,129228,3384,3651,22010,24709,1431276,1472913,237444,278133,25137,27995,121599,138349,6206,6712,288643,296564,259293,264928,11895,13624,8640,8156,2595,2717,897,910,5323,6229,263959,270335,14171,16427,11379,11340,3796,4084,1350,1477
R,4,2024,62,4298902,2092687,2206215,1694569,1743435,239078,282206,22528,23713,105223,122025,4260,4335,27029,30501,1717155,1768480,246356,291813,36282,39505,114815,132265,7585,7883,1816789,1923964,1446729,1491472,227702,269390,14326,15762,102852,119369,3440,3448,21740,24523,1464732,1511394,232732,276286,25302,28549,111241,128230,6255,6422,275898,282251,247840,251963,11376,12816,8202,7951,2371,2656,820,887,5289,5978,252423,257086,13624,15527,10980,10956,3574,4035,1330,1461
R,4,2024,63,4250852,2061133,2189719,1669681,1731414,235408,278420,21665,23161,103896,123089,4079,4294,26404,29341,1691758,1755519,242317,287303,35292,38538,113242,132998,7233,7786,1800163,1917313,1435451,1487639,224530,266078,13877,15742,101564,120487,3306,3485,21435,23882,1453135,1507018,229427,272597,24834,28294,109829,129124,5994,6466,260970,272406,234230,243775,10878,12342,7788,7419,2332,2602,773,809,4969,5459,238623,248501,12890,14706,10458,10244,3413,3874,1239,1320
R,4,2024,64,4163082,2015353,2147729,1631404,1695469,230938,275200,20938,22667,102204,121655,4108,4042,25761,28696,1652995,1718958,237733,284118,34248,37897,111356,131056,7180,7402,1765300,1887957,1406973,1463627,220416,263160,13654,15457,99998,119190,3310,3266,20949,23257,1424393,1482412,225198,269705,24388,27874,108075,127322,5906,6104,250053,259772,224431,231842,10522,12040,7284,7210,2206,2465,798,776,4812,5439,228602,236546,12535,14413,9860,10023,3281,3734,1274,1298
R,4,2024,65,4084027,1965291,2118736,1600549,1683092,219291,264555,19341,21395,98167,118901,3708,3820,24235,26973,1620799,1705316,225592,272590,32126,36094,106564,127659,6508,6869,1738038,1875752,1396543,1465749,209563,253316,12885,14745,96183,116678,3030,3155,19834,22109,1412972,1483785,213998,259178,23355,26916,103588,124353,5415,5782,227253,242984,204006,217343,9728,11239,6456,6650,1984,2223,678,665,4401,4864,207827,221531,11594,13412,8771,9178,2976,3306,1093,1087
R,4,2024,66,4043934,1940246,2103688,1586197,1679794,211267,256714,19074,20784,96361,116299,3555,3754,23792,26343,1606010,1701339,217424,264727,31779,35225,104615,124710,6310,6747,1722926,1868757,1391177,1469262,202103,246008,12676,14598,94430,114255,2931,3069,19609,21565,1407357,1486690,206525,251924,23163,26520,101775,121580,5282,5637,217320,234931,195020,210532,9164,10706,6398,6186,1931,2044,624,685,4183,4778,198653,214649,10899,12803,8616,8705,2840,3130,1028,1110
R,4,2024,67,3891932,1857227,2034705,1521537,1624272,199013,248928,18081,19707,92960,113149,3377,3457,22259,25192,1540112,1645051,204788,256385,30212,33957,100455,120847,5913,6334,1655024,1812707,1340283,1425488,190313,238620,12019,13912,91218,111092,2762,2884,18429,20711,1355512,1442365,194468,244066,22075,25811,97910,117824,4961,5340,202203,221998,181254,198784,8700,10308,6062,5795,1742,2057,615,573,3830,4481,184600,202686,10320,12319,8137,8146,2545,3023,952,994
R,4,2024,68,3761255,1782302,1978953,1462882,1581771,187770,238398,17170,19258,90317,111928,3073,3507,21090,24091,1480487,1601454,193213,245585,28589,32806,97411,119523,5512,6197,1590774,1765151,1291126,1390298,179494,228603,11441,13673,88656,109899,2557,2919,17500,19759,1305605,1406265,183386,233841,20916,24965,95004,116501,4685,5205,191528,213802,171756,191473,8276,9795,5729,5585,1661,2029,516,588,3590,4332,174882,195189,9827,11744,7673,7841,2407,3022,827,992
R,4,2024,69,3643208,1718392,1924816,1416242,1544619,175932,226628,15983,17739,87358,109832,2968,3282,19909,22716,1432794,1563171,180995,233462,27032,30533,93998,116803,5255,5867,1540172,1722734,1255584,1362461,168450,217870,11056,12861,85794,108028,2497,2735,16791,18779,1269429,1377577,172161,222951,20432,23616,91771,114156,4483,4979,178220,202082,160658,182158,7482,8758,4927,4878,1564,1804,471,547,3118,3937,163365,185594,8834,10511,6600,6917,2227,2647,772,888
R,4,2024,70,3478303,1629931,1848372,1353516,1493980,159512,211747,14738,16637,81178,101777,2638,2990,18349,21241,1368838,1511345,164070,217979,25174,28871,87090,108233,4683,5406,1468652,1661564,1208145,1325739,152633,203567,10287,12053,79875,100137,2211,2486,15501,17582,1220999,1339924,155977,208144,19215,22343,85159,105838,4014,4597,161279,186808,145371,168241,6879,8180,4451,4584,1303,1640,427,504,2848,3659,147839,171421,8093,9835,5959,6528,1931,2395,669,809
R,4,2024,71,3335658,1554869,1780789,1296343,1444843,147230,198262,13468,15630,78340,99394,2598,2847,16890,19813,1310403,1461060,151370,203949,22986,27076,83912,105443,4571,5136,1407402,1606295,1163336,1287291,140918,190640,9487,11457,77083,97867,2235,2375,14343,16665,1175176,1300782,143959,194952,17655,21250,82090,103191,3971,4372,147467,174494,133007,157552,6312,7622,3981,4173,1257,1527,363,472,2547,3148,135227,160278,7411,8997,5331,5826,1822,2252,600,764
R,4,2024,72,3205711,1488348,1717363,1249434,1400022,137590,189877,12602,14667,70731,91657,2265,2630,15726,18510,1262524,1415292,141425,195187,21765,25634,75658,96996,4110,4725,1350310,1554266,1124401,1252883,131979,182550,9019,10862,69580,90282,1939,2198,13392,15491,1135474,1265482,134837,186540,16863,20245,74035,94977,3561,4026,138038,163097,125033,147139,5611,7327,3583,3805,1151,1375,326,432,2334,3019,127050,149810,6588,8647,4902,5389,1623,2019,549,699
R,4,2024,73,2964021,1363166,1600855,1137503,1296394,128666,180542,11866,13804,68141,90456,2140,2368,14850,17291,1149877,1310478,132298,185627,20490,24009,72836,95559,3880,4377,1234922,1445945,1021513,1156506,123282,173782,8543,10080,67042,89066,1842,2009,12700,14502,1032010,1168169,125982,177630,16020,18814,71272,93537,3397,3736,128244,154910,115990,139888,5384,6760,3323,3724,1099,1390,298,359,2150,2789,117867,142309,6316,7997,4470,5195,1564,2022,483,641
R,4,2024,74,2855638,1309529,1546109,1093424,1254058,120785,170810,11425,12933,67824,89401,2193,2439,13878,16468,1104960,1267433,124196,175679,19655,22626,72060,94187,3829,4359,1190123,1400181,985302,1122065,115884,164393,8335,9644,66854,88139,1856,2076,11892,13864,995141,1133197,118491,168077,15444,18005,70639,92335,3312,3767,119406,145928,108122,131993,4901,6417,3090,3289,970,1262,337,363,1986,2604,109819,134236,5705,7602,4211,4621,1421,1852,517,592
R,4,2024,75,2748411,1255533,1492878,1057468,1223597,109586,158092,10560,12077,62949,81403,2025,2281,12945,15428,1068236,1236304,112702,162508,18260,21355,66915,85766,3533,3994,1147111,1357585,959179,1100919,105242,152329,7764,9075,62072,80223,1735,1961,11119,13078,968361,1111588,107598,155685,14477,17170,65622,84055,3068,3459,108422,135293,98289,122678,4344,5763,2796,3002,877,1180,290,320,1826,2350,99875,124716,5104,6823,3783,4185,1293,1711,465,535
R,4,2024,76,2718181,1239984,1478197,1056554,1228044,101015,146719,9867,11304,58239,75076,1819,2063,12490,14991,1067009,1240465,104033,150949,17441,20348,61881,79286,3248,3746,1137482,1349812,963523,1111439,96932,141333,7291,8597,57387,73983,1571,1768,10778,12692,972476,1121838,99243,144568,13933,16438,60645,77693,2858,3255,102502,128385,93031,116605,4083,5386,2576,2707,852,1093,248,295,1712,2299,94533,118627,4790,6381,3508,3910,1236,1593,390,491
R,4,2024,77,2673625,1226178,1447447,1055378,1215653,93086,134183,9513,10860,54701,70624,1655,1860,11845,14267,1065425,1227567,95804,138073,16817,19606,58032,74512,3020,3446,1130169,1326260,967887,1105459,89393,129090,7143,8329,54017,69593,1431,1597,10298,12192,976584,1115535,91483,132087,13630,15967,56985,73052,2639,3015,96009,121187,87491,110194,3693,5093,2370,2531,684,1031,224,263,1547,2075,88841,112032,4321,5986,3187,3639,1047,1460,381,431
R,4,2024,78,1881645,838523,1043122,708614,859929,69105,105909,6942,8278,43620,56515,1442,1627,8800,10864,715926,868893,71220,108921,12140,14605,46309,59718,2554,2934,761563,940183,638545,766283,66065,101564,5095,6164,43039,55677,1254,1416,7565,9079,644798,773694,67671,103800,9624,11559,45449,58470,2232,2586,76960,102939,70069,93646,3040,4345,1847,2114,581,838,188,211,1235,1785,71128,95199,3549,5121,2516,3046,860,1248,322,348
R,4,2024,79,1830544,812418,1018126,689103,842103,65640,101664,6577,7997,41373,54194,1245,1508,8480,10660,696234,850944,67627,104643,11601,14291,43859,57271,2358,2784,741252,922895,624187,755378,62914,97781,4951,6025,40791,53382,1079,1292,7330,9037,630298,762811,64418,100026,9384,11485,43021,56092,2087,2426,71166,95231,64916,86725,2726,3883,1626,1972,582,812,166,216,1150,1623,65936,88133,3209,4617,2217,2806,838,1179,271,358
R,4,2024,80,1767287,776703,990584,665297,829698,59443,93920,5990,7413,37261,48354,1116,1241,7596,9958,671723,837962,61103,96655,10612,13364,39463,51113,2072,2462,713203,902313,607302,749025,56932,90456,4552,5656,36799,47632,979,1091,6639,8453,612901,755985,58218,92539,8673,10834,38771,50056,1835,2181,63500,88271,57995,80673,2511,3464,1438,1757,462,722,137,150,957,1505,58822,81977,2885,4116,1939,2530,692,1057,237,281
R,4,2024,81,1698412,739393,959019,636559,807901,54524,88945,5434,6870,34746,44907,957,1201,7173,9195,642619,815569,56204,91435,9863,12537,36703,47391,1809,2221,682057,876280,584123,732473,52258,85480,4233,5177,34318,44279,851,1022,6274,7849,589420,738984,53543,87351,8207,10167,36070,46464,1604,1930,57336,82739,52436,75428,2266,3465,1201,1693,428,628,106,179,899,1346,53199,76585,2661,4084,1656,2370,633,927,205,291
R,4,2024,82,1423260,610122,813138,521540,679687,45947,77313,4761,5882,30855,41180,838,1049,6181,8027,526716,686386,47374,79485,8490,10708,32674,43410,1572,1945,560249,741374,475896,613870,44031,74588,3710,4482,30480,40626,730,887,5402,6921,480400,619603,45137,76273,7039,8735,32108,42600,1388,1697,49873,71764,45644,65817,1916,2725,1051,1400,375,554,108,162,779,1106,46316,66783,2237,3212,1451,1973,566,810,184,248
R,4,2024,83,1242019,524716,717303,446079,597326,40134,69353,4182,5354,28202,37312,748,931,5371,7027,450581,603134,41321,71249,7439,9547,29814,39344,1420,1766,479553,651154,404658,536698,38411,66690,3245,4152,27874,36797,666,788,4699,6029,408589,541651,39322,68152,6150,7833,29314,38589,1263,1528,45163,66149,41421,60628,1723,2663,937,1202,328,515,82,143,672,998,41992,61483,1999,3097,1289,1714,500,755,157,238
R,4,2024,84,1101627,456520,645107,386003,534468,35674,63754,3684,4932,25570,34388,683,899,4906,6666,390153,540006,36770,65616,6532,8847,27091,36275,1284,1708,415929,584024,348864,478642,34081,61282,2853,3763,25250,33912,589,743,4292,5682,352478,483335,34915,62682,5388,7179,26632,35582,1135,1456,40591,61083,37139,55826,1593,2472,831,1169,320,476,94,156,614,984,37675,56671,1855,2934,1144,1668,459,693,149,252
R,4,2024,85,1002397,410324,592073,349390,495176,30616,55891,3175,4376,22405,30110,549,787,4189,5733,352947,499977,31597,57392,5692,7803,23641,31751,1025,1471,374713,536995,316733,444722,29229,53639,2483,3370,22142,29701,472,657,3654,4906,319815,448815,29977,54770,4716,6385,23259,31139,908,1249,35611,55078,32657,50454,1387,2252,692,1006,263,409,77,130,535,827,33132,51162,1620,2622,976,1418,382,612,117,222
R,4,2024,86,889380,358045,531335,303907,443310,26851,50394,2855,3921,20103,27885,517,741,3812,5084,307121,447537,27757,51798,5107,6840,21266,29359,956,1348,326595,481755,275053,397917,25684,48367,2224,3044,19877,27517,440,600,3317,4310,277842,401469,26374,49437,4228,5581,20915,28811,826,1130,31450,49580,28854,45393,1167,2027,631,877,226,368,77,141,495,774,29279,46068,1383,2361,879,1259,351,548,130,218
R,4,2024,87,762121,301043,461078,255216,384541,22277,43517,2372,3377,17538,24476,460,570,3180,4597,257938,388381,22979,44763,4211,6049,18529,25809,828,1116,273928,417672,230269,344584,21215,41878,1884,2603,17346,24136,408,487,2806,3984,232663,347891,21759,42845,3544,4978,18248,25331,738,973,27115,43406,24947,39957,1062,1639,488,774,192,340,52,83,374,613,25275,40490,1220,1918,667,1071,281,478,90,143
R,4,2024,88,678422,263272,415150,223026,345572,19808,39884,2081,3096,15171,21914,386,523,2800,4161,225362,349018,20456,41028,3685,5519,16073,23114,752,1000,239515,376360,201134,309987,18909,38380,1645,2378,15012,21620,341,442,2474,3553,203192,312911,19404,39268,3088,4478,15836,22675,668,868,23757,38790,21892,35585,899,1504,436,718,159,294,45,81,326,608,22170,36107,1052,1760,597,1041,237,439,84,132
R,4,2024,89,588855,223979,364876,189881,304557,16466,34345,1761,2676,13111,19243,333,448,2427,3607,191955,307549,16997,35327,3146,4732,13863,20350,651,879,203943,331052,171362,273478,15751,33040,1393,2018,12970,18983,300,384,2167,3149,173210,276077,16183,33815,2652,3842,13642,19977,593,764,20036,33824,18519,31079,715,1305,368,658,141,260,33,64,260,458,18745,31472,814,1512,494,890,221,373,58,115
R,4,2024,90,482160,179128,303032,151616,252226,13028,28477,1407,2128,10739,16745,295,402,2043,3054,153353,254777,13495,29298,2534,3873,11424,17663,543,779,162931,275052,136653,226455,12456,27415,1111,1648,10629,16527,259,352,1823,2655,138205,228665,12831,28060,2136,3203,11249,17349,480,680,16197,27980,14963,25771,572,1062,296,480,110,218,36,50,220,399,15148,26112,664,1238,398,670,175,314,63,99
R,4,2024,91,419521,151957,267564,128579,222710,11011,24971,1189,1888,9285,15034,234,318,1659,2643,129965,224891,11398,25711,2102,3396,9846,15803,455,673,138841,243762,116451,200759,10537,24054,959,1495,9188,14860,206,278,1500,2316,117698,202659,10862,24655,1783,2848,9711,15538,408,597,13116,23802,12128,21951,474,917,230,393,97,174,28,40,159,327,12267,22232,536,1056,319,548,135,265,47,76
R,4,2024,92,357988,126592,231396,108231,194798,8364,19946,939,1547,7514,12543,180,267,1364,2295,109402,196711,8689,20556,1694,2871,7956,13209,352,547,115479,211184,97879,176056,8029,19219,752,1227,7437,12425,160,242,1222,2015,98928,177725,8292,19713,1438,2401,7839,13035,309,493,11113,20212,10352,18742,335,727,187,320,77,118,20,25,142,280,10474,18986,397,843,256,470,117,174,43,54
R,4,2024,93,299931,102644,197287,87519,165618,6658,16715,764,1350,6332,11386,167,247,1204,1971,88530,167270,6929,17262,1428,2455,6748,11975,326,498,93649,180087,79155,149703,6372,16117,607,1056,6287,11263,152,212,1076,1736,80057,151151,6596,16555,1201,2052,6667,11786,297,439,8995,17200,8364,15915,286,598,157,294,45,123,15,35,128,235,8473,16119,333,707,227,403,81,189,29,59
R,4,2024,94,239396,79285,160111,67219,133897,5268,13862,668,1076,5098,9455,130,200,902,1621,67982,135231,5492,14327,1185,1995,5377,9925,242,402,72196,146257,60646,121078,5028,13380,542,861,5058,9348,114,177,808,1413,61331,122240,5210,13746,1014,1680,5307,9768,213,350,7089,13854,6573,12819,240,482,126,215,40,107,16,23,94,208,6651,12991,282,581,171,315,70,157,29,52
R,4,2024,95,186964,59211,127753,50199,106967,3815,10828,467,829,3890,7577,90,173,750,1379,50821,108110,3991,11225,881,1610,4135,7985,200,346,54189,117147,45533,97187,3654,10442,384,656,3861,7482,83,158,674,1222,46092,98192,3801,10767,760,1362,4086,7853,180,318,5022,10606,4666,9780,161,386,83,173,29,95,7,15,76,157,4729,9918,190,458,121,248,49,132,20,28
R,4,2024,96,146531,44803,101728,37784,85039,2855,8554,353,697,3163,6194,66,129,582,1115,38277,85974,2978,8851,671,1338,3363,6506,150,282,41141,93790,34373,77716,2749,8273,290,572,3140,6126,60,114,529,989,34822,78537,2852,8518,583,1151,3325,6406,134,249,3662,7938,3411,7323,106,281,63,125,23,68,6,15,53,126,3455,7437,126,333,88,187,38,100,16,33
R,4,2024,97,108873,32079,76794,26781,63938,2129,6414,267,546,2400,4942,53,94,449,860,27150,64650,2254,6666,523,1041,2542,5175,108,202,29469,70906,24362,58512,2047,6186,229,448,2384,4902,48,82,399,776,24688,59155,2148,6400,463,902,2509,5113,94,178,2610,5888,2419,5426,82,228,38,98,16,40,5,12,50,84,2462,5495,106,266,60,139,33,62,14,24
R,4,2024,98,78486,21957,56529,18211,46703,1430,4837,188,397,1782,3849,24,72,322,671,18479,47254,1516,5032,356,773,1887,4048,72,163,20229,52418,16614,42905,1378,4686,156,330,1774,3818,21,66,286,613,16853,43411,1445,4853,308,680,1868,3998,62,145,1728,4111,1597,3798,52,151,32,67,8,31,3,6,36,58,1626,3843,71,179,48,93,19,50,10,18
R,4,2024,99,55215,14843,40372,12091,33174,1003,3356,128,308,1361,2956,29,68,231,510,12285,33595,1064,3519,257,602,1438,3095,61,130,13698,37546,11035,30558,969,3257,111,267,1351,2940,26,63,206,461,11210,30940,1017,3397,228,538,1423,3060,54,118,1145,2826,1056,2616,34,99,17,41,10,16,3,5,25,49,1075,2655,47,122,29,64,15,35,7,12
R,4,2024,100,98993,24396,74597,19026,59496,1653,6512,256,602,2930,6759,43,132,488,1096,19424,60370,1795,6874,519,1214,3100,7061,117,294,22744,70114,17505,55363,1597,6345,231,538,2914,6727,40,122,457,1019,17880,56178,1726,6672,478,1113,3075,7003,106,271,1652,4483,1521,4133,56,167,25,64,16,32,3,10,31,77,1544,4192,69,202,41,101,25,58,11,23
R,5,2024,999,339539066,168054995,171484071,126611062,127438342,22367963,24141778,2389210,2327429,10906983,11762232,474157,460879,5305620,5353411,131362732,132208734,24831139,26671320,3854813,3847167,12897769,13734408,924134,912024,133762920,138011803,96940652,98509565,20569471,22307881,1203060,1237789,10536645,11393290,338984,332750,4174108,4230528,100678311,102276782,22484602,24284949,2211351,2306335,12220699,13060477,688816,685109,34292075,33472268,29670410,28928777,1798492,1833897,1186150,1089640,370338,368942,135173,128129,1131512,1122883,30684421,29931952,2346537,2386371,1643462,1540832,677070,673931,235318,226915
R,5,2024,0,3613795,1845696,1768099,1269068,1213422,297396,287985,36185,35096,110102,103634,7944,7552,125001,120410,1384017,1324122,366511,354688,59532,57726,156340,147980,16528,15745,1316207,1257000,842440,802029,256692,248603,11990,11485,101756,95820,4357,4004,98972,95059,933975,889917,312202,302041,26646,25629,139913,132341,10566,9916,529489,511099,426628,411393,40704,39382,24195,23611,8346,7814,3587,3548,26029,25351,450042,434205,54309,52647,32886,32097,16427,15639,5962,5829
R,5,2024,1,3706906,1893116,1813790,1296102,1239066,304921,295578,37902,36753,117817,111156,8255,7903,128119,123334,1413902,1352418,375575,363686,61847,59937,165379,156785,17036,16291,1346751,1286419,856724,815482,262908,254948,12160,11654,109173,102968,4571,4207,101215,97160,950306,905274,319464,309333,27093,26035,148462,140599,10920,10263,546365,527371,439378,423584,42013,40630,25742,25099,8644,8188,3684,3696,26904,26174,463596,447144,56111,54353,34754,33902,16917,16186,6116,6028
R,5,2024,2,3774929,1927929,1847000,1317555,1258771,311541,303019,37430,35918,122540,115956,8102,7753,130761,125583,1437769,1374185,383559,372233,61875,59488,171166,162576,17056,16273,1384443,1322044,880594,836529,269671,262588,12462,11830,113980,107732,4572,4312,103164,99053,975955,928048,327194,317871,27635,26449,154189,146296,11049,10486,543486,524956,436961,422242,41870,40431,24968,24088,8560,8224,3530,3441,27597,26530,461814,446137,56365,54362,34240,33039,16977,16280,6007,5787
R,5,2024,3,3673742,1877824,1795918,1278385,1218067,309156,300322,35998,34714,121333,115009,7176,6762,125776,121044,1394013,1329309,378433,367040,59509,57387,168111,159972,15780,14969,1362136,1298895,862295,816841,270377,263017,12442,12022,113467,107313,4362,4004,99193,95698,953975,905249,325646,316400,27022,26142,152181,144607,10593,9970,515688,497023,416090,401226,38779,37305,23556,22692,7866,7696,2814,2758,26583,25346,440038,424060,52787,50640,32487,31245,15930,15365,5187,4999
R,5,2024,4,3836512,1959985,1876527,1351366,1290232,308802,300062,38335,36675,126988,120793,7435,6997,127059,121768,1468177,1402168,378920,367323,61925,59439,174238,165913,16122,15232,1436780,1373744,927077,881901,271520,264567,13961,13503,118819,112960,4647,4299,100756,96514,1020174,971058,327712,318490,28763,27743,158134,150514,11028,10353,523205,502783,424289,408331,37282,35495,24374,23172,8169,7833,2788,2698,26303,25254,448003,431110,51208,48833,33162,31696,16104,15399,5094,4879
R,5,2024,5,3881217,1981772,1899445,1369768,1308027,310076,303089,38667,36928,128413,122252,7635,7068,127213,122081,1486687,1420212,380100,370437,62394,59889,175800,167444,16338,15347,1452474,1389196,939832,892936,272639,267126,14272,13852,120124,114342,4757,4393,100850,96547,1032965,982087,328690,320985,29170,28191,159601,151909,11176,10476,529298,510249,429936,415091,37437,35963,24395,23076,8289,7910,2878,2675,26363,25534,453722,438125,51410,49452,33224,31698,16199,15535,5162,4871
R,5,2024,6,3970627,2029622,1941005,1401746,1336100,317384,309954,39340,37134,133968,126691,7762,7210,129422,123916,1520657,1449939,388238,378205,63583,60490,182399,172616,16667,15637,1491225,1422871,962021,912686,281006,274650,14539,13954,125838,118888,4924,4544,102897,98149,1056999,1003266,337943,329326,29795,28596,166307,157124,11509,10746,538397,518134,439725,423414,36378,35304,24801,23180,8130,7803,2838,2666,26525,25767,463658,446673,50295,48879,33788,31894,16092,15492,5158,4891
R,5,2024,7,4054283,2073610,1980673,1439315,1369539,317594,310389,38284,37076,139962,131657,7886,7403,130569,124609,1559186,1484045,388180,378440,62988,60843,189498,178091,17052,15992,1526622,1453340,988775,935783,281514,275193,15515,14895,131868,123951,5085,4729,103865,98789,1084532,1026967,338107,329705,31197,29865,173377,162692,11925,11066,546988,527333,450540,433756,36080,35196,22769,22181,8094,7706,2801,2674,26704,25820,474654,457078,50073,48735,31791,30978,16121,15399,5127,4926
R,5,2024,8,4140242,2115481,2024761,1483457,1412997,319512,313471,37607,36241,135954,128787,7664,7395,131287,125870,1604108,1528692,390291,381973,62791,60426,185508,175685,16860,16084,1557685,1487702,1020472,967846,284106,278690,16010,15322,127875,121162,4862,4738,104360,99944,1116808,1060135,340895,333654,32040,30665,169292,160295,11675,11169,557796,537059,462985,445151,35406,34781,21597,20919,8079,7625,2802,2657,26927,25926,487300,468557,49396,48319,30751,29761,16216,15390,5185,4915
R,5,2024,9,4168574,2129112,2039462,1489858,1421776,324793,317329,37275,36429,138566,131112,7516,7409,131104,125407,1610328,1537008,395461,385393,62479,60593,188002,177946,16727,16118,1574340,1502972,1029012,976955,288728,282017,16337,15709,130898,123656,4869,4781,104496,99854,1125444,1069115,345447,336756,32507,31142,172389,162850,11760,11281,554772,536490,460846,444821,36065,35312,20938,20720,7668,7456,2647,2628,26608,25553,484884,467893,50014,48637,29972,29451,15613,15096,4967,4837
R,5,2024,10,4141592,2121352,2020240,1488794,1411971,325497,315594,37509,36273,133374,126329,7140,6925,129038,123148,1607379,1525110,394778,382744,62534,60133,182046,171952,16311,15517,1569806,1492149,1030482,973625,289204,280585,16687,15936,125950,119387,4647,4513,102836,98103,1125421,1064158,344823,334676,32831,31262,166727,157493,11449,10875,551546,528091,458312,438346,36293,35009,20822,20337,7424,6942,2493,2412,26202,25045,481958,460952,49955,48068,29703,28871,15319,14459,4862,4642
R,5,2024,11,4136662,2113199,2023463,1481624,1415304,322695,313798,37334,36063,136968,129579,7264,7021,127314,121698,1598485,1526978,390493,379451,62111,59887,185524,175211,16525,15702,1565172,1494520,1024898,974581,287520,279824,16741,16032,129675,122610,4788,4558,101550,96915,1118505,1063913,341948,332584,32754,31397,170446,160773,11672,10961,548027,528943,456726,440723,35175,33974,20593,20031,7293,6969,2476,2463,25764,24783,479980,463065,48545,46867,29357,28490,15078,14438,4853,4741
R,5,2024,12,4149194,2125008,2024186,1498246,1424209,324524,313267,38674,36701,130588,123404,7001,6759,125975,119846,1613892,1534207,391977,377829,63588,60495,177995,168100,16062,15353,1569326,1491048,1034439,978612,289758,279993,16975,16177,123452,116709,4566,4358,100136,95199,1126772,1066390,343790,331759,33041,31489,163091,154014,11266,10685,555682,533138,463807,445597,34766,33274,21699,20524,7136,6695,2435,2401,25839,24647,487120,467817,48187,46070,30547,29006,14904,14086,4796,4668
R,5,2024,13,4189545,2148359,2041186,1524157,1444284,326657,314730,36596,35245,127690,120607,6956,6579,126303,119741,1640205,1554180,394145,379133,61826,59466,175019,165006,16072,15114,1580644,1496554,1044100,984452,293965,282696,17129,16362,120827,114188,4611,4283,100012,94573,1136372,1071602,347878,334028,33336,31880,160295,151163,11329,10559,567715,544632,480057,459832,32692,32034,19467,18883,6863,6419,2345,2296,26291,25168,503833,482578,46267,45105,28490,27586,14724,13843,4743,4555
R,5,2024,14,4283013,2193198,2089815,1565922,1484586,332077,320999,36412,35015,125931,120584,6767,6570,126089,122061,1682070,1596741,399739,387031,61760,59883,172407,165146,15624,15105,1607757,1529292,1067745,1008108,299315,289345,17523,17066,119288,114327,4606,4345,99280,96101,1159590,1096754,353182,341754,33589,32938,157865,151464,11121,10596,585441,560523,498177,476478,32762,31654,18889,17949,6643,6257,2161,2225,26809,25960,522480,499987,46557,45277,28171,26945,14542,13682,4503,4509
R,5,2024,15,4387004,2246303,2140701,1609014,1526073,342158,331499,37069,35461,126555,121123,6888,6768,124619,119777,1723488,1636281,409211,396464,62424,59352,172028,164522,15612,15168,1650082,1572036,1100207,1041400,309032,299415,17984,17389,119853,114859,4699,4566,98307,94407,1190841,1128629,362595,351398,34091,32410,157778,151028,11157,10728,596221,568665,508807,484673,33126,32084,19085,18072,6702,6264,2189,2202,26312,25370,532647,507652,46616,45066,28333,26942,14250,13494,4455,4440
R,5,2024,16,4534604,2323804,2210800,1668098,1579000,352579,341789,38924,37090,132005,125697,7063,6859,125135,120365,1782963,1689451,419605,407420,64443,61646,177690,168852,16062,15232,1704138,1623035,1138150,1076871,318439,309263,18631,18149,125421,119417,4811,4547,98686,94788,1229075,1164135,372106,361775,34797,33620,163489,155305,11435,10707,619666,587765,529948,502129,34140,32526,20293,18941,6584,6280,2252,2312,26449,25577,553888,525316,47499,45645,29646,28026,14201,13547,4627,4525
R,5,2024,17,4531816,2322423,2209393,1672363,1585619,350746,338324,40023,37302,131338,125069,6974,6883,120979,116196,1783463,1692132,415147,400869,65109,61476,175644,166919,15699,15177,1703755,1622331,1143789,1083273,316830,306065,18672,18041,124625,118833,4786,4621,95053,91498,1231417,1167425,368111,356239,34499,33287,161462,153692,11199,10704,618668,587062,528574,502346,33916,32259,21351,19261,6713,6236,2188,2262,25926,24698,552046,524707,47036,44630,30610,28189,14182,13227,4500,4473
R,5,2024,18,4462075,2284466,2177609,1652077,1565733,337454,329310,39322,36542,133672,129412,6960,6839,114981,109773,1757510,1666331,397919,387563,63809,59593,175940,169657,15195,14623,1681534,1607006,1135883,1075716,305196,298457,18141,17767,127284,123518,4734,4712,90296,86836,1218914,1155510,353404,345342,33493,32366,162618,157207,10823,10468,602932,570603,516194,490017,32258,30853,21181,18775,6388,5894,2226,2127,24685,22937,538596,510821,44515,42221,30316,27227,13322,12450,4372,4155
R,5,2024,19,4440320,2273434,2166886,1645567,1558357,331755,322464,39269,35894,139766,137490,7164,6850,109913,105831,1746134,1655003,388433,377588,63190,58663,180920,176667,15081,14500,1682201,1610023,1138319,1079174,300646,292758,18076,17437,133575,131668,4968,4909,86617,84077,1217842,1156154,345850,337182,33199,32051,168186,164727,10843,10665,591233,556863,507248,479183,31109,29706,21193,18457,6191,5822,2196,1941,23296,21754,528292,498849,42583,40406,29991,26612,12734,11940,4238,3835
R,5,2024,20,4478172,2290211,2187961,1665540,1578936,329804,323243,38566,35420,142609,140608,6996,6688,106696,103066,1763228,1673254,384215,376386,62224,58114,182575,178907,14764,14137,1708058,1636739,1165071,1103409,299382,294470,17866,17370,136576,134914,4903,4808,84260,81768,1242445,1178435,342902,337135,32979,32137,170200,167222,10707,10341,582153,551222,500469,475527,30422,28773,20700,18050,6033,5694,2093,1880,22436,21298,520783,494819,41313,39251,29245,25977,12375,11685,4057,3796
R,5,2024,21,4428273,2263824,2164449,1647576,1561342,326265,321798,38017,34890,143878,141720,6930,6612,101158,98087,1739811,1650827,377588,371944,61003,57184,181672,178149,14544,13816,1692151,1621676,1155222,1092173,296149,293823,17617,17159,138098,136155,4937,4792,80128,77574,1228489,1163175,337306,333946,32419,31615,169983,166745,10639,10241,571673,542773,492354,469169,30116,27975,20400,17731,5780,5565,1993,1820,21030,20513,511322,487652,40282,37998,28584,25569,11689,11404,3905,3575
R,5,2024,22,4439262,2266361,2172901,1645425,1565098,331085,326584,37356,34720,147430,144061,6626,6477,98439,95961,1735209,1652368,380776,375758,60512,57496,183824,179060,13920,13609,1702916,1637672,1159511,1102459,301435,298787,17788,17200,141795,138634,4739,4635,77648,75957,1230490,1171756,341192,338171,32628,32086,172429,168106,10300,10048,563445,535229,485914,462639,29650,27797,19568,17520,5635,5427,1887,1842,20791,20004,504719,480612,39584,37587,27884,25410,11395,10954,3620,3561
R,5,2024,23,4522570,2308240,2214330,1668290,1588838,338585,334122,37166,35409,160000,155325,6567,6476,97632,94160,1757033,1674357,387523,381812,60571,57898,196387,189962,13935,13611,1745836,1679190,1182485,1125850,309204,306351,18028,17570,154273,150032,4805,4564,77041,74823,1252578,1193967,348205,344676,33271,32497,185028,179331,10362,9982,562404,535140,485805,462988,29381,27771,19138,17839,5727,5293,1762,1912,20591,19337,504455,480390,39318,37136,27300,25401,11359,10631,3573,3629
R,5,2024,24,4499871,2294744,2205127,1657116,1579867,340290,335787,37521,35504,158615,155344,6644,6319,94558,92306,1743109,1663392,387773,382866,61067,58177,192905,188749,13721,13323,1741589,1677644,1178942,1123619,311656,308398,18347,17766,153022,150049,4862,4459,74760,73353,1247043,1190099,349616,346297,33790,32870,182049,178229,10261,9784,553155,527483,478174,456248,28634,27389,19174,17738,5593,5295,1782,1860,19798,18953,496066,473293,38157,36569,27277,25307,10856,10520,3460,3539
R,5,2024,25,4459011,2269005,2190006,1642341,1570666,334266,331602,36576,35045,156823,156801,6642,6201,92357,89691,1726052,1651837,380109,376898,59791,57767,190445,189088,13972,13074,1729116,1671756,1175682,1122212,306298,304766,18046,17632,151241,151426,4849,4390,73000,71330,1241949,1186852,342934,341231,33432,32994,179635,178625,10477,9677,539889,518250,466659,448454,27968,26836,18530,17413,5582,5375,1793,1811,19357,18361,484103,464985,37175,35667,26359,24773,10810,10463,3495,3397
R,5,2024,26,4440529,2254726,2185803,1628674,1560965,334633,332641,35843,34631,159920,164046,6561,6336,89095,87184,1709263,1639802,378541,376099,58720,57041,192285,195513,13462,12935,1723265,1676067,1167949,1119066,307888,306714,17609,17641,154505,158715,4828,4558,70486,69373,1231762,1181863,343002,341613,32842,32853,181884,185408,10142,9640,531461,509736,460725,441899,26745,25927,18234,16990,5415,5331,1733,1778,18609,17811,477501,457939,35539,34486,25878,24188,10401,10105,3320,3295
R,5,2024,27,4456250,2257016,2199234,1632649,1569039,332068,332548,35591,34029,163566,171945,6522,6159,86620,85514,1710984,1646110,373924,374630,58604,56761,195267,202768,13330,12904,1728420,1692788,1174451,1129507,305330,307320,17629,17405,158234,166599,4742,4493,68034,67464,1236083,1190306,338362,340798,32844,32646,185083,192678,9962,9690,528596,506446,458198,439532,26738,25228,17962,16624,5332,5346,1780,1666,18586,18050,474901,455804,35562,33832,25760,24115,10184,10090,3368,3214
R,5,2024,28,4498943,2279601,2219342,1648171,1581721,336092,336515,35524,33458,168111,178422,6583,6490,85120,82736,1724951,1656195,376522,376579,58771,56114,199402,208496,13359,13202,1751711,1712966,1190002,1141496,309402,311148,17777,17196,162839,173049,4774,4722,66917,65355,1250375,1200369,341362,342931,33269,32506,189380,198512,10032,9983,527890,506376,458169,440225,26690,25367,17747,16262,5272,5373,1809,1768,18203,17381,474576,455826,35160,33648,25502,23608,10022,9984,3327,3219
R,5,2024,29,4566318,2311518,2254800,1663598,1598978,350650,351640,35911,34195,171289,182018,6759,6681,83311,81288,1738231,1671609,389593,390761,59526,57022,201957,211608,13824,13420,1782765,1747981,1204507,1158511,323724,325819,18205,17637,165933,176723,4936,4927,65460,64364,1263057,1216022,354361,356905,34190,33322,192028,201809,10417,10211,528753,506819,459091,440467,26926,25821,17706,16558,5356,5295,1823,1754,17851,16924,475174,455587,35232,33856,25336,23700,9929,9799,3407,3209
R,5,2024,30,4655466,2358764,2296702,1690883,1621792,367425,366953,36590,35328,176481,186069,6864,6797,80521,79763,1762624,1692720,404247,404671,60037,58585,206597,215035,13873,13637,1824398,1787599,1225958,1179219,340108,340924,18814,18587,171246,180714,5058,5062,63214,63093,1282190,1235259,368940,370837,34756,34691,196846,205295,10503,10377,534366,509103,464925,442573,27317,26029,17776,16741,5235,5355,1806,1735,17307,16670,480434,457461,35307,33834,25281,23894,9751,9740,3370,3260
R,5,2024,31,4732771,2397064,2335707,1715812,1648728,378746,375944,37845,35934,180271,191014,7102,6823,77288,77264,1784464,1717316,413118,411405,61031,59009,209496,219623,13930,13568,1859353,1825445,1247827,1204490,350840,349909,19573,19203,175151,185623,5205,5022,60757,61198,1301749,1258774,377598,377748,35420,35297,200210,210118,10607,10322,537711,510262,467985,444238,27906,26035,18272,16731,5120,5391,1897,1801,16531,16066,482715,458542,35520,33657,25611,23712,9286,9505,3323,3246
R,5,2024,32,4822149,2434763,2387386,1744237,1685308,381928,384903,39152,36110,186639,197073,7488,7092,75319,76900,1810536,1752863,414205,419588,62425,59107,215747,226530,14509,14130,1892893,1875964,1273639,1241914,353511,357128,20300,19561,181380,191563,5438,5236,58625,60562,1325103,1295041,378147,384019,36081,35477,206284,216744,10981,10716,541870,511422,470598,443394,28417,27775,18852,16549,5259,5510,2050,1856,16694,16338,485433,457822,36058,35569,26344,23630,9463,9786,3528,3414
R,5,2024,33,4887258,2466977,2420281,1770786,1709168,383513,389788,38431,35347,194278,204098,7974,7440,71995,74440,1833542,1774156,413633,422962,60623,57694,223175,233215,15145,14533,1928768,1918842,1304126,1276138,354756,361226,19756,19263,188680,198407,5828,5575,55622,58233,1352342,1326767,377340,386730,34660,34597,213425,223203,11471,11227,538209,501439,466660,433030,28757,28562,18675,16084,5598,5691,2146,1865,16373,16207,481200,447389,36293,36232,25963,23097,9750,10012,3674,3306
R,5,2024,34,4857143,2448883,2408260,1765666,1703686,375028,385278,37709,34796,195346,207041,8145,7462,66989,69997,1824199,1764820,402522,415917,58307,56018,222591,234540,14697,14145,1917184,1917607,1303592,1279823,346962,357058,19281,18994,189826,201486,5951,5626,51572,54620,1348404,1327320,367399,380330,33055,33438,213187,225095,11116,10938,531699,490653,462074,423863,28066,28220,18428,15802,5520,5555,2194,1836,15417,15377,475795,437500,35123,35587,25252,22580,9404,9445,3581,3207
R,5,2024,35,4727040,2384772,2342268,1728225,1662554,353159,365866,36396,32959,196146,208081,7990,7139,62856,65669,1783033,1719799,378279,394234,56013,52897,221957,234222,14263,13420,1869700,1870770,1280167,1254252,326283,339037,18329,17933,190827,202640,5926,5430,48168,51478,1321962,1298902,344578,360599,31322,31709,212999,225174,10921,10447,515072,471498,448058,408302,26876,26829,18067,15026,5319,5441,2064,1709,14688,14191,461071,420897,33701,33635,24691,21188,8958,9048,3342,2973
R,5,2024,36,4636483,2339690,2296793,1712969,1645999,333264,347096,35575,32278,190458,201540,7943,7058,59481,62822,1764607,1700815,356660,373861,54139,51394,215196,226795,14110,13218,1825911,1830175,1264416,1241261,307504,320954,17743,17388,185334,196448,5752,5300,45162,48824,1303356,1283723,324326,340873,29792,30422,206568,218174,10652,10238,513779,466618,448553,404738,25760,26142,17832,14890,5124,5092,2191,1758,14319,13998,461251,417092,32334,32988,24347,20972,8628,8621,3458,2980
R,5,2024,37,4581491,2316487,2265004,1708968,1632144,322058,336375,34489,31136,187009,197817,7788,7005,56175,60527,1757917,1684933,343849,361917,52405,50175,210343,221955,13476,12831,1807188,1803548,1263402,1231148,296650,310841,17139,16752,181909,192866,5552,5176,42536,46765,1300214,1271708,312084,329800,28832,29681,202004,213621,10109,9814,509299,461456,445566,400996,25408,25534,17350,14384,5100,4951,2236,1829,13639,13762,457703,413225,31765,32117,23573,20494,8339,8334,3367,3017
R,5,2024,38,4588456,2321258,2267198,1722899,1642861,315648,331363,33982,30793,185752,197064,7938,7184,55039,57933,1770721,1693107,336586,355267,51754,49324,208566,220381,13781,13030,1808504,1806868,1273880,1242094,290494,306010,16377,16507,180633,192129,5669,5438,41451,44690,1309629,1280627,305201,323590,27904,29222,200176,212123,10321,10147,512754,460330,449019,400767,25154,25353,17605,14286,5119,4935,2269,1746,13588,13243,461092,412480,31385,31677,23850,20102,8390,8258,3460,2883
R,5,2024,39,4549602,2296434,2253168,1711809,1637111,307332,325480,33059,30478,183564,196586,7765,7003,52905,56510,1757750,1686188,327154,348064,50547,48987,205497,219637,13400,12718,1788165,1794990,1265978,1237693,282848,300712,16051,16254,178448,191772,5458,5261,39382,43298,1299872,1275081,296483,316984,27302,28855,197191,211566,9928,9836,508269,458178,445831,399418,24484,24768,17008,14224,5116,4814,2307,1742,13523,13212,457878,411107,30671,31080,23245,20132,8306,8071,3472,2882
R,5,2024,40,4479108,2258282,2220826,1687923,1615263,297323,318415,32793,30198,182108,195148,7465,6863,50670,54939,1731892,1662897,316087,339890,49763,48590,203225,217655,12909,12594,1760198,1767040,1250648,1219309,273445,294135,15809,15950,177090,190478,5359,5175,37847,41993,1283219,1255502,286384,309562,26844,28482,195085,209722,9653,9741,498084,453786,437275,395954,23878,24280,16984,14248,5018,4670,2106,1688,12823,12946,448673,407395,29703,30328,22919,20108,8140,7933,3256,2853
R,5,2024,41,4529336,2281015,2248321,1711549,1640757,298739,322276,33445,30397,179135,193339,7505,6949,50642,54603,1755457,1687917,317333,343574,50689,49077,199985,215498,12978,12667,1776875,1786463,1268267,1237361,274981,297336,16075,16183,174245,188563,5378,5221,37929,41799,1300855,1273189,287820,312719,27457,28998,192000,207501,9726,9812,504140,461858,443282,403396,23758,24940,17370,14214,4890,4776,2127,1728,12713,12804,454602,414728,29513,30855,23232,20079,7985,7997,3252,2855
R,5,2024,42,4486413,2257066,2229347,1699220,1631125,294398,319030,32347,29258,174590,190496,7475,6775,49036,52663,1741681,1676520,312333,339797,49478,47579,194523,211505,12817,12291,1761060,1770173,1263255,1229271,270964,294635,15398,15420,169739,185615,5317,4998,36387,40234,1294468,1263739,283232,309614,26581,27984,186575,203532,9530,9413,496006,459174,435965,401854,23434,24395,16949,13838,4851,4881,2158,1777,12649,12429,447213,412781,29101,30183,22897,19595,7948,7973,3287,2878
R,5,2024,43,4440111,2231031,2209080,1686322,1619667,292610,319615,31652,29133,165060,182428,7324,6386,48063,51851,1727822,1664519,310225,340236,48584,47280,184558,202718,12584,11831,1741466,1754879,1254921,1222287,270047,295090,15264,15685,160192,177695,5197,4720,35845,39402,1285588,1256110,282160,309803,26449,28141,176747,194997,9385,9119,489565,454201,431401,397380,22563,24525,16388,13448,4868,4733,2127,1666,12218,12449,442234,408409,28065,30433,22135,19139,7811,7721,3199,2712
R,5,2024,44,4374063,2195616,2178447,1657540,1594143,292368,319783,31079,28421,161154,178988,7125,6593,46350,50519,1697582,1637601,309244,339813,47909,46401,179649,198761,12305,11962,1709483,1729940,1229426,1201666,269731,295597,14893,15207,156429,174348,4979,4911,34025,38211,1258550,1234230,281101,309787,25867,27585,171900,191093,9066,9209,486133,448507,428114,392477,22637,24186,16186,13214,4725,4640,2146,1682,12325,12308,439032,403371,28143,30026,22042,18816,7749,7668,3239,2753
R,5,2024,45,4200290,2102909,2097381,1592683,1536501,276259,306410,29143,27128,154943,173643,6374,6044,43507,47655,1630215,1577542,292074,324990,44946,44274,172287,192359,11143,10991,1647902,1669296,1190993,1162216,255262,283153,14353,14448,150591,169281,4583,4392,32120,35806,1218399,1192781,265946,296127,24727,26142,165265,185162,8361,8364,455007,428085,401690,374285,20997,23257,14790,12680,4352,4362,1791,1652,11387,11849,411816,384761,26128,28863,20219,18132,7022,7197,2782,2627
R,5,2024,46,4123941,2061191,2062750,1569148,1518894,266609,296792,28490,26778,148896,168480,6287,5804,41761,46002,1605023,1558312,281580,314565,43843,43645,165669,186572,10745,10572,1609367,1635834,1169406,1144290,246288,274255,13972,14381,144608,164038,4494,4283,30599,34587,1195363,1173639,256297,286579,24017,25950,158676,179428,8007,8125,451824,426916,399742,374604,20321,22537,14518,12397,4288,4442,1793,1521,11162,11415,409660,384673,25283,27986,19826,17695,6993,7144,2738,2447
R,5,2024,47,4030066,2009452,2020614,1530208,1487497,257939,289440,27743,25860,147773,168241,6032,5713,39757,43863,1564530,1524916,271949,306205,42643,42112,163578,185637,10394,10379,1569827,1599920,1140668,1117058,238381,267492,13854,14200,143444,163951,4322,4184,29158,33035,1165505,1144949,247622,279185,23764,25438,156729,178654,7762,7925,439625,420694,389540,370439,19558,21948,13889,11660,4329,4290,1710,1529,10599,10828,399025,379967,24327,27020,18879,16674,6849,6983,2632,2454
R,5,2024,48,3926647,1956439,1970208,1488220,1451344,249949,280641,26751,25108,147911,166287,5640,5458,37968,41370,1520935,1486635,263077,296165,41082,40683,163205,182772,9802,9784,1528704,1557641,1108439,1087242,231182,259479,13330,13569,143775,162083,4084,4044,27894,31224,1132190,1113591,239786,270252,22890,24428,156692,176078,7377,7522,427735,412567,379781,364102,18767,21162,13421,11539,4136,4204,1556,1414,10074,10146,388745,373044,23291,25913,18192,16255,6513,6694,2425,2262
R,5,2024,49,3945284,1964753,1980531,1500455,1465274,248722,280174,26342,25058,148188,165273,5707,5221,35339,39531,1530557,1498877,260833,294856,40094,40174,162346,181013,9658,9267,1544233,1574285,1124984,1104926,231155,260518,13173,13672,144234,161316,4162,3905,26525,29948,1147321,1130081,239408,270667,22529,24189,156388,174862,7361,7178,420520,406246,375471,360348,17567,19656,13169,11386,3954,3957,1545,1316,8814,9583,383236,368796,21425,24189,17565,15985,5958,6151,2297,2089
R,5,2024,50,3869730,1924555,1945175,1469922,1438452,243461,275765,25674,24561,146116,163251,5277,5109,34105,38037,1498974,1470617,254927,289753,38978,39245,159933,178458,9111,9132,1521642,1550559,1109586,1087808,226778,256732,12962,13486,142522,159498,3910,3816,25884,29219,1131387,1112229,234599,266596,22206,23986,154447,172628,7045,7071,402913,394616,360336,350644,16683,19033,12712,11075,3594,3753,1367,1293,8221,8818,367587,358388,20328,23157,16772,15259,5486,5830,2066,2061
R,5,2024,51,3936611,1955711,1980900,1495117,1466986,250395,283409,25623,24730,145340,163144,5273,5023,33963,37608,1523958,1498756,261422,297010,39123,39611,159192,178125,9040,8940,1558837,1591123,1139711,1120467,234230,264825,13145,13718,141746,159325,3956,3728,26049,29060,1161576,1144708,241838,274544,22681,24507,153812,172270,7027,6939,396874,389777,355406,346519,16165,18584,12478,11012,3594,3819,1317,1295,7914,8548,362382,354048,19584,22466,16442,15104,5380,5855,2013,2001
R,5,2024,52,4129916,2055003,2074913,1587781,1554522,258408,291651,25944,24961,143844,161089,5297,4936,33729,37754,1616345,1586375,269243,304975,39859,40378,157263,175902,9051,8953,1662534,1689520,1236274,1211405,242573,273446,13674,14153,140135,157451,3939,3690,25939,29375,1257973,1235882,250090,282943,23658,25473,151792,170366,7001,7009,392469,385393,351507,343117,15835,18205,12270,10808,3709,3638,1358,1246,7790,8379,358372,350493,19153,22032,16201,14905,5471,5536,2050,1944
R,5,2024,53,4360057,2173275,2186782,1696466,1654859,268899,304267,26364,25860,141570,158301,5149,5080,34827,38415,1726040,1687253,280053,317777,40989,41938,155142,173004,9168,9319,1782377,1804488,1345997,1315124,253141,286047,14396,14778,137935,154624,3840,3813,27068,30102,1368737,1340234,260960,295769,25111,26837,149710,167333,7138,7317,390898,382294,350469,339735,15758,18220,11968,11082,3635,3677,1309,1267,7759,8313,357303,347019,19093,22008,15878,15101,5432,5671,2030,2002
R,5,2024,54,4230664,2106473,2124191,1647731,1614800,259523,290534,25349,24666,135452,153019,5285,5044,33133,36128,1675714,1645018,270020,303046,39565,40186,148148,166852,9234,9137,1728302,1757772,1308900,1288288,244157,273447,13770,14411,131954,149427,3986,3881,25535,28318,1330193,1311722,251411,282457,24124,26079,142931,161338,7254,7273,378171,366419,338831,326512,15366,17087,11579,10255,3498,3592,1299,1163,7598,7810,345521,333296,18609,20589,15441,14107,5217,5514,1980,1864
R,5,2024,55,4084912,2029554,2055358,1594122,1569676,244802,275968,24312,23582,131026,147674,4714,4814,30578,33644,1620057,1597862,254022,287365,37912,38486,142653,160279,8266,8577,1674289,1709181,1275379,1261337,230294,259702,13558,13871,127849,144354,3560,3635,23649,26282,1295227,1283102,236577,267743,23614,25118,137946,155304,6479,6766,355265,346177,318743,308339,14508,16266,10754,9711,3177,3320,1154,1179,6929,7362,324830,314760,17445,19622,14298,13368,4707,4975,1787,1811
R,5,2024,56,3988677,1977274,2011403,1554956,1535028,243154,276299,23569,23265,121997,139982,4688,4739,28910,32090,1579321,1561750,251898,287116,36657,37655,132942,151863,7997,8550,1631348,1673728,1244731,1233873,228820,260289,13062,13969,118941,136872,3510,3628,22284,25097,1263245,1254513,234734,267918,22740,24909,128427,147136,6293,6814,345926,337675,310225,301155,14334,16010,10507,9296,3056,3110,1178,1111,6626,6993,316076,307237,17164,19198,13917,12746,4515,4727,1704,1736
R,5,2024,57,4017854,1982621,2035233,1569208,1565448,241931,278255,23104,23157,115560,132492,4768,4721,28050,31160,1592722,1591359,250346,288896,36107,37524,125966,143640,8154,8323,1650535,1708214,1270826,1273641,228449,262846,13226,14269,112583,129500,3651,3620,21800,24338,1288842,1293623,234153,270362,23020,25187,121590,139115,6516,6646,332086,327019,298382,291807,13482,15409,9878,8888,2977,2992,1117,1101,6250,6822,303880,297736,16193,18534,13087,12337,4376,4525,1638,1677
R,5,2024,58,4071220,2004573,2066647,1584239,1588661,248590,285744,23393,23324,116072,133350,4597,4680,27682,30888,1607304,1614313,256867,295953,36602,37997,126050,144334,7983,8321,1678488,1745244,1291758,1301978,234902,270471,13567,14594,113205,130304,3561,3704,21495,24193,1309397,1321801,240503,277677,23601,25931,121825,139729,6404,6739,326085,321403,292481,286683,13688,15273,9826,8730,2867,3046,1036,976,6187,6695,297907,292512,16364,18276,13001,12066,4225,4605,1579,1582
R,5,2024,59,4229114,2071030,2158084,1646377,1671936,252938,293085,23766,24086,115178,132626,4716,4867,28055,31484,1669815,1697984,261046,303366,37440,39465,125286,143494,8112,8603,1752802,1839258,1360778,1387202,239719,278007,14282,15592,112346,129704,3709,3845,21968,24908,1378872,1407523,245236,285333,24732,27661,121137,139104,6554,7003,318228,318826,285599,284734,13219,15078,9484,8494,2832,2922,1007,1022,6087,6576,290943,290461,15810,18033,12708,11804,4149,4390,1558,1600
R,5,2024,60,4295574,2101779,2193795,1680484,1709893,249096,288815,23379,23936,116470,135161,4464,4643,27886,31347,1703706,1735790,256957,298620,37321,39528,126390,146042,7919,8415,1798210,1885684,1408335,1434958,236222,274215,14311,15526,113766,132367,3502,3664,22074,24954,1426509,1455296,241642,281194,25170,27948,122393,141762,6421,6838,303569,308111,272149,274935,12874,14600,9068,8410,2704,2794,962,979,5812,6393,277197,280494,15315,17426,12151,11580,3997,4280,1498,1577
R,5,2024,61,4281094,2087194,2193900,1672367,1717116,244196,284909,22966,23647,116018,132707,4273,4546,27374,30975,1695279,1742634,251680,294663,36596,39323,125838,143226,7554,8184,1798004,1896975,1412626,1451947,232265,271232,14291,15476,113415,129961,3378,3633,22029,24726,1430863,1472044,237461,278177,25156,27973,122040,139095,6207,6707,289190,296925,259741,265169,11931,13677,8675,8171,2603,2746,895,913,5345,6249,264416,270590,14219,16486,11440,11350,3798,4131,1347,1477
R,5,2024,62,4294436,2090140,2204296,1690771,1740527,239421,282345,22519,23701,106104,122789,4290,4388,27035,30546,1713387,1765622,246692,291964,36233,39465,115713,133069,7613,7961,1813083,1920461,1441891,1487081,227980,269493,14282,15708,103720,120125,3462,3493,21748,24561,1459915,1507038,233010,276394,25230,28461,112129,129030,6281,6496,277057,283835,248880,253446,11441,12852,8237,7993,2384,2664,828,895,5287,5985,253472,258584,13682,15570,11003,11004,3584,4039,1332,1465
R,5,2024,63,4255491,2063615,2191876,1672717,1733868,235082,278448,21649,23210,103624,122647,4093,4276,26450,29427,1694826,1758041,242037,287366,35298,38656,112979,132560,7259,7773,1802264,1919308,1438159,1490071,224188,266050,13870,15764,101288,120045,3309,3465,21450,23913,1455862,1509475,229097,272581,24839,28353,109543,128679,5998,6438,261351,272568,234558,243797,10894,12398,7779,7446,2336,2602,784,811,5000,5514,238964,248566,12940,14785,10459,10303,3436,3881,1261,1335
R,5,2024,64,4167219,2017131,2150088,1631877,1696312,231309,275484,21062,22734,102961,122669,4096,4080,25826,28809,1653530,1719878,238100,284454,34405,37979,112126,132145,7183,7465,1765388,1888432,1405944,1462749,220697,263392,13704,15482,100744,120181,3304,3299,20995,23329,1423396,1481580,225474,269963,24462,27902,108834,128373,5916,6160,251743,261656,225933,233563,10612,12092,7358,7252,2217,2488,792,781,4831,5480,230134,238298,12626,14491,9943,10077,3292,3772,1267,1305
R,5,2024,65,4083984,1965579,2118405,1600015,1681954,219818,265266,19454,21479,98209,118796,3742,3827,24341,27083,1620356,1704279,226141,273355,32289,36211,106672,127580,6547,6889,1736503,1873997,1394351,1463360,210068,253978,12914,14777,96202,116543,3056,3159,19912,22180,1410853,1481464,214526,259877,23407,26964,103663,124237,5445,5795,229076,244408,205664,218594,9750,11288,6540,6702,2007,2253,686,668,4429,4903,209503,222815,11615,13478,8882,9247,3009,3343,1102,1094
R,5,2024,66,4041229,1938999,2102230,1584673,1678012,211094,256460,18994,20804,96901,116836,3564,3759,23773,26359,1604487,1699585,217244,264460,31661,35244,105153,125286,6317,6732,1721871,1867392,1389826,1467637,201883,245707,12667,14606,94984,114782,2932,3075,19579,21585,1405996,1485103,206286,251603,23118,26527,102328,122146,5276,5627,217128,234838,194847,210375,9211,10753,6327,6198,1917,2054,632,684,4194,4774,198491,214482,10958,12857,8543,8717,2825,3140,1041,1105
R,5,2024,67,3910875,1866571,2044304,1529441,1632397,199991,249888,18222,19821,93121,113429,3410,3496,22386,25273,1548105,1653225,205814,257389,30398,34112,100684,121149,5958,6383,1663075,1820976,1347012,1432396,191259,239541,12104,13970,91361,111386,2802,2904,18537,20779,1362316,1449315,195452,245034,22198,25903,98117,118128,5015,5368,203496,223328,182429,200001,8732,10347,6118,5851,1760,2043,608,592,3849,4494,185789,203910,10362,12355,8200,8209,2567,3021,943,1015
R,5,2024,68,3761001,1782457,1978544,1462614,1580973,187853,238577,17175,19227,90564,112121,3087,3483,21164,24163,1480295,1600733,193301,245783,28621,32829,97682,119708,5541,6177,1590536,1764461,1290537,1389223,179587,228756,11423,13674,88890,110081,2561,2909,17538,19818,1305058,1405256,183473,234009,20912,25019,95251,116675,4697,5198,191921,214083,172077,191750,8266,9821,5752,5553,1674,2040,526,574,3626,4345,175237,195477,9828,11774,7709,7810,2431,3033,844,979
R,5,2024,69,3648415,1720929,1927486,1417725,1546163,176511,227205,16089,17851,87611,110140,2964,3299,20029,22828,1434355,1564811,181622,234051,27185,30667,94294,117203,5285,5905,1541506,1724336,1256065,1363170,168949,218353,11087,12893,86047,108320,2489,2748,16869,18852,1269954,1378346,172696,223427,20489,23646,92055,114530,4507,5006,179423,203150,161660,182993,7562,8852,5002,4958,1564,1820,475,551,3160,3976,164401,186465,8926,10624,6696,7021,2239,2673,778,899
R,5,2024,70,3489818,1635562,1854256,1357321,1497620,160627,212979,14786,16741,81750,102577,2663,3025,18415,21314,1372716,1515030,165217,219257,25257,29004,87685,109034,4704,5463,1473307,1666373,1211057,1328399,153683,204769,10321,12130,80444,100917,2239,2509,15563,17649,1223973,1342628,157046,209387,19275,22451,85759,106616,4042,4638,162255,187883,146264,169221,6944,8210,4465,4611,1306,1660,424,516,2852,3665,148743,172402,8171,9870,5982,6553,1926,2418,662,825
R,5,2024,71,3339946,1557078,1782868,1297838,1446241,147654,198803,13588,15666,78397,99327,2595,2849,17006,19982,1312006,1462607,151810,204555,23177,27199,83995,105429,4567,5147,1408566,1607533,1163897,1287947,141330,191132,9564,11488,77122,97810,2224,2374,14429,16782,1175821,1301533,144378,195482,17789,21337,82150,103183,3956,4383,148512,175335,133941,158294,6324,7671,4024,4178,1275,1517,371,475,2577,3200,136185,161074,7432,9073,5388,5862,1845,2246,611,764
R,5,2024,72,3204374,1487753,1716621,1247963,1398474,137505,189649,12602,14692,71599,92637,2306,2654,15778,18515,1261089,1413727,141362,194945,21746,25637,76588,98026,4170,4760,1349525,1552996,1122818,1250829,131844,182330,9005,10862,70436,91250,1975,2220,13447,15505,1133928,1263428,134722,186308,16843,20228,74946,95992,3612,4053,138228,163625,125145,147645,5661,7319,3597,3830,1163,1387,331,434,2331,3010,127161,150299,6640,8637,4903,5409,1642,2034,558,707
R,5,2024,73,2985239,1373455,1611784,1147216,1306391,129282,181465,11925,13868,68021,90289,2140,2388,14871,17383,1159606,1320564,132924,186588,20587,24143,72697,95378,3875,4396,1244487,1456402,1030524,1166118,123890,174673,8588,10122,66927,88893,1844,2022,12714,14574,1041031,1177845,126603,178550,16089,18918,71141,93352,3399,3754,128968,155382,116692,140273,5392,6792,3337,3746,1094,1396,296,366,2157,2809,118575,142719,6321,8038,4498,5225,1556,2026,476,642
R,5,2024,74,2858221,1310505,1547716,1093498,1254540,121147,171356,11455,13006,68209,89845,2183,2422,14013,16547,1105142,1267981,124598,176242,19752,22728,72506,94699,3828,4356,1190531,1400872,984896,1121747,116196,164878,8347,9699,67236,88562,1847,2064,12009,13922,994825,1132926,118826,168574,15513,18074,71080,92815,3313,3767,119974,146844,108602,132793,4951,6478,3108,3307,973,1283,336,358,2004,2625,110317,135055,5772,7668,4239,4654,1426,1884,515,589
R,5,2024,75,2752682,1257120,1495562,1058430,1225213,109972,158494,10619,12136,63056,81918,2041,2290,13002,15511,1069252,1237985,113090,162942,18353,21453,67040,86304,3564,4016,1148056,1359760,959564,1102073,105601,152704,7788,9114,62164,80747,1750,1967,11189,13155,968813,1112803,107960,156082,14545,17242,65736,84605,3096,3479,109064,135802,98866,123140,4371,5790,2831,3022,892,1171,291,323,1813,2356,100439,125182,5130,6860,3808,4211,1304,1699,468,537
R,5,2024,76,2702831,1232574,1470257,1048545,1219110,101257,147128,9875,11354,58622,75596,1823,2087,12452,14982,1058964,1231513,104260,151342,17394,20376,62280,79816,3258,3775,1129769,1341464,955228,1102163,97155,141727,7304,8614,57778,74495,1571,1788,10733,12677,964136,1112538,99456,144941,13884,16436,61051,78214,2863,3279,102805,128793,93317,116947,4102,5401,2571,2740,844,1101,252,299,1719,2305,94828,118975,4804,6401,3510,3940,1229,1602,395,496
R,5,2024,77,2710306,1242272,1468034,1069842,1233872,94044,135857,9664,10953,55029,71010,1678,1878,12015,14464,1080009,1245950,96818,139830,17078,19843,58402,74935,3063,3467,1145483,1345847,981672,1122747,90333,130756,7257,8403,54322,69970,1452,1613,10447,12358,990475,1132963,92474,133821,13845,16167,57320,73454,2678,3032,96789,122187,88170,111125,3711,5101,2407,2550,707,1040,226,265,1568,2106,89534,112987,4344,6009,3233,3676,1082,1481,385,435
R,5,2024,78,1901380,848738,1052642,717560,867954,69604,106432,7017,8371,44203,57258,1459,1641,8895,10986,724977,877025,71733,109474,12277,14778,46914,60496,2568,2960,770970,948902,646762,773641,66519,102009,5150,6244,43618,56407,1269,1427,7652,9174,653113,781136,68127,104264,9739,11704,46051,59230,2249,2603,77768,103740,70798,94313,3085,4423,1867,2127,585,851,190,214,1243,1812,71864,95889,3606,5210,2538,3074,863,1266,319,357
R,5,2024,79,1831842,812835,1019007,689201,842478,65761,101929,6586,8022,41519,54423,1246,1510,8522,10645,696364,851304,67757,104886,11652,14292,44017,57509,2356,2784,741289,923332,623956,755330,63016,98016,4945,6057,40933,53613,1078,1297,7361,9019,630088,762744,64526,100245,9406,11494,43176,56327,2082,2427,71546,95675,65245,87148,2745,3913,1641,1965,586,810,168,213,1161,1626,66276,88560,3231,4641,2246,2798,841,1182,274,357
R,5,2024,80,1761930,774378,987552,662476,826036,59525,93923,6012,7444,37603,48896,1130,1268,7632,9985,668924,834317,61207,96688,10628,13414,39828,51666,2097,2484,710647,898998,604275,745130,56999,90452,4562,5657,37148,48167,993,1110,6670,8482,609887,752111,58307,92559,8679,10851,39143,50606,1858,2193,63731,88554,58201,80906,2526,3471,1450,1787,455,729,137,158,962,1503,59037,82206,2900,4129,1949,2563,685,1060,239,291
R,5,2024,81,1709247,744290,964957,641141,813270,54707,89351,5468,6913,34800,44931,966,1201,7208,9291,647238,821023,56377,91873,9909,12616,36778,47439,1828,2245,686518,881850,588303,737528,52433,85865,4258,5214,34362,44297,859,1026,6303,7920,593635,744097,53708,87752,8246,10235,36127,46500,1621,1957,57772,83107,52838,75742,2274,3486,1210,1699,438,634,107,175,905,1371,53603,76926,2669,4121,1663,2381,651,939,207,288
R,5,2024,82,1430514,613549,816965,524364,682872,46178,77432,4777,5938,31167,41624,838,1063,6225,8036,529574,689575,47621,79599,8543,10781,32991,43855,1575,1960,563322,744667,478381,616592,44245,74674,3727,4515,30794,41062,731,898,5444,6926,482917,622324,45365,76352,7091,8782,32431,43039,1392,1709,50227,72298,45983,66280,1933,2758,1050,1423,373,562,107,165,781,1110,46657,67251,2256,3247,1452,1999,560,816,183,251
R,5,2024,83,1248137,527244,720893,448296,600155,40299,69793,4212,5387,28268,37515,757,923,5412,7120,452843,606047,41504,71713,7487,9643,29881,39569,1430,1773,481956,654460,406776,539261,38568,67141,3272,4172,27940,36998,674,783,4726,6105,410736,544287,39488,68617,6191,7906,29384,38808,1271,1535,45288,66433,41520,60894,1731,2652,940,1215,328,517,83,140,686,1015,42107,61760,2016,3096,1296,1737,497,761,159,238
R,5,2024,84,1107199,459094,648105,388114,536957,35844,64018,3750,4963,25763,34596,690,904,4933,6667,392277,542494,36949,65870,6631,8893,27293,36483,1293,1703,418279,586733,350768,480861,34256,61528,2902,3786,25441,34119,594,746,4318,5693,354399,485557,35101,62931,5464,7218,26829,35790,1142,1452,40815,61372,37346,56096,1588,2490,848,1177,322,477,96,158,615,974,37878,56937,1848,2939,1167,1675,464,693,151,251
R,5,2024,85,1002367,410651,591716,349415,494575,30718,55885,3185,4373,22561,30309,556,797,4216,5777,352991,499405,31695,57408,5708,7817,23811,31960,1050,1492,374762,536408,316515,443891,29309,53636,2480,3372,22299,29894,481,669,3678,4946,319615,448012,30055,54785,4720,6400,23427,31345,932,1273,35889,55308,32900,50684,1409,2249,705,1001,262,415,75,128,538,831,33376,51393,1640,2623,988,1417,384,615,118,219
R,5,2024,86,893426,359588,533838,305326,445404,26860,50624,2860,3969,20189,27968,516,736,3837,5137,308560,449673,27765,52041,5134,6924,21349,29461,958,1350,327927,483966,276257,399749,25687,48586,2243,3078,19961,27601,440,593,3339,4359,279059,403341,26372,49666,4268,5651,21000,28913,830,1128,31661,49872,29069,45655,1173,2038,617,891,228,367,76,143,498,778,29501,46332,1393,2375,866,1273,349,548,128,222
R,5,2024,87,765047,302339,462708,256183,385680,22470,43788,2397,3397,17599,24613,463,592,3227,4638,258948,389559,23191,45042,4268,6084,18607,25965,832,1146,275094,419084,231138,345570,21404,42114,1896,2621,17404,24269,410,501,2842,4009,233564,348899,21958,43084,3584,4999,18321,25478,741,993,27245,43624,25045,40110,1066,1674,501,776,195,344,53,91,385,629,25384,40660,1233,1958,684,1085,286,487,91,153
R,5,2024,88,678843,263679,415164,223233,345439,19861,39917,2097,3110,15273,22015,388,525,2827,4158,225596,348883,20511,41063,3716,5537,16180,23215,756,995,239828,376263,201257,309742,18956,38417,1658,2389,15112,21720,343,445,2502,3550,203346,312665,19456,39304,3118,4496,15940,22772,673,865,23851,38901,21976,35697,905,1500,439,721,161,295,45,80,325,608,22250,36218,1055,1759,598,1041,240,443,83,130
R,5,2024,89,590807,224582,366225,190290,305560,16528,34490,1780,2704,13203,19384,338,453,2443,3634,192369,308567,17073,35476,3174,4781,13962,20486,659,890,204356,332071,171597,274184,15803,33175,1415,2040,13059,19121,303,386,2179,3165,173448,276788,16244,33953,2680,3884,13740,20106,596,771,20226,34154,18693,31376,725,1315,365,664,144,263,35,67,264,469,18921,31779,829,1523,494,897,222,380,63,119
R,5,2024,90,482929,179577,303352,151852,252404,13116,28573,1412,2143,10860,16751,296,399,2041,3082,153585,254984,13583,29407,2539,3894,11542,17689,548,775,163301,275302,136815,226575,12547,27505,1112,1656,10750,16532,259,350,1818,2684,138362,228813,12921,28160,2133,3215,11366,17371,485,682,16276,28050,15037,25829,569,1068,300,487,110,219,37,49,223,398,15223,26171,662,1247,406,679,176,318,63,93
R,5,2024,91,420714,152763,267951,129284,223036,11031,24898,1207,1900,9323,15142,233,321,1685,2654,130701,225229,11421,25630,2133,3411,9891,15922,451,679,139539,244041,117062,200969,10550,23989,974,1506,9225,14967,206,281,1522,2329,118337,202884,10874,24583,1815,2862,9752,15661,405,603,13224,23910,12222,22067,481,909,233,394,98,175,27,40,163,325,12364,22345,547,1047,318,549,139,261,46,76
R,5,2024,92,357851,126516,231335,107951,194334,8459,20171,954,1574,7577,12668,186,271,1389,2317,109138,196267,8784,20795,1720,2901,8033,13338,368,559,115370,211001,97572,175501,8116,19430,763,1249,7500,12542,166,244,1253,2035,98644,177188,8383,19938,1460,2431,7918,13150,327,498,11146,20334,10379,18833,343,741,191,325,77,126,20,27,136,282,10494,19079,401,857,260,470,115,188,41,61
R,5,2024,93,299148,102524,196624,87395,165016,6680,16737,764,1344,6329,11312,166,243,1190,1972,88396,166662,6948,17289,1425,2456,6736,11895,323,494,93478,179413,78982,149097,6393,16128,608,1051,6282,11194,150,211,1063,1732,79876,150535,6612,16569,1200,2047,6653,11711,292,440,9046,17211,8413,15919,287,609,156,293,47,118,16,32,127,240,8520,16127,336,720,225,409,83,184,31,54
R,5,2024,94,240601,79773,160828,67552,134396,5305,13922,674,1103,5182,9557,132,204,928,1646,68335,135757,5530,14388,1200,2040,5478,10038,248,407,72631,146846,60927,121456,5066,13439,544,883,5143,9448,118,180,833,1440,61634,122645,5250,13806,1021,1722,5409,9878,221,357,7142,13982,6625,12940,239,483,130,220,39,109,14,24,95,206,6701,13112,280,582,179,318,69,160,27,50
R,5,2024,95,187258,59584,127674,50456,106773,3859,10879,479,824,3946,7643,92,173,752,1382,51080,107916,4039,11278,901,1609,4186,8045,200,350,54482,117023,45718,96952,3696,10492,394,654,3915,7547,84,157,675,1221,46278,97954,3847,10821,777,1361,4133,7911,179,318,5102,10651,4738,9821,163,387,85,170,31,96,8,16,77,161,4802,9962,192,457,124,248,53,134,21,32
R,5,2024,96,146850,44979,101871,37931,85127,2866,8561,363,700,3167,6234,65,128,587,1121,38428,86062,2997,8865,680,1341,3368,6552,149,283,41262,93840,34469,77720,2755,8273,300,570,3146,6165,60,113,532,999,34920,78546,2866,8524,591,1151,3332,6455,136,252,3717,8031,3462,7407,111,288,63,130,21,69,5,15,55,122,3508,7516,131,341,89,190,36,97,13,31
R,5,2024,97,109492,32272,77220,26951,64265,2124,6483,273,555,2416,4956,51,95,457,866,27330,64984,2247,6731,533,1052,2557,5198,109,204,29662,71350,24525,58852,2045,6258,236,457,2401,4914,46,83,409,786,24864,59504,2145,6469,472,915,2529,5135,94,182,2610,5870,2426,5413,79,225,37,98,15,42,5,12,48,80,2466,5480,102,262,61,137,28,63,15,22
R,5,2024,98,78546,22100,56446,18304,46583,1455,4853,188,402,1796,3857,28,76,329,675,18577,47138,1544,5047,364,780,1904,4055,75,168,20332,52268,16670,42719,1399,4704,158,335,1786,3828,26,69,293,613,16913,43226,1468,4870,319,685,1883,4006,67,148,1768,4178,1634,3864,56,149,30,67,10,29,2,7,36,62,1664,3912,76,177,45,95,21,49,8,20
R,5,2024,99,55808,15053,40755,12259,33457,1018,3424,135,308,1372,2976,26,66,243,524,12463,33889,1080,3594,269,612,1455,3114,59,127,13895,37879,11190,30801,984,3319,117,267,1362,2957,23,61,219,474,11373,31193,1036,3469,239,547,1439,3077,52,113,1158,2876,1069,2656,34,105,18,41,10,19,3,5,24,50,1090,2696,44,125,30,65,16,37,7,14
R,5,2024,100,98671,24320,74351,18888,59128,1663,6516,260,618,2973,6845,46,134,490,1110,19287,60016,1805,6880,521,1238,3146,7155,122,299,22618,69815,17327,54946,1606,6348,234,552,2957,6814,43,124,451,1031,17698,55772,1729,6676,476,1133,3115,7099,107,274,1702,4536,1561,4182,57,168,26,66,16,31,3,10,39,79,1589,4244,76,204,45,105,31,56,15,25
R,6,2024,999,339824802,168196418,171628384,126668453,127496104,22391888,24167134,2396404,2333637,10944905,11802800,475316,462048,5319452,5366661,131432865,132278723,24862353,26703661,3864466,3855688,12941322,13780327,926137,914009,133821528,138077366,96934316,98506043,20586970,22327177,1203443,1238200,10573302,11432626,339719,333516,4183778,4239804,100680899,102281851,22506997,24308935,2212665,2307644,12262038,13104284,690126,686433,34374890,33551018,29734137,28990061,1804918,1839957,1192961,1095437,371603,370174,135597,128532,1135674,1126857,30751966,29996872,2355356,2394726,1651801,1548044,679284,676043,236011,227576
R,6,2024,0,3614704,1846208,1768496,1269417,1213740,297413,287967,36212,35109,110160,103672,7947,7555,125059,120453,1384416,1324481,366563,354695,59573,57746,156417,148034,16538,15752,1316629,1257365,842752,802338,256699,248578,11990,11483,101810,95859,4358,4013,99020,95094,934327,890257,312240,302035,26657,25632,139986,132396,10574,9928,529579,511131,426665,411402,40714,39389,24222,23626,8350,7813,3589,3542,26039,25359,450089,434224,54323,52660,32916,32114,16431,15638,5964,5824
R,6,2024,1,3704374,1891794,1812580,1295117,1238185,304794,295423,37885,36736,117759,111115,8244,7893,127995,123228,1412803,1351443,375376,363468,61807,59897,165278,156710,17017,16274,1345727,1285468,855961,814778,262799,254830,12156,11648,109127,102937,4567,4201,101117,97074,949451,904491,319300,309161,27072,26012,148384,140541,10909,10251,546067,527112,439156,423407,41995,40593,25729,25088,8632,8178,3677,3692,26878,26154,463352,446952,56076,54307,34735,33885,16894,16169,6108,6023
R,6,2024,2,3771479,1925681,1845798,1315325,1257504,311196,302748,37552,36022,123023,116294,8156,7799,130429,125431,1435231,1372777,383020,371867,61940,59569,171534,162866,17088,16308,1380358,1319231,876938,834003,269156,262156,12400,11779,114386,108037,4601,4341,102877,98915,972030,925391,326506,317352,27530,26374,154499,146560,11063,10508,545323,526567,438387,423501,42040,40592,25152,24243,8637,8257,3555,3458,27552,26516,463201,447386,56514,54515,34410,33195,17035,16306,6025,5800
R,6,2024,3,3681943,1882182,1799761,1281810,1220903,309153,300237,36112,34843,121514,115359,7237,6822,126356,121597,1397969,1332650,378738,367239,59734,57628,168518,160540,15876,15067,1364851,1300830,864707,818480,270115,262653,12428,11987,113599,107600,4372,4034,99630,96076,956792,907236,325612,316228,27065,26155,152500,145064,10628,10025,517331,498931,417103,402423,39038,37584,23684,22856,7915,7759,2865,2788,26726,25521,441177,425414,53126,51011,32669,31473,16018,15476,5248,5042
R,6,2024,4,3830138,1956961,1873177,1347821,1286637,309003,300132,38276,36583,127314,121040,7405,6968,127142,121817,1464710,1398621,379166,367409,61893,59353,174591,166190,16094,15204,1433537,1370532,923511,878551,271608,264564,13856,13388,119169,113232,4628,4259,100765,96538,1016619,967733,327806,318492,28654,27620,158491,150809,11002,10308,523424,502645,424310,408086,37395,35568,24420,23195,8145,7808,2777,2709,26377,25279,448091,430888,51360,48917,33239,31733,16100,15381,5092,4896
R,6,2024,5,3880884,1981373,1899511,1368544,1307055,310622,303693,38844,37117,128526,122471,7647,7070,127190,122105,1485433,1419261,380677,371088,62576,60088,175863,167644,16342,15341,1450716,1387960,937641,891030,273076,267645,14296,13852,120193,114536,4755,4391,100755,96506,1030680,980142,329119,321516,29174,28176,159603,152065,11158,10461,530657,511551,430903,416025,37546,36048,24548,23265,8333,7935,2892,2679,26435,25599,454753,439119,51558,49572,33402,31912,16260,15579,5184,4880
R,6,2024,6,3967895,2027877,1940018,1399899,1334685,317509,310261,39423,37249,133874,126628,7764,7207,129408,123988,1518805,1448595,388410,378573,63645,60597,182271,172575,16666,15634,1489535,1421723,960623,911478,280932,274807,14439,13903,125752,118811,4924,4542,102865,98182,1055579,1002092,337888,329510,29662,28524,166195,157071,11507,10747,538342,518295,439276,423207,36577,35454,24984,23346,8122,7817,2840,2665,26543,25806,463226,446503,50522,49063,33983,32073,16076,15504,5159,4887
R,6,2024,7,4046913,2069807,1977106,1435279,1365845,317779,310378,38406,37174,139980,131823,7897,7406,130466,124480,1555059,1480217,388327,378407,63074,60917,189470,178181,17047,15977,1523223,1450028,985342,932624,281703,275123,15468,14839,131866,124097,5088,4730,103756,98615,1080999,1023633,338244,329575,31110,29771,173343,162757,11916,11050,546584,527078,449937,433221,36076,35255,22938,22335,8114,7726,2809,2676,26710,25865,474060,456584,50083,48832,31964,31146,16127,15424,5131,4927
R,6,2024,8,4139876,2115198,2024678,1482563,1412202,319190,313444,37760,36359,136552,129317,7680,7411,131453,125945,1603352,1527960,390075,381952,62951,60567,186195,176272,16883,16111,1557007,1487226,1019465,966855,283749,278630,15983,15330,128457,121675,4881,4754,104472,99982,1115888,1059171,340618,333581,32002,30674,169942,160863,11703,11194,558191,537452,463098,445347,35441,34814,21777,21029,8095,7642,2799,2657,26981,25963,487464,468789,49457,48371,30949,29893,16253,15409,5180,4917
R,6,2024,9,4170776,2130394,2040382,1490363,1422212,325105,317488,37323,36463,138845,131231,7539,7410,131219,125578,1610933,1537611,395881,385685,62554,60637,188282,178114,16743,16104,1574290,1502857,1028431,976595,288991,282104,16316,15656,131138,123759,4872,4776,104542,99967,1124899,1068864,345776,336938,32487,31082,172619,162991,11750,11263,556104,537525,461932,445617,36114,35384,21007,20807,7707,7472,2667,2634,26677,25611,486034,468747,50105,48747,30067,29555,15663,15123,4993,4841
R,6,2024,10,4149543,2125195,2024348,1491015,1414125,325877,316156,37545,36332,134206,127242,7179,6985,129373,123508,1609913,1527609,395311,383479,62599,60233,183063,173027,16367,15611,1572366,1494870,1031749,974744,289444,281021,16662,15920,126739,120253,4673,4552,103099,98380,1126933,1065548,345164,335237,32814,31256,167689,158504,11497,10946,552829,529478,459266,439381,36433,35135,20883,20412,7467,6989,2506,2433,26274,25128,482980,462061,50147,48242,29785,28977,15374,14523,4870,4665
R,6,2024,11,4138383,2114563,2023820,1482152,1415281,323217,314179,37388,36042,137008,129503,7255,7009,127543,121806,1599231,1527046,391166,379937,62194,59881,185630,175154,16526,15675,1565929,1494510,1025057,974315,287908,280081,16764,16033,129693,122530,4785,4554,101722,96997,1118833,1063712,342453,332928,32789,31406,170510,160709,11670,10943,548634,529310,457095,440966,35309,34098,20624,20009,7315,6973,2470,2455,25821,24809,480398,463334,48713,47009,29405,28475,15120,14445,4856,4732
R,6,2024,12,4146666,2122971,2023695,1495706,1422872,324438,313308,38661,36817,131176,123978,7021,6780,125969,119940,1611340,1532947,391872,377932,63540,60611,178623,168722,16085,15382,1568080,1490737,1032765,977614,289638,280018,16914,16170,124021,117268,4585,4378,100157,95289,1125112,1065461,343647,331837,32955,31482,163723,154625,11294,10717,554891,532958,462941,445258,34800,33290,21747,20647,7155,6710,2436,2402,25812,24651,486228,467486,48225,46095,30585,29129,14900,14097,4791,4665
R,6,2024,13,4188288,2147854,2040434,1522815,1442662,326544,314824,36878,35421,128255,121104,6992,6622,126370,119801,1638913,1552617,394068,379239,62114,59605,175636,165590,16112,15171,1580033,1495832,1043252,983514,293617,282523,17142,16288,121341,114622,4618,4286,100063,94599,1135565,1070700,347559,333842,33351,31766,160840,151658,11338,10563,567821,544602,479563,459148,32927,32301,19736,19133,6914,6482,2374,2336,26307,25202,503348,481917,46509,45397,28763,27839,14796,13932,4774,4608
R,6,2024,14,4277729,2190572,2087157,1562936,1482113,331626,320333,36532,35150,126481,120969,6781,6576,126216,122016,1679188,1594221,399313,386289,61925,60035,173056,165555,15667,15119,1605538,1527082,1065385,1006226,298891,288698,17424,17027,119830,114725,4615,4347,99393,96059,1157321,1094830,352755,341029,33520,32927,158512,151862,11156,10595,585034,560075,497551,475887,32735,31635,19108,18123,6651,6244,2166,2229,26823,25957,521867,499391,46558,45260,28405,27108,14544,13693,4511,4524
R,6,2024,15,4375354,2240305,2135049,1604207,1521234,341114,330528,37037,35476,126433,121218,6859,6758,124655,119835,1718720,1631494,408144,395548,62384,59408,171976,164632,15576,15156,1645009,1567162,1096424,1037384,308005,298489,17929,17348,119724,114946,4668,4552,98259,94443,1187036,1124644,361505,350475,34007,32402,157663,151148,11107,10726,595296,567887,507783,483850,33109,32039,19108,18128,6709,6272,2191,2206,26396,25392,531684,506850,46639,45073,28377,27006,14313,13484,4469,4430
R,6,2024,16,4533651,2323197,2210454,1666822,1577925,352770,341985,39003,37099,132071,125921,7083,6853,125448,120671,1781984,1688678,420034,407792,64522,61637,177852,169237,16097,15214,1703153,1622488,1136714,1075881,318524,309324,18662,18102,125476,119602,4831,4541,98946,95038,1227875,1163395,372384,361979,34840,33549,163641,155633,11461,10702,620044,587966,530108,502044,34246,32661,20341,18997,6595,6319,2252,2312,26502,25633,554109,525283,47650,45813,29682,28088,14211,13604,4636,4512
R,6,2024,17,4535010,2324486,2210524,1672800,1585560,351409,338761,40110,37365,131863,125282,6997,6921,121307,116635,1784195,1692449,416084,401601,65265,61590,176197,167296,15728,15262,1704590,1622618,1143412,1082569,317366,306483,18622,18060,125129,119031,4801,4650,95260,91825,1231232,1166997,368842,356863,34475,33318,161968,154040,11227,10770,619896,587906,529388,502991,34043,32278,21488,19305,6734,6251,2196,2271,26047,24810,552963,525452,47242,44738,30790,28272,14229,13256,4501,4492
R,6,2024,18,4473083,2290340,2182743,1655244,1568768,338568,330361,39569,36698,134319,129819,6989,6826,115651,110271,1761328,1669859,399380,388871,64153,59842,176890,170203,15271,14673,1684589,1609493,1136791,1076773,306121,299257,18211,17774,127874,123877,4760,4693,90832,87119,1220347,1156872,354587,346307,33624,32412,163470,157635,10881,10477,605751,573250,518453,491995,32447,31104,21358,18924,6445,5942,2229,2133,24819,23152,540981,512987,44793,42564,30529,27430,13420,12568,4390,4196
R,6,2024,19,4448745,2277792,2170953,1647875,1560705,332719,323326,39498,36171,140050,137641,7176,6894,110474,106216,1748962,1657712,389806,378774,63538,58971,181307,176904,15125,14535,1683733,1611730,1138586,1079707,301367,293431,18065,17533,133837,131807,4956,4934,86922,84318,1218384,1156916,346836,338083,33197,32101,168501,164933,10846,10677,594059,559223,509289,480998,31352,29895,21433,18638,6213,5834,2220,1960,23552,21898,530578,500796,42970,40691,30341,26870,12806,11971,4279,3858
R,6,2024,20,4482066,2292554,2189512,1665978,1578993,330454,323653,38867,35563,143172,141149,7032,6724,107051,103430,1763989,1673616,385057,377063,62519,58274,183319,179584,14830,14220,1708232,1636553,1163888,1102111,299884,294720,17912,17396,137114,135453,4929,4832,84505,82041,1241495,1177352,343526,337597,32997,32177,170898,167862,10754,10398,584322,552959,502090,476882,30570,28933,20955,18167,6058,5696,2103,1892,22546,21389,522494,496264,41531,39466,29522,26097,12421,11722,4076,3822
R,6,2024,21,4438532,2268992,2169540,1650779,1564664,326472,321962,38235,34992,144804,142652,6966,6675,101736,98595,1743572,1654676,378094,372295,61329,57383,182837,179322,14600,13865,1695316,1624913,1156956,1094067,296252,293887,17611,17110,139001,137036,4947,4843,80549,77970,1230625,1165476,337612,334130,32466,31631,171099,167859,10666,10286,573676,544627,493823,470597,30220,28075,20624,17882,5803,5616,2019,1832,21187,20625,512947,489200,40482,38165,28863,25752,11738,11463,3934,3579
R,6,2024,22,4436285,2264979,2171306,1643844,1562994,330558,326275,37523,34845,147930,144616,6663,6495,98461,96081,1733652,1650362,380245,375544,60584,57586,184429,179665,13971,13639,1700055,1634912,1156796,1099522,300795,298323,17766,17184,142272,139185,4779,4662,77647,76036,1227786,1168883,340536,337759,32516,32036,172977,168688,10333,10085,564924,536394,487048,463472,29763,27952,19757,17661,5658,5431,1884,1833,20814,20045,505866,481479,39709,37785,28068,25550,11452,10977,3638,3554
R,6,2024,23,4522267,2308012,2214255,1667739,1588564,338184,333763,37254,35479,160292,155476,6563,6491,97980,94482,1756792,1674424,387326,381632,60713,57974,196786,190261,13929,13647,1744143,1677804,1180894,1124517,308653,305993,17987,17553,154560,150165,4798,4565,77251,75011,1251179,1192848,347790,344449,33235,32419,185389,179591,10347,9992,563869,536451,486845,464047,29531,27770,19267,17926,5732,5311,1765,1926,20729,19471,505613,481576,39536,37183,27478,25555,11397,10670,3582,3655
R,6,2024,24,4515906,2303075,2212831,1662227,1584314,341302,336914,37752,35698,160200,156876,6675,6351,94919,92678,1748562,1668168,388931,384166,61354,58442,194684,190496,13783,13369,1746682,1682603,1181367,1125836,312504,309325,18371,17776,154563,151557,4892,4485,74985,73624,1249674,1192564,350531,347300,33809,32919,183769,179928,10315,9818,556393,530228,480860,458478,28798,27589,19381,17922,5637,5319,1783,1866,19934,19054,498888,475604,38400,36866,27545,25523,10915,10568,3468,3551
R,6,2024,25,4462833,2271297,2191536,1642802,1571038,334507,331598,36716,35151,157942,157606,6670,6217,92660,89926,1726836,1652409,380541,377012,59977,57862,191685,190024,14008,13110,1729658,1671853,1174750,1121536,306442,304648,18021,17607,152346,152212,4861,4394,73238,71456,1241266,1186274,343225,341207,33440,32925,180844,179500,10486,9687,541639,519683,468052,449502,28065,26950,18695,17544,5596,5394,1809,1823,19422,18470,485570,466135,37316,35805,26537,24937,10841,10524,3522,3423
R,6,2024,26,4449668,2259540,2190128,1631856,1563473,335090,333167,36106,34838,160449,164814,6594,6348,89445,87488,1712757,1642644,379196,376833,59042,57255,192914,196338,13514,12975,1725989,1678487,1169630,1120108,308101,307098,17683,17685,155016,159443,4847,4547,70712,69606,1233644,1183176,343357,342150,32918,32882,182475,186178,10183,9652,533551,511641,462226,443365,26989,26069,18423,17153,5433,5371,1747,1801,18733,17882,479113,459468,35839,34683,26124,24373,10439,10160,3331,3323
R,6,2024,27,4461675,2259476,2202199,1633187,1570311,332993,333282,35736,34095,164100,172535,6521,6209,86939,85767,1711818,1647604,375057,375526,58761,56867,195918,203451,13347,12948,1729386,1694216,1173858,1129570,306163,307919,17616,17369,158742,167174,4748,4532,68259,67652,1235699,1190535,339353,341514,32836,32642,185664,193327,9975,9719,530090,507983,459329,440741,26830,25363,18120,16726,5358,5361,1773,1677,18680,18115,476119,457069,35704,34012,25925,24225,10254,10124,3372,3229
R,6,2024,28,4497648,2278272,2219376,1646949,1580898,334996,336046,35651,33598,168719,179272,6577,6455,85380,83107,1724001,1655732,375616,376297,58895,56307,200100,209526,13360,13156,1749782,1712104,1188429,1140049,308308,310648,17738,17215,163445,173885,4768,4707,67094,65600,1249004,1199156,340387,342567,33191,32518,190066,199501,10028,9956,528490,507272,458520,440849,26688,25398,17913,16383,5274,5387,1809,1748,18286,17507,474997,456576,35229,33730,25704,23789,10034,10025,3332,3200
R,6,2024,29,4568647,2312726,2255921,1664518,1599629,350108,350946,36035,34281,171749,182930,6762,6686,83554,81449,1739397,1672432,389229,390202,59620,57086,202536,212554,13796,13441,1782383,1747608,1204211,1157955,323085,325045,18176,17648,166348,177607,4936,4923,65627,64430,1262939,1215547,353847,356196,34111,33282,192549,202718,10382,10220,530343,508313,460307,441674,27023,25901,17859,16633,5401,5323,1826,1763,17927,17019,476458,456885,35382,34006,25509,23804,9987,9836,3414,3221
R,6,2024,30,4657829,2359881,2297948,1691399,1622244,366896,366471,36620,35318,177149,186979,6869,6806,80948,80130,1763555,1693547,403910,404361,60156,58614,207418,216128,13914,13644,1824329,1787549,1225559,1178647,339520,340393,18775,18462,171901,181588,5070,5055,63504,63404,1282070,1235008,368499,370449,34746,34590,197625,206330,10555,10376,535552,510399,465840,443597,27376,26078,17845,16856,5248,5391,1799,1751,17444,16726,481485,458539,35411,33912,25410,24024,9793,9798,3359,3268
R,6,2024,31,4730281,2396093,2334188,1714254,1646627,378328,375652,37922,35972,180872,191634,7110,6836,77607,77467,1783207,1715378,412941,411344,61120,59089,210210,220245,13963,13596,1857617,1823495,1245792,1202236,350370,349542,19509,19134,175743,186236,5219,5036,60984,61311,1299926,1256602,377333,377562,35324,35219,200887,210719,10636,10340,538476,510693,468462,444391,27958,26110,18413,16838,5129,5398,1891,1800,16623,16156,483281,458776,35608,33782,25796,23870,9323,9526,3327,3256
R,6,2024,32,4823887,2436987,2386900,1745286,1684402,382316,384687,39155,36250,187010,197442,7428,7059,75792,77060,1812114,1752203,414853,419405,62549,59286,216203,226892,14437,14074,1893475,1873763,1273196,1239354,353864,356960,20254,19587,181743,191934,5383,5223,59035,60705,1325118,1292702,378716,383890,36138,35554,206724,217108,10919,10676,543512,513137,472090,445048,28452,27727,18901,16663,5267,5508,2045,1836,16757,16355,486996,459501,36137,35515,26411,23732,9479,9784,3518,3398
R,6,2024,33,4887706,2466680,2421026,1769103,1708499,384025,390068,38605,35551,194579,204632,7991,7454,72377,74822,1832158,1773799,414403,423514,60905,57919,223593,233929,15167,14579,1927513,1918086,1301792,1274246,355144,361483,19824,19317,188990,198911,5851,5584,55912,58545,1350242,1325138,377940,387190,34799,34657,213827,223871,11491,11259,539167,502940,467311,434253,28881,28585,18781,16234,5589,5721,2140,1870,16465,16277,481916,448661,36463,36324,26106,23262,9766,10058,3676,3320
R,6,2024,34,4874684,2457448,2417236,1770652,1709447,376694,386872,37917,34952,196490,207938,8159,7497,67536,70530,1829650,1771078,404401,417770,58632,56374,224016,235576,14806,14202,1923143,1923855,1306390,1283301,348502,358499,19334,19026,190938,202384,5949,5650,52030,54995,1351585,1331138,369097,381954,33205,33613,214544,226088,11189,10980,534305,493381,464262,426146,28192,28373,18583,15926,5552,5554,2210,1847,15506,15535,478065,439940,35304,35816,25427,22761,9472,9488,3617,3222
R,6,2024,35,4737031,2389775,2347256,1730292,1664445,355107,367746,36526,33136,196673,208743,7995,7148,63182,66038,1785416,1722000,380450,396272,56263,53153,222523,235060,14269,13486,1873619,1874326,1281476,1255074,328119,340763,18376,17994,191333,203285,5935,5434,48380,51776,1323471,1299969,346580,362462,31425,31808,213536,225976,10935,10493,516156,472930,448816,409371,26988,26983,18150,15142,5340,5458,2060,1714,14802,14262,461945,422031,33870,33810,24838,21345,8987,9084,3334,2993
R,6,2024,36,4645524,2343795,2301729,1714154,1648203,334631,348381,35798,32420,191434,202624,7945,7061,59833,63040,1766133,1703216,358123,375296,54451,51589,216341,227933,14132,13225,1828727,1833792,1264729,1242459,308708,322121,17804,17419,186286,197501,5760,5309,45440,48983,1303957,1285063,325595,342156,29912,30480,207665,219262,10654,10250,515068,467937,449425,405744,25923,26260,17994,15001,5148,5123,2185,1752,14393,14057,462176,418153,32528,33140,24539,21109,8676,8671,3478,2975
R,6,2024,37,4588089,2319594,2268495,1709549,1633301,323199,337351,34619,31238,187954,198724,7804,7014,56469,60867,1758730,1686416,345201,363041,52590,50282,211396,223053,13519,12873,1809656,1806093,1263548,1231614,297756,311755,17189,16810,182829,193723,5579,5173,42755,47018,1300510,1272426,313370,330792,28909,29721,203004,214660,10162,9840,509938,462402,446001,401687,25443,25596,17430,14428,5125,5001,2225,1841,13714,13849,458220,413990,31831,32249,23681,20561,8392,8393,3357,3033
R,6,2024,38,4591055,2322536,2268519,1722664,1642915,316059,331845,34107,30880,186468,197625,7945,7177,55293,58077,1770714,1693287,337121,355859,51929,49450,209415,220968,13788,13006,1809017,1807504,1273108,1241578,290777,306469,16444,16515,181336,192692,5667,5421,41685,44829,1309080,1280232,305575,324176,28021,29259,201004,212707,10322,10110,513519,461015,449556,401337,25282,25376,17663,14365,5132,4933,2278,1756,13608,13248,461634,413055,31546,31683,23908,20191,8411,8261,3466,2896
R,6,2024,39,4564869,2304731,2260138,1717308,1641442,309068,326863,33202,30582,184194,197391,7801,7041,53158,56819,1763475,1690798,328992,349639,50722,49152,206255,220523,13474,12777,1794557,1800697,1269903,1241069,284471,301916,16052,16297,179080,192549,5486,5314,39565,43552,1303955,1278674,298172,318345,27311,28953,197933,212422,9982,9907,510174,459441,447405,400373,24597,24947,17150,14285,5114,4842,2315,1727,13593,13267,459520,412124,30820,31294,23411,20199,8322,8101,3492,2870
R,6,2024,40,4478073,2257630,2220443,1686345,1614454,297424,318337,32827,30236,182772,195558,7473,6853,50789,55005,1730410,1662154,316261,339850,49830,48591,203936,218152,12910,12578,1758935,1766190,1248639,1218049,273488,294116,15820,15957,177730,190876,5349,5157,37909,42035,1281260,1254281,286466,309555,26854,28462,195777,210183,9640,9723,498695,454253,437706,396405,23936,24221,17007,14279,5042,4682,2124,1696,12880,12970,449150,407873,29795,30295,22976,20129,8159,7969,3270,2855
R,6,2024,41,4530014,2281473,2248541,1711145,1640270,298893,322120,33454,30455,179713,193998,7506,6967,50762,54731,1755188,1687555,317541,343452,50673,49153,200653,216224,12970,12692,1777464,1786781,1268084,1237155,275114,297141,16022,16182,174819,189219,5383,5239,38042,41845,1300793,1273049,287985,312507,27391,28968,192664,208232,9721,9824,504009,461760,443061,403115,23779,24979,17432,14273,4894,4779,2123,1728,12720,12886,454395,414506,29556,30945,23282,20185,7989,7992,3249,2868
R,6,2024,42,4499214,2263376,2235838,1703128,1635110,295299,320219,32590,29372,175667,191394,7516,6821,49176,52922,1745741,1680737,313288,341098,49741,47766,195671,212529,12875,12356,1765125,1775031,1265206,1231838,271745,295713,15536,15463,170806,186503,5352,5037,36480,40477,1296516,1266517,284054,310790,26716,28105,187701,204532,9584,9475,498251,460807,437922,403272,23554,24506,17054,13909,4861,4891,2164,1784,12696,12445,449225,414220,29234,30308,23025,19661,7970,7997,3291,2881
R,6,2024,43,4439362,2230789,2208573,1686001,1619483,291883,318667,31602,29119,165830,183062,7307,6393,48166,51849,1727563,1664323,309527,339269,48542,47240,185386,203387,12582,11832,1741543,1754228,1255037,1221991,269273,294165,15156,15646,160956,178316,5193,4714,35928,39396,1285765,1255797,281399,308865,26337,28067,177575,195655,9382,9108,489246,454345,430964,397492,22610,24502,16446,13473,4874,4746,2114,1679,12238,12453,441798,408526,28128,30404,22205,19173,7811,7732,3200,2724
R,6,2024,44,4392419,2205107,2187312,1664385,1600378,293653,321101,31298,28625,161939,179803,7194,6611,46638,50794,1704687,1644107,310668,341243,48225,46701,180557,199669,12382,12015,1716329,1736678,1233995,1206035,270908,296809,14993,15339,157159,175143,5030,4927,34244,38425,1263310,1238810,282372,311090,26048,27777,172732,191968,9131,9253,488778,450634,430390,394343,22745,24292,16305,13286,4780,4660,2164,1684,12394,12369,441377,405297,28296,30153,22177,18924,7825,7701,3251,2762
R,6,2024,45,4212543,2108945,2103598,1596457,1540654,277351,307482,29312,27147,155655,174365,6441,6097,43729,47853,1634190,1581869,293257,326175,45141,44310,173106,193144,11273,11078,1652154,1674173,1193338,1165268,256221,284109,14414,14418,151292,169982,4610,4443,32279,35953,1220891,1195963,266957,297146,24790,26118,166061,185924,8438,8446,456791,429425,403119,375386,21130,23373,14898,12729,4363,4383,1831,1654,11450,11900,413299,385906,26300,29029,20351,18192,7045,7220,2835,2632
R,6,2024,46,4124102,2061936,2062166,1569132,1517782,266769,296725,28442,26780,149459,169001,6263,5805,41871,46073,1605117,1557261,281780,314537,43809,43637,166293,187157,10718,10564,1609664,1635494,1169005,1143537,246363,274157,13916,14334,145192,164554,4498,4280,30690,34632,1195053,1172924,256409,286522,23972,25885,159319,179996,8011,8115,452272,426672,400127,374245,20406,22568,14526,12446,4267,4447,1765,1525,11181,11441,410064,384337,25371,28015,19837,17752,6974,7161,2707,2449
R,6,2024,47,4048116,2018421,2029695,1537067,1493839,259456,291240,27926,26032,147959,168617,6078,5759,39935,44208,1571534,1531581,273584,308137,42879,42402,163832,186131,10439,10459,1577324,1607615,1146343,1122337,239827,269151,13938,14308,143595,164317,4339,4221,29282,33281,1171284,1150465,249154,280918,23876,25629,156923,179113,7768,7979,441097,422080,390724,371502,19629,22089,13988,11724,4364,4300,1739,1538,10653,10927,400250,381116,24430,27219,19003,16773,6909,7018,2671,2480
R,6,2024,48,3924363,1955631,1968732,1487492,1450097,249689,280248,26783,25103,147864,166336,5658,5468,38145,41480,1520370,1485471,262855,295863,41185,40722,163220,182839,9850,9805,1527015,1555497,1107027,1085519,230846,258986,13318,13539,143724,162124,4099,4044,28001,31285,1130879,1111914,239459,269822,22902,24414,156693,176127,7416,7534,428616,413235,380465,364578,18843,21262,13465,11564,4140,4212,1559,1424,10144,10195,389491,373557,23396,26041,18283,16308,6527,6712,2434,2271
R,6,2024,49,3951002,1967342,1983660,1501777,1466711,249441,281006,26314,25142,148513,165832,5726,5232,35571,39737,1532092,1500508,261634,295748,40111,40293,162784,181674,9697,9310,1546006,1576416,1125775,1105679,231709,261211,13174,13687,144525,161843,4180,3917,26643,30079,1148210,1130955,239992,271383,22543,24226,156755,175462,7390,7210,421336,407244,376002,361032,17732,19795,13140,11455,3988,3989,1546,1315,8928,9658,383882,369553,21642,24365,17568,16067,6029,6212,2307,2100
R,6,2024,50,3872345,1925860,1946485,1470772,1439495,243405,275638,25778,24524,146446,163530,5284,5130,34175,38168,1499891,1471776,254926,289697,39096,39256,160276,178762,9122,9159,1521392,1550790,1109077,1087893,226665,256559,12970,13470,142838,159763,3913,3824,25929,29281,1130928,1112362,234520,266468,22222,23976,154778,172907,7050,7089,404468,395695,361695,351602,16740,19079,12808,11054,3608,3767,1371,1306,8246,8887,368963,359414,20406,23229,16874,15280,5498,5855,2072,2070
R,6,2024,51,3927929,1951125,1976804,1490949,1463410,249753,282719,25586,24742,145580,163293,5297,5018,33960,37622,1519802,1495193,260826,296372,39031,39571,159434,178317,9064,8926,1553867,1586409,1135317,1116349,233521,264059,13089,13728,141986,159473,3960,3736,25994,29064,1157149,1140593,241134,273799,22554,24478,154049,172455,7037,6935,397258,390395,355632,347061,16232,18660,12497,11014,3594,3820,1337,1282,7966,8558,362653,354600,19692,22573,16477,15093,5385,5862,2027,1991
R,6,2024,52,4114474,2046809,2067665,1579437,1546884,258051,291426,25984,24911,144291,161790,5264,4956,33782,37698,1608036,1578689,268916,304752,39873,40279,157754,176598,9037,8963,1653603,1681516,1227233,1203137,242184,273153,13660,14093,140600,158142,3920,3692,26006,29299,1248972,1227553,249746,282644,23633,25356,152294,171050,6998,6992,393206,386149,352204,343747,15867,18273,12324,10818,3691,3648,1344,1264,7776,8399,359064,351136,19170,22108,16240,14923,5460,5548,2039,1971
R,6,2024,53,4346923,2166558,2180365,1690275,1649020,268313,303693,26326,25832,141683,158310,5199,5062,34762,38448,1719795,1681459,279423,317210,40937,41866,155258,173049,9202,9302,1775330,1797186,1339554,1308471,252546,285441,14351,14704,138016,154645,3870,3802,26993,30123,1362233,1333611,260306,295159,25042,26723,149804,167396,7149,7313,391228,383179,350721,340549,15767,18252,11975,11128,3667,3665,1329,1260,7769,8325,357562,347848,19117,22051,15895,15143,5454,5653,2053,1989
R,6,2024,54,4244947,2113465,2131482,1652649,1619465,260341,291659,25421,24817,136528,154114,5265,5052,33261,36375,1680764,1649905,270907,304297,39648,40392,149268,168051,9230,9176,1734281,1764010,1312970,1292162,244884,274493,13777,14483,133017,150507,3973,3879,25660,28486,1334385,1315749,252210,283599,24148,26165,144032,162498,7261,7293,379184,367472,339679,327303,15457,17166,11644,10334,3511,3607,1292,1173,7601,7889,346379,334156,18697,20698,15500,14227,5236,5553,1969,1883
R,6,2024,55,4089949,2032069,2057880,1596230,1571524,244712,276024,24356,23684,131167,147999,4772,4826,30832,33823,1622395,1599886,254054,287473,38007,38631,142918,160703,8327,8581,1675325,1710248,1276133,1261929,230190,259684,13586,13909,127981,144646,3611,3653,23824,26427,1296142,1283847,236550,267749,23645,25179,138187,155679,6536,6771,356744,347632,320097,309595,14522,16340,10770,9775,3186,3353,1161,1173,7008,7396,326253,316039,17504,19724,14362,13452,4731,5024,1791,1810
R,6,2024,56,3994954,1980530,2014424,1556352,1536402,243541,276593,23634,23219,123314,141264,4695,4754,28994,32192,1580769,1563200,252310,287431,36739,37635,134318,153235,8029,8577,1633324,1675723,1244979,1234288,229166,260579,13076,13924,120247,138136,3513,3628,22343,25168,1263523,1254970,235098,268217,22781,24885,129775,148482,6307,6825,347206,338701,311373,302114,14375,16014,10558,9295,3067,3128,1182,1126,6651,7024,317246,308230,17212,19214,13958,12750,4543,4753,1722,1752
R,6,2024,57,4012288,1980041,2032247,1567124,1562819,241379,277581,23063,23134,115639,132754,4750,4739,28086,31220,1590724,1588801,249789,288259,36069,37491,126057,143914,8114,8355,1647388,1704636,1268268,1270550,227882,262082,13183,14213,112634,129760,3624,3633,21797,24398,1286332,1290592,233577,269636,22940,25129,121652,139397,6472,6673,332653,327611,298856,292269,13497,15499,9880,8921,3005,2994,1126,1106,6289,6822,304392,298209,16212,18623,13129,12362,4405,4517,1642,1682
R,6,2024,58,4063350,2001165,2062185,1581358,1584749,247940,285165,23366,23298,116213,133418,4603,4687,27685,30868,1604402,1610387,256234,295384,36552,37945,126215,144395,7980,8318,1674439,1740236,1288280,1297565,234213,269898,13532,14542,113342,130373,3563,3704,21509,24154,1305907,1317365,239821,277093,23569,25837,121978,139792,6404,6735,326726,321949,293078,287184,13727,15267,9834,8756,2871,3045,1040,983,6176,6714,298495,293022,16413,18291,12983,12108,4237,4603,1576,1583
R,6,2024,59,4215269,2064695,2150574,1640243,1664990,252610,292465,23731,24039,115356,132748,4731,4863,28024,31469,1663654,1691029,260724,302782,37337,39346,125475,143623,8150,8595,1745412,1831103,1353714,1379682,239327,277363,14215,15542,112516,129810,3717,3846,21923,24860,1371768,1399975,244852,284710,24587,27530,121321,139198,6581,6989,319283,319471,286529,285308,13283,15102,9516,8497,2840,2938,1014,1017,6101,6609,291886,291054,15872,18072,12750,11816,4154,4425,1569,1606
R,6,2024,60,4293694,2100654,2193040,1678862,1708416,249480,289475,23442,23975,116472,135164,4469,4653,27929,31357,1702140,1734337,257390,299281,37377,39576,126408,146068,7915,8411,1795639,1883682,1405396,1432326,236553,274783,14335,15535,113769,132392,3508,3671,22078,24975,1423580,1452678,241994,281768,25181,27963,122408,141831,6411,6837,305015,309358,273466,276090,12927,14692,9107,8440,2703,2772,961,982,5851,6382,278560,281659,15396,17513,12196,11613,4000,4237,1504,1574
R,6,2024,61,4282082,2087875,2194207,1672481,1716541,244231,284995,23013,23653,116467,133474,4265,4532,27418,31012,1695403,1742079,251755,294774,36686,39312,126288,144025,7548,8177,1798108,1896898,1412270,1451117,232263,271266,14304,15468,113854,130699,3371,3616,22046,24732,1430504,1471220,237481,278223,25176,27947,122483,139841,6203,6694,289767,297309,260211,265424,11968,13729,8709,8185,2613,2775,894,916,5372,6280,264899,270859,14274,16551,11510,11365,3805,4184,1345,1483
R,6,2024,62,4290144,2087691,2202453,1687053,1737681,239773,282492,22510,23687,106991,123559,4319,4442,27045,30592,1709704,1762826,247041,292118,36187,39424,116621,133873,7637,8048,1809447,1917023,1437113,1482738,228264,269603,14239,15653,104592,120888,3482,3538,21757,24603,1455164,1502735,233292,276510,25163,28375,113020,129834,6300,6574,278244,285430,249940,254943,11509,12889,8271,8034,2399,2671,837,904,5288,5989,254540,260091,13749,15608,11024,11049,3601,4039,1337,1474
R,6,2024,63,4260302,2066191,2194111,1675831,1736385,234764,278484,21634,23259,103357,122210,4108,4257,26497,29516,1697972,1760629,241765,287439,35302,38773,112726,132131,7284,7758,1804445,1921366,1440925,1492553,223853,266029,13864,15787,101017,119607,3312,3446,21474,23944,1458649,1511982,228778,272572,24850,28414,109271,128238,6009,6409,261746,272745,234906,243832,10911,12455,7770,7472,2340,2603,796,811,5023,5572,239323,248647,12987,14867,10452,10359,3455,3893,1275,1349
R,6,2024,64,4171523,2019002,2152521,1632425,1697216,231689,275774,21186,22802,103724,123686,4082,4119,25896,28924,1654145,1720861,238479,284795,34564,38066,112903,133234,7187,7530,1765550,1888970,1404971,1461919,220985,263630,13755,15508,101494,121175,3296,3333,21049,23405,1422459,1480797,225763,270229,24542,27935,109604,129427,5930,6216,253452,263551,227454,235297,10704,12144,7431,7294,2230,2511,786,786,4847,5519,231686,240064,12716,14566,10022,10131,3299,3807,1257,1314
R,6,2024,65,4084105,1965956,2118149,1599556,1680876,220351,265984,19567,21564,98257,118696,3776,3834,24449,27195,1619988,1703306,226699,274125,32452,36329,106788,127510,6584,6910,1735028,1872305,1392215,1461021,210579,254648,12944,14810,96225,116411,3081,3161,19984,22254,1408784,1479192,215058,260584,23457,27015,103740,124130,5471,5809,230928,245844,207341,219855,9772,11336,6623,6754,2032,2285,695,673,4465,4941,211204,224114,11641,13541,8995,9314,3048,3380,1113,1101
R,6,2024,66,4038685,1937839,2100846,1583221,1676290,210927,256212,18915,20825,97446,117377,3573,3765,23757,26377,1603040,1697893,217073,264202,31547,35263,105700,125865,6319,6723,1720885,1866088,1388530,1466060,201670,245413,12660,14616,95541,115314,2933,3082,19551,21603,1404690,1483568,206053,251292,23076,26531,102883,122714,5271,5619,216954,234758,194691,210230,9257,10799,6255,6209,1905,2063,640,683,4206,4774,198350,214325,11020,12910,8471,8732,2817,3151,1048,1104
R,6,2024,67,3929973,1875998,2053975,1537414,1640580,200975,250855,18363,19934,93287,113714,3445,3536,22514,25356,1556169,1661457,206845,258403,30585,34271,100915,121456,6009,6433,1671194,1829308,1353793,1439350,192211,240468,12189,14028,91510,111684,2843,2925,18648,20853,1369178,1456313,196443,246014,22321,25999,98330,118437,5071,5400,204804,224667,183621,201230,8764,10387,6174,5906,1777,2030,602,611,3866,4503,186991,205144,10402,12389,8264,8272,2585,3019,938,1033
R,6,2024,68,3760894,1782692,1978202,1462411,1580230,187943,238764,17180,19196,90817,112316,3098,3461,21243,24235,1480172,1600068,193402,245987,28659,32856,97958,119893,5567,6157,1590363,1763830,1289999,1388193,179687,228916,11405,13675,89127,110265,2564,2901,17581,19880,1304563,1404291,183572,234185,20909,25073,95502,116855,4706,5191,192329,214372,172412,192037,8256,9848,5775,5521,1690,2051,534,560,3662,4355,175609,195777,9830,11802,7750,7783,2456,3038,861,966
R,6,2024,69,3653766,1723543,1930223,1419274,1547762,177095,227789,16195,17964,87868,110451,2962,3315,20149,22942,1435980,1566508,182254,234649,27340,30804,94590,117607,5318,5938,1542899,1725992,1256597,1363924,169451,218843,11119,12925,86305,108614,2482,2762,16945,18924,1270530,1379159,173233,223909,20547,23677,92342,114907,4533,5032,180644,204231,162677,183838,7644,8946,5076,5039,1563,1837,480,553,3204,4018,165450,187349,9021,10740,6793,7127,2248,2700,785,906
R,6,2024,70,3501472,1641267,1860205,1361188,1501313,161748,214216,14834,16846,82326,103379,2688,3063,18483,21388,1376658,1518771,166372,220538,25336,29138,88290,109840,4724,5525,1478016,1671235,1214020,1331102,154738,205976,10356,12209,81016,101699,2266,2535,15620,17714,1226998,1345375,158117,210634,19333,22565,86361,107395,4066,4682,163251,188970,147168,170211,7010,8240,4478,4637,1310,1680,422,528,2863,3674,149660,173396,8255,9904,6003,6573,1929,2445,658,843
R,6,2024,71,3344363,1559354,1785009,1299390,1447691,148082,199349,13709,15703,78459,99262,2592,2853,17122,20151,1313661,1464206,152252,205164,23370,27321,84085,105417,4561,5161,1409790,1608821,1164504,1288647,141747,191628,9643,11519,77164,97755,2211,2374,14521,16898,1176514,1302328,144803,196017,17927,21424,82218,103178,3941,4393,149564,176188,134886,159044,6335,7721,4066,4184,1295,1507,381,479,2601,3253,137147,161878,7449,9147,5443,5897,1867,2239,620,768
R,6,2024,72,3203163,1487224,1715939,1246550,1396977,137425,189426,12601,14717,72470,93621,2347,2678,15831,18520,1259715,1412213,141305,194707,21726,25642,77519,99060,4229,4794,1348786,1551781,1121281,1248816,131712,182114,8990,10861,71295,92221,2011,2242,13497,15527,1132425,1261422,134608,186081,16821,20218,75855,97015,3660,4081,138438,164158,125269,148161,5713,7312,3611,3856,1175,1400,336,436,2334,2993,127290,150791,6697,8626,4905,5424,1664,2045,569,713
R,6,2024,73,3006573,1383806,1622767,1156981,1316432,129903,182394,11984,13932,67903,90125,2140,2408,14895,17476,1169390,1330697,133556,187554,20682,24279,72561,95195,3874,4417,1254091,1466905,1039577,1175768,124501,175569,8633,10165,66813,88724,1847,2035,12720,14644,1050087,1187562,127223,179473,16154,19021,71004,93166,3396,3773,129715,155862,117404,140664,5402,6825,3351,3767,1090,1401,293,373,2175,2832,119303,143135,6333,8081,4528,5258,1557,2029,478,644
R,6,2024,74,2860917,1311540,1549377,1093622,1255067,121513,171907,11485,13078,68597,90291,2173,2405,14150,16629,1105373,1268576,125002,176813,19855,22828,72956,95212,3827,4357,1190994,1401606,984531,1121467,116511,165366,8359,9752,67621,88988,1839,2052,12133,13981,994554,1132691,119166,169076,15586,18137,71530,93299,3319,3769,120546,147771,109091,133600,5002,6541,3126,3326,976,1303,334,353,2017,2648,110819,135885,5836,7737,4269,4691,1426,1913,508,588
R,6,2024,75,2757058,1258762,1498296,1059439,1226872,110362,158900,10678,12196,63166,82435,2056,2301,13061,15592,1070315,1239707,113486,163375,18443,21554,67172,86840,3593,4041,1149036,1361973,959987,1103263,105963,153083,7812,9153,62258,81272,1764,1973,11252,13229,969298,1114057,108320,156483,14606,17312,65851,85154,3120,3497,109726,136323,99452,123609,4399,5817,2866,3043,908,1163,292,328,1809,2363,101017,125650,5166,6892,3837,4242,1321,1686,473,544
R,6,2024,76,2687587,1225220,1462367,1040585,1210218,101502,147542,9882,11404,59009,76118,1827,2113,12415,14972,1050970,1222604,104494,151738,17348,20401,62683,80346,3265,3808,1122106,1333163,946974,1092924,97381,142126,7316,8631,58173,75010,1570,1810,10692,12662,955841,1103276,99678,145319,13837,16431,61465,78734,2864,3305,103114,129204,93611,117294,4121,5416,2566,2773,836,1108,257,303,1723,2310,95129,119328,4816,6419,3511,3970,1218,1612,401,503
R,6,2024,77,2747091,1258422,1488669,1084354,1252133,95004,137535,9816,11045,55359,71400,1701,1895,12188,14661,1094645,1264374,97836,141589,17338,20081,58779,75359,3107,3487,1160843,1365482,995498,1140070,91275,132425,7373,8476,54630,70351,1473,1627,10594,12533,1004405,1150430,93462,135563,14057,16375,57658,73863,2717,3052,97579,123187,88856,112063,3729,5110,2443,2569,729,1049,228,268,1594,2128,90240,113944,4374,6026,3281,3706,1121,1496,390,435
R,6,2024,78,1921189,858991,1062198,726538,876010,70106,106959,7093,8464,44788,58003,1476,1655,8990,11107,734059,885188,72250,110030,12413,14951,47522,61276,2581,2983,780409,957651,655005,781026,66977,102456,5205,6323,44198,57138,1283,1438,7741,9270,661456,788606,68591,104729,9856,11847,46654,59995,2264,2621,78582,104547,71533,94984,3129,4503,1888,2141,590,865,193,217,1249,1837,72603,96582,3659,5301,2557,3104,868,1281,317,362
R,6,2024,79,1833213,813289,1019924,689330,842883,65884,102197,6596,8046,41668,54654,1246,1513,8565,10631,696528,851695,67886,105133,11702,14293,44180,57748,2354,2787,741349,923804,623752,755306,63120,98254,4939,6089,41077,53847,1076,1302,7385,9006,629905,762707,64634,100465,9421,11505,43331,56566,2069,2432,71940,96120,65578,87577,2764,3943,1657,1957,591,807,170,211,1180,1625,66623,88988,3252,4668,2281,2788,849,1182,285,355
R,6,2024,80,1756641,772087,984554,659684,822404,59609,93926,6035,7475,37947,49441,1142,1294,7670,10014,666155,830706,61319,96722,10651,13462,40193,52222,2116,2508,708121,895719,601271,741259,57068,90449,4573,5660,37498,48704,1005,1130,6706,8517,606899,748267,58400,92587,8692,10872,39514,51161,1881,2210,63966,88835,58413,81145,2541,3477,1462,1815,449,737,137,164,964,1497,59256,82439,2919,4135,1959,2590,679,1061,235,298
R,6,2024,81,1720147,749220,970927,645751,818667,54892,89759,5502,6957,34855,44955,976,1201,7244,9388,651883,826506,56554,92313,9960,12696,36853,47488,1848,2268,691007,887448,592506,742607,52610,86252,4282,5251,34407,44316,868,1031,6334,7991,597873,749238,53875,88158,8285,10296,36185,46536,1639,1986,58213,83479,53245,76060,2282,3507,1220,1706,448,639,108,170,910,1397,54010,77268,2679,4155,1675,2400,668,952,209,282
R,6,2024,82,1437823,617004,820819,527212,686081,46411,77552,4794,5993,31479,42071,837,1077,6271,8045,532461,692788,47868,79711,8599,10848,33307,44305,1579,1978,566416,747985,480886,619335,44460,74762,3744,4548,31108,41502,731,909,5487,6929,485456,625066,45596,76430,7143,8825,32750,43484,1392,1723,50588,72834,46326,66746,1951,2790,1050,1445,371,569,106,168,784,1116,47005,67722,2272,3281,1456,2023,557,821,187,255
R,6,2024,83,1254304,529796,724508,450533,603004,40467,70236,4240,5420,28337,37718,766,916,5453,7214,455125,608982,41686,72182,7535,9740,29957,39794,1436,1780,484379,657793,408911,541841,38727,67594,3297,4192,28007,37201,682,779,4755,6186,412900,546940,39653,69091,6230,7979,29460,39032,1278,1543,45417,66715,41622,61163,1740,2642,943,1228,330,517,84,137,698,1028,42225,62042,2033,3091,1305,1761,497,762,158,237
R,6,2024,84,1112813,461688,651125,390242,539465,36015,64284,3815,4993,25960,34807,695,908,4961,6668,394416,545003,37133,66126,6727,8941,27500,36694,1300,1692,420652,589453,352687,483096,34432,61775,2952,3810,25635,34328,598,748,4348,5696,356336,487791,35293,63176,5541,7256,27028,35995,1147,1439,41036,61672,37555,56369,1583,2509,863,1183,325,479,97,160,613,972,38080,57212,1840,2950,1186,1685,472,699,153,253
R,6,2024,85,1002377,410996,591381,349455,493993,30822,55879,3195,4371,22717,30510,564,805,4243,5823,353050,498853,31799,57425,5722,7828,23984,32175,1070,1514,374828,535841,316309,443076,29392,53633,2477,3375,22456,30089,490,680,3704,4988,319426,447230,30142,54802,4724,6414,23597,31553,955,1296,36168,55540,33146,50917,1430,2246,718,996,261,421,74,125,539,835,33624,51623,1657,2623,998,1414,387,622,115,218
R,6,2024,86,897505,361145,536360,306757,447514,26872,50857,2863,4016,20277,28053,515,730,3861,5190,310010,451827,27776,52287,5159,7007,21435,29563,955,1351,329267,486198,277472,401594,25691,48808,2262,3112,20048,27688,440,586,3354,4410,280286,405228,26370,49900,4302,5721,21086,29016,828,1129,31878,50162,29285,45920,1181,2049,601,904,229,365,75,144,507,780,29724,46599,1406,2387,857,1286,349,547,127,222
R,6,2024,87,768003,303650,464353,257163,386832,22663,44059,2421,3417,17662,24753,467,612,3274,4680,259970,390750,23404,45321,4325,6117,18685,26124,839,1177,276264,420514,232017,346566,21593,42351,1908,2640,17463,24405,411,515,2872,4037,234470,349920,22156,43324,3622,5023,18387,25630,742,1017,27386,43839,25146,40266,1070,1708,513,777,199,348,56,97,402,643,25500,40830,1248,1997,703,1094,298,494,97,160
R,6,2024,88,679291,264097,415194,223450,345320,19914,39949,2113,3124,15377,22119,390,525,2853,4157,225838,348765,20567,41099,3744,5561,16289,23315,759,989,240145,376183,201388,309509,19003,38455,1673,2400,15213,21822,345,447,2523,3550,203499,312436,19506,39344,3140,4517,16045,22874,675,860,23952,39011,22062,35811,911,1494,440,724,164,297,45,78,330,607,22339,36329,1061,1755,604,1044,244,441,84,129
R,6,2024,89,592780,225193,367587,190707,306576,16590,34636,1798,2732,13297,19525,343,458,2458,3660,192789,309599,17146,35621,3196,4834,14064,20619,669,900,204785,333103,171838,274900,15855,33310,1437,2061,13151,19259,306,389,2198,3184,173695,277514,16308,34087,2710,3930,13845,20238,604,779,20408,34484,18869,31676,735,1326,361,671,146,266,37,69,260,476,19094,32085,838,1534,486,904,219,381,65,121
R,6,2024,90,483717,180035,303682,152096,252590,13204,28672,1417,2157,10981,16757,298,396,2039,3110,153825,255199,13668,29519,2550,3917,11659,17713,552,769,163678,275555,136984,226702,12637,27597,1113,1662,10871,16537,259,348,1814,2709,138523,228969,13009,28260,2136,3227,11481,17390,487,676,16357,28127,15112,25888,567,1075,304,495,110,220,39,48,225,401,15302,26230,659,1259,414,690,178,323,65,93
R,6,2024,91,421923,153576,268347,129996,223371,11050,24825,1226,1911,9360,15251,234,324,1710,2665,131445,225575,11442,25549,2165,3429,9937,16043,446,680,140238,244330,117679,201187,10563,23924,989,1518,9262,15076,207,285,1538,2340,118977,203111,10885,24512,1844,2880,9791,15784,398,607,13338,24017,12317,22184,487,901,237,393,98,175,27,39,172,325,12468,22464,557,1037,321,549,146,259,48,73
R,6,2024,92,357727,126446,231281,107676,193876,8554,20396,970,1602,7639,12794,193,276,1414,2337,108881,195828,8883,21037,1745,2933,8109,13464,382,568,115266,210821,97270,174951,8203,19642,773,1272,7564,12660,173,246,1283,2050,98365,176653,8481,20164,1479,2461,8000,13264,344,501,11180,20460,10406,18925,351,754,197,330,75,134,20,30,131,287,10516,19175,402,873,266,472,109,200,38,67
R,6,2024,93,298377,102410,195967,87277,164421,6700,16758,764,1339,6327,11237,166,240,1176,1972,88269,166060,6967,17311,1420,2456,6725,11818,322,490,93317,178746,78813,148496,6414,16138,610,1047,6278,11125,149,211,1053,1729,79702,149926,6630,16581,1201,2044,6641,11642,289,441,9093,17221,8464,15925,286,620,154,292,49,112,17,29,123,243,8567,16134,337,730,219,412,84,176,33,49
R,6,2024,94,241815,80265,161550,67887,134899,5345,13983,679,1130,5265,9659,136,208,953,1671,68690,136287,5572,14451,1210,2085,5577,10150,258,410,73072,147437,61212,121838,5105,13499,545,905,5228,9549,123,183,859,1463,61937,123049,5293,13863,1026,1762,5511,9988,234,362,7193,14113,6675,13061,240,484,134,225,37,110,13,25,94,208,6753,13238,279,588,184,323,66,162,24,48
R,6,2024,95,187560,59960,127600,50717,106582,3903,10931,490,820,4002,7708,95,173,753,1386,51341,107727,4083,11334,923,1613,4239,8104,198,350,54772,116902,45906,96720,3737,10544,403,652,3969,7612,86,157,671,1217,46463,97719,3884,10875,796,1362,4184,7967,177,315,5188,10698,4811,9862,166,387,87,168,33,96,9,16,82,169,4878,10008,199,459,127,251,55,137,21,35
R,6,2024,96,147175,45156,102019,38080,85218,2878,8568,371,704,3172,6273,65,128,590,1128,38578,86154,3013,8879,685,1345,3373,6598,151,286,41380,93897,34565,77728,2761,8275,309,568,3152,6204,59,113,534,1009,35015,78556,2876,8533,597,1150,3339,6500,136,254,3776,8122,3515,7490,117,293,62,136,20,69,6,15,56,119,3563,7598,137,346,88,195,34,98,15,32
R,6,2024,97,110114,32466,77648,27122,64595,2119,6552,278,563,2433,4970,48,97,466,871,27513,65321,2243,6796,540,1062,2578,5215,105,211,29852,71784,24688,59193,2042,6328,242,465,2419,4926,43,85,418,787,25036,59848,2144,6532,480,921,2551,5149,92,189,2614,5864,2434,5402,77,224,36,98,14,44,5,12,48,84,2477,5473,99,264,60,141,27,66,13,22
R,6,2024,98,78609,22243,56366,18397,46467,1481,4869,189,406,1810,3865,32,80,334,679,18673,47023,1572,5065,374,787,1915,4062,79,172,20428,52124,16727,42536,1422,4722,160,340,1798,3837,29,72,292,617,16970,43043,1489,4890,324,693,1892,4015,68,154,1815,4242,1670,3931,59,147,29,66,12,28,3,8,42,62,1703,3980,83,175,50,94,23,47,11,18
R,6,2024,99,56403,15264,41139,12427,33741,1033,3491,143,308,1384,2997,23,64,254,538,12638,34183,1096,3669,282,623,1470,3131,60,124,14089,38219,11347,31045,999,3382,123,269,1374,2975,20,59,226,489,11536,31448,1051,3538,249,562,1450,3091,50,109,1175,2920,1080,2696,34,109,20,39,10,22,3,5,28,49,1102,2735,45,131,33,61,20,40,10,15
R,6,2024,100,98352,24245,74107,18751,58763,1673,6521,265,633,3016,6931,48,136,492,1123,19151,59664,1818,6885,525,1259,3191,7248,124,304,22502,69516,17150,54532,1616,6350,236,565,3000,6901,44,127,456,1041,17524,55370,1744,6677,480,1152,3163,7191,112,280,1743,4591,1601,4231,57,171,29,68,16,30,4,9,36,82,1627,4294,74,208,45,107,28,57,12,24
