UNIVERSE,MONTH,YEAR,AGE,TOT_POP,TOT_MALE,TOT_FEMALE,WA_MALE,WA_FEMALE,BA_MALE,BA_FEMALE,IA_MALE,IA_FEMALE,AA_MALE,AA_FEMALE,NA_MALE,NA_FEMALE,TOM_MALE,TOM_FEMALE,WAC_MALE,WAC_FEMALE,BAC_MALE,BAC_FEMALE,IAC_MALE,IAC_FEMALE,AAC_MALE,AAC_FEMALE,NAC_MALE,NAC_FEMALE,NH_MALE,NH_FEMALE,NHWA_MALE,NHWA_FEMALE,NHBA_MALE,NHBA_FEMALE,NHIA_MALE,NHIA_FEMALE,NHAA_MALE,NHAA_FEMALE,NHNA_MALE,NHNA_FEMALE,NHTOM_MALE,NHTOM_FEMALE,NHWAC_MALE,NHWAC_FEMALE,NHBAC_MALE,NHBAC_FEMALE,NHIAC_MALE,NHIAC_FEMALE,NHAAC_MALE,NHAAC_FEMALE,NHNAC_MALE,NHNAC_FEMALE,H_MALE,H_FEMALE,HWA_MALE,HWA_FEMALE,HBA_MALE,HBA_FEMALE,HIA_MALE,HIA_FEMALE,HAA_MALE,HAA_FEMALE,HNA_MALE,HNA_FEMALE,HTOM_MALE,HTOM_FEMALE,HWAC_MALE,HWAC_FEMALE,HBAC_MALE,HBAC_FEMALE,HIAC_MALE,HIAC_FEMALE,HAAC_MALE,HAAC_FEMALE,HNAC_MALE,HNAC_FEMALE
R,7,2023,999,336755052,165233378,171521674,121353289,124310110,21644013,23712829,3390053,3308910,10659582,11666043,457034,457791,7729407,8065991,128453629,131706204,24620933,26865146,6619361,6787383,13064239,14080962,967757,968094,132115787,138137027,95068081,97730668,19648713,21670100,1146626,1181925,10216519,11215721,338342,338109,5697506,6000504,100307239,103237730,21785211,23956481,3329005,3591331,12123687,13131582,708846,708733,33117591,33384647,26285208,26579442,1995300,2042729,2243427,2126985,443063,450322,118692,119682,2031901,2065487,28146390,28468474,2835722,2908665,3290356,3196052,940552,949380,258911,259361
R,7,2023,0,3653453,1866870,1786583,1214457,1159825,299848,290336,46891,45520,114130,107120,6985,6854,184559,176928,1387316,1325264,389522,377027,98387,95065,179129,168954,17610,17009,1326853,1265585,828107,787652,253575,245602,11866,11613,103451,96907,4649,4447,125205,119364,946007,899928,314050,303997,40824,39087,150835,141747,11243,10553,540017,520998,386350,372173,46273,44734,35025,33907,10679,10213,2336,2407,59354,57564,441309,425336,75472,73030,57563,55978,28294,27207,6367,6456
R,7,2023,1,3719819,1899316,1820503,1235527,1181286,306471,298435,45218,43177,119155,112263,7094,6697,185851,178645,1409584,1348321,396689,385837,96881,92932,184794,174985,17782,16921,1363773,1303879,850585,809588,260682,254080,12268,11620,108638,102277,4736,4457,126864,121857,970022,924170,321839,313546,41528,39575,156846,148292,11425,10704,535543,516624,384942,371698,45789,44355,32950,31557,10517,9986,2358,2240,58987,56788,439562,424151,74850,72291,55353,53357,27948,26693,6357,6217
R,7,2023,2,3642279,1862495,1779784,1210733,1151645,304219,295471,42862,41296,117407,111466,6554,6158,180720,173748,1379992,1314091,391920,380442,93030,89609,181301,172563,16935,16083,1354524,1289531,844512,798366,261584,254142,12359,11875,107861,102118,4522,4171,123686,118859,960949,910116,321151,312072,40851,39112,154947,147113,11042,10262,507971,490253,366221,353279,42635,41329,30503,29421,9546,9348,2032,1987,57034,54889,419043,403975,70769,68370,52179,50497,26354,25450,5893,5821
R,7,2023,3,3766965,1924583,1842382,1263444,1204945,302177,294087,44992,43027,123218,117179,6843,6463,183909,176681,1435700,1370191,391509,380572,95764,91834,188322,179364,17380,16510,1415960,1354393,893636,849484,261999,255629,14169,13621,113986,108189,4777,4527,127393,122943,1013557,965079,323421,315641,43481,41798,162441,154637,11499,10821,508623,487989,369808,355461,40178,38458,30823,29406,9232,8990,2066,1936,56516,53738,422143,405112,68088,64931,52283,50036,25881,24727,5881,5689
R,7,2023,4,3824021,1951520,1872501,1288829,1231210,304935,297963,46304,44694,122239,116920,7093,6797,182120,174917,1459380,1394785,392966,382942,96953,93358,186512,178517,17737,16839,1440121,1379492,914722,869876,265412,260225,15126,14659,113022,107987,4972,4868,126867,121877,1034091,984374,326462,319484,44456,42800,161143,153839,11766,11260,511399,493009,374107,361334,39523,37738,31178,30035,9217,8933,2121,1929,55253,53040,425289,410411,66504,63458,52497,50558,25369,24678,5971,5579
R,7,2023,5,3897067,1990317,1906750,1317485,1257357,312172,304365,47766,45846,124607,118908,7374,6691,180913,173583,1486833,1419574,399017,388300,98667,94580,188498,179981,18151,16762,1474108,1408711,938303,891372,272933,266552,15299,14785,115571,110068,5259,4758,126743,121176,1057473,1005186,333624,325153,44941,42852,163614,155779,12221,11150,516209,498039,379182,365985,39239,37813,32467,31061,9036,8840,2115,1933,54170,52407,429360,414388,65393,63147,53726,51728,24884,24202,5930,5612
R,7,2023,6,3955098,2021110,1933988,1342660,1279612,312639,304118,49132,47560,129286,123128,7532,6965,179861,172605,1510640,1440717,397722,387033,100689,97339,192949,183358,18402,17194,1495685,1426365,954469,905156,273354,266012,16161,15564,120028,114317,5369,4957,126304,120359,1072992,1018081,332863,323905,46296,44389,168081,159271,12413,11463,525425,507623,388191,374456,39285,38106,32971,31996,9258,8811,2163,2008,53557,52246,437648,422636,64859,63128,54393,52950,24868,24087,5989,5731
R,7,2023,7,4040453,2063792,1976661,1383993,1318873,312876,306211,50654,48904,128335,122623,7418,7089,180516,172961,1552647,1480293,397538,388353,103577,99626,191769,182855,18366,17486,1525010,1458318,983943,933421,273698,268346,16442,16157,119057,113803,5291,5072,126579,121519,1102790,1047406,333148,326288,47390,45893,166618,158999,12309,11758,538782,518343,400050,385452,39178,37865,34212,32747,9278,8820,2127,2017,53937,51442,449857,432887,64390,62065,56187,53733,25151,23856,6057,5728
R,7,2023,8,4065958,2077322,1988636,1392190,1327600,317908,308887,51049,49575,130686,123732,7336,7138,178153,171704,1558625,1487812,401288,390456,104077,100600,192743,182887,17942,17257,1539020,1469302,990603,941144,278697,270628,16882,16186,121656,115144,5266,5066,125916,121134,1108788,1054720,337702,328481,48294,46157,168527,159752,12183,11611,538302,519334,401587,386456,39211,38259,34167,33389,9030,8588,2070,2072,52237,50570,449837,433092,63586,61975,55783,54443,24216,23135,5759,5646
R,7,2023,9,4051236,2071569,1979667,1393912,1325770,315996,307157,51068,49193,128607,122615,7378,7116,174608,167816,1557086,1482363,396918,386412,103848,99931,189366,180022,17912,17164,1537117,1464729,994216,941546,277073,269096,16864,16191,119658,114140,5260,5018,124046,118738,1110681,1052920,334631,325644,48352,46215,165805,157419,12176,11592,534452,514938,399696,384224,38923,38061,34204,33002,8949,8475,2118,2098,50562,49078,446405,429443,62287,60768,55496,53716,23561,22603,5736,5572
R,7,2023,10,4058149,2073408,1984741,1394337,1330206,315884,307321,51408,49396,132831,125705,7533,7090,171415,165023,1554213,1483927,394832,384147,104143,100513,192401,182250,17969,16990,1539009,1469191,993204,943414,277246,269834,17110,16317,124066,117277,5341,5008,122042,117341,1107652,1053244,333556,324838,48674,46820,169373,160201,12204,11502,534399,515550,401133,386792,38638,37487,34298,33079,8765,8428,2192,2082,49373,47682,446561,430683,61276,59309,55469,53693,23028,22049,5765,5488
R,7,2023,11,4069137,2080707,1988430,1404881,1338183,317519,307287,52898,50547,129782,122996,7370,7001,168257,162416,1561724,1489476,394636,382222,105783,101638,187535,178266,17646,16856,1541786,1470391,999509,948053,278977,270427,17022,16428,120954,114799,5203,4919,120121,115765,1112046,1056353,334302,324273,48857,47116,164996,156884,12007,11477,538921,518039,405372,390130,38542,36860,35876,34119,8828,8197,2167,2082,48136,46651,449678,433123,60334,57949,56926,54522,22539,21382,5639,5379
R,7,2023,12,4128266,2112830,2015436,1431534,1359970,323275,312703,53437,51552,128481,121735,7458,7224,168645,162252,1588710,1510990,399750,387093,107653,103731,185927,176646,17741,17106,1559851,1483897,1013002,958764,284495,274971,17213,16492,119559,113310,5280,5030,120302,115330,1125667,1066550,339450,328321,49914,47840,163226,154960,12143,11488,552979,531539,418532,401206,38780,37732,36224,35060,8922,8425,2178,2194,48343,46922,463043,444440,60300,58772,57739,55891,22701,21686,5598,5618
R,7,2023,13,4221225,2158869,2062356,1468039,1397244,330222,318830,53977,51549,128124,122500,7375,7086,171132,165147,1627607,1551072,408007,394961,109315,105013,185738,177393,17727,17084,1587133,1514618,1029302,976638,292064,281905,17225,17005,119653,114527,5180,4911,123709,119632,1145155,1088535,348652,337396,51163,50164,164152,156805,12204,11610,571736,547738,438737,420606,38158,36925,36752,34544,8471,7973,2195,2175,47423,45515,482452,462537,59355,57565,58152,54849,21586,20588,5523,5474
R,7,2023,14,4298088,2198458,2099630,1501781,1426763,336600,325614,54097,52286,127820,122891,7308,7107,170852,164969,1660683,1580404,414035,401677,110072,106064,184793,176914,17827,17129,1613743,1539547,1049384,993684,298083,288537,17828,17388,119301,114865,5017,4840,124130,120233,1165344,1106100,355027,344684,52512,50933,163431,156788,12116,11733,584715,560083,452397,433079,38517,37077,36269,34898,8519,8026,2291,2267,46722,44736,495339,474304,59008,56993,57560,55131,21362,20126,5711,5396
R,7,2023,15,4436199,2268194,2168005,1552641,1476366,345822,334313,56495,54357,132945,127629,7478,7070,172813,168270,1713319,1632696,423821,411360,114026,110671,190104,182587,18300,17208,1663269,1587605,1081975,1026550,306502,296536,18741,17789,124353,119305,5136,4824,126562,122601,1200078,1140971,364279,353524,54890,52936,169026,161768,12510,11733,604925,580400,470666,449816,39320,37777,37754,36568,8592,8324,2342,2246,46251,45669,513241,491725,59542,57836,59136,57735,21078,20819,5790,5475
R,7,2023,16,4437134,2272065,2165069,1563059,1482717,344351,330516,57852,54770,130861,125071,7420,7224,168522,164771,1719619,1635608,419629,404893,115533,111012,186093,178649,17859,17419,1664446,1585031,1090582,1031268,305279,293491,18438,17870,122196,116954,5037,4926,122914,120522,1205265,1143626,360679,348683,54575,53195,165202,158626,12216,11853,607619,580038,472477,451449,39072,37025,39414,36900,8665,8117,2383,2298,45608,44249,514354,491982,58950,56210,60958,57817,20891,20023,5643,5566
R,7,2023,17,4388584,2248123,2140461,1556624,1471805,333790,322963,57083,54518,130317,126351,7358,6971,162951,157853,1708018,1618382,405115,392813,114130,109382,183751,177788,17328,16704,1648632,1569814,1088328,1026698,296099,286717,18175,17535,121917,118535,5047,4734,119066,115595,1199425,1134538,348605,338690,54140,52232,163779,158516,11896,11400,599491,570647,468296,445107,37691,36246,38908,36983,8400,7816,2311,2237,43885,42258,508593,483844,56510,54123,59990,57150,19972,19272,5432,5304
R,7,2023,18,4391967,2252106,2139861,1561994,1474222,331536,317741,57565,54689,135396,133021,7396,7059,158219,153129,1708780,1616089,399532,384913,114219,109164,187396,182690,17143,16408,1654353,1575379,1094299,1032610,294304,282527,18135,17452,127235,125410,5074,4904,115306,112476,1201654,1137193,344118,332408,53860,51975,167969,164520,11785,11386,597753,564482,467695,441612,37232,35214,39430,37237,8161,7611,2322,2155,42913,40653,507126,478896,55414,52505,60359,57189,19427,18170,5358,5022
R,7,2023,19,4426623,2271425,2155198,1580544,1489015,330950,318167,57879,53353,140027,137710,7554,7079,154471,149874,1723713,1628097,396211,382867,114000,107656,190771,186215,17210,16254,1677989,1595740,1114515,1049287,294720,283706,18184,17270,132004,130288,5197,4931,113369,110258,1220022,1151888,342905,331747,54040,52175,172030,168457,11879,11314,593436,559458,466029,439728,36230,34461,39695,36083,8023,7422,2357,2148,41102,39616,503691,476209,53306,51120,59960,55481,18741,17758,5331,4940
R,7,2023,20,4396869,2254844,2142025,1570744,1481568,329330,317757,57960,52449,140680,138517,7544,7066,148586,144668,1708421,1615565,391323,378952,113286,106169,189207,185399,16799,15794,1667941,1589021,1109425,1046285,293255,283746,17819,16695,133024,130952,5220,4970,109198,106373,1210898,1145168,339152,329247,53298,51186,171299,167865,11670,11131,586903,553004,461319,435283,36075,34011,40141,35754,7656,7565,2324,2096,39388,38295,497523,470397,52171,49705,59988,54983,17908,17534,5129,4663
R,7,2023,21,4472038,2275401,2196637,1581842,1514839,341067,337162,57068,52509,146752,145468,7484,7317,141188,139342,1712261,1643156,399592,396659,109935,104057,192992,190532,16585,16275,1688959,1641108,1119110,1076424,304343,301722,17611,17068,139107,137987,5269,5241,103519,102666,1214997,1171262,347602,345945,51320,50261,175485,173503,11671,11586,586442,555529,462732,438415,36724,35440,39457,35441,7645,7481,2215,2076,37669,36676,497264,471894,51990,50714,58615,53796,17507,17029,4914,4689
R,7,2023,22,4753870,2406372,2347498,1668155,1619493,363486,361633,57459,53152,170222,168243,8080,8034,138970,136943,1795693,1745336,421107,420101,108979,102324,216160,213607,17602,17316,1808553,1778444,1195942,1167819,324711,325380,18004,17777,162280,160435,5828,5777,101788,101256,1289574,1261023,367061,369031,50972,49259,198567,196696,12547,12462,597819,569054,472213,451674,38775,36253,39455,35375,7942,7808,2252,2257,37182,35687,506119,484313,54046,51070,58007,53065,17593,16911,5055,4854
R,7,2023,23,4789203,2426857,2362346,1689663,1632858,362113,362603,57378,52160,177019,174204,8422,7998,132262,132523,1811010,1754407,416423,419210,107251,100131,220430,218069,17379,16751,1834915,1801735,1219901,1187220,324442,326501,18080,17281,169133,166431,6192,5732,97167,98570,1309235,1277872,364439,368838,49847,48231,203784,201579,12647,11957,591942,560611,469762,445638,37671,36102,39298,34879,7886,7773,2230,2266,35095,33953,501775,476535,51984,50372,57404,51900,16646,16490,4732,4794
R,7,2023,24,4648745,2358167,2290578,1650135,1590838,344144,344980,54958,50163,174257,170203,8212,7795,126461,126599,1766097,1707064,395447,398388,102942,96515,215893,211810,17007,16203,1788605,1749292,1197423,1160210,308273,310264,17137,16397,166536,162485,5986,5601,93250,94335,1283092,1247027,346270,350426,48072,46556,199726,195801,12293,11599,569562,541286,452712,430628,35871,34716,37821,33766,7721,7718,2226,2194,33211,32264,483005,460037,49177,47962,54870,49959,16167,16009,4714,4604
R,7,2023,25,4519119,2293125,2225994,1604873,1541867,332226,332578,53762,49052,174236,173250,7977,7629,120051,121618,1714876,1653500,380445,383573,99905,94075,213397,212834,16136,15542,1741344,1703063,1166161,1125214,297692,299713,16342,15716,166841,165691,5851,5449,88457,91280,1247298,1209245,333345,338218,45903,45063,198294,197858,11789,11219,551781,522931,438712,416653,34534,32865,37420,33336,7395,7559,2126,2180,31594,30338,467578,444255,47100,45355,54002,49012,15103,14976,4347,4323
R,7,2023,26,4415247,2238522,2176725,1567483,1505806,320629,321918,52624,47534,174879,176036,7618,7302,115289,118129,1672947,1614091,366230,370653,97594,92364,212673,214343,15496,14957,1696940,1664083,1136728,1097375,286917,290025,15566,14823,167671,168783,5558,5337,84500,87740,1214229,1177934,320202,326500,44177,43667,198033,199743,11253,10846,541582,512642,430755,408431,33712,31893,37058,32711,7208,7253,2060,1965,30789,30389,458718,436157,46028,44153,53417,48697,14640,14600,4243,4111
R,7,2023,27,4399096,2226645,2172451,1563896,1503615,313440,318855,52804,47580,176356,179585,7560,7205,112589,115611,1666872,1609520,357483,365802,97203,92474,213094,216906,15459,14794,1690553,1662285,1137755,1097453,280283,287010,15367,14621,169101,172153,5503,5369,82544,85679,1213461,1176120,312322,321942,43611,43463,198746,202382,11234,10904,536092,510166,426141,406162,33157,31845,37437,32959,7255,7432,2057,1836,30045,29932,453411,433400,45161,43860,53592,49011,14348,14524,4225,3890
R,7,2023,28,4435470,2238942,2196528,1573916,1518588,319035,328657,52981,47820,175383,180271,7690,7352,109937,113840,1674104,1622482,361615,374787,97229,92544,211123,216635,15475,15121,1704270,1684612,1149208,1110985,285626,295848,15450,14822,167924,173040,5669,5424,80393,84493,1222520,1188221,316498,329991,43632,43874,196848,202635,11344,11127,534672,511916,424708,407603,33409,32809,37531,32998,7459,7231,2021,1928,29544,29347,451584,434261,45117,44796,53597,48670,14275,14000,4131,3994
R,7,2023,29,4473647,2252788,2220859,1583696,1530837,323539,338659,52588,48324,177196,182194,7567,7369,108202,113476,1682095,1634487,364429,383865,96879,94116,212492,218251,15554,15071,1723509,1709833,1162466,1124340,290746,305920,15628,15013,170065,174922,5582,5387,79022,84251,1234360,1201442,320338,339345,43673,44920,198784,204238,11463,11050,529279,511026,421230,406497,32793,32739,36960,33311,7131,7272,1985,1982,29180,29225,447735,433045,44091,44520,53206,49196,13708,14013,4091,4021
R,7,2023,30,4526487,2274801,2251686,1599328,1550080,328309,346522,53901,49361,179983,186334,7677,7412,105603,111977,1695204,1652116,367954,390597,97794,95880,214233,221479,15485,15012,1748103,1741827,1180531,1145120,295374,313741,16009,15483,173011,179069,5718,5381,77460,83033,1250912,1220889,324094,346017,44094,46014,200937,207793,11487,10975,526698,509859,418797,404960,32935,32781,37892,33878,6972,7265,1959,2031,28143,28944,444292,431227,43860,44580,53700,49866,13296,13686,3998,4037
R,7,2023,31,4607395,2310352,2297043,1633054,1587190,329431,351580,54069,49989,181215,189361,7475,7223,105108,111700,1728783,1689029,367512,394086,99250,97601,214806,224312,15208,14802,1783307,1785592,1213218,1180582,296670,318094,16537,16186,174251,182268,5529,5390,77102,83072,1283482,1256483,323936,349141,45803,47844,201667,210819,11300,10973,527045,511451,419836,406608,32761,33486,37532,33803,6964,7093,1946,1833,28006,28628,445301,432546,43576,44945,53447,49757,13139,13493,3908,3829
R,7,2023,32,4697241,2350184,2347057,1665092,1621745,334113,360182,54962,50507,185113,195807,7846,7546,103058,111270,1758222,1722967,371074,402041,99675,98717,218613,230821,15625,15266,1824149,1837078,1247363,1217768,300792,326335,16885,16483,178006,188479,5863,5605,75240,82408,1315458,1292874,327012,356523,45560,48372,205431,217073,11618,11391,526035,509979,417729,403977,33321,33847,38077,34024,7107,7328,1983,1941,27818,28862,442764,430093,44062,45518,54115,50345,13182,13748,4007,3875
R,7,2023,33,4737984,2366696,2371288,1681795,1640960,334792,362896,54545,50344,187127,199550,7668,7507,100769,110031,1773177,1741071,369817,403019,98708,99783,220062,233488,15338,15010,1847011,1864901,1267902,1239387,302229,329120,16836,16608,180312,192625,5716,5570,74016,81591,1335067,1313689,326942,357801,45585,49737,207392,220476,11456,11246,519685,506387,413893,401573,32563,33776,37709,33736,6815,6925,1952,1937,26753,28440,438110,427382,42875,45218,53123,50046,12670,13012,3882,3764
R,7,2023,34,4603400,2296410,2306990,1636666,1598131,319388,349328,52265,48970,184535,199274,7302,7007,96254,104280,1723958,1692785,352388,386589,95405,96288,215610,231865,14516,14238,1802262,1823331,1243144,1213728,288843,317259,16263,16341,178008,192626,5540,5252,70464,78125,1307013,1284634,311964,344140,44163,48462,203615,219664,11071,10771,494148,483659,393522,384403,30545,32069,36002,32629,6527,6648,1762,1755,25790,26155,416945,408151,40424,42449,51242,47826,11995,12201,3445,3467
R,7,2023,35,4529898,2255484,2274414,1618190,1586483,306008,336599,52341,48372,178974,194836,7099,6947,92872,101177,1702418,1678422,336764,372526,94431,95272,209029,225864,14152,13902,1767185,1797001,1228440,1206634,276604,305671,16039,15730,172516,188394,5327,5231,68259,75341,1290346,1275230,298205,331265,43402,47412,197461,213987,10680,10539,488299,477413,389750,379849,29404,30928,36302,32642,6458,6442,1772,1716,24613,25836,412072,403192,38559,41261,51029,47860,11568,11877,3472,3363
R,7,2023,36,4477617,2229432,2248185,1608022,1574569,299465,329401,51016,47671,174804,190725,7115,6829,89010,98990,1688565,1664572,328841,363950,92403,94568,203324,220902,13906,13499,1751310,1777445,1225561,1199796,270936,299457,15610,15353,168495,184270,5352,5049,65356,73520,1284578,1266670,291568,323857,42552,47089,192173,209304,10604,10097,478122,470740,382461,374773,28529,29944,35406,32318,6309,6455,1763,1780,23654,25470,403987,397902,37273,40093,49851,47479,11151,11598,3302,3402
R,7,2023,37,4503669,2242210,2261459,1622776,1590599,297124,328147,51470,48091,175106,191413,7084,6800,88650,96409,1703050,1678062,325629,360852,93466,94979,203362,220330,13973,13441,1761869,1792400,1238464,1215889,268455,298872,15328,15540,168925,185124,5371,5087,65326,71888,1297651,1281138,288186,322029,43102,47747,192411,209036,10606,10142,480341,469059,384312,374710,28669,29275,36142,32551,6181,6289,1713,1713,23324,24521,405399,396924,37443,38823,50364,47232,10951,11294,3367,3299
R,7,2023,38,4488511,2233143,2255368,1622976,1590449,293175,324009,50708,47966,173703,191823,6953,6827,85628,94294,1700489,1676071,319898,355168,92107,95037,200906,219662,13605,13358,1759435,1790135,1243077,1218411,266060,295298,14941,15547,167535,185695,5231,5170,62591,70014,1299693,1281985,284351,317089,42156,47779,190072,208806,10284,10139,473708,465233,379899,372038,27115,28711,35767,32419,6168,6128,1722,1657,23037,24280,400796,394086,35547,38079,49951,47258,10834,10856,3321,3219
R,7,2023,39,4365548,2167461,2198087,1576528,1550446,281102,313997,49791,46859,171090,189020,6712,6665,82238,91100,1650637,1632889,306518,343564,90385,93278,196945,215885,13174,13146,1706893,1742403,1207089,1184802,254778,286685,14762,15065,165107,183106,5052,4956,60105,67789,1261145,1246129,272257,307339,41481,47106,186512,205263,10027,9947,460568,455684,369439,365644,26324,27312,35029,31794,5983,5914,1660,1709,22133,23311,389492,386760,34261,36225,48904,46172,10433,10622,3147,3199
R,7,2023,40,4416286,2186886,2229400,1594802,1576207,284255,317345,50603,48238,168162,189349,6485,6626,82579,91635,1669487,1658957,309483,346683,92154,96100,193353,215696,12895,13093,1725034,1766140,1223766,1204647,257982,289658,15022,15427,162535,183421,4858,4969,60871,68018,1278731,1266064,275452,310124,42886,48465,183431,205195,9767,9901,461852,463260,371036,371560,26273,27687,35581,32811,5627,5928,1627,1657,21708,23617,390756,392893,34031,36559,49268,47635,9922,10501,3128,3192
R,7,2023,41,4383582,2165508,2218074,1584169,1571396,280948,315958,50014,47559,164367,186719,6410,6552,79600,89890,1656030,1652564,305141,344881,90746,95193,188255,212050,12653,12853,1708181,1756796,1216425,1200337,255027,288680,14785,14879,158769,180886,4795,4834,58380,67180,1268983,1261042,271858,308992,41957,48167,178481,201774,9633,9665,457327,461278,367744,371059,25921,27278,35229,32680,5598,5833,1615,1718,21220,22710,387047,391522,33283,35889,48789,47026,9774,10276,3020,3188
R,7,2023,42,4343474,2146700,2196774,1574949,1560755,279873,314650,49709,47234,157140,180236,6326,6251,78703,87648,1645772,1639980,303659,342714,90568,94251,180330,204409,12432,12265,1694194,1740102,1210817,1192928,254788,287821,14533,14959,151564,174464,4654,4653,57838,65277,1262780,1251932,271284,307567,41935,47702,170781,194428,9315,9220,452506,456672,364132,367827,25085,26829,35176,32275,5576,5772,1672,1598,20865,22371,382992,388048,32375,35147,48633,46549,9549,9981,3117,3045
R,7,2023,43,4336260,2142820,2193440,1570228,1554986,284580,319408,49645,47499,154726,178362,6421,6446,77220,86739,1639819,1633218,307856,347126,90523,94558,176926,201976,12309,12535,1688872,1736780,1203680,1186945,259899,292693,14681,15143,149151,172735,4793,4774,56668,64490,1254608,1245068,275913,312111,42250,48029,167523,192151,9395,9416,453948,456660,366548,368041,24681,26715,34964,32356,5575,5627,1628,1672,20552,22249,385211,388150,31943,35015,48273,46529,9403,9825,2914,3119
R,7,2023,44,4127804,2034860,2092944,1493302,1485982,268608,303007,46939,44915,147613,171589,5975,5886,72423,81565,1558497,1559495,290159,328933,85513,89307,168375,193629,11498,11503,1609494,1659293,1149418,1136105,245685,277845,13877,13937,142540,166204,4473,4330,53501,60872,1197528,1190973,260603,295856,40084,45179,159799,184427,8759,8620,425366,433651,343884,349877,22923,25162,33062,30978,5073,5385,1502,1556,18922,20693,360969,368522,29556,33077,45429,44128,8576,9202,2739,2883
R,7,2023,45,4025269,1981967,2043302,1462212,1458859,256968,290001,45372,44471,142064,165486,5558,5702,69793,78783,1525178,1529824,277333,314476,83110,87906,162024,186941,10600,11008,1564399,1616234,1122919,1113117,235192,265942,13331,14014,137211,160166,4201,4184,51545,58811,1169356,1166043,249240,283134,39048,44616,153825,177844,8063,8309,417568,427068,339293,345742,21776,24059,32041,30457,4853,5320,1357,1518,18248,19972,355822,363781,28093,31342,44062,43290,8199,9097,2537,2699
R,7,2023,46,3978854,1955718,2023136,1443733,1444066,252396,287604,45040,43534,141152,165221,5523,5681,67874,77030,1504888,1513505,272180,311241,82374,86763,160117,185927,10545,10879,1545879,1599080,1110029,1099136,231496,264023,13634,14076,136299,160088,4092,4178,50329,57579,1155278,1150992,245065,280483,39309,44618,152134,177187,7945,8147,409839,424056,333704,344930,20900,23581,31406,29458,4853,5133,1431,1503,17545,19451,349610,362513,27115,30758,43065,42145,7983,8740,2600,2732
R,7,2023,47,3854468,1895326,1959142,1396761,1399277,242517,275530,43601,41986,141589,164183,5245,5382,65613,72784,1455821,1464704,260900,297747,80262,83148,159721,183487,10106,10215,1495691,1545144,1070684,1060728,222427,253269,12997,13330,136967,159157,3979,3987,48637,54673,1114380,1109817,235095,268953,38255,42495,152134,175238,7769,7761,399635,413998,326077,338549,20090,22261,30604,28656,4622,5026,1266,1395,16976,18111,341441,354887,25805,28794,42007,40653,7587,8249,2337,2454
R,7,2023,48,3897187,1916178,1981009,1417118,1420505,243901,275834,42429,42054,143937,166019,5160,5184,63633,71413,1474315,1484787,261763,296972,78314,82777,161253,185083,9717,9792,1523238,1572314,1095305,1085349,224359,254487,13030,13571,139334,161164,3919,3891,47291,53852,1137706,1133698,236825,269379,37918,42651,153723,177092,7430,7441,392940,408695,321813,335156,19542,21347,29399,28483,4603,4855,1241,1293,16342,17561,336609,351089,24938,27593,40396,40126,7530,7991,2287,2351
R,7,2023,49,3804750,1868274,1936476,1381567,1389042,237137,268756,41358,40176,142129,163993,4843,5161,61240,69348,1436652,1451437,254082,289141,76189,80029,158788,182354,9199,9625,1490253,1540911,1071060,1063447,218802,248460,12751,13364,137852,159374,3712,3803,46076,52463,1112361,1110529,230689,262900,37420,42028,151845,174717,7090,7289,378021,395565,310507,325595,18335,20296,28607,26812,4277,4619,1131,1358,15164,16885,324291,340908,23393,26241,38769,38001,6943,7637,2109,2336
R,7,2023,50,3866681,1892846,1973835,1399088,1414966,244317,277608,40837,40335,142779,166706,4921,5058,60904,69162,1453854,1477047,260921,297946,75656,80289,159301,184828,9199,9573,1520265,1581331,1092802,1091288,226274,257479,13037,13732,138530,162099,3740,3791,45882,52942,1133892,1138738,237924,272005,37699,42952,152430,177306,7144,7299,372581,392504,306286,323678,18043,20129,27800,26603,4249,4607,1181,1267,15022,16220,319962,338309,22997,25941,37957,37337,6871,7522,2055,2274
R,7,2023,51,4024962,1970658,2054304,1471091,1487853,250023,285200,40707,39732,142046,166253,4798,5018,61993,70248,1526843,1551107,266598,305196,76938,81234,158237,184054,9175,9553,1602469,1666323,1167003,1167183,232529,265554,13589,13875,137859,161712,3630,3739,47859,54260,1209908,1215919,244590,280051,40113,44641,151615,176787,7110,7298,368189,387981,304088,320670,17494,19646,27118,25857,4187,4541,1168,1279,14134,15988,316935,335188,22008,25145,36825,36593,6622,7267,2065,2255
R,7,2023,52,4268266,2092692,2175574,1580738,1595426,262040,298940,40687,40507,139743,162845,5064,5035,64420,72821,1638802,1661057,278946,319391,79281,84324,155999,180528,9573,9715,1722985,1787673,1275151,1274517,244453,279257,13997,14630,135488,158383,3834,3844,50062,57042,1320231,1325766,256608,294293,42667,47955,149317,173327,7421,7613,369707,387901,305587,320909,17587,19683,26690,25877,4255,4462,1230,1191,14358,15779,318571,335291,22338,25098,36614,36369,6682,7201,2152,2102
R,7,2023,53,4230832,2073436,2157396,1574048,1592494,255519,289442,39720,39314,137367,160631,4821,4984,61961,70531,1629886,1655981,271731,309101,77017,82267,152553,177523,9302,9641,1712265,1781878,1275010,1281511,238368,270685,13445,14496,133368,156263,3690,3838,48384,55085,1318500,1330961,250254,285213,41426,46954,146308,170463,7327,7588,361171,375518,299038,310983,17151,18757,26275,24818,3999,4368,1131,1146,13577,15446,311386,325020,21477,23888,35591,35313,6245,7060,1975,2053
R,7,2023,54,4072391,1990736,2081655,1518545,1543834,240835,274842,37624,37764,130988,154002,4502,4812,58242,66401,1571194,1603688,255758,292963,73162,78969,145168,169391,8510,9026,1648603,1724376,1234040,1247454,225003,257178,13293,14116,127337,149931,3476,3672,45454,52025,1275049,1294280,235835,270307,39997,45650,139394,162898,6717,7026,342133,357279,284505,296380,15832,17664,24331,23648,3651,4071,1026,1140,12788,14376,296145,309408,19923,22656,33165,33319,5774,6493,1793,2000
R,7,2023,55,3973898,1939295,2034603,1479413,1508215,240119,276035,36620,36026,124208,146832,4428,4682,54507,62813,1528483,1564660,254027,293352,70328,75203,137094,161130,8233,8831,1607015,1687755,1202902,1219306,224616,258913,12972,13817,120630,142908,3427,3593,42468,49218,1240988,1263427,234666,271533,38506,43889,131485,154870,6504,6950,332280,346848,276511,288909,15503,17122,23648,22209,3578,3924,1001,1089,12039,13595,287495,301233,19361,21819,31822,31314,5609,6260,1729,1881
R,7,2023,56,3975716,1935132,2040584,1489553,1527278,237671,275927,35237,35398,115064,135612,4471,4565,53136,61804,1537557,1583001,251091,292931,68627,74509,127119,148856,8131,8531,1614802,1705557,1221965,1248086,223197,259144,13063,13987,111665,131936,3432,3509,41480,48895,1259355,1292060,232949,271787,38282,44348,121867,143079,6438,6700,320330,335027,267588,279192,14474,16783,22174,21411,3399,3676,1039,1056,11656,12909,278202,290941,18142,21144,30345,30161,5252,5777,1693,1831
R,7,2023,57,4057201,1972991,2084210,1516480,1557746,246651,286784,35337,35820,116826,137198,4409,4654,53288,62008,1564188,1613387,260272,303755,69149,75417,128670,150475,8203,8661,1654712,1751595,1250340,1280270,231797,270421,13538,14537,113550,133595,3426,3617,42061,49155,1287879,1324310,241731,282921,39684,45467,123544,144731,6517,6846,318279,332615,266140,277476,14854,16363,21799,21283,3276,3603,983,1037,11227,12853,276309,289077,18541,20834,29465,29950,5126,5744,1686,1815
R,7,2023,58,4223604,2046332,2177272,1586216,1644249,251231,293115,35213,35660,115676,136380,4305,4750,53691,63118,1634542,1700970,264439,310239,69708,76440,127409,149397,8065,8753,1735016,1848803,1325177,1369052,237102,276998,14021,15414,112520,132891,3338,3739,42858,50709,1363649,1414584,246939,289887,40924,47774,122542,143844,6427,7010,311316,328469,261039,275197,14129,16117,21192,20246,3156,3489,967,1011,10833,12409,270893,286386,17500,20352,28784,28666,4867,5553,1638,1743
R,7,2023,59,4315472,2085761,2229711,1626651,1695552,249822,292441,34526,35163,116811,138873,4086,4524,53865,63158,1675179,1752372,262967,308827,69764,76690,128144,151868,7769,8513,1787071,1910436,1376067,1427687,236097,276662,14293,15562,113865,135669,3255,3515,43494,51341,1415133,1473753,245982,289135,42310,48984,123542,146765,6280,6821,298690,319275,250584,267865,13725,15779,20233,19601,2946,3204,831,1009,10371,11817,260046,278619,16985,19692,27454,27706,4602,5103,1489,1692
R,7,2023,60,4309671,2079066,2230605,1627855,1704887,244407,288049,33315,33920,117019,137390,3970,4458,52500,61901,1675101,1760530,256878,304194,67879,74838,128104,149786,7460,8282,1794915,1925101,1388791,1447918,231623,273434,14312,15481,114153,134099,3173,3560,42863,50609,1427283,1493316,241105,285875,42093,48639,123709,144688,6116,6729,284151,305504,239064,256969,12784,14615,19003,18439,2866,3291,797,898,9637,11292,247818,267214,15773,18319,25786,26199,4395,5098,1344,1553
R,7,2023,61,4283796,2061726,2222070,1630201,1716125,238791,283285,31657,32998,105946,124881,4091,4422,51040,60359,1676289,1770542,250643,298764,65501,73274,116612,136747,7449,8123,1790874,1929675,1401745,1469452,226802,269732,13914,15326,103286,121881,3287,3519,41840,49765,1439436,1514227,235896,281725,41232,48276,112573,132087,6119,6590,270852,292395,228456,246673,11989,13553,17743,17672,2660,3000,804,903,9200,10594,236853,256315,14747,17039,24269,24998,4039,4660,1330,1533
R,7,2023,62,4313415,2070275,2243140,1647035,1742019,236758,282404,30542,32375,101790,122640,3887,4180,50263,59522,1692370,1795563,248690,297463,64102,72511,112148,134182,7137,7872,1812139,1961341,1429308,1504483,225328,269326,13737,15449,99296,119777,3112,3349,41358,48957,1466520,1548447,234424,280927,41028,48250,108259,129673,5833,6347,258136,281799,217727,237536,11430,13078,16805,16926,2494,2863,775,831,8905,10565,225850,247116,14266,16536,23074,24261,3889,4509,1304,1525
R,7,2023,63,4250615,2033498,2217117,1614009,1717492,233883,280268,29979,31719,103487,125920,3642,4108,48498,57610,1657724,1769174,245096,295257,62373,70211,113546,137198,6826,7580,1783144,1942313,1402783,1485736,222602,267463,13573,15120,101067,123126,2959,3321,40160,47547,1438873,1528278,231300,279130,40027,46687,109887,132785,5628,6205,250354,274804,211226,231756,11281,12805,16406,16599,2420,2794,683,787,8338,10063,218851,240896,13796,16127,22346,23524,3659,4413,1198,1375
R,7,2023,64,4152667,1978485,2174182,1579555,1693364,224025,271892,27849,30117,97486,120111,3494,3792,46076,54906,1620999,1742847,234726,285821,58862,67207,106932,130599,6370,7042,1747230,1917671,1384320,1476629,213710,260182,12867,14636,95214,117502,2844,3117,38275,45605,1418683,1517616,222088,271124,38242,45267,103493,126582,5265,5807,231255,256511,195235,216735,10315,11710,14982,15481,2272,2609,650,675,7801,9301,202316,225231,12638,14697,20620,21940,3439,4017,1105,1235
R,7,2023,65,4114440,1953696,2160744,1566872,1692143,215570,263082,25931,28576,97887,120387,3265,3584,44171,52972,1606678,1739790,225751,276585,55649,64652,106905,130376,6016,6607,1738037,1916753,1384205,1485486,205877,251998,12542,14225,95841,117938,2679,2914,36893,44192,1417350,1525160,213839,262663,37100,44111,103774,126605,5022,5418,215659,243991,182667,206657,9693,11084,13389,14351,2046,2449,586,670,7278,8780,189328,214630,11912,13922,18549,20541,3131,3771,994,1189
R,7,2023,66,4048779,1914621,2134158,1541732,1676968,208549,258928,25393,27361,93496,116900,3213,3490,42238,50511,1579764,1722380,218301,271682,54005,62124,102000,126081,5836,6430,1708077,1897788,1366695,1476081,199499,248239,12206,13670,91548,114661,2688,2836,35441,42301,1398529,1513995,207193,258420,35967,42638,99066,122597,4920,5313,206544,236370,175037,200887,9050,10689,13187,13691,1948,2239,525,654,6797,8210,181235,208385,11108,13262,18038,19486,2934,3484,916,1117
R,7,2023,67,3879343,1827682,2051661,1474316,1613448,195955,246303,23589,25635,91302,115207,2897,3283,39623,47785,1510088,1656398,205051,258354,50286,58407,99192,124092,5453,6062,1633467,1827996,1309689,1422927,187457,236104,11276,13219,89427,112950,2387,2717,33231,40079,1339623,1458863,194601,245650,33422,40593,96368,120686,4537,5069,194215,223665,164627,190521,8498,10199,12313,12416,1875,2257,510,566,6392,7706,170465,197535,10450,12704,16864,17814,2824,3406,916,993
R,7,2023,68,3794177,1781769,2012408,1443362,1590460,187037,236288,22402,24619,88900,112763,2779,3217,37289,45061,1476827,1630756,195709,247764,47669,55314,96312,121355,5233,5984,1597534,1798204,1287093,1408013,178809,226727,10906,12394,87192,110700,2295,2642,31239,37728,1315070,1441601,185643,235786,31857,37914,93732,118225,4395,5005,184235,214204,156269,182447,8228,9561,11496,12225,1708,2063,484,575,6050,7333,161757,189155,10066,11978,15812,17400,2580,3130,838,979
R,7,2023,69,3633718,1696044,1937674,1384884,1542183,171967,222544,20039,22635,83039,105441,2540,2992,33575,41879,1415151,1579692,179849,233347,42999,51434,89509,112935,4605,5533,1529141,1738914,1242612,1372216,164560,213763,10029,11778,81543,103498,2119,2459,28278,35200,1268040,1403653,170727,222312,29208,35937,87283,110019,3902,4638,166903,198760,142272,169967,7407,8781,10010,10857,1496,1943,421,533,5297,6679,147111,176039,9122,11035,13791,15497,2226,2916,703,895
R,7,2023,70,3477134,1616926,1860208,1328167,1489147,157865,207772,18505,20839,78704,100126,2355,2736,31330,39588,1356345,1524756,165130,217848,39891,48015,84810,107260,4348,5121,1462437,1673982,1196024,1329430,151177,199527,9453,11103,77318,98450,1964,2273,26501,33199,1219787,1359152,156950,207541,27402,33784,82756,104673,3673,4329,154489,186226,132143,159717,6688,8245,9052,9736,1386,1676,391,463,4829,6389,136558,165604,8180,10307,12489,14231,2054,2587,675,792
R,7,2023,71,3315086,1536811,1778275,1269826,1430830,146107,195215,16645,19319,73086,94319,2214,2563,28933,36029,1295864,1463090,152871,204414,36525,44297,78587,100650,4096,4763,1395212,1605554,1148231,1282195,139981,187676,8687,10359,71812,92766,1878,2122,24623,30436,1170298,1309349,145419,194963,25484,31482,76719,98311,3486,4014,141599,172721,121595,148635,6126,7539,7958,8960,1274,1553,336,441,4310,5593,125566,153741,7452,9451,11041,12815,1868,2339,610,749
R,7,2023,72,3179544,1465864,1713680,1212683,1377028,139835,191296,15748,18392,68501,90263,1983,2415,27114,34286,1237025,1407790,146223,200317,34564,42284,73444,95974,3696,4455,1330777,1547943,1096452,1234447,134062,184156,8221,9757,67364,88787,1703,2001,22975,28795,1116983,1260172,139192,191337,24075,29845,71727,93716,3191,3749,135087,165737,116231,142581,5773,7140,7527,8635,1137,1476,280,414,4139,5491,120042,147618,7031,8980,10489,12439,1717,2258,505,706
R,7,2023,73,3025001,1388898,1636103,1147456,1313910,130202,179783,14651,16939,69284,91170,1882,2154,25423,32147,1170320,1342641,136192,188279,32151,39077,74033,96802,3535,4153,1263546,1478460,1039471,1177730,124837,172911,7810,9205,68168,89717,1599,1814,21661,27083,1058883,1201824,129629,179713,22607,27840,72395,94598,3067,3548,125352,157643,107985,136180,5365,6872,6841,7734,1116,1453,283,340,3762,5064,111437,140817,6563,8566,9544,11237,1638,2204,468,605
R,7,2023,74,2913811,1331173,1582638,1110843,1285351,118391,165325,13566,15648,63086,83855,1793,2069,23494,30390,1131990,1312570,123752,173233,29894,36868,67395,88866,3390,3957,1216566,1437383,1011656,1159498,113748,159238,7341,8568,62031,82545,1516,1744,20274,25790,1029849,1182526,118068,165590,21408,26597,65890,86935,2926,3372,114607,145255,99187,125853,4643,6087,6225,7080,1055,1310,277,325,3220,4600,102141,130044,5684,7643,8486,10271,1505,1931,464,585
R,7,2023,75,2827736,1289313,1538423,1086777,1262356,107792,153116,12361,14546,58862,77637,1593,1918,21928,28850,1106586,1288229,112776,160548,27631,34697,62805,82380,3017,3663,1181819,1400906,993424,1143009,103504,147367,6878,8033,57953,76397,1349,1608,18711,24492,1010262,1164882,107579,153356,19796,25106,61477,80559,2628,3149,107494,137517,93353,119347,4288,5749,5483,6513,909,1240,244,310,3217,4358,96324,123347,5197,7192,7835,9591,1328,1821,389,514
R,7,2023,76,2897341,1318318,1579023,1129984,1320980,99240,142358,11943,13983,53948,71607,1497,1656,21706,28439,1149639,1346681,104048,149579,27306,34167,57635,76058,2872,3323,1218291,1448665,1042922,1207457,95364,137040,6761,7915,53131,70482,1283,1392,18830,24379,1059968,1229422,99295,142913,20081,25269,56389,74365,2507,2860,100027,130358,87062,113523,3876,5318,5182,6068,817,1125,214,264,2876,4060,89671,117259,4753,6666,7225,8898,1246,1693,365,463
R,7,2023,77,2090523,940273,1150250,792533,944270,76110,112509,8982,11285,45569,59774,1267,1552,15812,20860,806820,962960,79806,118012,19774,25483,48487,63417,2396,2967,856331,1037405,719359,846153,72732,107651,4852,6050,44846,58762,1071,1303,13471,17486,731520,861739,75643,112026,14022,17949,47422,61937,2076,2535,83942,112845,73174,98117,3378,4858,4130,5235,723,1012,196,249,2341,3374,75300,101221,4163,5986,5752,7534,1065,1480,320,432
R,7,2023,78,1990084,887049,1103035,750476,908902,70710,107405,8191,10409,41957,55710,1086,1378,14629,19231,763667,926047,74113,112589,18227,23475,44662,58968,2172,2716,810741,999523,683834,818257,67736,103204,4453,5761,41329,54823,926,1144,12463,16334,695025,832765,70461,107400,12947,16853,43729,57675,1889,2306,76308,103512,66642,90645,2974,4201,3738,4648,628,887,160,234,2166,2897,68642,93282,3652,5189,5280,6622,933,1293,283,410
R,7,2023,79,1899144,839189,1059955,715027,882018,63940,98147,7617,9662,38347,50560,972,1254,13286,18314,726979,898342,67184,103197,16729,22274,40691,53515,1940,2518,770521,963790,654900,797743,61259,94370,4255,5291,37848,49738,836,1050,11423,15598,665138,811591,63899,98499,12093,16033,39936,52329,1680,2161,68668,96165,60127,84275,2681,3777,3362,4371,499,822,136,204,1863,2716,61841,86751,3285,4698,4636,6241,755,1186,260,357
R,7,2023,80,1890614,828371,1062243,713702,894504,59545,94755,6784,8948,35007,45541,845,1111,12488,17384,724962,910064,62499,99508,15362,20972,37229,48270,1764,2279,765166,971509,658174,815189,57082,90937,3888,4905,34474,44814,731,923,10817,14741,667929,828322,59479,94726,11334,15187,36436,47152,1535,1960,63205,90734,55528,79315,2463,3818,2896,4043,533,727,114,188,1671,2643,57033,81742,3020,4782,4028,5785,793,1118,229,319
R,7,2023,81,1590461,688235,902226,588059,753627,50829,81851,5840,7893,32169,43177,749,1044,10589,14634,597586,766736,53322,85740,13143,18044,34086,45600,1487,1979,632849,822510,539269,683554,48695,78821,3380,4316,31766,42523,637,863,9102,12433,547434,694623,50734,81967,9635,12955,33481,44641,1278,1695,55386,79716,48790,70073,2134,3030,2460,3577,403,654,112,181,1487,2201,50152,72113,2588,3773,3508,5089,605,959,209,284
R,7,2023,82,1402190,597159,805031,508683,669721,44474,75230,5212,7078,28835,38865,707,862,9248,13275,517025,681543,46759,78920,11494,16151,30557,41105,1345,1784,547448,731367,464907,604797,42574,72403,3034,3957,28463,38281,609,719,7861,11210,471975,614749,44377,75358,8361,11620,29994,40227,1154,1520,49711,73664,43776,64924,1900,2827,2178,3121,372,584,98,143,1387,2065,45050,66794,2382,3562,3133,4531,563,878,191,264
R,7,2023,83,1256593,526901,729692,447074,606302,39615,68627,4749,6473,26737,35708,590,835,8136,11747,454350,616710,41632,71954,10234,14414,28296,37684,1164,1641,481628,661105,407225,545874,37887,65867,2689,3587,26376,35149,468,680,6983,9948,413461,554617,39526,68562,7351,10324,27770,36873,982,1383,45273,68587,39849,60428,1728,2760,2060,2886,361,559,122,155,1153,1799,40889,62093,2106,3392,2883,4090,526,811,182,258
R,7,2023,84,1134561,471234,663327,402111,554983,34094,59753,4043,5831,23489,31559,475,730,7022,10471,408416,564290,35799,62710,8729,12879,24867,33289,999,1464,430971,601548,366550,500360,32521,57307,2234,3301,23195,31070,390,614,6081,8896,371988,508225,33907,59697,6282,9304,24438,32589,870,1270,40263,61779,35561,54623,1573,2446,1809,2530,294,489,85,116,941,1575,36428,56065,1892,3013,2447,3575,429,700,129,194
R,7,2023,85,1028478,419370,609108,358587,510114,29741,54797,3434,5301,20787,28909,444,624,6377,9363,364311,518439,31315,57504,7711,11470,21994,30553,886,1268,384172,553390,327262,460894,28440,52558,2064,2982,20516,28499,373,506,5517,7951,332208,467915,29715,54778,5768,8233,21598,29935,756,1073,35198,55718,31325,49220,1301,2239,1370,2319,271,410,71,118,860,1412,32103,50524,1600,2726,1943,3237,396,618,130,195
R,7,2023,86,890511,357142,533369,304759,446713,25394,47829,2980,4517,18159,25505,375,596,5475,8209,309701,453946,26818,50218,6579,9854,19233,27035,780,1205,326706,483888,277761,402945,24261,45866,1708,2511,17924,25124,322,483,4730,6959,282015,409025,25406,47835,4823,7023,18890,26468,684,1022,30436,49481,26998,43768,1133,1963,1272,2006,235,381,53,113,745,1250,27686,44921,1412,2383,1756,2831,343,567,96,183
R,7,2023,87,792363,312708,479655,267260,401801,22207,43216,2581,4055,15622,22899,283,477,4755,7207,271530,408167,23457,45353,5596,8783,16610,24207,656,981,286220,435531,243721,362654,21243,41573,1484,2274,15425,22539,234,398,4113,6093,247408,368008,22265,43309,4066,6286,16309,23678,574,838,26488,44124,23539,39147,964,1643,1097,1781,197,360,49,79,642,1114,24122,40159,1192,2044,1530,2497,301,529,82,143
R,7,2023,88,706813,272289,434524,233413,365000,18803,38373,2247,3690,13556,20486,308,439,3962,6536,236952,370741,19868,40214,4736,7934,14374,21692,624,929,249024,394538,212656,329554,17946,36846,1333,2033,13401,20166,259,366,3429,5573,215700,334416,18828,38343,3472,5679,14145,21234,538,800,23265,39986,20757,35446,857,1527,914,1657,155,320,49,73,533,963,21252,36325,1040,1871,1264,2255,229,458,86,129
R,7,2023,89,580816,219918,360898,188323,302762,15192,31991,1800,2930,11136,17397,248,364,3219,5454,191198,307554,16009,33626,3848,6393,11834,18508,494,780,201061,328164,171531,273688,14533,30688,1023,1653,11001,17137,201,308,2772,4690,173992,277797,15210,32011,2757,4633,11630,18126,418,680,18857,32734,16792,29074,659,1303,777,1277,135,260,47,56,447,764,17206,29757,799,1615,1091,1760,204,382,76,100
R,7,2023,90,514267,190717,323550,163913,272338,12804,27690,1493,2616,9469,15921,181,338,2857,4647,166504,276388,13543,29025,3253,5584,10104,16851,398,734,175084,294969,149987,246835,12234,26606,888,1544,9345,15688,155,287,2475,4009,152223,250316,12840,27712,2411,4093,9917,16525,349,646,15633,28581,13926,25503,570,1084,605,1072,124,233,26,51,382,638,14281,26072,703,1313,842,1491,187,326,49,88
R,7,2023,91,441018,158774,282244,137063,238833,10159,23427,1231,2257,7764,13347,148,306,2409,4074,139203,242379,10788,24687,2706,4813,8316,14142,369,654,145552,257670,125241,216905,9712,22502,692,1321,7668,13151,128,254,2111,3537,127115,219958,10263,23567,1959,3541,8167,13869,326,566,13222,24574,11822,21928,447,925,539,936,96,196,20,52,298,537,12088,22421,525,1120,747,1272,149,273,43,88
R,7,2023,92,374673,131274,243399,113724,206783,8143,19560,987,1839,6434,11500,136,242,1850,3475,115384,209753,8653,20622,2113,4053,6869,12194,294,551,120253,222195,103853,187861,7771,18743,567,1044,6348,11367,114,207,1600,2973,105289,190378,8190,19620,1531,2930,6730,11987,250,484,11021,21204,9871,18922,372,817,420,795,86,133,22,35,250,502,10095,19375,463,1002,582,1123,139,207,44,67
R,7,2023,93,316060,107004,209056,92314,177246,6639,16857,883,1555,5537,10219,100,215,1531,2964,93654,179823,7056,17729,1797,3442,5901,10825,243,474,98090,191014,84328,161134,6343,16173,505,895,5479,10085,87,185,1348,2542,85502,163318,6700,16880,1295,2516,5818,10623,219,421,8914,18042,7986,16112,296,684,378,660,58,134,13,30,183,422,8152,16505,356,849,502,926,83,202,24,53
R,7,2023,94,247202,81135,166067,70052,141124,5058,13276,641,1095,4124,8060,77,168,1183,2344,71088,143144,5410,14021,1391,2550,4387,8521,190,384,74359,152248,64006,128826,4831,12715,370,637,4067,7937,64,146,1021,1987,64901,130514,5114,13352,1014,1841,4305,8345,164,333,6776,13819,6046,12298,227,561,271,458,57,123,13,22,162,357,6187,12630,296,669,377,709,82,176,26,51
R,7,2023,95,198471,62318,136153,53860,115926,3822,10614,493,1008,3126,6608,69,126,948,1871,54688,117505,4106,11196,1030,2164,3359,7011,156,312,57188,125176,49284,106167,3638,10166,295,580,3101,6512,58,107,812,1644,49992,107544,3874,10660,747,1601,3316,6875,133,274,5130,10977,4576,9759,184,448,198,428,25,96,11,19,136,227,4696,9961,232,536,283,563,43,136,23,38
R,7,2023,96,153145,46102,107043,39638,90983,2909,8470,340,767,2402,5266,35,108,778,1449,40332,92222,3143,8919,790,1642,2578,5580,103,269,42448,98839,36346,83665,2801,8130,209,476,2382,5194,29,93,681,1281,36953,84758,3000,8514,599,1243,2546,5480,87,239,3654,8204,3292,7318,108,340,131,291,20,72,6,15,97,168,3379,7464,143,405,191,399,32,100,16,30
R,7,2023,97,112260,32784,79476,27944,67106,2194,6477,247,581,1841,4041,45,92,513,1179,28381,68095,2333,6872,549,1276,1979,4297,107,221,30064,73160,25511,61455,2099,6243,153,365,1814,3992,39,77,448,1028,25890,62311,2211,6573,413,966,1941,4215,94,193,2720,6316,2433,5651,95,234,94,216,27,49,6,15,65,151,2491,5784,122,299,136,310,38,82,13,28
R,7,2023,98,83080,23041,60039,19418,50602,1591,4923,201,434,1400,3069,18,61,413,950,19761,51381,1706,5284,445,1004,1506,3252,74,148,21208,55451,17800,46536,1525,4716,131,291,1380,3025,15,54,357,829,18097,47213,1623,5030,335,783,1475,3182,64,128,1833,4588,1618,4066,66,207,70,143,20,44,3,7,56,121,1664,4168,83,254,110,221,31,70,10,20
R,7,2023,99,57679,15269,42410,12801,35667,1067,3473,140,329,1001,2301,21,51,239,589,13011,36150,1144,3668,267,670,1067,2446,44,127,13957,39329,11634,32930,1017,3338,82,208,993,2285,18,47,213,521,11822,33353,1084,3505,193,506,1054,2420,38,113,1312,3081,1167,2737,50,135,58,121,8,16,3,4,26,68,1189,2797,60,163,74,164,13,26,6,14
R,7,2023,100,98040,23926,74114,18840,59831,2082,7296,327,669,2020,4838,67,119,590,1361,19311,60911,2332,7812,614,1418,2205,5179,178,313,21607,68431,16857,54879,1995,7001,214,473,1986,4783,49,101,506,1194,17263,55823,2204,7442,457,1127,2145,5076,141,260,2319,5683,1983,4952,87,295,113,196,34,55,18,18,84,167,2048,5088,128,370,157,291,60,103,37,53
R,8,2023,999,337048263,165380227,171668036,121413605,124370252,21665793,23736286,3400519,3317788,10694042,11701004,457957,458704,7748311,8084002,128531633,131783158,24652005,26897479,6634546,6800810,13105787,14122648,969684,969984,132162074,138188998,95055335,97721410,19662536,21686039,1147186,1182534,10249317,11249072,338879,338664,5708821,6011279,100305104,103238553,21804223,23977423,3331403,3593765,12161766,13169908,709974,709862,33218153,33479038,26358270,26648842,2003257,2050247,2253333,2135254,444725,451932,119078,120040,2039490,2072723,28226529,28544605,2847782,2920056,3303143,3207045,944021,952740,259710,260122
R,8,2023,0,3644262,1862860,1781402,1211977,1156537,298683,289304,46938,45361,114074,106977,6938,6808,184250,176415,1384543,1321494,388204,375742,98363,94774,178960,168628,17545,16935,1322454,1260762,825379,784509,252319,244544,11817,11521,103407,96774,4634,4450,124898,118964,942990,896405,312644,302741,40704,38905,150681,141470,11209,10538,540406,520640,386598,372028,46364,44760,35121,33840,10667,10203,2304,2358,59352,57451,441553,425089,75560,73001,57659,55869,28279,27158,6336,6397
R,8,2023,1,3716622,1897581,1819041,1234234,1180322,305920,297582,45481,43580,119166,112385,7124,6737,185656,178435,1408108,1347158,396043,384880,97088,93281,184741,175037,17795,16947,1359962,1300495,847641,807226,260000,253183,12228,11610,108607,102340,4762,4453,126724,121683,966947,921641,321083,312561,41453,39527,156770,148298,11440,10693,537619,518546,386593,373096,45920,44399,33253,31970,10559,10045,2362,2284,58932,56752,441161,425517,74960,72319,55635,53754,27971,26739,6355,6254
R,8,2023,2,3655147,1868712,1786435,1215075,1156550,304693,295989,43068,41474,117760,111744,6599,6221,181517,174457,1385076,1319656,392781,381298,93461,89981,181937,173101,17022,16187,1358078,1293329,847168,801267,261729,254335,12348,11860,108163,102366,4523,4203,124147,119298,964040,913430,321512,312468,40935,39189,155439,147544,11068,10318,510634,493106,367907,355283,42964,41654,30720,29614,9597,9378,2076,2018,57370,55159,421036,406226,71269,68830,52526,50792,26498,25557,5954,5869
R,8,2023,3,3761155,1921779,1839376,1259864,1201271,303138,294877,44956,43044,123291,117219,6807,6426,183723,176539,1431946,1366382,392397,381300,95689,91828,188314,179350,17334,16468,1410981,1349198,888600,844498,262624,256033,13989,13451,113975,108147,4751,4483,127042,122586,1008191,959761,323883,315868,43201,41524,162309,154478,11451,10760,510798,490178,371264,356773,40514,38844,30967,29593,9316,9072,2056,1943,56681,53953,423755,406621,68514,65432,52488,50304,26005,24872,5883,5708
R,8,2023,4,3823077,1951155,1871922,1287437,1229719,304962,298045,46306,44610,122973,117476,7105,6792,182372,175280,1458213,1393624,393115,383248,96965,93338,187427,179229,17756,16849,1439241,1378257,913208,868083,265336,260160,15030,14582,113727,108511,4976,4860,126964,122061,1032661,982756,326381,319505,44361,42737,161975,154491,11784,11250,511914,493665,374229,361636,39626,37885,31276,30028,9246,8965,2129,1932,55408,53219,425552,410868,66734,63743,52604,50601,25452,24738,5972,5599
R,8,2023,5,3890863,1986818,1904045,1314842,1255121,311283,303586,47787,45973,124558,118985,7348,6710,181000,173670,1484273,1417427,398233,387576,98658,94695,188467,180108,18112,16778,1470438,1405956,935771,889321,271949,265749,15274,14769,115487,110131,5228,4776,126729,121210,1054932,1003161,332669,324375,44865,42830,163535,155873,12167,11174,516380,498089,379071,365800,39334,37837,32513,31204,9071,8854,2120,1934,54271,52460,429341,414266,65564,63201,53793,51865,24932,24235,5945,5604
R,8,2023,6,3950910,2019143,1931767,1340469,1277332,312896,304419,49073,47400,129186,123048,7524,6931,179995,172637,1508612,1438479,398183,387442,100558,97028,192881,183331,18388,17140,1493873,1424430,952347,903110,273646,266322,16144,15469,119972,114228,5375,4934,126389,120367,1070970,1016053,333311,324272,46237,44171,168033,159231,12419,11418,525270,507337,388122,374222,39250,38097,32929,31931,9214,8820,2149,1997,53606,52270,437642,422426,64872,63170,54321,52857,24848,24100,5969,5722
R,8,2023,7,4041087,2063872,1977215,1382840,1318170,313294,306509,50770,48972,128860,123171,7432,7091,180676,173302,1551632,1479919,398092,388866,103653,99737,192368,183544,18378,17491,1524661,1458399,982785,932686,273944,268483,16415,16164,119552,114337,5295,5073,126670,121656,1101713,1046812,333448,326500,47314,45901,167196,159614,12314,11753,539211,518816,400055,385484,39350,38026,34355,32808,9308,8834,2137,2018,54006,51646,449919,433107,64644,62366,56339,53836,25172,23930,6064,5738
R,8,2023,8,4066725,2077766,1988959,1392581,1327617,317820,308952,50979,49660,130582,123787,7350,7150,178454,171793,1559306,1487910,401325,390557,104007,100633,192829,183052,17998,17304,1538415,1468417,990214,940276,278537,270637,16860,16165,121520,115142,5271,5071,126013,121126,1108501,1053841,337554,328476,48233,46073,168507,159821,12204,11639,539351,520542,402367,387341,39283,38315,34119,33495,9062,8645,2079,2079,52441,50667,450805,434069,63771,62081,55774,54560,24322,23231,5794,5665
R,8,2023,9,4058589,2075266,1983323,1395885,1327664,316343,307595,51198,49352,129360,123232,7385,7123,175095,168357,1559505,1484762,397549,387143,104051,100183,190317,180844,17932,17169,1539280,1467094,995102,942597,277335,269399,16879,16224,120375,114756,5271,5034,124318,119084,1111815,1054283,335044,326109,48384,46287,166657,158200,12197,11609,535986,516229,400783,385067,39008,38196,34319,33128,8985,8476,2114,2089,50777,49273,447690,430479,62505,61034,55667,53896,23660,22644,5735,5560
R,8,2023,10,4055590,2072016,1983574,1393164,1329317,315790,307338,51584,49400,132374,125353,7517,7095,171587,165071,1553237,1483101,394864,384293,104267,100430,192010,181909,17958,17010,1537414,1467788,992202,942486,277115,269804,17048,16295,123582,116893,5328,5001,122139,117309,1106755,1052305,333500,324882,48561,46727,168947,159784,12190,11491,534602,515786,400962,386831,38675,37534,34536,33105,8792,8460,2189,2094,49448,47762,446482,430796,61364,59411,55706,53703,23063,22125,5768,5519
R,8,2023,11,4070595,2081062,1989533,1404342,1338111,317430,307264,52928,50696,130466,123674,7391,7015,168505,162773,1561416,1489739,394685,382422,105822,101844,188358,179092,17674,16867,1541642,1470505,998731,947447,278830,270289,17022,16432,121628,115442,5215,4931,120216,115964,1111365,1055939,334199,324246,48828,47127,165752,157630,12017,11483,539420,519028,405611,390664,38600,36975,35906,34264,8838,8232,2176,2084,48289,46809,450051,433800,60486,58176,56994,54717,22606,21462,5657,5384
R,8,2023,12,4130178,2113957,2016221,1431653,1359991,323533,312901,53479,51607,128906,122035,7463,7214,168923,162473,1589086,1511222,400282,387421,107640,103728,186458,177093,17765,17120,1560633,1484659,1013158,958971,284538,275110,17213,16465,119962,113607,5275,5020,120487,115486,1125995,1066910,339666,328549,49870,47760,163717,155376,12144,11504,553324,531562,418495,401020,38995,37791,36266,35142,8944,8428,2188,2194,48436,46987,463091,444312,60616,58872,57770,55968,22741,21717,5621,5616
R,8,2023,13,4217674,2157024,2060650,1466169,1395709,329966,318458,54174,51634,128259,122685,7360,7099,171096,165065,1625692,1549468,407676,394458,109587,105116,185839,177606,17720,17096,1585689,1513039,1028286,975751,291790,281446,17223,16983,119740,114662,5173,4929,123477,119268,1143926,1087312,348185,336717,51162,49996,164144,156909,12186,11621,571335,547611,437883,419958,38176,37012,36951,34651,8519,8023,2187,2170,47619,45797,481766,462156,59491,57741,58425,55120,21695,20697,5534,5475
R,8,2023,14,4288108,2193140,2094968,1497534,1423113,335603,324850,54125,52295,127832,122881,7366,7108,170680,164721,1656322,1576489,412924,400908,109941,105839,184920,176914,17826,17122,1609626,1535754,1046292,990974,297183,287698,17814,17340,119352,114868,5089,4835,123896,120039,1162063,1103189,354004,343771,52311,50740,163564,156796,12149,11702,583514,559214,451242,432139,38420,37152,36311,34955,8480,8013,2277,2273,46784,44682,494259,473300,58920,57137,57630,55099,21356,20118,5677,5420
R,8,2023,15,4432344,2266741,2165603,1551334,1474213,345827,334156,56444,54176,132945,127565,7454,7069,172737,168424,1711933,1630733,423920,411338,113681,110452,190156,182542,18287,17185,1661785,1585841,1080877,1024882,306381,296452,18640,17760,124324,119245,5113,4822,126450,122680,1198864,1139391,364211,353543,54567,52882,169014,161724,12506,11719,604956,579762,470457,449331,39446,37704,37804,36416,8621,8320,2341,2247,46287,45744,513069,491342,59709,57795,59114,57570,21142,20818,5781,5466
R,8,2023,16,4442948,2274584,2168364,1564129,1484448,344626,331235,57844,54986,131318,125426,7418,7229,169249,165040,1721393,1637613,420283,405819,115784,111241,186727,179097,17905,17440,1665439,1586486,1090352,1031792,305442,294006,18484,17898,122670,117271,5026,4932,123465,120587,1205551,1144237,361136,349257,54797,53183,165802,158959,12225,11861,609145,581878,473777,452656,39184,37229,39360,37088,8648,8155,2392,2297,45784,44453,515842,493376,59147,56562,60987,58058,20925,20138,5680,5579
R,8,2023,17,4395708,2252108,2143600,1557789,1473142,335168,323756,57440,54623,130714,126473,7367,6978,163630,158628,1709785,1620427,406919,394094,114611,109654,184394,178136,17399,16724,1650457,1571225,1088258,1026812,297273,287365,18186,17560,122241,118619,5036,4727,119463,116142,1199712,1135152,350028,339673,54136,52338,164309,158799,11921,11404,601651,572375,469531,446330,37895,36391,39254,37063,8473,7854,2331,2251,44167,42486,510073,485275,56891,54421,60475,57316,20085,19337,5478,5320
R,8,2023,18,4396732,2254453,2142279,1563121,1474935,331847,318455,57842,54963,135630,133144,7425,7113,158588,153669,1710301,1617339,400079,385899,114486,109530,187724,183040,17145,16504,1654717,1575898,1094097,1031952,294389,283120,18136,17476,127472,125521,5095,4935,115528,112894,1201717,1136954,344397,333233,53833,52074,168248,164782,11767,11445,599736,566381,469024,442983,37458,35335,39706,37487,8158,7623,2330,2178,43060,40775,508584,480385,55682,52666,60653,57456,19476,18258,5378,5059
R,8,2023,19,4424801,2270362,2154439,1578802,1487680,330796,318071,58084,53418,140403,138087,7569,7092,154708,150091,1722179,1626943,396309,382872,114123,107727,191332,186723,17268,16293,1675363,1593751,1111681,1047194,294440,283488,18185,17229,132336,130591,5201,4939,113520,110310,1217306,1149830,342705,331566,53986,52048,172525,168872,11931,11326,594999,560688,467121,440486,36356,34583,39899,36189,8067,7496,2368,2153,41188,39781,504873,477113,53604,51306,60137,55679,18807,17851,5337,4967
R,8,2023,20,4404011,2258767,2145244,1573118,1483278,329382,317828,58175,52690,141174,139127,7572,7063,149346,145258,1711507,1617823,391767,379399,113667,106457,189955,186271,16860,15856,1669569,1590459,1110254,1046758,293151,283663,17838,16725,133461,131575,5225,4968,109640,106770,1212172,1146015,339297,329391,53358,51228,171912,168667,11677,11174,589198,554785,462864,436520,36231,34165,40337,35965,7713,7552,2347,2095,39706,38488,499335,471808,52470,50008,60309,55229,18043,17604,5183,4682
R,8,2023,21,4474478,2278840,2195638,1584167,1514444,340517,335829,57500,52778,146989,145266,7502,7312,142165,140009,1715551,1643413,399366,395585,110799,104588,193494,190514,16627,16253,1689868,1638221,1119641,1074642,303753,300417,17687,17046,139307,137785,5286,5231,104194,103100,1216182,1169912,347246,344828,51685,50371,175882,173437,11709,11552,588972,557417,464526,439802,36764,35412,39813,35732,7682,7481,2216,2081,37971,36909,499369,473501,52120,50757,59114,54217,17612,17077,4918,4701
R,8,2023,22,4735863,2398207,2337656,1662074,1612148,361708,359731,57591,53252,169463,167211,8037,7971,139334,137343,1789967,1738433,419553,418370,109288,102705,215480,212604,17551,17236,1799834,1768463,1189574,1160681,322948,323438,17948,17733,161523,159397,5767,5730,102074,101484,1283485,1254160,365460,367176,51035,49402,197877,195637,12469,12397,598373,569193,472500,451467,38760,36293,39643,35519,7940,7814,2270,2241,37260,35859,506482,484273,54093,51194,58253,53303,17603,16967,5082,4839
R,8,2023,23,4804174,2434024,2370150,1692248,1636290,363973,364485,57804,52613,178527,175615,8432,8046,133040,133101,1814350,1758366,418639,421286,107864,100719,222270,219734,17444,16877,1838669,1806025,1220112,1188073,326002,328128,18105,17354,170607,167765,6197,5765,97646,98940,1309916,1279054,366208,370597,49964,48377,205472,203108,12686,12055,595355,564125,472136,448217,37971,36357,39699,35259,7920,7850,2235,2281,35394,34161,504434,479312,52431,50689,57900,52342,16798,16626,4758,4822
R,8,2023,24,4662405,2365197,2297208,1654116,1594777,345287,345997,55329,50409,175385,171240,8234,7815,126846,126970,1770411,1711304,396854,399720,103414,96821,217106,212978,17042,16240,1792466,1753378,1198968,1162131,309221,311078,17190,16500,167654,163552,6032,5602,93401,94515,1284763,1249084,347359,351390,48119,46648,200888,196970,12337,11597,572731,543830,455148,432646,36066,34919,38139,33909,7731,7688,2202,2213,33445,32455,485648,462220,49495,48330,55295,50173,16218,16008,4705,4643
R,8,2023,25,4542108,2304461,2237647,1612012,1549622,334130,334557,54163,49339,175208,174035,8016,7692,120932,122402,1722790,1662018,382817,385933,100587,94633,214647,213838,16264,15657,1748692,1710741,1170338,1129973,299294,301330,16431,15752,167716,166438,5858,5491,89055,91757,1251996,1214473,335263,340079,46146,45250,199376,198724,11851,11292,555769,526906,441674,419649,34836,33227,37732,33587,7492,7597,2158,2201,31877,30645,470794,447545,47554,45854,54441,49383,15271,15114,4413,4365
R,8,2023,26,4424586,2243258,2181328,1570528,1508643,321216,322527,52670,47739,175652,176774,7633,7331,115559,118314,1676294,1617124,367000,371346,97636,92564,213591,215190,15491,14967,1699826,1666703,1138151,1098537,287426,290525,15590,14891,168410,169481,5565,5345,84684,87924,1215849,1179284,320820,327038,44210,43766,198873,200576,11250,10854,543432,514625,432377,410106,33790,32002,37080,32848,7242,7293,2068,1986,30875,30390,460445,437840,46180,44308,53426,48798,14718,14614,4241,4113
R,8,2023,27,4403286,2228915,2174371,1564550,1503997,313706,319038,53013,47701,177079,180520,7596,7196,112971,115919,1667870,1610149,357868,366181,97550,92529,213960,218049,15512,14820,1690769,1662827,1136868,1096702,280437,287197,15364,14602,169802,173077,5535,5356,82763,85893,1212774,1175531,312538,322314,43620,43352,199587,203457,11276,10910,538146,511544,427682,407295,33269,31841,37649,33099,7277,7443,2061,1840,30208,30026,455096,434618,45330,43867,53930,49177,14373,14592,4236,3910
R,8,2023,28,4441617,2242460,2199157,1575681,1519927,319262,328283,53278,47991,176185,181461,7688,7362,110366,114133,1676304,1624124,362047,374610,97581,92711,212095,217936,15480,15154,1705236,1685138,1148992,1110732,285661,295311,15477,14849,168740,174146,5659,5447,80707,84653,1222622,1188159,316671,329569,43695,43846,197806,203822,11344,11149,537224,514019,426689,409195,33601,32972,37801,33142,7445,7315,2029,1915,29659,29480,453682,435965,45376,45041,53886,48865,14289,14114,4136,4005
R,8,2023,29,4469111,2250615,2218496,1581168,1528737,323051,337686,52693,48386,177605,182754,7549,7380,108549,113553,1679904,1632461,364189,382961,97123,94140,212930,218842,15529,15070,1719993,1706693,1159153,1121720,290120,304924,15540,14920,170412,175489,5570,5394,79198,84246,1231220,1198798,319871,338374,43636,44754,199142,204844,11440,11057,530622,511803,422015,407017,32931,32762,37153,33466,7193,7265,1979,1986,29351,29307,448684,433663,44318,44587,53487,49386,13788,13998,4089,4013
R,8,2023,30,4527397,2275709,2251688,1599647,1549356,328209,346449,53937,49428,180554,186971,7701,7384,105661,112100,1695588,1651518,367913,390687,97661,95882,214949,222157,15513,14976,1747372,1740601,1179457,1143438,295226,313568,15950,15455,173546,179676,5716,5364,77477,83100,1249874,1219301,323952,345958,43915,45939,201572,208403,11482,10945,528337,511087,420190,405918,32983,32881,37987,33973,7008,7295,1985,2020,28184,29000,445714,432217,43961,44729,53746,49943,13377,13754,4031,4031
R,8,2023,31,4604623,2310020,2294603,1631709,1584687,329370,350881,54345,50115,181773,189928,7465,7253,105358,111739,1727655,1686602,367636,393418,99540,97687,215479,224904,15193,14813,1780960,1781655,1210394,1176766,296474,317481,16529,16110,174799,182827,5533,5383,77231,83088,1280763,1252694,323861,348550,45759,47734,202304,211417,11281,10938,529060,512948,421315,407921,32896,33400,37816,34005,6974,7101,1932,1870,28127,28651,446892,433908,43775,44868,53781,49953,13175,13487,3912,3875
R,8,2023,32,4694944,2348612,2346332,1662835,1620324,334069,360359,55032,50461,185586,196156,7868,7506,103222,111526,1756132,1721723,371170,402412,99685,98597,219126,231332,15694,15264,1821512,1835214,1244283,1215521,300725,326303,16856,16458,178468,188811,5879,5584,75301,82537,1312446,1290694,327055,356623,45466,48237,205871,217534,11673,11404,527100,511118,418552,404803,33344,34056,38176,34003,7118,7345,1989,1922,27921,28989,443686,431029,44115,45789,54219,50360,13255,13798,4021,3860
R,8,2023,33,4745842,2371269,2374573,1684432,1643036,335210,362951,54907,50553,187901,200121,7672,7549,101147,110363,1776156,1743536,370462,403262,99202,100028,220980,234170,15354,15060,1848171,1865753,1267979,1239637,302403,328973,16866,16620,181032,193126,5713,5599,74178,81798,1335301,1314213,327211,357799,45616,49719,208221,221042,11458,11258,523098,508820,416453,403399,32807,33978,38041,33933,6869,6995,1959,1950,26969,28565,440855,429323,43251,45463,53586,50309,12759,13128,3896,3802
R,8,2023,34,4614922,2303347,2311575,1640176,1600126,321127,350582,52503,49199,185414,199966,7351,7017,96776,104685,1727973,1695124,354322,388128,95856,96645,216644,232645,14570,14282,1806545,1825895,1244601,1214199,290359,318410,16279,16389,178866,193300,5564,5263,70876,78334,1308858,1285269,313611,345441,44346,48556,204633,220406,11095,10813,496802,485680,395575,385927,30768,32172,36224,32810,6548,6666,1787,1754,25900,26351,419115,409855,40711,42687,51510,48089,12011,12239,3475,3469
R,8,2023,35,4545508,2262691,2282817,1621783,1590940,307692,338640,52583,48661,180236,195940,7119,6999,93278,101637,1706355,1683294,338703,374751,94728,95686,210470,227156,14175,13969,1771930,1802697,1230156,1209037,278115,307505,16124,15791,173718,189451,5343,5256,68474,75657,1292239,1277912,299885,333199,43459,47559,198798,215189,10691,10568,490761,480120,391627,381903,29577,31135,36459,32870,6518,6489,1776,1743,24804,25980,414116,405382,38818,41552,51269,48127,11672,11967,3484,3401
R,8,2023,36,4479106,2230484,2248622,1607442,1573523,299786,329765,51158,47669,175692,191642,7144,6846,89262,99177,1688201,1663696,329270,364462,92610,94470,204279,221949,13974,13544,1750975,1777075,1224013,1198103,271094,299710,15556,15352,169374,185192,5361,5070,65577,73648,1283218,1265093,291813,324245,42567,46997,193115,210322,10640,10139,479509,471547,383429,375420,28692,30055,35602,32317,6318,6450,1783,1776,23685,25529,404983,398603,37457,40217,50043,47473,11164,11627,3334,3405
R,8,2023,37,4503728,2242286,2261442,1622249,1590057,297375,328087,51413,48213,175623,191749,7102,6813,88524,96523,1702417,1677598,325899,360896,93118,95139,203981,220700,13998,13445,1761227,1791407,1237285,1214762,268618,298615,15372,15528,169394,185452,5376,5082,65182,71968,1296346,1280054,288337,321871,42898,47720,192932,209416,10612,10130,481059,470035,384964,375295,28757,29472,36041,32685,6229,6297,1726,1731,23342,24555,406071,397544,37562,39025,50220,47419,11049,11284,3386,3315
R,8,2023,38,4496505,2237494,2259011,1625179,1592245,293822,324816,51008,48014,174287,192309,6961,6845,86237,94782,1703240,1678344,320863,356167,92709,95180,201601,220369,13608,13415,1761446,1792351,1243588,1219081,266500,296039,14956,15552,168115,186125,5241,5186,63046,70368,1300610,1283012,285030,317925,42369,47862,190781,209391,10296,10193,476048,466660,381591,373164,27322,28777,36052,32462,6172,6184,1720,1659,23191,24414,402630,395332,35833,38242,50340,47318,10820,10978,3312,3222
R,8,2023,39,4379048,2174288,2204760,1580884,1555121,282039,314934,49988,47039,171965,189674,6726,6660,82686,91332,1655472,1637766,307540,344674,90704,93449,198005,216664,13238,13154,1711905,1747344,1210040,1188222,255652,287439,14790,15104,165952,183726,5054,4963,60417,67890,1264437,1249649,273176,308183,41571,47063,187507,205998,10064,9950,462383,457416,370844,366899,26387,27495,35198,31935,6013,5948,1672,1697,22269,23442,391035,388117,34364,36491,49133,46386,10498,10666,3174,3204
R,8,2023,40,4409481,2184163,2225318,1592223,1572633,283787,316849,50643,48150,168657,189514,6522,6633,82331,91539,1666633,1655311,309000,346183,91995,95872,193848,215891,12915,13089,1721861,1762600,1220958,1201506,257411,289187,14989,15354,162994,183603,4899,4968,60610,67982,1275645,1262887,274840,309668,42647,48317,183888,205399,9795,9900,462302,462718,371265,371127,26376,27662,35654,32796,5663,5911,1623,1665,21721,23557,390988,392424,34160,36515,49348,47555,9960,10492,3120,3189
R,8,2023,41,4392748,2170525,2222223,1586958,1573662,281644,316557,50184,47745,165320,187530,6414,6589,80005,90140,1659210,1655079,306022,345546,91015,95403,189381,212969,12685,12906,1711122,1759100,1217556,1201156,255587,289119,14833,14964,159680,181661,4782,4870,58684,67330,1270420,1262008,272520,309469,42070,48246,179546,202635,9640,9713,459403,463123,369402,372506,26057,27438,35351,32781,5640,5869,1632,1719,21321,22810,388790,393071,33502,36077,48945,47157,9835,10334,3045,3193
R,8,2023,42,4341774,2145310,2196464,1573676,1560424,279282,313931,49635,47281,157724,180788,6320,6250,78673,87790,1644476,1639774,303028,342039,90462,94298,180941,205080,12420,12306,1693436,1739621,1210099,1192598,254155,287095,14502,14939,152174,175008,4658,4637,57848,65344,1262070,1251679,270624,306842,41905,47651,171416,195058,9323,9221,451874,456843,363577,367826,25127,26836,35133,32342,5550,5780,1662,1613,20825,22446,382406,388095,32404,35197,48557,46647,9525,10022,3097,3085
R,8,2023,43,4350865,2150481,2200384,1575480,1559799,285342,320270,49978,47607,155557,179048,6461,6461,77663,87199,1645448,1638467,308788,348110,90958,94921,177979,202769,12411,12584,1693847,1741462,1206829,1189903,260500,293435,14755,15117,149948,173367,4811,4788,57004,64852,1258043,1248352,276642,312953,42390,48176,168500,192894,9455,9467,456634,458922,368651,369896,24842,26835,35223,32490,5609,5681,1650,1673,20659,22347,387405,390115,32146,35157,48568,46745,9479,9875,2956,3117
R,8,2023,44,4144732,2043349,2101383,1499393,1491845,269653,304244,47124,45143,148395,172315,5978,5931,72806,81905,1564976,1565649,291303,330350,85857,89682,169292,194493,11513,11549,1615861,1665838,1153893,1140444,246593,278947,13908,14074,143286,166931,4478,4369,53703,61073,1202217,1195485,261556,297042,40178,45413,160642,185241,8760,8660,427488,435545,345500,351401,23060,25297,33216,31069,5109,5384,1500,1562,19103,20832,362759,370164,29747,33308,45679,44269,8650,9252,2753,2889
R,8,2023,45,4033240,1986131,2047109,1464038,1460175,258072,291247,45507,44555,142863,166423,5622,5714,70029,78995,1527196,1531374,278584,315822,83371,88063,162825,187867,10671,11043,1567464,1619056,1124114,1113891,236108,267009,13326,13959,137966,161074,4241,4182,51709,58941,1170680,1166966,250268,284255,39135,44589,154572,178750,8114,8310,418667,428053,339924,346284,21964,24238,32181,30596,4897,5349,1381,1532,18320,20054,356516,364408,28316,31567,44236,43474,8253,9117,2557,2733
R,8,2023,46,3992015,1962181,2029834,1448849,1449092,253214,288486,45184,43749,141270,165442,5522,5708,68142,77357,1510260,1518799,273093,312279,82632,87090,160336,186267,10562,10930,1550689,1604612,1113791,1103286,232257,264806,13647,14135,136394,160294,4099,4198,50501,57893,1159203,1155407,245879,281435,39384,44801,152317,177505,7971,8196,411492,425222,335058,345806,20957,23680,31537,29614,4876,5148,1423,1510,17641,19464,351057,363392,27214,30844,43248,42289,8019,8762,2591,2734
R,8,2023,47,3858610,1896932,1961678,1397460,1400991,242772,275760,43707,42077,141816,164427,5289,5398,65888,73025,1456758,1466643,261247,298097,80440,83296,160090,183863,10209,10256,1496372,1546471,1070784,1061606,222553,253439,13051,13335,137192,159373,4004,4005,48788,54713,1114590,1110719,235269,269144,38280,42434,152490,175554,7839,7796,400560,415207,326676,339385,20219,22321,30656,28742,4624,5054,1285,1393,17100,18312,342168,355924,25978,28953,42160,40862,7600,8309,2370,2460
R,8,2023,48,3894485,1914779,1979706,1415642,1418545,243807,276060,42563,42046,144020,166185,5158,5207,63589,71663,1472821,1483041,261714,297350,78336,82840,161356,185316,9689,9867,1520854,1570113,1093024,1082723,224199,254554,13009,13592,139410,161316,3915,3898,47297,54030,1135451,1131259,236678,269537,37871,42720,153813,177268,7409,7486,393925,409593,322618,335822,19608,21506,29554,28454,4610,4869,1243,1309,16292,17633,337370,351782,25036,27813,40465,40120,7543,8048,2280,2381
R,8,2023,49,3815021,1873430,1941591,1385160,1392714,237883,269444,41500,40408,142447,164346,4869,5161,61571,69518,1440544,1455294,254958,289881,76511,80359,159174,182745,9255,9609,1493424,1544074,1073180,1065639,219363,249041,12804,13368,138132,159680,3726,3813,46219,52533,1114623,1112802,231343,263514,37491,42063,152166,175049,7117,7275,380006,397517,311980,327075,18520,20403,28696,27040,4315,4666,1143,1348,15352,16985,325921,342492,23615,26367,39020,38296,7008,7696,2138,2334
R,8,2023,50,3857868,1888754,1969114,1396287,1411575,243211,276561,40768,40311,142738,166483,4906,5083,60844,69101,1451004,1473583,259830,296875,75459,80175,159307,184648,9191,9591,1516056,1576699,1089858,1088036,225145,256423,12967,13696,138501,161898,3722,3795,45863,52851,1130927,1135391,236806,270892,37559,42837,152436,177148,7125,7298,372698,392415,306429,323539,18066,20138,27801,26615,4237,4585,1184,1288,14981,16250,320077,338192,23024,25983,37900,37338,6871,7500,2066,2293
R,8,2023,51,4008772,1962524,2046248,1462918,1479943,249532,284484,40878,39805,142560,166856,4826,5018,61810,70142,1518487,1543089,266080,304514,76968,81113,158766,184694,9187,9559,1593382,1657248,1158261,1158495,231966,264729,13529,13845,138359,162300,3655,3737,47612,54142,1200925,1207106,243956,279252,39883,44396,152120,177414,7121,7309,369142,389000,304657,321448,17566,19755,27349,25960,4201,4556,1171,1281,14198,16000,317562,335983,22124,25262,37085,36717,6646,7280,2066,2250
R,8,2023,52,4245723,2080875,2164848,1570668,1586319,260597,297670,40564,40509,139754,162779,5047,5022,64245,72549,1628551,1651732,277486,318052,78956,84127,156031,180420,9553,9673,1711582,1776769,1265422,1265318,243023,278001,13927,14575,135503,158300,3819,3828,49888,56747,1310329,1316330,255163,292947,42397,47690,149360,173206,7417,7559,369293,388079,305246,321001,17574,19669,26637,25934,4251,4479,1228,1194,14357,15802,318222,335402,22323,25105,36559,36437,6671,7214,2136,2114
R,8,2023,53,4245657,2080704,2164953,1578557,1597049,257075,291113,39950,39407,137949,161300,4840,5007,62333,71077,1634740,1661012,273401,310974,77480,82642,153216,178359,9304,9675,1718140,1787985,1278379,1284926,239833,272199,13591,14527,133926,156923,3701,3854,48710,55556,1322175,1334775,251818,286884,41756,47238,146934,171273,7319,7623,362564,376968,300178,312123,17242,18914,26359,24880,4023,4377,1139,1153,13623,15521,312565,326237,21583,24090,35724,35404,6282,7086,1985,2052
R,8,2023,54,4082407,1995660,2086747,1522319,1547436,241429,275574,37653,37892,131232,154283,4547,4836,58480,66726,1575181,1607592,256406,293756,73304,79264,145502,169804,8600,9094,1651931,1727583,1236557,1249462,225481,257860,13251,14107,127532,150181,3514,3701,45596,52272,1277689,1296516,236320,271056,40031,45750,139655,163241,6784,7089,343729,359164,285762,297974,15948,17714,24402,23785,3700,4102,1033,1135,12884,14454,297492,311076,20086,22700,33273,33514,5847,6563,1816,2005
R,8,2023,55,3978279,1941664,2036615,1480398,1508864,239839,275659,36807,36212,125384,148211,4400,4678,54836,62991,1529781,1565472,253865,293016,70633,75443,138384,162586,8241,8821,1608526,1688969,1203285,1219460,224298,258468,12993,13841,121817,144283,3401,3585,42732,49332,1241636,1263683,234444,271110,38585,43930,132789,156344,6506,6932,333138,347646,277113,289404,15541,17191,23814,22371,3567,3928,999,1093,12104,13659,288145,301789,19421,21906,32048,31513,5595,6242,1735,1889
R,8,2023,56,3972617,1933714,2038903,1487552,1524990,237433,275605,35285,35426,115741,136457,4472,4560,53231,61865,1535642,1580750,250851,292669,68719,74546,127838,149756,8125,8548,1612726,1702917,1219509,1244977,222867,258767,13049,13993,112332,132766,3442,3510,41527,48904,1256935,1288949,232600,271413,38304,44344,122569,143929,6437,6722,320988,335986,268043,280013,14566,16838,22236,21433,3409,3691,1030,1050,11704,12961,278707,291801,18251,21256,30415,30202,5269,5827,1688,1826
R,8,2023,57,4039750,1964215,2075535,1509467,1551305,245436,285174,35222,35703,116528,136860,4414,4668,53148,61825,1557055,1606808,259045,302106,68906,75150,128383,150098,8205,8666,1646157,1742973,1243528,1273859,230613,268812,13426,14455,113247,133253,3425,3624,41918,48970,1280943,1317757,240517,281284,39439,45230,123253,144351,6520,6837,318058,332562,265939,277446,14823,16362,21796,21248,3281,3607,989,1044,11230,12855,276112,289051,18528,20822,29467,29920,5130,5747,1685,1829
R,8,2023,58,4208084,2039247,2168837,1579331,1635756,250643,292712,35247,35744,115959,136751,4330,4734,53737,63140,1627698,1692479,263960,309884,69692,76403,127712,149860,8091,8760,1726810,1839628,1317448,1360176,236408,276517,14013,15321,112769,133240,3362,3719,42810,50655,1355867,1405631,246315,289416,40806,47512,122794,144285,6453,7009,312437,329209,261883,275580,14235,16195,21234,20423,3190,3511,968,1015,10927,12485,271831,286848,17645,20468,28886,28891,4918,5575,1638,1751
R,8,2023,59,4309723,2082666,2227057,1623966,1692979,249729,292653,34601,35204,116500,138577,4093,4535,53777,63109,1672391,1749753,262785,309032,69773,76739,127857,151554,7774,8499,1783486,1907099,1372967,1424491,236008,276847,14245,15591,113549,135346,3248,3532,43469,51292,1411999,1470530,245832,289292,42240,49028,123253,146411,6273,6823,299180,319958,250999,268488,13721,15806,20356,19613,2951,3231,845,1003,10308,11817,260392,279223,16953,19740,27533,27711,4604,5143,1501,1676
R,8,2023,60,4308508,2078373,2230135,1626233,1703374,244698,288246,33428,33955,117397,137989,3973,4467,52644,62104,1673616,1759225,257256,304456,68093,74924,128487,150436,7473,8317,1792791,1923106,1386131,1445164,231781,273498,14331,15458,114506,134707,3176,3553,42866,50726,1424629,1490686,241300,285994,42116,48624,124060,145327,6114,6734,285582,307029,240102,258210,12917,14748,19097,18497,2891,3282,797,914,9778,11378,248987,268539,15956,18462,25977,26300,4427,5109,1359,1583
R,8,2023,61,4282966,2061426,2221540,1628077,1713896,239036,283558,31775,33057,107285,126136,4102,4447,51151,60446,1674272,1768363,250926,299081,65634,73383,118010,138057,7491,8157,1789236,1927860,1398510,1466231,226991,269915,13914,15284,104603,123109,3289,3545,41929,49776,1436285,1510992,236093,281916,41243,48231,113934,133355,6152,6613,272190,293680,229567,247665,12045,13643,17861,17773,2682,3027,813,902,9222,10670,237987,257371,14833,17165,24391,25152,4076,4702,1339,1544
R,8,2023,62,4302994,2065018,2237976,1642844,1737635,235991,281784,30569,32410,101500,122326,3872,4177,50242,59644,1688158,1791294,247890,296927,64089,72585,111890,133887,7127,7884,1806436,1955824,1424738,1499815,224510,268666,13759,15472,99005,119466,3106,3337,41318,49068,1461904,1543885,233602,280340,40989,48311,108003,129373,5840,6355,258582,282152,218106,237820,11481,13118,16810,16938,2495,2860,766,840,8924,10576,226254,247409,14288,16587,23100,24274,3887,4514,1287,1529
R,8,2023,63,4261953,2039128,2222825,1618082,1721860,234562,280815,30075,31916,103881,126357,3695,4126,48833,57751,1662118,1773687,245950,295819,62660,70488,113955,137668,6876,7616,1787071,1946182,1405387,1488469,223259,267980,13574,15211,101444,123532,2997,3335,40410,47655,1441726,1531126,232076,279642,40173,46829,110260,133240,5654,6238,252057,276643,212695,233391,11303,12835,16501,16705,2437,2825,698,791,8423,10096,220392,242561,13874,16177,22487,23659,3695,4428,1222,1378
R,8,2023,64,4157831,1981221,2176610,1581819,1695307,224200,272069,28021,30171,97474,120100,3493,3808,46214,55155,1623403,1745006,234876,286041,59074,67444,107016,130640,6405,7066,1749329,1919248,1386021,1477959,213867,260265,12971,14631,95199,117478,2848,3127,38423,45788,1420528,1519099,222227,271241,38398,45384,103577,126598,5303,5821,231892,257362,195798,217348,10333,11804,15050,15540,2275,2622,645,681,7791,9367,202875,225907,12649,14800,20676,22060,3439,4042,1102,1245
R,8,2023,65,4107340,1950422,2156918,1563455,1687722,215643,263366,25987,28655,97898,120583,3288,3606,44151,52986,1603210,1735358,225846,276904,55712,64663,106900,130614,6042,6646,1734012,1912334,1380344,1480620,205864,252237,12481,14233,95827,118120,2691,2942,36805,44182,1413383,1520260,213826,262925,36999,44056,103732,126817,5032,5463,216410,244584,183111,207102,9779,11129,13506,14422,2071,2463,597,664,7346,8804,189827,215098,12020,13979,18713,20607,3168,3797,1010,1183
R,8,2023,66,4052500,1916240,2136260,1541878,1677986,209050,259328,25476,27437,94179,117277,3189,3493,42468,50739,1580127,1723623,218853,272134,54218,62368,102732,126496,5838,6431,1708609,1898930,1365910,1476251,199958,248601,12226,13732,92237,115038,2665,2831,35613,42477,1397901,1514347,207698,258804,36073,42846,99800,123003,4921,5301,207631,237330,175968,201735,9092,10727,13250,13705,1942,2239,524,662,6855,8262,182226,209276,11155,13330,18145,19522,2932,3493,917,1130
R,8,2023,67,3891310,1833248,2058062,1478505,1617749,196841,247447,23672,25826,91460,115619,2929,3301,39841,48120,1514473,1661009,205993,259596,50545,58821,99394,124574,5489,6105,1638362,1833442,1313278,1426552,188287,237201,11364,13249,89583,113349,2414,2735,33436,40356,1343400,1462743,195474,246832,33684,40796,96562,121146,4564,5116,194886,224620,165227,191197,8554,10246,12308,12577,1877,2270,515,566,6405,7764,171073,198266,10519,12764,16861,18025,2832,3428,925,989
R,8,2023,68,3796112,1782851,2013261,1443775,1590476,187108,236550,22484,24645,89222,113194,2799,3229,37463,45167,1477413,1630880,195791,248078,47878,55423,96664,121772,5256,5990,1597775,1798148,1286768,1407230,178871,226906,10925,12432,87491,111120,2317,2647,31403,37813,1314905,1440906,185703,236005,31993,38029,94069,118636,4419,5007,185076,215113,157007,183246,8237,9644,11559,12213,1731,2074,482,582,6060,7354,162508,189974,10088,12073,15885,17394,2595,3136,837,983
R,8,2023,69,3644340,1701306,1943034,1388074,1545135,172965,223578,20226,22838,83651,106242,2560,3025,33830,42216,1418561,1582928,180909,234413,43295,51863,90209,113853,4650,5586,1533054,1742972,1244695,1374161,165506,214724,10105,11847,82136,104272,2129,2483,28483,35485,1270296,1405828,171740,223292,29363,36190,87944,110898,3935,4679,168252,200062,143379,170974,7459,8854,10121,10991,1515,1970,431,542,5347,6731,148265,177100,9169,11121,13932,15673,2265,2955,715,907
R,8,2023,70,3482224,1619025,1863199,1329110,1490974,158640,208596,18627,20927,78747,100228,2370,2735,31531,39739,1357472,1526705,165946,218712,40187,48174,84881,107431,4375,5140,1463872,1676089,1196479,1330539,151891,200308,9480,11129,77362,98539,1980,2275,26680,33299,1220417,1360340,157682,208343,27572,33857,82834,104823,3702,4350,155153,187110,132631,160435,6749,8288,9147,9798,1385,1689,390,460,4851,6440,137055,166365,8264,10369,12615,14317,2047,2608,673,790
R,8,2023,71,3332910,1544892,1788018,1275742,1437704,147081,196557,16813,19485,73915,95300,2234,2589,29107,36383,1301947,1470313,153895,205859,36786,44692,79448,101681,4119,4810,1402230,1614057,1153304,1288052,140900,188973,8758,10440,72630,93729,1892,2145,24746,30718,1175491,1315486,146374,196353,25616,31720,77562,99315,3503,4046,142662,173961,122438,149652,6181,7584,8055,9045,1285,1571,342,444,4361,5665,126456,154827,7521,9506,11170,12972,1886,2366,616,764
R,8,2023,72,3184354,1468296,1716058,1215192,1379499,139711,191207,15781,18431,68372,90048,1992,2423,27248,34450,1239653,1410411,146094,200221,34709,42460,73353,95790,3719,4470,1332840,1549972,1098582,1236607,133932,184049,8253,9804,67232,88570,1709,2003,23132,28939,1119251,1262463,139075,191220,24225,30020,71640,93536,3211,3764,135456,166086,116610,142892,5779,7158,7528,8627,1140,1478,283,420,4116,5511,120402,147948,7019,9001,10484,12440,1713,2254,508,706
R,8,2023,73,3030094,1391006,1639088,1148647,1315852,130882,180416,14747,17094,69265,91274,1890,2169,25575,32283,1171648,1344709,136924,188961,32339,39328,74048,96933,3547,4166,1264878,1480410,1040043,1178834,125479,173497,7830,9237,68147,89825,1604,1828,21775,27189,1059553,1203032,130317,180323,22695,27953,72402,94724,3074,3549,126128,158678,108604,137018,5403,6919,6917,7857,1118,1449,286,341,3800,5094,112095,141677,6607,8638,9644,11375,1646,2209,473,617
R,8,2023,74,2917810,1333077,1584733,1111714,1285870,118828,166194,13638,15721,63523,84394,1792,2071,23582,30483,1132946,1313159,124198,174141,30022,36974,67856,89442,3392,3964,1217645,1438638,1011847,1159275,114135,160045,7370,8604,62462,83081,1518,1745,20313,25888,1030080,1182376,118455,166446,21461,26676,66336,87504,2928,3381,115432,146095,99867,126595,4693,6149,6268,7117,1061,1313,274,326,3269,4595,102866,130783,5743,7695,8561,10298,1520,1938,464,583
R,8,2023,75,2828797,1289291,1539506,1085291,1261220,108716,154504,12426,14675,59242,78226,1600,1937,22016,28944,1105147,1287176,113772,161961,27731,34899,63211,82999,3031,3691,1181409,1401470,991667,1141501,104376,148740,6905,8107,58323,76975,1352,1629,18786,24518,1008547,1163398,108502,154731,19857,25203,61864,81149,2634,3170,107882,138036,93624,119719,4340,5764,5521,6568,919,1251,248,308,3230,4426,96600,123778,5270,7230,7874,9696,1347,1850,397,521
R,8,2023,76,2904926,1321709,1583217,1131663,1323261,100250,143572,12045,14031,54340,72065,1507,1685,21904,28603,1151504,1349109,105084,150858,27579,34316,58060,76530,2884,3353,1221025,1452173,1044051,1209116,96358,138219,6803,7936,53512,70931,1289,1419,19012,24552,1061265,1231241,100318,144148,20264,25389,56811,74843,2520,2898,100684,131044,87612,114145,3892,5353,5242,6095,828,1134,218,266,2892,4051,90239,117868,4766,6710,7315,8927,1249,1687,364,455
R,8,2023,77,2139392,962936,1176456,812916,967378,77043,113822,9165,11435,46263,60865,1285,1545,16264,21411,827626,986572,80807,119427,20307,26040,49234,64593,2437,2992,878128,1062650,739021,868403,73635,108931,4963,6179,45532,59849,1092,1299,13885,17989,751564,884447,76614,113405,14455,18452,48161,63097,2119,2563,84808,113806,73895,98975,3408,4891,4202,5256,731,1016,193,246,2379,3422,76062,102125,4193,6022,5852,7588,1073,1496,318,429
R,8,2023,78,1990869,887651,1103218,750683,908677,70917,107434,8239,10514,42141,55883,1104,1393,14567,19317,763815,925906,74327,112632,18199,23662,44850,59150,2188,2728,810650,998884,683418,817394,67927,103187,4485,5784,41503,54983,937,1156,12380,16380,694533,831941,70643,107385,12898,16922,43890,57849,1895,2316,77001,104334,67265,91283,2990,4247,3754,4730,638,900,167,237,2187,2937,69282,93965,3684,5247,5301,6740,960,1301,293,412
R,8,2023,79,1897177,838282,1058895,713643,880064,64013,98515,7630,9666,38626,51009,971,1269,13399,18372,725693,896436,67272,103592,16822,22285,41005,53995,1943,2543,769372,962369,653309,795510,61304,94699,4266,5290,38126,50175,836,1059,11531,15636,663644,809383,63955,98844,12175,16040,40250,52785,1688,2182,68910,96526,60334,84554,2709,3816,3364,4376,500,834,135,210,1868,2736,62049,87053,3317,4748,4647,6245,755,1210,255,361
R,8,2023,80,1895756,830659,1065097,715525,896704,59795,95028,6848,9050,35072,45673,857,1117,12562,17525,726866,912387,62776,99792,15497,21174,37278,48438,1786,2299,766984,973782,659578,816866,57328,91228,3931,4953,34538,44945,740,929,10869,14861,669385,830108,59748,95031,11428,15310,36486,47314,1553,1979,63675,91315,55947,79838,2467,3800,2917,4097,534,728,117,188,1693,2664,57481,82279,3028,4761,4069,5864,792,1124,233,320
R,8,2023,81,1604447,694534,909913,593321,759906,51339,82706,5916,7966,32442,43510,754,1047,10762,14778,602999,773141,53868,86675,13328,18199,34401,45939,1508,1992,638698,829399,544187,689127,49182,79615,3405,4372,32033,42853,640,866,9251,12566,552483,700311,51247,82829,9753,13093,33785,44982,1296,1707,55836,80514,49134,70779,2157,3091,2511,3594,409,657,114,181,1511,2212,50516,72830,2621,3846,3575,5106,616,957,212,285
R,8,2023,82,1411377,601660,809717,512773,674064,44663,75334,5269,7109,28915,38941,705,876,9335,13393,521198,685999,46945,79036,11621,16304,30648,41189,1349,1780,551700,735997,468779,609107,42751,72509,3071,3978,28544,38350,607,730,7948,11323,475933,619165,44556,75478,8472,11758,30081,40297,1158,1519,49960,73720,43994,64957,1912,2825,2198,3131,371,591,98,146,1387,2070,45265,66834,2389,3558,3149,4546,567,892,191,261
R,8,2023,83,1263962,530227,733735,449852,609508,39885,69014,4764,6527,26910,36023,603,836,8213,11827,457192,620000,41929,72374,10301,14509,28489,38001,1182,1653,484647,664714,409707,548705,38142,66242,2702,3614,26545,35464,489,681,7062,10008,416008,557515,39804,68962,7418,10381,27959,37197,1008,1394,45580,69021,40145,60803,1743,2772,2062,2913,365,559,114,155,1151,1819,41184,62485,2125,3412,2883,4128,530,804,174,259
R,8,2023,84,1136057,471695,664362,402239,555341,34262,60180,4067,5853,23607,31700,468,734,7052,10554,408572,564712,35987,63142,8771,12965,24975,33460,991,1481,431304,602354,366580,500539,32681,57716,2261,3293,23315,31212,379,620,6088,8974,372024,508465,34082,60106,6310,9356,24551,32754,857,1283,40391,62008,35659,54802,1581,2464,1806,2560,292,488,89,114,964,1580,36548,56247,1905,3036,2461,3609,424,706,134,198
R,8,2023,85,1032399,421335,611064,360134,511727,29882,54854,3499,5352,20937,29067,459,636,6424,9428,365900,520119,31459,57569,7797,11583,22175,30708,912,1277,385937,555032,328677,462226,28569,52608,2084,3029,20657,28655,386,514,5564,8000,333666,469301,29846,54830,5813,8329,21768,30084,780,1078,35398,56032,31457,49501,1313,2246,1415,2323,280,412,73,122,860,1428,32234,50818,1613,2739,1984,3254,407,624,132,199
R,8,2023,86,895996,359512,536484,306830,449173,25508,48050,2996,4573,18272,25784,375,595,5531,8309,311828,456491,26939,50476,6652,9974,19346,27324,779,1216,328845,486646,279594,405096,24376,46077,1728,2538,18040,25395,322,482,4785,7058,283904,411261,25529,48083,4894,7117,19006,26749,683,1034,30667,49838,27236,44077,1132,1973,1268,2035,232,389,53,113,746,1251,27924,45230,1410,2393,1758,2857,340,575,96,182
R,8,2023,87,794573,313661,480912,267904,402864,22262,43278,2600,4066,15785,22978,289,484,4821,7242,272234,409257,23526,45436,5665,8807,16777,24295,666,994,286998,436563,244213,363536,21282,41606,1502,2277,15589,22623,239,405,4173,6116,247947,368903,22324,43362,4127,6286,16480,23775,582,850,26663,44349,23691,39328,980,1672,1098,1789,196,355,50,79,648,1126,24287,40354,1202,2074,1538,2521,297,520,84,144
R,8,2023,88,708954,273466,435488,234362,365574,18918,38537,2269,3703,13623,20633,297,438,3997,6603,237932,371380,19982,40400,4786,7990,14451,21863,620,928,250069,395336,213505,329976,18060,37004,1335,2052,13463,20308,250,362,3456,5634,216573,334900,18940,38515,3496,5742,14216,21392,538,794,23397,40152,20857,35598,858,1533,934,1651,160,325,47,76,541,969,21359,36480,1042,1885,1290,2248,235,471,82,134
R,8,2023,89,587232,222690,364542,190739,305888,15361,32284,1826,2991,11228,17532,256,370,3280,5477,193678,310709,16202,33910,3900,6488,11935,18628,503,785,203592,331411,173715,276462,14689,30981,1050,1685,11091,17268,210,313,2837,4702,176242,280586,15384,32298,2822,4686,11730,18245,429,684,19098,33131,17024,29426,672,1303,776,1306,137,264,46,57,443,775,17436,30123,818,1612,1078,1802,205,383,74,101
R,8,2023,90,512616,190057,322559,163236,271270,12776,27727,1505,2618,9512,15908,185,338,2843,4698,165803,275361,13498,29078,3270,5625,10146,16844,405,737,174367,293948,149254,245761,12206,26626,895,1546,9392,15678,158,286,2462,4051,151466,249274,12799,27741,2414,4130,9966,16519,356,648,15690,28611,13982,25509,570,1101,610,1072,120,230,27,52,381,647,14337,26087,699,1337,856,1495,180,325,49,89
R,8,2023,91,442532,159448,283084,137463,239266,10294,23596,1235,2275,7870,13502,151,312,2435,4133,139630,242862,10939,24868,2730,4876,8421,14313,370,661,146184,258284,125603,217142,9844,22666,701,1330,7769,13305,130,260,2137,3581,127504,220236,10407,23739,1990,3582,8269,14031,328,573,13264,24800,11860,22124,450,930,534,945,101,197,21,52,298,552,12126,22626,532,1129,740,1294,152,282,42,88
R,8,2023,92,374579,131642,242937,113983,206423,8160,19511,1011,1861,6458,11449,133,240,1897,3453,115683,209382,8684,20564,2151,4062,6910,12135,295,544,120579,221813,104087,187570,7787,18703,575,1057,6375,11310,113,204,1642,2969,105561,190089,8224,19578,1551,2947,6769,11924,250,477,11063,21124,9896,18853,373,808,436,804,83,139,20,36,255,484,10122,19293,460,986,600,1115,141,211,45,67
R,8,2023,93,318100,108010,210090,93197,178014,6739,16972,871,1556,5564,10327,103,216,1536,3005,94551,180625,7158,17848,1794,3469,5921,10937,248,485,99003,191887,85117,161752,6442,16282,509,896,5502,10195,88,186,1345,2576,86297,163961,6796,16995,1306,2539,5832,10739,221,429,9007,18203,8080,16262,297,690,362,660,62,132,15,30,191,429,8254,16664,362,853,488,930,89,198,27,56
R,8,2023,94,248652,81669,166983,70519,141875,5038,13329,649,1126,4170,8106,78,173,1215,2374,71583,143918,5395,14088,1409,2589,4448,8581,194,393,74836,153038,64427,129453,4805,12770,375,659,4113,7983,65,149,1051,2024,65347,131173,5095,13415,1028,1880,4364,8406,169,343,6833,13945,6092,12422,233,559,274,467,57,123,13,24,164,350,6236,12745,300,673,381,709,84,175,25,50
R,8,2023,95,198923,62656,136267,54102,115871,3861,10698,505,1007,3161,6652,66,126,961,1913,54941,117491,4144,11296,1066,2191,3392,7064,153,314,57476,125214,49477,106060,3676,10242,299,586,3136,6554,56,107,832,1665,50201,107457,3911,10748,778,1619,3351,6922,132,276,5180,11053,4625,9811,185,456,206,421,25,98,10,19,129,248,4740,10034,233,548,288,572,41,142,21,38
R,8,2023,96,153634,46485,107149,39949,90988,2930,8485,341,773,2446,5318,40,109,779,1476,40639,92247,3169,8940,787,1680,2624,5629,108,265,42780,98840,36612,83573,2820,8141,209,480,2423,5247,33,94,683,1305,37218,84683,3023,8531,595,1277,2589,5530,91,236,3705,8309,3337,7415,110,344,132,293,23,71,7,15,96,171,3421,7564,146,409,192,403,35,99,17,29
R,8,2023,97,113740,33319,80421,28414,67974,2220,6508,258,584,1846,4080,42,94,539,1181,28875,68970,2369,6906,571,1292,1992,4327,107,217,30581,74100,25964,62326,2129,6267,158,369,1822,4028,35,79,473,1031,26366,63190,2251,6600,430,979,1956,4248,93,190,2738,6321,2450,5648,91,241,100,215,24,52,7,15,66,150,2509,5780,118,306,141,313,36,79,14,27
R,8,2023,98,83384,23222,60162,19600,50662,1583,4916,203,448,1412,3113,23,64,401,959,19933,51449,1693,5273,438,1010,1520,3309,77,163,21369,55547,17967,46573,1516,4714,131,291,1393,3073,19,56,343,840,18253,47260,1608,5022,326,778,1487,3242,65,138,1853,4615,1633,4089,67,202,72,157,19,40,4,8,58,119,1680,4189,85,251,112,232,33,67,12,25
R,8,2023,99,58151,15494,42657,12946,35818,1104,3528,142,330,1026,2321,19,50,257,610,13170,36314,1184,3734,282,688,1096,2470,45,123,14168,39498,11769,33004,1053,3391,86,216,1016,2302,16,45,228,540,11968,33438,1125,3569,208,529,1082,2440,37,110,1326,3159,1177,2814,51,137,56,114,10,19,3,5,29,70,1202,2876,59,165,74,159,14,30,8,13
R,8,2023,100,100564,24741,75823,19593,61367,2109,7373,331,683,2036,4891,69,120,603,1389,20077,62473,2363,7902,627,1448,2220,5236,179,316,22394,70097,17582,56372,2020,7078,218,482,2002,4837,50,103,522,1225,18004,57343,2236,7535,472,1155,2162,5134,142,266,2347,5726,2011,4995,89,295,113,201,34,54,19,17,81,164,2073,5130,127,367,155,293,58,102,37,50
R,9,2023,999,337349332,165531237,171818095,121476707,124432528,21688402,23760370,3410794,3326782,10728639,11736118,458840,459693,7767855,8102604,128612994,131862799,24684212,26930749,6649752,6814518,13147716,14164681,971627,972003,132210738,138242957,95043880,97712882,19676878,21702512,1147685,1183166,10282359,11282607,339406,339237,5720530,6022553,100304647,103240605,21823918,23999077,3333891,3596320,12200218,13208581,711106,711011,33320499,33575138,26432827,26719646,2011524,2057858,2263109,2143616,446280,453511,119434,120456,2047325,2080051,28308347,28622194,2860294,2931672,3315861,3218198,947498,956100,260521,260992
R,9,2023,0,3635182,1858910,1776272,1209530,1153275,297530,288279,46982,45204,114019,106834,6891,6764,183958,175916,1381821,1317763,386905,374475,98340,94486,178797,168308,17484,16861,1318091,1255958,822662,781371,251070,243492,11769,11429,103367,96644,4619,4455,124604,118567,939996,892891,311249,301493,40585,38720,150533,141195,11182,10520,540819,520314,386868,371904,46460,44787,35213,33775,10652,10190,2272,2309,59354,57349,441825,424872,75656,72982,57755,55766,28264,27113,6302,6341
R,9,2023,1,3713539,1895908,1817631,1232975,1179384,305382,296737,45742,43984,119177,112507,7155,6780,185477,178239,1406681,1346034,395419,383941,97294,93632,184695,175092,17813,16979,1356185,1297131,844709,804870,259325,252291,12188,11599,108577,102405,4789,4450,126597,121516,963894,919128,320345,311584,41379,39475,156702,148304,11458,10681,539723,520500,388266,374514,46057,44446,33554,32385,10600,10102,2366,2330,58880,56723,442787,426906,75074,72357,55915,54157,27993,26788,6355,6298
R,9,2023,2,3668126,1874990,1793136,1219449,1161478,305181,296515,43272,41654,118113,112023,6643,6286,182332,175180,1390210,1325259,393665,382172,93899,90359,182573,173644,17114,16292,1361664,1297159,849835,804173,261881,254535,12336,11846,108467,102617,4523,4236,124622,119752,967149,916762,321887,312880,41029,39269,155936,147984,11095,10376,513326,495977,369614,357305,43300,41980,30936,29808,9646,9406,2120,2050,57710,55428,423061,408497,71778,69292,52870,51090,26637,25660,6019,5916
R,9,2023,3,3755455,1919035,1836420,1256317,1197623,304112,295674,44918,43063,123365,117260,6770,6390,183553,176410,1428238,1362611,393305,382043,95619,91827,188316,179337,17284,16427,1406030,1344028,883577,839518,263256,256442,13808,13282,113966,108108,4724,4439,126699,122239,1002847,954460,324353,316109,42923,41251,162183,154325,11401,10696,513005,492392,372740,358105,40856,39232,31110,29781,9399,9152,2046,1951,56854,54171,425391,408151,68952,65934,52696,50576,26133,25012,5883,5731
R,9,2023,4,3822247,1950853,1871394,1286080,1228254,305003,298134,46305,44528,123708,118033,7116,6788,182641,175657,1457096,1392503,393285,383569,96981,93322,188353,179949,17772,16859,1438390,1377051,911707,866296,265267,260100,14932,14506,114435,109036,4979,4851,127070,122262,1031252,981156,326310,319539,44265,42681,162815,155154,11797,11239,512463,494343,374373,361958,39736,38034,31373,30022,9273,8997,2137,1937,55571,53395,425844,411347,66975,64030,52716,50641,25538,24795,5975,5620
R,9,2023,5,3884772,1983381,1901391,1312232,1252909,310410,302816,47805,46102,124508,119064,7322,6730,181104,173770,1481764,1415316,397473,386871,98652,94813,188439,180244,18076,16792,1466800,1403231,933252,887277,270973,264954,15247,14753,115405,110196,5198,4794,126725,121257,1052416,1001152,331729,323612,44789,42807,163461,155974,12115,11198,516581,498160,378980,365632,39437,37862,32558,31349,9103,8868,2124,1936,54379,52513,429348,414164,65744,63259,53863,52006,24978,24270,5961,5594
R,9,2023,6,3946837,2017239,1929598,1338314,1275078,313165,304729,49012,47241,129086,122969,7516,6899,180146,172682,1506638,1436279,398663,387870,100430,96721,192818,183308,18378,17088,1492096,1422530,950238,901071,273945,266638,16127,15374,119919,114141,5382,4911,126485,120395,1068969,1014049,333767,324656,46178,43961,167990,159201,12429,11375,525143,507068,388076,374007,39220,38091,32885,31867,9167,8828,2134,1988,53661,52287,437669,422230,64896,63214,54252,52760,24828,24107,5949,5713
R,9,2023,7,4041838,2064015,1977823,1381722,1317495,313727,306815,50883,49042,129385,123719,7446,7094,180852,173658,1550668,1479586,398670,389395,103730,99850,192970,184238,18393,17502,1524346,1458514,981641,931958,274199,268627,16387,16171,120049,114872,5300,5075,126770,121811,1100655,1046240,333761,326724,47240,45912,167782,160237,12322,11755,539669,519309,400081,385537,39528,38188,34496,32871,9336,8847,2146,2019,54082,51847,450013,433346,64909,62671,56490,53938,25188,24001,6071,5747
R,9,2023,8,4067608,2078272,1989336,1393008,1327662,317745,309025,50907,49747,130479,123842,7362,7166,178771,171894,1560036,1488050,401382,390673,103944,100670,192922,183219,18050,17355,1537847,1467556,989838,939416,278385,270652,16838,16146,121386,115141,5275,5078,126125,121123,1108236,1052979,337422,328480,48181,45989,168495,159891,12225,11668,540425,521780,403170,388246,39360,38373,34069,33601,9093,8701,2087,2088,52646,50771,451800,435071,63960,62193,55763,54681,24427,23328,5825,5687
R,9,2023,9,4066059,2079027,1987032,1397896,1329585,316703,308041,51325,49513,130114,123850,7392,7131,175597,168912,1561975,1487203,398199,387892,104259,100439,191275,181669,17953,17178,1541471,1469481,996002,943654,277603,269709,16892,16258,121094,115373,5281,5050,124599,119437,1112975,1055667,335471,326585,48416,46362,167514,158982,12214,11625,537556,517551,401894,385931,39100,38332,34433,33255,9020,8477,2111,2081,50998,49475,449000,431536,62728,61307,55843,54077,23761,22687,5739,5553
R,9,2023,10,4053146,2070687,1982459,1392026,1328455,315711,307363,51756,49405,131918,125003,7500,7101,171776,165132,1552312,1482313,394920,384455,104392,100352,191630,181571,17946,17034,1535848,1466411,991213,941563,276993,269780,16985,16272,123100,116511,5316,4994,122241,117291,1105880,1051386,333455,324941,48444,46638,168524,159372,12175,11483,534839,516048,400813,386892,38718,37583,34771,33133,8818,8492,2184,2107,49535,47841,446432,430927,61465,59514,55948,53714,23106,22199,5771,5551
R,9,2023,11,4072168,2081479,1990689,1403839,1338066,317355,307251,52954,50846,131152,124353,7411,7031,168768,163142,1561155,1490038,394759,382636,105860,102051,189187,179926,17704,16883,1541528,1470649,997966,946848,278691,270159,17021,16436,122305,116087,5227,4943,120318,116176,1110700,1055545,334105,324232,48804,47139,166511,158383,12029,11492,539951,520040,405873,391218,38664,37092,35933,34410,8847,8266,2184,2088,48450,46966,450455,434493,60654,58404,57056,54912,22676,21543,5675,5391
R,9,2023,12,4132207,2115148,2017059,1431809,1360039,323804,313108,53519,51664,129332,122336,7468,7205,169216,162707,1589512,1511492,400839,387768,107633,103728,186995,177544,17787,17136,1561459,1485450,1013329,959186,284590,275256,17212,16438,120369,113907,5270,5010,120689,115653,1126351,1067286,339904,328792,49837,47680,164220,155797,12147,11518,553689,531609,418480,400853,39214,37852,36307,35226,8963,8429,2198,2195,48527,47054,463161,444206,60935,58976,57796,56048,22775,21747,5640,5618
R,9,2023,13,4214243,2155244,2058999,1464338,1394203,329724,318095,54369,51722,128394,122870,7345,7113,171074,164996,1623827,1547907,407370,393973,109863,105224,185942,177819,17715,17112,1584287,1511494,1027284,974871,291525,280994,17219,16962,119829,114798,5166,4948,123264,118921,1142722,1086111,347741,336053,51170,49832,164143,157015,12178,11635,570957,547505,437054,419332,38199,37101,37150,34760,8565,8072,2179,2165,47810,46075,481105,461796,59629,57920,58693,55392,21799,20804,5537,5477
R,9,2023,14,4278250,2187888,2090362,1493327,1419493,334620,324095,54150,52306,127844,122873,7424,7108,170523,164487,1652010,1572620,411834,400159,109810,105618,185052,176918,17830,17113,1605544,1531993,1043215,988270,296290,286866,17799,17292,119406,114873,5161,4831,123673,119861,1158804,1100303,352994,342876,52110,50552,163703,156811,12185,11672,582344,558369,450112,431223,38330,37229,36351,35014,8438,8000,2263,2277,46850,44626,493206,472317,58840,57283,57700,55066,21349,20107,5645,5441
R,9,2023,15,4428616,2265355,2163261,1550069,1472092,345847,334008,56389,53998,132947,127501,7428,7071,172675,168591,1710603,1628817,424040,411332,113332,110243,190216,182500,18273,17166,1660331,1584113,1079795,1023222,306268,296375,18538,17732,124298,119187,5088,4822,126344,122775,1197675,1137836,364149,353576,54245,52836,169006,161689,12498,11710,605024,579148,470274,448870,39579,37633,37851,36266,8649,8314,2340,2249,46331,45816,512928,490981,59891,57756,59087,57407,21210,20811,5775,5456
R,9,2023,16,4448887,2277170,2171717,1565240,1486210,344915,331964,57833,55204,131776,125781,7415,7237,169991,165321,1723224,1639660,420960,406767,116037,111469,187365,179548,17952,17468,1666463,1587970,1090136,1032323,305612,294528,18529,17926,123147,117589,5015,4939,124024,120665,1205861,1144865,361606,349849,55020,53172,166408,159295,12239,11871,610707,583747,475104,453887,39303,37436,39304,37278,8629,8192,2400,2298,45967,44656,517363,494795,59354,56918,61017,58297,20957,20253,5713,5597
R,9,2023,17,4402956,2256159,2146797,1558994,1474511,336562,324558,57793,54730,131112,126594,7374,6989,164324,159415,1711607,1622516,408749,395389,115089,109932,185047,178492,17466,16747,1652322,1572667,1088204,1026934,298455,288019,18196,17585,122568,118704,5026,4722,119873,116703,1200026,1135785,351469,340667,54135,52449,164851,159095,11951,11409,603837,574130,470790,447577,38107,36539,39597,37145,8544,7890,2348,2267,44451,42712,511581,486731,57280,54722,60954,57483,20196,19397,5515,5338
R,9,2023,18,4401618,2256865,2144753,1564289,1475680,332172,319176,58115,55239,135865,133269,7454,7168,158970,154221,1711877,1618633,400649,386901,114753,109901,188055,183390,17149,16604,1655106,1576440,1093908,1031301,294481,283718,18135,17502,127712,125635,5117,4966,115753,113318,1201802,1136730,344688,334065,53805,52176,168531,165043,11750,11503,601759,568313,470381,444379,37691,35458,39980,37737,8153,7634,2337,2202,43217,40903,510075,481903,55961,52836,60948,57725,19524,18347,5399,5101
R,9,2023,19,4423100,2269363,2153737,1577101,1486378,330656,317982,58287,53486,140780,138466,7582,7106,154957,150319,1720698,1625835,396426,382891,114239,107806,191903,187232,17324,16332,1672775,1591793,1108862,1045111,294169,283277,18185,17191,132670,130896,5204,4947,113685,110371,1214615,1147794,342527,331394,53932,51930,173033,169287,11983,11338,596588,561944,468239,441267,36487,34705,40102,36295,8110,7570,2378,2159,41272,39948,506083,478041,53899,51497,60307,55876,18870,17945,5341,4994
R,9,2023,20,4411273,2262756,2148517,1575533,1485017,329448,317908,58387,52934,141670,139739,7598,7060,150120,145859,1714647,1620120,392234,379860,114047,106754,190707,187148,16925,15916,1671235,1591929,1111100,1047239,293056,283588,17856,16757,133901,132200,5229,4966,110093,107179,1213474,1146875,339455,329551,53418,51277,172528,169475,11690,11218,591521,556588,464433,437778,36392,34320,40531,36177,7769,7539,2369,2094,40027,38680,501173,473245,52779,50309,60629,55477,18179,17673,5235,4698
R,9,2023,21,4477040,2282345,2194695,1586536,1514080,339980,334505,57928,53050,147228,145064,7519,7309,143154,140687,1718894,1643713,399156,394528,111670,105126,194002,190499,16667,16233,1690803,1635358,1120188,1072869,303169,299118,17761,17025,139510,137583,5301,5221,104874,103542,1217389,1168583,346900,343716,52051,50485,176283,173374,11744,11518,591542,559337,466348,441211,36811,35387,40167,36025,7718,7481,2218,2088,38280,37145,501505,475130,52256,50812,59619,54641,17719,17125,4923,4715
R,9,2023,22,4717981,2390109,2327872,1656035,1604835,359946,357839,57720,53354,168705,166181,7992,7910,139711,137753,1784295,1731573,418022,416657,109598,103089,214801,211606,17504,17160,1791151,1758503,1183221,1153552,321195,321504,17890,17689,160769,158361,5704,5682,102372,101715,1277422,1247311,363873,365330,51103,49541,197195,194580,12396,12328,598958,569369,472814,451283,38751,36335,39830,35665,7936,7820,2288,2228,37339,36038,506873,484262,54149,51327,58495,53548,17606,17026,5108,4832
R,9,2023,23,4819269,2441257,2378012,1694876,1639755,365847,366378,58228,53066,180036,177030,8441,8094,133829,133689,1817746,1762365,420869,423377,108479,101312,224117,221407,17507,17001,1842458,1810347,1220339,1188935,327571,329764,18129,17427,172085,169102,6203,5798,98131,99321,1310626,1280257,367984,372367,50081,48528,207166,204644,12722,12156,598799,567665,474537,450820,38276,36614,40099,35639,7951,7928,2238,2296,35698,34368,507120,482108,52885,51010,58398,52784,16951,16763,4785,4845
R,9,2023,24,4676188,2372294,2303894,1658140,1598747,346444,347023,55697,50656,176514,172280,8256,7835,127243,127353,1774783,1715585,398279,401065,103887,97129,218321,214160,17083,16278,1796353,1757489,1200530,1164060,310177,311898,17243,16603,168776,164622,6079,5603,93548,94703,1286456,1251157,348450,352362,48164,46740,202050,198146,12377,11594,575941,546405,457610,434687,36267,35125,38454,34053,7738,7658,2177,2232,33695,32650,488327,464428,49829,48703,55723,50389,16271,16014,4706,4684
R,9,2023,25,4565213,2315859,2249354,1619190,1557407,336048,336546,54562,49627,176182,174822,8053,7756,121824,123196,1730755,1670576,385205,388304,101269,95194,215905,214847,16393,15777,1756073,1718448,1174530,1134739,300904,302954,16519,15788,168594,167188,5864,5533,89662,92246,1256720,1219718,337192,341956,46392,45438,200467,199599,11914,11368,559786,530906,444660,422668,35144,33592,38043,33839,7588,7634,2189,2223,32162,30950,474035,450858,48013,46348,54877,49756,15438,15248,4479,4409
R,9,2023,26,4434040,2248055,2185985,1573614,1511510,321815,323146,52713,47944,176428,177515,7647,7361,115838,118509,1679690,1620197,367783,372056,97679,92769,214516,216045,15486,14975,1702747,1669353,1139590,1099708,287941,291034,15614,14958,169153,170184,5572,5353,84877,88116,1217491,1180648,321451,327592,44247,43863,199722,201415,11250,10860,545308,516632,434024,411802,33874,32112,37099,32986,7275,7331,2075,2008,30961,30393,462199,439549,46332,44464,53432,48906,14794,14630,4236,4115
R,9,2023,27,4407587,2231245,2176342,1565243,1504408,313985,319230,53218,47823,177804,181458,7631,7187,113364,116236,1668916,1610815,358272,366579,97893,92586,214834,219192,15567,14848,1691019,1663395,1135995,1095959,280599,287392,15360,14582,170506,174005,5567,5343,82992,86114,1212111,1174961,312767,322699,43631,43243,200431,204534,11321,10916,540226,512947,429248,408449,33386,31838,37858,33241,7298,7453,2064,1844,30372,30122,456805,435854,45505,43880,54262,49343,14403,14658,4246,3932
R,9,2023,28,4447877,2246039,2201838,1577486,1521296,319501,327918,53574,48163,176989,182653,7685,7375,110804,114433,1678554,1625801,362493,374442,97929,92887,213078,219238,15486,15191,1706241,1685704,1148792,1110488,285705,294782,15505,14875,169558,175255,5648,5472,81033,84832,1222750,1188119,316863,329160,43760,43825,198776,205022,11348,11181,539798,516134,428694,410808,33796,33136,38069,33288,7431,7398,2037,1903,29771,29601,455804,437682,45630,45282,54169,49062,14302,14216,4138,4010
R,9,2023,29,4464689,2248503,2216186,1578680,1526665,322576,336723,52795,48450,178015,183317,7532,7390,108905,113641,1677762,1630473,363967,382074,97366,94173,213374,219442,15506,15064,1716515,1703583,1155857,1119108,289501,303937,15451,14829,170762,176060,5558,5401,79386,84248,1228106,1196168,319413,337419,43604,44592,199511,205455,11421,11060,531988,512603,422823,407557,33075,32786,37344,33621,7253,7257,1974,1989,29519,29393,449656,434305,44554,44655,53762,49581,13863,13987,4085,4004
R,9,2023,30,4528420,2276677,2251743,1600004,1548662,328124,346384,53969,49498,181127,187609,7725,7359,105728,112231,1696018,1650959,367890,390790,97525,95887,215669,222839,15547,14946,1746674,1739398,1178399,1141764,295087,313402,15890,15429,174085,180286,5713,5349,77500,83168,1248858,1217727,323820,345901,43737,45865,202213,209015,11479,10920,530003,512345,421605,406898,33037,32982,38079,34069,7042,7323,2012,2010,28228,29063,447160,433232,44070,44889,53788,50022,13456,13824,4068,4026
R,9,2023,31,4601965,2309748,2292217,1630403,1582213,329324,350193,54616,50242,182334,190498,7454,7283,105617,111788,1726570,1684212,367783,392767,99827,97777,216158,225504,15178,14825,1778645,1777748,1207587,1172958,296287,316877,16519,16035,175351,183390,5537,5375,77364,83113,1278065,1248920,323797,347975,45713,47623,202944,212023,11260,10906,531103,514469,422816,409255,33037,33316,38097,34207,6983,7108,1917,1908,28253,28675,448505,435292,43986,44792,54114,50154,13214,13481,3918,3919
R,9,2023,32,4692761,2347099,2345662,1660617,1618935,334038,360546,55099,50416,186062,196508,7890,7468,103393,111789,1754089,1720519,371284,402798,99696,98478,219640,231849,15762,15265,1818914,1833374,1241219,1213285,300667,326278,16827,16433,178936,189147,5895,5563,75370,82668,1309456,1288528,327109,356732,45376,48100,206319,218003,11729,11414,528185,512288,419398,405650,33371,34268,38272,33983,7126,7361,1995,1905,28023,29121,444633,431991,44175,46066,54320,50378,13321,13846,4033,3851
R,9,2023,33,4753814,2375904,2377910,1687111,1645140,335639,363017,55267,50764,188679,200694,7675,7594,101533,110701,1779184,1746032,371121,403515,99694,100275,221910,234858,15371,15116,1849361,1866630,1268074,1239895,302584,328835,16897,16632,181756,193631,5709,5629,74341,82008,1335560,1314744,327488,357807,45645,49699,209056,221614,11457,11273,526543,511280,419037,405245,33055,34182,38370,34132,6923,7063,1966,1965,27192,28693,443624,431288,43633,45708,54049,50576,12854,13244,3914,3843
R,9,2023,34,4626556,2310343,2316213,1643727,1602150,322878,351845,52737,49431,186296,200660,7399,7029,97306,105098,1732038,1697499,356273,389681,96308,97007,217683,233430,14620,14330,1810865,1828483,1246075,1214678,291882,319569,16293,16439,179729,193977,5588,5275,71298,78545,1310728,1285916,315271,346751,44530,48648,205661,221152,11120,10858,499478,487730,397652,387472,30996,32276,36444,32992,6567,6683,1811,1754,26008,26553,421310,411583,41002,42930,51778,48359,12022,12278,3500,3472
R,9,2023,35,4561225,2269955,2291270,1625415,1595425,309388,340691,52821,48952,181501,197047,7138,7053,93692,102102,1710338,1688201,340656,376986,95023,96100,211919,228456,14199,14037,1776705,1808418,1231888,1211450,279633,309347,16207,15852,174924,190511,5358,5282,68695,75976,1294149,1280608,301573,335137,43519,47706,200143,216398,10705,10598,493250,482852,393527,383975,29755,31344,36614,33100,6577,6536,1780,1771,24997,26126,416189,407593,39083,41849,51504,48394,11776,12058,3494,3439
R,9,2023,36,4480702,2231593,2249109,1606902,1572506,300117,330136,51299,47669,176581,192563,7172,6864,89522,99371,1687885,1662854,329712,364986,92823,94377,205236,223003,14041,13590,1750674,1776728,1222482,1196418,271258,299970,15502,15353,170256,186117,5371,5091,65805,73779,1281883,1263528,292065,324637,42586,46907,194061,211343,10679,10179,480919,472381,384420,376088,28859,30166,35797,32316,6325,6446,1801,1773,23717,25592,406002,399326,37647,40349,50237,47470,11175,11660,3362,3411
R,9,2023,37,4503892,2242418,2261474,1621759,1589543,297638,328037,51353,48337,176144,192087,7119,6827,88405,96643,1701828,1677171,326184,360953,92764,95305,204610,221072,14024,13448,1760614,1790436,1236123,1213644,268791,298367,15415,15515,169868,185782,5381,5076,65036,72052,1295060,1278985,288499,321724,42689,47693,193456,209801,10614,10118,481804,471038,385636,375899,28847,29670,35938,32822,6276,6305,1738,1751,23369,24591,406768,398186,37685,39229,50075,47612,11154,11271,3410,3330
R,9,2023,38,4504605,2241900,2262705,1627421,1594071,294480,325631,51305,48064,174874,192798,6969,6864,86851,95277,1706036,1680651,321836,357176,93307,95329,202305,221085,13610,13472,1763481,1794595,1244117,1219761,266948,296788,14970,15557,168700,186559,5250,5202,63496,70728,1301542,1284053,285711,318773,42575,47948,191490,209986,10301,10248,478419,468110,383304,374310,27532,28843,36335,32507,6174,6239,1719,1662,23355,24549,404494,396598,36125,38403,50732,47381,10815,11099,3309,3224
R,9,2023,39,4392650,2181168,2211482,1585277,1559825,282988,315879,50180,47221,172843,190331,6741,6656,83139,91570,1660348,1642676,308579,345795,91017,93618,199072,217454,13301,13165,1716943,1752311,1213008,1191651,256533,288201,14816,15144,166801,184350,5057,4969,60728,67996,1267750,1253183,274102,309039,41659,47015,188509,206741,10098,9951,464225,459171,372269,368174,26455,27678,35364,32077,6042,5981,1684,1687,22411,23574,392598,389493,34477,36756,49358,46603,10563,10713,3203,3214
R,9,2023,40,4402778,2181494,2221284,1589682,1569086,283329,316362,50680,48063,169154,189682,6559,6643,82090,91448,1663822,1651694,308525,345695,91836,95647,194351,216089,12937,13091,1718722,1759095,1218166,1198375,256846,288725,14957,15282,163458,183788,4941,4969,60354,67956,1272583,1259727,274233,309225,42410,48175,184353,205613,9824,9909,462772,462189,371516,370711,26483,27637,35723,32781,5696,5894,1618,1674,21736,23492,391239,391967,34292,36470,49426,47472,9998,10476,3113,3182
R,9,2023,41,4402016,2175596,2226420,1589785,1575956,282350,317164,50352,47933,166275,188344,6419,6626,80415,90397,1662430,1657629,306915,346222,91284,95615,190513,213893,12719,12962,1714098,1761433,1218705,1201983,256154,289566,14880,15050,160594,182440,4770,4907,58995,67487,1271878,1262989,273190,309957,42190,48330,180617,203503,9650,9762,461498,464987,371080,373973,26196,27598,35472,32883,5681,5904,1649,1719,21420,22910,390552,394640,33725,36265,49094,47285,9896,10390,3069,3200
R,9,2023,42,4340174,2143973,2196201,1572441,1560121,278701,313220,49557,47331,158310,181342,6313,6249,78651,87938,1643227,1639599,302410,341377,90354,94351,181556,205753,12409,12348,1692704,1739159,1209397,1192278,253527,286375,14470,14920,152789,175553,4662,4620,57859,65413,1261378,1251435,269971,306124,41871,47602,172056,195685,9329,9216,451269,457042,363044,367843,25174,26845,35087,32411,5521,5789,1651,1629,20792,22525,381849,388164,32439,35253,48483,46749,9500,10068,3080,3132
R,9,2023,43,4365571,2158195,2207376,1580770,1564641,286113,321140,50310,47717,156390,179735,6501,6479,78111,87664,1651118,1643751,309730,349105,91393,95287,179036,203562,12515,12639,1698842,1746174,1209994,1192870,261107,294184,14830,15093,150749,174001,4828,4803,57334,65223,1261491,1251655,277372,313806,42525,48329,169478,193642,9514,9519,459353,461202,370776,371771,25006,26956,35480,32624,5641,5734,1673,1676,20777,22441,389627,392096,32358,35299,48868,46958,9558,9920,3001,3120
R,9,2023,44,4161756,2051888,2109868,1505520,1497736,270707,305489,47306,45372,149181,173043,5979,5978,73195,82250,1571495,1571837,292463,331777,86200,90062,170213,195360,11527,11597,1622260,1672402,1158383,1144793,247506,280055,13938,14210,144037,167659,4482,4408,53914,61277,1206928,1200013,262519,298236,40278,45649,161488,186055,8765,8698,429628,437466,347137,352943,23201,25434,33368,31162,5144,5384,1497,1570,19281,20973,364567,371824,29944,33541,45922,44413,8725,9305,2762,2899
R,9,2023,45,4041303,1990343,2050960,1465898,1461519,259186,292500,45639,44640,143664,167362,5685,5728,70271,79211,1529255,1532956,279848,317177,83631,88224,163628,188796,10743,11078,1570559,1621896,1125325,1114673,237031,268081,13319,13903,138724,161984,4282,4181,51878,59074,1172026,1167893,251303,285379,39222,44564,155323,179662,8169,8313,419784,429064,340573,346846,22155,24419,32320,30737,4940,5378,1403,1547,18393,20137,357229,365063,28545,31798,44409,43660,8305,9134,2574,2765
R,9,2023,46,4005268,1968691,2036577,1453999,1454147,254041,289374,45326,43966,141390,165664,5520,5737,68415,77689,1515670,1524125,274021,313329,82885,87423,160559,186609,10576,10980,1555529,1610161,1117569,1107446,233025,265593,13661,14195,136493,160503,4107,4219,50674,58205,1163148,1159828,246701,282392,39460,44982,152503,177825,7992,8240,413162,426416,336430,346701,21016,23781,31665,29771,4897,5161,1413,1518,17741,19484,352522,364297,27320,30937,43425,42441,8056,8784,2584,2740
R,9,2023,47,3862842,1898584,1964258,1398191,1402731,243038,275998,43810,42168,142046,164674,5330,5415,66169,73272,1457731,1468615,261611,298458,80620,83451,160459,184246,10310,10295,1497080,1547823,1070898,1062492,222687,253616,13104,13340,137419,159593,4027,4023,48945,54759,1114823,1111633,235455,269342,38306,42377,152851,175878,7909,7828,401504,416435,327293,340239,20351,22382,30706,28828,4627,5081,1303,1392,17224,18513,342908,356982,26156,29116,42314,41074,7608,8368,2401,2467
R,9,2023,48,3891870,1913424,1978446,1414198,1416611,243722,276295,42694,42039,144106,166352,5154,5232,63550,71917,1471365,1481323,261676,297736,78354,82901,161464,185559,9659,9944,1518498,1567935,1090757,1080107,224044,254628,12987,13611,139489,161470,3910,3905,47311,54214,1133216,1128835,236542,269708,37827,42786,153913,177452,7393,7532,394926,410511,323441,336504,19678,21667,29707,28428,4617,4882,1244,1327,16239,17703,338149,352488,25134,28028,40527,40115,7551,8107,2266,2412
R,9,2023,49,3825379,1878631,1946748,1388785,1396413,238638,270138,41639,40640,142769,164702,4894,5161,61906,69694,1444470,1459183,255845,290630,76835,80693,159566,183134,9307,9600,1496614,1547263,1075314,1067840,219931,249627,12857,13372,138417,159989,3739,3824,46356,52611,1116898,1115090,232000,264139,37559,42102,152488,175385,7138,7270,382017,399485,313471,328573,18707,20511,28782,27268,4352,4713,1155,1337,15550,17083,327572,344093,23845,26491,39276,38591,7078,7749,2169,2330
R,9,2023,50,3849140,1884706,1964434,1393518,1408210,242113,275521,40698,40288,142698,166262,4891,5109,60788,69044,1448188,1470153,258750,295811,75265,80066,159317,184469,9179,9608,1511886,1572079,1086928,1084793,224021,255372,12898,13659,138475,161700,3705,3799,45859,52756,1127982,1132055,235704,269778,37432,42717,152453,176990,7111,7292,372820,392355,306590,323417,18092,20149,27800,26629,4223,4562,1186,1310,14929,16288,320206,338098,23046,26033,37833,37349,6864,7479,2068,2316
R,9,2023,51,3992671,1954436,2038235,1454779,1472059,249049,283776,41047,39879,143077,167460,4854,5020,61630,70041,1510169,1535101,265569,303840,76996,80996,159298,185342,9202,9565,1584319,1648192,1149535,1149815,231408,263910,13469,13814,138862,162891,3680,3738,47365,54024,1191958,1198306,243326,278457,39654,44149,152624,178045,7133,7322,370117,390043,305244,322244,17641,19866,27578,26065,4215,4569,1174,1282,14265,16017,318211,336795,22243,25383,37342,36847,6674,7297,2069,2243
R,9,2023,52,4223271,2069105,2154166,1560633,1577238,259162,296407,40439,40513,139767,162716,5028,5009,64076,72283,1618338,1642440,276039,316723,78633,83935,156066,180319,9530,9632,1700199,1765884,1255709,1256129,241598,276752,13856,14520,135520,158219,3803,3813,49713,56451,1300440,1306907,253726,291609,42128,47424,149402,173087,7409,7502,368906,388282,304924,321109,17564,19655,26583,25993,4247,4497,1225,1196,14363,15832,317898,335533,22313,25114,36505,36511,6664,7232,2121,2130
R,9,2023,53,4260570,2088018,2172552,1583100,1601630,258639,292792,40178,39501,138533,161972,4858,5030,62710,71627,1639630,1666072,275080,312856,77941,83019,153884,179196,9308,9712,1724049,1794111,1281765,1288350,241303,273720,13736,14558,134487,157585,3712,3868,49046,56030,1325871,1338605,253393,288562,42089,47521,147564,172082,7313,7657,363969,378441,301335,313280,17336,19072,26442,24943,4046,4387,1146,1162,13664,15597,313759,327467,21687,24294,35852,35498,6320,7114,1995,2055
R,9,2023,54,4092509,2000630,2091879,1526128,1551063,242030,276314,37680,38020,131479,154566,4590,4861,58723,67055,1579209,1611526,257063,294556,73449,79560,145837,170218,8690,9166,1655296,1730807,1239092,1251479,225965,258549,13208,14096,127730,150434,3551,3730,45750,52519,1280353,1298764,236822,271809,40070,45846,139925,163584,6854,7153,345334,361072,287036,299584,16065,17765,24472,23924,3749,4132,1039,1131,12973,14536,298856,312762,20241,22747,33379,33714,5912,6634,1836,2013
R,9,2023,55,3982744,1944076,2038668,1481416,1509538,239568,275290,36990,36400,126563,149592,4372,4675,55167,63173,1531116,1566310,253708,292695,70934,75683,139678,164044,8249,8814,1610063,1690214,1203686,1219624,223985,258029,13013,13866,123007,145661,3374,3578,42998,49456,1242307,1263955,234226,270702,38659,43974,134096,157824,6508,6921,334013,348454,277730,289914,15583,17261,23977,22534,3556,3931,998,1097,12169,13717,288809,302355,19482,21993,32275,31709,5582,6220,1741,1893
R,9,2023,56,3969600,1932339,2037261,1485582,1522726,237203,275289,35331,35457,116421,137304,4471,4554,53331,61931,1533762,1578529,250624,292415,68806,74589,128563,150660,8119,8564,1610682,1700304,1217070,1241877,222543,258397,13036,13999,113002,133598,3451,3511,41580,48922,1254538,1285856,232266,271052,38325,44346,123277,144785,6438,6744,321657,336957,268512,280849,14660,16892,22295,21458,3419,3706,1020,1043,11751,13009,279224,292673,18358,21363,30481,30243,5286,5875,1681,1820
R,9,2023,57,4022382,1955482,2066900,1502485,1544888,244229,283572,35106,35586,116231,136525,4419,4683,53012,61646,1549957,1600257,257825,300466,68661,74889,128098,149727,8211,8670,1637624,1734364,1236733,1267457,229436,267210,13314,14372,112947,132915,3423,3631,41771,48779,1274029,1311210,239304,279650,39189,44992,122957,143973,6518,6827,317858,332536,265752,277431,14793,16362,21792,21214,3284,3610,996,1052,11241,12867,275928,289047,18521,20816,29472,29897,5141,5754,1693,1843
R,9,2023,58,4192647,2032206,2160441,1572478,1627286,250062,292319,35280,35828,116243,137122,4355,4720,53788,63166,1620890,1684018,263492,309538,69681,76368,128017,150324,8115,8769,1718628,1830472,1309735,1351309,235720,276044,14006,15226,113021,133590,3386,3700,42760,50603,1348102,1396687,245697,288957,40691,47253,123048,144729,6476,7007,313578,329969,262743,275977,14342,16275,21274,20602,3222,3532,969,1020,11028,12563,272788,287331,17795,20581,28990,29115,4969,5595,1639,1762
R,9,2023,59,4304059,2079615,2224444,1621314,1690432,249645,292873,34674,35245,116191,138283,4100,4547,53691,63064,1669638,1747165,262609,309246,69784,76790,127572,151242,7778,8489,1779928,1903793,1369886,1421306,235926,277037,14196,15620,113235,135025,3240,3550,43445,51255,1408886,1467325,245688,289460,42172,49080,122964,146066,6263,6833,299687,320651,251428,269126,13719,15836,20478,19625,2956,3258,860,997,10246,11809,260752,279840,16921,19786,27612,27710,4608,5176,1515,1656
R,9,2023,60,4307428,2077724,2229704,1624643,1701884,244999,288452,33537,33991,117778,138589,3975,4477,52792,62311,1672169,1757945,257647,304727,68303,75017,128880,151087,7481,8355,1790695,1921143,1383490,1442420,231944,273569,14348,15434,114861,135315,3177,3546,42875,50859,1421997,1488078,241502,286122,42139,48615,124421,145971,6109,6747,287029,308561,241153,259464,13055,14883,19189,18557,2917,3274,798,931,9917,11452,250172,269867,16145,18605,26164,26402,4459,5116,1372,1608
R,9,2023,61,4282218,2061170,2221048,1625985,1711689,239288,283839,31892,33116,108625,127394,4113,4472,51267,60538,1672289,1766212,251219,299410,65771,73497,119413,139376,7532,8185,1787624,1926063,1395293,1463020,227185,270105,13913,15242,105922,124340,3292,3571,42019,49785,1433151,1507766,236291,282112,41254,48186,115297,134626,6185,6631,273546,294985,230692,248669,12103,13734,17979,17874,2703,3054,821,901,9248,10753,239138,258446,14928,17298,24517,25311,4116,4750,1347,1554
R,9,2023,62,4292653,2059803,2232850,1638683,1733273,235233,281173,30595,32445,101211,122015,3857,4173,50224,59771,1683979,1787050,247097,296405,64077,72664,111636,133596,7119,7894,1800762,1950336,1420187,1495159,223698,268013,13780,15494,98715,119157,3100,3323,41282,49190,1457308,1539340,232784,279764,40953,48381,107754,129080,5850,6365,259041,282514,218496,238114,11535,13160,16815,16951,2496,2858,757,850,8942,10581,226671,247710,14313,16641,23124,24283,3882,4516,1269,1529
R,9,2023,63,4273370,2044800,2228570,1622184,1726251,235251,281368,30168,32115,104278,126796,3746,4144,49173,57896,1666546,1778226,246821,296388,62948,70764,114367,138146,6922,7653,1791024,1950072,1408008,1491212,223923,268504,13574,15303,101825,123939,3035,3349,40659,47765,1444596,1533988,232863,280163,40321,46973,110635,133696,5675,6267,253776,278498,214176,235039,11328,12864,16594,16812,2453,2857,711,795,8514,10131,221950,244238,13958,16225,22627,23791,3732,4450,1247,1386
R,9,2023,64,4163071,1983998,2179073,1584112,1697272,224383,272254,28193,30225,97462,120090,3491,3825,46357,55407,1625839,1747189,235037,286270,59288,67686,107104,130684,6439,7088,1751455,1920849,1387741,1479299,214031,260355,13074,14626,95185,117456,2852,3138,38572,45975,1422393,1520595,222372,271365,38552,45510,103662,126618,5340,5834,232543,258224,196371,217973,10352,11899,15119,15599,2277,2634,639,687,7785,9432,203446,226594,12665,14905,20736,22176,3442,4066,1099,1254
R,9,2023,65,4100315,1947186,2153129,1560067,1683324,215723,263656,26043,28735,97909,120782,3312,3628,44132,53004,1599771,1730951,225949,277228,55777,64679,106898,130858,6062,6686,1730010,1907933,1376502,1475766,205857,252482,12420,14242,95814,118303,2703,2969,36714,44171,1409433,1515372,213817,263188,36895,43997,103689,127024,5037,5500,217176,245196,183565,207558,9866,11174,13623,14493,2095,2479,609,659,7418,8833,190338,215579,12132,14040,18882,20682,3209,3834,1025,1186
R,9,2023,66,4056292,1917897,2138395,1542051,1679024,209559,259736,25556,27513,94864,117656,3165,3496,42702,50970,1580521,1724889,219415,272595,54430,62619,103470,126909,5839,6430,1709164,1900091,1365142,1476432,200422,248970,12244,13793,92929,115417,2642,2825,35785,42654,1397289,1514713,208206,259194,36179,43053,100539,123407,4919,5285,208733,238304,176909,202592,9137,10766,13312,13720,1935,2239,523,671,6917,8316,183232,210176,11209,13401,18251,19566,2931,3502,920,1145
R,9,2023,67,3903346,1838850,2064496,1482721,1622071,197734,248598,23754,26018,91619,116032,2962,3320,40060,48457,1518886,1665644,206941,260845,50802,59236,99597,125055,5526,6149,1643284,1838904,1316886,1430189,189124,238304,11452,13280,89742,113750,2441,2754,33639,40627,1347196,1466631,196353,248016,33944,40997,96756,121599,4591,5155,195566,225592,165835,191882,8610,10294,12302,12738,1877,2282,521,566,6421,7830,171690,199013,10588,12829,16858,18239,2841,3456,935,994
R,9,2023,68,3798115,1783969,2014146,1444216,1590513,187185,236817,22563,24672,89547,113626,2818,3243,37640,45275,1478033,1631024,195882,248398,48089,55536,97021,122191,5272,5998,1598037,1798105,1286462,1406457,178936,227089,10942,12469,87794,111541,2339,2653,31564,37896,1314759,1440220,185764,236223,32128,38142,94406,119044,4437,5002,185932,216041,157754,184056,8249,9728,11621,12203,1753,2085,479,590,6076,7379,163274,190804,10118,12175,15961,17394,2615,3147,835,996
R,9,2023,69,3655025,1706599,1948426,1391289,1548109,173969,224618,20410,23040,84265,107045,2580,3058,34086,42556,1421996,1586189,181970,235486,43588,52294,90913,114772,4694,5639,1536995,1747053,1246794,1376119,166456,215689,10180,11914,82733,105048,2140,2508,28692,35775,1272570,1408025,172755,224275,29524,36443,88612,111781,3969,4721,169604,201373,144495,171990,7513,8929,10230,11126,1532,1997,440,550,5394,6781,149426,178164,9215,11211,14064,15851,2301,2991,725,918
R,9,2023,70,3487374,1621156,1866218,1330078,1492820,159418,209423,18748,21017,78792,100332,2385,2734,31735,39892,1358627,1528677,166763,219582,40482,48337,84960,107603,4402,5158,1465328,1678208,1196951,1331658,152607,201093,9506,11155,77410,98629,1997,2276,26857,33397,1221066,1361540,158413,209148,27738,33931,82914,104973,3732,4366,155828,188010,133127,161162,6811,8330,9242,9862,1382,1703,388,458,4878,6495,137561,167137,8350,10434,12744,14406,2046,2630,670,792
R,9,2023,71,3350791,1553002,1797789,1281682,1444597,148059,197903,16980,19652,74744,96282,2255,2616,29282,36739,1308055,1477556,154923,207307,37048,45091,80309,102715,4141,4858,1409272,1622583,1158393,1293919,141821,190274,8828,10521,73449,94695,1908,2169,24873,31005,1180699,1321635,147331,197749,25749,31961,78411,100323,3522,4085,143730,175206,123289,150678,6238,7629,8152,9131,1295,1587,347,447,4409,5734,127356,155921,7592,9558,11299,13130,1898,2392,619,773
R,9,2023,72,3189217,1470756,1718461,1217724,1381986,139589,191124,15813,18469,68246,89836,2001,2430,27383,34616,1242303,1413052,145969,200128,34854,42638,73265,95604,3742,4487,1334916,1552019,1100727,1238775,133803,183947,8285,9852,67102,88356,1713,2004,23286,29085,1121532,1264763,138952,191106,24376,30198,71553,93354,3223,3783,135840,166442,116997,143211,5786,7177,7528,8617,1144,1480,288,426,4097,5531,120771,148289,7017,9022,10478,12440,1712,2250,519,704
R,9,2023,73,3035240,1393141,1642099,1149860,1317810,131566,181054,14842,17249,69246,91381,1900,2183,25727,32422,1172997,1346794,137661,189649,32529,39577,74060,97069,3560,4183,1266225,1482375,1040630,1179947,126124,174088,7848,9270,68128,89935,1609,1841,21886,27294,1060233,1204247,131004,180934,22781,28066,72410,94849,3081,3550,126916,159724,109230,137863,5442,6966,6994,7979,1118,1446,291,342,3841,5128,112764,142547,6657,8715,9748,11511,1650,2220,479,633
R,9,2023,74,2921858,1335005,1586853,1112603,1286405,119269,167066,13710,15795,63960,84935,1792,2073,23671,30579,1133921,1313765,124650,175055,30149,37080,68319,90021,3394,3977,1218748,1439916,1012050,1159060,114525,160855,7400,8641,62893,83620,1520,1745,20360,25995,1030326,1182234,118849,167311,21520,26760,66786,88082,2931,3394,116257,146937,100553,127345,4744,6211,6310,7154,1067,1315,272,328,3311,4584,103595,131531,5801,7744,8629,10320,1533,1939,463,583
R,9,2023,75,2829903,1289293,1540610,1083822,1260097,109643,155897,12490,14802,59624,78818,1608,1956,22106,29040,1103727,1286139,114775,163380,27834,35095,63616,83625,3049,3719,1181017,1402047,989922,1139999,105252,150118,6934,8180,58695,77556,1356,1649,18858,24545,1006844,1161923,109428,156109,19921,25295,62252,81747,2641,3190,108276,138563,93900,120098,4391,5779,5556,6622,929,1262,252,307,3248,4495,96883,124216,5347,7271,7913,9800,1364,1878,408,529
R,9,2023,76,2912557,1325125,1587432,1133362,1325557,101263,144789,12146,14079,54732,72525,1518,1714,22104,28768,1153392,1351553,106125,152138,27851,34464,58484,77007,2901,3382,1223785,1455676,1045195,1210784,97355,139401,6843,7956,53895,71381,1295,1445,19202,24709,1062588,1233060,101345,145377,20453,25501,57236,75311,2535,2923,101340,131756,88167,114773,3908,5388,5303,6123,837,1144,223,269,2902,4059,90804,118493,4780,6761,7398,8963,1248,1696,366,459
R,9,2023,77,2188297,985618,1202679,833314,990498,77978,115137,9347,11587,46959,61957,1302,1537,16718,21963,848447,1010198,81814,120845,20835,26599,49986,65768,2478,3016,899937,1087900,758695,890660,74540,110214,5075,6308,46219,60935,1113,1294,14295,18489,771621,907163,77589,114782,14882,18953,48899,64254,2157,2590,85681,114779,74619,99838,3438,4923,4272,5279,740,1022,189,243,2423,3474,76826,103035,4225,6063,5953,7646,1087,1514,321,426
R,9,2023,78,1991687,888271,1103416,750903,908463,71127,107464,8287,10620,42325,56057,1122,1407,14507,19405,763978,925778,74541,112675,18172,23853,45041,59338,2207,2734,810580,998257,683011,816536,68120,103172,4516,5808,41677,55144,948,1167,12308,16430,694058,831127,70832,107374,12853,16997,44061,58027,1907,2319,77691,105159,67892,91927,3007,4292,3771,4812,648,913,174,240,2199,2975,69920,94651,3709,5301,5319,6856,980,1311,300,415
R,9,2023,79,1895240,837391,1057849,712272,878121,64087,98884,7644,9670,38904,51461,971,1282,13513,18431,724419,894539,67360,103988,16916,22295,41321,54480,1947,2565,768233,960961,651727,793283,61351,95030,4277,5290,38404,50614,838,1066,11636,15678,662156,807187,64007,99193,12258,16046,40565,53248,1696,2198,69158,96888,60545,84838,2736,3854,3367,4380,500,847,133,216,1877,2753,62263,87352,3353,4795,4658,6249,756,1232,251,367
R,9,2023,80,1900930,832962,1067968,717362,898915,60045,95304,6913,9154,35137,45804,869,1124,12636,17667,728782,914723,63050,100082,15630,21375,37331,48604,1807,2325,768816,976069,660992,818550,57575,91522,3974,5001,34603,45075,749,935,10923,14986,670852,831905,60019,95339,11521,15432,36540,47476,1571,2002,64146,91899,56370,80365,2470,3782,2939,4153,534,729,120,189,1713,2681,57930,82818,3031,4743,4109,5943,791,1128,236,323
R,9,2023,81,1618459,700844,917615,598593,766195,51849,83564,5993,8039,32714,43843,760,1049,10935,14925,608420,779558,54413,87613,13520,18352,34708,46282,1530,2007,644555,836293,549111,694707,49669,80411,3430,4427,32300,43183,643,869,9402,12696,557539,706006,51758,83687,9874,13224,34085,45322,1318,1720,56289,81322,49482,71488,2180,3153,2563,3612,414,660,117,180,1533,2229,50881,73552,2655,3926,3646,5128,623,960,212,287
R,9,2023,82,1420586,606172,814414,516870,678415,44855,75440,5324,7140,28997,39016,704,892,9422,13511,525380,690463,47132,79152,11747,16459,30743,41269,1354,1780,555962,740616,472657,613421,42929,72617,3108,3997,28627,38419,606,742,8035,11420,479898,623573,44737,75588,8585,11887,30171,40358,1162,1514,50210,73798,44213,64994,1926,2823,2216,3143,370,597,98,150,1387,2091,45482,66890,2395,3564,3162,4572,572,911,192,266
R,9,2023,83,1271351,533562,737789,452637,612723,40156,69402,4779,6581,27085,36339,616,837,8289,11907,460038,623299,42226,72794,10367,14607,28679,38317,1203,1664,487673,668333,412193,551541,38398,66618,2715,3641,26717,35780,510,681,7140,10072,418556,560420,40083,69363,7485,10442,28151,37522,1032,1410,45889,69456,40444,61182,1758,2784,2064,2940,368,559,106,156,1149,1835,41482,62879,2143,3431,2882,4165,528,795,171,254
R,9,2023,84,1137572,472166,665406,402375,555705,34432,60609,4089,5874,23726,31843,461,738,7083,10637,408737,565139,36180,63578,8814,13050,25081,33634,983,1496,431636,603163,366615,500721,32840,58127,2285,3284,23437,31355,367,624,6092,9052,372067,508706,34251,60519,6335,9407,24657,32923,840,1294,40530,62243,35760,54984,1592,2482,1804,2590,289,488,94,114,991,1585,36670,56433,1929,3059,2479,3643,424,711,143,202
R,9,2023,85,1036336,423308,613028,361687,513346,30025,54911,3563,5405,21088,29226,473,647,6472,9493,367497,521804,31604,57636,7883,11694,22358,30865,937,1285,387697,556681,330096,463561,28698,52660,2102,3078,20797,28811,398,521,5606,8050,335124,470687,29975,54887,5855,8426,21931,30239,800,1085,35611,56347,31591,49785,1327,2251,1461,2327,291,415,75,126,866,1443,32373,51117,1629,2749,2028,3268,427,626,137,200
R,9,2023,86,901496,361888,539608,308906,451638,25624,48273,3011,4629,18386,26064,376,594,5585,8410,313955,459041,27065,50737,6721,10095,19456,27615,780,1225,330995,489410,281431,407251,24493,46291,1747,2566,18158,25666,322,482,4844,7154,285800,413497,25657,48331,4969,7212,19123,27030,684,1042,30893,50198,27475,44387,1131,1982,1264,2063,228,398,54,112,741,1256,28155,45544,1408,2406,1752,2883,333,585,96,183
R,9,2023,87,796795,314619,482176,268554,403933,22316,43340,2620,4078,15949,23057,294,491,4886,7277,272941,410352,23596,45516,5733,8832,16945,24382,674,1009,287775,437606,244709,364421,21321,41641,1520,2281,15754,22708,243,412,4228,6143,248489,369803,22379,43415,4185,6288,16650,23874,588,866,26844,44570,23845,39512,995,1699,1100,1797,195,349,51,79,658,1134,24452,40549,1217,2101,1548,2544,295,508,86,143
R,9,2023,88,711107,274649,436458,235316,366152,19034,38701,2291,3718,13690,20780,286,436,4032,6671,238915,372023,20098,40584,4839,8048,14530,22036,612,927,251118,396143,214357,330400,18175,37162,1337,2072,13526,20449,242,359,3481,5701,217445,335392,19050,38689,3521,5807,14287,21554,536,793,23531,40315,20959,35752,859,1539,954,1646,164,331,44,77,551,970,21470,36631,1048,1895,1318,2241,243,482,76,134
R,9,2023,89,593657,225467,368190,193157,309017,15533,32578,1851,3053,11319,17667,265,376,3342,5499,196161,313865,16397,34195,3953,6583,12037,18750,512,788,206122,334665,175901,279236,14848,31274,1077,1718,11182,17398,219,318,2895,4721,178490,283377,15562,32589,2882,4745,11828,18368,433,691,19345,33525,17256,29781,685,1304,774,1335,137,269,46,58,447,778,17671,30488,835,1606,1071,1838,209,382,79,97
R,9,2023,90,510973,189401,321572,162563,270205,12748,27764,1518,2621,9553,15896,190,337,2829,4749,165106,274336,13456,29132,3289,5665,10186,16834,411,742,173654,292933,148523,244690,12178,26647,902,1550,9437,15667,161,285,2453,4094,150715,248239,12763,27774,2423,4167,10017,16511,362,652,15747,28639,14040,25515,570,1117,616,1071,116,229,29,52,376,655,14391,26097,693,1358,866,1498,169,323,49,90
R,9,2023,91,444053,160126,283927,137866,239701,10428,23766,1240,2293,7976,13658,155,317,2461,4192,140059,243349,11088,25047,2756,4943,8524,14481,374,667,146815,258903,125966,217379,9975,22830,712,1338,7870,13459,132,266,2160,3631,127889,220522,10548,23911,2022,3629,8366,14196,329,579,13311,25024,11900,22322,453,936,528,955,106,199,23,51,301,561,12170,22827,540,1136,734,1314,158,285,45,88
R,9,2023,92,374492,132012,242480,114245,206067,8177,19461,1035,1885,6482,11396,130,239,1943,3432,115984,209015,8717,20507,2188,4070,6948,12080,294,536,120904,221430,104323,187282,7802,18663,582,1071,6401,11253,111,201,1685,2960,105835,189800,8258,19532,1570,2960,6807,11862,250,466,11108,21050,9922,18785,375,798,453,814,81,143,19,38,258,472,10149,19215,459,975,618,1110,141,218,44,70
R,9,2023,93,320145,109018,211127,94081,178783,6839,17087,860,1558,5590,10436,105,216,1543,3047,95448,181428,7261,17964,1796,3499,5942,11056,251,493,99922,192767,85907,162371,6541,16392,513,898,5525,10304,90,186,1346,2616,87091,164612,6892,17113,1318,2564,5851,10860,224,435,9096,18360,8174,16412,298,695,347,660,65,132,15,30,197,431,8357,16816,369,851,478,935,91,196,27,58
R,9,2023,94,250105,82204,167901,70987,142628,5017,13383,657,1156,4218,8152,79,177,1246,2405,72077,144695,5381,14156,1431,2628,4504,8639,200,402,75309,153827,64848,130080,4779,12825,381,680,4160,8030,65,153,1076,2059,65790,131832,5074,13478,1041,1916,4418,8466,172,353,6895,14074,6139,12548,238,558,276,476,58,122,14,24,170,346,6287,12863,307,678,390,712,86,173,28,49
R,9,2023,95,199378,62996,136382,54346,115816,3899,10782,517,1007,3197,6696,63,126,974,1955,55196,117479,4180,11394,1101,2217,3428,7117,151,317,57760,125257,49671,105952,3713,10320,303,593,3172,6595,53,108,848,1689,50410,107372,3947,10835,807,1639,3386,6970,129,281,5236,11125,4675,9864,186,462,214,414,25,101,10,18,126,266,4786,10107,233,559,294,578,42,147,22,36
R,9,2023,96,154126,46869,107257,40261,90994,2950,8501,342,778,2490,5371,46,109,780,1504,40947,92272,3191,8961,780,1715,2673,5684,117,261,43117,98842,36879,83482,2839,8152,210,483,2465,5300,39,94,685,1331,37481,84610,3044,8548,589,1309,2634,5585,99,231,3752,8415,3382,7512,111,349,132,295,25,71,7,15,95,173,3466,7662,147,413,191,406,39,99,18,30
R,9,2023,97,115222,33853,81369,28884,68844,2247,6538,269,588,1850,4119,39,96,564,1184,29369,69848,2403,6940,591,1302,2003,4361,107,217,31094,75045,26417,63198,2160,6290,163,374,1828,4065,32,82,494,1036,26840,64070,2286,6628,444,989,1968,4281,91,191,2759,6324,2467,5646,87,248,106,214,22,54,7,14,70,148,2529,5778,117,312,147,313,35,80,16,26
R,9,2023,98,83688,23403,60285,19782,50723,1575,4908,205,462,1424,3158,27,66,390,968,20107,51518,1682,5261,432,1015,1534,3368,78,175,21529,55644,18132,46611,1506,4711,130,291,1406,3121,22,58,333,852,18411,47309,1595,5012,318,772,1504,3304,66,150,1874,4641,1650,4112,69,197,75,171,18,37,5,8,57,116,1696,4209,87,249,114,243,30,64,12,25
R,9,2023,99,58624,15719,42905,13092,35970,1140,3583,143,331,1054,2341,16,49,274,631,13330,36478,1224,3799,297,706,1127,2488,41,124,14376,39669,11904,33080,1089,3444,91,225,1040,2320,14,44,238,556,12111,33523,1160,3630,220,551,1107,2454,35,109,1343,3236,1188,2890,51,139,52,106,14,21,2,5,36,75,1219,2955,64,169,77,155,20,34,6,15
R,9,2023,100,103089,25558,77531,20346,62903,2137,7450,336,697,2050,4944,71,122,618,1415,20842,64034,2396,7989,642,1478,2237,5291,181,319,23184,71760,18308,57864,2047,7156,222,492,2018,4890,53,104,536,1254,18743,58861,2270,7625,483,1184,2177,5193,144,269,2374,5771,2038,5039,90,294,114,205,32,54,18,18,82,161,2099,5173,126,364,159,294,60,98,37,50
R,10,2023,999,337638656,165676258,171962398,121535693,124491441,21709927,23783593,3421337,3335576,10763072,11770981,459749,460550,7786480,8120257,128689403,131938170,24714908,26962701,6664970,6827799,13189106,14206085,973591,973843,132254808,138292364,95029365,97701759,19690349,21718209,1148270,1183765,10315246,11315880,339968,339755,5731610,6032996,100300549,103239258,21842473,24019594,3336292,3598673,12238255,13246657,712268,712035,33421450,33670034,26506328,26789682,2019578,2065384,2273067,2151811,447826,455101,119781,120795,2054870,2087261,28388854,28698912,2872435,2943107,3328678,3229126,950851,959428,261323,261808
R,10,2023,0,3625950,1854881,1771069,1207042,1149981,296362,287244,47029,45043,113962,106690,6844,6718,183642,175393,1379033,1313979,385580,373178,98313,94191,178627,167979,17421,16784,1313672,1251104,819919,778212,249810,242431,11721,11337,103325,96511,4605,4458,124292,118155,936959,889345,309836,300226,40463,38532,150381,140911,11149,10501,541209,519965,387123,371769,46552,44813,35308,33706,10637,10179,2239,2260,59350,57238,442074,424634,75744,72952,57850,55659,28246,27068,6272,6283
R,10,2023,1,3710301,1894155,1816146,1231673,1178412,304829,295882,46007,44385,119186,112628,7184,6820,185276,178019,1405188,1344854,394769,382978,97502,93976,184641,175134,17827,17008,1352354,1293716,841751,802491,258639,251392,12149,11588,108546,102468,4815,4446,126454,121331,960800,916573,319586,310588,41304,39421,156625,148302,11475,10668,541801,522430,389922,375921,46190,44490,33858,32797,10640,10160,2369,2374,58822,56688,444388,428281,75183,72390,56198,54555,28016,26832,6352,6340
R,10,2023,2,3680953,1881187,1799766,1223782,1166376,305652,297030,43480,41831,118464,112301,6688,6348,183121,175880,1395278,1330810,394516,383020,94336,90729,183200,174176,17203,16397,1365190,1300933,852475,807058,262021,254724,12326,11831,108769,102865,4524,4267,125075,120188,970214,920055,322237,313270,41116,39348,156424,148413,11118,10433,515997,498833,371307,359318,43631,42306,31154,30000,9695,9436,2164,2081,58046,55692,425064,410755,72279,69750,53220,51381,26776,25763,6085,5964
R,10,2023,3,3749601,1916210,1833391,1252727,1193941,305069,296460,44884,43081,123436,117299,6734,6352,183360,176258,1424467,1358783,394183,382762,95547,91822,188303,179311,17241,16389,1401031,1338805,878525,834514,263876,256843,13629,13113,113955,108064,4698,4394,126348,121877,997461,949116,324809,316331,42647,40981,162052,154161,11360,10634,515179,494586,374202,359427,41193,39617,31255,29968,9481,9235,2036,1958,57012,54381,427006,409667,69374,66431,52900,50841,26251,25150,5881,5755
R,10,2023,4,3821259,1950467,1870792,1284678,1226755,305026,298213,46310,44443,124439,118587,7129,6783,182885,176011,1455912,1391324,393421,383866,97001,93298,189263,180653,17790,16874,1437475,1375795,910175,864487,265185,260032,14837,14429,115140,109559,4984,4843,127154,122445,1029794,979518,326213,319556,44170,42623,163641,155804,11809,11231,512992,494997,374503,362268,39841,38181,31473,30014,9299,9028,2145,1940,55731,53566,426118,411806,67208,64310,52831,50675,25622,24849,5981,5643
R,10,2023,5,3878522,1979860,1898662,1309578,1250665,309519,302034,47826,46227,124458,119141,7296,6748,181183,173847,1479184,1413151,396684,386141,98643,94924,188404,180367,18036,16803,1463103,1400449,930702,885210,269984,264148,15221,14737,115322,110260,5168,4812,126706,121282,1049851,999102,330770,322826,44712,42785,163383,156064,12062,11219,516757,498213,378876,365455,39535,37886,32605,31490,9136,8881,2128,1936,54477,52565,429333,414049,65914,63315,53931,52139,25021,24303,5974,5584
R,10,2023,6,3942606,2015252,1927354,1336113,1272789,313419,305027,48953,47079,128985,122888,7508,6866,180274,172705,1504594,1434023,399117,388273,100297,96408,192746,183275,18369,17037,1490259,1420577,948099,899007,274232,266945,16111,15280,119864,114053,5389,4888,126564,120404,1066923,1012003,334204,325020,46117,43748,167937,159165,12440,11332,524993,506777,388014,373782,39187,38082,32842,31799,9121,8835,2119,1978,53710,52301,437671,422020,64913,63253,54180,52660,24809,24110,5929,5705
R,10,2023,7,4042426,2064072,1978354,1380556,1316784,314142,307110,51000,49109,129910,124264,7459,7096,181005,173991,1549634,1479195,399216,389902,103802,99959,193569,184918,18407,17510,1523973,1458569,980463,931205,274441,268762,16360,16176,120546,115404,5305,5077,126858,121945,1099554,1045624,334055,326933,47163,45916,168362,160847,12333,11752,540099,519785,400093,385579,39701,38348,34640,32933,9364,8860,2154,2019,54147,52046,450080,433571,65161,62969,56639,54043,25207,24071,6074,5758
R,10,2023,8,4068328,2078692,1989636,1393387,1327672,317654,309086,50838,49832,130373,123894,7375,7178,179065,171974,1560699,1488134,401415,390766,103873,100701,193000,183374,18106,17402,1537220,1466634,989430,938532,278220,270657,16815,16126,121250,115137,5280,5083,126225,121099,1107930,1052075,337273,328462,48124,45898,168474,159949,12251,11692,541472,523002,403957,389140,39434,38429,34023,33706,9123,8757,2095,2095,52840,50875,452769,436059,64142,62304,55749,54803,24526,23425,5855,5710
R,10,2023,9,4073367,2082703,1990664,1399859,1331469,317045,308477,51457,49670,130865,124466,7399,7136,176078,169446,1564378,1489587,398818,388616,104465,100689,192225,182487,17974,17181,1543606,1471818,996870,944687,277858,270010,16907,16291,121812,115989,5293,5066,124866,119775,1114087,1057007,335876,327045,48444,46434,168366,159762,12233,11637,539097,518846,402989,386782,39187,38467,34550,33379,9053,8477,2106,2070,51212,49671,450291,432580,62942,61571,56021,54255,23859,22725,5741,5544
R,10,2023,10,4050541,2069274,1981267,1390841,1327557,315613,307376,51934,49408,131459,124650,7484,7105,171943,165171,1551317,1481469,394946,384593,104524,100266,191235,181222,17935,17054,1534225,1464970,990192,940616,276857,269745,16924,16250,122616,116126,5305,4985,122331,117248,1104956,1050420,333389,324975,48333,46540,168095,158949,12162,11468,535049,516297,400649,386941,38756,37631,35010,33158,8843,8524,2179,2120,49612,47923,446361,431049,61557,59618,56191,53726,23140,22273,5773,5586
R,10,2023,11,4073581,2081812,1991769,1403288,1337986,317264,307226,52984,50993,131836,125029,7432,7045,169008,163490,1560827,1490283,394804,382832,105896,102251,190006,180746,17732,16894,1541355,1470737,997170,946224,278540,270018,17020,16439,122981,116729,5239,4955,120405,116372,1109994,1055107,333995,324202,48768,47148,167264,159128,12039,11499,540457,521032,406118,391762,38724,37208,35964,34554,8855,8300,2193,2090,48603,47118,450833,435176,60809,58630,57128,55103,22742,21618,5693,5395
R,10,2023,12,4134074,2116254,2017820,1431917,1360050,324058,313304,53562,51718,129756,122634,7473,7194,169488,162920,1589869,1511707,401367,388092,107621,103722,187522,177988,17812,17144,1562220,1486185,1013467,959375,284629,275393,17212,16411,120773,114204,5265,5000,120874,115802,1126659,1067620,340117,329016,49798,47597,164708,156212,12150,11530,554034,531635,418450,400675,39429,37911,36350,35307,8983,8430,2208,2194,48614,47118,463210,444087,61250,59076,57823,56125,22814,21776,5662,5614
R,10,2023,13,4210648,2153377,2057271,1462457,1392660,329465,317719,54567,51807,128528,123053,7329,7125,171031,164907,1621892,1546291,407035,393461,110136,105327,186038,178028,17707,17123,1582819,1509897,1026249,973967,291246,280532,17215,16942,119917,114932,5159,4966,123033,118558,1141470,1084870,347270,335369,51171,49669,164137,157119,12164,11647,570558,547374,436208,418693,38219,37187,37352,34865,8611,8121,2170,2159,47998,46349,480422,461421,59765,58092,58965,55658,21901,20909,5543,5476
R,10,2023,14,4268224,2182547,2085677,1489067,1415835,333620,323328,54180,52313,127854,122863,7482,7107,170344,164231,1647627,1568691,410716,399383,109682,105387,185175,176913,17828,17105,1601393,1528167,1040103,985541,295385,286024,17785,17244,119457,114876,5233,4825,123430,119657,1155494,1097365,351960,341958,51909,50357,163832,156812,12217,11637,581154,557510,448964,430294,38235,37304,36395,35069,8397,7987,2249,2282,46914,44574,492133,471326,58756,57425,57773,55030,21343,20101,5611,5468
R,10,2023,15,4424715,2263879,2160836,1548750,1469931,345849,333848,56338,53816,132948,127435,7401,7069,172593,168737,1709199,1626840,424135,411304,112982,110024,190266,182446,18259,17142,1658819,1582316,1078677,1021535,306141,296287,18437,17703,124271,119126,5064,4820,126229,122845,1196439,1136230,364075,353588,53923,52780,168994,161640,12492,11694,605060,578520,470073,448396,39708,37561,37901,36113,8677,8309,2337,2249,46364,45892,512760,490610,60060,57716,59059,57244,21272,20806,5767,5448
R,10,2023,16,4454655,2279667,2174988,1566298,1487932,345185,332679,57827,55419,132232,126134,7413,7242,170712,165582,1724981,1641647,421605,407688,116291,111694,187995,179992,18001,17489,1667427,1589393,1089886,1032826,305769,295039,18577,17955,123622,117905,5004,4945,124569,120723,1206122,1145447,362051,350415,55246,53161,167009,159623,12251,11880,612240,585595,476412,455106,39416,37640,39250,37464,8610,8229,2409,2297,46143,44859,518859,496200,59554,57273,61045,58533,20986,20369,5750,5609
R,10,2023,17,4410035,2260122,2149913,1560146,1475839,337937,325348,58150,54833,131508,126714,7383,6997,164998,160182,1713356,1624545,410548,396661,115570,110200,185687,178837,17539,16770,1654120,1574040,1088114,1027029,299623,288663,18207,17608,122894,118787,5016,4715,120266,117238,1200289,1136371,352885,341638,54130,52549,165381,159374,11978,11410,606002,575873,472032,448810,38314,36685,39943,37225,8614,7927,2367,2282,44732,42944,513067,488174,57663,55023,61440,57651,20306,19463,5561,5360
R,10,2023,18,4406337,2259189,2147148,1565403,1476385,332479,319886,58393,55510,136099,133392,7483,7222,159332,154753,1713379,1619868,401189,387877,115023,110263,188376,183734,17153,16703,1655437,1576926,1093684,1030623,294560,284307,18136,17526,127951,125747,5137,4996,115969,113727,1201839,1136465,344960,334878,53777,52272,168808,165300,11733,11562,603752,570222,471719,445762,37919,35579,40257,37984,8148,7645,2346,2226,43363,41026,511540,483403,56229,52999,61246,57991,19568,18434,5420,5141
R,10,2023,19,4421232,2268277,2152955,1575345,1485034,330499,317883,58494,53550,141155,138841,7596,7119,155188,150528,1719145,1624664,396519,382892,114361,107876,192461,187733,17380,16368,1670125,1589776,1106006,1042998,293885,283056,18187,17151,133004,131198,5207,4954,113836,110419,1211876,1145713,342323,331208,53882,51805,173528,169700,12035,11349,598152,563179,469339,442036,36614,34827,40307,36399,8151,7643,2389,2165,41352,40109,507269,478951,54196,51684,60479,56071,18933,18033,5345,5019
R,10,2023,20,4418370,2266658,2151712,1577894,1486717,329497,317975,58602,53174,142165,140348,7625,7056,150875,146442,1717715,1622360,392674,380307,114426,107042,191456,188011,16986,15974,1672847,1593344,1111909,1047692,292947,283502,17876,16788,134341,132823,5234,4964,110540,107575,1214731,1147696,339599,329696,53483,51325,173148,170274,11700,11263,593811,558368,465985,439025,36550,34473,40726,36386,7824,7525,2391,2092,40335,38867,502984,474664,53075,50611,60943,55717,18308,17737,5286,4711
R,10,2023,21,4479435,2285763,2193672,1588849,1513675,339426,333169,58362,53317,147464,144861,7536,7303,144126,141347,1722170,1643954,398921,393449,112536,105650,194501,190478,16710,16210,1691684,1632447,1120699,1071066,302573,297809,17837,17003,139710,137380,5317,5210,105548,103979,1218554,1167212,346540,342595,52418,50597,176682,173310,11783,11487,594079,561225,468150,442609,36853,35360,40525,36314,7754,7481,2219,2093,38578,37368,503616,476742,52381,50854,60118,55053,17819,17168,4927,4723
R,10,2023,22,4699926,2381922,2318004,1649940,1597478,358165,355934,57853,53453,167945,165147,7948,7846,140071,138146,1778552,1724649,416465,414922,109907,103468,214116,210597,17455,17078,1782401,1748485,1176831,1146392,319427,319559,17834,17644,160013,157321,5643,5634,102653,101935,1271307,1240419,362266,363467,51165,49680,196504,193514,12318,12259,599521,569519,473109,451086,38738,36375,40019,35809,7932,7826,2305,2212,37418,36211,507245,484230,54199,51455,58742,53788,17612,17083,5137,4819
R,10,2023,23,4834191,2448401,2385790,1697446,1643175,367704,368256,58656,53518,181542,178440,8451,8140,134602,134261,1821067,1766305,423078,425446,109094,101897,225956,223067,17570,17126,1846186,1814603,1220528,1189765,329126,331387,18154,17500,173560,170435,6209,5831,98609,99685,1311286,1281413,369745,374116,50200,48674,208854,206169,12762,12255,602215,571187,476918,453410,38578,36869,40502,36018,7982,8005,2242,2309,35993,34576,509781,484892,53333,51330,58894,53223,17102,16898,4808,4871
R,10,2023,24,4689801,2379301,2310500,1662106,1602675,347583,348036,56071,50902,177641,173316,8277,7853,127623,127718,1779077,1719808,399678,402387,104360,97437,219528,215326,17121,16312,1800184,1761535,1202053,1165959,311120,312708,17297,16706,169895,165687,6124,5602,93695,94873,1288101,1253183,349534,353315,48209,46829,203212,199310,12420,11587,579117,548965,460053,436716,36463,35328,38774,34196,7746,7629,2153,2251,33928,32845,490976,466625,50144,49072,56151,50608,16316,16016,4701,4725
R,10,2023,25,4588155,2327172,2260983,1626314,1565151,337948,338522,54965,49912,177153,175605,8092,7818,122700,123975,1738650,1679077,387570,390658,101948,95750,217153,215848,16523,15890,1763389,1726103,1178685,1139477,302501,304568,16608,15823,169470,167935,5871,5575,90254,92725,1261392,1224923,339103,343818,46632,45627,201546,200468,11976,11441,563783,534880,447629,425674,35447,33954,38357,34089,7683,7670,2221,2243,32446,31250,477258,454154,48467,46840,55316,50123,15607,15380,4547,4449
R,10,2023,26,4443335,2252770,2190565,1576645,1514335,322399,323753,52760,48148,177200,178250,7663,7390,116103,118689,1683019,1623213,368545,372742,97722,92969,215429,216889,15486,14984,1705600,1671938,1140991,1100849,288444,291532,15638,15026,169893,170880,5579,5361,85055,88290,1219085,1181968,322061,328122,44282,43956,200559,202242,11247,10865,547170,518627,435654,413486,33955,32221,37122,33122,7307,7370,2084,2029,31048,30399,463934,441245,46484,44620,53440,49013,14870,14647,4239,4119
R,10,2023,27,4411732,2233494,2178238,1565882,1504778,314249,319411,53427,47942,178527,182391,7666,7177,113743,116539,1669896,1611427,358651,366954,98240,92637,215700,220328,15622,14876,1691208,1663904,1135086,1095187,280750,287577,15356,14562,171208,174928,5599,5329,83209,86321,1211401,1174349,312979,323064,43638,43130,201270,205600,11361,10920,542286,514334,430796,409591,33499,31834,38071,33380,7319,7463,2067,1848,30534,30218,458495,437078,45672,43890,54602,49507,14430,14728,4261,3956
R,10,2023,28,4453979,2249535,2204444,1579237,1522624,319724,327541,53873,48333,177790,183841,7683,7385,111228,114720,1680735,1627426,362916,374259,98281,93055,214046,220532,15493,15223,1707174,1686208,1148554,1110214,285736,294243,15534,14902,170374,176360,5639,5495,81337,84994,1222821,1188035,317026,328738,43819,43800,199731,206207,11348,11205,542361,518236,430683,412410,33988,33298,38339,33431,7416,7481,2044,1890,29891,29726,457914,439391,45890,45521,54462,49255,14315,14325,4145,4018
R,10,2023,29,4460108,2246309,2213799,1576137,1524553,322086,335746,52900,48511,178424,183876,7513,7400,109249,113713,1675556,1628429,363727,381166,97606,94195,213809,220029,15482,15061,1712971,1700410,1152523,1116466,288870,302937,15362,14738,171111,176626,5546,5407,79559,84236,1224944,1193496,318941,336438,43564,44425,199869,206054,11399,11067,533338,513389,423614,408087,33216,32809,37538,33773,7313,7250,1967,1993,29690,29477,450612,434933,44786,44728,54042,49770,13940,13975,4083,3994
R,10,2023,30,4529285,2277563,2251722,1600308,1547926,328022,346308,54005,49564,181697,188244,7749,7330,105782,112350,1696382,1650345,367842,390882,97392,95887,216379,223511,15580,14909,1745919,1738146,1177303,1140060,294935,313225,15830,15402,174621,180891,5712,5332,77518,83236,1247797,1216117,323673,345838,43560,45795,202846,209623,11481,10893,531644,513576,423005,407866,33087,33083,38175,34162,7076,7353,2037,1998,28264,29114,448585,434228,44169,45044,53832,50092,13533,13888,4099,4016
R,10,2023,31,4599146,2309393,2289753,1629042,1579697,329259,349492,54894,50365,182891,191064,7444,7313,105863,111822,1725422,1681766,367901,392095,100116,97863,216828,226092,15166,14835,1776270,1773773,1204741,1169119,296085,316260,16512,15958,175900,183949,5541,5367,77491,83120,1275321,1245097,323716,347373,45668,47509,203582,212617,11243,10867,533123,515980,424301,410578,33174,33232,38382,34407,6991,7115,1903,1946,28372,28702,450101,436669,44185,44722,54448,50354,13246,13475,3923,3968
R,10,2023,32,4690415,2345503,2344912,1658344,1617501,333990,360720,55170,50369,186534,196854,7911,7429,103554,112039,1751979,1719254,371376,403164,99708,98355,220149,232353,15829,15267,1816252,1831478,1238115,1211016,300595,326243,16797,16407,179400,189477,5913,5542,75432,82793,1306422,1286321,327145,356829,45284,47963,206761,218462,11785,11429,529251,513434,420229,406485,33395,34477,38373,33962,7134,7377,1998,1887,28122,29246,445557,432933,44231,46335,54424,50392,13388,13891,4044,3838
R,10,2023,33,4761622,2380455,2381167,1689732,1647200,336052,363068,55631,50973,189453,201263,7679,7636,101908,111027,1782143,1748473,371758,403752,100187,100515,222831,235537,15391,15167,1850493,1867445,1268127,1240120,302752,328685,16929,16644,182477,194131,5706,5658,74502,82207,1335770,1315233,327749,357798,45677,49676,209887,222175,11463,11284,529962,513722,421605,407080,33300,34383,38702,34329,6976,7132,1973,1978,27406,28820,446373,433240,44009,45954,54510,50839,12944,13362,3928,3883
R,10,2023,34,4638030,2317258,2320772,1647221,1604130,324613,353096,52977,49659,187173,201350,7448,7039,97826,105498,1736035,1699820,358203,391216,96763,97364,218713,234204,14674,14373,1815123,1831017,1247509,1215125,293393,320717,16309,16487,180587,194650,5614,5286,71711,78752,1312552,1286523,316915,348049,44718,48742,206680,221892,11147,10903,502135,489755,399712,389005,31220,32379,36668,33172,6586,6700,1834,1753,26115,26746,423483,413297,41288,43167,52045,48622,12033,12312,3527,3470
R,10,2023,35,4576786,2277140,2299646,1628991,1599867,311069,342730,53064,49239,182762,198150,7158,7104,94096,102556,1714257,1693053,342593,379205,95321,96511,213353,229748,14227,14097,1781424,1814075,1233581,1213830,281140,311178,16291,15912,176128,191566,5375,5306,68909,76283,1296019,1283259,303251,337062,43576,47848,201478,217597,10720,10623,495716,485571,395410,386037,29929,31552,36773,33327,6634,6584,1783,1798,25187,26273,418238,409794,39342,42143,51745,48663,11875,12151,3507,3474
R,10,2023,36,4482145,2232624,2249521,1606307,1571446,300434,330497,51442,47665,177469,193479,7201,6882,89771,99552,1687505,1661959,330135,365491,93032,94276,206188,224048,14110,13635,1750314,1776328,1220912,1194701,271410,300219,15448,15351,171137,187038,5380,5112,66027,73907,1280504,1261928,292305,325016,42602,46816,195008,212363,10717,10225,482310,473193,385395,376745,29024,30278,35994,32314,6332,6441,1821,1770,23744,25645,407001,400031,37830,40475,50430,47460,11180,11685,3393,3410
R,10,2023,37,4503903,2242472,2261431,1621215,1588986,297886,327976,51297,48457,176661,192420,7137,6840,88276,96752,1701177,1676691,326451,360993,92416,95463,205224,221434,14052,13450,1759944,1789406,1234921,1212493,268950,298108,15460,15500,170339,186109,5387,5071,64887,72125,1293731,1277874,288646,321562,42483,47659,193975,210177,10622,10105,482528,472025,386294,376493,28936,29868,35837,32957,6322,6311,1750,1769,23389,24627,407446,398817,37805,39431,49933,47804,11249,11257,3430,3345
R,10,2023,38,4512553,2246229,2266324,1629608,1595854,295124,326435,51606,48110,175459,193283,6976,6881,87456,95761,1708766,1682906,322794,358170,93908,95472,203000,221790,13613,13527,1765456,1796778,1244606,1220409,267383,297525,14985,15560,169281,186988,5259,5217,63942,71079,1302432,1285054,286377,319606,42782,48030,192192,210571,10312,10298,480773,469546,385002,375445,27741,28910,36621,32550,6178,6295,1717,1664,23514,24682,406334,397852,36417,38564,51126,47442,10808,11219,3301,3229
R,10,2023,39,4406103,2187973,2218130,1589616,1564487,283922,316813,50377,47399,173718,190984,6755,6650,83585,91797,1665165,1647536,309600,346902,91333,93781,200134,218231,13363,13172,1721927,1757220,1215937,1195048,257402,288952,14843,15182,167648,184968,5060,4974,61037,68096,1271019,1256679,275017,309884,41749,46970,189507,207473,10137,9952,466046,460910,373679,369439,26520,27861,35534,32217,6070,6016,1695,1676,22548,23701,394146,390857,34583,37018,49584,46811,10627,10758,3226,3220
R,10,2023,40,4395928,2178750,2217178,1587087,1565498,282857,315863,50722,47974,169649,189845,6596,6650,81839,91348,1660950,1648029,308034,345191,91678,95419,194848,216280,12956,13087,1715522,1755532,1215335,1195212,256271,288252,14926,15209,163919,183968,4982,4968,60089,67923,1269473,1256529,273615,308769,42168,48032,184810,205816,9851,9912,463228,461646,371752,370286,26586,27611,35796,32765,5730,5877,1614,1682,21750,23425,391477,391500,34419,36422,49510,47387,10038,10464,3105,3175
R,10,2023,41,4411136,2180591,2230545,1592557,1578208,283043,317761,50523,48117,167229,189153,6422,6662,80817,90644,1665589,1660127,307792,346887,91552,95825,191640,214806,12750,13012,1717015,1763703,1219813,1202779,256711,290002,14928,15135,161507,183213,4757,4943,59299,67631,1273291,1263923,273849,310430,42305,48408,181684,204359,9659,9807,463576,466842,372744,375429,26332,27759,35595,32982,5722,5940,1665,1719,21518,23013,392298,396204,33943,36457,49247,47417,9956,10447,3091,3205
R,10,2023,42,4338428,2142561,2195867,1571152,1559777,278107,312497,49483,47377,158894,181892,6307,6247,78618,88077,1641912,1639377,301775,340697,90246,94396,182164,206420,12399,12388,1691913,1738652,1208657,1191926,252888,285645,14439,14901,153400,176096,4665,4605,57864,65479,1260643,1251157,269303,305393,41839,47553,172688,196315,9335,9219,450648,457215,362495,367851,25219,26852,35044,32476,5494,5796,1642,1642,20754,22598,381269,388220,32472,35304,48407,46843,9476,10105,3064,3169
R,10,2023,43,4380131,2165834,2214297,1586006,1569441,286871,321999,50645,47824,157220,180419,6541,6494,78551,88120,1656728,1648984,310659,350084,91826,95650,180088,204351,12615,12687,1703784,1750824,1213120,1195806,261703,294923,14906,15067,151548,174632,4846,4817,57661,65579,1264896,1254915,278093,314645,42661,48475,170455,194382,9569,9567,462050,463473,372886,373635,25168,27076,35739,32757,5672,5787,1695,1677,20890,22541,391832,394069,32566,35439,49165,47175,9633,9969,3046,3120
R,10,2023,44,4178641,2060356,2118285,1511595,1503586,271748,306723,47493,45598,149963,173768,5982,6023,73575,82587,1577955,1577975,293606,333190,86548,90436,171125,196219,11540,11645,1628603,1678911,1162836,1149111,248409,281153,13970,14346,144784,168385,4488,4446,54116,61470,1211595,1204498,263469,299413,40376,45876,162330,186862,8768,8737,431753,439374,348759,354475,23339,25570,33523,31252,5179,5383,1494,1577,19459,21117,366360,373477,30137,33777,46172,44560,8795,9357,2772,2908
R,10,2023,45,4049231,1994486,2054745,1467708,1462823,260287,293742,45775,44724,144463,168297,5748,5739,70505,79420,1531257,1534491,281095,318519,83888,88382,164426,189720,10817,11108,1573600,1624692,1126499,1115426,237944,269144,13314,13848,139481,162891,4322,4179,52040,59204,1173328,1168791,252327,286494,39304,44541,156067,180568,8224,8314,420886,430053,341209,347397,22343,24598,32461,30876,4982,5406,1426,1560,18465,20216,357929,365700,28768,32025,44584,43841,8359,9152,2593,2794
R,10,2023,46,4018388,1975134,2043254,1459100,1459161,254856,290252,45471,44181,141508,165883,5519,5763,68680,78014,1521023,1529405,274930,314361,83138,87749,160778,186947,10595,11031,1560310,1615669,1121311,1111576,233782,266373,13674,14254,136589,160708,4115,4239,50839,58519,1167048,1164219,247504,283342,39529,45166,152681,178144,8019,8289,414824,427585,337789,347585,21074,23879,31797,29927,4919,5175,1404,1524,17841,19495,353975,365186,27426,31019,43609,42583,8097,8803,2576,2742
R,10,2023,47,3866945,1900170,1966775,1398875,1404433,243290,276226,43918,42258,142273,164917,5373,5430,66441,73511,1458652,1470540,261956,298804,80802,83598,160822,184623,10410,10335,1497733,1549130,1070977,1063351,222809,253784,13158,13345,137644,159809,4051,4040,49094,54801,1115013,1112515,235627,269529,38335,42318,153206,176196,7976,7865,402437,417645,327898,341082,20481,22442,30760,28913,4629,5108,1322,1390,17347,18710,343639,358025,26329,29275,42467,41280,7616,8427,2434,2470
R,10,2023,48,3889128,1912005,1977123,1412707,1414638,243625,276520,42828,42029,144189,166516,5152,5255,63504,72165,1469856,1479559,261622,298112,78372,82964,161568,185790,9632,10020,1516086,1565706,1088456,1077461,223879,254693,12966,13630,139566,161621,3906,3912,47313,54389,1130939,1126370,236388,269863,37776,42855,154003,177625,7372,7576,395919,411417,324251,337177,19746,21827,29862,28399,4623,4895,1246,1343,16191,17776,338917,353189,25234,28249,40596,40109,7565,8165,2260,2444
R,10,2023,49,3835610,1883767,1951843,1392362,1400073,239381,270824,41781,40869,143089,165055,4919,5160,62235,69862,1448344,1463026,256721,291366,77157,81018,159951,183525,9361,9586,1499757,1550398,1077413,1070012,220489,250205,12911,13374,138699,160295,3752,3834,46493,52678,1119135,1117343,232650,264749,37630,42134,152808,175717,7161,7256,384010,401445,314949,330061,18892,20619,28870,27495,4390,4760,1167,1326,15742,17184,329209,345683,24071,26617,39527,38884,7143,7808,2200,2330
R,10,2023,50,3840286,1880593,1959693,1390701,1404808,241004,274471,40631,40263,142656,166037,4876,5134,60725,68980,1445318,1466676,257654,294734,75068,79949,159323,184290,9169,9625,1507655,1567415,1083964,1081522,222888,254312,12829,13621,138447,161498,3689,3802,45838,52660,1124996,1128686,234583,268658,37293,42596,152462,176830,7091,7288,372938,392278,306737,323286,18116,20159,27802,26642,4209,4539,1187,1332,14887,16320,320322,337990,23071,26076,37775,37353,6861,7460,2078,2337
R,10,2023,51,3976438,1946280,2030158,1446589,1464135,248555,283058,41218,39952,143593,168060,4881,5020,61444,69933,1501795,1527067,265046,303158,77023,80873,159827,185978,9212,9572,1575196,1639086,1140772,1141106,230841,263083,13409,13784,139364,163477,3705,3737,47105,53899,1182944,1189471,242681,277655,39414,43900,153122,178667,7135,7331,371084,391072,305817,323029,17714,19975,27809,26168,4229,4583,1176,1283,14339,16034,318851,337596,22365,25503,37609,36973,6705,7311,2077,2241
R,10,2023,52,4200680,2057265,2143415,1550545,1568114,257714,295134,40317,40514,139779,162649,5010,4995,63900,72009,1608067,1633096,274574,315377,78309,83735,156099,180208,9510,9595,1688772,1754944,1245956,1246905,240163,275493,13787,14465,135537,158135,3788,3797,49541,56149,1290516,1297440,252281,290254,41860,47154,149445,172959,7409,7449,368493,388471,304589,321209,17551,19641,26530,26049,4242,4514,1222,1198,14359,15860,317551,335656,22293,25123,36449,36581,6654,7249,2101,2146
R,10,2023,53,4275346,2095262,2180084,1587590,1606168,260191,294460,40409,39592,139115,162640,4876,5053,63081,72171,1644464,1671083,276744,314728,78404,83390,154546,180029,9311,9748,1729895,1800178,1285111,1291740,242763,275231,13882,14589,135046,158244,3724,3884,49369,56490,1329520,1342389,254952,290228,42417,47799,148186,172882,7304,7688,365367,379906,302479,314428,17428,19229,26527,25003,4069,4396,1152,1169,13712,15681,314944,328694,21792,24500,35987,35591,6360,7147,2007,2060
R,10,2023,54,4102477,2005531,2096946,1529883,1554648,242621,277044,37710,38146,131724,154846,4634,4885,58959,67377,1583174,1615409,257705,295343,73595,79854,146172,170626,8778,9237,1658597,1733981,1241585,1253462,226439,259229,13166,14086,127927,150683,3587,3759,45893,52762,1282969,1300971,237304,272555,40108,45943,140191,163921,6918,7219,346934,362965,288298,301186,16182,17815,24544,24060,3797,4163,1047,1126,13066,14615,300205,314438,20401,22788,33487,33911,5981,6705,1860,2018
R,10,2023,55,3987080,1946423,2040657,1482383,1510171,239285,274910,37178,36587,127739,150970,4345,4669,55493,63350,1532394,1567105,253540,292358,71239,75926,140967,165499,8258,8799,1611546,1691397,1204048,1219754,223663,257581,13035,13892,124195,147034,3349,3568,43256,49568,1242928,1264186,233997,270277,38735,44017,135399,159296,6512,6897,334877,349260,278335,290417,15622,17329,24143,22695,3544,3936,996,1101,12237,13782,289466,302919,19543,22081,32504,31909,5568,6203,1746,1902
R,10,2023,56,3966454,1930899,2035555,1483563,1520419,236960,274964,35381,35486,117098,138147,4471,4548,53426,61991,1531829,1576261,250382,292150,68899,74626,129285,151562,8111,8576,1608581,1697630,1214591,1238744,222208,258018,13023,14006,113670,134426,3461,3512,41628,48924,1252094,1282719,231916,270672,38347,44338,123979,145632,6437,6759,322318,337925,268972,281675,14752,16946,22358,21480,3428,3721,1010,1036,11798,13067,279735,293542,18466,21478,30552,30288,5306,5930,1674,1817
R,10,2023,57,4004883,1946683,2058200,1495452,1538429,243012,281960,34991,35467,115933,136186,4425,4697,52870,61461,1542801,1593657,256595,298813,68416,74619,127811,149352,8216,8674,1629036,1725703,1229898,1261021,228249,265598,13202,14288,112645,132573,3422,3638,41620,48585,1267064,1304625,238083,278004,38940,44751,122662,143592,6519,6817,317647,332497,265554,277408,14763,16362,21789,21179,3288,3613,1003,1059,11250,12876,275737,289032,18512,20809,29476,29868,5149,5760,1697,1857
R,10,2023,58,4177074,2025096,2151978,1565573,1618774,249470,291913,35314,35911,116527,137492,4380,4703,53832,63185,1614023,1675507,263011,309179,69666,76329,128320,150782,8138,8773,1710391,1821266,1301981,1342408,235022,275560,13998,15132,113272,133938,3411,3679,42707,50549,1340290,1387710,245066,288484,40572,46993,123299,145169,6500,7005,314705,330712,263592,276366,14448,16353,21316,20779,3255,3554,969,1024,11125,12636,273733,287797,17945,20695,29094,29336,5021,5613,1638,1768
R,10,2023,59,4298257,2076496,2221761,1618610,1687838,249548,293082,34749,35285,115881,137986,4107,4558,53601,63012,1666830,1744525,262421,309446,69790,76832,127285,150927,7787,8477,1776311,1900435,1366761,1418082,235832,277219,14148,15649,112921,134701,3232,3567,43417,51217,1405728,1464081,245533,289617,42098,49128,122677,145719,6258,6842,300185,321326,251849,269756,13716,15863,20601,19636,2960,3285,875,991,10184,11795,261102,280444,16888,19829,27692,27704,4608,5208,1529,1635
R,10,2023,60,4306211,2077006,2229205,1622999,1700349,245287,288646,33651,34025,118157,139187,3977,4485,52935,62513,1670662,1756616,258022,304988,68516,75104,129270,151735,7489,8388,1788539,1919116,1380805,1439637,232098,273630,14368,15411,115214,135922,3179,3539,42875,50977,1419315,1485419,241692,286238,42157,48601,124774,146608,6103,6753,288467,310089,242194,260712,13189,15016,19283,18614,2943,3265,798,946,10060,11536,251347,271197,16330,18750,26359,26503,4496,5127,1386,1635
R,10,2023,61,4281333,2060843,2220490,1623839,1709437,239529,284110,32011,33174,109963,128648,4124,4496,51377,60625,1670249,1764010,251498,299727,65904,73609,120810,140683,7574,8218,1785956,1924212,1392031,1459772,227368,270286,13913,15200,107238,125568,3296,3596,42110,49790,1429973,1504499,236483,282299,41266,48141,116659,135887,6223,6648,274887,296278,231808,249665,12161,13824,18098,17974,2725,3080,828,900,9267,10835,240276,259511,15015,17428,24638,25468,4151,4796,1351,1570
R,10,2023,62,4282174,2054518,2227656,1634468,1728866,234463,280550,30623,32479,100920,121702,3843,4168,50201,59891,1679740,1782757,246292,295865,64063,72736,111379,133301,7111,7905,1795025,1944777,1415590,1490463,222876,267349,13802,15517,98424,118844,3094,3309,41239,49295,1452659,1534747,231954,279169,40915,48440,107500,128774,5854,6368,259493,282879,218878,238403,11587,13201,16821,16962,2496,2858,749,859,8962,10596,227081,248010,14338,16696,23148,24296,3879,4527,1257,1537
R,10,2023,63,4284651,2050403,2234248,1626234,1730597,235927,281911,30264,32312,104673,127232,3797,4161,49508,58035,1670916,1782715,247677,296945,63235,71039,114772,138614,6972,7689,1794923,1953900,1410585,1493917,224576,269017,13575,15394,102203,124343,3073,3362,40911,47867,1447424,1536804,233640,280672,40470,47110,111006,134146,5702,6295,255480,280348,215649,236680,11351,12894,16689,16918,2470,2889,724,799,8597,10168,223492,245911,14037,16273,22765,23929,3766,4468,1270,1394
R,10,2023,64,4168178,1986708,2181470,1586353,1699191,224555,272429,28366,30278,97450,120078,3489,3840,46495,55654,1628221,1749323,235186,286489,59503,67921,107187,130720,6472,7111,1753528,1922395,1389416,1480601,214185,260436,13178,14621,95171,117431,2856,3148,38722,46158,1424215,1522051,222507,271480,38711,45631,103746,126633,5376,5847,233180,259075,196937,218590,10370,11993,15188,15657,2279,2647,633,692,7773,9496,204006,227272,12679,15009,20792,22290,3441,4087,1096,1264
R,10,2023,65,4093159,1943886,2149273,1556628,1678880,215793,263937,26099,28813,97920,120979,3336,3649,44110,53015,1596278,1726492,226042,277543,55837,64687,106895,131098,6087,6722,1725954,1903478,1372616,1470873,205840,252718,12360,14250,95802,118484,2716,2995,36620,44158,1405435,1510443,213798,263447,36790,43938,103646,127234,5046,5540,217932,245795,184012,208007,9953,11219,13739,14563,2118,2495,620,654,7490,8857,190843,216049,12244,14096,19047,20749,3249,3864,1041,1182
R,10,2023,66,4059957,1919491,2140466,1542175,1680018,210057,260133,25639,27588,95548,118033,3141,3498,42931,51196,1580862,1726107,219966,273043,54642,62862,104204,127320,5840,6429,1709672,1901196,1364332,1476573,200877,249329,12263,13856,93619,115794,2619,2819,35962,42825,1396638,1515034,208710,259570,36288,43255,101278,123809,4919,5269,209819,239270,177843,203445,9180,10804,13376,13732,1929,2239,522,679,6969,8371,184224,211073,11256,13473,18354,19607,2926,3511,921,1160
R,10,2023,67,3915259,1844391,2070868,1486889,1626349,198616,249741,23839,26208,91777,116442,2994,3339,40276,48789,1523248,1670229,207880,262084,51060,59650,99801,125530,5558,6193,1648147,1844317,1320452,1433787,189950,239399,11541,13309,89899,114148,2467,2773,33838,40901,1350948,1470482,197219,249192,34202,41198,96949,122052,4613,5203,196244,226551,166437,192562,8666,10342,12298,12899,1878,2294,527,566,6438,7888,172300,199747,10661,12892,16858,18452,2852,3478,945,990
R,10,2023,68,3799997,1785027,2014970,1444610,1590507,187252,237077,22645,24697,89869,114056,2839,3255,37812,45378,1478598,1631122,195956,248706,48299,55644,97373,122607,5296,6002,1598253,1798018,1286114,1405647,178993,227265,10960,12506,88095,111960,2362,2657,31729,37983,1314571,1439499,185818,236436,32265,38259,94745,119455,4465,5003,186774,216952,158496,184860,8259,9812,11685,12191,1774,2096,477,598,6083,7395,164027,191623,10138,12270,16034,17385,2628,3152,831,999
R,10,2023,69,3665597,1711838,1953759,1394458,1551040,174966,225650,20597,23242,84876,107844,2602,3091,34339,42892,1425385,1589405,183025,236549,43886,52723,91610,115689,4741,5690,1540888,1751075,1248855,1378039,167400,216647,10255,11981,83327,105821,2152,2532,28899,36055,1274803,1410174,173765,225248,29682,36690,89275,112659,4003,4758,170950,202684,145603,173001,7566,9003,10342,11261,1549,2023,450,559,5440,6837,150582,179231,9260,11301,14204,16033,2335,3030,738,932
R,10,2023,70,3492414,1623232,1869182,1331001,1494626,160190,210244,18870,21105,78836,100433,2400,2733,31935,40041,1359734,1530602,167575,220440,40776,48494,85033,107774,4429,5178,1466737,1680281,1197384,1332742,153318,201871,9533,11180,77455,98716,2013,2278,27034,33494,1221675,1362700,159143,209944,27905,34002,82993,105119,3762,4386,156495,188901,133617,161884,6872,8373,9337,9925,1381,1717,387,455,4901,6547,138059,167902,8432,10496,12871,14492,2040,2655,667,792
R,10,2023,71,3368568,1561062,1807506,1287579,1451450,149031,199242,17148,19818,75572,97262,2276,2642,29456,37092,1314121,1484757,155947,208750,37307,45486,81169,103746,4166,4904,1416263,1631058,1163445,1299751,142736,191568,8898,10602,74267,95657,1923,2192,24994,31288,1185871,1327746,148279,199139,25876,32199,79255,101326,3540,4118,144799,176448,124134,151699,6295,7674,8250,9216,1305,1605,353,450,4462,5804,128250,157011,7668,9611,11431,13287,1914,2420,626,786
R,10,2023,72,3193980,1473167,1720813,1220214,1384435,139462,191034,15846,18508,68119,89620,2009,2437,27517,34779,1244910,1415653,145838,200031,35000,42814,73175,95413,3765,4501,1336954,1554017,1102836,1240911,133671,183840,8318,9900,66971,88139,1718,2006,23440,29221,1123777,1267024,138833,190988,24527,30369,71466,93164,3240,3796,136213,166796,117378,143524,5791,7194,7528,8608,1148,1481,291,431,4077,5558,121133,148629,7005,9043,10473,12445,1709,2249,525,705
R,10,2023,73,3040291,1395229,1645062,1151034,1319734,132244,181685,14939,17404,69226,91485,1909,2197,25877,32557,1174306,1348843,138389,190329,32718,39830,74070,97200,3573,4194,1267536,1484297,1041184,1181029,126764,174672,7869,9302,68107,90043,1615,1854,21997,27397,1060881,1205431,131684,181538,22870,28178,72413,94975,3089,3550,127693,160765,109850,138705,5480,7013,7070,8102,1119,1442,294,343,3880,5160,113425,143412,6705,8791,9848,11652,1657,2225,484,644
R,10,2023,74,2925815,1336889,1588926,1113457,1286906,119704,167932,13782,15868,64397,85474,1792,2074,23757,30672,1134857,1314333,125090,175963,30278,37183,68783,90599,3394,3985,1219807,1441149,1012221,1158815,114909,161659,7429,8677,63324,84156,1523,1746,20401,26096,1030536,1182060,119228,168167,21576,26841,67234,88653,2935,3406,117082,147777,101236,128091,4795,6273,6353,7191,1073,1318,269,328,3356,4576,104321,132273,5862,7796,8702,10342,1549,1946,459,579
R,10,2023,75,2830922,1289252,1541670,1082319,1258942,110565,157283,12555,14930,60004,79407,1616,1975,22193,29133,1102268,1285066,115770,164790,27937,35297,64017,84244,3067,3746,1180584,1402587,988146,1138469,106121,151489,6962,8254,59065,78134,1359,1669,18931,24572,1005108,1160418,110349,157483,19987,25395,62636,82338,2646,3210,108668,139083,94173,120473,4444,5794,5593,6676,939,1273,257,306,3262,4561,97160,124648,5421,7307,7950,9902,1381,1906,421,536
R,10,2023,76,2920099,1328497,1591602,1135024,1327817,102271,146001,12248,14126,55124,72984,1528,1743,22302,28931,1155243,1353956,107161,153414,28125,34614,58907,77481,2913,3412,1226499,1459153,1046305,1212419,98347,140579,6885,7977,54277,71831,1301,1471,19384,24876,1063867,1234848,102365,146608,20639,25621,57657,75787,2547,2955,101998,132449,88719,115398,3924,5422,5363,6149,847,1153,227,272,2918,4055,91376,119108,4796,6806,7486,8993,1250,1694,366,457
R,10,2023,77,2237134,1008267,1228867,853684,1013590,78910,116448,9530,11739,47652,63047,1320,1529,17171,22514,869241,1033794,82816,122260,21364,27160,50731,66940,2525,3040,921723,1113129,778342,912893,75441,111493,5187,6437,46905,62020,1135,1290,14713,18996,791654,929856,78561,116158,15315,19459,49640,65417,2205,2620,86544,115738,75342,100697,3469,4955,4343,5302,747,1027,185,239,2458,3518,77587,103938,4255,6102,6049,7701,1091,1523,320,420
R,10,2023,78,1992443,888861,1103582,751097,908224,71334,107492,8336,10724,42509,56231,1139,1420,14446,19491,764114,925623,74753,112717,18143,24041,45231,59522,2226,2741,810476,997594,682581,815656,68311,103154,4547,5830,41850,55303,959,1178,12228,16473,693555,830287,71016,107357,12803,17063,44224,58197,1915,2320,78385,105988,68516,92568,3023,4338,3789,4894,659,928,180,242,2218,3018,70559,95336,3737,5360,5340,6978,1007,1325,311,421
R,10,2023,79,1893245,836472,1056773,710877,876154,64159,99250,7657,9675,39183,51910,970,1295,13626,18489,723121,892620,67447,104382,17009,22303,41636,54963,1949,2587,767068,959529,650123,791036,61395,95358,4287,5290,38682,51051,839,1073,11742,15721,660649,804969,64059,99541,12339,16053,40877,53711,1704,2215,69404,97244,60754,85118,2764,3892,3370,4385,501,859,131,222,1884,2768,62472,87651,3388,4841,4670,6250,759,1252,245,372
R,10,2023,80,1906045,835238,1070807,719174,901101,60294,95576,6978,9257,35201,45935,882,1130,12709,17808,730673,917033,63323,100366,15763,21578,37383,48770,1830,2347,770622,978323,662384,820211,57820,91812,4017,5049,34667,45205,758,941,10976,15105,672297,833677,60286,95638,11613,15555,36595,47635,1589,2021,64616,92484,56790,80890,2474,3764,2961,4208,534,730,124,189,1733,2703,58376,83356,3037,4728,4150,6023,788,1135,241,326
R,10,2023,81,1632421,707132,925289,603845,772462,52358,84419,6069,8112,32987,44175,766,1052,11107,15069,613822,785950,54959,88548,13704,18506,35021,46623,1553,2020,650387,843167,554018,700268,50155,81205,3455,4483,32567,43512,646,871,9546,12828,562577,711678,52268,84548,9987,13360,34384,45664,1334,1730,56745,82122,49827,72194,2203,3214,2614,3629,420,663,120,181,1561,2241,51245,74272,2691,4000,3717,5146,637,959,219,290
R,10,2023,82,1429752,610664,819088,520951,682748,45044,75543,5381,7170,29077,39092,702,907,9509,13628,529547,694910,47317,79266,11873,16610,30835,41351,1358,1779,560208,745228,476519,617719,43106,72722,3145,4018,28709,38488,605,753,8124,11528,483850,627974,44918,75703,8698,12021,30259,40424,1167,1511,50456,73860,44432,65029,1938,2821,2236,3152,368,604,97,154,1385,2100,45697,66936,2399,3563,3175,4589,576,927,191,268
R,10,2023,83,1278701,536880,741821,455407,615920,40426,69788,4793,6635,27259,36654,631,838,8364,11986,462872,626580,42519,73212,10433,14700,28872,38632,1224,1678,490684,671929,414667,554362,38653,66992,2728,3669,26888,36096,531,681,7217,10129,421094,563306,40360,69760,7551,10498,28344,37843,1060,1421,46196,69892,40740,61558,1773,2796,2065,2966,371,558,100,157,1147,1857,41778,63274,2159,3452,2882,4202,528,789,164,257
R,10,2023,84,1139052,472622,666430,402497,556054,34600,61035,4113,5896,23844,31984,453,742,7115,10719,408889,565549,36373,64010,8858,13137,25192,33804,971,1513,431965,603954,366638,500888,32999,58535,2311,3276,23557,31496,356,629,6104,9130,372100,508931,34428,60929,6364,9462,24772,33087,827,1306,40657,62476,35859,55166,1601,2500,1802,2620,287,488,97,113,1011,1589,36789,56618,1945,3081,2494,3675,420,717,144,207
R,10,2023,85,1040242,425266,614976,363228,514952,30166,54967,3628,5456,21238,29385,488,658,6518,9558,369078,523478,31745,57700,7971,11804,22538,31024,962,1293,389459,558314,331505,464885,28827,52709,2121,3126,20937,28967,411,529,5658,8098,336578,472064,30109,54936,5905,8523,22099,30390,825,1091,35807,56662,31723,50067,1339,2258,1507,2330,301,418,77,129,860,1460,32500,51414,1636,2764,2066,3281,439,634,137,202
R,10,2023,86,906967,364252,542715,310972,454092,25739,48493,3026,4685,18498,26343,377,592,5640,8510,316075,461579,27190,50992,6793,10217,19565,27906,779,1231,333130,492160,283259,409394,24608,46502,1765,2594,18274,25936,323,481,4901,7253,287684,415724,25783,48577,5039,7311,19240,27311,682,1051,31122,50555,27713,44698,1131,1991,1261,2091,224,407,54,111,739,1257,28391,45855,1407,2415,1754,2906,325,595,97,180
R,10,2023,87,798993,315568,483425,269194,404990,22372,43401,2638,4090,16113,23135,299,499,4952,7310,273640,411436,23666,45595,5805,8855,17113,24464,680,1026,288545,438631,245198,365296,21360,41674,1537,2286,15919,22791,248,420,4283,6164,249026,370688,22434,43464,4244,6290,16818,23967,594,881,27023,44794,23996,39694,1012,1727,1101,1804,194,344,51,79,669,1146,24614,40748,1232,2131,1561,2565,295,497,86,145
R,10,2023,88,713238,275823,437415,236263,366720,19148,38865,2314,3732,13757,20926,275,435,4066,6737,239891,372654,20214,40768,4892,8106,14604,22202,606,928,252157,396933,215202,330815,18288,37320,1341,2092,13589,20589,233,356,3504,5761,218312,335868,19160,38862,3549,5870,14355,21706,533,790,23666,40482,21061,35905,860,1545,973,1640,168,337,42,79,562,976,21579,36786,1054,1906,1343,2236,249,496,73,138
R,10,2023,89,600065,228236,371829,195570,312139,15703,32871,1876,3114,11412,17802,273,381,3402,5522,198635,317015,16591,34480,4004,6681,12138,18872,520,787,208650,337908,178083,282005,15005,31566,1104,1751,11273,17529,227,323,2958,4734,180735,286159,15739,32877,2946,4803,11928,18488,443,692,19586,33921,17487,30134,698,1305,772,1363,139,273,46,58,444,788,17900,30856,852,1603,1058,1878,210,384,77,95
R,10,2023,90,509315,188739,320576,161883,269132,12720,27801,1531,2623,9595,15882,195,338,2815,4800,164401,273302,13412,29184,3308,5706,10228,16826,418,748,172928,291913,147788,243611,12150,26667,910,1552,9483,15657,164,285,2433,4141,149951,247196,12718,27804,2425,4208,10061,16505,363,655,15811,28663,14095,25521,570,1134,621,1071,112,225,31,53,382,659,14450,26106,694,1380,883,1498,167,321,55,93
R,10,2023,91,445560,160798,284762,138263,240129,10563,23936,1244,2310,8083,13815,158,320,2487,4252,140482,243830,11240,25230,2780,5006,8630,14650,376,673,147447,259515,126325,217610,10107,22994,723,1346,7972,13613,133,271,2187,3681,128273,220802,10690,24089,2057,3675,8470,14358,332,586,13351,25247,11938,22519,456,942,521,964,111,202,25,49,300,571,12209,23028,550,1141,723,1331,160,292,44,87
R,10,2023,92,374393,132378,242015,114503,205705,8193,19410,1059,1908,6506,11345,128,236,1989,3411,116282,208639,8744,20449,2228,4076,6989,12026,295,528,121234,221044,104555,186988,7817,18622,590,1084,6428,11196,111,198,1733,2956,106107,189505,8292,19489,1595,2973,6850,11801,254,458,11144,20971,9948,18717,376,788,469,824,78,149,17,38,256,455,10175,19134,452,960,633,1103,139,225,41,70
R,10,2023,93,322180,110022,212158,94962,179548,6939,17202,848,1559,5617,10544,108,216,1548,3089,96341,182227,7363,18083,1798,3524,5960,11173,254,501,100830,193641,86694,162987,6640,16502,518,900,5548,10413,91,187,1339,2652,87881,165257,6986,17231,1331,2587,5862,10977,223,442,9192,18517,8268,16561,299,700,330,659,69,131,17,29,209,437,8460,16970,377,852,467,937,98,196,31,59
R,10,2023,94,251552,82737,168815,71453,143377,4996,13436,666,1186,4264,8199,80,180,1278,2437,72573,145468,5366,14225,1456,2668,4561,8701,202,409,75789,154613,65269,130704,4753,12880,387,701,4206,8076,67,156,1107,2096,66238,132488,5057,13544,1059,1954,4476,8525,179,362,6948,14202,6184,12673,243,556,279,485,58,123,13,24,171,341,6335,12980,309,681,397,714,85,176,23,47
R,10,2023,95,199826,63332,136494,54586,115760,3938,10865,530,1006,3231,6740,61,126,986,1997,55446,117463,4218,11490,1136,2244,3461,7170,148,320,58042,125292,49862,105843,3751,10395,308,599,3206,6637,51,108,864,1710,50617,107283,3983,10919,837,1655,3420,7017,127,281,5290,11202,4724,9917,187,470,222,407,25,103,10,18,122,287,4829,10180,235,571,299,589,41,153,21,39
R,10,2023,96,154613,47251,107362,40572,90998,2971,8516,342,784,2534,5424,52,109,780,1531,41252,92293,3217,8983,776,1750,2718,5734,122,259,43448,98842,37145,83389,2857,8163,210,487,2507,5353,44,94,685,1356,37744,84534,3065,8567,585,1340,2678,5634,104,228,3803,8520,3427,7609,114,353,132,297,27,71,8,15,95,175,3508,7759,152,416,191,410,40,100,18,31
R,10,2023,97,116700,34387,82313,29354,69712,2272,6567,281,591,1855,4159,35,98,590,1186,29864,70722,2439,6972,615,1315,2014,4392,104,215,31612,75984,26870,64068,2190,6312,169,379,1835,4102,28,84,520,1039,27315,64947,2326,6654,463,1001,1983,4313,90,190,2775,6329,2484,5644,82,255,112,212,20,57,7,14,70,147,2549,5775,113,318,152,314,31,79,14,25
R,10,2023,98,83991,23585,60406,19964,50781,1566,4901,208,476,1436,3202,31,68,380,978,20282,51588,1671,5249,431,1020,1547,3427,79,188,21691,55735,18298,46646,1496,4709,131,291,1419,3168,26,60,321,861,18568,47357,1581,5003,313,767,1516,3362,67,161,1894,4671,1666,4135,70,192,77,185,17,34,5,8,59,117,1714,4231,90,246,118,253,31,65,12,27
R,10,2023,99,59096,15943,43153,13237,36121,1177,3638,144,332,1081,2361,13,48,291,653,13489,36641,1263,3865,310,727,1156,2510,41,123,14583,39843,12039,33155,1124,3496,95,234,1064,2338,11,43,250,577,12256,33610,1196,3695,234,578,1134,2473,33,110,1360,3310,1198,2966,53,142,49,98,17,23,2,5,41,76,1233,3031,67,170,76,149,22,37,8,13
R,10,2023,100,105611,26372,79239,21097,64438,2164,7527,341,710,2066,4998,73,123,631,1443,21607,65595,2425,8077,657,1508,2251,5349,184,324,23973,73415,19032,59356,2074,7233,228,501,2034,4944,55,104,550,1277,19482,60376,2298,7710,501,1207,2192,5249,146,268,2399,5824,2065,5082,90,294,113,209,32,54,18,19,81,166,2125,5219,127,367,156,301,59,100,38,56
R,11,2023,999,337917555,165816709,172100846,121590066,124544655,21731142,23805875,3431944,3344468,10797431,11806057,460662,461460,7805464,8138331,128761510,132008252,24745470,26993922,6680361,6841281,13230594,14247866,975525,975714,132294492,138336396,95010838,97685642,19703430,21732877,1148757,1184379,10348082,11349369,340502,340291,5742883,6043838,100292602,103233303,21860720,24039302,3338647,3601101,12276363,13285123,713365,713143,33522217,33764450,26579228,26859013,2027712,2072998,2283187,2160089,449349,456688,120160,121169,2062581,2094493,28468908,28774949,2884750,2954620,3341714,3240180,954231,962743,262160,262571
R,11,2023,0,3618805,1851084,1767721,1204509,1148116,295299,286085,46994,44932,113978,106759,6840,6697,183464,175132,1376334,1311869,384432,371892,98244,93997,178574,167961,17407,16749,1309516,1247710,817180,776115,248672,241241,11664,11304,103350,96571,4611,4451,124039,118028,933984,887126,308576,298974,40345,38469,150313,140928,11143,10490,541568,520011,387329,372001,46627,44844,35330,33628,10628,10188,2229,2246,59425,57104,442350,424743,75856,72918,57899,55528,28261,27033,6264,6259
R,11,2023,1,3711698,1895092,1816606,1232024,1178321,304751,295677,46407,44833,119365,112767,7204,6848,185341,178160,1405598,1344890,394718,382843,97929,94486,184837,175312,17854,17046,1351306,1292080,840836,801187,258400,250991,12136,11597,108702,102598,4806,4447,126426,121260,959856,915203,319328,310152,41283,39410,156779,148411,11467,10664,543786,524526,391188,377134,46351,44686,34271,33236,10663,10169,2398,2401,58915,56900,445742,429687,75390,72691,56646,55076,28058,26901,6387,6382
R,11,2023,2,3700633,1890898,1809735,1230813,1173506,306184,297852,43867,42138,119126,113021,6728,6409,184180,176809,1403300,1338802,395562,384290,95017,91296,184242,175229,17300,16509,1370462,1306768,856291,811187,262161,255142,12365,11831,109342,103516,4535,4287,125768,120805,974681,924759,322705,313982,41311,39482,157273,149307,11164,10483,520436,502967,374522,362319,44023,42710,31502,30307,9784,9505,2193,2122,58412,56004,428619,414043,72857,70308,53706,51814,26969,25922,6136,6026
R,11,2023,3,3735719,1909142,1826577,1245268,1186982,306039,297184,44843,43078,123383,117201,6711,6335,182898,175797,1416573,1351391,394943,383265,95388,91709,188077,179046,17189,16351,1392741,1330509,870428,826811,264499,257220,13414,12917,113876,107896,4688,4379,125836,121286,988883,940861,325187,316418,42296,40627,161797,153791,11315,10589,516401,496068,374840,360171,41540,39964,31429,30161,9507,9305,2023,1956,57062,54511,427690,410530,69756,66847,53092,51082,26280,25255,5874,5762
R,11,2023,4,3820561,1950378,1870183,1284754,1226243,304323,297661,46414,44508,124670,118771,7108,6754,183109,176246,1456207,1391032,392839,383470,97156,93437,189583,180897,17753,16832,1436768,1374932,909914,863972,264450,259451,14787,14359,115370,109731,4967,4815,127280,122604,1029663,979160,325531,319043,44149,42597,163927,156064,11783,11189,513610,495251,374840,362271,39873,38210,31627,30149,9300,9040,2141,1939,55829,53642,426544,411872,67308,64427,53007,50840,25656,24833,5970,5643
R,11,2023,5,3876303,1978701,1897602,1308585,1249667,309115,301706,47729,46182,124562,119199,7275,6778,181435,174070,1478444,1412373,396428,385920,98524,94880,188637,180549,18017,16842,1461497,1398826,929536,883908,269459,263717,15172,14719,115397,110293,5148,4839,126785,121350,1048775,997865,330280,322421,44611,42760,163539,156145,12034,11256,517204,498776,379049,365759,39656,37989,32557,31463,9165,8906,2127,1939,54650,52720,429669,414508,66148,63499,53913,52120,25098,24404,5983,5586
R,11,2023,6,3941622,2014516,1927106,1335336,1272506,313671,305183,48929,46933,128723,122768,7505,6831,180352,172885,1503911,1433932,399529,388574,100240,96201,192480,183238,18364,16992,1489278,1420134,947295,898496,274412,267049,16053,15263,119598,113927,5384,4861,126536,120538,1066099,1011634,334452,325223,46023,43673,167643,159122,12431,11294,525238,506972,388041,374010,39259,38134,32876,31670,9125,8841,2121,1970,53816,52347,437812,422298,65077,63351,54217,52528,24837,24116,5933,5698
R,11,2023,7,4039225,2062593,1976632,1378276,1314600,313946,306974,51046,49120,130681,124826,7487,7103,181157,174009,1547479,1477020,399109,389826,103778,99922,194472,185522,18444,17507,1522471,1456477,978297,929033,274167,268506,16376,16095,121305,115941,5324,5078,127002,121824,1097514,1043334,333803,326631,47143,45750,169276,161393,12365,11741,540122,520155,399979,385567,39779,38468,34670,33025,9376,8885,2163,2025,54155,52185,449965,433686,65306,63195,56635,54172,25196,24129,6079,5766
R,11,2023,8,4068589,2078838,1989751,1393451,1327595,317575,309051,51027,49878,130136,123870,7381,7168,179268,172189,1560961,1488261,401464,390858,104076,100719,192851,183476,18144,17435,1536049,1465881,988780,937861,278071,270544,16751,16137,120972,115065,5275,5079,126200,121195,1107267,1051496,337142,328404,47994,45894,168209,159942,12248,11710,542789,523870,404671,389734,39504,38507,34276,33741,9164,8805,2106,2089,53068,50994,453694,436765,64322,62454,56082,54825,24642,23534,5896,5725
R,11,2023,9,4077611,2084362,1993249,1400310,1332421,317301,308858,51562,49935,131430,125057,7390,7158,176369,169820,1565090,1490877,399257,389184,104578,101021,192932,183254,17959,17206,1544296,1473109,996666,944841,278050,270368,16888,16280,122372,116548,5291,5081,125029,119991,1114030,1057356,336162,327484,48405,46422,169033,160474,12227,11647,540066,520140,403644,387580,39251,38490,34674,33655,9058,8509,2099,2077,51340,49829,451060,433521,63095,61700,56173,54599,23899,22780,5732,5559
R,11,2023,10,4050808,2069883,1980925,1391512,1327407,315775,307291,52131,49699,130786,124094,7462,7085,172217,165349,1552271,1481517,395300,384712,104779,100501,190591,180696,17932,17033,1533649,1463793,990098,940154,276993,269569,16921,16231,121912,115586,5289,4970,122436,117283,1104965,1050015,333626,324911,48352,46464,167378,158391,12153,11451,536234,517132,401414,387253,38782,37722,35210,33468,8874,8508,2173,2115,49781,48066,447306,431502,61674,59801,56427,54037,23213,22305,5779,5582
R,11,2023,11,4081540,2085660,1995880,1404812,1339798,317675,307961,52962,50845,133102,126141,7484,7095,169625,164040,1562919,1492595,395523,383849,105920,102197,191615,182123,17813,16984,1544162,1473730,997987,947195,278806,270587,17064,16449,124239,117784,5281,4993,120785,116722,1111171,1056404,334415,324945,48803,47172,168787,160373,12097,11553,541498,522150,406825,392603,38869,37374,35898,34396,8863,8357,2203,2102,48840,47318,451748,436191,61108,58904,57117,55025,22828,21750,5716,5431
R,11,2023,12,4126509,2111970,2014539,1428764,1357690,322932,312327,53663,51745,129938,122877,7455,7166,169218,162734,1586473,1509190,400153,387057,107542,103583,187665,178200,17786,17093,1559088,1483758,1011499,957784,283514,274483,17181,16396,120946,114446,5251,4976,120697,115673,1124535,1065920,338935,328043,49663,47481,164860,156455,12120,11506,552882,530781,417265,399906,39418,37844,36482,35349,8992,8431,2204,2190,48521,47061,461938,443270,61218,59014,57879,56102,22805,21745,5666,5587
R,11,2023,13,4213046,2154685,2058361,1462864,1392842,329818,318245,54608,51991,128821,123172,7382,7154,171192,164957,1622452,1546509,407432,393971,110201,105554,186474,178215,17753,17129,1583711,1510479,1026888,974399,291396,280802,17214,16938,120131,115008,5207,4997,122875,118335,1141962,1085067,347344,335518,51052,49583,164380,157186,12195,11645,570974,547882,435976,418443,38422,37443,37394,35053,8690,8164,2175,2157,48317,46622,480490,461442,60088,58453,59149,55971,22094,21029,5558,5484
R,11,2023,14,4264446,2180769,2083677,1487045,1413953,333436,322884,54260,52213,128073,123045,7456,7106,170499,164476,1645777,1567055,410738,399060,109597,105266,185494,177304,17816,17128,1599866,1526644,1038456,984214,295174,285586,17744,17199,119673,115017,5207,4829,123612,119799,1154058,1096186,351862,341572,51819,50292,164130,157082,12212,11662,580903,557033,448589,429739,38262,37298,36516,35014,8400,8028,2249,2277,46887,44677,491719,470869,58876,57488,57778,54974,21364,20222,5604,5466
R,11,2023,15,4421261,2262202,2159059,1547190,1468288,345976,333897,56272,53805,132543,127142,7425,7115,172796,168812,1707862,1625278,424320,411413,113022,109932,189884,182148,18287,17231,1657104,1580547,1077335,1019990,306139,296286,18401,17695,123892,118830,5083,4835,126254,122911,1195132,1134779,364077,353612,53897,52703,168602,161367,12480,11726,605098,578512,469855,448298,39837,37611,37871,36110,8651,8312,2342,2280,46542,45901,512730,490499,60243,57801,59125,57229,21282,20781,5807,5505
R,11,2023,16,4454179,2279316,2174863,1565139,1486944,345047,332612,57855,55539,132962,126747,7444,7226,170869,165795,1723946,1640869,421634,407789,116209,111799,188883,180769,18017,17455,1666880,1588881,1088738,1031721,305568,294973,18553,17929,124306,118538,5029,4938,124686,120782,1205083,1144389,361942,350401,55136,53104,167863,160357,12288,11862,612436,585982,476401,455223,39479,37639,39302,37610,8656,8209,2415,2288,46183,45013,518863,496480,59692,57388,61073,58695,21020,20412,5729,5593
R,11,2023,17,4420030,2265097,2154933,1562464,1478660,339208,326384,58483,54974,131905,126926,7379,7037,165658,160952,1716281,1628089,412200,398173,116011,110518,186326,179222,17604,16876,1656462,1576714,1088616,1028224,300623,289479,18247,17604,123292,118931,5006,4744,120678,117732,1201161,1138035,354160,342802,54197,52611,165903,159626,12002,11466,608635,578219,473848,450436,38585,36905,40236,37370,8613,7995,2373,2293,44980,43220,515120,490054,58040,55371,61814,57907,20423,19596,5602,5410
R,11,2023,18,4407573,2260043,2147530,1565551,1476293,332490,320273,58578,55560,136073,133264,7482,7217,159869,154923,1714009,1619948,401523,388376,115317,110216,188524,183794,17208,16693,1654781,1576269,1092883,1029853,294517,284539,18118,17554,127882,125580,5113,4975,116268,113768,1201306,1135741,345099,335143,53780,52175,168897,165255,11746,11550,605262,571261,472668,446440,37973,35734,40460,38006,8191,7684,2369,2242,43601,41155,512703,484207,56424,53233,61537,58041,19627,18539,5462,5143
R,11,2023,19,4426523,2271005,2155518,1576092,1485903,331251,318399,58789,53846,141650,139147,7599,7116,155624,151107,1720324,1626034,397586,383845,114741,108278,193056,188184,17363,16381,1670472,1590264,1105126,1042370,294380,283423,18217,17135,133446,131495,5221,4961,114082,110880,1211254,1145494,343023,331899,53943,51856,173982,170146,12011,11373,600533,565254,470966,443533,36871,34976,40572,36711,8204,7652,2378,2155,41542,40227,509070,480540,54563,51946,60798,56422,19074,18038,5352,5008
R,11,2023,20,4426746,2271178,2155568,1580698,1489062,329911,318325,58744,53366,142703,140734,7647,7065,151475,147016,1721076,1625274,393374,380985,114716,107347,192202,188538,17056,16030,1675344,1595502,1113152,1048813,293306,283710,17880,16866,134853,133194,5242,4974,110911,107945,1216319,1149197,340121,330122,53540,51464,173840,170723,11750,11293,595834,560066,467546,440249,36605,34615,40864,36500,7850,7540,2405,2091,40564,39071,504757,476077,53253,50863,61176,55883,18362,17815,5306,4737
R,11,2023,21,4472651,2284152,2188499,1587074,1509594,338327,331432,58696,53502,147641,145030,7563,7265,144851,141676,1721104,1640243,398224,391778,113074,105990,194944,190786,16747,16149,1688704,1626647,1118244,1066663,301370,296137,17835,16990,139871,137552,5330,5166,106054,104139,1216586,1163015,345595,340931,52530,50647,177050,173600,11796,11409,595448,561852,468830,442931,36957,35295,40861,36512,7770,7478,2233,2099,38797,37537,504518,477228,52629,50847,60544,55343,17894,17186,4951,4740
R,11,2023,22,4676912,2371257,2305655,1642357,1588383,356156,354053,58073,53492,166492,163537,7891,7803,140288,138387,1771282,1715789,414549,413112,110284,103748,212622,208949,17341,17001,1771302,1736126,1169041,1137540,317527,317669,17793,17561,158629,155718,5596,5598,102716,102040,1263659,1231677,360403,361604,51174,49757,195064,191833,12238,12190,599955,569529,473316,450843,38629,36384,40280,35931,7863,7819,2295,2205,37572,36347,507623,484112,54146,51508,59110,53991,17558,17116,5103,4811
R,11,2023,23,4852866,2457769,2395097,1702038,1648466,369373,369376,58991,53899,183343,180074,8480,8207,135544,135075,1826495,1772333,425180,427010,109669,102521,228137,224980,17677,17251,1852150,1820622,1222694,1192618,330501,332280,18201,17596,175285,172030,6220,5883,99249,100215,1314016,1284740,371419,375258,50391,48918,210851,207968,12824,12347,605619,574475,479344,455848,38872,37096,40790,36303,8058,8044,2260,2324,36295,34860,512479,487593,53761,51752,59278,53603,17286,17012,4853,4904
R,11,2023,24,4701848,2385073,2316775,1664801,1605858,348767,349364,56388,51175,178959,174495,8284,7886,127874,127997,1781996,1723291,401108,403804,104731,97722,220891,216634,17115,16369,1803238,1765140,1202648,1167080,312099,313832,17351,16739,171193,166839,6121,5616,93826,95034,1288818,1254470,350652,354534,48235,46798,204578,200580,12406,11627,581835,551635,462153,438778,36668,35532,39037,34436,7766,7656,2163,2270,34048,32963,493178,468821,50456,49270,56496,50924,16313,16054,4709,4742
R,11,2023,25,4609984,2338001,2271983,1633576,1572661,339585,340386,55292,50265,177926,176269,8110,7836,123512,124566,1746691,1687111,389474,392817,102522,96297,218259,216750,16623,15962,1770255,1733148,1182861,1143874,303841,306150,16667,15906,170198,168562,5896,5589,90792,93067,1266108,1229622,340603,345527,46843,45835,202506,201256,12047,11484,567746,538835,450715,428787,35744,34236,38625,34359,7728,7707,2214,2247,32720,31499,480583,457489,48871,47290,55679,50462,15753,15494,4576,4478
R,11,2023,26,4454448,2258743,2195705,1579354,1516999,323548,324805,53190,48374,178280,179039,7727,7418,116644,119070,1686238,1626212,369964,374085,98321,93200,216661,217845,15587,15041,1709476,1675201,1142383,1102085,289442,292412,15699,15074,170877,171619,5625,5364,85450,88647,1220831,1183526,323255,329276,44478,44011,201665,203117,11309,10894,549267,520504,436971,414914,34106,32393,37491,33300,7403,7420,2102,2054,31194,30423,465407,442686,46709,44809,53843,49189,14996,14728,4278,4147
R,11,2023,27,4421279,2238642,2182637,1569039,1507064,315207,320083,53542,48144,179063,183190,7663,7212,114128,116944,1673395,1614135,359851,367834,98375,92891,216438,221250,15619,14915,1693743,1666395,1135957,1096054,281530,288069,15394,14620,171759,175749,5586,5340,83517,86563,1212544,1175471,313935,323664,43678,43224,202005,206521,11354,10920,544899,516242,433082,411010,33677,32014,38148,33524,7304,7441,2077,1872,30611,30381,460851,438664,45916,44170,54697,49667,14433,14729,4265,3995
R,11,2023,28,4455067,2250561,2204506,1579003,1522098,319483,326695,54022,48460,178795,185009,7680,7367,111578,114877,1680842,1627029,362838,373495,98535,93261,215169,221759,15514,15190,1706278,1684953,1146988,1108704,285351,293473,15488,14787,171344,177474,5632,5482,81475,85033,1221409,1186569,316706,328008,43795,43660,200756,207343,11351,11181,544283,519553,432015,413394,34132,33222,38534,33673,7451,7535,2048,1885,30103,29844,459433,440460,46132,45487,54740,49601,14413,14416,4163,4009
R,11,2023,29,4467057,2249879,2217178,1578566,1526638,322103,335728,53256,48660,178924,184789,7572,7418,109458,113945,1678213,1630733,363876,381311,97986,94315,214370,221047,15514,15094,1713761,1701716,1152916,1116902,288657,302689,15394,14781,171578,177524,5594,5441,79622,84379,1225431,1194043,318762,336306,43593,44414,200352,207053,11422,11096,536118,515462,425650,409736,33446,33039,37862,33879,7346,7265,1978,1977,29836,29566,452782,436690,45114,45005,54393,49901,14018,13994,4092,3998
R,11,2023,30,4524701,2275407,2249294,1598293,1545959,327329,345229,54050,49529,181969,188732,7720,7327,106046,112518,1694592,1648555,367319,389935,97475,95720,216737,224123,15573,14913,1742575,1734726,1174406,1137155,294167,312193,15782,15378,174863,181356,5674,5331,77683,83313,1245029,1213314,323030,344887,43482,45641,203174,210170,11454,10906,532832,514568,423887,408804,33162,33036,38268,34151,7106,7376,2046,1996,28363,29205,449563,435241,44289,45048,53993,50079,13563,13953,4119,4007
R,11,2023,31,4604385,2312195,2292190,1629577,1580175,330085,350132,55079,50529,183781,191915,7469,7326,106204,112113,1726226,1682495,368975,392997,100244,97996,217958,227064,15239,14893,1776878,1774101,1203599,1168089,296824,316738,16451,15901,176734,184739,5566,5362,77704,83272,1274338,1244188,324641,348029,45539,47370,204587,213521,11293,10902,535317,518089,425978,412086,33261,33394,38628,34628,7047,7176,1903,1964,28500,28841,451888,438307,44334,44968,54705,50626,13371,13543,3946,3991
R,11,2023,32,4681521,2341176,2340345,1654450,1613797,333395,359826,55212,50379,186677,196909,7873,7424,103569,112010,1748200,1715555,370876,402291,99724,98347,220194,232362,15730,15208,1811148,1826230,1233531,1206673,299952,325296,16749,16360,179580,189539,5879,5537,75457,82825,1301923,1282030,326552,355903,45225,47960,206892,218477,11722,11370,530028,514115,420919,407124,33443,34530,38463,34019,7097,7370,1994,1887,28112,29185,446277,433525,44324,46388,54499,50387,13302,13885,4008,3838
R,11,2023,33,4767634,2384325,2383309,1691696,1648013,336422,363507,55924,51209,190268,201779,7706,7627,102309,111174,1784426,1749397,372332,404363,100640,100611,223779,236204,15426,15204,1851392,1867723,1267835,1239544,302983,329040,16929,16631,183234,194615,5722,5644,74689,82249,1335616,1314683,328126,358262,45682,49485,210745,222788,11472,11290,532933,515586,423861,408469,33439,34467,38995,34578,7034,7164,1984,1983,27620,28925,448810,434714,44206,46101,54958,51126,13034,13416,3954,3914
R,11,2023,34,4655698,2326224,2329474,1652655,1609649,326477,354811,53452,49809,187759,201874,7504,7088,98377,106243,1741988,1706056,360303,393253,97327,97774,219530,234938,14798,14439,1820295,1836143,1250027,1217901,294953,322165,16395,16475,181134,195109,5661,5317,72125,79176,1315477,1289721,318646,349726,44890,48842,207399,222461,11223,10953,505929,493331,402628,391748,31524,32646,37057,33334,6625,6765,1843,1771,26252,27067,426511,416335,41657,43527,52437,48932,12131,12477,3575,3486
R,11,2023,35,4584805,2281947,2302858,1630850,1600626,311996,343343,53098,49450,184500,199618,7191,7128,94312,102693,1716297,1693911,343675,379897,95392,96672,215208,231367,14291,14126,1784765,1816140,1234334,1213742,281947,311625,16261,16024,177832,193003,5391,5327,69000,76419,1296828,1283266,304124,337545,43534,47938,203268,219200,10780,10652,497182,486718,396516,386884,30049,31718,36837,33426,6668,6615,1800,1801,25312,26274,419469,410645,39551,42352,51858,48734,11940,12167,3511,3474
R,11,2023,36,4492923,2238170,2254753,1609323,1574179,301270,331482,51637,47842,178485,194401,7195,6906,90260,99943,1691002,1665069,331215,366593,93259,94595,207396,225037,14134,13725,1753794,1779929,1222270,1196180,272112,301076,15539,15379,172099,187940,5372,5133,66402,74221,1282245,1263723,293162,325969,42723,46951,196133,213319,10726,10281,484376,474824,387053,377999,29158,30406,36098,32463,6386,6461,1823,1773,23858,25722,408757,401346,38053,40624,50536,47644,11263,11718,3408,3444
R,11,2023,37,4501289,2240920,2260369,1618898,1587070,297999,328312,51373,48460,176987,192647,7149,6851,88514,97029,1699071,1675039,326623,361580,92679,95453,205604,221842,14043,13441,1757774,1787446,1232267,1210037,269038,298330,15438,15442,170675,186311,5389,5068,64967,72258,1291120,1275540,288788,321930,42494,47503,194370,210529,10627,10093,483146,472923,386631,377033,28961,29982,35935,33018,6312,6336,1760,1783,23547,24771,407951,399499,37835,39650,50185,47950,11234,11313,3416,3348
R,11,2023,38,4521256,2250906,2270350,1632049,1598372,296194,327136,51828,48270,176104,193695,7001,6884,87730,95993,1711447,1685638,324083,359035,94094,95588,203799,222322,13674,13574,1767666,1799005,1245154,1221503,268138,298090,15039,15596,169897,187368,5282,5212,64156,71236,1303176,1286290,287255,320285,42828,48039,192920,211057,10342,10314,483240,471345,386895,376869,28056,29046,36789,32674,6207,6327,1719,1672,23574,24757,408271,399348,36828,38750,51266,47549,10879,11265,3332,3260
R,11,2023,39,4417878,2194182,2223696,1593674,1567839,284881,317753,50554,47656,174430,191729,6780,6666,83863,92053,1669485,1651122,310673,347997,91534,94059,200967,219047,13401,13186,1726320,1761283,1218581,1197413,258248,289718,14840,15216,168303,185689,5078,4982,61270,68265,1273890,1259209,275950,310733,41772,46996,190278,208250,10162,9965,467862,462413,375093,370426,26633,28035,35714,32440,6127,6040,1702,1684,22593,23788,395595,391913,34723,37264,49762,47063,10689,10797,3239,3221
R,11,2023,40,4392328,2177417,2214911,1585544,1563403,282504,315628,50627,47810,170256,190103,6609,6663,81877,91304,1659415,1645928,307730,344965,91486,95129,195571,216572,12989,13109,1713931,1753333,1213638,1193139,255881,288012,14872,15128,164519,184223,4983,4979,60038,67852,1267703,1254415,273218,308526,42011,47837,185480,206083,9866,9920,463486,461578,371906,370264,26623,27616,35755,32682,5737,5880,1626,1684,21839,23452,391712,391513,34512,36439,49475,47292,10091,10489,3123,3189
R,11,2023,41,4420413,2185710,2234703,1595344,1580854,283745,318061,50800,48329,168195,189800,6427,6664,81199,90995,1668740,1663096,308577,347273,92029,96215,192711,215593,12798,13017,1720254,1766507,1221157,1204386,257274,290262,14983,15234,162480,183841,4766,4951,59594,67833,1274920,1265701,274457,310723,42480,48590,182778,205108,9697,9820,465456,468196,374187,376468,26471,27799,35817,33095,5715,5959,1661,1713,21605,23162,393820,397395,34120,36550,49549,47625,9933,10485,3101,3197
R,11,2023,42,4334948,2140514,2194434,1568861,1557962,277564,312310,49447,47239,159715,182538,6315,6276,78612,88109,1639633,1637579,301265,340580,90149,94196,183032,207117,12376,12444,1689907,1737341,1206522,1190217,252277,285423,14386,14824,154213,176750,4674,4620,57835,65507,1258486,1249471,268722,305213,41725,47421,173544,197005,9327,9269,450607,457093,362339,367745,25287,26887,35061,32415,5502,5788,1641,1656,20777,22602,381147,388108,32543,35367,48424,46775,9488,10112,3049,3175
R,11,2023,43,4388760,2170163,2218597,1589122,1572541,287186,322290,50804,48017,157828,181063,6547,6486,78676,88200,1659966,1652163,311033,350360,91914,95843,180825,205089,12651,12645,1706754,1753639,1215273,1197726,261879,295099,14922,15102,152131,175239,4833,4822,57716,65651,1267110,1256916,278307,314826,42578,48526,171131,195051,9574,9526,463409,464958,373849,374815,25307,27191,35882,32915,5697,5824,1714,1664,20960,22549,392856,395247,32726,35534,49336,47317,9694,10038,3077,3119
R,11,2023,44,4195489,2069595,2125894,1517990,1508564,272950,307950,47785,45837,150787,174368,6019,6070,74064,83105,1584792,1583420,294994,334605,87096,90926,172039,196949,11616,11770,1634919,1684110,1166884,1152236,249423,282183,14025,14414,145577,168969,4518,4481,54492,61827,1215966,1207938,264593,300586,40628,46088,163217,187563,8849,8835,434676,441784,351106,356328,23527,25767,33760,31423,5210,5399,1501,1589,19572,21278,368826,375482,30401,34019,46468,44838,8822,9386,2767,2935
R,11,2023,45,4054242,1996694,2057548,1468266,1463969,261121,294526,45891,44748,145037,168989,5781,5743,70598,79573,1531873,1535752,281979,319431,83954,88412,165111,190489,10882,11132,1574915,1626726,1126471,1115977,238671,269859,13349,13839,140024,163538,4340,4185,52060,59328,1173302,1169440,253088,287277,39275,44544,156664,181283,8258,8335,421779,430822,341795,347992,22450,24667,32542,30909,5013,5451,1441,1558,18538,20245,358571,366312,28891,32154,44679,43868,8447,9206,2624,2797
R,11,2023,46,4024385,1978101,2046284,1461068,1461603,255221,290427,45612,44402,141674,165923,5535,5806,68991,78123,1523291,1531965,275416,314627,83436,87906,161034,187033,10617,11080,1562051,1617430,1122440,1113203,234036,266420,13661,14287,136755,160746,4134,4261,51025,58513,1168362,1165859,247833,283417,39573,45077,152938,178209,8044,8329,416050,428854,338628,348400,21185,24007,31951,30115,4919,5177,1401,1545,17966,19610,354929,366106,27583,31210,43863,42829,8096,8824,2573,2751
R,11,2023,47,3877117,1905077,1972040,1402916,1407866,243791,277163,43988,42337,142452,165198,5399,5412,66531,74064,1462769,1474498,262523,299883,80792,84024,161116,185039,10453,10347,1501562,1553340,1074046,1066063,223252,254550,13185,13387,137804,160091,4061,4019,49214,55230,1118193,1115637,236113,270382,38345,42656,153462,176571,7985,7855,403515,418700,328870,341803,20539,22613,30803,28950,4648,5107,1338,1393,17317,18834,344576,358861,26410,29501,42447,41368,7654,8468,2468,2492
R,11,2023,48,3884587,1909439,1975148,1409415,1411915,243796,276769,42985,42048,144319,166956,5152,5301,63772,72159,1466818,1476830,261903,298425,78735,82926,161716,186216,9640,10076,1512398,1562972,1084525,1074144,223884,254918,12978,13610,139689,162026,3906,3953,47416,54321,1127111,1122993,236421,270122,37869,42731,154137,178033,7384,7629,397041,412176,324890,337771,19912,21851,30007,28438,4630,4930,1246,1348,16356,17838,339707,353837,25482,28303,40866,40195,7579,8183,2256,2447
R,11,2023,49,3847446,1889925,1957521,1397593,1404722,239848,271444,41962,41048,143208,164927,4954,5155,62360,70225,1453686,1468001,257241,292107,77339,81407,160109,183485,9419,9590,1503956,1554253,1081047,1073276,220829,250673,12957,13387,138780,160172,3774,3824,46569,52921,1122845,1120822,233041,265277,37646,42278,152916,175672,7203,7251,385969,403268,316546,331446,19019,20771,29005,27661,4428,4755,1180,1331,15791,17304,330841,347179,24200,26830,39693,39129,7193,7813,2216,2339
R,11,2023,50,3826590,1874370,1952220,1385778,1399256,239791,272930,40515,40171,142714,165938,4873,5140,60699,68785,1440363,1460970,256463,293138,74966,79689,159354,184182,9151,9626,1501837,1560314,1079429,1076337,221684,252808,12728,13556,138506,161367,3695,3802,45795,52444,1120420,1123324,233367,267112,37199,42344,152504,176676,7078,7287,372533,391906,306349,322919,18107,20122,27787,26615,4208,4571,1178,1338,14904,16341,319943,337646,23096,26026,37767,37345,6850,7506,2073,2339
R,11,2023,51,3967632,1941548,2026084,1441137,1459193,248526,283171,41401,40123,144016,168662,4890,5061,61578,69874,1496498,1522036,265035,303332,77210,80926,160360,186632,9234,9619,1568795,1633268,1134077,1134791,230718,263063,13404,13788,139777,164066,3711,3767,47108,53793,1176280,1183027,242533,277633,39341,43792,153610,179285,7151,7367,372753,392816,307060,324402,17808,20108,27997,26335,4239,4596,1179,1294,14470,16081,320218,339009,22502,25699,37869,37134,6750,7347,2083,2252
R,11,2023,52,4170615,2042066,2128549,1538494,1556026,255511,292551,40149,40399,139607,162738,4992,4962,63313,71873,1595469,1620891,272254,312770,77672,83467,155859,180350,9446,9535,1674810,1740916,1234849,1235596,238017,272992,13714,14382,135374,158217,3767,3768,49089,55961,1278970,1285967,250083,287710,41425,46858,149232,173094,7349,7391,367256,387633,303645,320430,17494,19559,26435,26017,4233,4521,1225,1194,14224,15912,316499,334924,22171,25060,36247,36609,6627,7256,2097,2144
R,11,2023,53,4288112,2101466,2186646,1591236,1609890,261366,296105,40598,39831,139768,163343,4899,5060,63599,72417,1648580,1675036,278088,316435,78896,83771,155328,180773,9346,9771,1734271,1804938,1287397,1293977,243824,276763,13937,14640,135662,158924,3741,3883,49710,56751,1332124,1344869,256092,291812,42651,48022,148911,173600,7326,7690,367195,381708,303839,315913,17542,19342,26661,25191,4106,4419,1158,1177,13889,15666,316456,330167,21996,24623,36245,35749,6417,7173,2020,2081
R,11,2023,54,4114304,2011180,2103124,1533525,1558450,243690,278457,37839,38256,132241,155370,4662,4890,59223,67701,1587032,1619485,258868,296939,73846,80031,146775,171296,8868,9276,1662524,1738005,1243846,1255545,227388,260463,13179,14099,128420,151189,3605,3766,46086,52943,1285376,1303195,238331,273937,40177,45918,140772,164557,6996,7269,348656,365119,289679,302905,16302,17994,24660,24157,3821,4181,1057,1124,13137,14758,301656,316290,20537,23002,33669,34113,6003,6739,1872,2007
R,11,2023,55,3997240,1951803,2045437,1485836,1513676,239833,274761,37369,36653,128682,151894,4350,4714,55733,63739,1536056,1570982,254156,292289,71540,76241,142017,166522,8276,8853,1615708,1694987,1206558,1222297,224120,257376,13087,13899,125134,147940,3351,3599,43458,49876,1245621,1267021,234501,270108,38889,44229,136423,160285,6520,6929,336095,350450,279278,291379,15713,17385,24282,22754,3548,3954,999,1115,12275,13863,290435,303961,19655,22181,32651,32012,5594,6237,1756,1924
R,11,2023,56,3960108,1927811,2032297,1480039,1516329,236807,274805,35385,35587,117570,139014,4454,4550,53556,62012,1528424,1572179,250275,292020,68913,74665,129834,152506,8113,8591,1605179,1693584,1210942,1234127,221971,257821,12964,13947,114118,135269,3447,3517,41737,48903,1248535,1278080,231709,270486,38307,44209,124493,146528,6440,6768,322632,338713,269097,282202,14836,16984,22421,21640,3452,3745,1007,1033,11819,13109,279889,294099,18566,21534,30606,30456,5341,5978,1673,1823
R,11,2023,57,3996843,1942413,2054430,1492934,1536196,241622,280948,34915,35328,115740,135816,4444,4661,52758,61481,1540224,1591450,255202,297809,68197,74463,127627,148970,8201,8633,1624723,1721937,1227249,1258726,226955,264543,13146,14242,112445,132206,3434,3611,41494,48609,1264346,1302351,236789,276969,38711,44686,122469,143231,6502,6790,317690,332493,265685,277470,14667,16405,21769,21086,3295,3610,1010,1050,11264,12872,275878,289099,18413,20840,29486,29777,5158,5739,1699,1843
R,11,2023,58,4158256,2016506,2141750,1557070,1608955,249130,291171,35388,35995,116713,137988,4393,4714,53812,62927,1605446,1665440,262692,308365,69709,76206,128531,151324,8175,8767,1701155,1810468,1293147,1332273,234504,274759,13951,15087,113463,134421,3426,3679,42664,50249,1331379,1377291,244540,287579,40502,46716,123507,145674,6533,6988,315351,331282,263923,276682,14626,16412,21437,20908,3250,3567,967,1035,11148,12678,274067,288149,18152,20786,29207,29490,5024,5650,1642,1779
R,11,2023,59,4294882,2074477,2220405,1616263,1685721,249781,293665,34773,35323,115884,137935,4112,4590,53664,63171,1664576,1742560,262697,310202,69802,76890,127314,150848,7789,8518,1773139,1898015,1363426,1415101,236062,277772,14150,15613,112881,134628,3232,3599,43388,51302,1402403,1461182,245767,290311,42030,49072,122644,145614,6251,6867,301338,322390,252837,270620,13719,15893,20623,19710,3003,3307,880,991,10276,11869,262173,281378,16930,19891,27772,27818,4670,5234,1538,1651
R,11,2023,60,4301449,2074625,2226824,1620697,1697820,245124,288394,33669,34153,118032,139454,3995,4488,53108,62515,1668524,1754075,257879,304698,68660,75214,129186,152076,7513,8420,1785146,1915771,1377639,1436458,231868,273276,14345,15402,115109,136186,3188,3530,42997,50919,1416256,1482183,241485,285808,42218,48533,124695,146939,6111,6771,289479,311053,243058,261362,13256,15118,19324,18751,2923,3268,807,958,10111,11596,252268,271892,16394,18890,26442,26681,4491,5137,1402,1649
R,11,2023,61,4283776,2061726,2222050,1622602,1708313,240008,284744,32185,33303,111483,130347,4102,4503,51346,60840,1668953,1763084,252044,300433,66012,73829,122332,142446,7565,8241,1785472,1923921,1389731,1457091,227751,270777,13933,15274,108711,127238,3277,3605,42069,49936,1427618,1501956,236896,282852,41235,48279,118124,137593,6212,6675,276254,298129,232871,251222,12257,13967,18252,18029,2772,3109,825,898,9277,10904,241335,261128,15148,17581,24777,25550,4208,4853,1353,1566
R,11,2023,62,4271950,2050005,2221945,1630585,1724518,233684,279707,30655,32413,100881,121373,3882,4170,50318,59764,1675956,1778308,245511,295030,64173,72560,111360,132954,7135,7872,1790271,1938965,1411572,1485979,222099,266506,13791,15458,98383,118514,3124,3316,41302,49192,1448698,1530170,231165,278323,40928,48294,107480,128440,5872,6354,259734,282980,219013,238539,11585,13201,16864,16955,2498,2859,758,854,9016,10572,227258,248138,14346,16707,23245,24266,3880,4514,1263,1518
R,11,2023,63,4290440,2052964,2237476,1628088,1732747,236358,282411,30378,32367,104724,127337,3802,4193,49614,58421,1672885,1785218,248144,297470,63397,71421,114853,138771,7004,7754,1796437,1956137,1411585,1495219,224932,269496,13606,15403,102250,124446,3078,3383,40986,48190,1448508,1538418,234020,281169,40543,47380,111083,134284,5731,6334,256527,281339,216503,237528,11426,12915,16772,16964,2474,2891,724,810,8628,10231,224377,246800,14124,16301,22854,24041,3770,4487,1273,1420
R,11,2023,64,4168612,1986922,2181690,1586165,1698950,224343,272469,28406,30379,97902,120405,3499,3852,46607,55635,1628118,1749050,235013,286594,59576,67914,107690,131095,6504,7141,1752636,1921419,1388321,1479400,213915,260359,13152,14637,95609,117751,2861,3152,38778,46120,1423152,1520801,222249,271441,38694,45552,104206,126988,5392,5875,234286,260271,197844,219550,10428,12110,15254,15742,2293,2654,638,700,7829,9515,204966,228249,12764,15153,20882,22362,3484,4107,1112,1266
R,11,2023,65,4093807,1944335,2149472,1555815,1677739,216618,264711,26238,28935,98006,121130,3351,3673,44307,53284,1595674,1725618,226915,278377,56128,64960,106986,131306,6106,6771,1725230,1902576,1370843,1468865,206589,253420,12418,14297,95871,118617,2729,3016,36780,44361,1403833,1508632,214591,264189,36952,44104,103738,127407,5060,5572,219105,246896,184972,208874,10029,11291,13820,14638,2135,2513,622,657,7527,8923,191841,216986,12324,14188,19176,20856,3248,3899,1046,1199
R,11,2023,66,4064247,1921735,2142512,1543836,1681212,210207,260208,25715,27719,95777,118426,3163,3504,43037,51443,1582586,1727518,220138,273152,54769,63159,104487,127792,5877,6454,1711099,1902347,1365282,1477074,201003,249381,12298,13883,93837,116160,2633,2828,36046,43021,1397634,1515702,208847,259633,36368,43408,101534,124263,4946,5300,210636,240165,178554,204138,9204,10827,13417,13836,1940,2266,530,676,6991,8422,184952,211816,11291,13519,18401,19751,2953,3529,931,1154
R,11,2023,67,3924092,1848190,2075902,1489555,1629987,199164,250637,23961,26289,92076,116690,3003,3356,40431,48943,1526062,1674000,208476,263062,51290,59819,100137,125794,5569,6209,1651035,1848474,1322354,1436694,190478,240241,11576,13346,90195,114390,2480,2785,33952,41018,1352957,1473486,197791,250107,34305,41294,97289,122300,4631,5211,197155,227428,167201,193293,8686,10396,12385,12943,1881,2300,523,571,6479,7925,173105,200514,10685,12955,16985,18525,2848,3494,938,998
R,11,2023,68,3801319,1785372,2015947,1444349,1590356,187475,237542,22725,24826,89987,114354,2835,3252,38001,45617,1478538,1631208,196210,249209,48476,55964,97542,122922,5289,5993,1598040,1798265,1285418,1404917,179147,227702,11002,12559,88210,112239,2355,2646,31908,38202,1314058,1438990,186002,236915,32414,38487,94890,119747,4449,4989,187332,217682,158931,185439,8328,9840,11723,12267,1777,2115,480,606,6093,7415,164480,192218,10208,12294,16062,17477,2652,3175,840,1004
R,11,2023,69,3681108,1719559,1961549,1399373,1556276,176355,226923,20806,23416,85671,108587,2649,3114,34705,43233,1430608,1594942,184483,237900,44335,53124,92492,116536,4834,5755,1547145,1757177,1252606,1381873,168736,217831,10339,12054,84101,106573,2193,2560,29170,36286,1278784,1414205,175140,226479,29926,36904,90132,113500,4080,4817,172414,204372,146767,174403,7619,9092,10467,11362,1570,2014,456,554,5535,6947,151824,180737,9343,11421,14409,16220,2360,3036,754,938
R,11,2023,70,3496420,1625332,1871088,1332331,1495528,160578,210716,18949,21198,78989,100701,2395,2753,32090,40192,1361218,1531640,167992,220964,40971,48697,85199,108043,4431,5183,1468028,1681610,1198039,1333197,153682,202311,9564,11209,77589,98958,2000,2290,27154,33645,1222452,1363303,159525,210420,28033,34143,83134,105361,3752,4386,157304,189478,134292,162331,6896,8405,9385,9989,1400,1743,395,463,4936,6547,138766,168337,8467,10544,12938,14554,2065,2682,679,797
R,11,2023,71,3382426,1567095,1815331,1291561,1456526,149914,200578,17324,19984,76440,98270,2287,2660,29569,37313,1318171,1490025,156871,210126,37529,45752,82118,104845,4190,4944,1421207,1637375,1166550,1303544,143528,192817,8953,10695,75140,96644,1935,2207,25101,31468,1189047,1331692,149104,200431,25989,32366,80194,102396,3565,4159,145888,177956,125011,152982,6386,7761,8371,9289,1300,1626,352,453,4468,5845,129124,158333,7767,9695,11540,13386,1924,2449,625,785
R,11,2023,72,3199515,1475760,1723755,1222890,1387943,139315,190543,15881,18522,67977,89371,2011,2428,27686,34948,1247756,1419318,145725,199576,35144,42954,73085,95203,3775,4490,1339474,1556975,1105498,1244428,133532,183320,8342,9920,66819,87896,1718,1999,23565,29412,1126567,1270719,138710,190487,24616,30536,71362,92962,3245,3784,136286,166780,117392,143515,5783,7223,7539,8602,1158,1475,293,429,4121,5536,121189,148599,7015,9089,10528,12418,1723,2241,530,706
R,11,2023,73,3045661,1397568,1648093,1152543,1321381,132758,182485,15019,17549,69301,91741,1931,2235,26016,32702,1175938,1350630,138938,191156,32882,40090,74151,97472,3595,4239,1268870,1486347,1041826,1181882,127214,175442,7905,9355,68175,90299,1636,1882,22114,27487,1061622,1206375,132160,182322,22993,28298,72484,95247,3104,3590,128698,161746,110717,139499,5544,7043,7114,8194,1126,1442,295,353,3902,5215,114316,144255,6778,8834,9889,11792,1667,2225,491,649
R,11,2023,74,2927824,1337787,1590037,1113286,1286455,120205,168817,13852,15966,64801,85973,1789,2071,23854,30755,1134783,1313959,125640,176853,30405,37354,69185,91112,3397,3983,1220112,1441402,1011601,1157683,115361,162495,7439,8719,63731,84634,1522,1739,20458,26132,1029975,1180958,119725,169001,21601,26912,67640,89143,2940,3399,117675,148635,101685,128772,4844,6322,6413,7247,1070,1339,267,332,3396,4623,104808,133001,5915,7852,8804,10442,1545,1969,457,584
R,11,2023,75,2834274,1290606,1543668,1082144,1259376,111264,157949,12664,14990,60539,80082,1641,1987,22354,29284,1102229,1285615,116490,165571,28191,35385,64595,84963,3107,3774,1181658,1403934,987732,1138317,106814,152129,7027,8289,59585,78790,1378,1679,19122,24730,1004858,1160391,111067,158224,20215,25489,63202,83034,2681,3234,108948,139734,94412,121059,4450,5820,5637,6701,954,1292,263,308,3232,4554,97371,125224,5423,7347,7976,9896,1393,1929,426,540
R,11,2023,76,2894078,1315825,1578253,1122719,1314230,101824,145768,12187,14113,55415,73461,1538,1762,22142,28919,1142786,1340326,106724,153173,27886,34584,59204,77992,2920,3437,1213543,1445617,1033783,1198727,97874,140291,6812,7939,54562,72322,1313,1489,19199,24849,1051168,1221094,101888,146322,20378,25542,57943,76312,2557,2983,102282,132636,88936,115503,3950,5477,5375,6174,853,1139,225,273,2943,4070,91618,119232,4836,6851,7508,9042,1261,1680,363,454
R,11,2023,77,2314693,1043952,1270741,885706,1050643,80945,119180,9811,11991,48394,64183,1333,1535,17763,23209,901809,1071509,84956,125130,22114,27966,51539,68133,2551,3068,956050,1153591,809196,948721,77436,114201,5391,6637,47655,63138,1140,1293,15232,19601,822990,966265,80648,118969,15923,20150,50449,66582,2222,2635,87902,117150,76510,101922,3509,4979,4420,5354,739,1045,193,242,2531,3608,78819,105244,4308,6161,6191,7816,1090,1551,329,433
R,11,2023,78,1992295,889100,1103195,750659,907301,71606,107786,8396,10750,42738,56367,1141,1446,14560,19545,763769,924753,75023,113002,18305,24107,45476,59688,2235,2774,810152,996418,681667,814080,68545,103392,4572,5822,42063,55425,964,1200,12341,16499,692732,828737,71249,107583,12930,17079,44454,58342,1928,2350,78948,106777,68992,93221,3061,4394,3824,4928,675,942,177,246,2219,3046,71037,96016,3774,5419,5375,7028,1022,1346,307,424
R,11,2023,79,1895701,837569,1058132,711470,876272,64448,99879,7686,9777,39273,52322,987,1296,13705,18586,723799,892820,67762,105041,17062,22461,41758,55398,1974,2599,767673,960358,650288,790686,61677,95981,4284,5338,38769,51469,853,1079,11802,15805,660879,804695,64361,100174,12350,16145,40988,54152,1725,2231,69896,97774,61182,85586,2771,3898,3402,4439,504,853,134,217,1903,2781,62920,88125,3401,4867,4712,6316,770,1246,249,368
R,11,2023,80,1891558,828874,1062684,712614,893006,60238,95307,7015,9270,35365,46120,885,1140,12757,17841,724150,908977,63249,100104,15876,21610,37552,48963,1837,2356,764089,970218,655698,812094,57760,91561,4026,5082,34827,45387,761,951,11017,15143,665643,825595,60205,95412,11686,15605,36766,47830,1593,2031,64785,92466,56916,80912,2478,3746,2989,4188,538,733,124,189,1740,2698,58507,83382,3044,4692,4190,6005,786,1133,244,325
R,11,2023,81,1663983,721180,942803,616638,788044,53098,85630,6140,8215,33303,44486,770,1061,11231,15367,626734,801799,55743,89836,13846,18820,35356,46969,1565,2055,663857,859443,566273,714831,50862,82324,3519,4528,32876,43810,650,879,9677,13071,574950,726462,53021,85731,10138,13579,34705,45986,1345,1765,57323,83360,50365,73213,2236,3306,2621,3687,427,676,120,182,1554,2296,51784,75337,2722,4105,3708,5241,651,983,220,290
R,11,2023,82,1435022,613189,821833,523179,685205,45218,75639,5411,7207,29090,39180,706,916,9585,13686,531829,697417,47535,79367,11933,16684,30862,41450,1374,1797,562546,747976,478607,620156,43278,72823,3146,4046,28719,38578,608,761,8188,11612,485987,630483,45126,75817,8721,12106,30282,40530,1179,1528,50643,73857,44572,65049,1940,2816,2265,3161,371,602,98,155,1397,2074,45842,66934,2409,3550,3212,4578,580,920,195,269
R,11,2023,83,1284604,539476,745128,457686,618772,40429,69842,4828,6695,27423,36894,639,836,8471,12089,465264,629521,42539,73293,10542,14836,29056,38908,1232,1679,492975,674815,416690,556859,38641,67041,2759,3695,27055,36332,537,682,7293,10206,423200,565870,40353,69821,7633,10578,28524,38106,1060,1422,46501,70313,40996,61913,1788,2801,2069,3000,368,562,102,154,1178,1883,42064,63651,2186,3472,2909,4258,532,802,172,257
R,11,2023,84,1139694,472639,667055,402209,556011,34671,61307,4117,5909,23977,32266,469,757,7196,10805,408665,565583,36452,64309,8927,13209,25346,34099,994,1536,431850,604319,366237,500612,33058,58791,2322,3292,23678,31769,372,635,6183,9220,371762,508736,34501,61213,6437,9547,24914,33372,850,1318,40789,62736,35972,55399,1613,2516,1795,2617,299,497,97,122,1013,1585,36903,56847,1951,3096,2490,3662,432,727,144,218
R,11,2023,85,1044951,427249,617702,364841,517138,30326,55254,3683,5509,21368,29476,472,655,6559,9670,370729,525757,31911,58024,8070,11940,22668,31120,946,1295,391154,560560,332875,466679,28978,52982,2150,3133,21075,29054,394,528,5682,8184,337969,473923,30257,55241,5963,8585,22234,30486,809,1095,36095,57142,31966,50459,1348,2272,1533,2376,293,422,78,127,877,1486,32760,51834,1654,2783,2107,3355,434,634,137,200
R,11,2023,86,910191,365878,544313,312138,455059,25954,48869,3057,4695,18655,26551,387,593,5687,8546,317288,462600,27426,51368,6844,10273,19725,28108,786,1227,334621,493739,284322,410343,24817,46867,1787,2622,18423,26149,332,483,4940,7275,288789,416716,26010,48926,5080,7381,19390,27514,689,1045,31257,50574,27816,44716,1137,2002,1270,2073,232,402,55,110,747,1271,28499,45884,1416,2442,1764,2892,335,594,97,182
R,11,2023,87,800593,316211,484382,269805,405890,22237,43250,2651,4122,16236,23263,303,510,4979,7347,274270,412352,23532,45457,5843,8891,17250,24616,695,1046,289025,439225,245643,365874,21231,41505,1547,2303,16043,22919,253,428,4308,6196,249486,371284,22297,43314,4282,6305,16956,24113,608,895,27186,45157,24162,40016,1006,1745,1104,1819,193,344,50,82,671,1151,24784,41068,1235,2143,1561,2586,294,503,87,151
R,11,2023,88,711199,275171,436028,235387,365171,19195,38783,2315,3751,13885,21124,276,438,4113,6761,239064,371140,20274,40706,4922,8132,14735,22396,606,930,251492,395541,214335,329285,18322,37243,1344,2094,13717,20780,232,359,3542,5780,217488,334364,19210,38803,3573,5874,14483,21895,529,792,23679,40487,21052,35886,873,1540,971,1657,168,344,44,79,571,981,21576,36776,1064,1903,1349,2258,252,501,77,138
R,11,2023,89,605040,229964,375076,196994,314928,15807,33070,1896,3158,11557,17892,275,382,3435,5646,200085,319904,16709,34710,4044,6816,12290,18985,529,798,210211,340822,179345,284512,15099,31758,1120,1773,11418,17619,229,322,3000,4838,182030,288751,15849,33097,2984,4904,12081,18599,454,701,19753,34254,17649,30416,708,1312,776,1385,139,273,46,60,435,808,18055,31153,860,1613,1060,1912,209,386,75,97
R,11,2023,90,508090,188620,319470,161672,267967,12722,27784,1543,2613,9646,15954,198,330,2839,4822,164218,272154,13416,29179,3347,5706,10283,16907,419,741,172706,290647,147495,242309,12154,26644,913,1536,9528,15726,165,280,2451,4152,149679,245902,12725,27786,2448,4194,10110,16579,363,648,15914,28823,14177,25658,568,1140,630,1077,118,228,33,50,388,670,14539,26252,691,1393,899,1512,173,328,56,93
R,11,2023,91,448240,162037,286203,139103,240967,10782,24324,1277,2354,8191,13984,157,325,2527,4249,141358,244676,11463,25610,2829,5052,8749,14814,379,673,148532,260782,127039,218299,10312,23360,740,1382,8082,13779,136,275,2223,3687,129021,221504,10893,24448,2094,3722,8586,14519,337,587,13505,25421,12064,22668,470,964,537,972,109,205,21,50,304,562,12337,23172,570,1162,735,1330,163,295,42,86
R,11,2023,92,372803,131795,241008,114119,204856,8035,19200,1044,1897,6475,11352,128,244,1994,3459,115899,207834,8592,20253,2225,4096,6951,12042,298,548,120712,220151,104213,186224,7670,18430,590,1092,6400,11205,108,204,1731,2996,105758,188780,8154,19303,1596,3006,6818,11819,253,473,11083,20857,9906,18632,365,770,454,805,75,147,20,40,263,463,10141,19054,438,950,629,1090,133,223,45,75
R,11,2023,93,322712,110411,212301,95155,179593,6948,17135,872,1593,5741,10624,111,216,1584,3140,96569,182313,7383,18042,1832,3590,6101,11261,255,498,101119,193596,86819,162880,6634,16424,524,916,5667,10497,94,185,1381,2694,88047,165183,6991,17174,1355,2623,5995,11073,226,439,9292,18705,8336,16713,314,711,348,677,74,127,17,31,203,446,8522,17130,392,868,477,967,106,188,29,59
R,11,2023,94,251496,82845,168651,71416,143002,5063,13545,668,1197,4328,8286,80,181,1290,2440,72544,145101,5434,14324,1460,2689,4630,8787,208,407,75882,154402,65205,130291,4829,12984,393,710,4272,8158,67,157,1116,2102,66179,132082,5131,13643,1066,1977,4548,8606,184,361,6963,14249,6211,12711,234,561,275,487,56,128,13,24,174,338,6365,13019,303,681,394,712,82,181,24,46
R,11,2023,95,200812,63890,136922,55048,116054,3967,10888,534,1011,3287,6817,62,131,992,2021,55914,117778,4258,11524,1144,2260,3517,7247,146,328,58523,125642,50252,106065,3779,10415,311,602,3258,6714,53,110,870,1736,51012,107527,4022,10951,845,1671,3471,7096,125,284,5367,11280,4796,9989,188,473,223,409,29,103,9,21,122,285,4902,10251,236,573,299,589,46,151,21,44
R,11,2023,96,155617,47608,108009,40843,91489,2999,8598,360,805,2558,5464,52,108,796,1545,41537,92798,3246,9064,806,1788,2743,5781,125,261,43774,99430,37394,83827,2881,8248,220,494,2533,5392,44,93,702,1376,38005,84990,3089,8649,607,1371,2706,5682,107,233,3834,8579,3449,7662,118,350,140,311,25,72,8,15,94,169,3532,7808,157,415,199,417,37,99,18,28
R,11,2023,97,116132,34206,81926,29200,69284,2237,6546,273,596,1872,4200,32,100,592,1200,29718,70310,2398,6952,612,1317,2030,4443,100,222,31422,75556,26705,63598,2149,6290,167,384,1851,4143,26,87,524,1054,27162,64489,2282,6639,468,1003,1997,4366,85,200,2784,6370,2495,5686,88,256,106,212,21,57,6,13,68,146,2556,5821,116,313,144,314,33,77,15,22
R,11,2023,98,84433,23845,60588,20124,50898,1605,4920,207,465,1470,3250,32,66,407,989,20463,51715,1720,5272,446,1032,1585,3468,84,180,21924,55887,18425,46728,1538,4725,134,293,1452,3214,27,57,348,870,18715,47446,1633,5024,330,789,1556,3401,75,154,1921,4701,1699,4170,67,195,73,172,18,36,5,9,59,119,1748,4269,87,248,116,243,29,67,9,26
R,11,2023,99,59901,16181,43720,13495,36633,1154,3645,150,346,1085,2374,13,49,284,673,13738,37169,1237,3881,314,748,1159,2529,43,128,14841,40402,12315,33670,1102,3502,97,238,1070,2351,12,44,245,597,12524,34142,1172,3707,235,590,1138,2491,35,112,1340,3318,1180,2963,52,143,53,108,15,23,1,5,39,76,1214,3027,65,174,79,158,21,38,8,16
R,11,2023,100,104871,26197,78674,20865,63787,2161,7478,343,715,2114,5104,72,124,642,1466,21384,64959,2426,8036,663,1526,2306,5464,181,326,23754,72800,18760,58649,2069,7185,230,509,2081,5051,55,106,559,1300,19214,59685,2297,7671,505,1224,2246,5365,144,272,2443,5874,2105,5138,92,293,113,206,33,53,17,18,83,166,2170,5274,129,365,158,302,60,99,37,54
R,12,2023,999,338185714,165951535,172234179,121640523,124593839,21751729,23828081,3442262,3353467,10831615,11840592,461574,462398,7823832,8155802,128829111,132073752,24775050,27024736,6695258,6854649,13271693,14288957,977476,977629,132330235,138376165,94989208,97666144,19716114,21747509,1149270,1185030,10380780,11382406,341049,340857,5753814,6054219,100281190,103223574,21878398,24058701,3340959,3603458,12314167,13322955,714504,714220,33621300,33858014,26651315,26927695,2035615,2080572,2292992,2168437,450835,458186,120525,121541,2070018,2101583,28547921,28850178,2896652,2966035,3354299,3251191,957526,966002,262972,263409
R,12,2023,0,3611533,1847216,1764317,1201938,1146215,294226,284924,46953,44822,113994,106823,6835,6678,183270,174855,1373580,1309708,383264,370593,98168,93803,178511,167936,17395,16714,1305318,1244268,814416,773990,247529,240049,11608,11272,103375,96628,4617,4444,123773,117885,930970,884866,307301,297710,40228,38404,150237,140933,11136,10475,541898,520049,387522,372225,46697,44875,35345,33550,10619,10195,2218,2234,59497,56970,442610,424842,75963,72883,57940,55399,28274,27003,6259,6239
R,12,2023,1,3712964,1895957,1817007,1232336,1178192,304661,295471,46803,45283,119542,112899,7223,6876,185392,178286,1405956,1344874,394652,382698,98349,94997,185030,175480,17877,17082,1350218,1290403,839893,799854,258154,250589,12123,11605,108858,102722,4798,4449,126392,121184,958879,913797,319061,309710,41260,39399,156929,148513,11458,10663,545739,526604,392443,378338,46507,44882,34680,33678,10684,10177,2425,2427,59000,57102,447077,431077,75591,72988,57089,55598,28101,26967,6419,6419
R,12,2023,2,3720184,1900537,1819647,1237804,1180599,306705,298672,44252,42447,119786,113736,6767,6472,185223,177721,1411266,1346743,396586,385548,95691,91854,185275,176278,17400,16624,1375691,1312566,860080,815289,262297,255559,12405,11833,109913,104163,4545,4308,126451,121414,979110,929430,323166,314687,41503,39617,158115,150201,11210,10536,524846,507081,377724,365310,44408,43113,31847,30614,9873,9573,2222,2164,58772,56307,432156,417313,73420,70861,54188,52237,27160,26077,6190,6088
R,12,2023,3,3721704,1902000,1819704,1237769,1179985,306998,297908,44799,43076,123327,117097,6687,6319,182420,175319,1408624,1343943,395681,383757,95225,91590,187839,178774,17136,16312,1384409,1322177,862303,819078,265116,257598,13198,12722,113795,107723,4679,4365,125318,120691,980270,932572,325554,316499,41949,40274,161533,153419,11275,10545,517591,497527,375466,360907,41882,40310,31601,30354,9532,9374,2008,1954,57102,54628,428354,411371,70127,67258,53276,51316,26306,25355,5861,5767
R,12,2023,4,3819731,1950217,1869514,1284789,1225692,303610,297109,46515,44574,124898,118948,7089,6727,183316,176464,1456442,1390687,392237,383059,97309,93576,189896,181130,17715,16792,1436020,1374026,909623,863426,263711,258868,14738,14287,115599,109898,4950,4788,127399,122759,1029489,978768,324840,318518,44132,42573,164213,156320,11756,11150,514197,495488,375166,362266,39899,38241,31777,30287,9299,9050,2139,1939,55917,53705,426953,411919,67397,64541,53177,51003,25683,24810,5959,5642
R,12,2023,5,3873949,1977468,1896481,1307551,1248631,308701,301376,47626,46138,124665,119250,7255,6809,181670,174277,1477642,1411540,396150,385689,98402,94836,188864,180715,17996,16880,1459849,1397156,928341,882577,268928,263285,15123,14700,115471,110321,5128,4867,126858,121406,1047659,996586,329777,322007,44517,42733,163696,156216,12008,11290,517619,499325,379210,366054,39773,38091,32503,31438,9194,8929,2127,1942,54812,52871,429983,414954,66373,63682,53885,52103,25168,24499,5988,5590
R,12,2023,6,3940505,2013707,1926798,1334517,1272181,313913,305338,48900,46789,128460,122641,7502,6798,180415,173051,1503173,1433786,399921,388863,100179,95998,192210,183194,18356,16946,1488251,1419644,946461,897953,274586,267155,15996,15248,119332,113796,5379,4835,126497,120657,1065239,1011224,334687,325415,45929,43598,167347,159072,12420,11253,525456,507154,388056,374228,39327,38183,32904,31541,9128,8845,2123,1963,53918,52394,437934,422562,65234,63448,54250,52400,24863,24122,5936,5693
R,12,2023,7,4035884,2061037,1974847,1375951,1312373,313739,306838,51087,49132,131451,125381,7515,7111,181294,174012,1545264,1474786,398980,389746,103750,99882,195371,186115,18480,17503,1520922,1454341,976098,926828,273888,268250,16393,16014,122063,116473,5343,5080,127137,121696,1095430,1041001,333546,326328,47123,45587,170186,161932,12394,11733,540115,520506,399853,385545,39851,38588,34694,33118,9388,8908,2172,2031,54157,52316,449834,433785,65434,63418,56627,54295,25185,24183,6086,5770
R,12,2023,8,4068712,2078907,1989805,1393471,1327476,317486,309015,51210,49927,129897,123837,7387,7159,179456,172391,1561164,1488332,401494,390943,104267,100741,192699,183561,18181,17470,1534835,1465079,988098,937158,277915,270431,16687,16148,120693,114987,5269,5077,126173,121278,1106568,1050877,337008,328339,47865,45888,167946,159921,12247,11725,544072,524726,405373,390318,39571,38584,34523,33779,9204,8850,2118,2082,53283,51113,454596,437455,64486,62604,56402,54853,24753,23640,5934,5745
R,12,2023,9,4081717,2085943,1995774,1400715,1333332,317547,309237,51663,50202,131993,125641,7381,7181,176644,170181,1565740,1492115,399673,389741,104685,101351,193631,184009,17944,17237,1544941,1474358,996429,944964,278236,270725,16870,16270,122930,117103,5288,5097,125188,120199,1113933,1057664,336443,327918,48370,46408,169695,161176,12221,11659,541002,521416,404286,388368,39311,38512,34793,33932,9063,8538,2093,2084,51456,49982,451807,434451,63230,61823,56315,54943,23936,22833,5723,5578
R,12,2023,10,4050937,2070415,1980522,1392137,1327215,315927,307204,52324,49993,130111,123531,7439,7065,172477,165514,1553166,1481511,395637,384821,105029,100734,189942,180159,17925,17015,1533031,1462570,989971,939661,277125,269393,16918,16213,121206,115042,5273,4954,122538,117307,1104936,1049571,333858,324841,48375,46383,166661,157822,12145,11434,537384,517952,402166,387554,38802,37811,35406,33780,8905,8489,2166,2111,49939,48207,448230,431940,61779,59980,56654,54351,23281,22337,5780,5581
R,12,2023,11,4089362,2089431,1999931,1406290,1341569,318076,308694,52937,50699,134366,127246,7535,7145,170227,164578,1564951,1494856,396224,384859,105936,102148,193216,183489,17893,17070,1546925,1476688,998771,948134,279067,271155,17110,16459,125495,118834,5322,5033,121160,117073,1112308,1057663,334829,325688,48836,47205,170305,161617,12155,11615,542506,523243,407519,393435,39009,37539,35827,34240,8871,8412,2213,2112,49067,47505,452643,437193,61395,59171,57100,54943,22911,21872,5738,5455
R,12,2023,12,4118804,2107608,2011196,1425565,1355287,321796,311348,53759,51776,130118,123112,7436,7138,168934,162535,1583018,1506619,398921,386013,107454,103443,187800,178396,17761,17046,1555900,1481283,1009497,956161,282392,273573,17149,16383,121116,114681,5237,4952,120509,115533,1122366,1064180,337740,327062,49525,47364,165003,156683,12093,11482,551708,529913,416068,399126,39404,37775,36610,35393,9002,8431,2199,2186,48425,47002,460652,442439,61181,58951,57929,56079,22797,21713,5668,5564
R,12,2023,13,4215304,2155914,2059390,1463224,1392980,330162,318771,54643,52177,129113,123285,7434,7182,171338,164995,1622951,1546674,407806,394478,110254,105782,186908,178392,17798,17132,1584565,1511016,1027493,974799,291542,281073,17212,16934,120344,115079,5255,5028,122719,118103,1142418,1085228,347412,335661,50933,49495,164624,157246,12231,11639,571349,548374,435731,418181,38620,37698,37431,35243,8769,8206,2179,2154,48619,46892,480533,461446,60394,58817,59321,56287,22284,21146,5567,5493
R,12,2023,14,4260524,2178911,2081613,1484973,1412026,333243,322439,54335,52115,128290,123220,7431,7105,170639,164708,1643865,1565361,410744,398728,109507,105142,185803,177686,17803,17150,1598285,1525064,1036774,982852,294958,285147,17702,17153,119888,115153,5182,4833,123781,119926,1152578,1094959,351752,341179,51724,50220,164418,157340,12204,11683,580626,556549,448199,429174,38285,37292,36633,34962,8402,8067,2249,2272,46858,44782,491287,470402,58992,57549,57783,54922,21385,20346,5599,5467
R,12,2023,15,4417661,2260443,2157218,1545580,1466600,346092,333944,56203,53796,132136,126842,7447,7162,172985,168874,1706463,1623657,424489,411516,113051,109836,189494,181836,18314,17327,1655345,1578731,1075959,1018411,306131,296283,18367,17688,123509,118530,5101,4850,126278,122969,1193786,1133283,364079,353634,53872,52623,168208,161085,12470,11762,605098,578487,469621,448189,39961,37661,37836,36108,8627,8312,2346,2312,46707,45905,512677,490374,60410,57882,59179,57213,21286,20751,5844,5565
R,12,2023,16,4453554,2278882,2174672,1563929,1485908,344898,332545,57879,55660,133688,127355,7475,7210,171013,165994,1722850,1640030,421643,407881,116118,111898,189764,181546,18034,17415,1666279,1588318,1087552,1030581,305360,294908,18531,17904,124988,119167,5054,4930,124794,120828,1203996,1143287,361821,350381,55026,53045,168715,161088,12326,11840,612603,586354,476377,455327,39538,37637,39348,37756,8700,8188,2421,2280,46219,45166,518854,496743,59822,57500,61092,58853,21049,20458,5708,5575
R,12,2023,17,4429880,2269992,2159888,1564733,1481434,340468,327418,58811,55117,132299,127133,7375,7077,166306,161709,1719144,1631578,413836,399671,116447,110838,186955,179599,17671,16982,1658757,1579341,1089084,1029384,301617,290293,18287,17599,123689,119070,4996,4773,121084,118222,1201990,1139662,355427,343952,54264,52678,166419,159876,12030,11523,611235,580547,475649,452050,38851,37125,40524,37518,8610,8063,2379,2304,45222,43487,517154,491916,58409,55719,62183,58160,20536,19723,5641,5459
R,12,2023,18,4408664,2260815,2147849,1565648,1476155,332490,320659,58757,55611,136046,133130,7481,7213,160393,155081,1714576,1619972,401842,388863,115599,110167,188672,183850,17257,16684,1654077,1575563,1092045,1029048,294469,284771,18100,17582,127812,125409,5090,4954,116561,113799,1200728,1134975,345230,335401,53782,52078,168987,165203,11759,11536,606738,572286,473603,447107,38021,35888,40657,38029,8234,7721,2391,2259,43832,41282,513848,484997,56612,53462,61817,58089,19685,18647,5498,5148
R,12,2023,19,4431667,2273651,2158016,1576787,1486725,331993,318915,59078,54142,142145,139448,7600,7112,156048,151674,1721439,1627350,398637,384793,115114,108677,193646,188623,17343,16392,1670775,1590703,1104208,1041706,294870,283789,18248,17119,133888,131788,5234,4968,114327,111333,1210585,1145233,343719,332585,54007,51907,174434,170584,11990,11397,602876,567313,472579,445019,37123,35126,40830,37023,8257,7660,2366,2144,41721,40341,510854,482117,54918,52208,61107,56770,19212,18039,5353,4995
R,12,2023,20,4434978,2275619,2159359,1583451,1491359,330315,318673,58881,53561,143240,141112,7668,7076,152064,147578,1724375,1628131,394059,381652,114998,107652,192942,189053,17127,16089,1677792,1597614,1114360,1049897,293660,283919,17886,16945,135364,133559,5249,4985,111273,108309,1217861,1150649,340636,330543,53595,51605,174524,171163,11797,11326,597827,561745,469091,441462,36655,34754,40995,36616,7876,7553,2419,2091,40791,39269,506514,477482,53423,51109,61403,56047,18418,17890,5330,4763
R,12,2023,21,4465722,2282460,2183262,1585247,1505466,337220,329692,59025,53689,147814,145192,7589,7228,145565,141995,1719974,1636476,397512,390098,113604,106326,195383,191086,16780,16092,1685668,1620794,1115751,1062222,300162,294464,17832,16980,140029,137720,5342,5123,106552,104285,1214577,1158771,344637,339257,52639,50692,177415,173880,11804,11333,596792,562468,469496,443244,37058,35228,41193,36709,7785,7472,2247,2105,39013,37710,505397,477705,52875,50841,60965,55634,17968,17206,4976,4759
R,12,2023,22,4653746,2360508,2293238,1634720,1579236,354136,352172,58289,53532,165034,161919,7835,7760,140494,138619,1763947,1706870,412616,411301,110653,104028,211118,207289,17231,16924,1760144,1723714,1161212,1128647,315619,315779,17751,17478,157242,154108,5550,5562,102770,102140,1255962,1222894,358524,359739,51181,49832,193615,190144,12159,12119,600364,569524,473508,450589,38517,36393,40538,36054,7792,7811,2285,2198,37724,36479,507985,483976,54092,51562,59472,54196,17503,17145,5072,4805
R,12,2023,23,4871384,2467052,2404332,1706575,1653704,371030,370494,59323,54284,185138,181698,8510,8275,136476,135877,1831859,1778297,427268,428564,110235,103145,230308,226881,17787,17374,1858058,1826587,1224820,1195429,331870,333173,18249,17693,177006,173617,6232,5937,99881,100738,1316700,1288022,373081,376398,50578,49159,212839,209756,12890,12441,608994,577745,481755,458275,39160,37321,41074,36591,8132,8081,2278,2338,36595,35139,515159,490275,54187,52166,59657,53986,17469,17125,4897,4933
R,12,2023,24,4713746,2390764,2322982,1667444,1608991,349941,350691,56699,51449,180275,175667,8290,7919,128115,128265,1784854,1726715,402521,405214,105092,98004,222249,217928,17108,16429,1806239,1768689,1203205,1168161,313072,314954,17404,16773,172489,167985,6117,5629,93952,95187,1289489,1255708,351759,355747,48260,46768,205941,201837,12395,11666,584525,554293,464239,440830,36869,35737,39295,34676,7786,7682,2173,2290,34163,33078,495365,471007,50762,49467,56832,51236,16308,16091,4713,4763
R,12,2023,25,4631668,2348749,2282919,1640786,1580122,341213,342250,55613,50619,178696,176924,8129,7855,124312,125149,1754668,1695087,391357,394970,103086,96849,219359,217638,16723,16036,1777073,1740144,1186999,1148233,305175,307732,16726,15989,170924,169183,5922,5605,91327,93402,1270781,1234277,342094,347230,47054,46045,203462,202033,12120,11529,571676,542775,453787,431889,36038,34518,38887,34630,7772,7741,2207,2250,32985,31747,483887,460810,49263,47740,56032,50804,15897,15605,4603,4507
R,12,2023,26,4465418,2264638,2200780,1582011,1519615,324687,325856,53616,48601,179357,179820,7791,7447,117176,119441,1689394,1629153,371367,375422,98916,93430,217884,218788,15690,15099,1713309,1678414,1143736,1103283,290435,293291,15761,15123,171859,172352,5672,5368,85846,88997,1222536,1185035,324448,330426,44677,44067,202764,203983,11376,10922,551329,522366,438275,416332,34252,32565,37855,33478,7498,7468,2119,2079,31330,30444,466858,444118,46919,44996,54239,49363,15120,14805,4314,4177
R,12,2023,27,4430685,2243715,2186970,1572147,1509300,316155,320754,53652,48348,179596,183982,7659,7247,114506,117339,1676841,1616785,361036,368708,98506,93138,217175,222168,15611,14953,1696220,1668841,1136790,1096883,282304,288563,15433,14679,172307,176563,5573,5350,83813,86803,1213641,1176553,314880,324265,43718,43319,202732,207436,11338,10922,547495,518129,435357,412417,33851,32191,38219,33669,7289,7419,2086,1897,30693,30536,463200,440232,46156,44443,54788,49819,14443,14732,4273,4031
R,12,2023,28,4456013,2251510,2204503,1578718,1521524,319233,325847,54166,48589,179798,186168,7676,7350,111919,115025,1680890,1626574,362747,372724,98781,93468,216285,222975,15534,15156,1705327,1683655,1145385,1107156,284962,292702,15443,14674,172312,178582,5624,5469,81601,85072,1219951,1185063,316380,327277,43769,43525,201770,208473,11350,11157,546183,520848,433333,414368,34271,33145,38723,33915,7486,7586,2052,1881,30318,29953,460939,441511,46367,45447,55012,49943,14515,14502,4184,3999
R,12,2023,29,4473865,2253374,2220491,1580945,1528673,322111,335709,53606,48811,179421,185692,7630,7437,109661,114169,1680818,1632979,364011,381453,98357,94435,214927,222054,15547,15125,1714503,1702967,1153272,1117298,288439,302440,15425,14825,172044,178414,5642,5476,79681,84514,1225879,1194542,318576,336164,43620,44397,200831,208042,11444,11124,538871,517524,427673,411375,33672,33269,38181,33986,7377,7278,1988,1961,29980,29655,454939,438437,45435,45289,54737,50038,14096,14012,4103,4001
R,12,2023,30,4519974,2273174,2246800,1596226,1543942,326627,344149,54090,49496,182238,189210,7691,7324,106302,112679,1692744,1646710,366781,388984,97554,95556,217087,224722,15567,14915,1739181,1731247,1171471,1134210,293394,311161,15735,15354,175103,181812,5636,5330,77842,83380,1242216,1210463,322380,343935,43407,45485,203492,210701,11426,10911,533993,515553,424755,409732,33233,32988,38355,34142,7135,7398,2055,1994,28460,29299,450528,436247,44401,45049,54147,50071,13595,14021,4141,4004
R,12,2023,31,4609479,2314919,2294560,1630059,1580602,330900,350771,55261,50693,184668,192759,7494,7339,106537,112396,1726971,1683164,370035,393890,100368,98131,219083,228027,15310,14951,1777434,1774373,1202417,1167018,297558,317216,16392,15844,177565,185522,5591,5356,77911,83417,1273311,1243228,325558,348674,45408,47229,205590,214413,11343,10935,537485,520187,427642,413584,33342,33555,38869,34849,7103,7237,1903,1983,28626,28979,453660,439936,44477,45216,54960,50902,13493,13614,3967,4016
R,12,2023,32,4672479,2336769,2335710,1650502,1610041,332791,358931,55248,50391,186818,196954,7834,7421,103576,111972,1744359,1711796,370365,401416,99737,98339,220228,232355,15629,15152,1805993,1820921,1228905,1202287,299304,324350,16700,16314,179757,189594,5845,5533,75482,82843,1297378,1277686,325955,354973,45171,47955,207015,218477,11661,11312,530776,514789,421597,407754,33487,34581,38548,34077,7061,7360,1989,1888,28094,29129,446981,434110,44410,46443,54566,50384,13213,13878,3968,3840
R,12,2023,33,4773496,2388116,2385380,1693606,1648771,336781,363946,56213,51447,191079,202285,7735,7619,102702,111312,1786647,1750258,372889,404969,101089,100705,224721,236856,15465,15245,1852235,1867956,1267501,1238925,303207,329396,16930,16618,183989,195090,5738,5631,74870,82296,1335415,1314092,328487,358728,45688,49302,211599,223396,11479,11304,535881,517424,426105,409846,33574,34550,39283,34829,7090,7195,1997,1988,27832,29016,451232,436166,44402,46241,55401,51403,13122,13460,3986,3941
R,12,2023,34,4673221,2335114,2338107,1658036,1615115,328333,356525,53921,49962,188343,202387,7560,7138,98921,106980,1747880,1712228,362393,395283,97886,98187,220339,235659,14925,14505,1825413,1841214,1252504,1220634,296507,323613,16480,16463,181677,195560,5708,5350,72537,79594,1318359,1292869,320367,351402,45068,48937,208109,223018,11298,11005,509701,496893,405532,394481,31826,32912,37441,33499,6666,6827,1852,1788,26384,27386,429521,419359,42026,43881,52818,49250,12230,12641,3627,3500
R,12,2023,35,4592681,2286679,2306002,1632656,1601332,312915,343957,53128,49661,186234,201079,7225,7151,94521,102822,1718277,1694707,344741,380586,95459,96836,217057,232976,14359,14150,1788048,1818146,1235048,1213611,282750,312073,16231,16135,179533,194433,5408,5347,69078,76547,1297589,1283220,304979,338024,43488,48028,205047,220792,10834,10677,498631,487856,397608,387721,30165,31884,36897,33526,6701,6646,1817,1804,25443,26275,420688,411487,39762,42562,51971,48808,12010,12184,3525,3473
R,12,2023,36,4503562,2243641,2259921,1612287,1576862,302098,332467,51828,48019,179496,195315,7191,6931,90741,100327,1694440,1668122,332280,367691,93481,94908,208597,226022,14158,13816,1757217,1783478,1223587,1197617,272809,301933,15631,15406,173057,188834,5365,5154,66768,74534,1283943,1265474,294006,326922,42840,47083,197250,214270,10731,10342,486424,476443,388700,379245,29289,30534,36197,32613,6439,6481,1826,1777,23973,25793,410497,402648,38274,40769,50641,47825,11347,11752,3427,3474
R,12,2023,37,4498533,2239292,2259241,1616529,1585103,298103,328648,51443,48464,177311,192864,7161,6862,88745,97300,1696904,1673330,326782,362164,92930,95441,205984,222241,14034,13429,1755548,1785425,1229572,1207538,269119,298552,15416,15383,171009,186506,5391,5067,65041,72379,1288464,1273153,288917,322294,42499,47340,194765,210868,10633,10075,483744,473816,386957,377565,28984,30096,36027,33081,6302,6358,1770,1795,23704,24921,408440,400177,37865,39870,50431,48101,11219,11373,3401,3354
R,12,2023,38,4529818,2255507,2274311,1634438,1600840,297256,327836,52044,48432,176747,194098,7026,6888,87996,96217,1714070,1688314,325359,359896,94273,95703,204588,222847,13735,13617,1769812,1801169,1245662,1222557,268887,298655,15093,15632,170511,187739,5305,5206,64354,71380,1303875,1287480,288117,320956,42866,48043,193631,211533,10365,10320,485695,473142,388776,378283,28369,29181,36951,32800,6236,6359,1721,1682,23642,24837,410195,400834,37242,38940,51407,47660,10957,11314,3370,3297
R,12,2023,39,4429516,2200318,2229198,1597681,1571142,285831,318692,50728,47915,175139,192464,6803,6683,84136,92302,1673749,1654653,311736,349089,91724,94335,201797,219855,13438,13198,1730661,1765293,1221185,1199736,259088,290483,14838,15250,168954,186401,5097,4990,61499,68433,1276718,1261693,276877,311579,41790,47021,191044,209021,10188,9978,469657,463905,376496,371406,26743,28209,35890,32665,6185,6063,1706,1693,22637,23869,397031,392960,34859,37510,49934,47314,10753,10834,3250,3220
R,12,2023,40,4388591,2176011,2212580,1583950,1561258,282142,315391,50527,47649,170861,190352,6623,6677,81908,91253,1657822,1643772,307411,344735,91286,94838,196291,216851,13023,13134,1712284,1751091,1211900,1191025,255487,287772,14820,15049,165118,184470,4984,4990,59975,67785,1265882,1252262,272812,308284,41846,47648,186144,206345,9877,9933,463727,461489,372050,370233,26655,27619,35707,32600,5743,5882,1639,1687,21933,23468,391940,391510,34599,36451,49440,47190,10147,10506,3146,3201
R,12,2023,41,4429554,2190757,2238797,1598079,1583449,284439,318361,51072,48541,169160,190440,6431,6665,81576,91341,1671836,1666011,309355,347656,92499,96602,193774,216369,12848,13026,1723442,1769259,1222461,1205951,257833,290521,15039,15334,163452,184462,4775,4959,59882,68032,1276504,1267432,275059,311017,42658,48774,183866,205848,9733,9833,467315,469538,375618,377498,26606,27840,36033,33207,5708,5978,1656,1706,21694,23309,395332,398579,34296,36639,49841,47828,9908,10521,3115,3193
R,12,2023,42,4331332,2138394,2192938,1566518,1556097,277013,312123,49406,47103,160534,183175,6324,6305,78599,88135,1637297,1635725,300746,340459,90040,93992,183895,207802,12354,12505,1687849,1735973,1204347,1188468,251661,285201,14334,14747,155025,177395,4684,4636,57798,65526,1256283,1247740,268134,305028,41609,47285,174391,197680,9320,9319,450545,456965,362171,367629,25352,26922,35072,32356,5509,5780,1640,1669,20801,22609,381014,387985,32612,35431,48431,46707,9504,10122,3034,3186
R,12,2023,43,4397253,2174419,2222834,1592188,1575591,287491,322580,50959,48212,158434,181699,6553,6478,78794,88274,1663149,1655286,311393,350631,91990,96037,181557,205816,12688,12602,1709661,1756404,1217386,1199605,262049,295275,14939,15137,152711,175840,4819,4827,57757,65720,1269273,1258873,278506,315007,42488,48574,171796,195712,9571,9487,464758,466430,374802,375986,25442,27305,36020,33075,5723,5859,1734,1651,21037,22554,393876,396413,32887,35624,49502,47463,9761,10104,3117,3115
R,12,2023,44,4212208,2078767,2133441,1524337,1513493,274145,309177,48073,46076,151608,174962,6056,6116,74548,83617,1591576,1588812,296374,336020,87640,91409,172947,197671,11692,11894,1641183,1689253,1170894,1155320,250432,283212,14079,14482,146367,169547,4548,4515,54863,62177,1220293,1211332,265715,301756,40876,46294,164098,188253,8928,8930,437584,444188,353443,358173,23713,25965,33994,31594,5241,5415,1508,1601,19685,21440,371283,377480,30659,34264,46764,45115,8849,9418,2764,2964
R,12,2023,45,4059130,1998835,2060295,1468777,1465071,261949,295308,46001,44773,145609,169673,5815,5747,70684,79723,1532436,1536965,282849,320342,84008,88442,165793,191253,10949,11154,1576192,1628714,1126407,1116490,239395,270573,13383,13831,140566,164179,4359,4193,52082,59448,1173238,1170048,253848,288058,39241,44548,157264,181994,8296,8355,422643,431581,342370,348581,22554,24735,32618,30942,5043,5494,1456,1554,18602,20275,359198,366917,29001,32284,44767,43894,8529,9259,2653,2799
R,12,2023,46,4030258,1981001,2049257,1462989,1463999,255577,290601,45749,44625,141838,165955,5552,5848,69296,78229,1525505,1534477,275894,314892,83725,88063,161282,187110,10643,11130,1563737,1619132,1123532,1114793,234284,266465,13649,14320,136919,160776,4154,4283,51199,58495,1169629,1167450,248153,283483,39613,44987,153183,178259,8066,8362,417264,430125,339457,349206,21293,24136,32100,30305,4919,5179,1398,1565,18097,19734,355876,367027,27741,31409,44112,43076,8099,8851,2577,2768
R,12,2023,47,3887168,1909919,1977249,1406911,1411256,244285,278097,44054,42419,142628,165471,5426,5395,66615,74611,1466832,1478406,263081,300953,80775,84454,161408,185442,10492,10361,1505349,1557502,1077079,1068739,223690,255314,13213,13430,137962,160366,4071,3999,49334,55654,1121334,1118718,236594,271230,38358,42995,153717,176938,7995,7843,404570,419747,329832,342517,20595,22783,30841,28989,4666,5105,1355,1396,17281,18957,345498,359688,26487,29723,42417,41459,7691,8504,2497,2518
R,12,2023,48,3879927,1906811,1973116,1406079,1409145,243959,277019,43138,42067,144446,167390,5153,5347,64036,72148,1463734,1474050,262176,298734,79087,82888,161863,186635,9650,10132,1508671,1560190,1080560,1070788,223882,255143,12991,13588,139810,162425,3908,3993,47520,54253,1123248,1119574,236448,270376,37961,42607,154275,178436,7400,7684,398140,412926,325519,338357,20077,21876,30147,28479,4636,4965,1245,1354,16516,17895,340486,354476,25728,28358,41126,40281,7588,8199,2250,2448
R,12,2023,49,3859164,1896021,1963143,1402779,1409327,240309,272063,42138,41227,143326,164793,4987,5150,62482,70583,1458979,1472929,257758,292842,77510,81792,160263,183442,9477,9592,1508103,1558061,1084646,1076502,221165,251140,13003,13400,138860,160044,3795,3815,46634,53160,1126514,1124261,233424,265805,37654,42417,153016,175619,7239,7243,387918,405082,318133,332825,19144,20923,29135,27827,4466,4749,1192,1335,15848,17423,332465,348668,24334,27037,39856,39375,7247,7823,2238,2349
R,12,2023,50,3812777,1868086,1944691,1380809,1393658,238573,271388,40394,40080,142770,165832,4870,5147,60670,68586,1435361,1455215,255267,291538,74853,79428,159380,184072,9138,9626,1495981,1553163,1074859,1071114,220476,251303,12627,13491,138564,161230,3702,3802,45753,52223,1115807,1117919,232148,265563,37103,42089,152544,176519,7072,7280,372105,391528,305950,322544,18097,20085,27767,26589,4206,4602,1168,1345,14917,16363,319554,337296,23119,25975,37750,37339,6836,7553,2066,2346
R,12,2023,51,3958703,1936750,2021953,1435637,1454204,248491,283284,41579,40296,144437,169255,4899,5104,61707,69810,1491149,1516953,265014,303505,77390,80977,160893,187274,9250,9672,1562350,1627404,1127344,1128437,230590,263043,13399,13792,140188,164648,3718,3799,47111,53685,1169574,1176543,242376,277614,39271,43682,154096,179893,7166,7410,374400,394549,308293,325767,17901,20241,28180,26504,4249,4607,1181,1305,14596,16125,321575,340410,22638,25891,38119,37295,6797,7381,2084,2262
R,12,2023,52,4140419,2026799,2113620,1526393,1543887,253300,289966,39978,40286,139433,162819,4974,4931,62721,71731,1582815,1608630,269923,310159,77027,83196,155616,180483,9385,9477,1660792,1726837,1223700,1224242,235866,270490,13641,14300,135209,158293,3746,3740,48630,55772,1267376,1274449,247875,285163,40988,46561,149015,173223,7288,7338,366007,386783,302693,319645,17434,19476,26337,25986,4224,4526,1228,1191,14091,15959,315439,334181,22048,24996,36039,36635,6601,7260,2097,2139
R,12,2023,53,4300749,2107603,2193146,1594833,1613560,262533,297749,40783,40071,140419,164039,4923,5067,64112,72660,1652639,1678933,279421,318144,79379,84149,156106,181508,9387,9798,1738599,1809643,1289642,1296169,244879,278294,13992,14691,136277,159597,3757,3882,50052,57010,1334685,1347302,257226,293400,42882,48246,149635,174311,7349,7691,369004,383503,305191,317391,17654,19455,26791,25380,4142,4442,1166,1185,14060,15650,317954,331631,22195,24744,36497,35903,6471,7197,2038,2107
R,12,2023,54,4126004,2016762,2109242,1537117,1562202,244751,279871,37965,38366,132758,155886,4689,4896,59482,68021,1590836,1623508,260022,298534,74092,80207,147377,171955,8952,9316,1666393,1741978,1246065,1257584,228331,261697,13192,14111,128912,151690,3622,3774,46271,53122,1287731,1305374,239351,275316,40244,45892,141349,165182,7066,7317,350369,367264,291052,304618,16420,18174,24773,24255,3846,4196,1067,1122,13211,14899,303105,318134,20671,23218,33848,34315,6028,6773,1886,1999
R,12,2023,55,4007279,1957121,2050158,1489241,1517132,240376,274611,37556,36721,129623,152810,4355,4758,55970,64126,1539668,1574809,254766,292220,71837,76560,143063,167534,8294,8905,1619816,1698528,1209029,1224797,224574,257170,13139,13907,126071,148840,3353,3630,43650,50184,1248267,1269818,235000,269941,39035,44443,137441,161267,6528,6962,337305,351630,280212,292335,15802,17441,24417,22814,3552,3970,1002,1128,12320,13942,291401,304991,19766,22279,32802,32117,5622,6267,1766,1943
R,12,2023,56,3953639,1924661,2028978,1476466,1512187,236648,274645,35386,35690,118040,139876,4437,4552,53684,62028,1524967,1568042,250163,291884,68926,74700,130378,153447,8116,8605,1601727,1689476,1207252,1229465,221729,257625,12906,13889,114565,136107,3435,3521,41840,48869,1244932,1273386,231495,270294,38265,44075,125006,147414,6442,6773,322934,339502,269214,282722,14919,17020,22480,21801,3475,3769,1002,1031,11844,13159,280035,294656,18668,21590,30661,30625,5372,6033,1674,1832
R,12,2023,57,3988681,1938080,2050601,1490368,1533913,240226,279937,34837,35190,115544,135439,4464,4626,52641,61496,1537596,1589188,253797,296802,67975,74304,127438,148578,8186,8597,1620364,1718116,1224561,1256387,225656,263489,13090,14194,112243,131833,3447,3585,41367,48628,1261584,1300028,235491,275932,38484,44616,122275,142865,6489,6768,317716,332485,265807,277526,14570,16448,21747,20996,3301,3606,1017,1041,11274,12868,276012,289160,18306,20870,29491,29688,5163,5713,1697,1829
R,12,2023,58,4139309,2007851,2131458,1548516,1599083,248785,290427,35459,36080,116896,138479,4406,4724,53789,62665,1596815,1655318,262371,307549,69746,76080,128736,151857,8212,8759,1691874,1799614,1284271,1322092,233981,273956,13902,15044,113652,134898,3441,3678,42627,49946,1322427,1366825,244014,286672,40434,46437,123715,146171,6567,6967,315977,331844,264245,276991,14804,16471,21557,21036,3244,3581,965,1046,11162,12719,274388,288493,18357,20877,29312,29643,5021,5686,1645,1792
R,12,2023,59,4291377,2072393,2218984,1613866,1683549,250008,294245,34794,35362,115885,137879,4117,4622,53723,63327,1662265,1740537,262967,310950,69810,76947,127340,150764,7792,8562,1769914,1895547,1360047,1412071,236286,278324,14150,15578,112838,134550,3230,3631,43363,51393,1399032,1458240,245998,291000,41964,49016,122609,145509,6248,6900,302479,323437,253819,271478,13722,15921,20644,19784,3047,3329,887,991,10360,11934,263233,282297,16969,19950,27846,27931,4731,5255,1544,1662
R,12,2023,60,4296554,2072178,2224376,1618342,1695234,244954,288142,33686,34280,117904,139716,4013,4491,53279,62513,1666332,1751472,257729,304403,68802,75321,129098,152412,7536,8451,1781693,1912366,1374426,1433228,231635,272921,14325,15393,115001,136446,3198,3522,43108,50856,1413142,1478892,241271,285372,42273,48463,124606,147266,6115,6786,290485,312010,243916,262006,13319,15221,19361,18887,2903,3270,815,969,10171,11657,253190,272580,16458,19031,26529,26858,4492,5146,1421,1665
R,12,2023,61,4286090,2062543,2223547,1621313,1707132,240481,285379,32357,33432,113001,132041,4081,4510,51310,61053,1667602,1762101,252579,301141,66114,74050,123849,144199,7558,8267,1784938,1923578,1387387,1454360,228130,271270,13954,15349,110182,128904,3258,3613,42027,50082,1425219,1499362,237304,283407,41205,48419,119585,139290,6205,6697,277605,299969,233926,252772,12351,14109,18403,18083,2819,3137,823,897,9283,10971,242383,262739,15275,17734,24909,25631,4264,4909,1353,1570
R,12,2023,62,4261594,2045426,2216168,1626647,1720112,232900,278863,30685,32347,100840,121040,3922,4172,50432,59634,1672113,1773799,244721,294193,64286,72382,111337,132607,7161,7836,1785477,1933088,1407507,1481442,221317,265661,13781,15399,98341,118180,3155,3323,41376,49083,1444695,1525536,230372,277474,40955,48144,107466,128103,5899,6334,259949,283080,219140,238670,11583,13202,16904,16948,2499,2860,767,849,9056,10551,227418,248263,14349,16719,23331,24238,3871,4504,1262,1502
R,12,2023,63,4296098,2055460,2240638,1629889,1734840,236784,282909,30488,32423,104774,127437,3806,4225,49719,58804,1674800,1787661,248614,297988,63553,71801,114926,138927,7038,7819,1797894,1958305,1412538,1496468,225283,269973,13636,15413,102296,124545,3083,3403,41058,48503,1449544,1539974,234395,281653,40612,47643,111155,134416,5760,6370,257566,282333,217351,238372,11501,12936,16852,17010,2478,2892,723,822,8661,10301,225256,247687,14219,16335,22941,24158,3771,4511,1278,1449
R,12,2023,64,4168919,1987072,2181847,1585925,1698652,224126,272509,28445,30482,98352,120726,3509,3863,46715,55615,1627958,1748719,234829,286703,59650,67909,108188,131457,6537,7175,1751694,1920386,1387181,1478149,213642,260283,13127,14654,96045,118065,2865,3155,38834,46080,1422044,1519500,221983,271405,38686,45475,104663,127333,5413,5901,235378,261461,198744,220503,10484,12226,15318,15828,2307,2661,644,708,7881,9535,205914,229219,12846,15298,20964,22434,3525,4124,1124,1274
R,12,2023,65,4094327,1944721,2149606,1554950,1676541,217437,265485,26375,29058,98093,121277,3366,3696,44500,53549,1595017,1724683,227782,279211,56410,65231,107078,131506,6125,6817,1724451,1901617,1369025,1466807,207333,254122,12477,14345,95941,118745,2741,3037,36934,44561,1402185,1506770,215379,264933,37110,44274,103828,127573,5071,5605,220270,247989,185925,209734,10104,11363,13898,14713,2152,2532,625,659,7566,8988,192832,217913,12403,14278,19300,20957,3250,3933,1054,1212
R,12,2023,66,4068415,1923920,2144495,1545449,1682350,210351,260281,25790,27853,96004,118814,3185,3509,43141,51688,1584261,1728870,220306,273258,54891,63460,104773,128258,5909,6479,1712484,1903442,1366188,1477523,201124,249433,12334,13912,94054,116520,2649,2836,36135,43218,1398594,1516317,208982,259699,36448,43562,101792,124712,4975,5330,211436,241053,179261,204827,9227,10848,13456,13941,1950,2294,536,673,7006,8470,185667,212553,11324,13559,18443,19898,2981,3546,934,1149
R,12,2023,67,3932805,1851932,2080873,1492172,1633569,199706,251533,24083,26370,92374,116933,3012,3372,40585,49096,1528828,1677716,209069,264044,51514,59981,100475,126052,5583,6227,1653878,1852568,1324214,1439549,191001,241083,11612,13383,90490,114629,2492,2797,34069,41127,1354925,1476436,198362,251020,34409,41386,97629,122539,4652,5217,198054,228305,167958,194020,8705,10450,12471,12987,1884,2304,520,575,6516,7969,173903,201280,10707,13024,17105,18595,2846,3513,931,1010
R,12,2023,68,3802523,1785659,2016864,1444042,1590154,187693,238006,22804,24954,90102,114648,2831,3249,38187,45853,1478428,1631238,196453,249710,48655,56274,97705,123236,5282,5985,1597787,1798452,1284680,1404139,179296,228138,11044,12612,88322,112514,2349,2635,32096,38414,1313508,1438428,186182,237392,32571,38707,95035,120033,4445,4973,187872,218412,159362,186015,8397,9868,11760,12342,1780,2134,482,614,6091,7439,164920,192810,10271,12318,16084,17567,2670,3203,837,1012
R,12,2023,69,3696508,1727226,1969282,1404243,1561461,177741,228196,21013,23590,86465,109326,2697,3138,35067,43571,1435782,1600425,185936,239251,44781,53524,93372,117383,4924,5816,1553360,1763226,1256318,1385662,170069,219015,10422,12128,84875,107322,2234,2588,29442,36511,1282724,1418188,176516,227705,30171,37116,90990,114340,4155,4869,173866,206056,147925,175799,7672,9181,10591,11462,1590,2004,463,550,5625,7060,153058,182237,9420,11546,14610,16408,2382,3043,769,947
R,12,2023,70,3500319,1627380,1872939,1333617,1496380,160963,211188,19027,21292,79142,100964,2388,2774,32243,40341,1362656,1532626,168403,221489,41158,48897,85371,108305,4429,5194,1469275,1682895,1198654,1333608,154044,202752,9595,11237,77722,99195,1986,2303,27274,33800,1223188,1363862,159905,210901,28154,34286,83275,105601,3741,4391,158105,190044,134963,162772,6919,8436,9432,10055,1420,1769,402,471,4969,6541,139468,168764,8498,10588,13004,14611,2096,2704,688,803
R,12,2023,71,3396180,1573078,1823102,1295500,1461554,150794,201913,17499,20152,77307,99273,2298,2677,29680,37533,1322176,1495242,157789,211502,37749,46021,83063,105934,4216,4986,1426105,1643641,1169615,1307292,144317,194065,9009,10788,76013,97626,1948,2223,25203,31647,1192179,1335590,149920,201725,26099,32535,81129,103455,3590,4201,146973,179461,125885,154262,6477,7848,8490,9364,1294,1647,350,454,4477,5886,129997,159652,7869,9777,11650,13486,1934,2479,626,785
R,12,2023,72,3204952,1478305,1726647,1225527,1391405,139164,190053,15915,18537,67835,89117,2011,2420,27853,35115,1250563,1422936,145602,199124,35287,43089,72991,94990,3783,4481,1341957,1559891,1108124,1247903,133391,182801,8366,9940,66667,87649,1717,1993,23692,29605,1129324,1274372,138588,189992,24707,30705,71257,92755,3248,3776,136348,166756,117403,143502,5773,7252,7549,8597,1168,1468,294,427,4161,5510,121239,148564,7014,9132,10580,12384,1734,2235,535,705
R,12,2023,73,3050938,1399862,1651076,1154014,1322984,133269,183284,15099,17695,69374,91994,1953,2273,26153,32846,1177531,1352376,139484,191982,33044,40347,74229,97743,3615,4285,1270164,1488354,1042434,1182694,127662,176212,7941,9410,68242,90553,1657,1911,22228,27574,1062331,1207276,132632,183108,23114,28414,72548,95517,3119,3630,129698,162722,111580,140290,5607,7072,7158,8285,1132,1441,296,362,3925,5272,115200,145100,6852,8874,9930,11933,1681,2226,496,655
R,12,2023,74,2929742,1338642,1591100,1113079,1285960,120701,169702,13921,16064,65206,86469,1786,2068,23949,30837,1134669,1313539,126183,177742,30531,37522,69591,91624,3397,3983,1220378,1441611,1010946,1156510,115810,163331,7450,8762,64138,85109,1522,1733,20512,26166,1029375,1179815,120213,169835,21628,26986,68046,89628,2941,3395,118264,149489,102133,129450,4891,6371,6471,7302,1068,1360,264,335,3437,4671,105294,133724,5970,7907,8903,10536,1545,1996,456,588
R,12,2023,75,2837539,1291919,1545620,1081933,1259768,111961,158614,12772,15050,61074,80755,1665,1998,22514,29435,1102154,1286123,117206,166348,28440,35479,65176,85679,3147,3801,1182693,1405233,987284,1138125,107504,152767,7093,8325,60105,79444,1397,1690,19310,24882,1004573,1160322,111777,158958,20442,25585,63772,83723,2715,3255,109226,140387,94649,121643,4457,5847,5679,6725,969,1311,268,308,3204,4553,97581,125801,5429,7390,7998,9894,1404,1956,432,546
R,12,2023,76,2867963,1303110,1564853,1110376,1300597,101375,145534,12125,14101,55705,73935,1548,1780,21981,28906,1130289,1326647,106286,152928,27643,34559,59498,78503,2932,3456,1200549,1432026,1021224,1184991,97398,140002,6738,7902,54845,72810,1325,1506,19019,24815,1038433,1207292,101411,146028,20119,25462,58230,76833,2576,3001,102561,132827,89152,115606,3977,5532,5387,6199,860,1125,223,274,2962,4091,91856,119355,4875,6900,7524,9097,1268,1670,356,455
R,12,2023,77,2392187,1079607,1312580,917703,1087663,82979,121911,10090,12244,49135,65317,1346,1541,18354,23904,934353,1109192,87092,127997,22861,28776,52346,69327,2578,3094,990346,1194025,840027,984520,79430,116910,5595,6838,48404,64255,1145,1296,15745,20206,854303,1002643,82730,121779,16525,20844,51254,67747,2238,2651,89261,118555,77676,103143,3549,5001,4495,5406,731,1062,201,245,2609,3698,80050,106549,4362,6218,6336,7932,1092,1580,340,443
R,12,2023,78,1992083,889309,1102774,750195,906349,71876,108079,8457,10776,42965,56501,1143,1473,14673,19596,763397,923851,75289,113283,18467,24167,45718,59852,2243,2810,809802,995214,680729,812477,68778,103630,4598,5813,42275,55544,969,1221,12453,16529,691883,827162,71480,107810,13059,17094,44681,58485,1938,2383,79507,107560,69466,93872,3098,4449,3859,4963,690,957,174,252,2220,3067,71514,96689,3809,5473,5408,7073,1037,1367,305,427
R,12,2023,79,1898098,838640,1059458,712040,876361,64735,100509,7716,9878,39362,52732,1005,1298,13782,18680,724450,892989,68071,105701,17115,22616,41878,55826,2002,2613,768261,961155,650433,790309,61958,96604,4283,5384,38855,51886,867,1084,11865,15888,661086,804393,64660,100809,12364,16233,41098,54593,1753,2245,70379,98303,61607,86052,2777,3905,3433,4494,507,846,138,214,1917,2792,63364,88596,3411,4892,4751,6383,780,1233,249,368
R,12,2023,80,1877013,822484,1054529,706032,884880,60180,95037,7052,9285,35527,46302,888,1150,12805,17875,717605,900891,63174,99845,15986,21648,37719,49151,1845,2365,757538,962081,648992,803949,57698,91309,4035,5117,34986,45567,765,962,11062,15177,658974,817482,60129,95181,11759,15658,36938,48020,1602,2037,64946,92448,57040,80931,2482,3728,3017,4168,541,735,123,188,1743,2698,58631,83409,3045,4664,4227,5990,781,1131,243,328
R,12,2023,81,1695495,735205,960290,629410,803601,53838,86840,6209,8319,33620,44794,774,1071,11354,15665,639627,817624,56528,91125,13989,19136,35686,47312,1577,2090,677305,875681,578509,729370,51569,83443,3581,4573,33185,44105,653,887,9808,13303,587311,741216,53775,86909,10291,13792,35025,46302,1356,1791,57900,84609,50901,74231,2269,3397,2628,3746,435,689,121,184,1546,2362,52316,76408,2753,4216,3698,5344,661,1010,221,299
R,12,2023,82,1440246,615694,824552,525390,687640,45390,75734,5441,7243,29103,39268,710,925,9660,13742,534094,699898,47749,79467,11994,16755,30889,41548,1390,1815,564868,750698,480678,622572,43449,72923,3147,4074,28728,38668,611,769,8255,11692,488106,632968,45331,75927,8747,12190,30309,40635,1196,1546,50826,73854,44712,65068,1941,2811,2294,3169,375,600,99,156,1405,2050,45988,66930,2418,3540,3247,4565,580,913,194,269
R,12,2023,83,1290467,542055,748412,459951,621604,40432,69897,4862,6755,27587,37132,646,834,8577,12190,467639,632441,42557,73371,10647,14970,29242,39184,1239,1678,495255,677679,418700,559338,38627,67091,2788,3720,27222,36565,543,683,7375,10282,425294,568418,40349,69881,7715,10657,28708,38368,1068,1424,46800,70733,41251,62266,1805,2806,2074,3035,365,567,103,151,1202,1908,42345,64023,2208,3490,2932,4313,534,816,171,254
R,12,2023,84,1140301,472643,667658,401910,555949,34741,61578,4120,5922,24109,32547,486,772,7277,10890,408429,565595,36529,64606,8993,13283,25500,34393,1022,1557,431727,604667,365826,500317,33116,59046,2331,3309,23799,32041,389,642,6266,9312,371417,508519,34576,61498,6507,9638,25058,33657,877,1331,40916,62991,36084,55632,1625,2532,1789,2613,310,506,97,130,1011,1578,37012,57076,1953,3108,2486,3645,442,736,145,226
R,12,2023,85,1049627,429219,620408,366444,519307,30485,55541,3737,5561,21497,29568,457,652,6599,9779,372367,528014,32073,58349,8168,12073,22797,31206,932,1302,392841,562789,334235,468458,29128,53255,2177,3140,21213,29142,378,526,5710,8268,339353,475765,30402,55545,6021,8648,22371,30574,797,1100,36378,57619,32209,50849,1357,2286,1560,2421,284,426,79,126,889,1511,33014,52249,1671,2804,2147,3425,426,632,135,202
R,12,2023,86,913387,367495,545892,313295,456010,26168,49244,3089,4706,18811,26757,397,594,5735,8581,318492,463604,27661,51744,6900,10323,19882,28309,795,1223,336105,495313,285379,411277,25025,47233,1810,2650,18572,26361,341,486,4978,7306,289884,417694,26240,49283,5120,7453,19539,27719,691,1044,31390,50579,27916,44733,1143,2011,1279,2056,239,396,56,108,757,1275,28608,45910,1421,2461,1780,2870,343,590,104,179
R,12,2023,87,802169,316845,485324,270408,406776,22102,43098,2664,4155,16359,23391,306,522,5006,7382,274890,413254,23396,45314,5883,8935,17388,24763,708,1065,289501,439811,246081,366440,21101,41336,1557,2323,16167,23047,258,436,4337,6229,249942,371868,22162,43161,4321,6328,17095,24256,625,909,27344,45513,24327,40336,1001,1762,1107,1832,192,344,48,86,669,1153,24948,41386,1234,2153,1562,2607,293,507,83,156
R,12,2023,88,709137,274510,434627,234505,363610,19239,38701,2318,3769,14011,21322,278,441,4159,6784,238228,369614,20331,40642,4957,8155,14861,22588,606,933,250822,394139,213460,327744,18355,37166,1348,2096,13844,20971,232,363,3583,5799,216652,332852,19260,38745,3605,5878,14612,22082,527,794,23688,40488,21045,35866,884,1535,970,1673,167,351,46,78,576,985,21576,36762,1071,1897,1352,2277,249,506,79,139
R,12,2023,89,609997,231685,378312,198412,317707,15911,33270,1917,3202,11702,17980,275,384,3468,5769,201526,322782,16829,34940,4082,6950,12441,19096,537,810,211765,343725,180603,287009,15193,31951,1137,1795,11563,17707,230,322,3039,4941,183318,291330,15960,33316,3021,5001,12233,18708,462,710,19920,34587,17809,30698,718,1319,780,1407,139,273,45,62,429,828,18208,31452,869,1624,1061,1949,208,388,75,100
R,12,2023,90,506849,188495,318354,161456,266792,12723,27768,1556,2603,9696,16026,202,321,2862,4844,164027,270995,13420,29175,3386,5701,10334,16993,423,732,172478,289386,147199,240999,12158,26622,917,1520,9572,15795,167,275,2465,4175,149400,244608,12732,27778,2469,4187,10153,16660,363,643,16017,28968,14257,25793,565,1146,639,1083,124,231,35,46,397,669,14627,26387,688,1397,917,1514,181,333,60,89
R,12,2023,91,450906,163272,287634,139940,241797,11000,24711,1310,2398,8298,14153,157,330,2567,4245,142233,245515,11683,25984,2880,5093,8871,14982,381,674,149616,262033,127749,218979,10515,23726,757,1419,8192,13944,139,278,2264,3687,129771,222196,11093,24801,2137,3765,8710,14679,341,585,13656,25601,12191,22818,485,985,553,979,106,209,18,52,303,558,12462,23319,590,1183,743,1328,161,303,40,89
R,12,2023,92,371200,131208,239992,113731,204001,7878,18989,1029,1886,6444,11359,127,251,1999,3506,115512,207018,8435,20051,2224,4115,6913,12058,302,568,120191,219254,103868,185454,7523,18237,589,1100,6373,11213,106,209,1732,3041,105406,188053,8011,19118,1600,3040,6789,11839,256,490,11017,20738,9863,18547,355,752,440,786,71,146,21,42,267,465,10106,18965,424,933,624,1075,124,219,46,78
R,12,2023,93,323235,110799,212436,95348,179632,6955,17066,896,1627,5865,10704,115,216,1620,3191,96798,182394,7400,17996,1868,3658,6242,11351,258,492,101405,193543,86943,162766,6627,16345,531,933,5786,10581,97,184,1421,2734,88212,165102,6997,17114,1379,2662,6129,11166,227,434,9394,18893,8405,16866,328,721,365,694,79,123,18,32,199,457,8586,17292,403,882,489,996,113,185,31,58
R,12,2023,94,251434,82951,168483,71377,142622,5131,13654,669,1208,4391,8374,80,180,1303,2445,72517,144729,5502,14429,1462,2709,4698,8873,215,407,75971,154190,65140,129874,4906,13088,398,719,4337,8239,67,158,1123,2112,66120,131673,5206,13743,1072,2002,4617,8687,191,365,6980,14293,6237,12748,225,566,271,489,54,135,13,22,180,333,6397,13056,296,686,390,707,81,186,24,42
R,12,2023,95,201791,64444,137347,55506,116346,3997,10910,539,1016,3341,6894,64,135,997,2046,56378,118090,4296,11561,1150,2272,3575,7327,144,336,59002,125980,50640,106284,3807,10433,314,604,3309,6791,56,112,876,1756,51406,107764,4058,10982,850,1678,3524,7173,125,286,5442,11367,4866,10062,190,477,225,412,32,103,8,23,121,290,4972,10326,238,579,300,594,51,154,19,50
R,12,2023,96,156614,47962,108652,41113,91977,3027,8682,378,825,2581,5504,53,106,810,1558,41818,93299,3274,9146,837,1820,2768,5829,124,261,44083,100011,37641,84263,2904,8333,229,500,2558,5431,44,92,707,1392,38258,85442,3109,8731,625,1393,2729,5725,103,235,3879,8641,3472,7714,123,349,149,325,23,73,9,14,103,166,3560,7857,165,415,212,427,39,104,21,26
R,12,2023,97,115561,34025,81536,29047,68855,2201,6523,266,602,1889,4241,29,102,593,1213,29572,69892,2358,6928,606,1320,2045,4491,97,231,31231,75114,26542,63126,2107,6266,167,390,1867,4184,24,90,524,1058,27006,64021,2235,6612,470,1002,2010,4412,80,207,2794,6422,2505,5729,94,257,99,212,22,57,5,12,69,155,2566,5871,123,316,136,318,35,79,17,24
R,12,2023,98,84873,24105,60768,20284,51013,1644,4939,206,454,1503,3297,35,65,433,1000,20641,51841,1771,5293,455,1046,1625,3506,92,174,22157,56041,18552,46809,1580,4741,136,297,1485,3261,30,56,374,877,18859,47533,1687,5039,343,813,1597,3440,83,148,1948,4727,1732,4204,64,198,70,157,18,36,5,9,59,123,1782,4308,84,254,112,233,28,66,9,26
R,12,2023,99,60704,16419,44285,13752,37143,1131,3653,156,360,1089,2386,14,51,277,692,13985,37695,1213,3896,315,766,1162,2547,48,136,15103,40954,12590,34184,1081,3507,100,241,1077,2363,13,45,242,614,12795,34673,1151,3715,237,599,1144,2508,39,118,1316,3331,1162,2959,50,146,56,119,12,23,1,6,35,78,1190,3022,62,181,78,167,18,39,9,18
R,12,2023,100,104128,26021,78107,20632,63135,2159,7428,345,720,2162,5210,71,125,652,1489,21162,64325,2428,7993,667,1541,2356,5579,181,330,23536,72182,18487,57941,2065,7135,232,517,2128,5158,54,108,570,1323,18955,58995,2298,7630,509,1244,2297,5482,147,280,2485,5925,2145,5194,94,293,113,203,34,52,17,17,82,166,2207,5330,130,363,158,297,59,97,34,50
