UNIVERSE,MONTH,YEAR,AGE,TOT_POP,TOT_MALE,TOT_FEMALE,WA_MALE,WA_FEMALE,BA_MALE,BA_FEMALE,IA_MALE,IA_FEMALE,AA_MALE,AA_FEMALE,NA_MALE,NA_FEMALE,TOM_MALE,TOM_FEMALE,WAC_MALE,WAC_FEMALE,BAC_MALE,BAC_FEMALE,IAC_MALE,IAC_FEMALE,AAC_MALE,AAC_FEMALE,NAC_MALE,NAC_FEMALE,NH_MALE,NH_FEMALE,NHWA_MALE,NHWA_FEMALE,NHBA_MALE,NHBA_FEMALE,NHIA_MALE,NHIA_FEMALE,NHAA_MALE,NHAA_FEMALE,NHNA_MALE,NHNA_FEMALE,NHTOM_MALE,NHTOM_FEMALE,NHWAC_MALE,NHWAC_FEMALE,NHBAC_MALE,NHBAC_FEMALE,NHIAC_MALE,NHIAC_FEMALE,NHAAC_MALE,NHAAC_FEMALE,NHNAC_MALE,NHNAC_FEMALE,H_MALE,H_FEMALE,HWA_MALE,HWA_FEMALE,HBA_MALE,HBA_FEMALE,HIA_MALE,HIA_FEMALE,HAA_MALE,HAA_FEMALE,HNA_MALE,HNA_FEMALE,HTOM_MALE,HTOM_FEMALE,HWAC_MALE,HWAC_FEMALE,HBAC_MALE,HBAC_FEMALE,HIAC_MALE,HIAC_FEMALE,HAAC_MALE,HAAC_FEMALE,HNAC_MALE,HNAC_FEMALE
R,1,2025,999,340971336,167340317,173631019,122087603,125046998,21988874,24080876,3544688,3444037,11198954,12215995,472101,473294,8048097,8369819,129486068,132726856,25122747,27383770,6852644,6997818,13724227,14745041,1000380,1000368,132690876,138785571,94697424,97400220,19866778,21918682,1155984,1192732,10731030,11740243,347688,347637,5891972,6186057,100119256,103081423,22093115,24291684,3370756,3633240,12727734,13740678,728415,727773,34649441,34845448,27390179,27646778,2122096,2162194,2388704,2251305,467924,475752,124413,125657,2156125,2183762,29366812,29645433,3029632,3092086,3481888,3364578,996493,1004363,271965,272595
R,1,2025,0,3618993,1851027,1767966,1206231,1150468,293105,283854,46762,44637,114103,106862,6872,6682,183954,175463,1378521,1314540,382506,369824,98206,93782,178810,168177,17475,16753,1307690,1246941,817513,777184,246377,238965,11632,11298,103461,96635,4652,4468,124055,118391,934337,888544,306308,296898,40331,38555,150387,141095,11191,10529,543337,521025,388718,373284,46728,44889,35130,33339,10642,10227,2220,2214,59899,57072,444184,425996,76198,72926,57875,55227,28423,27082,6284,6224
R,1,2025,1,3640402,1861470,1778932,1208624,1153371,295456,285904,48128,45855,118424,111517,6935,6836,183903,175449,1380818,1317376,384715,371750,99455,94910,183317,173027,17539,16916,1308956,1249025,813142,773423,247954,240441,11561,11248,107666,101152,4689,4543,123944,118218,929820,884565,307662,298112,40116,38340,154837,145843,11230,10608,552514,529907,395482,379948,47502,45463,36567,34607,10758,10365,2246,2293,59959,57231,450998,432811,77053,73638,59339,56570,28480,27184,6309,6308
R,1,2025,2,3750098,1914537,1835561,1241825,1187466,306925,297627,48290,46895,123837,117356,7321,7043,186339,179174,1416298,1354946,397325,385207,100084,96824,189739,180371,18027,17308,1356830,1296503,840501,800032,259643,251871,12106,11625,113043,106960,4839,4524,126698,121491,959750,914229,320573,311020,41239,39401,161425,153082,11519,10759,557707,539058,401324,387434,47282,45756,36184,35270,10794,10396,2482,2519,59641,57683,456548,440717,76752,74187,58845,57423,28314,27289,6508,6549
R,1,2025,3,3775677,1928274,1847403,1254380,1197062,309540,301883,45790,43996,124508,118471,6871,6627,187185,179364,1429652,1364718,400340,389508,97741,93847,190764,181666,17604,16871,1388503,1325731,865473,820767,264066,257741,12445,11844,114421,108664,4606,4382,127492,122333,985456,935739,325314,317216,41699,39774,163227,155219,11335,10663,539771,521672,388907,376295,45474,44142,33345,32152,10087,9807,2265,2245,59693,57031,444196,428979,75026,72292,56042,54073,27537,26447,6269,6208
R,1,2025,4,3741157,1911948,1829209,1239883,1181849,309970,300818,45996,44170,126674,120397,6720,6374,182705,175601,1410985,1346057,398786,386802,96481,92793,191326,182166,17173,16386,1382673,1320419,855821,812765,267120,259609,12981,12535,116953,110806,4709,4396,125089,120308,973557,925884,327355,318251,41597,39929,164779,156492,11293,10558,529275,508790,384062,369084,42850,41209,33015,31635,9721,9591,2011,1978,57616,55293,437428,420173,71431,68551,54884,52864,26547,25674,5880,5828
R,1,2025,5,3850747,1965731,1885016,1293780,1234257,304763,298602,47783,45685,128043,122155,7134,6754,184228,177563,1466269,1400269,393816,385111,98803,95014,193433,184699,17776,16852,1441173,1379355,910830,864438,264254,259740,14689,14221,118630,112972,4973,4799,127797,123185,1031055,980174,325482,319502,44120,42559,167555,159714,11788,11163,524558,505661,382950,369819,40509,38862,33094,31464,9413,9183,2161,1955,56431,54378,435214,420095,68334,65609,54683,52455,25878,24985,5988,5689
R,1,2025,6,3902564,1991200,1911364,1315128,1256464,310000,303127,48560,47181,127624,122392,7289,6901,182599,175299,1486084,1420330,397875,387903,99500,96101,192253,184305,18072,17018,1463882,1401773,928614,882787,269536,264274,15077,14690,118324,113315,5144,4938,127187,121769,1048229,997125,330456,323067,44422,42726,166868,159518,12043,11393,527318,509591,386514,373677,40464,38853,33483,32491,9300,9077,2145,1963,55412,53530,437855,423205,67419,64836,55078,53375,25385,24787,6029,5625
R,1,2025,7,3969008,2027380,1941628,1341868,1280128,315888,307631,49938,47599,131049,125474,7532,6826,181105,173970,1511184,1442594,402306,391647,101343,96944,195070,186409,18412,16999,1492806,1425089,947038,898784,275896,268668,15945,15254,121818,116481,5390,4853,126719,121049,1066019,1012421,336109,327068,45845,43548,170029,162076,12447,11279,534574,516539,394830,381344,39992,38963,33993,32345,9231,8993,2142,1973,54386,52921,445165,430173,66197,64579,55498,53396,25041,24333,5965,5720
R,1,2025,8,4060117,2073111,1987006,1381171,1317659,315410,308762,52031,50051,134820,128681,7595,7167,182084,174686,1551188,1480673,401007,392030,104767,100912,199174,189747,18597,17572,1524743,1457719,975119,925842,274898,269337,16416,15961,125351,119626,5390,5114,127569,121839,1094827,1040125,334636,327418,47118,45450,173883,165338,12471,11768,548368,529287,406052,391817,40512,39425,35615,34090,9469,9055,2205,2053,54515,52847,456361,440548,66371,64612,57649,55462,25291,24409,6126,5804
R,1,2025,9,4095821,2092695,2003126,1400937,1334500,319484,310949,52222,50889,132214,126386,7450,7196,180388,173206,1569491,1496106,403954,393257,105463,101803,195416,186531,18312,17580,1539070,1469499,988587,937576,279275,271605,16624,16160,122866,117406,5295,5103,126423,121649,1107283,1051628,338431,329608,47743,45883,170384,162661,12294,11790,553625,533627,412350,396924,40209,39344,35598,34729,9348,8980,2155,2093,53965,51557,462208,444478,65523,63649,57720,55920,25032,23870,6018,5790
R,1,2025,10,4111706,2100783,2010923,1408230,1341187,319827,311476,52651,51371,135114,128591,7413,7258,177548,171040,1574079,1500743,402423,392368,105819,102700,197161,187367,17994,17346,1550675,1480517,997190,946204,279886,272341,16847,16253,125864,119947,5302,5144,125586,120628,1115048,1059276,338215,329643,48329,46394,172957,164370,12248,11723,550108,530406,411040,394983,39941,39135,35804,35118,9250,8644,2111,2114,51962,50412,459031,441467,64208,62725,57490,56306,24204,22997,5746,5623
R,1,2025,11,4075615,2083180,1992435,1399131,1334154,317803,308765,53609,51153,131891,125151,7461,7087,173285,166125,1560930,1489032,397961,386786,106513,101958,191975,181983,17987,17061,1537038,1465976,990658,940324,278554,270403,16914,16193,122784,116590,5286,4968,122842,117498,1105894,1050423,335416,325983,48396,46307,168412,159498,12181,11459,546142,526459,408473,393830,39249,38362,36695,34960,9107,8561,2175,2119,50443,48627,455036,438609,62545,60803,58117,55651,23563,22485,5806,5602
R,1,2025,12,4120740,2104641,2016099,1413845,1350391,319952,310890,54092,51496,137766,130440,7619,7227,171367,165655,1573559,1504652,398663,387597,107275,103186,197164,187142,18026,17224,1553753,1483866,1000343,950083,280369,272806,17155,16466,128785,121837,5389,5092,121712,117582,1114390,1060073,336308,327540,48870,47231,174025,164958,12243,11702,550888,532233,413502,400308,39583,38084,36937,35030,8981,8603,2230,2135,49655,48073,459169,444579,62355,60057,58405,55955,23139,22184,5783,5522
R,1,2025,13,4133989,2114474,2019515,1428696,1359453,322138,311832,54877,52776,132135,125318,7437,7164,169191,162972,1586393,1511198,399422,386735,108517,104447,189994,180802,17782,17077,1556533,1482703,1008328,955358,282277,273702,17125,16367,123056,116741,5242,4941,120505,115594,1121196,1063431,337577,327157,49389,47251,167091,158926,12096,11485,557941,536812,420368,404095,39861,38130,37752,36409,9079,8577,2195,2223,48686,47378,465197,447767,61845,59578,59128,57196,22903,21876,5686,5592
R,1,2025,14,4240890,2168830,2072060,1470224,1399593,332109,320871,55636,53265,131413,125350,7503,7299,171945,165682,1630521,1553896,410008,396867,111388,107081,189525,180783,17869,17242,1589316,1515493,1028841,976018,292735,282418,17209,16931,122516,116960,5322,5077,122693,118089,1143734,1086393,348537,336915,50807,49413,166963,159318,12287,11656,579514,556567,441383,423575,39374,38453,38427,36334,8897,8390,2181,2222,49252,47593,486787,467503,61471,59952,60581,57668,22562,21465,5582,5586
R,1,2025,15,4281619,2190062,2091557,1490480,1416740,334734,323507,55469,52999,130662,125580,7439,7199,171278,165532,1649991,1570841,412673,400170,110614,106162,188454,180500,17842,17291,1600960,1527804,1036074,982434,295760,285801,17652,17103,122212,117323,5174,4860,124088,120283,1152197,1094870,352672,341916,51618,50153,166962,159847,12224,11741,589102,563753,454406,434306,38974,37706,37817,35896,8450,8257,2265,2339,47190,45249,497794,475971,60001,58254,58996,56009,21492,20653,5618,5550
R,1,2025,16,4442492,2274075,2168417,1552848,1472242,348196,335603,57598,54888,134103,128755,7538,7304,173792,169625,1714517,1629995,426934,413554,114753,111035,191678,184010,18436,17544,1658274,1581517,1075635,1017916,307306,297467,18323,17679,125446,120297,5140,4901,126424,123257,1193606,1133070,365263,354877,53827,52549,170264,163084,12484,11845,615801,586900,477213,454326,40890,38136,39275,37209,8657,8458,2398,2403,47368,46368,520911,496925,61671,58677,60926,58486,21414,20926,5952,5699
R,1,2025,17,4488762,2297763,2190999,1573211,1493729,347061,334640,59802,56938,138034,131339,7624,7307,172031,167046,1733050,1648827,424400,410534,118192,113385,194549,186034,18213,17538,1672039,1594604,1087670,1031067,306449,296433,18506,17883,129186,123047,5111,4994,125117,121180,1204404,1144070,363029,352008,54905,53002,173283,165334,12415,11916,625724,596395,485541,462662,40612,38207,41296,39055,8848,8292,2513,2313,46914,45866,528646,504757,61371,58526,63287,60383,21266,20700,5798,5622
R,1,2025,18,4483730,2298701,2185029,1578918,1494020,344205,331244,61346,56389,138634,132867,7541,7274,168057,163235,1734925,1645584,418445,404245,119384,112443,193974,185909,17969,17292,1670254,1591847,1091103,1032408,304046,293226,18323,17602,129850,124609,5059,4928,121873,119074,1204703,1143471,358193,347275,54326,52739,173051,165868,12164,11733,628447,593182,487815,461612,40159,38018,43023,38787,8784,8258,2482,2346,46184,44161,530222,502113,60252,56970,65058,59704,20923,20041,5805,5559
R,1,2025,19,4454907,2285847,2169060,1577419,1486015,334759,323908,61212,56753,142764,139058,7684,7372,162009,155954,1727813,1630643,404907,392504,118449,111354,196033,190327,17562,16879,1663094,1585043,1092515,1029956,295776,287082,18075,17617,134303,131177,5174,5072,117251,114139,1201802,1136189,346779,337773,53777,51972,176014,171401,11900,11686,622753,584017,484904,456059,38983,36826,43137,39136,8461,7881,2510,2300,44758,41815,526011,494454,58128,54731,64672,59382,20019,18926,5662,5193
R,1,2025,20,4479149,2298322,2180827,1588501,1497861,334732,322255,61554,55600,148264,144881,7811,7235,157460,152995,1734474,1639671,402105,388918,117961,110429,200275,194507,17577,16558,1679075,1600101,1104339,1042723,296389,286072,18268,17098,139834,137099,5360,5080,114885,112029,1211239,1146871,345473,335204,54048,51940,180715,176290,12101,11541,619247,580726,484162,455138,38343,36183,43286,38502,8430,7782,2451,2155,42575,40966,523235,492800,56632,53714,63913,58489,19560,18217,5476,5017
R,1,2025,21,4489805,2304204,2185601,1598335,1504911,332773,321798,61053,55118,150571,147703,7872,7179,153600,148892,1740664,1642928,397220,385462,117594,109505,200843,196071,17418,16273,1689857,1609882,1117070,1052910,295023,285961,17882,17025,142580,140022,5386,5072,111916,108892,1221150,1154228,342196,332825,53631,51725,182192,177921,11990,11443,614347,575719,481265,452001,37750,35837,43171,38093,7991,7681,2486,2107,41684,40000,519514,488700,55024,52637,63963,57780,18651,18150,5428,4830
R,1,2025,22,4512263,2309043,2203220,1596026,1512716,338401,330612,61277,55461,158351,154094,7764,7311,147224,143026,1732296,1644734,399538,391440,116322,108438,206532,200393,17011,16182,1696108,1627309,1114911,1059591,300104,294545,17822,16969,150463,146476,5479,5145,107329,104583,1214449,1156465,344880,339342,52731,50712,188322,182942,11967,11325,612935,575911,481115,453125,38297,36067,43455,38492,7888,7618,2285,2166,39895,38443,517847,488269,54658,52098,63591,57726,18210,17451,5044,4857
R,1,2025,23,4687209,2379538,2307671,1639382,1581932,354484,352907,60331,55219,175876,170108,7907,7862,141558,139643,1769689,1710514,413453,412481,113086,106164,222238,215758,17286,17028,1764017,1724758,1154658,1121630,315025,315527,17676,17408,168005,162137,5624,5588,103029,102468,1249712,1216186,357975,359532,51128,49909,204554,198335,12215,12122,615521,582913,484724,460302,39459,37380,42655,37811,7871,7971,2283,2274,38529,37175,519977,494328,55478,52949,61958,56255,17684,17423,5071,4906
R,1,2025,24,4948605,2506535,2442070,1724535,1672290,375228,374510,61533,56321,198271,192880,8663,8489,138305,137580,1851475,1798426,432287,433424,112914,105630,244197,238738,18056,17697,1878946,1846413,1228849,1200535,334879,335881,18270,17798,189825,184577,6351,6047,100772,101575,1321516,1293872,376386,379380,50710,49399,226224,221236,13074,12614,627589,595657,495686,471755,40349,38629,43263,38523,8446,8303,2312,2442,37533,36005,529959,504554,55901,54044,62204,56231,17973,17502,4982,5083
R,1,2025,25,4783991,2425010,2358981,1683256,1626119,353712,355238,58826,53265,191347,186723,8438,8145,129431,129491,1801863,1745003,407001,410275,107561,100047,233815,229530,17292,16739,1822525,1787079,1205491,1171765,315604,318277,17447,16798,183323,178812,6210,5740,94450,95687,1292217,1259771,354479,359198,48265,46716,217206,213120,12501,11834,602485,571902,477765,454354,38108,36961,41379,36467,8024,7911,2228,2405,34981,33804,509646,485232,52522,51077,59296,53331,16609,16410,4791,4905
R,1,2025,26,4709675,2386237,2323438,1660896,1601434,345248,347311,57593,52324,188027,187698,8277,8071,126196,126600,1776529,1717703,396096,400691,105626,98953,229478,229042,17003,16351,1795572,1762363,1192681,1155192,307931,311614,16765,16063,179958,179705,6026,5738,92211,94051,1277300,1241799,345048,351268,47223,46228,213089,213032,12292,11715,590665,561075,468215,446242,37317,35697,40828,36261,8069,7993,2251,2333,33985,32549,499229,475904,51048,49423,58403,52725,16389,16010,4711,4636
R,1,2025,27,4532173,2296507,2235666,1597408,1535682,328513,330360,55752,50167,188046,191083,7933,7588,118855,120786,1706335,1646430,375910,380635,101540,95263,227229,230626,15945,15324,1728447,1697553,1146874,1107193,293118,296712,15798,15157,180229,183376,5774,5440,86654,89675,1226385,1189535,327377,334160,44831,44103,211657,215464,11532,11044,568060,538113,450534,428489,35395,33648,39954,35010,7817,7707,2159,2148,32201,31111,479950,456895,48533,46475,56709,51160,15572,15162,4413,4280
R,1,2025,28,4496661,2274752,2221909,1588102,1525165,320074,325331,55530,49852,187249,195440,7726,7355,116071,118766,1694213,1634004,365674,373923,100706,94964,225576,234186,15734,15125,1709679,1688061,1139289,1100674,284932,291985,15460,14732,179805,187869,5599,5413,84594,87388,1216825,1180896,317752,327833,43745,43392,210856,219181,11402,10997,565073,533848,448813,424491,35142,33346,40070,35120,7444,7571,2127,1942,31477,31378,477388,453108,47922,46090,56961,51572,14720,15005,4332,4128
R,1,2025,29,4512030,2278128,2233902,1591078,1533941,322018,328744,56120,50000,187745,197627,7737,7393,113430,116197,1694645,1640036,366184,376112,101138,95206,224865,234974,15679,15242,1715344,1698343,1145496,1108213,286602,294738,15380,14563,180034,189771,5648,5513,82184,85545,1220597,1186538,318167,329424,43719,43385,209970,220091,11420,11226,562784,535559,445582,425728,35416,34006,40740,35437,7711,7856,2089,1880,31246,30652,474048,453498,48017,46688,57419,51821,14895,14883,4259,4016
R,1,2025,30,4532570,2281250,2251320,1595211,1542950,324875,339022,55500,50170,186874,196290,7770,7493,111020,115395,1696369,1648361,367384,385337,100555,95990,222984,233237,15725,15253,1726095,1719179,1155293,1120239,290111,304667,15436,14877,179290,188739,5736,5543,80229,85114,1228419,1197983,320381,338580,43623,44405,208540,218887,11542,11220,555155,532141,439918,422711,34764,34355,40064,35293,7584,7551,2034,1950,30791,30281,467950,450378,47003,46757,56932,51585,14444,14350,4183,4033
R,1,2025,31,4564411,2294357,2270054,1605506,1553634,328457,346011,55557,50599,189604,198711,7750,7358,107483,113741,1703088,1657387,369136,391342,99291,96700,224986,234810,15695,15004,1745988,1741663,1169778,1133799,294242,312201,15664,15322,182278,191109,5657,5346,78369,83886,1240966,1210523,323400,345123,43291,45323,211122,220477,11480,10973,548369,528391,435728,419835,34215,33810,39893,35277,7326,7602,2093,2012,29114,29855,462122,446864,45736,46219,56000,51377,13864,14333,4215,4031
R,1,2025,32,4660698,2340260,2320438,1641350,1591649,334084,354351,56879,51909,192575,201572,7604,7412,107768,113545,1739337,1695245,373798,398105,102140,99485,227670,237380,15518,15113,1787630,1786892,1202160,1168000,299773,319693,16320,15775,185252,194113,5671,5378,78454,83933,1273504,1244650,327984,351375,45227,47067,213799,223472,11467,11025,552630,533546,439190,423649,34311,34658,40559,36134,7323,7459,1933,2034,29314,29612,465833,450595,45814,46730,56913,52418,13871,13908,4051,4088
R,1,2025,33,4706978,2354490,2352488,1656709,1615465,334623,361015,56694,51465,194044,204372,7869,7492,104551,112679,1751544,1717894,372650,403851,101386,99545,227837,240074,15661,15216,1810495,1826882,1224908,1199466,300270,325561,16633,16254,186881,196867,5871,5583,75932,83151,1293841,1275160,327032,356237,45072,47920,214504,225986,11683,11327,543995,525606,431801,415999,34353,35454,40061,35211,7163,7505,1998,1909,28619,29528,457703,442734,45618,47614,56314,51625,13333,14088,3978,3889
R,1,2025,34,4819870,2412528,2407342,1704656,1657952,339405,367305,57757,52653,198861,209582,7830,7682,104019,112168,1798850,1760194,376078,408823,102997,101902,233090,244637,15618,15395,1862070,1878656,1267356,1239530,305034,332005,16932,16597,191515,202244,5810,5683,75423,82597,1335731,1314947,330508,361476,45658,49079,219600,230949,11569,11397,550458,528686,437300,418422,34371,35300,40825,36056,7346,7338,2020,1999,28596,29571,463119,445247,45570,47347,57339,52823,13490,13688,4049,3998
R,1,2025,35,4727237,2362402,2364835,1670947,1628347,332496,360679,55490,50977,195564,209155,7703,7270,100202,108407,1761977,1726791,367128,400084,99664,99590,228158,242961,15158,14688,1838539,1855484,1254529,1224246,299786,326925,16547,16419,188650,202179,5796,5440,73231,80275,1321043,1297128,323842,354968,45176,48984,215568,230018,11427,11136,523863,509351,416418,404101,32710,33754,38943,34558,6914,6976,1907,1830,26971,28132,440934,429663,43286,45116,54488,50606,12590,12943,3731,3552
R,1,2025,36,4633567,2307655,2325912,1640928,1609233,315654,346672,54075,50688,194280,208457,7388,7290,95330,103572,1727275,1703265,347897,383661,96522,97909,225540,240817,14577,14320,1798424,1828432,1235279,1214194,284698,313991,16157,16234,187426,201669,5464,5405,69400,76939,1298084,1284123,307002,340014,43359,48086,213300,228452,10944,10755,509231,497480,405649,395039,30956,32681,37918,34454,6854,6788,1924,1885,25930,26633,429191,419142,40895,43647,53163,49823,12240,12365,3633,3565
R,1,2025,37,4543866,2263718,2280148,1621156,1586223,304487,335258,52855,48815,186157,201535,7251,7058,91812,101259,1704323,1678351,335167,370831,94610,95926,215779,232605,14269,14035,1766617,1794213,1224156,1199630,274390,303963,15695,15413,179610,194917,5376,5202,67390,75088,1285116,1268014,295757,329081,42883,47174,204262,220656,10768,10444,497101,485935,397000,386593,30097,31295,37160,33402,6547,6618,1875,1856,24422,26171,419207,410337,39410,41750,51727,48752,11517,11949,3501,3591
R,1,2025,38,4521872,2250721,2271151,1619658,1589016,299517,330398,52254,49002,182454,197771,7215,6929,89623,98035,1700831,1677932,328520,364369,93994,96019,211564,227575,14089,13494,1757992,1789425,1225795,1205373,269949,299678,15343,15298,176044,191286,5408,5101,65453,72689,1285026,1271273,289848,323579,42418,47116,200219,216004,10670,10109,492729,481726,393863,383643,29568,30720,36911,33704,6410,6485,1807,1828,24170,25346,415805,406659,38672,40790,51576,48903,11345,11571,3419,3385
R,1,2025,39,4561623,2271484,2290139,1641200,1608529,299330,329778,53020,49226,182017,198745,7097,6921,88820,96940,1721581,1696663,327871,362203,95265,96532,210360,227885,13862,13714,1775792,1808512,1244697,1223635,270125,300001,15109,15647,175671,192240,5339,5223,64851,71766,1303363,1288904,289507,322452,42837,47998,199219,216384,10420,10368,495692,481627,396503,384894,29205,29777,37911,33579,6346,6505,1758,1698,23969,25174,418218,407759,38364,39751,52428,48534,11141,11501,3442,3346
R,1,2025,40,4460636,2215628,2245008,1604623,1579015,287718,320748,51562,48761,180193,196844,6835,6725,84697,92915,1681213,1663086,313864,351464,92561,95246,207184,224496,13486,13249,1738040,1773449,1222079,1201721,260256,292026,14784,15266,173916,190665,5116,5023,61889,68748,1277980,1263972,278141,313229,41715,46992,196327,213517,10216,10023,477588,471559,382544,377294,27462,28722,36778,33495,6277,6179,1719,1702,22808,24167,403233,399114,35723,38235,50846,48254,10857,10979,3270,3226
R,1,2025,41,4400879,2181966,2218913,1584506,1563122,282338,316164,50949,47858,175297,193650,6680,6728,82196,91391,1658614,1645797,307774,345633,91583,94906,201039,220283,13105,13202,1712750,1752038,1208318,1188341,255198,288256,14709,14938,169480,187720,4996,5025,60049,67758,1262343,1249575,272516,308765,41582,47378,190756,209699,9903,9968,469216,466875,376188,374781,27140,27908,36240,32920,5817,5930,1684,1703,22147,23633,396271,396222,35258,36868,50001,47528,10283,10584,3202,3234
R,1,2025,42,4451427,2201099,2250328,1601922,1589301,285323,319456,51756,49064,173409,193978,6492,6694,82197,91835,1676265,1672320,310449,348923,93372,97295,198282,220135,12959,13063,1727377,1774420,1221447,1206600,258217,291264,15037,15414,167626,187911,4807,4978,60243,68253,1275828,1268268,275479,311784,42715,48891,188303,209492,9800,9853,473722,475908,380475,382701,27106,28192,36719,33650,5783,6067,1685,1716,21954,23582,400437,404052,34970,37139,50657,48404,9979,10643,3159,3210
R,1,2025,43,4338061,2140200,2197861,1564596,1557104,276412,312455,49675,47312,164393,186315,6367,6353,78757,88322,1635541,1636881,300278,340971,90226,94142,187905,211064,12381,12590,1685549,1736126,1199419,1185664,250629,285153,14233,14650,158786,180463,4711,4666,57771,65530,1251338,1244933,267101,304998,41376,47085,178280,200831,9335,9383,454651,461735,365177,371440,25783,27302,35442,32662,5607,5852,1656,1687,20986,22792,384203,391948,33177,35973,48850,47057,9625,10233,3046,3207
R,1,2025,44,4413068,2181012,2232056,1594907,1580824,287537,323062,51370,48691,161585,184415,6603,6513,79010,88551,1666084,1660781,311584,351222,92260,96533,184925,208711,12763,12611,1711479,1759674,1216550,1200159,261610,295287,14882,15137,155788,178438,4832,4849,57817,65804,1268508,1259521,278086,315014,42263,48547,175050,198437,9597,9464,469533,472382,378357,380665,25927,27775,36488,33554,5797,5977,1771,1664,21193,22747,397576,401260,33498,36208,49997,47986,9875,10274,3166,3147
R,1,2025,45,4234349,2089594,2144755,1530035,1519636,275168,310399,48589,46498,154508,177612,6143,6241,75151,84369,1597833,1595644,297677,337562,88369,92082,176010,200581,11820,12106,1645846,1694476,1171782,1156741,250959,283932,14081,14514,149206,172113,4605,4579,55213,62597,1221488,1213129,266327,302620,41005,46423,167086,191043,9031,9055,443748,450279,358253,362895,24209,26467,34508,31984,5302,5499,1538,1662,19938,21772,376345,382515,31350,34942,47364,45659,8924,9538,2789,3051
R,1,2025,46,4068699,2002172,2066527,1468345,1467198,262578,296066,46319,44952,148125,172345,5900,5807,70905,80159,1532196,1539469,283613,321380,84232,88647,168507,194152,11071,11238,1575501,1630728,1122979,1115243,239655,271008,13371,13797,143017,166792,4402,4231,52077,59657,1169795,1168981,254113,288565,39092,44489,159829,184799,8356,8405,426671,435799,345366,351955,22923,25058,32948,31155,5108,5553,1498,1576,18828,20502,362401,370488,29500,32815,45140,44158,8678,9353,2715,2833
R,1,2025,47,4038233,1983442,2054791,1463072,1466812,255335,290748,45943,44939,143748,167852,5612,5935,69732,78505,1526009,1537567,275869,315232,84024,88304,163372,189143,10710,11228,1562586,1620456,1120921,1114369,233682,266260,13582,14327,138814,162644,4206,4340,51381,58516,1167201,1167062,247608,283294,39530,44829,155243,180233,8124,8439,420856,434335,342151,352443,21653,24488,32361,30612,4934,5208,1406,1595,18351,19989,358808,370505,28261,31938,44494,43475,8129,8910,2586,2789
R,1,2025,48,3897498,1913223,1984275,1408628,1414633,244104,278894,44035,42538,144224,167489,5461,5427,66771,75294,1468697,1482434,263044,301979,80596,84908,163195,187656,10540,10428,1505663,1560879,1076302,1069313,223142,255720,13177,13439,139521,162338,4093,4008,49428,56061,1120651,1119685,236071,271697,38223,43252,155438,179045,8008,7863,407560,423396,332326,345320,20962,23174,30858,29099,4703,5151,1368,1419,17343,19233,348046,362749,26973,30282,42373,41656,7757,8611,2532,2565
R,1,2025,49,3873896,1901621,1972275,1399629,1405972,243563,277159,43203,42096,145823,169365,5146,5436,64257,72247,1457500,1470971,261900,299012,79252,82856,163300,188641,9647,10236,1500873,1556298,1072298,1065142,222973,255093,12936,13535,141179,164333,3909,4048,47578,54147,1115053,1113834,235536,270331,37910,42405,155705,180373,7411,7749,400748,415977,327331,340830,20590,22066,30267,28561,4644,5032,1237,1388,16679,18100,342447,357137,26364,28681,41342,40451,7595,8268,2236,2487
R,1,2025,50,3866667,1898091,1968576,1404005,1412609,239797,272379,42180,41378,144591,166030,5032,5165,62486,71015,1460205,1476606,257267,293336,77399,82116,161612,184830,9540,9614,1507312,1559858,1083458,1076916,220305,251097,12977,13382,140086,161254,3817,3803,46669,53406,1125367,1124897,232592,265813,37509,42481,154326,176963,7277,7232,390779,408718,320547,335693,19492,21282,29203,27996,4505,4776,1215,1362,15817,17609,334838,351709,24675,27523,39890,39635,7286,7867,2263,2382
R,1,2025,51,3791970,1856278,1935692,1370928,1385996,236121,269203,40095,39966,143756,166974,4887,5152,60491,68401,1425314,1447415,252798,289321,74421,79070,160348,185261,9130,9627,1484074,1543097,1064827,1062616,217890,248983,12455,13382,139556,162317,3709,3795,45637,52004,1105673,1109249,229517,263194,36849,41728,153553,177645,7059,7269,372204,392595,306101,323380,18231,20220,27640,26584,4200,4657,1178,1357,14854,16397,319641,338166,23281,26127,37572,37342,6795,7616,2071,2358
R,1,2025,52,3939866,1924366,2015500,1423621,1446444,246862,282679,41596,40511,145678,170992,4916,5140,61693,69734,1479160,1509089,263387,302972,77280,80994,162223,189105,9270,9715,1548386,1617903,1114138,1118318,228795,262119,13328,13751,141427,166332,3723,3827,46975,53556,1156277,1166275,240513,276672,39032,43465,155393,181656,7173,7446,375980,397597,309483,328126,18067,20560,28268,26760,4251,4660,1193,1313,14718,16178,322883,342814,22874,26300,38248,37529,6830,7449,2097,2269
R,1,2025,53,4096998,2001827,2095171,1506050,1528099,249269,286522,39609,40230,139944,163873,4960,4896,61995,71551,1561811,1592694,265767,306695,76058,82902,156039,181617,9318,9411,1637684,1708126,1204873,1208400,231827,267007,13499,14169,135734,159315,3731,3706,48020,55529,1247973,1258399,243728,281608,40378,46148,149467,174325,7222,7275,364143,387045,301177,319699,17442,19515,26110,26061,4210,4558,1229,1190,13975,16022,313838,334295,22039,25087,35680,36754,6572,7292,2096,2136
R,1,2025,54,4297777,2102826,2194951,1589336,1612616,261771,298389,40728,40292,141591,165687,4944,5074,64456,72893,1647453,1678213,278793,318882,79482,84441,157389,183226,9415,9811,1732771,1808939,1283466,1293238,243879,278722,13973,14688,137423,161213,3781,3882,50249,57196,1328692,1344551,256261,293854,42937,48334,150878,175988,7372,7683,370055,386012,305870,319378,17892,19667,26755,25604,4168,4474,1163,1192,14207,15697,318761,333662,22532,25028,36545,36107,6511,7238,2043,2128
R,1,2025,55,4121273,2010899,2110374,1531216,1561067,243780,280181,37832,38368,133833,157465,4711,4911,59527,68382,1584965,1622687,259094,299089,73916,80208,148500,173725,9018,9365,1659666,1740345,1239547,1254310,227079,261699,13118,14065,129989,153250,3637,3786,46296,53235,1281217,1302183,238125,275434,40109,45728,142492,166900,7125,7370,351233,370029,291669,306757,16701,18482,24714,24303,3844,4215,1074,1125,13231,15147,303748,320504,20969,23655,33807,34480,6008,6825,1893,1995
R,1,2025,56,3999539,1950256,2049283,1482682,1515280,238598,273207,37481,36656,131128,154824,4351,4824,56016,64492,1533150,1573317,253019,290926,71716,76651,144645,169679,8288,8973,1612506,1696001,1202137,1221625,222643,255579,13109,13855,127578,150844,3352,3673,43687,50425,1241413,1266885,233063,268364,38994,44510,139011,163384,6521,7002,337750,353282,280545,293655,15955,17628,24372,22801,3550,3980,999,1151,12329,14067,291737,306432,19956,22562,32722,32141,5634,6295,1767,1971
R,1,2025,57,3927124,1907965,2019159,1461966,1502097,233857,273084,35129,35699,118994,141714,4411,4585,53608,61980,1510409,1557904,247383,290352,68513,74542,131377,155379,8093,8641,1585668,1678538,1193409,1218566,218807,255934,12762,13775,115490,137937,3424,3558,41776,48768,1231030,1262398,228551,268585,38020,43808,125968,149316,6436,6810,322297,340621,268557,283531,15050,17150,22367,21924,3504,3777,987,1027,11832,13212,279379,295506,18832,21767,30493,30734,5409,6063,1657,1831
R,1,2025,58,3957115,1918060,2039055,1475163,1524864,235943,277221,34457,34905,115708,136035,4478,4619,52311,61411,1522147,1580081,249464,294074,67275,73900,127582,149147,8150,8580,1601919,1706400,1210647,1247058,221407,260687,12938,14081,112395,132444,3464,3590,41068,48540,1247449,1290623,231196,273113,38032,44395,122413,143479,6468,6772,316141,332655,264516,277806,14536,16534,21519,20824,3313,3591,1014,1029,11243,12871,274698,289458,18268,20961,29243,29505,5169,5668,1682,1808
R,1,2025,59,4093114,1981333,2111781,1525509,1581117,245232,287643,35220,35977,117395,140044,4415,4758,53562,62242,1573556,1636959,258806,304652,69295,75627,129239,153463,8231,8763,1666369,1779492,1262405,1303847,230170,271057,13758,14923,114150,136461,3460,3701,42426,49503,1300341,1348171,240153,283618,40141,45973,124223,147755,6598,6962,314964,332289,263104,277270,15062,16586,21462,21054,3245,3583,955,1057,11136,12739,273215,288788,18653,21034,29154,29654,5016,5708,1633,1801
R,1,2025,60,4256521,2050171,2206350,1595115,1671666,246716,292583,34494,35208,116209,138941,4111,4655,53526,63297,1643380,1728641,259657,309427,69285,76661,127668,151767,7767,8592,1748292,1882187,1341784,1399569,232959,276580,14040,15463,113125,135605,3225,3666,43159,51304,1380625,1445671,242628,289335,41643,48762,122897,146507,6229,6920,301879,324163,253331,272097,13757,16003,20454,19745,3084,3336,886,989,10367,11993,262755,282970,17029,20092,27642,27899,4771,5260,1538,1672
R,1,2025,61,4256737,2047587,2209150,1597982,1681813,240832,285368,33401,34225,118175,140908,4013,4486,53184,62350,1645905,1737902,253582,301579,68429,75105,129368,153640,7522,8464,1758157,1896481,1354978,1419416,227504,270009,14180,15295,115285,137646,3191,3508,43019,50607,1393619,1464859,237109,282322,42055,48179,124890,148497,6095,6786,289430,312669,243004,262397,13328,15359,19221,18930,2890,3262,822,978,10165,11743,252286,273043,16473,19257,26374,26926,4478,5143,1427,1678
R,1,2025,62,4249978,2039151,2210827,1600297,1693953,236670,283260,32246,33392,114878,134592,4042,4504,51018,61126,1646306,1749005,248795,299084,65727,73970,125678,146789,7511,8264,1762286,1909404,1367232,1439996,224223,268980,13845,15335,112018,131426,3225,3609,41743,50058,1404799,1484989,233359,281133,40880,48346,121372,141824,6160,6698,276865,301423,233065,253957,12447,14280,18401,18057,2860,3166,817,895,9275,11068,241507,264016,15436,17951,24847,25624,4306,4965,1351,1566
R,1,2025,63,4208758,2014099,2194659,1601012,1702439,227556,275055,30353,32136,100990,121580,3942,4154,50246,59295,1646312,1755843,239313,290340,63801,71896,111462,133101,7144,7770,1756280,1912100,1383839,1464188,215943,261846,13633,15250,98511,118707,3174,3311,41180,48798,1420859,1508032,224913,273600,40655,47776,107615,128603,5886,6288,257819,282559,217173,238251,11613,13209,16720,16886,2479,2873,768,843,9066,10497,225453,247811,14400,16740,23146,24120,3847,4498,1258,1482
R,1,2025,64,4255467,2029180,2226287,1608518,1722275,232188,280216,30212,32303,104933,128316,3786,4237,49543,58940,1653296,1775232,244009,295258,63093,71828,115071,139811,7027,7847,1773206,1943955,1392584,1483932,220670,267250,13521,15326,102478,125423,3072,3409,40881,48615,1429452,1527568,229737,278883,40350,47674,111332,135290,5760,6379,255974,282332,215934,238343,11518,12966,16691,16977,2455,2893,714,828,8662,10325,223844,247664,14272,16375,22743,24154,3739,4521,1267,1468
R,1,2025,65,4120723,1957559,2163164,1561644,1682663,218846,269245,28123,30357,98920,121662,3497,3868,46529,55369,1603505,1732502,229533,283452,59131,67506,108753,132400,6527,7188,1723600,1901525,1364123,1462058,208397,256901,12959,14572,96631,119002,2854,3154,38636,45838,1398798,1503186,216685,268004,38354,45158,105230,128263,5398,5909,233959,261639,197521,220605,10449,12344,15164,15785,2289,2660,643,714,7893,9531,204707,229316,12848,15448,20777,22348,3523,4137,1129,1279
R,1,2025,66,4044401,1914465,2129936,1529155,1658837,213106,262833,26202,28932,98280,122024,3362,3710,44360,53600,1569138,1707058,223418,276584,56145,65080,107213,132274,6101,6837,1695409,1881739,1344295,1449000,202993,251374,12395,14287,96146,119476,2742,3052,36838,44550,1377407,1488974,211013,262169,36951,44185,104012,128308,5059,5619,219056,248197,184860,209837,10113,11459,13807,14645,2134,2548,620,658,7522,9050,191731,218084,12405,14415,19194,20895,3201,3966,1042,1218
R,1,2025,67,4018630,1893455,2125175,1520433,1665707,205208,256696,25569,27740,96146,119815,3182,3501,42917,51716,1559023,1712256,215106,269667,54473,63330,104919,129309,5900,6475,1683714,1884311,1342639,1461155,196019,245812,12226,13831,94215,117480,2646,2837,35969,43196,1374875,1499928,203821,256028,36202,43446,101954,125731,4967,5338,209741,240864,177794,204552,9189,10884,13343,13909,1931,2335,536,664,6948,8520,184148,212328,11285,13639,18271,19884,2965,3578,933,1137
R,1,2025,68,3885240,1821902,2063338,1467288,1618452,194838,248560,23889,26222,92534,117728,2987,3373,40366,49003,1503764,1662517,204151,261095,51158,59728,100617,126824,5536,6216,1625592,1835532,1300830,1424914,186195,238048,11495,13313,90675,115414,2479,2798,33918,41045,1331420,1461727,193532,248000,34167,41226,97818,123304,4628,5210,196310,227806,166458,193538,8643,10512,12394,12909,1859,2314,508,575,6448,7958,172344,200790,10619,13095,16991,18502,2799,3520,908,1006
R,1,2025,69,3745680,1751445,1994235,1415568,1570461,182480,234535,22532,24873,90055,115277,2800,3236,38010,45853,1449833,1611574,191179,246221,48225,56194,97639,123849,5229,5954,1565663,1776489,1257985,1385106,174104,224662,10938,12557,88304,113138,2324,2618,32008,38408,1286763,1419422,180956,233891,32387,38665,94996,120637,4400,4937,185782,217746,157583,185355,8376,9873,11594,12316,1751,2139,476,618,6002,7445,163070,192152,10223,12330,15838,17529,2643,3212,829,1017
R,1,2025,70,3652267,1699883,1952384,1380293,1546166,173910,225594,20915,23568,86944,110240,2718,3139,35103,43677,1411853,1585232,182089,236673,44691,53547,93880,118368,4970,5842,1527087,1746042,1233355,1370190,166272,216342,10379,12105,85356,108256,2256,2601,29469,36548,1259781,1402748,172693,225030,30122,37092,91508,115336,4193,4896,172796,206342,146938,175976,7638,9252,10536,11463,1588,1984,462,538,5634,7129,152072,182484,9396,11643,14569,16455,2372,3032,777,946
R,1,2025,71,3443584,1594422,1849162,1305868,1475887,156459,207813,18832,21172,78800,101250,2354,2768,32109,40272,1334810,1512073,163858,218109,40860,48714,85001,108572,4384,5161,1437994,1660008,1172354,1313885,149597,199392,9515,11181,77378,99462,1951,2296,27199,33792,1196841,1344144,155432,207532,28024,34217,82910,105859,3700,4367,156428,189154,133514,162002,6862,8421,9317,9991,1422,1788,403,472,4910,6480,137969,167929,8426,10577,12836,14497,2091,2713,684,794
R,1,2025,72,3345584,1542353,1803231,1268802,1443533,146814,199249,17407,20113,77565,100124,2274,2670,29491,37542,1295280,1477222,153765,208830,37488,45910,83357,106855,4186,4990,1396809,1623724,1144182,1289210,140341,191377,8957,10793,76294,98470,1932,2218,25103,31656,1166639,1317505,145919,199031,25958,32482,81439,104366,3572,4212,145544,179507,124620,154323,6473,7872,8450,9320,1271,1654,342,452,4388,5886,128641,159717,7846,9799,11530,13428,1918,2489,614,778
R,1,2025,73,3143315,1443110,1700205,1196443,1370402,134183,185451,15697,18359,67089,88555,1980,2385,27718,35053,1221377,1401889,140579,194509,34956,42851,72249,94434,3743,4431,1309162,1535018,1081143,1228234,128507,178233,8283,9873,65926,87112,1691,1966,23612,29600,1102290,1254711,133675,185392,24537,30642,70532,92229,3217,3730,133948,165187,115300,142168,5676,7218,7414,8486,1163,1443,289,419,4106,5453,119087,147178,6904,9117,10419,12209,1717,2205,526,701
R,1,2025,74,2986462,1363283,1623179,1122877,1298896,128841,179798,14955,17632,68680,91819,1945,2282,25985,32752,1146244,1328216,135017,188461,32769,40209,73485,97564,3586,4285,1235133,1461182,1012664,1159270,123259,172762,7868,9374,67567,90387,1653,1915,22122,27474,1032468,1183773,128200,179615,22974,28299,71832,95353,3095,3632,128150,161997,110213,139626,5582,7036,7087,8258,1113,1432,292,367,3863,5278,113776,144443,6817,8846,9795,11910,1653,2211,491,653
R,1,2025,75,2857910,1298773,1559137,1078387,1257782,116351,166295,13772,15947,64751,86396,1757,2041,23755,30676,1099815,1285223,121810,174272,30231,37281,69088,91551,3354,3943,1182526,1410576,978107,1129163,111513,159943,7348,8715,63712,85027,1496,1708,20350,26020,996405,1152340,115906,166394,21386,26820,67583,89549,2904,3359,116247,148561,100280,128619,4838,6352,6424,7232,1039,1369,261,333,3405,4656,103410,132883,5904,7878,8845,10461,1505,2002,450,584
R,1,2025,76,2761946,1250173,1511773,1044949,1229892,107880,154951,12642,14900,60672,80704,1659,2005,22371,29321,1065036,1256127,113067,162726,28233,35153,64773,85645,3135,3809,1143301,1372742,952370,1109391,103510,149152,7046,8269,59716,79393,1386,1700,19273,24837,969622,1131536,107749,155386,20393,25433,63396,83690,2703,3266,106872,139031,92579,120501,4370,5799,5596,6631,956,1311,273,305,3098,4484,95414,124591,5318,7340,7840,9720,1377,1955,432,543
R,1,2025,77,2753867,1242742,1511125,1056597,1252217,96273,140958,11806,13872,55056,73672,1521,1792,21489,28614,1076062,1277971,101110,148270,26912,34102,58798,78247,2886,3453,1142544,1380248,969527,1138375,92370,135437,6551,7770,54212,72575,1306,1522,18578,24569,986333,1160415,96316,141415,19567,25119,57550,76616,2538,3013,100198,130877,87070,113842,3903,5521,5255,6102,844,1097,215,270,2911,4045,89729,117556,4794,6855,7345,8983,1248,1631,348,440
R,1,2025,78,2386290,1070495,1315795,910694,1091347,80828,120636,10107,12285,48906,65670,1325,1525,18635,24332,927611,1113300,84971,126793,23125,29177,52134,69697,2550,3082,982421,1197908,834033,988818,77340,115672,5693,6946,48209,64597,1122,1282,16024,20593,848576,1007329,80677,120586,16858,21285,51075,68104,2209,2635,88074,117887,76661,102529,3488,4964,4414,5339,697,1073,203,243,2611,3739,79035,105971,4294,6207,6267,7892,1059,1593,341,447
R,1,2025,79,1917462,850134,1067328,715676,875464,68349,104549,8290,10617,42189,55796,1112,1472,14518,19430,728732,892825,71694,109694,18214,23877,44912,59154,2199,2797,772509,961079,647855,782800,65303,100126,4533,5722,41508,54842,946,1221,12364,16368,658924,797347,67957,104242,12958,16889,43897,57785,1906,2377,77625,106249,67821,92664,3046,4423,3757,4895,681,954,166,251,2154,3062,69808,95478,3737,5452,5256,6988,1015,1369,293,420
R,1,2025,80,1821376,798425,1022951,676608,843956,61301,97203,7524,9807,38411,52200,990,1270,13591,18515,688862,860435,64594,102358,16752,22408,40917,55282,1977,2576,729915,926278,616622,759357,58607,93373,4189,5346,37919,51378,854,1067,11724,15757,627164,773328,61280,97533,12137,16087,40155,54076,1736,2218,68510,96673,59986,84599,2694,3830,3335,4461,492,822,136,203,1867,2758,61698,87107,3314,4825,4615,6321,762,1206,241,358
R,1,2025,81,1775364,771055,1004309,659712,840112,56373,90751,6868,9120,34652,45577,859,1134,12591,17615,671088,855900,59290,95492,15676,21292,36814,48387,1800,2332,708325,914163,604624,761171,53986,87135,3948,5065,34128,44855,741,950,10898,14987,614457,774537,56350,90975,11581,15460,36065,47286,1564,2010,62730,90146,55088,78941,2387,3616,2920,4055,524,722,118,184,1693,2628,56631,81363,2940,4517,4095,5832,749,1101,236,322
R,1,2025,82,1637563,703492,934071,601792,781089,50927,83984,6062,8236,32758,44043,749,1054,11204,15665,611883,795112,53596,88261,13716,19054,34799,46557,1540,2080,647415,850676,552460,707983,48721,80603,3553,4536,32334,43363,631,874,9716,13317,561185,719850,50920,84069,10192,13767,34148,45553,1325,1785,56077,83395,49332,73106,2206,3381,2509,3700,424,680,118,180,1488,2348,50698,75262,2676,4192,3524,5287,651,1004,215,295
R,1,2025,83,1360878,575720,785158,490154,653511,42218,71873,5264,7118,27940,38251,681,906,9463,13499,498665,665549,44553,75527,11660,16451,29692,40502,1355,1785,527090,713755,447381,590603,40365,69157,3061,4016,27579,37675,588,754,8116,11550,454675,600873,42239,72113,8543,12027,29138,39628,1172,1526,48630,71403,42773,62908,1853,2716,2203,3102,361,576,93,152,1347,1949,43990,64676,2314,3414,3117,4424,554,874,183,259
R,1,2025,84,1212698,503540,709158,426077,587609,37198,65898,4701,6639,26526,36210,622,805,8416,11997,433638,598270,39271,69315,10378,14723,28150,38255,1200,1630,458905,640599,386745,527299,35474,63185,2735,3659,26183,35664,523,661,7245,10131,393240,536245,37151,65922,7576,10495,27638,37459,1030,1385,44635,68559,39332,60310,1724,2713,1966,2980,343,546,99,144,1171,1866,40398,62025,2120,3393,2802,4228,512,796,170,245
R,1,2025,85,1058773,433172,625601,366853,518925,31784,57842,3936,5740,23011,31654,475,762,7113,10678,373217,528383,33521,60811,8706,12959,24377,33467,1005,1530,394624,565057,332866,465452,30245,55405,2266,3239,22709,31161,385,623,6153,9177,338351,473535,31673,57828,6373,9482,23951,32756,867,1303,38548,60544,33987,53473,1539,2437,1670,2501,302,493,90,139,960,1501,34866,54848,1848,2983,2333,3477,426,711,138,227
R,1,2025,86,970897,392042,578855,333426,482908,27781,51866,3607,5403,20414,28456,416,626,6398,9596,339168,491445,29315,54631,7919,11797,21667,30050,875,1262,357827,523624,303152,434214,26506,49678,2129,3057,20159,28047,340,502,5541,8126,308119,441386,27731,51938,5872,8465,21273,29447,748,1068,34215,55231,30274,48694,1275,2188,1478,2346,255,409,76,124,857,1470,31049,50059,1584,2693,2047,3332,394,603,127,194
R,1,2025,87,836233,332431,503802,282001,418948,23706,45722,2956,4511,17843,25736,381,565,5544,8320,287030,426332,25158,48133,6630,9979,18872,27234,763,1167,303246,456156,256063,376798,22644,43820,1762,2593,17615,25365,328,466,4834,7114,260443,383067,23830,45796,4968,7294,18549,26681,662,1002,29185,47646,25938,42150,1062,1902,1194,1918,228,371,53,99,710,1206,26587,43265,1328,2337,1662,2685,323,553,101,165
R,1,2025,88,726376,283172,443204,240607,370127,19535,39155,2522,4000,15417,22289,287,503,4804,7130,244902,376368,20767,41296,5621,8598,16412,23633,684,1034,257926,400305,218128,332140,18620,37489,1503,2258,15242,21959,244,420,4189,6039,221852,337392,19629,39264,4186,6120,16148,23141,608,879,25246,42899,22479,37987,915,1666,1019,1742,175,330,43,83,615,1091,23050,38976,1138,2032,1435,2478,264,492,76,155
R,1,2025,89,631726,241380,390346,204835,324718,16997,34839,2165,3597,13122,20266,257,416,4004,6510,208423,330492,18051,36709,4698,7798,13941,21477,567,886,219816,352879,185700,291566,16174,33426,1291,2017,12970,19926,214,344,3467,5600,188796,296508,17055,34963,3470,5658,13711,20996,492,761,21564,37467,19135,33152,823,1413,874,1580,152,340,43,72,537,910,19627,33984,996,1746,1228,2140,230,481,75,125
R,1,2025,90,543316,203443,339873,173202,284086,13962,29897,1795,3046,10907,16879,251,357,3326,5608,176180,289008,14846,31511,3860,6704,11630,17963,509,773,185372,307907,157023,255733,13307,28682,1098,1740,10783,16625,212,299,2949,4828,159652,259948,14057,30012,2913,4890,11445,17600,441,677,18071,31966,16179,28353,655,1215,697,1306,124,254,39,58,377,780,16528,29060,789,1499,947,1814,185,363,68,96
R,1,2025,91,440701,162030,278671,137828,231982,10962,24491,1446,2411,8889,14898,187,288,2718,4601,140272,235968,11618,25833,3192,5347,9499,15824,397,680,147714,252335,125094,208520,10463,23450,871,1432,8773,14687,153,250,2360,3996,127204,211969,11011,24559,2365,3981,9330,15521,339,603,14316,26336,12734,23462,499,1041,575,979,116,211,34,38,358,605,13068,23999,607,1274,827,1366,169,303,58,77
R,1,2025,92,390556,139848,250708,118834,209069,9590,21931,1233,2259,7606,13156,142,305,2443,3988,121014,212573,10235,23118,2723,4795,8156,13932,353,623,127720,227683,108009,188547,9153,21030,732,1382,7518,12966,130,258,2178,3500,109953,191612,9698,22040,2063,3616,8015,13658,323,547,12128,23025,10825,20522,437,901,501,877,88,190,12,47,265,488,11061,20961,537,1078,660,1179,141,274,30,76
R,1,2025,93,312347,108961,203386,93886,171710,6450,16091,917,1714,5731,10317,113,234,1864,3320,95541,174567,6973,17092,2042,3830,6163,10980,278,543,99514,185297,85418,155514,6153,15447,553,1044,5673,10189,93,196,1624,2907,86855,158001,6618,16283,1505,2900,6060,10789,236,473,9447,18089,8468,16196,297,644,364,670,58,128,20,38,240,413,8686,16566,355,809,537,930,103,191,42,70
R,1,2025,94,269897,91626,178271,78041,149464,5783,14374,829,1507,5332,9719,106,194,1535,3013,79418,152066,6207,15261,1742,3420,5695,10334,240,448,83531,161732,70822,134727,5489,13738,503,890,5259,9607,90,165,1368,2605,72050,136947,5848,14480,1316,2533,5589,10169,212,398,8095,16539,7219,14737,294,636,326,617,73,112,16,29,167,408,7368,15119,359,781,426,887,106,165,28,50
R,1,2025,95,205286,67103,138183,57056,115696,4251,11448,597,1094,3918,7528,70,160,1211,2257,58111,117645,4594,12155,1328,2481,4206,7994,203,366,61253,126001,51817,104846,4073,10963,375,678,3875,7398,59,142,1054,1974,52734,106531,4353,11570,1003,1884,4140,7818,178,332,5850,12182,5239,10850,178,485,222,416,43,130,11,18,157,283,5377,11114,241,585,325,597,66,176,25,34
R,1,2025,96,163055,51844,111211,44178,93211,3246,8942,480,908,2966,6134,58,122,916,1894,44978,94822,3531,9551,1041,2064,3181,6531,129,312,47285,101655,40098,84754,3089,8541,294,562,2936,6048,52,100,816,1650,40809,86144,3331,9064,795,1566,3134,6403,115,264,4559,9556,4080,8457,157,401,186,346,30,86,6,22,100,244,4169,8678,200,487,246,498,47,128,14,48
R,1,2025,97,124063,37756,86307,31944,72194,2428,7043,347,744,2240,4811,45,90,752,1425,32601,73401,2654,7461,776,1660,2410,5114,113,236,34589,79208,29121,65857,2324,6760,219,466,2223,4751,37,78,665,1296,29701,66953,2513,7123,594,1304,2384,5028,95,216,3167,7099,2823,6337,104,283,128,278,17,60,8,12,87,129,2900,6448,141,338,182,356,26,86,18,20
R,1,2025,98,88213,25805,62408,21731,51925,1672,5096,223,528,1618,3666,22,90,539,1103,22215,52869,1809,5464,532,1170,1758,3899,85,212,23595,57250,19752,47322,1592,4890,152,361,1598,3621,18,82,483,974,20186,48146,1708,5212,432,914,1728,3837,69,194,2210,5158,1979,4603,80,206,71,167,20,45,4,8,56,129,2029,4723,101,252,100,256,30,62,16,18
R,1,2025,99,64255,18334,45921,15114,37950,1297,3808,177,376,1298,2833,31,52,417,902,15455,38697,1422,4124,415,926,1416,3015,87,145,16796,42213,13748,34646,1250,3650,127,271,1282,2805,26,44,363,797,14042,35303,1354,3920,326,755,1392,2959,77,122,1538,3708,1366,3304,47,158,50,105,16,28,5,8,54,105,1413,3394,68,204,89,171,24,56,10,23
R,1,2025,100,115465,30028,85437,23718,68353,2343,7870,425,918,2671,6233,65,145,806,1918,24377,69879,2646,8580,842,1995,2909,6705,188,397,27240,78681,21296,62410,2239,7552,300,678,2637,6179,53,126,715,1736,21885,63787,2503,8182,664,1649,2848,6603,158,345,2788,6756,2422,5943,104,318,125,240,34,54,12,19,91,182,2492,6092,143,398,178,346,61,102,30,52
R,2,2025,999,341080695,167393307,173687388,122084096,125045915,22003166,24095895,3549791,3448993,11219663,12237554,472782,473983,8063809,8385048,129497312,132740050,25144859,27406386,6861377,7006313,13751020,14772455,1001903,1001921,132689106,138786753,94655647,97359899,19875961,21928902,1156525,1193329,10750661,11760672,348156,348115,5902156,6195836,100087100,103050323,22107159,24306602,3372977,3635451,12751897,13765453,729383,728754,34704201,34900635,27428449,27686016,2127205,2166993,2393266,2255664,469002,476882,124626,125868,2161653,2189212,29410212,29689727,3037700,3099784,3488400,3370862,999123,1007002,272520,273167
R,2,2025,0,3617637,1850356,1767281,1205870,1150077,293002,283712,46753,44642,113961,106735,6869,6675,183901,175440,1378110,1314126,382379,369673,98179,93780,178650,168042,17467,16747,1307268,1246503,817328,776994,246300,238848,11638,11307,103332,96511,4646,4463,124024,118380,934121,888345,306222,296775,40329,38562,150244,140959,11182,10520,543088,520778,388542,373083,46702,44864,35115,33335,10629,10224,2223,2212,59877,57060,443989,425781,76157,72898,57850,55218,28406,27083,6285,6227
R,2,2025,1,3641596,1862065,1779531,1209133,1153907,295497,285961,48083,45814,118389,111471,6935,6832,184028,175546,1381447,1318008,384821,371857,99448,94895,183318,173009,17545,16918,1309689,1249737,813782,774056,247995,240487,11571,11254,107627,101106,4689,4544,124025,118290,930539,885273,307745,298201,40147,38365,154822,145813,11235,10612,552376,529794,395351,379851,47502,45474,36512,34560,10762,10365,2246,2288,60003,57256,450908,432735,77076,73656,59301,56530,28496,27196,6310,6306
R,2,2025,2,3746428,1912478,1833950,1240160,1186081,306676,297313,48390,47016,123701,117327,7280,7065,186271,179148,1414569,1353536,397044,384884,100176,96955,189577,180322,17981,17329,1354370,1294544,838713,798632,259330,251529,12081,11620,112853,106877,4814,4550,126579,121336,957848,912685,320206,310603,41185,39358,161190,152939,11489,10775,558108,539406,401447,387449,47346,45784,36309,35396,10848,10450,2466,2515,59692,57812,456721,440851,76838,74281,58991,57597,28387,27383,6492,6554
R,2,2025,3,3786587,1933888,1852699,1257079,1199842,310524,302721,46196,44420,125227,119075,6962,6716,187900,179925,1433018,1368022,401673,390617,98346,94438,191736,182465,17741,16995,1389995,1326806,865277,820619,264641,258197,12454,11831,115014,109122,4661,4422,127948,122615,985687,935857,326107,317806,41813,39822,163994,155788,11416,10720,543893,525893,391802,379223,45883,44524,33742,32589,10213,9953,2301,2294,59952,57310,447331,432165,75566,72811,56533,54616,27742,26677,6325,6275
R,2,2025,4,3725239,1903920,1821319,1233837,1175723,309674,300764,45676,43899,126175,119828,6666,6312,181892,174793,1404168,1339159,398034,386304,95993,92351,190559,181332,17081,16277,1375947,1313574,850996,807570,266687,259402,12782,12362,116466,110276,4669,4338,124347,119626,968026,920035,326506,317665,41249,39629,164051,155733,11221,10468,527973,507745,382841,368153,42987,41362,32894,31537,9709,9552,1997,1974,57545,55167,436142,419124,71528,68639,54744,52722,26508,25599,5860,5809
R,2,2025,5,3851750,1966288,1885462,1293215,1233757,304886,298443,47829,45684,128315,122542,7130,6748,184913,178288,1466353,1400457,394390,385423,98956,95137,193943,185326,17778,16874,1440441,1378931,909497,863504,264236,259453,14675,14184,118870,113322,4964,4788,128199,123680,1030109,979721,325720,319523,44159,42584,167939,160257,11781,11160,525847,506531,383718,370253,40650,38990,33154,31500,9445,9220,2166,1960,56714,54608,436244,420736,68670,65900,54797,52553,26004,25069,5997,5714
R,2,2025,6,3899942,1989736,1910206,1314490,1256129,309271,302352,48430,46977,127591,122402,7261,6920,182693,175426,1485553,1420132,397194,387190,99354,95893,192256,184370,18038,17045,1462749,1400941,928034,882424,268884,263629,15097,14719,118321,113335,5127,4964,127286,121870,1047757,996864,329835,322475,44447,42775,166921,159569,12024,11429,526987,509265,386456,373705,40387,38723,33333,32258,9270,9067,2134,1956,55407,53556,437796,423268,67359,64715,54907,53118,25335,24801,6014,5616
R,2,2025,7,3968209,2026712,1941497,1341223,1279710,315854,307813,49932,47691,130867,125386,7530,6803,181306,174094,1510778,1442301,402423,391849,101328,96986,194981,186477,18400,16959,1491826,1424630,946422,898416,275819,268782,15849,15165,121601,116358,5379,4827,126756,121082,1065472,1012092,336094,327144,45714,43397,169836,162075,12419,11233,534886,516867,394801,381294,40035,39031,34083,32526,9266,9028,2151,1976,54550,53012,445306,430209,66329,64705,55614,53589,25145,24402,5981,5726
R,2,2025,8,4051864,2069073,1982791,1377172,1313595,315659,308777,51915,49950,134865,128655,7593,7162,181869,174652,1546955,1476577,401259,392182,104482,100720,199166,189659,18580,17564,1521660,1454111,972009,922508,275079,269303,16352,15881,125404,119598,5388,5107,127428,121714,1091558,1036674,334811,327431,46932,45270,173921,165237,12466,11753,547413,528680,405163,391087,40580,39474,35563,34069,9461,9057,2205,2055,54441,52938,455397,439903,66448,64751,57550,55450,25245,24422,6114,5811
R,2,2025,9,4096576,2092947,2003629,1401087,1334618,319015,310807,52281,50969,132411,126711,7472,7188,180681,173336,1569917,1496350,403609,393139,105540,101872,195789,186982,18381,17586,1538698,1469593,988503,937437,278737,271467,16578,16167,123046,117721,5312,5107,126522,121694,1107294,1051536,337916,329450,47670,45882,170675,163055,12328,11801,554249,534036,412584,397181,40278,39340,35703,34802,9365,8990,2160,2081,54159,51642,462623,444814,65693,63689,57870,55990,25114,23927,6053,5785
R,2,2025,10,4113339,2101580,2011759,1407867,1341334,320330,311774,52783,51392,135212,128541,7401,7264,177987,171454,1574125,1501264,403210,392926,105999,102751,197412,187501,17995,17379,1550642,1480438,996332,945721,280326,272564,16897,16254,125957,119877,5301,5146,125829,120876,1114417,1059015,338831,330013,48388,46386,173129,164431,12251,11729,550938,531321,411535,395613,40004,39210,35886,35138,9255,8664,2100,2118,52158,50578,459708,442249,64379,62913,57611,56365,24283,23070,5744,5650
R,2,2025,11,4078133,2084497,1993636,1400012,1334773,317972,308933,53406,51059,132006,125318,7464,7105,173637,166448,1562176,1489980,398345,387191,106316,101859,192220,182255,17992,17087,1538001,1466608,991233,940635,278662,270409,16877,16186,122851,116736,5285,4979,123093,117663,1106721,1050909,335666,326137,48357,46267,168593,159706,12183,11484,546496,527028,408779,394138,39310,38524,36529,34873,9155,8582,2179,2126,50544,48785,455455,439071,62679,61054,57959,55592,23627,22549,5809,5603
R,2,2025,12,4118448,2103323,2015125,1412541,1349287,319593,310686,54115,51647,137937,130598,7632,7216,171505,165691,1572389,1503584,398407,387475,107269,103285,197428,187336,18041,17193,1552532,1483062,999220,949360,280056,272597,17141,16421,128953,121994,5396,5088,121766,117602,1113332,1059379,336025,327372,48819,47140,174250,165143,12247,11675,550791,532063,413321,399927,39537,38089,36974,35226,8984,8604,2236,2128,49739,48089,459057,444205,62382,60103,58450,56145,23178,22193,5794,5518
R,2,2025,13,4131707,2113266,2018441,1427404,1358581,321829,311431,54952,52489,132392,125668,7427,7139,169262,163133,1585169,1510503,399177,386446,108526,104110,190324,181199,17785,17054,1555841,1482381,1007513,954754,282083,273430,17133,16390,123331,117124,5242,4936,120539,115747,1120410,1062989,337419,326983,49332,47253,167440,159360,12099,11493,557425,536060,419891,403827,39746,38001,37819,36099,9061,8544,2185,2203,48723,47386,464759,447514,61758,59463,59194,56857,22884,21839,5686,5561
R,2,2025,14,4223350,2159868,2063482,1463436,1392979,330822,319590,55623,53451,131365,125159,7490,7322,171132,164981,1622954,1546583,408348,395247,111014,106975,189318,180495,17822,17249,1583665,1509538,1025358,972352,291343,281158,17196,16867,122447,116698,5328,5093,121993,117370,1139588,1082029,346833,335325,50543,49089,166710,158892,12262,11634,576203,553944,438078,420627,39479,38432,38427,36584,8918,8461,2162,2229,49139,47611,483366,464554,61515,59922,60471,57886,22608,21603,5560,5615
R,2,2025,15,4284526,2191582,2092944,1490989,1417262,335067,323863,55441,52959,130946,125793,7448,7197,171691,165870,1650933,1571696,413224,400664,110718,106225,188831,180859,17854,17285,1601830,1528510,1036264,982522,295959,286052,17591,17078,122473,117536,5176,4861,124367,120461,1152662,1095140,352977,342197,51615,50136,167309,160193,12229,11730,589752,564434,454725,434740,39108,37811,37850,35881,8473,8257,2272,2336,47324,45409,498271,476556,60247,58467,59103,56089,21522,20666,5625,5555
R,2,2025,16,4423968,2264474,2159494,1545935,1466064,346446,334073,57436,54863,133815,128317,7518,7303,173324,168874,1707144,1623173,425005,411650,114437,110611,191300,183428,18345,17520,1650784,1574476,1070571,1013434,305770,295956,18218,17640,125164,119907,5133,4898,125928,122641,1188090,1128021,363515,353027,53558,52256,169861,162572,12440,11836,613690,585018,475364,452630,40676,38117,39218,37223,8651,8410,2385,2405,47396,46233,519054,495152,61490,58623,60879,58355,21439,20856,5905,5684
R,2,2025,17,4493013,2299614,2193399,1573457,1494207,347780,335462,59807,56855,138370,131820,7622,7305,172578,167750,1733829,1649962,425373,411774,118221,113505,195147,186693,18281,17564,1673282,1596272,1087379,1031124,307120,297187,18558,17854,129538,123461,5115,4992,125572,121654,1204534,1144588,363936,353098,54972,53071,173857,165860,12447,11926,626332,597127,486078,463083,40660,38275,41249,39001,8832,8359,2507,2313,47006,46096,529295,505374,61437,58676,63249,60434,21290,20833,5834,5638
R,2,2025,18,4494825,2304092,2190733,1582003,1497113,345455,332433,61545,56681,138845,133204,7588,7321,168656,163981,1738590,1649352,420094,405893,119638,112926,194396,186517,18058,17372,1673515,1595497,1092754,1034006,304998,294286,18391,17700,130037,124928,5072,4961,122263,119616,1206732,1145570,359409,348619,54411,52949,173382,166400,12209,11784,630577,595236,489249,463107,40457,38147,43154,38981,8808,8276,2516,2360,46393,44365,531858,503782,60685,57274,65227,59977,21014,20117,5849,5588
R,2,2025,19,4455807,2286056,2169751,1576791,1485942,335320,324642,61229,56669,142607,138591,7680,7363,162429,156544,1727585,1631137,405860,393599,118500,111345,195917,190001,17573,16903,1662863,1584956,1091688,1029328,296237,287723,18045,17582,134089,130689,5185,5065,117619,114569,1201333,1135986,347537,338720,53795,52007,175822,170979,11935,11692,623193,584795,485103,456614,39083,36919,43184,39087,8518,7902,2495,2298,44810,41975,526252,495151,58323,54879,64705,59338,20095,19022,5638,5211
R,2,2025,20,4476837,2297291,2179546,1587045,1496282,334679,322205,61588,55768,148295,144872,7810,7242,157874,153177,1733412,1638239,402179,388993,118083,110564,200546,194654,17589,16607,1677021,1598100,1102261,1040723,296248,285912,18248,17133,139865,137083,5352,5081,115047,112168,1209307,1144989,345392,335135,53996,51945,180929,176375,12101,11572,620270,581446,484784,455559,38431,36293,43340,38635,8430,7789,2458,2161,42827,41009,524105,493250,56787,53858,64087,58619,19617,18279,5488,5035
R,2,2025,21,4496807,2307817,2188990,1600256,1506922,333192,322286,61251,55247,150914,147890,7903,7216,154301,149429,1743241,1645505,398040,386237,117960,109784,201404,196361,17495,16309,1691979,1611973,1117934,1053938,295396,286382,17939,17080,142863,140217,5399,5091,112448,109265,1222524,1155645,342836,333416,53813,51829,182644,178265,12019,11449,615838,577017,482322,452984,37796,35904,43312,38167,8051,7673,2504,2125,41853,40164,520717,489860,55204,52821,64147,57955,18760,18096,5476,4860
R,2,2025,22,4500804,2305173,2195631,1593667,1507875,337078,328350,61354,55394,157644,153339,7766,7238,147664,143435,1730384,1640321,398483,389369,116486,108498,205953,199800,16991,16107,1692152,1620072,1112620,1055194,298799,292353,17823,16905,149794,145687,5477,5086,107639,104847,1212491,1152347,343762,337316,52793,50723,187753,182230,11932,11266,613021,575559,481047,452681,38279,35997,43531,38489,7850,7652,2289,2152,40025,38588,517893,487974,54721,52053,63693,57775,18200,17570,5059,4841
R,2,2025,23,4668316,2370616,2297700,1632768,1574156,353090,351504,60373,55374,174612,169025,7857,7821,141916,139820,1763488,1702899,412157,411175,113383,106485,221013,214681,17203,16957,1754945,1714709,1148000,1114108,313760,314139,17619,17355,166725,161084,5571,5550,103270,102473,1243338,1208677,356799,358139,51187,49938,203311,197229,12144,12047,615671,582991,484768,460048,39330,37365,42754,38019,7887,7941,2286,2271,38646,37347,520150,494222,55358,53036,62196,56547,17702,17452,5059,4910
R,2,2025,24,4944560,2503790,2440770,1721957,1671582,374832,373903,61573,56392,198254,192729,8646,8491,138528,137673,1849077,1797801,432101,432851,112868,105713,244298,238582,18128,17746,1875760,1844186,1226219,1199046,334289,335220,18240,17845,189814,184443,6328,6060,100870,101572,1318966,1292360,375906,378714,50641,49428,226262,221104,13089,12690,628030,596584,495738,472536,40543,38683,43333,38547,8440,8286,2318,2431,37658,36101,530111,505441,56195,54137,62227,56285,18036,17478,5039,5056
R,2,2025,25,4808420,2437500,2370920,1690396,1632840,356306,357889,59267,53631,192661,187935,8487,8178,130383,130447,1809894,1752629,409941,413355,108315,100684,235531,231121,17346,16796,1831286,1795832,1209812,1176080,317921,320739,17571,16861,184582,179986,6254,5750,95146,96416,1297195,1264787,357023,361993,48566,46933,218794,214602,12559,11847,606214,575088,480584,456760,38385,37150,41696,36770,8079,7949,2233,2428,35237,34031,512699,487842,52918,51362,59749,53751,16737,16519,4787,4949
R,2,2025,26,4720721,2391856,2328865,1664585,1605315,345805,348038,57792,52442,188761,188078,8320,8105,126593,126887,1780568,1721826,396873,401579,105945,99099,230381,229596,17073,16446,1799568,1766055,1195124,1157741,308408,312152,16856,16144,180675,180045,6060,5776,92445,94197,1279954,1244458,345664,351879,47376,46332,213909,213481,12335,11780,592288,562810,469461,447574,37397,35886,40936,36298,8086,8033,2260,2329,34148,32690,500614,477368,51209,49700,58569,52767,16472,16115,4738,4666
R,2,2025,27,4548043,2304400,2243643,1602524,1540992,330013,331741,55899,50437,188549,191563,7971,7667,119444,121243,1712015,1652135,377732,382292,101809,95591,227909,231290,16044,15437,1734297,1703525,1150238,1110909,294521,297971,15844,15223,180720,183829,5815,5498,87159,90095,1230206,1193633,329083,335652,44950,44214,212327,216101,11626,11141,570103,540118,452286,430083,35492,33770,40055,35214,7829,7734,2156,2169,32285,31148,481809,458502,48649,46640,56859,51377,15582,15189,4418,4296
R,2,2025,28,4496337,2274944,2221393,1587179,1524068,320693,325433,55569,49922,187594,195724,7724,7338,116185,118908,1693369,1633080,366394,374157,100819,95046,225955,234481,15707,15086,1709003,1686637,1137809,1098852,285426,292033,15445,14755,180137,188149,5598,5386,84588,87462,1215327,1179161,318296,327970,43767,43403,211159,219464,11374,10948,565941,534756,449370,425216,35267,33400,40124,35167,7457,7575,2126,1952,31597,31446,478042,453919,48098,46187,57052,51643,14796,15017,4333,4138
R,2,2025,29,4513989,2279422,2234567,1591758,1534215,321899,328434,56163,50020,188192,198112,7725,7396,113685,116390,1695607,1640544,366182,375825,101143,95262,225421,235567,15697,15223,1715700,1698707,1145346,1108231,286451,294472,15382,14567,180471,190245,5629,5513,82421,85679,1220722,1186714,318106,329183,43691,43416,210506,220642,11416,11209,563722,535860,446412,425984,35448,33962,40781,35453,7721,7867,2096,1883,31264,30711,474885,453830,48076,46642,57452,51846,14915,14925,4281,4014
R,2,2025,30,4533542,2282272,2251270,1595491,1542732,324724,338448,55687,50125,187333,197014,7788,7474,111249,115477,1696851,1648191,367421,384863,100723,95784,223570,234075,15731,15266,1725841,1718162,1154645,1119124,289881,304042,15432,14835,179730,189437,5746,5527,80407,85197,1227920,1196951,320299,338020,43624,44258,209049,219674,11538,11224,556431,533108,440846,423608,34843,34406,40255,35290,7603,7577,2042,1947,30842,30280,468931,451240,47122,46843,57099,51526,14521,14401,4193,4042
R,2,2025,31,4564551,2294341,2270210,1604930,1553465,328356,345921,55604,50620,189660,198858,7728,7371,108063,113975,1703076,1657447,369257,391374,99565,96727,225219,235073,15712,15065,1744750,1740591,1168366,1132738,294117,311957,15644,15287,182297,191245,5640,5371,78686,83993,1239859,1209552,323365,344996,43354,45218,211307,220687,11482,11019,549591,529619,436564,420727,34239,33964,39960,35333,7363,7613,2088,2000,29377,29982,463217,447895,45892,46378,56211,51509,13912,14386,4230,4046
R,2,2025,32,4653110,2335857,2317253,1636971,1588038,334010,354217,56775,51855,192928,202027,7672,7446,107501,113670,1734667,1691716,373829,398202,101758,99277,227940,237947,15568,15140,1783582,1783739,1198153,1164533,299580,319576,16243,15724,185611,194508,5721,5390,78274,84008,1269305,1241234,327896,351398,44954,46894,214093,223947,11513,11034,552275,533514,438818,423505,34430,34641,40532,36131,7317,7519,1951,2056,29227,29662,465362,450482,45933,46804,56804,52383,13847,14000,4055,4106
R,2,2025,33,4703393,2353517,2349876,1655841,1614044,334130,359847,56796,51582,194063,204275,7817,7455,104870,112673,1751042,1716527,372181,402765,101633,99630,227991,239888,15612,15149,1808026,1823236,1222730,1197046,299791,324469,16618,16230,186892,196821,5829,5554,76166,83116,1291920,1272753,326588,355241,45151,47831,214632,225873,11641,11262,545491,526640,433111,416998,34339,35378,40178,35352,7171,7454,1988,1901,28704,29557,459122,443774,45593,47524,56482,51799,13359,14015,3971,3887
R,2,2025,34,4813321,2409521,2403800,1701378,1654198,339304,367314,57787,52602,198930,209633,7858,7676,104264,112377,1795795,1756632,376186,408951,103053,101867,233184,244784,15665,15400,1859059,1874884,1264260,1235691,304880,332012,16920,16553,191550,202234,5838,5681,75611,82713,1332808,1311211,330536,361576,45665,49024,219637,230994,11608,11407,550462,528916,437118,418507,34424,35302,40867,36049,7380,7399,2020,1995,28653,29664,462987,445421,45650,47375,57388,52843,13547,13790,4057,3993
R,2,2025,35,4744658,2371113,2373545,1676612,1633966,333975,362181,55721,51288,196455,209817,7706,7357,100644,108936,1768010,1732888,368852,401836,100008,100029,229219,243834,15197,14829,1843750,1861130,1257369,1227611,301040,328132,16612,16466,189491,202799,5792,5498,73446,80624,1324062,1300832,325246,356297,45237,49079,216515,230805,11431,11217,527363,512415,419243,406355,32935,34049,39109,34822,6964,7018,1914,1859,27198,28312,443948,432056,43606,45539,54771,50950,12704,13029,3766,3612
R,2,2025,36,4639127,2311127,2328000,1642088,1609464,316895,347730,54045,50613,194943,209028,7424,7250,95732,103915,1728812,1703824,349360,384867,96592,97914,226382,241494,14645,14301,1801564,1830330,1236277,1214220,285793,315011,16147,16258,188084,202244,5499,5378,69764,77219,1299420,1284390,308269,341199,43473,48151,214087,229143,11003,10743,509563,497670,405811,395244,31102,32719,37898,34355,6859,6784,1925,1872,25968,26696,429392,419434,41091,43668,53119,49763,12295,12351,3642,3558
R,2,2025,37,4555326,2269059,2286267,1623839,1589733,305511,336461,53117,48978,187102,202471,7253,7101,92237,101523,1707423,1682056,336315,372226,94976,96102,216887,233689,14269,14102,1770114,1798737,1225487,1201919,275307,304987,15751,15453,180543,195841,5373,5234,67653,75303,1286715,1270481,296727,330232,42966,47223,205336,221678,10759,10511,498945,487530,398352,387814,30204,31474,37366,33525,6559,6630,1880,1867,24584,26220,420708,411575,39588,41994,52010,48879,11551,12011,3510,3591
R,2,2025,38,4521658,2250665,2270993,1618925,1588027,299893,330604,52302,49015,182668,198077,7223,6933,89654,98337,1700097,1677264,328996,364744,93990,96039,211789,227994,14094,13517,1757590,1788571,1224811,1203905,270268,299815,15368,15275,176273,191576,5399,5106,65471,72894,1284028,1270028,290261,323811,42382,47108,200470,216388,10661,10118,493075,482422,394114,384122,29625,30789,36934,33740,6395,6501,1824,1827,24183,25443,416069,407236,38735,40933,51608,48931,11319,11606,3433,3399
R,2,2025,39,4561012,2270940,2290072,1639731,1607463,299494,330145,53005,49197,182576,199215,7101,6913,89033,97139,1720348,1695757,328106,362745,95215,96481,211045,228478,13921,13705,1775239,1808265,1243273,1222546,270215,300247,15125,15632,176220,192703,5352,5206,65054,71931,1302158,1287948,289658,322836,42827,47947,199892,216943,10481,10351,495701,481807,396458,384917,29279,29898,37880,33565,6356,6512,1749,1707,23979,25208,418190,407809,38448,39909,52388,48534,11153,11535,3440,3354
R,2,2025,40,4470019,2220980,2249039,1608176,1581816,288703,321242,51611,48881,180675,197213,6867,6761,84948,93126,1685001,1666142,315015,351999,92674,95424,207782,224924,13477,13279,1741943,1776396,1224453,1203726,261127,292451,14796,15311,174377,191010,5137,5057,62053,68841,1280513,1266101,279090,313687,41761,47020,196884,213929,10204,10043,479037,472643,383723,378090,27576,28791,36815,33570,6298,6203,1730,1704,22895,24285,404488,400041,35925,38312,50913,48404,10898,10995,3273,3236
R,2,2025,41,4401941,2183115,2218826,1584515,1562295,282499,316376,51002,47818,176029,194080,6707,6746,82363,91511,1658765,1645071,307965,345963,91656,94803,201892,220796,13181,13235,1713084,1752050,1207767,1187654,255268,288404,14693,14947,170159,188111,5027,5035,60170,67899,1261892,1249019,272620,308990,41553,47349,191543,210181,9981,9997,470031,466776,376748,374641,27231,27972,36309,32871,5870,5969,1680,1711,22193,23612,396873,396052,35345,36973,50103,47454,10349,10615,3200,3238
R,2,2025,42,4450342,2200618,2249724,1601053,1588525,285276,319564,51712,49064,173710,194120,6492,6661,82375,91790,1675551,1671491,310473,349006,93358,97200,198664,220333,12946,13055,1727462,1774099,1221092,1206006,258199,291417,15053,15425,167945,188076,4803,4964,60370,68211,1275592,1267622,275501,311918,42760,48843,188673,209687,9768,9858,473156,475625,379961,382519,27077,28147,36659,33639,5765,6044,1689,1697,22005,23579,399959,403869,34972,37088,50598,48357,9991,10646,3178,3197
R,2,2025,43,4348449,2145576,2202873,1567800,1559944,277055,312916,49854,47504,165557,187474,6375,6401,78935,88634,1638897,1639984,301049,341516,90354,94467,189207,212351,12445,12646,1688779,1739475,1200923,1187272,251095,285478,14256,14673,159900,181598,4726,4701,57879,65753,1252926,1246726,267641,305359,41350,47187,179503,202087,9402,9438,456797,463398,366877,372672,25960,27438,35598,32831,5657,5876,1649,1700,21056,22881,385971,393258,33408,36157,49004,47280,9704,10264,3043,3208
R,2,2025,44,4401801,2174818,2226983,1590313,1577479,286094,321805,51219,48537,161639,184318,6567,6458,78986,88386,1661509,1657330,310093,350005,92138,96188,184945,208579,12688,12534,1707215,1755994,1213678,1197979,260209,294083,14864,15090,155877,178350,4796,4820,57791,65672,1265637,1257268,276665,313831,42251,48343,175114,198319,9521,9404,467603,470989,376635,379500,25885,27722,36355,33447,5762,5968,1771,1638,21195,22714,395872,400062,33428,36174,49887,47845,9831,10260,3167,3130
R,2,2025,45,4256620,2100580,2156040,1537590,1527179,277000,312173,48769,46792,155524,178649,6221,6329,75476,84918,1605639,1603678,299669,339475,88623,92663,177190,201803,11943,12248,1653706,1702711,1176709,1161957,252598,285503,14140,14604,150166,173081,4668,4628,55425,62938,1226568,1218642,268071,304302,41068,46657,168186,192146,9136,9140,446874,453329,360881,365222,24402,26670,34629,32188,5358,5568,1553,1701,20051,21980,379071,385036,31598,35173,47555,46006,9004,9657,2807,3108
R,2,2025,46,4078286,2007532,2070754,1471685,1469454,263481,297159,46573,44999,148617,172773,5930,5825,71246,80544,1535843,1542058,284621,322664,84698,88864,169053,194672,11155,11289,1580100,1634466,1125929,1117119,240471,272034,13427,13831,143503,167257,4424,4244,52346,59981,1173003,1171143,254989,289710,39302,44679,160370,185354,8423,8434,427432,436288,345756,352335,23010,25125,33146,31168,5114,5516,1506,1581,18900,20563,362840,370915,29632,32954,45396,44185,8683,9318,2732,2855
R,2,2025,47,4037842,1983360,2054482,1462483,1466407,255443,290611,45917,44856,144113,167948,5621,5906,69783,78754,1525478,1537406,275991,315121,83871,88328,163854,189337,10705,11223,1562160,1620125,1120175,1114050,233678,266101,13526,14279,139175,162708,4207,4320,51399,58667,1166488,1166900,247606,283130,39362,44854,155687,180346,8108,8437,421200,434357,342308,352357,21765,24510,32391,30577,4938,5240,1414,1586,18384,20087,358990,370506,28385,31991,44509,43474,8167,8991,2597,2786
R,2,2025,48,3909511,1919191,1990320,1413112,1418734,245183,280195,44167,42742,144250,167743,5481,5488,66998,75418,1473401,1486662,264316,303376,80858,85109,163222,187981,10549,10504,1510359,1565831,1079820,1072691,224112,256870,13219,13510,139530,162575,4103,4052,49575,56133,1124303,1123139,237167,272910,38361,43284,155440,179352,8016,7922,408832,424489,333292,346043,21071,23325,30948,29232,4720,5168,1378,1436,17423,19285,349098,363523,27149,30466,42497,41825,7782,8629,2533,2582
R,2,2025,49,3871825,1900158,1971667,1398507,1405701,243240,277014,43252,42061,145506,168976,5170,5443,64483,72472,1456573,1470883,261590,298979,79335,82918,163137,188302,9742,10268,1499105,1555188,1070981,1064493,222649,254889,12925,13497,140851,163929,3931,4047,47768,54333,1113908,1113328,235228,270228,37906,42458,155535,180009,7490,7771,401053,416479,327526,341208,20591,22125,30327,28564,4655,5047,1239,1396,16715,18139,342665,357555,26362,28751,41429,40460,7602,8293,2252,2497
R,2,2025,50,3870833,1900368,1970465,1405209,1413560,240075,272486,42270,41488,145103,166716,5039,5182,62672,71033,1461585,1477563,257644,293496,77574,82165,162183,185572,9541,9647,1508574,1561113,1083945,1077421,220481,251114,12965,13409,140593,161923,3816,3830,46774,53416,1125951,1125412,232804,265859,37558,42438,154863,177679,7273,7269,391794,409352,321264,336139,19594,21372,29305,28079,4510,4793,1223,1352,15898,17617,335634,352151,24840,27637,40016,39727,7320,7893,2268,2378
R,2,2025,51,3789422,1855471,1933951,1370316,1384600,235856,268870,40216,40061,143663,166706,4898,5151,60522,68563,1424734,1446198,252526,289036,74569,79274,160269,185053,9165,9623,1482025,1540202,1063209,1060370,217529,248569,12484,13369,139439,162058,3721,3789,45643,52047,1104072,1107064,229174,262776,36871,41737,153441,177429,7069,7258,373446,393749,307107,324230,18327,20301,27732,26692,4224,4648,1177,1362,14879,16516,320662,339134,23352,26260,37698,37537,6828,7624,2096,2365
R,2,2025,52,3921762,1915280,2006482,1416328,1439004,245879,281517,41364,40485,145327,170654,4910,5120,61472,69702,1471651,1501619,262391,301829,76827,80894,161868,188756,9240,9694,1540143,1609645,1107549,1111627,227779,261006,13269,13710,141083,165998,3721,3812,46742,53492,1149448,1159542,239469,275572,38756,43343,155033,181293,7165,7419,375137,396837,308779,327377,18100,20511,28095,26775,4244,4656,1189,1308,14730,16210,322203,342077,22922,26257,38071,37551,6835,7463,2075,2275
R,2,2025,53,4078326,1992245,2086081,1496434,1519392,248422,285618,39714,40145,140802,164708,4933,4913,61940,71305,1552168,1583741,264933,305741,76112,82570,156874,182496,9278,9425,1627655,1698526,1194991,1199264,230972,266034,13482,14080,136594,160126,3710,3710,47906,55312,1238009,1249041,242860,280607,40265,45822,150308,175180,7183,7276,364590,387555,301443,320128,17450,19584,26232,26065,4208,4582,1223,1203,14034,15993,314159,334700,22073,25134,35847,36748,6566,7316,2095,2149
R,2,2025,54,4293767,2100227,2193540,1587281,1610865,261470,298778,40642,40342,141410,165592,4968,5073,64456,72890,1645395,1676473,278489,319288,79311,84459,157323,183153,9439,9783,1730425,1806678,1281636,1290788,243588,279044,13953,14729,137242,161107,3798,3881,50208,57129,1326835,1342049,255936,294138,42819,48325,150792,175908,7387,7662,369802,386862,305645,320077,17882,19734,26689,25613,4168,4485,1170,1192,14248,15761,318560,334424,22553,25150,36492,36134,6531,7245,2052,2121
R,2,2025,55,4136899,2019546,2117353,1536601,1565379,245527,281505,38152,38493,134563,158241,4728,4924,59975,68811,1590713,1627379,261021,300549,74452,80545,149338,174626,9070,9421,1666230,1745751,1243347,1257326,228680,262907,13164,14084,130702,153996,3639,3798,46698,53640,1285348,1305550,239885,276777,40348,45943,143308,167771,7154,7419,353316,371602,293254,308053,16847,18598,24988,24409,3861,4245,1089,1126,13277,15171,305365,321829,21136,23772,34104,34602,6030,6855,1916,2002
R,2,2025,56,4007489,1953389,2054100,1485865,1519453,238187,273155,37335,36783,131376,155106,4368,4828,56258,64775,1536598,1577739,252619,290993,71730,76920,144962,170040,8316,8997,1615627,1700307,1205259,1225494,222224,255518,13083,13889,127804,151135,3364,3670,43893,50601,1244762,1270914,232661,268369,39082,44626,139296,163723,6538,7003,337762,353793,280606,293959,15963,17637,24252,22894,3572,3971,1004,1158,12365,14174,291836,306825,19958,22624,32648,32294,5666,6317,1778,1994
R,2,2025,57,3924443,1906927,2017516,1459801,1499270,233855,272921,35337,35780,119842,142816,4407,4618,53685,62111,1508288,1555193,247471,290235,68705,74610,132281,156593,8094,8679,1583001,1675425,1189981,1214568,218680,255708,12781,13760,116315,139002,3426,3586,41818,48801,1227616,1258430,228473,268371,38027,43695,126833,150494,6438,6849,323926,342091,269820,284702,15175,17213,22556,22020,3527,3814,981,1032,11867,13310,280672,296763,18998,21864,30678,30915,5448,6099,1656,1830
R,2,2025,58,3954385,1916770,2037615,1474305,1523799,235304,276465,34589,34986,115732,136321,4494,4600,52346,61444,1521358,1579082,248764,293297,67435,73981,127630,149470,8159,8553,1600190,1704448,1209517,1245640,220753,259877,12953,14061,112429,132725,3477,3567,41061,48578,1246345,1289268,230497,272295,38025,44385,122476,143781,6477,6739,316580,333167,264788,278159,14551,16588,21636,20925,3303,3596,1017,1033,11285,12866,275013,289814,18267,21002,29410,29596,5154,5689,1682,1814
R,2,2025,59,4075868,1972521,2103347,1517584,1573560,244524,287045,35065,35860,117468,139953,4413,4757,53467,62172,1565538,1629320,258131,304081,69036,75453,129305,153356,8234,8769,1657730,1770989,1254610,1296173,229514,270491,13664,14821,114202,136378,3457,3705,42283,49421,1292415,1340408,239489,283061,39927,45832,124260,147657,6587,6963,314791,332358,262974,277387,15010,16554,21401,21039,3266,3575,956,1052,11184,12751,273123,288912,18642,21020,29109,29621,5045,5699,1647,1806
R,2,2025,60,4241201,2043420,2197781,1589036,1664195,246170,291786,34529,35211,116074,138749,4128,4685,53483,63155,1637256,1721050,259127,308621,69224,76490,127564,151581,7771,8635,1740502,1873066,1334857,1391743,232343,275726,14003,15421,112983,135383,3227,3691,43089,51102,1373624,1437659,242018,288457,41489,48503,122793,146278,6228,6958,302918,324715,254179,272452,13827,16060,20526,19790,3091,3366,901,994,10394,12053,263632,283391,17109,20164,27735,27987,4771,5303,1543,1677
R,2,2025,61,4256011,2046841,2209170,1596994,1681153,241040,285663,33467,34316,118121,141047,4040,4482,53179,62509,1644904,1737381,253840,301935,68421,75301,129307,153816,7590,8464,1756724,1895544,1353501,1417950,227641,270229,14129,15335,115212,137790,3224,3497,43017,50743,1392134,1463519,237282,282582,41949,48318,124808,148665,6165,6776,290117,313626,243493,263203,13399,15434,19338,18981,2909,3257,816,985,10162,11766,252770,273862,16558,19353,26472,26983,4499,5151,1425,1688
R,2,2025,62,4244859,2036790,2208069,1597364,1690571,236434,283040,32318,33400,115433,135340,4021,4506,51220,61212,1643554,1745693,248589,298911,65935,74000,126295,147550,7490,8274,1759277,1905865,1363777,1435975,223935,268686,13899,15325,112578,132163,3204,3619,41884,50097,1401467,1480988,233107,280863,41033,48322,121963,142594,6134,6724,277513,302204,233587,254596,12499,14354,18419,18075,2855,3177,817,887,9336,11115,242087,264705,15482,18048,24902,25678,4332,4956,1356,1550
R,2,2025,63,4207957,2013589,2194368,1599288,1700644,227830,275542,30478,32248,101821,122375,3951,4176,50221,59383,1644575,1754143,239574,290828,63897,72042,112279,133932,7171,7772,1754240,1910502,1380782,1461338,216170,262248,13644,15235,99302,119475,3180,3321,41162,48885,1417802,1505276,225125,274018,40635,47791,108408,129400,5905,6288,259349,283866,218506,239306,11660,13294,16834,17013,2519,2900,771,855,9059,10498,226773,248867,14449,16810,23262,24251,3871,4532,1266,1484
R,2,2025,64,4246521,2024849,2221672,1605723,1719438,231181,279219,30156,32230,104446,127642,3793,4228,49550,58915,1650493,1772390,242980,294267,63068,71723,114614,139139,7025,7862,1769563,1939709,1390427,1481438,219690,266263,13528,15281,102007,124751,3077,3401,40834,48575,1427235,1525048,228722,277881,40354,47607,110864,134624,5763,6386,255286,281963,215296,238000,11491,12956,16628,16949,2439,2891,716,827,8716,10340,223258,247342,14258,16386,22714,24116,3750,4515,1262,1476
R,2,2025,65,4129009,1961666,2167343,1563396,1684185,219915,270408,28258,30551,99790,122586,3523,3903,46784,55710,1605492,1734306,230711,284707,59429,67935,109651,133398,6572,7229,1725799,1903882,1364290,1462070,209351,257953,12994,14652,97483,119907,2871,3174,38810,46126,1399127,1503439,217711,269134,38491,45432,106117,129220,5428,5940,235867,263461,199106,222115,10564,12455,15264,15899,2307,2679,652,729,7974,9584,206365,230867,13000,15573,20938,22503,3534,4178,1144,1289
R,2,2025,66,4046730,1915233,2131497,1529769,1659943,213015,263027,26363,29066,98133,122028,3381,3725,44572,53708,1569933,1708282,223398,276773,56406,65297,107125,132300,6149,6881,1695124,1882447,1343999,1449396,202892,251551,12442,14321,95998,119492,2756,3068,37037,44619,1377288,1489444,210966,262330,37093,44271,103915,128350,5093,5657,220109,249050,185770,210547,10123,11476,13921,14745,2135,2536,625,657,7535,9089,192645,218838,12432,14443,19313,21026,3210,3950,1056,1224
R,2,2025,67,4019652,1894050,2125602,1520466,1665469,205435,256884,25588,27807,96297,120004,3181,3503,43083,51935,1559226,1712199,215353,269987,54601,63449,105115,129587,5893,6491,1683741,1884159,1342250,1460499,196174,245968,12232,13857,94340,117626,2643,2841,36102,43368,1374622,1499417,203987,256300,36301,43494,102111,125955,4961,5353,210309,241443,178216,204970,9261,10916,13356,13950,1957,2378,538,662,6981,8567,184604,212782,11366,13687,18300,19955,3004,3632,932,1138
R,2,2025,68,3885523,1822133,2063390,1466954,1618530,194941,248476,23985,26268,92663,117693,3017,3378,40573,49045,1503604,1662638,204283,260964,51422,59821,100790,126778,5572,6226,1625213,1834704,1300016,1424225,186247,237937,11552,13308,90807,115398,2503,2796,34088,41040,1330751,1461034,193609,247833,34365,41240,97988,123270,4655,5206,196920,228686,166938,194305,8694,10539,12433,12960,1856,2295,514,582,6485,8005,172853,201604,10674,13131,17057,18581,2802,3508,917,1020
R,2,2025,69,3754025,1755204,1998821,1418034,1573220,183406,235777,22629,25028,90219,115394,2805,3254,38111,46148,1452394,1614626,192145,247514,48364,56549,97832,124049,5241,5990,1568656,1780311,1259775,1387246,175024,225823,10956,12690,88460,113229,2326,2644,32115,38679,1288656,1421835,181918,235087,32441,38984,95190,120800,4411,4977,186548,218510,158259,185974,8382,9954,11673,12338,1759,2165,479,610,5996,7469,163738,192791,10227,12427,15923,17565,2642,3249,830,1013
R,2,2025,70,3656007,1701958,1954049,1381297,1546498,174247,226037,21045,23638,87283,110910,2727,3145,35359,43821,1413094,1585677,182480,237202,44979,53672,94287,119074,5000,5836,1528199,1747067,1233623,1369978,166533,216770,10417,12091,85674,108925,2264,2601,29688,36702,1260254,1402658,173001,225555,30295,37137,91886,116047,4219,4898,173759,206982,147674,176520,7714,9267,10628,11547,1609,1985,463,544,5671,7119,152840,183019,9479,11647,14684,16535,2401,3027,781,938
R,2,2025,71,3453547,1598486,1855061,1308493,1479692,157115,208849,18956,21344,79331,101895,2374,2791,32217,40490,1337512,1516065,164568,219215,41027,49073,85557,109251,4407,5200,1441105,1664619,1174200,1316652,150213,200361,9563,11248,77893,100080,1968,2314,27268,33964,1198724,1347061,156092,208544,28101,34448,83436,106493,3719,4388,157381,190442,134293,163040,6902,8488,9393,10096,1438,1815,406,477,4949,6526,138788,169004,8476,10671,12926,14625,2121,2758,688,812
R,2,2025,72,3344464,1541766,1802698,1267882,1442830,146907,199052,17440,20188,77558,100203,2277,2673,29702,37752,1294562,1476725,153898,208653,37656,46118,83401,106973,4206,4996,1395789,1622673,1142887,1288139,140413,191141,8983,10808,76296,98546,1931,2223,25279,31816,1165516,1316591,146022,198808,26079,32583,81494,104487,3585,4226,145977,180025,124995,154691,6494,7911,8457,9380,1262,1657,346,450,4423,5936,129046,160134,7876,9845,11577,13535,1907,2486,621,770
R,2,2025,73,3156047,1449177,1706870,1200689,1375424,134968,186053,15818,18482,67815,89252,2006,2399,27881,35260,1225793,1407075,141388,195177,35179,43053,72995,95232,3777,4475,1314565,1540742,1084874,1232436,129256,178778,8347,9966,66633,87800,1710,1976,23745,29786,1106166,1259059,134435,185995,24692,30798,71258,93013,3241,3773,134612,166128,115815,142988,5712,7275,7471,8516,1182,1452,296,423,4136,5474,119627,148016,6953,9182,10487,12255,1737,2219,536,702
R,2,2025,74,2987938,1363891,1624047,1123812,1299727,128675,180110,14996,17666,68425,91354,1936,2301,26047,32889,1147215,1329198,134844,188781,32891,40394,73256,97061,3586,4302,1235579,1462172,1013483,1160221,123093,173098,7852,9404,67322,89928,1650,1927,22179,27594,1033321,1184853,128032,179965,23029,28469,71605,94860,3095,3638,128312,161875,110329,139506,5582,7012,7144,8262,1103,1426,286,374,3868,5295,113894,144345,6812,8816,9862,11925,1651,2201,491,664
R,2,2025,75,2862449,1300747,1561702,1078789,1258294,117216,167253,13856,16048,65259,87210,1776,2052,23851,30845,1100301,1285869,122745,175310,30311,37437,69643,92439,3371,3962,1183814,1412222,977950,1128933,112323,160841,7406,8747,64204,85831,1512,1721,20419,26149,996311,1152208,116772,167344,21428,26890,68112,90410,2925,3379,116933,149480,100839,129361,4893,6412,6450,7301,1055,1379,264,331,3432,4696,103990,133661,5973,7966,8883,10547,1531,2029,446,583
R,2,2025,76,2755867,1246845,1509022,1041439,1226778,107789,155063,12707,14915,60767,80888,1673,2015,22470,29363,1061614,1253058,112979,162815,28371,35252,64887,85817,3167,3830,1139693,1369668,948660,1105994,103423,149242,7049,8267,59815,79575,1396,1710,19350,24880,965978,1128186,107651,155459,20461,25506,63509,83868,2723,3280,107152,139354,92779,120784,4366,5821,5658,6648,952,1313,277,305,3120,4483,95636,124872,5328,7356,7910,9746,1378,1949,444,550
R,2,2025,77,2739067,1235804,1503263,1049032,1243365,96631,141672,11822,13868,55323,74020,1519,1806,21477,28532,1068482,1269019,101475,149001,26885,33972,59089,78625,2880,3471,1135247,1371979,961679,1129216,92687,136125,6568,7774,54468,72901,1302,1530,18543,24433,978446,1151115,96644,142097,19519,24964,57828,76961,2530,3020,100557,131284,87353,114149,3944,5547,5254,6094,855,1119,217,276,2934,4099,90036,117904,4831,6904,7366,9008,1261,1664,350,451
R,2,2025,78,2453197,1100743,1352454,937704,1123419,82748,123167,10330,12594,49523,66662,1337,1538,19101,25074,955050,1146068,86959,129486,23737,30099,52820,70763,2581,3120,1011439,1232969,859935,1019500,79214,118150,5842,7131,48824,65589,1137,1294,16487,21305,874898,1038673,82619,123211,17391,22055,51762,69164,2246,2674,89304,119485,77769,103919,3534,5017,4488,5463,699,1073,200,244,2614,3769,80152,107395,4340,6275,6346,8044,1058,1599,335,446
R,2,2025,79,1914224,848702,1065522,714084,873380,68254,104451,8303,10638,42345,56062,1125,1479,14591,19512,727207,890815,71645,109644,18261,23906,45072,59457,2219,2812,770956,958986,646180,780508,65196,99998,4541,5714,41665,55103,954,1234,12420,16429,657307,795108,67890,104150,12989,16887,44057,58076,1919,2404,77746,106536,67904,92872,3058,4453,3762,4924,680,959,171,245,2171,3083,69900,95707,3755,5494,5272,7019,1015,1381,300,408
R,2,2025,80,1822460,798980,1023480,676477,843679,61604,97619,7559,9851,38689,52482,1004,1278,13647,18571,688779,860214,64878,102764,16817,22489,41227,55582,2008,2578,730039,926431,616117,758781,58898,93752,4204,5388,38181,51654,867,1067,11772,15789,626697,772785,61557,97905,12169,16143,40445,54373,1766,2213,68941,97049,60360,84898,2706,3867,3355,4463,508,828,137,211,1875,2782,62082,87429,3321,4859,4648,6346,782,1209,242,365
R,2,2025,81,1765972,767163,998809,655519,834296,56342,90533,6954,9125,34877,46099,861,1140,12610,17616,666902,850056,59309,95282,15761,21284,37039,48922,1788,2353,704112,908372,600188,755059,53941,86918,3993,5078,34362,45364,739,959,10889,14994,610000,768409,56339,90771,11609,15465,36294,47808,1545,2032,63051,90437,55331,79237,2401,3615,2961,4047,515,735,122,181,1721,2622,56902,81647,2970,4511,4152,5819,745,1114,243,321
R,2,2025,82,1650127,708841,941286,606764,787739,51132,84445,6103,8293,32721,43895,755,1052,11366,15862,616999,801942,53827,88767,13871,19271,34792,46430,1568,2086,652425,857442,557156,714282,48910,81017,3561,4563,32284,43218,643,870,9871,13492,566023,726307,51131,84511,10307,13946,34131,45420,1361,1788,56416,83844,49608,73457,2222,3428,2542,3730,437,677,112,182,1495,2370,50976,75635,2696,4256,3564,5325,661,1010,207,298
R,2,2025,83,1372746,580851,791895,494450,658977,42565,72412,5296,7197,28291,38737,687,925,9562,13647,503057,671165,44898,76098,11784,16623,30056,41013,1365,1809,531886,719883,451358,595560,40696,69688,3093,4035,27929,38157,589,772,8221,11671,458749,605944,42576,72678,8664,12111,29499,40138,1180,1553,48965,72012,43092,63417,1869,2724,2203,3162,362,580,98,153,1341,1976,44308,65221,2322,3420,3120,4512,557,875,185,256
R,2,2025,84,1213797,504396,709401,426946,587800,37256,65936,4707,6628,26428,36172,622,807,8437,12058,434528,598512,39332,69365,10414,14764,28040,38222,1201,1634,459838,641065,387662,527662,35541,63232,2756,3675,26087,35628,527,664,7265,10204,394176,536678,37219,65983,7636,10573,27530,37425,1033,1387,44558,68336,39284,60138,1715,2704,1951,2953,341,544,95,143,1172,1854,40352,61834,2113,3382,2778,4191,510,797,168,247
R,2,2025,85,1063577,434955,628622,367938,520912,32092,58381,3991,5803,23252,31988,482,761,7200,10777,374384,530455,33840,61411,8823,13058,24631,33826,1016,1542,396064,567503,333661,466964,30544,55923,2301,3271,22948,31490,388,624,6222,9231,339211,475086,31974,58384,6457,9521,24200,33105,872,1312,38891,61119,34277,53948,1548,2458,1690,2532,304,498,94,137,978,1546,35173,55369,1866,3027,2366,3537,431,721,144,230
R,2,2025,86,969479,391564,577915,332814,481796,27823,51866,3608,5440,20479,28536,415,637,6425,9640,338586,490382,29384,54611,7920,11904,21743,30129,870,1274,357262,522617,302475,433046,26536,49665,2118,3090,20222,28124,339,512,5572,8180,307470,440276,27788,51905,5861,8577,21351,29523,746,1082,34302,55298,30339,48750,1287,2201,1490,2350,257,412,76,125,853,1460,31116,50106,1596,2706,2059,3327,392,606,124,192
R,2,2025,87,840825,334306,506519,283546,421317,23834,45847,3001,4546,17938,25882,386,566,5601,8361,288613,428737,25292,48265,6723,10040,18983,27385,774,1162,304945,458511,257471,378839,22758,43928,1794,2613,17710,25509,331,468,4881,7154,261884,385141,23946,45920,5043,7330,18654,26833,668,999,29361,48008,26075,42478,1076,1919,1207,1933,228,373,55,98,720,1207,26729,43596,1346,2345,1680,2710,329,552,106,163
R,2,2025,88,725691,282963,442728,240154,369373,19601,39223,2533,4026,15562,22395,295,502,4818,7209,244465,375684,20838,41367,5651,8690,16546,23751,684,1040,257649,399783,217616,331335,18678,37565,1512,2271,15384,22066,253,416,4206,6130,221362,336665,19695,39352,4219,6211,16279,23261,611,886,25314,42945,22538,38038,923,1658,1021,1755,178,329,42,86,612,1079,23103,39019,1143,2015,1432,2479,267,490,73,154
R,2,2025,89,633169,242153,391016,205462,325239,17058,34999,2178,3601,13150,20221,248,413,4057,6543,209102,331043,18123,36903,4741,7833,13993,21423,567,884,220557,353484,186289,292021,16246,33588,1298,2033,12996,19882,205,343,3523,5617,189439,296979,17134,35153,3508,5686,13759,20943,494,760,21596,37532,19173,33218,812,1411,880,1568,154,339,43,70,534,926,19663,34064,989,1750,1233,2147,234,480,73,124
R,2,2025,90,546467,204863,341604,174274,285153,14074,30151,1837,3100,11051,17153,256,365,3371,5682,177292,290146,14966,31784,3937,6788,11773,18255,518,788,186590,309315,157935,256522,13405,28914,1123,1768,10931,16896,219,307,2977,4908,160589,260810,14159,30263,2961,4956,11593,17891,453,693,18273,32289,16339,28631,669,1237,714,1332,120,257,37,58,394,774,16703,29336,807,1521,976,1832,180,364,65,95
R,2,2025,91,441048,162185,278863,137823,231981,11023,24603,1464,2432,8918,14914,188,296,2769,4637,140311,236002,11704,25952,3227,5404,9541,15848,399,682,147711,252397,124937,208413,10515,23553,883,1447,8803,14702,155,254,2418,4028,127097,211894,11090,24670,2402,4029,9372,15544,343,602,14474,26466,12886,23568,508,1050,581,985,115,212,33,42,351,609,13214,24108,614,1282,825,1375,169,304,56,80
R,2,2025,92,387396,138762,248634,117822,207158,9502,21748,1219,2254,7639,13170,144,298,2436,4006,119995,210672,10137,22939,2709,4800,8193,13952,357,622,126718,225679,107075,186711,9070,20849,736,1376,7548,12978,129,253,2160,3512,109000,189780,9608,21857,2053,3614,8052,13678,323,548,12044,22955,10747,20447,432,899,483,878,91,192,15,45,276,494,10995,20892,529,1082,656,1186,141,274,34,74
R,2,2025,93,314727,110080,204647,94622,172458,6640,16387,935,1743,5862,10458,110,238,1911,3363,96321,175351,7176,17398,2091,3885,6296,11131,275,545,100484,186336,86022,156061,6335,15730,563,1068,5799,10331,92,199,1673,2947,87509,158581,6805,16580,1553,2944,6187,10944,234,477,9596,18311,8600,16397,305,657,372,675,63,127,18,39,238,416,8812,16770,371,818,538,941,109,187,41,68
R,2,2025,94,268242,91150,177092,77673,148412,5736,14298,825,1515,5255,9664,108,195,1553,3008,79067,151009,6164,15183,1749,3427,5628,10278,240,453,83088,160688,70482,133788,5449,13672,502,900,5187,9548,92,166,1376,2614,71715,136020,5811,14414,1317,2554,5523,10105,212,402,8062,16404,7191,14624,287,626,323,615,68,116,16,29,177,394,7352,14989,353,769,432,873,105,173,28,51
R,2,2025,95,207737,68138,139599,57941,116795,4290,11535,621,1120,3995,7674,70,162,1221,2313,59006,118792,4636,12254,1360,2546,4282,8153,202,373,62172,127164,52598,105729,4104,11045,393,690,3951,7548,58,143,1068,2009,53526,107445,4385,11656,1031,1920,4216,7974,178,335,5966,12435,5343,11066,186,490,228,430,44,126,12,19,153,304,5480,11347,251,598,329,626,66,179,24,38
R,2,2025,96,161794,51461,110333,43774,92411,3248,8893,475,897,2976,6114,56,123,932,1895,44591,94025,3536,9497,1043,2050,3196,6518,132,311,46924,100780,39717,83939,3092,8495,293,558,2945,6026,49,105,828,1657,40443,85338,3338,9015,796,1561,3147,6389,116,268,4537,9553,4057,8472,156,398,182,339,31,88,7,18,104,238,4148,8687,198,482,247,489,49,129,16,43
R,2,2025,97,124001,37871,86130,32033,71975,2415,6997,353,754,2261,4854,49,92,760,1458,32694,73212,2642,7434,784,1683,2441,5162,118,236,34662,78987,29176,65609,2309,6713,223,478,2244,4793,42,80,668,1314,29758,66721,2497,7091,599,1321,2410,5072,100,214,3209,7143,2857,6366,106,284,130,276,17,61,7,12,92,144,2936,6491,145,343,185,362,31,90,18,22
R,2,2025,98,89039,26186,62853,22002,52257,1723,5122,230,532,1650,3738,23,87,558,1117,22499,53212,1876,5487,555,1192,1792,3971,80,211,23931,57628,19986,47594,1645,4909,151,362,1631,3693,19,78,499,992,20431,48436,1772,5231,445,934,1763,3911,68,193,2255,5225,2016,4663,78,213,79,170,19,45,4,9,59,125,2068,4776,104,256,110,258,29,60,12,18
R,2,2025,99,64252,18368,45884,15173,37854,1282,3824,179,395,1294,2851,31,52,409,908,15507,38606,1403,4142,408,941,1413,3044,88,147,16823,42161,13793,34540,1233,3669,127,278,1281,2820,26,44,363,810,14087,35208,1336,3940,324,765,1393,2985,80,125,1545,3723,1380,3314,49,155,52,117,13,31,5,8,46,98,1420,3398,67,202,84,176,20,59,8,22
R,2,2025,100,116548,30469,86079,24044,68804,2385,7931,429,929,2712,6313,66,147,833,1955,24730,70361,2692,8654,865,2028,2952,6788,193,403,27664,79273,21610,62818,2279,7611,306,690,2677,6258,54,128,738,1768,22221,64224,2548,8253,688,1679,2892,6685,160,350,2805,6806,2434,5986,106,320,123,239,35,55,12,19,95,187,2509,6137,144,401,177,349,60,103,33,53
R,3,2025,999,341192033,167447243,173744790,122084530,125048756,22016720,24110181,3554347,3453353,11239932,12258656,473423,474743,8078291,8399101,129511327,132756058,25165624,27427687,6869304,7013944,13776893,14798930,1003383,1003505,132692019,138792213,94620309,97325761,19884698,21938575,1156954,1193813,10769957,11780713,348594,348604,5911507,6204747,100060580,103024594,22120327,24320517,3374954,3637372,12775395,13789459,730312,729680,34755224,34952577,27464221,27722995,2132022,2171606,2397393,2259540,469975,477943,124829,126139,2166784,2194354,29450747,29731464,3045297,3107170,3494350,3376572,1001498,1009471,273071,273825
R,3,2025,0,3616211,1849648,1766563,1205529,1149704,292889,283561,46735,44639,113814,106603,6864,6669,183817,175387,1377690,1313702,382225,369497,98135,93764,178472,167890,17461,16739,1306872,1246098,817199,776853,246218,238726,11641,11314,103201,96384,4640,4459,123973,118362,933945,888185,306118,296648,40318,38569,150088,140822,11175,10516,542776,520465,388330,372851,46671,44835,35094,33325,10613,10219,2224,2210,59844,57025,443745,425517,76107,72849,57817,55195,28384,27068,6286,6223
R,3,2025,1,3642719,1862622,1780097,1209663,1154460,295524,286008,48032,45765,118347,111420,6934,6829,184122,175615,1382068,1318630,384898,371939,99423,94874,183303,172978,17553,16914,1310453,1250469,814479,774737,248030,240528,11581,11260,107584,101057,4689,4545,124090,118342,931298,886007,307815,298273,40176,38388,154795,145773,11239,10613,552169,529628,395184,379723,47494,45480,36451,34505,10763,10363,2245,2284,60032,57273,450770,432623,77083,73666,59247,56486,28508,27205,6314,6301
R,3,2025,2,3742685,1910379,1832306,1238515,1184714,306414,296991,48482,47128,123559,117292,7239,7088,186170,179093,1412827,1352116,396728,384539,100257,97071,189397,180251,17936,17355,1351932,1292602,836982,797282,259010,251180,12055,11612,112660,106789,4789,4576,126436,121163,955984,911173,319815,310171,41126,39313,160943,152781,11456,10790,558447,539704,401533,387432,47404,45811,36427,35516,10899,10503,2450,2512,59734,57930,456843,440943,76913,74368,59131,57758,28454,27470,6480,6565
R,3,2025,3,3797430,1939465,1857965,1259800,1202643,311497,303549,46595,44836,125939,119673,7052,6807,188582,180457,1436375,1371320,402978,391702,98941,95018,192691,183243,17871,17122,1391510,1327897,865139,820523,265211,258647,12461,11817,115603,109577,4716,4463,128380,122870,985956,936002,326883,318380,41924,39862,164751,156340,11492,10774,547955,530068,394661,382120,46286,44902,34134,33019,10336,10096,2336,2344,60202,57587,450419,435318,76095,73322,57017,55156,27940,26903,6379,6348
R,3,2025,4,3709257,1895856,1813401,1227814,1169619,309365,300700,45350,43620,125669,119253,6613,6252,181045,173957,1397343,1332258,397247,385780,95495,91895,189774,180478,16987,16174,1369242,1306751,846229,802427,266248,259188,12583,12188,115974,109742,4630,4282,123578,118924,962530,914220,325637,317060,40895,39320,163303,154962,11145,10378,526614,506650,381585,367192,43117,41512,32767,31432,9695,9511,1983,1970,57467,55033,434813,418038,71610,68720,54600,52575,26471,25516,5842,5796
R,3,2025,5,3852694,1966813,1885881,1292677,1233281,304995,298276,47869,45673,128581,122923,7127,6744,185564,178984,1466432,1400641,394927,385712,99096,95246,194433,185929,17786,16901,1439737,1378527,908224,862624,264211,259160,14661,14145,119106,113669,4955,4779,128580,124150,1029203,979299,325941,319527,44195,42601,168311,160784,11774,11158,527076,507354,384453,370657,40784,39116,33208,31528,9475,9254,2172,1965,56984,54834,437229,421342,68986,66185,54901,52645,26122,25145,6012,5743
R,3,2025,6,3897265,1988241,1909024,1313881,1255821,308530,301567,48292,46764,127552,122408,7233,6940,182753,175524,1485017,1419936,396481,386450,99196,95672,192238,184421,18002,17069,1461648,1400138,927518,882118,268226,262977,15115,14747,118314,113351,5110,4990,127365,121955,1047328,996643,329198,321866,44467,42820,166960,159606,12003,11464,526593,508886,386363,373703,40304,38590,33177,32017,9238,9057,2123,1950,55388,53569,437689,423293,67283,64584,54729,52852,25278,24815,5999,5605
R,3,2025,7,3967356,2026016,1941340,1340607,1279316,315808,307985,49917,47775,130681,125293,7527,6781,181476,174190,1510368,1442007,402515,392029,101308,97017,194874,186527,18384,16918,1490874,1424203,945869,898104,275736,268889,15752,15074,121382,116231,5366,4801,126769,121104,1064968,1011806,336061,327206,45581,43246,169632,162064,12387,11193,535142,517137,394738,381212,40072,39096,34165,32701,9299,9062,2161,1980,54707,53086,445400,430201,66454,64823,55727,53771,25242,24463,5997,5725
R,3,2025,8,4043558,2065005,1978553,1373202,1309559,315896,308782,51792,49840,134902,128623,7591,7158,181622,174591,1542719,1472484,401479,392313,104186,100508,199136,189561,18564,17554,1518613,1450527,968964,919232,275254,269261,16287,15799,125452,119565,5386,5101,127270,121569,1088337,1033267,334971,327426,46745,45080,173948,165125,12465,11737,546392,528026,404238,390327,40642,39521,35505,34041,9450,9058,2205,2057,54352,53022,454382,439217,66508,64887,57441,55428,25188,24436,6099,5817
R,3,2025,9,4097277,2093170,2004107,1401265,1334763,318535,310655,52332,51040,132602,127031,7494,7180,180942,173438,1570340,1496596,403236,392990,105605,101924,196146,187418,18447,17593,1538354,1469712,988485,937356,278194,271322,16531,16172,123222,118031,5328,5111,126594,121720,1107350,1051483,337383,329276,47589,45876,170952,163437,12356,11810,554816,534395,412780,397407,40341,39333,35801,34868,9380,9000,2166,2069,54348,51718,462990,445113,65853,63714,58016,56048,25194,23981,6091,5783
R,3,2025,10,4114922,2102350,2012572,1407534,1341509,320822,312062,52907,51405,135303,128485,7389,7270,178395,171841,1574169,1501790,403971,393460,106163,102794,197646,187617,17994,17405,1550643,1480389,995543,945299,280761,272781,16946,16254,126045,119802,5300,5148,126048,121105,1113838,1058798,339426,330364,48438,46378,173286,164481,12249,11730,551707,532183,411991,396210,40061,39281,35961,35151,9258,8683,2089,2122,52347,50736,460331,442992,64545,63096,57725,56416,24360,23136,5745,5675
R,3,2025,11,4080604,2085788,1994816,1400924,1335420,318129,309091,53196,50956,132113,125479,7467,7125,173959,166745,1563425,1490930,398697,387569,106111,101745,192446,182510,17993,17120,1538993,1467275,991875,941005,278762,270407,16838,16177,122913,116879,5285,4991,123320,117816,1107591,1051438,335891,326274,48314,46222,168761,159904,12184,11516,546795,527541,409049,394415,39367,38684,36358,34779,9200,8600,2182,2134,50639,48929,455834,439492,62806,61295,57797,55523,23685,22606,5809,5604
R,3,2025,12,4116108,2101977,2014131,1411267,1348211,319223,310473,54128,51790,138103,130750,7644,7205,171612,165702,1571218,1502521,398128,387333,107245,103369,197669,187514,18056,17162,1551343,1482292,998164,948699,279736,272382,17124,16374,129118,122145,5401,5085,121800,117607,1112320,1058734,335729,327191,48764,47043,174459,165314,12251,11650,550634,531839,413103,399512,39487,38091,37004,35416,8985,8605,2243,2120,49812,48095,458898,443787,62399,60142,58481,56326,23210,22200,5805,5512
R,3,2025,13,4129377,2112033,2017344,1426142,1357735,321508,311020,55019,52194,132643,126012,7416,7116,169305,163267,1583947,1509807,398910,386135,108520,103758,190639,181581,17786,17029,1555178,1482092,1006767,954209,281882,273152,17139,16413,123602,117503,5240,4932,120548,115883,1119669,1062588,337239,326798,49268,47253,167778,159788,12098,11499,556855,535252,419375,403526,39626,37868,37880,35781,9041,8509,2176,2184,48757,47384,464278,447219,61671,59337,59252,56505,22861,21793,5688,5530
R,3,2025,14,4205763,2150882,2054881,1456679,1386392,329522,318299,55603,53627,131310,124964,7477,7345,170291,164254,1615392,1539268,406661,393604,110631,106859,189095,180190,17772,17253,1578057,1503617,1021946,968748,289946,279891,17182,16801,122375,116432,5334,5108,121274,116637,1135497,1077711,345113,333723,50280,48765,166445,158454,12234,11610,572825,551264,434733,417644,39576,38408,38421,36826,8935,8532,2143,2237,49017,47617,479895,461557,61548,59881,60351,58094,22650,21736,5538,5643
R,3,2025,15,4287383,2193075,2094308,1491527,1417811,335389,324209,55404,52911,131223,125999,7457,7197,172075,166181,1651875,1572552,413748,401134,110807,106275,189188,181201,17868,17277,1602736,1529252,1036525,982674,296151,286297,17529,17051,122729,117744,5178,4863,124624,120623,1153175,1095457,353261,342462,51609,50115,167641,160530,12235,11713,590339,565056,455002,435137,39238,37912,37875,35860,8494,8255,2279,2334,47451,45558,498700,477095,60487,58672,59198,56160,21547,20671,5633,5564
R,3,2025,16,4405395,2254846,2150549,1539053,1459915,344684,332531,57264,54828,133521,127874,7498,7304,172826,168097,1699776,1616354,423047,409719,114105,110169,190902,182834,18254,17498,1643326,1567473,1065580,1009017,304226,294437,18110,17600,124877,119515,5126,4896,125407,122008,1182630,1123018,361744,351156,53280,51961,169442,162052,12391,11829,611520,583076,473473,450898,40458,38094,39154,37228,8644,8359,2372,2408,47419,46089,517146,493336,61303,58563,60825,58208,21460,20782,5863,5669
R,3,2025,17,4497214,2301437,2195777,1573732,1494714,348488,336272,59801,56763,138701,132296,7619,7304,173096,168428,1734610,1651104,426319,412991,118231,113606,195733,187341,18344,17588,1674566,1597980,1087161,1031247,307785,297934,18609,17824,129887,123872,5119,4991,126005,122112,1204719,1145154,364823,354173,55035,53139,174425,166380,12476,11939,626871,597797,486571,463467,40703,38338,41192,38939,8814,8424,2500,2313,47091,46316,529891,505950,61496,58818,63196,60467,21308,20961,5868,5649
R,3,2025,18,4505871,2309455,2196416,1585118,1500234,346692,333612,61734,56962,139049,133537,7635,7368,169227,164703,1742259,1653125,421714,407516,119873,113393,194799,187116,18150,17451,1676819,1599184,1094479,1035671,305944,295339,18456,17795,130221,125244,5086,4993,122633,120142,1208814,1147720,360607,349947,54488,53149,173702,166927,12258,11838,632636,597232,490639,464563,40748,38273,43278,39167,8828,8293,2549,2375,46594,44561,533445,505405,61107,57569,65385,60244,21097,20189,5892,5613
R,3,2025,19,4456662,2286241,2170421,1576192,1485896,335871,325366,61235,56576,142445,138116,7675,7357,162823,157110,1727360,1631636,406792,394673,118535,111325,195786,189654,17584,16930,1662663,1584910,1090934,1028764,296692,288357,18012,17546,133870,130196,5195,5060,117960,114987,1200916,1135834,348276,339654,53803,52044,175609,170546,11963,11700,623578,585511,485258,457132,39179,37009,43223,39030,8575,7920,2480,2297,44863,42123,526444,495802,58516,55019,64732,59281,20177,19108,5621,5230
R,3,2025,20,4474482,2296235,2178247,1585619,1494733,334614,322145,61612,55926,148322,144857,7806,7251,158262,153335,1732357,1636815,402229,389042,118188,110689,200804,194785,17593,16654,1675010,1596135,1100257,1038789,296100,285744,18227,17167,139892,137062,5342,5084,115192,112289,1207434,1143158,345295,335046,53936,51948,181135,176446,12097,11603,621225,582112,485362,455944,38514,36401,43385,38759,8430,7795,2464,2167,43070,41046,524923,493657,56934,53996,64252,58741,19669,18339,5496,5051
R,3,2025,21,4503772,2311409,2192363,1602209,1508962,333599,322765,61441,55367,151250,148069,7933,7255,154977,149945,1745826,1648091,398834,386992,118312,110053,201947,196630,17573,16348,1694152,1614105,1118875,1055032,295763,286798,17996,17134,143141,140406,5411,5111,112966,109624,1223963,1157114,343463,333994,53991,51929,183086,178591,12049,11456,617257,578258,483334,453930,37836,35967,43445,38233,8109,7663,2522,2144,42011,40321,521863,490977,55371,52998,64321,58124,18861,18039,5524,4892
R,3,2025,22,4489307,2301283,2188024,1591340,1503064,335743,326077,61421,55318,156930,152577,7767,7165,148082,143823,1728478,1635919,397408,387277,116635,108543,205360,199187,16971,16032,1688237,1612864,1110404,1050864,297486,290154,17821,16838,149120,144892,5474,5027,107932,105089,1210587,1148282,342629,335271,52848,50722,187173,181499,11896,11201,613046,575160,480936,452200,38257,35923,43600,38480,7810,7685,2293,2138,40150,38734,517891,487637,54779,52006,63787,57821,18187,17688,5075,4831
R,3,2025,23,4649394,2361677,2287717,1626190,1566414,351682,350090,60406,55519,173341,167936,7807,7781,142251,139977,1757299,1695300,410836,409847,113670,106789,219769,213588,17120,16894,1745928,1704714,1141421,1106657,312488,312743,17561,17301,165440,160025,5517,5512,103501,102476,1237027,1201235,355614,356738,51250,49971,202058,196116,12078,11982,615749,583003,484769,459757,39194,37347,42845,38218,7901,7911,2290,2269,38750,37501,520272,494065,55222,53109,62420,56818,17711,17472,5042,4912
R,3,2025,24,4940489,2501029,2439460,1719416,1670912,374424,373283,61603,56455,198228,192570,8629,8494,138729,137746,1846696,1797194,431887,432255,112809,105783,244382,238407,18200,17799,1872623,1842012,1223673,1197633,333692,334551,18206,17892,189796,184303,6306,6073,100950,101560,1316484,1290912,375407,378035,50565,49457,226285,220960,13105,12769,628406,597448,495743,473279,40732,38732,43397,38563,8432,8267,2323,2421,37779,36186,530212,506282,56480,54220,62244,56326,18097,17447,5095,5030
R,3,2025,25,4832827,2449979,2382848,1697573,1639597,358888,360530,59699,53986,193969,189141,8534,8211,131316,131383,1817945,1760269,412855,416414,109063,101307,237238,232698,17394,16851,1840101,1804625,1214215,1180468,320231,323194,17695,16922,185836,181154,6296,5760,95828,97127,1302239,1269862,359551,364767,48870,47146,220374,216070,12610,11859,609878,578223,483358,459129,38657,37336,42004,37064,8133,7987,2238,2451,35488,34256,515706,490407,53304,51647,60193,54161,16864,16628,4784,4992
R,3,2025,26,4731750,2397466,2334284,1668313,1609233,346349,348752,57984,52552,189486,188451,8364,8140,126970,127156,1784628,1725968,397628,402448,106255,99234,231268,230134,17143,16543,1803624,1769794,1197650,1160362,308878,312681,16947,16224,181386,180379,6093,5813,92670,94335,1282682,1247184,346265,352477,47529,46438,214726,213916,12383,11844,593842,564490,470663,448871,37471,36071,41037,36328,8100,8072,2271,2327,34300,32821,501946,478784,51363,49971,58726,52796,16542,16218,4760,4699
R,3,2025,27,4563896,2312282,2251614,1607675,1546337,331502,333113,56037,50697,189045,192035,8008,7749,120015,121683,1717715,1657858,379532,383933,102068,95906,228571,231943,16143,15552,1740199,1709540,1153678,1114696,295918,299224,15888,15287,181206,184277,5856,5556,87653,90500,1234093,1197786,330778,337127,45067,44322,212982,216730,11721,11237,572083,542074,453997,431641,35584,33889,40149,35410,7839,7758,2152,2193,32362,31183,483622,460072,48754,46806,57001,51584,15589,15213,4422,4315
R,3,2025,28,4495995,2275124,2220871,1586290,1523007,321302,325525,55600,49983,187931,196000,7722,7322,116279,119034,1692542,1632178,367092,374373,100918,95113,226321,234761,15677,15051,1708369,1685260,1136405,1097102,285914,292073,15427,14777,180463,188423,5596,5360,84564,87525,1213885,1177486,318824,328092,43783,43409,211450,219733,11343,10902,566755,535611,449885,425905,35388,33452,40173,35206,7468,7577,2126,1962,31715,31509,478657,454692,48268,46281,57135,51704,14871,15028,4334,4149
R,3,2025,29,4515931,2280707,2235224,1592475,1534525,321769,328113,56197,50032,188630,198589,7713,7400,113923,116565,1696589,1641074,366160,375515,101134,95308,225963,236145,15716,15201,1716111,1699116,1145274,1108319,286293,294197,15381,14569,180901,190713,5610,5513,82652,85805,1220916,1186954,318035,328927,43663,43447,211040,221184,11413,11191,564596,536108,447201,426206,35476,33916,40816,35463,7729,7876,2103,1887,31271,30760,475673,454120,48125,46588,57471,51861,14923,14961,4303,4010
R,3,2025,30,4534502,2283288,2251214,1595810,1542550,324562,337865,55866,50071,187784,197730,7805,7455,111461,115543,1697357,1648042,367443,384372,100880,95563,224139,234901,15733,15277,1725647,1717197,1154077,1118079,289645,303411,15426,14790,180162,190128,5756,5511,80581,85278,1227494,1195986,320211,337456,43627,44113,209552,220455,11536,11233,557641,534017,441733,424471,34917,34454,40440,35281,7622,7602,2049,1944,30880,30265,469863,452056,47232,46916,57253,51450,14587,14446,4197,4044
R,3,2025,31,4564683,2294322,2270361,1604395,1553333,328242,345820,55644,50631,189708,198998,7705,7386,108628,114193,1703093,1657527,369359,391387,99826,96745,225438,235325,15731,15124,1743561,1739557,1167036,1131748,293985,311704,15624,15250,182309,191375,5623,5397,78984,84083,1238822,1208637,323314,344848,43408,45109,211475,220881,11483,11060,550761,530804,437359,421585,34257,34116,40020,35381,7399,7623,2082,1989,29644,30110,464271,448890,46045,46539,56418,51636,13963,14444,4248,4064
R,3,2025,32,4645516,2331451,2314065,1632633,1584465,333925,354072,56663,51793,193273,202473,7739,7482,107218,113780,1730021,1688211,373845,398279,101365,99061,228200,238501,15612,15166,1779590,1780641,1194226,1161140,299381,319451,16164,15672,185964,194896,5770,5404,78085,84078,1265173,1237885,327798,351409,44679,46724,214380,224414,11554,11048,551861,533424,438407,423325,34544,34621,40499,36121,7309,7577,1969,2078,29133,29702,464848,450326,46047,46870,56686,52337,13820,14087,4058,4118
R,3,2025,33,4699807,2352543,2347264,1655017,1612666,333625,358668,56888,51689,194076,204171,7764,7418,105173,112652,1750569,1715190,371694,401664,101864,99695,228131,239692,15563,15081,1805612,1819648,1220635,1194702,299304,323369,16601,16203,186898,196769,5785,5525,76389,83080,1290070,1270422,326132,354241,45225,47739,214751,225760,11599,11203,546931,527616,434382,417964,34321,35299,40287,35486,7178,7402,1979,1893,28784,29572,460499,444768,45562,47423,56639,51956,13380,13932,3964,3878
R,3,2025,34,4806775,2406516,2400259,1698146,1650489,339192,367311,57808,52543,198991,209675,7886,7672,104493,112569,1792770,1753098,376276,409058,103097,101818,233260,244918,15714,15403,1856110,1871168,1261250,1231931,304719,332011,16906,16507,191579,202216,5866,5681,75790,82822,1329963,1307543,330553,361664,45667,48969,219663,231028,11654,11420,550406,529091,436896,418558,34473,35300,40902,36036,7412,7459,2020,1991,28703,29747,462807,445555,45723,47394,57430,52849,13597,13890,4060,3983
R,3,2025,35,4762087,2379831,2382256,1682326,1639627,335442,363672,55943,51591,197338,210473,7708,7443,101074,109450,1774079,1739014,370561,403570,100337,100457,230268,244696,15239,14965,1849029,1866825,1260295,1231051,302287,329332,16675,16512,190328,203413,5789,5554,73655,80963,1327160,1304603,326642,357611,45296,49170,217458,231583,11440,11294,530802,515431,422031,408576,33155,34340,39268,35079,7010,7060,1919,1889,27419,28487,446919,434411,43919,45959,55041,51287,12810,13113,3799,3671
R,3,2025,36,4644698,2314606,2330092,1643295,1609739,318126,348779,54006,50529,195599,209590,7460,7211,96120,104244,1730379,1704414,350806,386061,96650,97910,227218,242153,14710,14279,1804773,1832285,1237359,1214322,286883,316024,16136,16280,188737,202811,5534,5352,70124,77496,1300833,1284726,309527,342379,43591,48220,214870,229825,11062,10734,509833,497807,405936,395417,31243,32755,37870,34249,6862,6779,1926,1859,25996,26748,429546,419688,41279,43682,53059,49690,12348,12328,3648,3545
R,3,2025,37,4566799,2274408,2292391,1626569,1593288,306524,337652,53371,49133,188040,203401,7255,7144,92649,101773,1710558,1685794,337445,373604,95329,96262,217990,234760,14266,14170,1773677,1803307,1226902,1204284,276218,306004,15806,15492,181470,196759,5369,5265,67912,75503,1288394,1273008,297689,331369,43049,47264,206408,222683,10750,10574,500731,489084,399667,389004,30306,31648,37565,33641,6570,6642,1886,1879,24737,26270,422164,412786,39756,42235,52280,48998,11582,12077,3516,3596
R,3,2025,38,4521460,2250619,2270841,1618240,1587084,300259,330799,52342,49018,182874,198376,7231,6940,89673,98624,1699398,1676628,329455,365102,93977,96046,212000,228401,14102,13539,1757250,1787766,1223912,1202513,270581,299942,15392,15251,176496,191860,5391,5111,65478,73089,1283106,1268852,290665,324030,42342,47101,200712,216765,10656,10122,493369,483075,394328,384571,29678,30857,36950,33767,6378,6516,1840,1829,24195,25535,416292,407776,38790,41072,51635,48945,11288,11636,3446,3417
R,3,2025,39,4560419,2270406,2290013,1638312,1606444,299648,330501,52982,49160,183127,199679,7105,6904,89232,97325,1719153,1694886,328323,363267,95151,96420,211718,229059,13980,13693,1774745,1808077,1241933,1221535,270298,300485,15138,15615,176761,193160,5364,5189,65251,72093,1301029,1287062,289799,323210,42814,47894,200557,217497,10547,10336,495661,481936,396379,384909,29350,30016,37844,33545,6366,6519,1741,1715,23981,25232,418124,407824,38524,40057,52337,48526,11161,11562,3433,3357
R,3,2025,40,4479423,2226345,2253078,1611779,1584662,289678,321727,51651,48991,181150,197576,6899,6797,85188,93325,1688827,1669233,316152,352519,92772,95588,208365,225342,13475,13307,1745912,1779392,1226911,1205808,261992,292869,14805,15354,174834,191350,5158,5090,62212,68921,1283126,1268296,280033,314129,41798,47038,197432,214334,10193,10059,480433,473686,384868,378854,27686,28858,36846,33637,6316,6226,1741,1707,22976,24404,405701,400937,36119,38390,50974,48550,10933,11008,3282,3248
R,3,2025,41,4403024,2184277,2218747,1584573,1561512,282650,316580,51046,47769,176755,194502,6734,6765,82519,91619,1658953,1644374,308144,346281,91716,94690,202742,221296,13251,13266,1713479,1752110,1207298,1187041,255332,288545,14676,14953,170833,188495,5058,5046,60282,68030,1261515,1248527,272714,309201,41517,47316,192325,210652,10053,10024,470798,466637,377275,374471,27318,28035,36370,32816,5922,6007,1676,1719,22237,23589,397438,395847,35430,37080,50199,47374,10417,10644,3198,3242
R,3,2025,42,4449281,2200150,2249131,1600233,1587795,285219,319662,51661,49055,174004,194256,6491,6629,82542,91734,1674877,1670699,310484,349076,93337,97093,199029,220521,12933,13048,1727616,1773825,1220820,1205490,258176,291563,15068,15435,168257,188234,4798,4949,60497,68154,1275438,1267041,275520,312038,42808,48787,189037,209868,9738,9858,472534,475306,379413,382305,27043,28099,36593,33620,5747,6022,1693,1680,22045,23580,399439,403658,34964,37038,50529,48306,9992,10653,3195,3190
R,3,2025,43,4358860,2150964,2207896,1571050,1562828,277689,313369,50025,47687,166716,188626,6382,6450,79102,88936,1642293,1643122,301803,342050,90469,94779,190500,213627,12509,12703,1692071,1742885,1202507,1188956,251556,285797,14277,14695,161010,182727,4740,4737,57981,65973,1254590,1248587,268171,305712,41323,47287,180719,203337,9472,9496,458893,465011,368543,373872,26133,27572,35748,32992,5706,5899,1642,1713,21121,22963,387703,394535,33632,36338,49146,47492,9781,10290,3037,3207
R,3,2025,44,4390557,2168637,2221920,1585767,1574180,284642,320537,51059,48375,161688,184214,6530,6403,78951,88211,1656972,1653913,308589,348773,92006,95835,184953,208438,12611,12452,1703005,1752368,1210888,1195874,258801,292872,14844,15042,155961,178257,4759,4791,57752,65532,1262839,1255080,275231,312638,42238,48142,175162,198194,9441,9345,465632,469552,374879,378306,25841,27665,36215,33333,5727,5957,1771,1612,21199,22679,394133,398833,33358,36135,49768,47693,9791,10244,3170,3107
R,3,2025,45,4278914,2111581,2167333,1545192,1534765,278823,313937,48941,47079,156535,179678,6298,6417,75792,85457,1613485,1611748,301648,341371,88867,93231,178361,203010,12066,12393,1661618,1711007,1181717,1167245,254232,287066,14198,14692,151122,174042,4730,4678,55619,63284,1231713,1224227,269800,305981,41123,46893,169273,193244,9232,9234,449963,456326,363475,367520,24591,26871,34743,32387,5413,5636,1568,1739,20173,22173,381772,387521,31848,35390,47744,46338,9088,9766,2834,3159
R,3,2025,46,4087898,2012906,2074992,1475070,1471753,264375,298244,46821,45037,149104,173195,5959,5844,71577,80919,1539527,1544679,285614,323935,85154,89067,169586,195185,11241,11342,1584759,1638248,1128955,1119067,241283,273053,13482,13863,143985,167716,4446,4257,52608,60292,1176282,1173371,255856,290841,39509,44860,160904,185898,8490,8458,428147,436744,346115,352686,23092,25191,33339,31174,5119,5479,1513,1587,18969,20627,363245,371308,29758,33094,45645,44207,8682,9287,2751,2884
R,3,2025,47,4037475,1983292,2054183,1461938,1466044,255544,290466,45883,44765,144473,168037,5630,5878,69824,78993,1524984,1537277,276102,314997,83704,88337,164333,189524,10696,11217,1561797,1619849,1119504,1113803,233671,265936,13469,14230,139532,162765,4208,4301,51413,58814,1165845,1166802,247602,282959,39192,44876,156127,180452,8095,8439,421495,434334,342434,352241,21873,24530,32414,30535,4941,5272,1422,1577,18411,20179,359139,370475,28500,32038,44512,43461,8206,9072,2601,2778
R,3,2025,48,3921547,1925173,1996374,1417640,1422875,246254,281487,44293,42938,144270,167992,5501,5550,67215,75532,1478140,1490918,265573,304760,81111,85297,163239,188298,10559,10580,1515111,1570829,1083412,1076137,225076,258014,13260,13581,139534,162807,4112,4097,49717,56193,1128023,1126656,238252,274111,38499,43311,155436,179649,8022,7974,410062,425545,334228,346738,21178,23473,31033,29357,4736,5185,1389,1453,17498,19339,350117,364262,27321,30649,42612,41986,7803,8649,2537,2606
R,3,2025,49,3869779,1898710,1971069,1397428,1405469,242910,276863,43294,42018,145183,168580,5194,5452,64701,72687,1455678,1470827,261269,298933,79408,82972,162963,187951,9841,10300,1497397,1554126,1069737,1063912,222321,254680,12913,13456,140520,163519,3953,4046,47953,54513,1112829,1112882,234913,270115,37900,42510,155358,179636,7571,7794,401313,416943,327691,341557,20589,22183,30381,28562,4663,5061,1241,1406,16748,18174,342849,357945,26356,28818,41508,40462,7605,8315,2270,2506
R,3,2025,50,3875027,1902662,1972365,1406458,1414551,240346,272587,42353,41590,145610,167395,5045,5200,62850,71042,1463002,1478552,258005,293642,77744,82202,162749,186300,9539,9685,1509889,1562414,1084506,1077995,220652,251125,12952,13433,141095,162585,3813,3857,46871,53419,1126600,1125989,233002,265896,37602,42390,155395,178383,7266,7303,392773,409951,321952,336556,19694,21462,29401,28157,4515,4810,1232,1343,15979,17623,336402,352563,25003,27746,40142,39812,7354,7917,2273,2382
R,3,2025,51,3786904,1854683,1932221,1369749,1383244,235584,268529,40330,40149,143565,166432,4910,5151,60545,68716,1424192,1445014,252243,288740,74711,79465,160180,184834,9203,9619,1480039,1537347,1061664,1058190,217163,248149,12511,13354,139319,161793,3733,3784,45649,52077,1102540,1104939,228825,262345,36893,41738,153325,177198,7083,7244,374644,394874,308085,325054,18421,20380,27819,26795,4246,4639,1177,1367,14896,16639,321652,340075,23418,26395,37818,37727,6855,7636,2120,2375
R,3,2025,52,3903694,1906215,1997479,1409084,1431607,244889,280347,41125,40453,144969,170311,4904,5099,61244,69662,1464186,1494184,261381,300675,76363,80786,161504,188397,9213,9671,1531958,1601442,1101036,1105008,226756,259888,13209,13670,140734,165659,3719,3797,46504,53420,1142693,1152873,238415,274467,38477,43219,154662,180920,7160,7390,374257,396037,308048,326599,18133,20459,27916,26783,4235,4652,1185,1302,14740,16242,321493,341311,22966,26208,37886,37567,6842,7477,2053,2281
R,3,2025,53,4059703,1982692,2077011,1486873,1510735,247569,284706,39810,40051,141657,165539,4904,4929,61879,71051,1542577,1574831,264092,304774,76153,82225,157704,183364,9237,9441,1617676,1688988,1185191,1190204,230112,265054,13461,13990,137450,160933,3689,3713,47773,55094,1228114,1239757,241975,279597,40137,45494,151134,176028,7138,7282,365016,388023,301682,320531,17457,19652,26349,26061,4207,4606,1215,1216,14106,15957,314463,335074,22117,25177,36016,36731,6570,7336,2099,2159
R,3,2025,54,4289816,2097660,2192156,1585287,1609171,261160,299157,40550,40386,141224,165491,4992,5073,64447,72878,1643389,1674781,278171,319680,79130,84466,157246,183072,9465,9753,1728150,1804480,1279894,1288422,243291,279360,13931,14770,137057,160996,3815,3882,50162,57050,1325055,1339618,255603,294411,42698,48309,150696,175819,7407,7639,369510,387676,305393,320749,17869,19797,26619,25616,4167,4495,1177,1191,14285,15828,318334,335163,22568,25269,36432,36157,6550,7253,2058,2114
R,3,2025,55,4152586,2028225,2124361,1542044,1569747,247267,282819,38467,38613,135288,159011,4744,4938,60415,69233,1596511,1632121,262942,301994,74979,80875,150166,175521,9119,9478,1672862,1751221,1247233,1260422,230277,264108,13208,14103,131412,154736,3641,3809,47091,54043,1289558,1308995,241639,278111,40581,46156,144115,168634,7181,7468,355363,373140,294811,309325,16990,18711,25259,24510,3876,4275,1103,1129,13324,15190,306953,323126,21303,23883,34398,34719,6051,6887,1938,2010
R,3,2025,56,4015498,1956552,2058946,1489103,1523681,237769,273094,37183,36904,131619,155381,4386,4834,56492,65052,1540093,1582207,252207,291048,71736,77184,145272,170394,8344,9022,1618827,1704680,1208461,1229442,221801,255451,13056,13921,128028,151420,3377,3669,44104,50777,1248192,1275021,232260,268370,39175,44744,139584,164058,6565,7010,337725,354266,280642,294239,15968,17643,24127,22983,3591,3961,1009,1165,12388,14275,291901,307186,19947,22678,32561,32440,5688,6336,1779,2012
R,3,2025,57,3921823,1905921,2015902,1457692,1496498,233845,272749,35542,35856,120684,143913,4402,4651,53756,62235,1506218,1552528,247552,290107,68888,74670,133178,157798,8093,8718,1580407,1672369,1186634,1210648,218547,255475,12800,13745,117134,140063,3427,3614,41865,48824,1224284,1254531,228397,268143,38033,43576,127699,151660,6443,6889,325514,343533,271058,285850,15298,17274,22742,22111,3550,3850,975,1037,11891,13411,281934,297997,19155,21964,30855,31094,5479,6138,1650,1829
R,3,2025,58,3951723,1915517,2036206,1473507,1522789,234656,275701,34717,35062,115751,136601,4510,4582,52376,61471,1520625,1578133,248053,292506,67589,74057,127672,149784,8170,8529,1598523,1702560,1208469,1244299,220093,259060,12967,14039,112460,133001,3489,3545,41045,48616,1245316,1287989,229790,271463,38010,44377,122529,144079,6483,6713,316994,333646,265038,278490,14563,16641,21750,21023,3291,3600,1021,1037,11331,12855,275309,290144,18263,21043,29579,29680,5143,5705,1687,1816
R,3,2025,59,4058696,1963747,2094949,1509721,1566063,243808,286440,34905,35737,117537,139855,4410,4759,53366,62095,1557574,1621733,257447,303500,68767,75271,129367,153245,8236,8775,1649162,1762544,1246900,1288582,228852,269919,13569,14716,114250,136291,3453,3711,42138,49325,1284569,1332715,238820,282492,39707,45680,124292,147547,6578,6956,314585,332405,262821,277481,14956,16521,21336,21021,3287,3564,957,1048,11228,12770,273005,289018,18627,21008,29060,29591,5075,5698,1658,1819
R,3,2025,60,4225968,2036714,2189254,1583024,1656790,245616,290980,34559,35208,115936,138552,4144,4718,53435,63006,1631193,1713518,258589,307805,69160,76305,127455,151392,7772,8682,1732793,1864006,1328021,1384006,231722,274864,13966,15378,112839,135156,3228,3718,43017,50884,1366710,1429724,241401,287563,41338,48231,122685,146041,6223,6994,303921,325248,255003,272784,13894,16116,20593,19830,3097,3396,916,1000,10418,12122,264483,283794,17188,20242,27822,28074,4770,5351,1549,1688
R,3,2025,61,4255376,2046142,2209234,1596075,1680562,241242,285948,33527,34403,118064,141181,4065,4479,53169,62661,1643965,1736921,254095,302277,68409,75494,129242,153990,7650,8458,1755366,1894672,1352116,1416574,227773,270441,14076,15375,115135,137928,3257,3487,43009,50867,1390738,1462258,237448,282826,41839,48452,124717,148827,6230,6759,290776,314562,243959,263988,13469,15507,19451,19028,2929,3253,808,992,10160,11794,253227,274663,16647,19451,26570,27042,4525,5163,1420,1699
R,3,2025,62,4239837,2034478,2205359,1594502,1687261,236192,282811,32384,33403,115985,136084,3998,4508,51417,61292,1640870,1742448,248373,298725,66134,74022,126907,148305,7466,8284,1756349,1902392,1360415,1432047,223642,268385,13952,15313,113135,132896,3183,3629,42022,50122,1398229,1477073,232848,280578,41184,48285,122549,143349,6103,6742,278129,302967,234087,255214,12550,14426,18432,18090,2850,3188,815,879,9395,11170,242641,265375,15525,18147,24950,25737,4358,4956,1363,1542
R,3,2025,63,4207261,2013134,2194127,1597639,1698922,228096,276021,30600,32354,102647,123165,3959,4200,50193,59465,1642909,1752509,239834,291307,63982,72178,113094,134758,7197,7776,1752280,1908982,1377819,1458579,216392,262643,13654,15218,100090,120241,3185,3332,41140,48969,1414829,1502608,225334,274426,40610,47801,109200,130194,5921,6290,260854,285145,219820,240343,11704,13378,16946,17136,2557,2924,774,868,9053,10496,228080,249901,14500,16881,23372,24377,3894,4564,1276,1486
R,3,2025,64,4237681,2020572,2217109,1603002,1716676,230168,278213,30095,32153,103957,126965,3799,4219,49551,58883,1647760,1769619,241945,293264,63034,71608,114155,138460,7018,7878,1766003,1935534,1388364,1479039,218706,265268,13534,15237,101533,124076,3080,3392,40786,48522,1425110,1522617,227702,276860,40355,47535,110395,133947,5766,6390,254569,281575,214638,237637,11462,12945,16561,16916,2424,2889,719,827,8765,10361,222650,247002,14243,16404,22679,24073,3760,4513,1252,1488
R,3,2025,65,4137405,1965829,2171576,1565224,1685782,220977,271564,28389,30739,100656,123507,3549,3938,47034,56046,1607548,1736182,231881,285953,59722,68358,110542,134391,6617,7270,1728075,1906313,1364551,1462175,210298,258999,13028,14729,98332,120809,2888,3194,38978,46407,1399544,1503783,218727,270254,38626,45702,106996,130170,5457,5969,237754,265263,200673,223607,10679,12565,15361,16010,2324,2698,661,744,8056,9639,208004,232399,13154,15699,21096,22656,3546,4221,1160,1301
R,3,2025,66,4049169,1916057,2133112,1530456,1661124,212919,263213,26520,29196,97982,122028,3400,3740,44780,53811,1570798,1709573,223368,276957,56665,65512,107033,132315,6196,6925,1694921,1883220,1343795,1449883,202786,251721,12487,14353,95847,119504,2772,3082,37234,44677,1377261,1489993,210911,262481,37234,44347,103813,128382,5129,5691,221136,249892,186661,211241,10133,11492,14033,14843,2135,2524,628,658,7546,9134,193537,219580,12457,14476,19431,21165,3220,3933,1067,1234
R,3,2025,67,4020787,1894702,2126085,1520573,1665307,205656,257065,25604,27870,96445,120189,3179,3505,43245,52149,1559498,1712215,215590,270299,54724,63561,105306,129860,5889,6506,1683850,1884079,1341951,1459936,196326,246117,12237,13880,94462,117767,2640,2845,36234,43534,1374456,1498995,204145,256562,36401,43538,102262,126177,4958,5364,210852,242006,178622,205371,9330,10948,13367,13990,1983,2422,539,660,7011,8615,185042,213220,11445,13737,18323,20023,3044,3683,931,1142
R,3,2025,68,3885918,1822420,2063498,1466693,1618683,195039,248386,24077,26309,92789,117655,3047,3383,40775,49082,1503515,1662830,204405,260824,51679,59908,100957,126728,5610,6236,1624913,1833957,1299291,1423628,186294,237820,11609,13301,90936,115378,2528,2795,34255,41035,1330166,1460432,193674,247662,34561,41253,98153,123235,4684,5205,197507,229541,167402,195055,8745,10566,12468,13008,1853,2277,519,588,6520,8047,173349,202398,10731,13162,17118,18655,2804,3493,926,1031
R,3,2025,69,3762480,1759019,2003461,1420571,1576052,184326,237011,22723,25180,90381,115506,2808,3274,38210,46438,1455025,1617746,193107,248796,48504,56899,98019,124244,5249,6028,1571724,1784196,1261650,1389473,175941,226977,10973,12823,88615,113316,2328,2671,32217,38936,1290630,1424329,182880,236267,32494,39297,95378,120953,4419,5014,187295,219265,158921,186579,8385,10034,11750,12357,1766,2190,480,603,5993,7502,164395,193417,10227,12529,16010,17602,2641,3291,830,1014
R,3,2025,70,3659857,1704088,1955769,1382371,1546903,174580,226474,21171,23705,87620,111577,2735,3150,35611,43960,1414402,1586191,182866,237725,45261,53790,94690,119772,5027,5830,1529373,1748157,1233975,1369855,166791,217192,10454,12076,85989,109588,2272,2600,29892,36846,1260800,1402652,173295,226072,30460,37175,92253,116744,4236,4892,174715,207612,148396,177048,7789,9282,10717,11629,1631,1989,463,550,5719,7114,153602,183539,9571,11653,14801,16615,2437,3028,791,938
R,3,2025,71,3463620,1602604,1861016,1311185,1483568,157769,209879,19075,21513,79860,102536,2393,2816,32322,40704,1340280,1520128,165278,220314,41187,49426,86106,109923,4429,5245,1444298,1669302,1176127,1319504,150827,201324,9609,11315,78407,100695,1985,2332,27343,34132,1200690,1350061,156755,209547,28181,34675,83965,107124,3744,4411,158306,191714,135058,164064,6942,8555,9466,10198,1453,1841,408,484,4979,6572,139590,170067,8523,10767,13006,14751,2141,2799,685,834
R,3,2025,72,3343452,1541232,1802220,1267027,1442196,146996,198849,17471,20261,77548,100279,2280,2675,29910,37960,1293905,1476295,154025,208468,37827,46321,83438,107094,4225,5000,1394834,1621684,1141668,1287151,140482,190901,9009,10822,76295,98618,1929,2226,25451,31966,1164463,1315751,146119,198575,26199,32674,81544,104599,3596,4234,146398,180536,125359,155045,6514,7948,8462,9439,1253,1661,351,449,4459,5994,129442,160544,7906,9893,11628,13647,1894,2495,629,766
R,3,2025,73,3168881,1455294,1713587,1204996,1380514,135750,186649,15936,18602,68540,89946,2031,2413,28041,35463,1230265,1412322,142194,195834,35397,43251,73736,96028,3813,4517,1320039,1546522,1088677,1236716,130003,179317,8409,10058,67339,88486,1728,1987,23883,29958,1110112,1263475,135196,186583,24846,30946,71984,93790,3272,3811,135255,167065,116319,143798,5747,7332,7527,8544,1201,1460,303,426,4158,5505,120153,148847,6998,9251,10551,12305,1752,2238,541,706
R,3,2025,74,2989511,1364548,1624963,1124808,1300621,128504,180417,15035,17696,68169,90886,1926,2320,26106,33023,1148245,1330240,134665,189093,33011,40573,73025,96552,3584,4321,1236082,1463226,1014372,1161246,122922,173428,7835,9432,67076,89467,1646,1939,22231,27714,1034240,1186004,127858,180310,23082,28636,71376,94365,3090,3646,128466,161737,110436,139375,5582,6989,7200,8264,1093,1419,280,381,3875,5309,114005,144236,6807,8783,9929,11937,1649,2187,494,675
R,3,2025,75,2867084,1302770,1564314,1079249,1258868,118078,168205,13937,16145,65766,88023,1795,2063,23945,31010,1100842,1286573,123679,176340,30385,37588,70194,93325,3393,3979,1185166,1413927,977861,1128774,113130,161734,7463,8779,64695,86634,1528,1732,20489,26274,996285,1152148,117636,168285,21467,26959,68640,91267,2951,3394,117604,150387,101388,130094,4948,6471,6474,7366,1071,1389,267,331,3456,4736,104557,134425,6043,8055,8918,10629,1554,2058,442,585
R,3,2025,76,2749884,1243563,1506321,1037986,1223726,107695,155170,12771,14928,60859,81071,1688,2025,22564,29401,1058245,1250046,112886,162899,28505,35345,64995,85984,3199,3854,1136148,1366662,945015,1102669,103334,149329,7052,8266,59911,79755,1406,1719,19430,24924,962402,1124900,107553,155533,20533,25584,63623,84046,2745,3300,107415,139659,92971,121057,4361,5841,5719,6662,948,1316,282,306,3134,4477,95843,125146,5333,7366,7972,9761,1372,1938,454,554
R,3,2025,77,2724367,1228917,1495450,1041526,1234576,96984,142381,11838,13861,55587,74365,1518,1821,21464,28446,1060958,1260126,101834,149724,26860,33837,59378,78997,2876,3489,1128013,1363781,953897,1120127,93000,136808,6585,7777,54721,73226,1300,1538,18510,24305,970624,1141890,96969,142784,19474,24808,58106,77308,2524,3031,100904,131669,87629,114449,3984,5573,5253,6084,866,1139,218,283,2954,4141,90334,118236,4865,6940,7386,9029,1272,1689,352,458
R,3,2025,78,2520193,1131034,1389159,964767,1155546,84665,125696,10550,12901,50139,67652,1350,1552,19563,25812,982538,1178886,88940,132173,24344,31015,53504,71824,2611,3163,1040517,1268086,885897,1050247,81086,120627,5990,7315,49439,66579,1152,1306,16953,22012,901284,1070078,84561,125832,17924,22818,52451,70221,2283,2714,90517,121073,78870,105299,3579,5069,4560,5586,700,1073,198,246,2610,3800,81254,108808,4379,6341,6420,8197,1053,1603,328,449
R,3,2025,79,1911053,847304,1063749,712530,871336,68158,104350,8315,10659,42500,56325,1138,1487,14663,19592,725718,888845,71597,109590,18306,23935,45232,59755,2241,2829,769438,956936,644550,778265,65088,99869,4548,5706,41820,55362,961,1246,12471,16488,655729,792917,67819,104055,13014,16883,44214,58365,1931,2425,77866,106813,67980,93071,3070,4481,3767,4953,680,963,177,241,2192,3104,69989,95928,3778,5535,5292,7052,1018,1390,310,404
R,3,2025,80,1823609,799565,1024044,676382,843443,61906,98033,7592,9894,38966,52761,1018,1286,13701,18627,688732,860032,65163,103172,16881,22569,41532,55877,2037,2582,730198,926624,615653,758254,59187,94130,4218,5430,38442,51927,880,1068,11818,15815,626269,772286,61832,98273,12204,16198,40732,54663,1793,2204,69367,97420,60729,85189,2719,3903,3374,4464,524,834,138,218,1883,2812,62463,87746,3331,4899,4677,6371,800,1214,244,378
R,3,2025,81,1756645,763300,993345,651361,828522,56311,90314,7037,9128,35101,46619,863,1147,12627,17615,662750,844252,59326,95070,15836,21278,37264,49453,1777,2373,699932,902618,595792,748997,53895,86699,4037,5088,34595,45871,736,968,10877,14995,605587,762328,56326,90560,11628,15466,36523,48325,1524,2050,63368,90727,55569,79525,2416,3615,3000,4040,506,748,127,179,1750,2620,57163,81924,3000,4510,4208,5812,741,1128,253,323
R,3,2025,82,1662753,714219,948534,611768,794429,51337,84901,6142,8349,32683,43748,761,1048,11528,16059,622150,808813,54057,89269,14026,19489,34781,46298,1598,2095,657468,864249,561890,720625,49099,81427,3568,4591,32234,43073,655,864,10022,13669,570897,732811,51338,84949,10420,14130,34109,45284,1395,1793,56751,84285,49878,73804,2238,3474,2574,3758,449,675,106,184,1506,2390,51253,76002,2719,4320,3606,5359,672,1014,203,302
R,3,2025,83,1384663,586005,798658,498772,664474,42910,72949,5327,7275,28642,39223,692,944,9662,13793,507474,676811,45245,76666,11908,16794,30419,41527,1376,1830,536712,726032,455365,600554,41026,70217,3125,4053,28279,38638,590,789,8327,11781,462853,611046,42916,73234,8789,12192,29860,40646,1184,1573,49293,72626,43407,63920,1884,2732,2202,3222,363,585,102,155,1335,2012,44621,65765,2329,3432,3119,4602,559,881,192,257
R,3,2025,84,1214938,505271,709667,427838,588021,37312,65970,4713,6617,26328,36133,623,809,8457,12117,435439,598783,39391,69406,10446,14805,27930,38190,1204,1636,460793,641558,388605,528058,35607,63277,2777,3692,25990,35591,532,666,7282,10274,395136,537140,37286,66038,7691,10653,27421,37391,1037,1389,44478,68109,39233,59963,1705,2693,1936,2925,338,542,91,143,1175,1843,40303,61643,2105,3368,2755,4152,509,799,167,247
R,3,2025,85,1068418,436755,631663,369042,522924,32400,58918,4045,5865,23493,32322,488,760,7287,10874,375570,532549,34163,62005,8940,13159,24885,34182,1023,1554,397529,569978,334478,468506,30844,56440,2336,3304,23188,31818,391,624,6292,9286,340096,476671,32279,58943,6543,9564,24454,33453,879,1323,39226,61685,34564,54418,1556,2478,1709,2561,305,504,97,136,995,1588,35474,55878,1884,3062,2397,3595,431,729,144,231
R,3,2025,86,968096,391101,576995,332220,480708,27865,51866,3608,5476,20545,28615,412,647,6451,9683,338021,489343,29450,54589,7916,12009,21822,30202,864,1289,356715,521630,301819,431907,26566,49651,2106,3121,20285,28199,337,521,5602,8231,306845,439195,27843,51871,5848,8682,21431,29594,747,1098,34386,55365,30401,48801,1299,2215,1502,2355,260,416,75,126,849,1452,31176,50148,1607,2718,2068,3327,391,608,117,191
R,3,2025,87,845447,336195,509252,285106,423706,23962,45970,3046,4580,18032,26027,390,568,5659,8401,290212,431163,25425,48396,6817,10098,19098,27534,783,1158,306674,460884,258897,380903,22872,44034,1826,2634,17804,25653,335,470,4940,7190,263352,387240,24071,46039,5123,7365,18766,26981,677,994,29521,48368,26209,42803,1090,1936,1220,1946,228,374,55,98,719,1211,26860,43923,1354,2357,1694,2733,332,553,106,164
R,3,2025,88,725032,282766,442266,239713,368636,19668,39289,2543,4052,15707,22501,302,501,4833,7287,244044,375017,20909,41436,5680,8783,16681,23867,685,1046,257381,399272,217118,330551,18737,37640,1521,2284,15524,22172,262,411,4219,6214,220883,335953,19760,39433,4249,6303,16405,23375,610,888,25385,42994,22595,38085,931,1649,1022,1768,183,329,40,90,614,1073,23161,39064,1149,2003,1431,2480,276,492,75,158
R,3,2025,89,634634,242934,391700,206100,325777,17117,35158,2192,3604,13177,20177,240,409,4108,6575,209790,331607,18191,37092,4784,7864,14044,21376,566,881,221308,354106,186890,292495,16316,33748,1306,2049,13021,19838,197,340,3578,5636,190092,297471,17210,35341,3547,5717,13806,20893,493,756,21626,37594,19210,33282,801,1410,886,1555,156,339,43,69,530,939,19698,34136,981,1751,1237,2147,238,483,73,125
R,3,2025,90,549638,206292,343346,175355,286233,14187,30403,1878,3155,11194,17427,262,371,3416,5757,178415,291297,15085,32057,4020,6872,11914,18547,527,803,187818,310728,158857,257325,13503,29146,1147,1797,11079,17165,226,313,3006,4982,161536,261681,14259,30513,3013,5015,11744,18176,462,706,18474,32618,16498,28908,684,1257,731,1358,115,262,36,58,410,775,16879,29616,826,1544,1007,1857,170,371,65,97
R,3,2025,91,441410,162347,279063,137825,231989,11083,24716,1483,2451,8945,14930,191,304,2820,4673,140356,236047,11790,26071,3263,5461,9581,15864,406,689,147714,252460,124789,208319,10566,23656,895,1462,8833,14718,157,257,2474,4048,126999,211826,11163,24773,2441,4073,9410,15556,347,598,14633,26603,13036,23670,517,1060,588,989,112,212,34,47,346,625,13357,24221,627,1298,822,1388,171,308,59,91
R,3,2025,92,384249,137681,246568,116816,205258,9415,21564,1204,2248,7672,13184,145,292,2429,4022,118985,208779,10042,22758,2696,4802,8226,13969,358,623,125721,223680,106149,184887,8988,20668,740,1371,7579,12991,127,247,2138,3516,108056,187956,9518,21669,2044,3608,8083,13691,321,546,11960,22888,10667,20371,427,896,464,877,93,193,18,45,291,506,10929,20823,524,1089,652,1194,143,278,37,77
R,3,2025,93,317121,111204,205917,95363,173215,6830,16683,955,1771,5991,10599,108,241,1957,3408,97103,176148,7377,17706,2139,3941,6429,11282,275,548,101467,187380,86633,156618,6518,16013,575,1091,5923,10473,91,203,1727,2982,88168,159167,6997,16876,1604,2987,6315,11096,238,481,9737,18537,8730,16597,312,670,380,680,68,126,17,38,230,426,8935,16981,380,830,535,954,114,186,37,67
R,3,2025,94,266595,90676,175919,77309,147367,5688,14223,821,1523,5178,9607,110,197,1570,3002,78720,149955,6122,15105,1757,3436,5556,10219,241,460,82646,159652,70146,132858,5407,13606,500,910,5114,9487,94,167,1385,2624,71388,135098,5777,14350,1318,2577,5455,10041,211,405,8030,16267,7163,14509,281,617,321,613,64,120,16,30,185,378,7332,14857,345,755,439,859,101,178,30,55
R,3,2025,95,210195,69174,141021,58829,117901,4328,11622,647,1146,4071,7820,70,163,1229,2369,59899,119948,4675,12356,1394,2612,4354,8311,200,376,63092,128338,53383,106620,4134,11127,412,702,4026,7698,57,143,1080,2048,54319,108370,4417,11746,1063,1964,4287,8135,175,337,6082,12683,5446,11281,194,495,235,444,45,122,13,20,149,321,5580,11578,258,610,331,648,67,176,25,39
R,3,2025,96,160541,51080,109461,43374,91617,3248,8844,471,884,2985,6095,56,125,946,1896,44206,93236,3538,9446,1047,2036,3205,6504,139,313,46564,99912,39340,83131,3093,8449,292,553,2953,6005,48,108,838,1666,40079,84539,3342,8968,795,1557,3158,6375,122,273,4516,9549,4034,8486,155,395,179,331,32,90,8,17,108,230,4127,8697,196,478,252,479,47,129,17,40
R,3,2025,97,123941,37986,85955,32123,71759,2401,6953,359,761,2283,4898,52,94,768,1490,32789,73027,2628,7408,794,1701,2470,5208,125,237,34741,78777,29231,65365,2293,6666,228,489,2265,4837,46,81,678,1339,29817,66497,2482,7062,609,1341,2440,5119,109,215,3245,7178,2892,6394,108,287,131,272,18,61,6,13,90,151,2972,6530,146,346,185,360,30,89,16,22
R,3,2025,98,89869,26568,63301,22275,52592,1773,5148,238,536,1683,3810,24,85,575,1130,22784,53556,1936,5516,577,1213,1822,4041,81,209,24266,58010,20223,47869,1698,4928,152,364,1663,3766,19,74,511,1009,20675,48726,1833,5252,457,955,1792,3982,67,189,2302,5291,2052,4723,75,220,86,172,20,44,5,11,64,121,2109,4830,103,264,120,258,30,59,14,20
R,3,2025,99,64252,18404,45848,15233,37759,1266,3840,182,413,1291,2869,30,52,402,915,15563,38515,1380,4159,405,959,1413,3072,88,151,16844,42108,13840,34434,1215,3688,127,285,1279,2836,25,44,358,821,14132,35112,1311,3957,321,775,1393,3013,79,129,1560,3740,1393,3325,51,152,55,128,12,33,5,8,44,94,1431,3403,69,202,84,184,20,59,9,22
R,3,2025,100,117635,30910,86725,24370,69258,2428,7993,431,939,2754,6392,67,151,860,1992,25081,70846,2740,8731,887,2063,2998,6871,195,409,28089,79875,21923,63230,2320,7670,311,702,2718,6338,54,131,763,1804,22556,64663,2596,8329,710,1712,2937,6770,162,357,2821,6850,2447,6028,108,323,120,237,36,54,13,20,97,188,2525,6183,144,402,177,351,61,101,33,52
R,4,2025,999,341318277,167509331,173808946,122090478,125055761,22030900,24125156,3559069,3458037,11260935,12280558,474115,475543,8093834,8413891,129531806,132776890,25187560,27450065,6877685,7022124,13803931,14826495,1004946,1005145,132700005,138802449,94588267,97294285,19893719,21948771,1157429,1194401,10789892,11801565,349080,349143,5921618,6214284,100038056,103002109,22134131,24335283,3377146,3639561,12799863,13814560,731342,730715,34809326,35006497,27502211,27761476,2137181,2176385,2401640,2263636,471043,478993,125035,126400,2172216,2199607,29493750,29774781,3053429,3114782,3500539,3382563,1004068,1011935,273604,274430
R,4,2025,0,3614973,1849049,1765924,1205247,1149372,292787,283419,46720,44640,113675,106477,6860,6664,183760,175352,1377355,1313335,382098,369341,98106,93757,178311,167750,17454,16734,1306536,1245740,817098,776733,246140,238610,11645,11322,103074,96263,4635,4455,123944,118357,933816,888058,306029,296532,40320,38582,149947,140695,11167,10515,542513,520184,388149,372639,46647,44809,35075,33318,10601,10214,2225,2209,59816,56995,443539,425277,76069,72809,57786,55175,28364,27055,6287,6219
R,4,2025,1,3644031,1863288,1780743,1210252,1155056,295564,286064,47981,45719,118316,111377,6934,6826,184241,175701,1382769,1319309,385000,372040,99410,94852,183307,172961,17560,16916,1311272,1251258,815204,775441,248069,240574,11591,11266,107549,101016,4688,4547,124171,118414,932100,886782,307897,298360,40209,38415,154784,145750,11242,10621,552016,529485,395048,379615,47495,45490,36390,34453,10767,10361,2246,2279,60070,57287,450669,432527,77103,73680,59201,56437,28523,27211,6318,6295
R,4,2025,2,3739137,1908393,1830744,1236933,1183390,306163,296678,48577,47245,123426,117263,7198,7112,186096,179056,1411173,1350755,396441,384210,100343,97199,189238,180199,17892,17377,1349554,1290713,835280,795954,258694,250838,12029,11606,112473,106708,4764,4603,126314,121004,954165,909697,319441,309755,41072,39269,160710,152638,11426,10807,558839,540031,401653,387436,47469,45840,36548,35639,10953,10555,2434,2509,59782,58052,457008,441058,77000,74455,59271,57930,28528,27561,6466,6570
R,4,2025,3,3808467,1945155,1863312,1262584,1205487,312480,304386,46996,45256,126660,120279,7143,6898,189292,181006,1439819,1374679,404306,392803,99544,95605,193662,184036,18010,17247,1393089,1329046,865031,820449,265784,259103,12468,11805,116199,110040,4772,4505,128835,123144,986273,936188,327673,318968,42038,39911,165522,156912,11576,10830,552066,534266,397553,385038,46696,45283,34528,33451,10461,10239,2371,2393,60457,57862,453546,438491,76633,73835,57506,55694,28140,27124,6434,6417
R,4,2025,4,3693465,1887903,1805562,1221852,1163557,309067,300644,45026,43346,125173,118686,6559,6192,180226,173137,1390603,1325413,396490,385274,95006,91447,189007,179637,16894,16070,1362602,1299971,841492,797306,265813,258980,12385,12016,115490,109215,4590,4225,122832,118229,957083,908434,324784,316464,40548,39017,162573,154199,11074,10289,525301,505591,380360,366251,43254,41664,32641,31330,9683,9471,1969,1967,57394,54908,433520,416979,71706,68810,54458,52430,26434,25438,5820,5781
R,4,2025,5,3853835,1967451,1886384,1292202,1232850,305116,298116,47910,45667,128857,123313,7124,6740,186242,179698,1466597,1400887,395495,386018,99245,95364,194945,186552,17790,16927,1439100,1378175,906984,861768,264190,258871,14646,14108,119350,114024,4946,4769,128984,124635,1028352,978915,326175,319543,44236,42622,168701,161328,11771,11153,528351,508209,385218,371082,40926,39245,33264,31559,9507,9289,2178,1971,57258,55063,438245,421972,69320,66475,55009,52742,26244,25224,6019,5774
R,4,2025,6,3894784,1986859,1907925,1313335,1255556,307799,300792,48156,46555,127523,122422,7205,6960,182841,175640,1484569,1419797,395793,385733,99042,95459,192247,184488,17968,17094,1460602,1399384,927033,881834,267571,262332,15133,14776,118315,113374,5093,5016,127457,122052,1046941,996455,328572,321274,44484,42870,167015,159658,11984,11499,526257,508541,386302,373722,40228,38460,33023,31779,9208,9048,2112,1944,55384,53588,437628,423342,67221,64459,54558,52589,25232,24830,5984,5595
R,4,2025,7,3966700,2025433,1941267,1340055,1278969,315772,308165,49906,47864,130502,125207,7525,6759,181673,174303,1510050,1441773,402635,392223,101290,97055,194786,186591,18370,16879,1489985,1423823,945349,897816,275656,269001,15656,14985,121170,116111,5355,4776,126799,121134,1064513,1011550,336040,327280,45451,43094,169442,162064,12355,11149,535448,517444,394706,381153,40116,39164,34250,32879,9332,9096,2170,1983,54874,53169,445537,430223,66595,64943,55839,53961,25344,24527,6015,5730
R,4,2025,8,4035454,2061054,1974400,1369299,1305569,316144,308796,51671,49734,134950,128601,7588,7153,181402,174547,1538576,1468452,401727,392462,103894,100305,199127,189475,18550,17545,1515627,1447000,965954,915981,275433,269225,16222,15718,125508,119543,5384,5094,127126,121439,1085162,1029896,335145,327434,46554,44894,173987,165030,12462,11720,545427,527400,403345,389588,40711,39571,35449,34016,9442,9058,2204,2059,54276,53108,453414,438556,66582,65028,57340,55411,25140,24445,6088,5825
R,4,2025,9,4098183,2093511,2004672,1401512,1334954,318064,310513,52387,51116,132801,127359,7517,7173,181230,173557,1570856,1496904,402884,392861,105679,101989,196522,187866,18518,17601,1538079,1469892,988503,937302,277654,271184,16486,16180,123405,118350,5346,5116,126685,121760,1107453,1051472,336862,329112,47514,45877,171244,163834,12391,11822,555432,534780,413009,397652,40410,39329,35901,34936,9396,9009,2171,2057,54545,51797,463403,445432,66022,63749,58165,56112,25278,24032,6127,5779
R,4,2025,10,4116709,2103237,2013472,1407270,1341731,321324,312359,53032,51423,135405,128438,7377,7277,178829,172244,1574308,1502375,404754,394009,106335,102840,197899,187752,17997,17438,1550707,1480392,994789,944902,281199,273004,16994,16256,126142,119735,5299,5150,126284,121345,1113306,1058614,340036,330730,48490,46367,173461,164544,12251,11735,552530,533080,412481,396829,40125,39355,36038,35167,9263,8703,2078,2127,52545,50899,461002,443761,64718,63279,57845,56473,24438,23208,5746,5703
R,4,2025,11,4083276,2087194,1996082,1401903,1336114,318297,309258,52987,50859,132230,125648,7472,7145,174305,167058,1564761,1491942,399077,387967,105910,101645,192688,182778,18001,17149,1540058,1467991,992552,941402,278868,270413,16799,16170,122984,117028,5285,5003,123570,117975,1108515,1052006,336137,326420,48275,46182,168946,160110,12191,11540,547136,528091,409351,394712,39429,38845,36188,34689,9246,8620,2187,2142,50735,49083,456246,439936,62940,61547,57635,55463,23742,22668,5810,5609
R,4,2025,12,4113970,2100748,2013222,1410062,1347182,318863,310268,54144,51938,138277,130911,7657,7195,171745,165728,1570141,1501517,397870,387207,107229,103463,197935,187707,18072,17130,1550221,1481572,997143,948062,279419,272173,17107,16329,129289,122306,5408,5082,121855,117620,1111362,1058119,335443,327022,48709,46950,174690,165499,12260,11623,550527,531650,412919,399120,39444,38095,37037,35609,8988,8605,2249,2113,49890,48108,458779,443398,62427,60185,58520,56513,23245,22208,5812,5507
R,4,2025,13,4127251,2110917,2016334,1424950,1356938,321197,310618,55088,51903,132903,126365,7407,7093,169372,163417,1582819,1509176,398663,385840,108520,103414,190975,181975,17791,17010,1554586,1481857,1006056,953691,281684,272880,17147,16435,123880,117890,5241,4928,120578,116033,1118982,1062228,337075,326625,49212,47256,168133,160229,12103,11511,556331,534477,418894,403247,39513,37738,37941,35468,9023,8475,2166,2165,48794,47384,463837,446948,61588,59215,59308,56158,22842,21746,5688,5499
R,4,2025,14,4188380,2142012,2046368,1449992,1379856,328233,317016,55585,53809,131265,124776,7465,7369,169472,163542,1607920,1532021,404993,391974,110251,106749,188890,179899,17728,17259,1572506,1497757,1018568,965171,288552,278630,17168,16737,122309,116174,5340,5125,120569,115920,1131454,1073435,343402,332131,50014,48444,166192,158034,12210,11592,569506,548611,431424,414685,39681,38386,38417,37072,8956,8602,2125,2244,48903,47622,476466,458586,61591,59843,60237,58305,22698,21865,5518,5667
R,4,2025,15,4290451,2194689,2095762,1492139,1418411,335720,324564,55372,52868,131509,126214,7466,7197,172483,166508,1652911,1573475,414295,401624,110906,106333,189561,181557,17885,17270,1603712,1530047,1036823,982852,296348,286548,17468,17025,122992,117960,5180,4864,124901,120798,1153744,1095814,353562,342744,51608,50096,167988,160878,12244,11702,590977,565715,455316,435559,39372,38016,37904,35843,8517,8254,2286,2333,47582,45710,499167,477661,60733,58880,59298,56237,21573,20679,5641,5568
R,4,2025,16,4387037,2245341,2141696,1532247,1453817,342932,331000,57094,54799,133236,127439,7480,7304,172352,167337,1692504,1609603,421111,407810,113782,109735,190522,182254,18167,17477,1635945,1560527,1060627,1004628,302685,292926,18003,17562,124599,119129,5120,4893,124911,121389,1177226,1118058,359992,349305,53012,51665,169044,161542,12350,11823,609396,581169,471620,449189,40247,38074,39091,37237,8637,8310,2360,2411,47441,45948,515278,491545,61119,58505,60770,58070,21478,20712,5817,5654
R,4,2025,17,4501634,2303385,2198249,1574083,1495274,349207,337092,59799,56676,139040,132780,7617,7305,173639,169122,1735489,1652312,427288,414225,118254,113719,196331,188000,18413,17618,1675923,1599742,1086982,1031398,308456,298688,18660,17796,130243,124291,5125,4991,126457,122578,1204958,1145759,365726,355260,55103,53207,175002,166912,12510,11948,627462,598507,487101,463876,40751,38404,41139,38880,8797,8489,2492,2314,47182,46544,530531,506553,61562,58965,63151,60512,21329,21088,5903,5670
R,4,2025,18,4517136,2314943,2202193,1588309,1503409,347942,334800,61925,57250,139263,133878,7683,7415,169821,165441,1746024,1656967,423361,409157,120115,113874,195223,187723,18241,17533,1680186,1602925,1096242,1037364,306895,296399,18522,17893,130413,125568,5100,5025,123014,120676,1210946,1149910,361816,351283,54567,53356,174033,167460,12304,11888,634757,599268,492067,466045,41047,38401,43403,39357,8850,8310,2583,2390,46807,44765,535078,507057,61545,57874,65548,60518,21190,20263,5937,5645
R,4,2025,19,4457732,2286548,2171184,1575669,1485903,336432,326100,61245,56488,142292,137651,7671,7350,163239,157692,1727230,1632202,407745,395764,118581,111313,195669,189327,17597,16954,1662540,1584925,1090218,1028229,297152,289000,17981,17512,133661,129713,5207,5056,118321,115415,1200550,1135723,349029,340600,53819,52081,175417,170129,11996,11705,624008,586259,485451,457674,39280,37100,43264,38976,8631,7938,2464,2294,44918,42277,526680,496479,58716,55164,64762,59232,20252,19198,5601,5249
R,4,2025,20,4472342,2295303,2177039,1584271,1493237,334559,322094,61640,56090,148357,144852,7804,7259,158672,153507,1731397,1635455,402298,389112,118301,110818,201080,194932,17604,16700,1673072,1594228,1098292,1036884,295956,285583,18207,17203,139926,137051,5334,5085,115357,112422,1205617,1141369,345214,334971,53882,51954,181358,176532,12100,11633,622231,582811,485979,456353,38603,36511,43433,38887,8431,7801,2470,2174,43315,41085,525780,494086,57084,54141,64419,58864,19722,18400,5504,5067
R,4,2025,21,4510953,2315125,2195828,1604241,1511057,334017,323252,61632,55491,151597,148260,7965,7295,155673,150473,1748508,1650742,399653,387763,118670,110324,202509,196921,17651,16387,1696388,1616294,1119855,1056156,296134,287220,18052,17190,143428,140606,5424,5132,113495,109990,1225448,1158617,344098,334582,54170,52032,183541,178937,12078,11464,618737,579534,484386,454901,37883,36032,43580,38301,8169,7654,2541,2163,42178,40483,523060,492125,55555,53181,64500,58292,18968,17984,5573,4923
R,4,2025,22,4478025,2297515,2180510,1589091,1498306,334418,323815,61490,55246,156227,151826,7770,7093,148519,144224,1726672,1631580,396349,385202,116791,108594,204783,198595,16955,15959,1684393,1605716,1108227,1046562,296177,287963,17821,16773,148456,144107,5472,4969,108240,105342,1208740,1144246,341507,333240,52910,50725,186611,180786,11862,11143,613122,574794,480864,451744,38241,35852,43669,38473,7771,7719,2298,2124,40279,38882,517932,487334,54842,51962,63881,57869,18172,17809,5093,4816
R,4,2025,23,4630689,2352862,2277827,1619690,1558726,350285,348686,60442,55670,172081,166857,7758,7741,142606,140147,1751207,1687767,409536,408538,113961,107103,218549,212511,17039,16825,1736976,1694767,1134881,1099235,311221,311354,17504,17248,164165,158976,5464,5474,103741,102480,1230769,1193825,354436,355343,51308,50002,200822,195011,12006,11906,615886,583060,484809,459491,39064,37332,42938,38422,7916,7881,2294,2267,38865,37667,520438,493942,55100,53195,62653,57101,17727,17500,5033,4919
R,4,2025,24,4936649,2498399,2438250,1716959,1670300,374026,372675,61637,56521,198215,192425,8613,8497,138949,137832,1844417,1796657,431698,431678,112757,105863,244484,238253,18276,17848,1869564,1839902,1221170,1196253,333098,333889,18175,17939,189789,184176,6285,6087,101047,101558,1314058,1289508,374921,377368,50495,49489,226327,220836,13126,12847,628835,598348,495789,474047,40928,38786,43462,38582,8426,8249,2328,2410,37902,36274,530359,507149,56777,54310,62262,56374,18157,17417,5150,5001
R,4,2025,25,4857459,2462583,2394876,1704832,1646413,361481,363180,60133,54347,195289,190359,8583,8245,132265,132332,1826092,1767979,415789,419491,109812,101935,238960,234296,17448,16908,1848984,1813484,1218661,1184890,322546,325655,17818,16985,187101,182335,6339,5771,96519,97848,1307336,1274977,362088,367557,49172,47361,221965,217556,12665,11874,613599,581392,486171,461523,38935,37525,42315,37362,8188,8024,2244,2474,35746,34484,518756,493002,53701,51934,60640,54574,16995,16740,4783,5034
R,4,2025,26,4742997,2403199,2339798,1672120,1613206,346905,349478,58176,52666,190225,188836,8408,8177,127365,127435,1788785,1730176,398403,403330,106569,99373,232178,230689,17213,16643,1807752,1773594,1200217,1163015,309353,313220,17036,16306,182109,180726,6128,5851,92909,94476,1285465,1249943,346884,353085,47684,46543,215558,214367,12432,11907,595447,566204,471903,450191,37552,36258,41140,36360,8116,8110,2280,2326,34456,32959,503320,480233,51519,50245,58885,52830,16620,16322,4781,4736
R,4,2025,27,4579960,2320283,2259677,1612904,1551737,333002,334495,56177,50962,189553,192520,8047,7830,120600,122133,1723502,1663649,381350,385590,102331,96226,229255,232609,16242,15666,1746171,1715619,1157160,1118514,297320,300483,15932,15352,181702,184737,5897,5615,88160,90918,1238030,1201984,332483,338617,45185,44433,213658,217373,11818,11336,574112,544058,455744,433223,35682,34012,40245,35610,7851,7783,2150,2215,32440,31215,485472,461665,48867,46973,57146,51793,15597,15236,4424,4330
R,4,2025,28,4495863,2275423,2220440,1585479,1521998,321920,325627,55633,50048,188281,196290,7720,7307,116390,119170,1691806,1631338,367809,374603,101023,95187,226703,235058,15652,15018,1707809,1683936,1135043,1095380,286406,292121,15411,14800,180800,188711,5595,5334,84554,87590,1212503,1175844,319361,328224,43802,43416,211753,220017,11315,10853,567614,536504,450436,426618,35514,33506,40222,35248,7481,7579,2125,1973,31836,31580,479303,455494,48448,46379,57221,51771,14950,15041,4337,4165
R,4,2025,29,4518083,2282109,2235974,1593267,1534888,321649,327802,56235,50049,189081,199078,7701,7406,114176,116751,1697661,1641664,366156,375223,101134,95363,226521,236742,15736,15180,1716583,1699582,1145242,1108438,286140,293931,15382,14573,181341,191193,5591,5515,82887,85932,1221158,1187225,317970,328679,43634,43477,211579,221741,11409,11170,565526,536392,448025,426450,35509,33871,40853,35476,7740,7885,2110,1891,31289,30819,476503,454439,48186,46544,57500,51886,14942,15001,4327,4010
R,4,2025,30,4535669,2284419,2251250,1596204,1542423,324410,337290,56047,50022,188247,198459,7823,7437,111688,115619,1697950,1647956,367479,383899,101045,95349,224725,235739,15739,15291,1725520,1716292,1153548,1117066,289414,302786,15421,14748,180606,190832,5767,5496,80764,85364,1227119,1195054,320133,336901,43631,43971,210067,221249,11538,11243,558899,534958,442656,425357,34996,34504,40626,35274,7641,7627,2056,1941,30924,30255,470831,452902,47346,46998,57414,51378,14658,14490,4201,4048
R,4,2025,31,4565023,2294419,2270604,1603936,1553255,328138,345729,55687,50648,189768,199150,7682,7401,109208,114421,1703198,1657670,369477,391416,100098,96770,225677,235592,15748,15184,1742451,1738588,1165745,1130789,293857,311459,15604,15214,182332,191517,5607,5423,79306,84186,1237839,1207764,323278,344716,43476,45004,211669,221094,11492,11103,551968,532016,438191,422466,34281,34270,40083,35434,7436,7633,2075,1978,29902,30235,465359,449906,46199,46700,56622,51766,14008,14498,4256,4081
R,4,2025,32,4638133,2327162,2310971,1628373,1580947,333849,353938,56553,51735,193630,202933,7808,7518,106949,113900,1725467,1684770,373876,398375,100976,98848,228475,239073,15661,15194,1775658,1777607,1190342,1157779,299185,319334,16086,15621,186328,195298,5821,5418,77896,84157,1261088,1234577,327701,351435,44401,46556,214673,224902,11595,11063,551504,533364,438031,423168,34664,34604,40467,36114,7302,7635,1987,2100,29053,29743,464379,450193,46175,46940,56575,52292,13802,14171,4066,4131
R,4,2025,33,4696432,2351687,2344745,1654269,1611342,333131,357500,56984,51801,194100,204080,7713,7382,105490,112640,1750183,1713913,371225,400578,102107,99769,228289,239513,15515,15013,1803267,1816115,1218583,1192389,298823,322277,16585,16178,186914,196731,5743,5497,76619,83043,1288272,1268123,325682,353243,45302,47646,214882,225657,11553,11142,548420,528630,435686,418953,34308,35223,40399,35623,7186,7349,1970,1885,28871,29597,461911,445790,45543,47335,56805,52123,13407,13856,3962,3871
R,4,2025,34,4800445,2403631,2396814,1694993,1646835,339090,367320,57832,52487,199065,209732,7914,7669,104737,112771,1789838,1749630,376382,409182,103147,101773,233361,245068,15761,15413,1853230,1867516,1258285,1228203,304564,332018,16893,16463,191619,202213,5894,5680,75975,82939,1327169,1303916,330577,361767,45671,48918,219708,231080,11693,11437,550401,529298,436708,418632,34526,35302,40939,36024,7446,7519,2020,1989,28762,29832,462669,445714,45805,47415,57476,52855,13653,13988,4068,3976
R,4,2025,35,4779727,2388664,2391063,1688117,1645346,336919,365174,56168,51897,198234,211142,7712,7531,101514,109973,1780235,1745203,372283,405318,100672,100893,231337,245574,15279,15103,1854369,1872582,1263265,1234527,303539,330539,16739,16559,191175,204041,5786,5612,73865,81304,1330303,1308412,328042,358933,45354,49264,218414,232375,11446,11369,534295,518481,424852,410819,33380,34635,39429,35338,7059,7101,1926,1919,27649,28669,449932,436791,44241,46385,55318,51629,12923,13199,3833,3734
R,4,2025,36,4650475,2318198,2332277,1644578,1610070,319366,349836,53970,50451,196268,210166,7496,7172,96520,104582,1732036,1705069,352263,387265,96716,97911,228068,242833,14777,14258,1808046,1834297,1238485,1214459,287976,317043,16126,16305,189402,203392,5569,5326,70488,77772,1302297,1285099,310787,343561,43706,48288,215668,230523,11122,10720,510152,497980,406093,395611,31390,32793,37844,34146,6866,6774,1927,1846,26032,26810,429739,419970,41476,43704,53010,49623,12400,12310,3655,3538
R,4,2025,37,4578475,2279868,2298607,1629374,1596897,307547,338854,53627,49292,188991,204344,7257,7188,93072,102032,1713776,1689593,338591,374996,95687,96429,219108,235850,14265,14240,1777305,1807946,1228360,1206682,277134,307028,15861,15533,182409,197690,5365,5298,68176,75715,1290121,1275584,298660,332518,43130,47312,207492,223710,10743,10641,502563,490661,401014,390215,30413,31826,37766,33759,6582,6654,1892,1890,24896,26317,423655,414009,39931,42478,52557,49117,11616,12140,3522,3599
R,4,2025,38,4521462,2250681,2270781,1617629,1586195,300634,331004,52384,49027,183093,198687,7239,6946,89702,98922,1698783,1676054,329930,365478,93968,96062,212226,228824,14109,13564,1756983,1787035,1223054,1201156,270897,300078,15416,15228,176729,192157,5383,5117,65504,73299,1282241,1267720,291081,324267,42313,47099,200970,217158,10654,10134,493698,483746,394575,385039,29737,30926,36968,33799,6364,6530,1856,1829,24198,25623,416542,408334,38849,41211,51655,48963,11256,11666,3455,3430
R,4,2025,39,4560026,2269982,2290044,1636967,1605478,299809,330867,52962,49127,183691,200155,7109,6897,89444,97520,1718042,1694077,328553,363804,95097,96364,212411,229652,14039,13690,1774316,1807951,1240635,1220556,270385,300731,15154,15599,177314,193630,5376,5174,65452,72261,1299949,1286220,289943,323596,42803,47841,201233,218065,10608,10322,495666,482093,396332,384922,29424,30136,37808,33528,6377,6525,1733,1723,23992,25259,418093,407857,38610,40208,52294,48523,11178,11587,3431,3368
R,4,2025,40,4489022,2231817,2257205,1615455,1587562,290660,322220,51695,49107,181637,197951,6931,6834,85439,93531,1692737,1672383,317302,353050,92878,95762,208969,225775,13469,13336,1749934,1782451,1229411,1207922,262860,293293,14816,15398,175301,191701,5179,5124,62367,69013,1285784,1270531,280977,314584,41834,47065,197989,214755,10175,10078,481883,474754,386044,379640,27800,28927,36879,33709,6336,6250,1752,1710,23072,24518,406953,401852,36325,38466,51044,48697,10980,11020,3294,3258
R,4,2025,41,4404300,2185544,2218756,1584704,1560782,282809,316792,51093,47725,177492,194938,6761,6785,82685,91734,1659225,1643740,308336,346608,91781,94583,203604,221814,13324,13300,1713935,1752238,1206871,1186462,255399,288693,14658,14962,171516,188893,5088,5057,60403,68171,1261186,1248076,272815,309425,41483,47288,193120,211142,10129,10057,471609,466518,377833,374320,27410,28099,36435,32763,5976,6045,1673,1728,22282,23563,398039,395664,35521,37183,50298,47295,10484,10672,3195,3243
R,4,2025,42,4448413,2199787,2248626,1599486,1587118,285170,319770,51612,49050,174310,194405,6490,6598,82719,91685,1674285,1669966,310506,349158,93319,96994,199410,220727,12923,13040,1727839,1773617,1220590,1205006,258156,291716,15084,15445,168580,188406,4794,4936,60635,68108,1275332,1266500,275546,312170,42860,48734,189417,210069,9714,9863,471948,475009,378896,382112,27014,28054,36528,33605,5730,5999,1696,1662,22084,23577,398953,403466,34960,36988,50459,48260,9993,10658,3209,3177
R,4,2025,43,4369459,2156455,2213004,1574373,1565766,278330,313829,50199,47876,167885,189790,6390,6499,79278,89244,1645766,1646320,302567,342591,90592,95098,191807,214916,12575,12761,1695427,1746347,1204133,1190672,252020,286122,14299,14719,162129,183868,4755,4773,58091,66193,1256300,1250485,268706,306068,41298,47391,181946,204596,9543,9554,461028,466657,370240,375094,26310,27707,35900,33157,5756,5922,1635,1726,21187,23051,389466,395835,33861,36523,49294,47707,9861,10320,3032,3207
R,4,2025,44,4379504,2162561,2216943,1581295,1570933,283197,319279,50903,48217,161746,184123,6494,6349,78926,88042,1652518,1650556,307096,347552,91879,95487,184975,208309,12538,12375,1698867,1748801,1208141,1193802,257398,291668,14825,14995,156054,178177,4724,4762,57725,65397,1260091,1252933,273809,311453,42224,47939,175229,198084,9370,9289,463694,468142,373154,377131,25799,27611,36078,33222,5692,5946,1770,1587,21201,22645,392427,397623,33287,36099,49655,47548,9746,10225,3168,3086
R,4,2025,45,4301394,2122682,2178712,1552866,1542404,280653,315711,49116,47369,157555,180720,6376,6506,76116,86002,1621407,1619875,303638,343283,89116,93808,179547,204234,12188,12535,1669596,1719363,1186767,1172566,255869,288637,14256,14781,152085,175016,4793,4728,55826,63635,1236911,1229851,271537,307669,41185,47133,170376,194356,9334,9325,453086,459349,366099,369838,24784,27074,34860,32588,5470,5704,1583,1778,20290,22367,384496,390024,32101,35614,47931,46675,9171,9878,2854,3210
R,4,2025,46,4097686,2018375,2079311,1478523,1474102,265276,299336,47070,45080,149600,173628,5989,5864,71917,81301,1543285,1547357,286621,325217,85613,89280,170132,195710,11328,11396,1589474,1642097,1132021,1121046,242096,274078,13537,13897,144476,168188,4469,4271,52875,60617,1179603,1175638,256728,291989,39715,45051,161446,186459,8555,8490,428901,437214,346502,353056,23180,25258,33533,31183,5124,5440,1520,1593,19042,20684,363682,371719,29893,33228,45898,44229,8686,9251,2773,2906
R,4,2025,47,4037282,1983318,2053964,1461460,1465730,255651,290329,45851,44679,144843,168137,5638,5850,69875,79239,1524562,1537204,276225,314885,83547,88354,164821,189721,10688,11215,1561484,1619619,1118871,1113585,233666,265777,13412,14182,139897,162834,4209,4282,51429,58959,1165242,1166737,247599,282790,39021,44899,156576,180567,8076,8439,421834,434345,342589,352145,21985,24552,32439,30497,4946,5303,1429,1568,18446,20280,359320,370467,28626,32095,44526,43455,8245,9154,2612,2776
R,4,2025,48,3933752,1931245,2002507,1422232,1427066,247332,282787,44420,43138,144300,168250,5522,5613,67439,75653,1482950,1495234,266841,306155,81368,85496,163269,188621,10567,10659,1519916,1575887,1087040,1079613,226044,259162,13301,13651,139546,163050,4122,4143,49863,56268,1131785,1130212,239346,275326,38640,43345,155441,179963,8028,8035,411329,426620,335192,347453,21288,23625,31119,29487,4754,5200,1400,1470,17576,19385,351165,365022,27495,30829,42728,42151,7828,8658,2539,2624
R,4,2025,49,3867899,1897351,1970548,1396413,1405284,242587,276719,43337,41980,144869,168196,5219,5460,64926,72909,1454857,1470821,260958,298898,79487,83037,162803,187615,9936,10330,1495743,1553119,1068530,1063360,221996,254477,12899,13418,140196,163121,3976,4046,48146,54697,1111796,1112471,234605,270010,37899,42567,155194,179274,7652,7816,401608,417429,327883,341924,20591,22242,30438,28562,4673,5075,1243,1414,16780,18212,343061,358350,26353,28888,41588,40470,7609,8341,2284,2514
R,4,2025,50,3879386,1905044,1974342,1407770,1415590,240623,272695,42439,41696,146125,168086,5053,5219,63034,71056,1464486,1479593,258378,293798,77914,82243,163326,187046,9539,9722,1511261,1563772,1085104,1078599,220826,251143,12939,13459,141606,163260,3812,3885,46974,53426,1127291,1126601,233209,265943,37648,42346,155938,179103,7262,7340,393783,410570,322666,336991,19797,21552,29500,28237,4519,4826,1241,1334,16060,17630,337195,352992,25169,27855,40266,39897,7388,7943,2277,2382
R,4,2025,51,3784547,1853981,1930566,1369244,1381935,235318,268196,40446,40241,143475,166169,4922,5151,60576,68874,1423716,1443880,251971,288453,74857,79667,160105,184627,9238,9614,1478104,1534549,1060156,1056040,216800,247735,12539,13340,139207,161539,3746,3779,45656,52116,1101048,1102848,228478,261928,36917,41744,153219,176982,7096,7234,375877,396017,309088,325895,18518,20461,27907,26901,4268,4630,1176,1372,14920,16758,322668,341032,23493,26525,37940,37923,6886,7645,2142,2380
R,4,2025,52,3885790,1897237,1988553,1401903,1424259,243904,279185,40889,40423,144621,169979,4898,5080,61022,69627,1456788,1486801,260383,299530,75905,80681,161151,188056,9183,9649,1523833,1593300,1094561,1098419,225737,258775,13149,13630,140393,165332,3717,3783,46276,53361,1135984,1146243,237372,273368,38203,43101,154307,180570,7159,7367,373404,395253,307342,325840,18167,20410,27740,26793,4228,4647,1181,1297,14746,16266,320804,340558,23011,26162,37702,37580,6844,7486,2024,2282
R,4,2025,53,4041248,1973228,2068020,1477378,1502127,246720,283803,39910,39961,142519,166379,4877,4948,61824,70802,1533055,1565973,263259,303819,76204,81887,158542,184247,9196,9458,1607766,1679501,1175432,1181177,229253,264082,13442,13900,138313,161750,3669,3719,47657,54873,1218272,1230504,241103,278594,40021,45166,151976,176885,7099,7287,365462,388519,301946,320950,17467,19721,26468,26061,4206,4629,1208,1229,14167,15929,314783,335469,22156,25225,36183,36721,6566,7362,2097,2171
R,4,2025,54,4286041,2095187,2190854,1583360,1607529,260858,299544,40460,40434,141046,165401,5016,5073,64447,72873,1641458,1673146,277866,320086,78954,84481,157185,183004,9489,9726,1725938,1802341,1278195,1286090,242999,279681,13910,14813,136880,160896,3833,3882,50121,56979,1323328,1337229,255277,294693,42581,48297,150613,175742,7422,7620,369249,388513,305165,321439,17859,19863,26550,25621,4166,4505,1183,1191,14326,15894,318130,335917,22589,25393,36373,36184,6572,7262,2067,2106
R,4,2025,55,4168441,2036994,2131447,1547553,1574166,249013,284141,38783,38736,136022,159791,4760,4952,60863,69661,1602383,1636919,264871,303451,75514,81211,151003,176425,9170,9537,1679557,1756748,1251160,1263552,231877,265315,13253,14122,132129,155487,3644,3822,47494,54450,1293819,1312478,243400,279455,40823,46372,144930,169509,7212,7519,357437,374699,296393,310614,17136,18826,25530,24614,3893,4304,1116,1130,13369,15211,308564,324441,21471,23996,34691,34839,6073,6916,1958,2018
R,4,2025,56,4023670,1959803,2063867,1492406,1527958,237356,273041,37034,37029,131869,155667,4405,4840,56733,65332,1543659,1586729,251802,291112,71747,77450,145594,170761,8374,9047,1622080,1709109,1211706,1233424,221380,255390,13031,13955,128258,151716,3391,3667,44314,50957,1251662,1279164,231858,268380,39267,44862,139877,164406,6590,7016,337723,354758,280700,294534,15976,17651,24003,23074,3611,3951,1014,1173,12419,14375,291997,307565,19944,22732,32480,32588,5717,6355,1784,2031
R,4,2025,57,3919362,1905000,2014362,1455646,1493774,233842,272585,35746,35934,121536,145020,4398,4685,53832,62364,1504215,1549917,247640,289988,69076,74736,134086,159019,8093,8755,1577859,1669373,1183328,1206761,218418,255249,12818,13730,117962,141134,3427,3643,41906,48856,1220992,1250675,228316,267926,38037,43463,128566,152843,6443,6929,327141,344989,272318,287013,15424,17336,22928,22204,3574,3886,971,1042,11926,13508,283223,299242,19324,22062,31039,31273,5520,6176,1650,1826
R,4,2025,58,3949218,1914346,2034872,1472770,1521829,234015,274945,34846,35141,115777,136890,4527,4565,52411,61502,1519961,1577235,247349,291730,67741,74140,127725,150108,8182,8503,1596921,1700726,1207462,1242993,219437,258250,12982,14018,112498,133287,3503,3524,41039,48654,1244336,1286747,229087,270644,38003,44370,122598,144388,6496,6682,317425,334146,265308,278836,14578,16695,21864,21123,3279,3603,1024,1041,11372,12848,275625,290488,18262,21086,29738,29770,5127,5720,1686,1821
R,4,2025,59,4041684,1955058,2086626,1501921,1558615,243098,285843,34747,35617,117614,139768,4407,4759,53271,62024,1549680,1614203,256772,302930,68502,75095,129438,153143,8239,8781,1640651,1754161,1239234,1281025,228194,269354,13476,14613,114306,136213,3450,3716,41991,49240,1276769,1325068,238154,281934,39492,45534,124333,147452,6568,6956,314407,332465,262687,277590,14904,16489,21271,21004,3308,3555,957,1043,11280,12784,272911,289135,18618,20996,29010,29561,5105,5691,1671,1825
R,4,2025,60,4210898,2030095,2180803,1577077,1649438,245070,290181,34589,35209,115805,138364,4162,4750,53392,62861,1625201,1706043,258059,306999,69098,76127,127352,151216,7779,8721,1725140,1855008,1321230,1376306,231105,274008,13928,15337,112701,134938,3231,3744,42945,50675,1359841,1421835,240789,286680,41185,47968,122581,145816,6219,7031,304955,325795,255847,273132,13965,16173,20661,19872,3104,3426,931,1006,10447,12186,265360,284208,17270,20319,27913,28159,4771,5400,1560,1690
R,4,2025,61,4254908,2045531,2209377,1595224,1680023,241449,286243,33589,34492,118014,141325,4091,4476,53164,62818,1643099,1736520,254356,302631,68398,75690,129188,154172,7712,8458,1754072,1893863,1350778,1415237,227908,270662,14023,15415,115066,138077,3289,3476,43008,50996,1389392,1461046,237617,283081,41733,48588,124640,148997,6299,6744,291459,315514,244446,264786,13541,15581,19566,19077,2948,3248,802,1000,10156,11822,253707,275474,16739,19550,26665,27102,4548,5175,1413,1714
R,4,2025,62,4234977,2032251,2202726,1591705,1684004,235956,282589,32451,33410,116544,136835,3977,4512,51618,61376,1638257,1739259,248164,298551,66338,74053,127526,149065,7444,8296,1753477,1898984,1357099,1428157,223353,268089,14004,15304,113699,133637,3163,3640,42159,50157,1395038,1473198,232591,280304,41334,48264,123139,144117,6072,6765,278774,303742,234606,255847,12603,14500,18447,18106,2845,3198,814,872,9459,11219,243219,266061,15573,18247,25004,25789,4387,4948,1372,1531
R,4,2025,63,4206724,2012762,2193962,1596055,1697253,228368,276507,30721,32464,103482,123964,3968,4223,50168,59551,1641310,1750932,240096,291793,64073,72321,113918,135591,7222,7781,1750383,1907522,1374904,1455861,216617,263044,13664,15203,100885,121014,3191,3343,41122,49057,1411908,1499985,225546,274844,40590,47814,109998,130996,5937,6291,262379,286440,221151,241392,11751,13463,17057,17261,2597,2950,777,880,9046,10494,229402,250947,14550,16949,23483,24507,3920,4595,1285,1490
R,4,2025,64,4229001,2016379,2212622,1600348,1713968,229160,277215,30034,32078,103474,126295,3807,4211,49556,58855,1645095,1766905,240915,292270,63004,71499,113699,137789,7017,7893,1762501,1931428,1386350,1476681,217724,264280,13539,15192,101065,123410,3085,3385,40738,48480,1423033,1520235,226683,275854,40356,47469,109930,133285,5773,6398,253878,281194,213998,237287,11436,12935,16495,16886,2409,2885,722,826,8818,10375,222062,246670,14232,16416,22648,24030,3769,4504,1244,1495
R,4,2025,65,4145956,1970074,2175882,1567116,1687431,222044,272727,28521,30930,101529,124435,3575,3974,47289,56385,1609675,1738110,233057,287206,60019,68787,111444,135390,6660,7311,1730414,1908803,1364861,1462320,211249,260051,13063,14808,99187,121720,2905,3214,39149,46690,1400012,1504164,219749,271381,38764,45974,107886,131126,5485,5998,239660,267079,202255,225111,10795,12676,15458,16122,2342,2715,670,760,8140,9695,209663,233946,13308,15825,21255,22813,3558,4264,1175,1313
R,4,2025,66,4051760,1916960,2134800,1531207,1662357,212826,263405,26679,29330,97838,122035,3418,3755,44992,53918,1571729,1710922,223346,277146,56925,65731,106951,132341,6240,6968,1694777,1884055,1343638,1450410,202683,251896,12533,14388,95702,119523,2786,3098,37435,44740,1377284,1490591,210860,262639,37375,44432,103722,128422,5162,5724,222183,250745,187569,211947,10143,11509,14146,14942,2136,2512,632,657,7557,9178,194445,220331,12486,14507,19550,21299,3229,3919,1078,1244
R,4,2025,67,4022071,1895432,2126639,1520741,1665195,205883,257254,25620,27936,96599,120381,3178,3508,43411,52365,1559836,1712281,215837,270618,54848,63681,105504,130140,5886,6520,1684020,1884064,1341700,1459412,196481,246274,12242,13905,94590,117916,2637,2850,36370,43707,1374342,1498617,204308,256832,36501,43587,102421,126408,4956,5380,211412,242575,179041,205783,9402,10980,13378,14031,2009,2465,541,658,7041,8658,185494,213664,11529,13786,18347,20094,3083,3732,930,1140
R,4,2025,68,3886458,1822781,2063677,1466492,1618887,195141,248302,24170,26352,92921,117624,3076,3390,40981,49122,1503488,1663075,204533,260695,51939,59997,101134,126684,5643,6250,1624666,1833268,1298611,1423071,186343,237708,11665,13295,91070,115366,2552,2794,34425,41034,1329629,1459873,193746,247499,34757,41268,98325,123209,4712,5207,198115,230409,167881,195816,8798,10594,12505,13057,1851,2258,524,596,6556,8088,173859,203202,10787,13196,17182,18729,2809,3475,931,1043
R,4,2025,69,3771074,1762906,2008168,1423164,1578930,185251,238253,22818,25333,90547,115627,2813,3293,38313,46732,1457714,1620918,194074,250087,48646,57251,98217,124449,5259,6065,1574844,1788143,1263569,1391737,176860,228138,10991,12956,88774,113412,2331,2697,32319,39203,1292648,1426862,183838,237459,32547,39615,95574,121121,4427,5053,188062,220025,159595,187193,8391,10115,11827,12377,1773,2215,482,596,5994,7529,165066,194056,10236,12628,16099,17636,2643,3328,832,1012
R,4,2025,70,3663842,1706286,1957556,1383500,1547356,174915,226917,21300,23773,87961,112251,2745,3156,35865,44103,1415766,1586757,183257,238254,45547,53914,95098,120481,5054,5822,1530610,1749303,1234369,1369769,167051,217619,10492,12062,86309,110260,2281,2601,30108,36992,1261395,1402684,173599,226594,30634,37217,92630,117453,4260,4888,175676,208253,149131,177587,7864,9298,10808,11711,1652,1991,464,555,5757,7111,154371,184073,9658,11660,14913,16697,2468,3028,794,934
R,4,2025,71,3473819,1606786,1867033,1313929,1487488,158425,210915,19196,21684,80394,103184,2413,2841,32429,40921,1343098,1524236,165990,221421,41351,49786,86662,110604,4453,5285,1447536,1674033,1178094,1322391,151442,202293,9655,11383,78925,101316,2001,2351,27419,34299,1202695,1353095,157421,210557,28261,34903,84499,107760,3767,4430,159250,193000,135835,165097,6983,8622,9541,10301,1469,1868,412,490,5010,6622,140403,171141,8569,10864,13090,14883,2163,2844,686,855
R,4,2025,72,3342562,1540760,1801802,1266222,1441606,147089,198651,17502,20335,77543,100362,2283,2678,30121,38170,1293301,1475908,154160,208290,38000,46529,83480,107219,4243,5007,1393928,1620744,1140490,1286197,140554,190664,9033,10836,76299,98698,1928,2230,25624,32119,1163455,1314947,146221,198347,26321,32770,81596,104722,3607,4245,146832,181058,125732,155409,6535,7987,8469,9499,1244,1664,355,448,4497,6051,129846,160961,7939,9943,11679,13759,1884,2497,636,762
R,4,2025,73,3181830,1461470,1720360,1209351,1385644,136535,187251,16054,18724,69269,90645,2056,2427,28205,35669,1234792,1417614,143006,196503,35619,43449,74481,96828,3848,4559,1325554,1552348,1092518,1241029,130751,179861,8472,10150,68048,89178,1746,1998,24019,30132,1114099,1267927,135958,187179,24999,31094,72712,94573,3296,3848,135916,168012,116833,144615,5784,7390,7582,8574,1221,1467,310,429,4186,5537,120693,149687,7048,9324,10620,12355,1769,2255,552,711
R,4,2025,74,2991193,1365260,1625933,1125848,1301553,128335,180729,15075,17729,67917,90424,1917,2338,26168,33160,1149323,1331323,134487,189417,33134,40755,72800,96055,3584,4332,1236637,1464325,1015296,1162303,122754,173764,7820,9462,66834,89011,1642,1951,22291,27834,1035199,1187192,127690,180664,23141,28804,71155,93875,3088,3650,128623,161608,110552,139250,5581,6965,7255,8267,1083,1413,275,387,3877,5326,114124,144131,6797,8753,9993,11951,1645,2180,496,682
R,4,2025,75,2871823,1304844,1566979,1079752,1259479,118942,169163,14019,16244,66276,88841,1814,2075,24041,31177,1101430,1287315,124615,177378,30463,37741,70751,94217,3409,3999,1186550,1415674,977805,1128646,113938,162631,7519,8810,65188,87442,1545,1744,20555,26401,996289,1152117,118501,169234,21505,27024,69170,92133,2969,3414,118294,151305,101947,130833,5004,6532,6500,7434,1088,1399,269,331,3486,4776,105141,135198,6114,8144,8958,10717,1581,2084,440,585
R,4,2025,76,2743998,1240331,1503667,1034573,1220708,107603,155283,12835,14942,60955,81258,1702,2036,22663,29440,1054920,1247070,112799,162985,28639,35447,65113,86155,3230,3874,1132636,1363697,941402,1099372,103246,149420,7055,8265,60012,79940,1417,1729,19504,24971,958852,1121648,107452,155609,20598,25665,63736,84229,2764,3318,107695,139970,93171,121336,4357,5863,5780,6677,943,1318,285,307,3159,4469,96068,125422,5347,7376,8041,9782,1377,1926,466,556
R,4,2025,77,2709765,1222078,1487687,1034060,1225823,97341,143094,11853,13856,55856,74716,1515,1836,21453,28362,1053477,1251271,102199,150452,26837,33707,59673,79375,2865,3508,1120819,1355616,946149,1111070,93315,137495,6602,7781,54979,73555,1297,1545,18477,24170,962838,1132691,97296,143468,19429,24651,58390,77654,2513,3039,101259,132071,87911,114753,4026,5599,5251,6075,877,1161,218,291,2976,4192,90639,118580,4903,6984,7408,9056,1283,1721,352,469
R,4,2025,78,2587280,1161371,1425909,991867,1187709,86584,128228,10772,13209,50757,68646,1362,1565,20029,26552,1010068,1211743,90928,134863,24949,31936,54193,72889,2642,3201,1069622,1303240,911889,1081023,82959,123106,6139,7499,50056,67572,1168,1319,17411,22721,927695,1101517,86501,128456,18451,23583,53135,71280,2317,2750,91749,122669,79978,106686,3625,5122,4633,5710,701,1074,194,246,2618,3831,82373,110226,4427,6407,6498,8353,1058,1609,325,451
R,4,2025,79,1907951,845939,1062012,711005,869320,68062,104252,8329,10680,42657,56592,1150,1495,14736,19673,724259,886903,71549,109538,18355,23961,45394,60061,2258,2845,767957,954911,642943,776044,64980,99742,4557,5698,41977,55624,968,1259,12532,16544,654184,790749,67754,103959,13048,16877,44379,58657,1944,2448,77982,107101,68062,93276,3082,4510,3772,4982,680,968,182,236,2204,3129,70075,96154,3795,5579,5307,7084,1015,1404,314,397
R,4,2025,80,1824824,800183,1024641,676314,843232,62208,98449,7627,9937,39244,53045,1032,1294,13758,18684,688715,859876,65449,103577,16947,22647,41841,56184,2067,2586,730385,926852,615211,757746,59477,94509,4233,5472,38705,52205,893,1068,11866,15852,625869,771811,62107,98644,12236,16255,41021,54969,1824,2203,69798,97789,61103,85486,2731,3940,3394,4465,539,840,139,226,1892,2832,62846,88065,3342,4933,4711,6392,820,1215,243,383
R,4,2025,81,1747381,759468,987913,647228,822771,56280,90098,7122,9131,35328,47142,863,1155,12647,17616,658626,838473,59344,94859,15918,21273,37493,49990,1764,2397,695782,896894,591416,742953,53850,86483,4082,5099,34830,46382,732,977,10872,15000,601197,756265,56317,90354,11657,15467,36756,48852,1507,2070,63686,91019,55812,79818,2430,3615,3040,4032,498,760,131,178,1775,2616,57429,82208,3027,4505,4261,5806,737,1138,257,327
R,4,2025,82,1675436,719623,955813,616795,801144,51543,85360,6182,8405,32646,43603,768,1046,11689,16255,627320,815706,54286,89771,14180,19705,34775,46173,1626,2102,662530,871085,566643,726990,49288,81839,3575,4619,32184,42930,667,859,10173,13848,575791,739339,51544,85391,10532,14313,34091,45155,1430,1795,57093,84728,50152,74154,2255,3521,2607,3786,462,673,101,187,1516,2407,51529,76367,2742,4380,3648,5392,684,1018,196,307
R,4,2025,83,1396631,591183,805448,503114,669992,43257,73488,5358,7353,28995,39712,697,963,9762,13940,511913,682479,45595,77233,12033,16968,30785,42040,1382,1855,541556,732215,459389,605565,41357,70748,3157,4072,28631,39123,591,806,8431,11901,466977,616171,43260,73795,8910,12279,30223,41160,1188,1599,49627,73233,43725,64427,1900,2740,2201,3281,364,589,106,157,1331,2039,44936,66308,2335,3438,3123,4689,562,880,194,256
R,4,2025,84,1216123,506166,709957,428746,588259,37370,66007,4719,6606,26230,36096,623,812,8478,12177,436367,599071,39453,69454,10482,14847,27820,38159,1204,1639,461764,642075,389562,528469,35674,63324,2798,3709,25894,35557,536,669,7300,10347,396113,537621,37355,66098,7749,10732,27311,37361,1035,1390,44402,67882,39184,59790,1696,2683,1921,2897,336,539,87,143,1178,1830,40254,61450,2098,3356,2733,4115,509,798,169,249
R,4,2025,85,1073298,438572,634726,370161,524952,32708,59457,4099,5927,23735,32658,496,759,7373,10973,376772,534661,34481,62607,9057,13259,25143,34540,1031,1567,399008,572471,335307,470061,31143,56959,2371,3336,23429,32149,394,624,6364,9342,340991,478268,32583,59504,6628,9605,24712,33802,885,1333,39564,62255,34854,54891,1565,2498,1728,2591,306,509,102,135,1009,1631,35781,56393,1898,3103,2429,3654,431,738,146,234
R,4,2025,86,966748,390653,576095,331639,479634,27906,51866,3609,5514,20611,28695,411,658,6477,9728,337472,488319,29517,54574,7917,12119,21890,30277,865,1303,356180,520662,301173,430778,26596,49639,2096,3154,20348,28275,335,531,5632,8285,306231,438125,27897,51839,5836,8795,21504,29667,747,1114,34473,55433,30466,48856,1310,2227,1513,2360,263,420,76,127,845,1443,31241,50194,1620,2735,2081,3324,386,610,118,189
R,4,2025,87,850099,338095,512004,286676,426108,24090,46095,3091,4615,18127,26174,395,569,5716,8443,291819,433602,25557,48528,6905,10160,19215,27688,794,1154,308402,463279,260331,382979,22987,44142,1859,2654,17899,25799,338,473,4988,7232,264822,389349,24188,46161,5195,7404,18873,27137,680,992,29693,48725,26345,43129,1103,1953,1232,1961,228,375,57,96,728,1211,26997,44253,1369,2367,1710,2756,342,551,114,162
R,4,2025,88,724398,282579,441819,239281,367910,19734,39358,2554,4076,15852,22609,310,500,4848,7366,243630,374361,20981,41509,5708,8875,16814,23987,690,1051,257130,398777,216627,329776,18796,37715,1530,2295,15666,22281,271,407,4240,6303,220416,335256,19831,39517,4281,6393,16541,23495,616,894,25449,43042,22654,38134,938,1643,1024,1781,186,328,39,93,608,1063,23214,39105,1150,1992,1427,2482,273,492,74,157
R,4,2025,89,636122,243726,392396,206745,326323,17178,35318,2205,3608,13206,20133,232,407,4160,6607,210485,332181,18264,37284,4828,7896,14097,21324,566,884,222062,354731,187498,292976,16388,33909,1313,2065,13047,19794,187,339,3629,5648,190749,297966,17285,35526,3584,5744,13850,20838,492,755,21664,37665,19247,33347,790,1409,892,1543,159,339,45,68,531,959,19736,34215,979,1758,1244,2152,247,486,74,129
R,4,2025,90,552827,207728,345099,176443,287322,14299,30658,1919,3209,11339,17701,267,378,3461,5831,179543,292457,15205,32331,4096,6956,12057,18841,538,814,189056,312151,159785,258137,13601,29378,1171,1824,11228,17435,233,320,3038,5057,162492,262560,14359,30759,3064,5080,11895,18464,477,719,18672,32948,16658,29185,698,1280,748,1385,111,266,34,58,423,774,17051,29897,846,1572,1032,1876,162,377,61,95
R,4,2025,91,441789,162516,279273,137833,232006,11144,24828,1502,2470,8973,14948,192,312,2872,4709,140409,236100,11874,26190,3302,5518,9620,15886,412,693,147726,252540,124646,208231,10619,23759,907,1476,8862,14735,159,261,2533,4078,126908,211767,11241,24883,2481,4120,9448,15576,352,599,14790,26733,13187,23775,525,1069,595,994,111,213,33,51,339,631,13501,24333,633,1307,821,1398,172,310,60,94
R,4,2025,92,381116,136606,244510,115815,203364,9326,21379,1190,2244,7706,13198,147,286,2422,4039,117977,206895,9942,22578,2688,4810,8260,13987,362,621,124734,221693,105226,183068,8905,20486,745,1366,7610,13004,126,241,2122,3528,107114,186141,9426,21488,2042,3610,8119,13710,322,547,11872,22817,10589,20296,421,893,445,878,96,194,21,45,300,511,10863,20754,516,1090,646,1200,141,277,40,74
R,4,2025,93,319524,112333,207191,96108,173976,7020,16979,974,1800,6120,10740,106,245,2005,3451,97891,176944,7579,18013,2192,3993,6562,11433,274,552,102451,188434,87247,157179,6699,16296,586,1115,6048,10614,91,207,1780,3023,88831,159759,7181,17178,1658,3028,6445,11252,241,489,9882,18757,8861,16797,321,683,388,685,72,126,15,38,225,428,9060,17185,398,835,534,965,117,181,33,63
R,4,2025,94,264960,90208,174752,76949,146326,5640,14148,818,1530,5100,9552,112,198,1589,2998,78379,148907,6078,15031,1769,3443,5485,10163,243,467,82209,158620,69814,131931,5366,13539,499,919,5041,9428,96,168,1393,2635,71064,134181,5741,14286,1322,2598,5387,9978,212,408,7999,16132,7135,14395,274,609,319,611,59,124,16,30,196,363,7315,14726,337,745,447,845,98,185,31,59
R,4,2025,95,212660,70213,142447,59719,119010,4366,11709,672,1171,4148,7968,70,164,1238,2425,60795,121108,4716,12456,1427,2680,4431,8466,197,383,64014,129514,54169,107513,4164,11209,430,714,4102,7850,55,143,1094,2085,55115,109296,4450,11834,1094,2007,4361,8293,171,339,6199,12933,5550,11497,202,500,242,457,46,118,15,21,144,340,5680,11812,266,622,333,673,70,173,26,44
R,4,2025,96,159292,50701,108591,42975,90825,3249,8795,466,873,2995,6075,54,126,962,1897,43824,92446,3544,9396,1048,2025,3222,6486,140,313,46207,99041,38963,82324,3095,8403,291,548,2962,5983,46,112,850,1671,39717,83740,3347,8920,798,1551,3172,6357,123,277,4494,9550,4012,8501,154,392,175,325,33,92,8,14,112,226,4107,8706,197,476,250,474,50,129,17,36
R,4,2025,97,123887,38104,85783,32214,71545,2389,6908,364,770,2305,4941,55,96,777,1523,32887,72844,2617,7380,803,1721,2497,5254,133,240,34820,78558,29288,65122,2279,6618,233,500,2287,4879,50,83,683,1356,29878,66271,2467,7027,616,1356,2466,5160,117,215,3284,7225,2926,6423,110,290,131,270,18,62,5,13,94,167,3009,6573,150,353,187,365,31,94,16,25
R,4,2025,98,90702,26950,63752,22549,52929,1823,5174,246,540,1716,3883,24,83,592,1143,23069,53904,1997,5539,596,1235,1856,4114,78,208,24605,58388,20460,48147,1751,4948,152,366,1696,3840,19,70,527,1017,20922,49015,1897,5268,470,972,1826,4052,66,182,2345,5364,2089,4782,72,226,94,174,20,43,5,13,65,126,2147,4889,100,271,126,263,30,62,12,26
R,4,2025,99,64253,18439,45814,15293,37667,1250,3855,185,433,1288,2886,29,52,394,921,15617,38428,1359,4175,400,974,1409,3096,88,157,16872,42053,13887,34330,1198,3706,129,292,1277,2851,25,44,356,830,14178,35015,1289,3974,319,784,1392,3036,81,135,1567,3761,1406,3337,52,149,56,141,11,35,4,8,38,91,1439,3413,70,201,81,190,17,60,7,22
R,4,2025,100,118727,31354,87373,24698,69714,2471,8054,434,950,2796,6472,67,153,888,2030,25436,71335,2788,8806,909,2097,3045,6957,198,413,28517,80480,22239,63644,2361,7729,317,715,2758,6417,54,134,788,1841,22899,65109,2642,8403,730,1748,2982,6854,164,364,2837,6893,2459,6070,110,325,117,235,38,55,13,19,100,189,2537,6226,146,403,179,349,63,103,34,49
R,5,2025,999,341463417,167579933,173883484,122105048,125073180,22045100,24140709,3563666,3462472,11282367,12302496,474832,476250,8108920,8428377,129560522,132807874,25209214,27472837,6885808,7030026,13831165,14853954,1006540,1006675,132716962,138823717,94565010,97273473,19902943,21959593,1157874,1194980,10810246,11822463,349568,349648,5931321,6223560,100023953,102990028,22147935,24350518,3379228,3641689,12824526,13839561,732325,731663,34862971,35059767,27540038,27799707,2142157,2181116,2405792,2267492,472121,480033,125264,126602,2177599,2204817,29536569,29817846,3061279,3122319,3506580,3388337,1006639,1014393,274215,275012
R,5,2025,0,3616161,1849686,1766475,1205761,1149851,292878,283486,46725,44621,113642,106469,6866,6665,183814,175383,1377920,1313843,382213,369426,98126,93748,178300,167749,17461,16739,1307148,1246294,817594,777203,246225,238667,11651,11332,103045,96255,4639,4456,123994,118381,934362,888550,306138,296604,40336,38598,149938,140694,11171,10516,542538,520181,388167,372648,46653,44819,35074,33289,10597,10214,2227,2209,59820,57002,443558,425293,76075,72822,57790,55150,28362,27055,6290,6223
R,5,2025,1,3643451,1862990,1780461,1210326,1155092,295396,285932,47901,45668,118189,111236,6935,6827,184243,175706,1382846,1319354,384835,371911,99335,94805,183174,172816,17562,16915,1311411,1251430,815586,775810,247941,240483,11593,11266,107423,100885,4690,4551,124178,118435,932491,887176,307776,298282,40218,38423,154647,145615,11246,10625,551579,529031,394740,379282,47455,45449,36308,34402,10766,10351,2245,2276,60065,57271,450355,432178,77059,73629,59117,56382,28527,27201,6316,6290
R,5,2025,2,3734597,1906534,1828063,1235631,1181688,305620,296066,48780,47434,123188,116875,7189,7133,186126,178867,1409897,1348875,395907,383508,100572,97355,189003,179728,17893,17391,1347206,1287715,833937,794245,258093,250193,11977,11618,112242,106314,4763,4613,126194,120732,952710,907732,318780,308979,40991,39220,160431,152140,11420,10799,559328,540348,401694,387443,47527,45873,36803,35816,10946,10561,2426,2520,59932,58135,457187,441143,77127,74529,59581,58135,28572,27588,6473,6592
R,5,2025,3,3802851,1941785,1861066,1259824,1203705,312031,303992,47138,45360,126884,120396,7175,6911,188733,180702,1436531,1372608,403585,392262,99532,95624,193691,184048,18012,17244,1388439,1325745,861302,817830,265206,258580,12399,11752,116335,110113,4794,4531,128403,122939,982137,933373,326886,318348,41868,39811,165497,156904,11577,10845,553346,535321,398522,385875,46825,45412,34739,33608,10549,10283,2381,2380,60330,57763,454394,439235,76699,73914,57664,55813,28194,27144,6435,6399
R,5,2025,4,3699665,1891200,1808465,1224577,1165719,308894,300455,45091,43447,125095,118779,6596,6239,180947,173826,1394004,1328214,396660,385414,95268,91751,189189,179978,16974,16158,1364696,1301204,843621,798631,265413,258507,12376,11976,115362,109242,4596,4241,123328,118607,959679,910113,324615,316168,40649,39056,162643,154385,11106,10322,526504,507261,380956,367088,43481,41948,32715,31471,9733,9537,2000,1998,57619,55219,434325,418101,72045,69246,54619,52695,26546,25593,5868,5836
R,5,2025,5,3846765,1964172,1882593,1288874,1229574,305433,298188,47739,45498,129111,123424,7069,6688,185946,179221,1462993,1397164,395684,385862,98998,95055,195081,186502,17719,16855,1435625,1374562,903628,858699,264359,258832,14487,13949,119597,114146,4915,4714,128639,124222,1024673,975461,326186,319304,43987,42348,168819,161304,11716,11080,528547,508031,385246,370875,41074,39356,33252,31549,9514,9278,2154,1974,57307,54999,438320,421703,69498,66558,55011,52707,26262,25198,6003,5775
R,5,2025,6,3892233,1985339,1906894,1311077,1253481,308038,301238,48276,46644,127694,122626,7205,6945,183049,175960,1482490,1418013,396238,386446,99203,95630,192460,184752,17951,17077,1457673,1396976,923962,878918,267659,262607,15132,14741,118415,113536,5076,4996,127429,122178,1043835,993661,328702,321685,44479,42855,167080,159838,11947,11460,527666,509918,387115,374563,40379,38631,33144,31903,9279,9090,2129,1949,55620,53782,438655,424352,67536,64761,54724,52775,25380,24914,6004,5617
R,5,2025,7,3963799,2023591,1940208,1338178,1277536,315720,308312,49892,47875,130440,125124,7502,6781,181859,174580,1508356,1440617,402759,392564,101238,97050,194779,186613,18347,16910,1488479,1422908,943997,896688,275509,269136,15540,14927,121147,116026,5340,4801,126946,121330,1063305,1010610,336021,327552,45286,43025,169493,162063,12343,11192,535112,517300,394181,380848,40211,39176,34352,32948,9293,9098,2162,1980,54913,53250,445051,430007,66738,65012,55952,54025,25286,24550,6004,5718
R,5,2025,8,4027875,2057173,1970702,1365720,1302243,316172,308638,51482,49632,134901,128680,7594,7129,181304,174380,1534940,1464969,401762,392274,103587,100063,199095,189538,18549,17491,1512678,1443989,963044,913287,275545,269068,16204,15682,125462,119615,5392,5076,127031,121261,1082177,1027028,335221,327205,46477,44748,173961,165084,12474,11675,544495,526713,402676,388956,40627,39570,35278,33950,9439,9065,2202,2053,54273,53119,452763,437941,66541,65069,57110,55315,25134,24454,6075,5816
R,5,2025,9,4097226,2092755,2004471,1400722,1334539,317647,310420,52383,50984,133041,127565,7520,7178,181442,173785,1570245,1496700,402609,392883,105657,101904,196868,188181,18526,17617,1537388,1469666,987833,936833,277264,271112,16475,16182,123629,118549,5348,5122,126839,121868,1106915,1051106,336583,329074,47484,45898,171542,164107,12398,11836,555367,534805,412889,397706,40383,39308,35908,34802,9412,9016,2172,2056,54603,51917,463330,445594,66026,63809,58173,56006,25326,24074,6128,5781
R,5,2025,10,4117510,2103623,2013887,1407153,1341769,321560,312486,52931,51410,135532,128530,7396,7263,179051,172429,1574398,1502601,405180,394258,106248,102781,198072,187967,18030,17429,1550368,1480133,994166,944443,281357,273062,16955,16231,126256,119810,5305,5142,126329,121445,1112719,1058259,340273,330854,48427,46301,173580,164707,12255,11724,553255,533754,412987,397326,40203,39424,35976,35179,9276,8720,2091,2121,52722,50984,461679,444342,64907,63404,57821,56480,24492,23260,5775,5705
R,5,2025,11,4089501,2090549,1998952,1403803,1337377,318793,309746,52989,50888,132695,126156,7471,7170,174798,167615,1567123,1493736,399805,388770,105957,101728,193420,183515,18021,17205,1542366,1470138,993757,942254,279194,270797,16817,16177,123431,117532,5293,5028,123874,118350,1110013,1053215,336582,327004,48296,46191,169589,160794,12212,11588,548183,528814,410046,395123,39599,38949,36172,34711,9264,8624,2178,2142,50924,49265,457110,440521,63223,61766,57661,55537,23831,22721,5809,5617
R,5,2025,12,4111495,2099589,2011906,1409015,1346292,318941,310338,53980,51687,138012,130604,7644,7185,171997,165800,1569357,1500702,398096,387381,107041,103163,197787,187434,18084,17123,1549448,1480446,996406,947278,279485,272159,17106,16326,129004,121985,5406,5074,122041,117624,1110810,1057347,335619,327069,48699,46909,174491,165179,12269,11601,550141,531460,412609,399014,39456,38179,36874,35361,9008,8619,2238,2111,49956,48176,458547,443355,62477,60312,58342,56254,23296,22255,5815,5522
R,5,2025,13,4123460,2108443,2015017,1422434,1355291,320952,310494,55096,52090,133200,126598,7415,7091,169346,163453,1580277,1507551,398465,385799,108430,103563,191301,182231,17784,17005,1552998,1480806,1004460,952467,281461,272785,17108,16433,124181,118129,5245,4939,120543,116053,1117358,1061018,336848,326578,49093,47210,168473,160488,12100,11520,555445,534211,417974,402824,39491,37709,37988,35657,9019,8469,2170,2152,48803,47400,462919,446533,61617,59221,59337,56353,22828,21743,5684,5485
R,5,2025,14,4183792,2139931,2043861,1448185,1377619,327597,316598,55528,53680,131618,125060,7478,7365,169525,163539,1606163,1529794,404422,391572,110124,106485,189317,180273,17758,17272,1570896,1495788,1017281,963629,287878,278123,17184,16657,122632,116428,5334,5103,120587,115848,1130185,1071843,342776,331589,49981,48246,166549,158336,12206,11572,569035,548073,430904,413990,39719,38475,38344,37023,8986,8632,2144,2262,48938,47691,475978,457951,61646,59983,60143,58239,22768,21937,5552,5700
R,5,2025,15,4283492,2190975,2092517,1488857,1415766,334984,323689,55566,53045,131769,126345,7456,7215,172343,166457,1649513,1570786,413443,400621,111120,106612,189796,181701,17866,17285,1600948,1527685,1034931,981416,295614,285724,17384,17016,123236,118092,5193,4889,124590,120548,1151571,1094148,352621,341701,51453,50115,168157,160929,12247,11690,590027,564832,453926,434350,39370,37965,38182,36029,8533,8253,2263,2326,47753,45909,497942,476638,60822,58920,59667,56497,21639,20772,5619,5595
R,5,2025,16,4375124,2239114,2136010,1527562,1449460,342039,330253,56907,54651,132937,127372,7456,7303,172213,166971,1687696,1604914,420142,407002,113465,109318,190249,182096,18104,17449,1631568,1556545,1057605,1001701,301886,292231,17937,17503,124304,119065,5099,4895,124737,121150,1174064,1114919,359077,348551,52833,51422,168736,161451,12292,11822,607546,579465,469957,447759,40153,38022,38970,37148,8633,8307,2357,2408,47476,45821,513632,489995,61065,58451,60632,57896,21513,20645,5812,5627
R,5,2025,17,4500926,2303037,2197889,1573354,1494345,349488,337409,59790,56649,138945,132860,7631,7295,173829,169331,1734946,1651600,427770,414739,118085,113583,196347,188189,18455,17571,1675361,1599470,1086149,1030725,308621,298891,18682,17796,130165,124338,5145,4970,126599,122750,1204259,1145249,366072,355626,55025,53122,175005,167057,12534,11920,627676,598419,487205,463620,40867,38518,41108,38853,8780,8522,2486,2325,47230,46581,530687,506351,61698,59113,63060,60461,21342,21132,5921,5651
R,5,2025,18,4516468,2314650,2201818,1587197,1502647,348313,334994,61903,57183,139527,133801,7689,7440,170021,165753,1745104,1656466,423981,409583,120108,113815,195478,187795,18239,17614,1679929,1602377,1095272,1036477,307242,296647,18491,17889,130647,125472,5111,5056,123166,120836,1210127,1149141,362350,351664,54567,53305,174240,167486,12320,11954,634721,599441,491925,466170,41071,38347,43412,39294,8880,8329,2578,2384,46855,44917,534977,507325,61631,57919,65541,60510,21238,20309,5919,5660
R,5,2025,19,4464363,2289753,2174610,1577225,1487800,337139,326948,61334,56566,142504,137729,7689,7329,163862,158238,1729383,1634635,408775,396863,118766,111509,196200,189579,17670,17005,1664191,1586593,1090561,1028932,297729,289656,18040,17526,133827,129748,5213,5037,118821,115694,1201365,1136730,349853,341407,53917,52130,175856,170234,12041,11706,625562,588017,486664,458868,39410,37292,43294,39040,8677,7981,2476,2292,45041,42544,528018,497905,58922,55456,64849,59379,20344,19345,5629,5299
R,5,2025,20,4475006,2296559,2178447,1584550,1493731,334989,322548,61767,56361,148223,144666,7808,7289,159222,153852,1732203,1636260,403113,389818,118617,111107,201000,194835,17626,16721,1672910,1594446,1097821,1036664,296219,285918,18180,17288,139779,136852,5324,5106,115587,112618,1205369,1141335,345697,335485,53870,51952,181212,176396,12088,11643,623649,584001,486729,457067,38770,36630,43587,39073,8444,7814,2484,2183,43635,41234,526834,494925,57416,54333,64747,59155,19788,18439,5538,5078
R,5,2025,21,4512320,2315866,2196454,1604064,1510906,334367,323454,61788,55599,151780,148439,7961,7296,155906,150760,1748546,1650832,400153,388259,118702,110373,202890,197251,17667,16439,1696044,1615801,1118931,1055110,296373,287326,18089,17216,143586,140790,5428,5126,113637,110233,1224655,1157749,344428,334928,54104,52069,183867,179227,12105,11488,619822,580653,485133,455796,37994,36128,43699,38383,8194,7649,2533,2170,42269,40527,523891,493083,55725,53331,64598,58304,19023,18024,5562,4951
R,5,2025,22,4483914,2300515,2183399,1591193,1500265,334174,323619,61639,55280,156556,152235,7804,7153,149149,144847,1729361,1634214,396408,385174,117122,108875,205334,199223,17041,15995,1686326,1607538,1109622,1047718,295933,287760,17819,16748,148760,144484,5470,5017,108722,105811,1210596,1145908,341466,333119,53021,50872,187129,181379,11891,11195,614189,575861,481571,452547,38241,35859,43820,38532,7796,7751,2334,2136,40427,39036,518765,488306,54942,52055,64101,58003,18205,17844,5150,4800
R,5,2025,23,4614147,2346154,2267993,1615209,1551763,348789,346626,60558,55684,171117,165870,7763,7687,142718,140363,1746889,1681004,408078,406594,114025,107285,217726,211514,17014,16752,1730306,1685476,1130499,1092862,309774,309307,17521,17191,163213,158017,5482,5440,103817,102659,1226509,1187634,353019,353381,51282,50076,199935,194017,11990,11850,615848,582517,484710,458901,39015,37319,43037,38493,7904,7853,2281,2247,38901,37704,520380,493370,55059,53213,62743,57209,17791,17497,5024,4902
R,5,2025,24,4914069,2487712,2426357,1709214,1661692,372138,370800,61475,56494,196844,190841,8519,8439,139522,138091,1837218,1788378,430054,429883,112879,105915,243229,236751,18158,17794,1859266,1828526,1213795,1188166,331271,332182,18099,17891,188454,182626,6209,6024,101438,101637,1307056,1281555,373274,375739,50616,49410,225078,219339,13016,12772,628446,597831,495419,473526,40867,38618,43376,38603,8390,8215,2310,2415,38084,36454,530162,506823,56780,54144,62263,56505,18151,17412,5142,5022
R,5,2025,25,4873810,2470384,2403426,1708709,1651006,363384,365017,60448,54683,196319,191446,8618,8275,132906,132999,1830587,1773120,417970,421695,110365,102540,240179,235623,17544,17000,1853848,1819131,1220357,1187286,324231,327264,17891,17080,188080,183384,6357,5812,96932,98305,1309424,1277751,363935,369334,49365,47638,223090,218800,12741,11970,616536,584295,488352,463720,39153,37753,42557,37603,8239,8062,2261,2463,35974,34694,521163,495369,54035,52361,61000,54902,17089,16823,4803,5030
R,5,2025,26,4750009,2406789,2343220,1673547,1615083,347660,350107,58264,52800,191093,189289,8434,8180,127791,127761,1790638,1732353,399398,404079,106724,99531,233246,231333,17273,16657,1809887,1775567,1200461,1163855,310001,313721,17057,16329,182955,181173,6142,5841,93271,94648,1286062,1250933,347718,353712,47793,46531,216563,214924,12466,11892,596902,567653,473086,451228,37659,36386,41207,36471,8138,8116,2292,2339,34520,33113,504576,481420,51680,50367,58931,53000,16683,16409,4807,4765
R,5,2025,27,4597016,2328803,2268213,1618747,1557543,334410,336059,56482,51221,189904,192964,8096,7867,121164,122559,1729829,1669903,383019,387377,102842,96556,229749,233153,16320,15760,1752242,1721833,1161252,1122531,298462,301831,16050,15468,182040,185124,5928,5624,88510,91255,1242429,1206375,333822,340112,45390,44634,214081,217822,11870,11378,576561,546380,457495,435012,35948,34228,40432,35753,7864,7840,2168,2243,32654,31304,487400,463528,49197,47265,57452,51922,15668,15331,4450,4382
R,5,2025,28,4506426,2280414,2226012,1588039,1525675,323331,326836,55774,50082,188754,196579,7738,7368,116778,119472,1694765,1635254,369428,376011,101225,95290,227311,235466,15687,15095,1711622,1688235,1136775,1097979,287732,293242,15450,14799,181229,188984,5615,5375,84821,87856,1214498,1178663,320832,329493,43907,43482,212263,220390,11341,10907,568792,537777,451264,427696,35599,33594,40324,35283,7525,7595,2123,1993,31957,31616,480267,456591,48596,46518,57318,51808,15048,15076,4346,4188
R,5,2025,29,4515715,2280883,2234832,1592039,1533397,320903,327355,56273,50082,189556,199570,7696,7385,114416,117043,1696663,1640494,365572,374898,101203,95428,227111,237417,15721,15136,1715249,1698110,1143907,1106681,285474,293518,15361,14589,181854,191710,5585,5503,83068,86109,1220010,1185653,317418,328370,43598,43469,212183,222398,11391,11140,565634,536722,448132,426716,35429,33837,40912,35493,7702,7860,2111,1882,31348,30934,476653,454841,48154,46528,57605,51959,14928,15019,4330,3996
R,5,2025,30,4537994,2285949,2252045,1596989,1542923,324551,336790,56145,50113,188578,199072,7819,7445,111867,115702,1698909,1648517,367773,383519,101084,95397,225161,236371,15729,15308,1725710,1716085,1153278,1116774,289442,302251,15422,14775,180877,191418,5757,5503,80934,85364,1227023,1194764,320259,336424,43612,43938,210443,221831,11512,11254,560239,535960,443711,426149,35109,34539,40723,35338,7701,7654,2062,1942,30933,30338,471886,453753,47514,47095,57472,51459,14718,14540,4217,4054
R,5,2025,31,4568460,2296545,2271915,1605016,1553855,328371,345487,55634,50651,190252,199768,7697,7417,109575,114737,1704630,1658589,369841,391273,100174,96793,226283,236393,15780,15208,1743198,1738722,1165681,1130393,293991,311158,15596,15146,182806,192101,5634,5430,79490,84494,1237952,1207661,323509,344517,43512,44971,212207,221857,11539,11127,553347,533193,439335,423462,34380,34329,40038,35505,7446,7667,2063,1987,30085,30243,466678,450928,46332,46756,56662,51822,14076,14536,4241,4081
R,5,2025,32,4632861,2325070,2307791,1626121,1578178,333638,353442,56620,51677,193775,203121,7818,7514,107098,113859,1723357,1681952,373774,398014,101011,98716,228711,239220,15682,15197,1773084,1774506,1187833,1155136,298943,318845,16043,15572,186473,195492,5823,5420,77969,84041,1258651,1231817,327549,351042,44256,46364,214914,225049,11607,11065,551986,533285,438288,423042,34695,34597,40577,36105,7302,7629,1995,2094,29129,29818,464706,450135,46225,46972,56755,52352,13797,14171,4075,4132
R,5,2025,33,4696745,2352822,2343923,1654235,1609963,333475,357493,56957,51904,194492,204329,7687,7371,105976,112863,1750647,1712779,371797,400613,102247,99869,228785,239854,15496,15016,1803034,1813829,1217344,1189687,299108,322264,16557,16173,187280,196954,5712,5486,77033,83265,1287448,1265663,326138,353284,45439,47694,215319,225963,11524,11125,549788,530094,436891,420276,34367,35229,40400,35731,7212,7375,1975,1885,28943,29598,463199,447116,45659,47329,56808,52175,13466,13891,3972,3891
R,5,2025,34,4794257,2400154,2394103,1691509,1644405,339006,366903,57755,52511,199123,209846,7941,7675,104820,112763,1786367,1747122,376434,408987,103015,101536,233476,245306,15800,15437,1849810,1864697,1254933,1225713,304384,331581,16876,16463,191681,202298,5924,5694,76012,82948,1323796,1301385,330512,361504,45605,48713,219821,231264,11728,11470,550344,529406,436576,418692,34622,35322,40879,36048,7442,7548,2017,1981,28808,29815,462571,445737,45922,47483,57410,52823,13655,14042,4072,3967
R,5,2025,35,4791537,2394352,2397185,1691604,1649325,337719,366195,56407,51991,199077,211641,7746,7572,101799,110461,1783964,1749694,373196,406541,100901,101227,232392,246129,15371,15147,1857569,1876640,1264731,1236901,304194,331428,16764,16562,191966,204532,5794,5639,74120,81578,1331994,1311081,328786,359938,45393,49395,219377,232890,11492,11385,536783,520545,426873,412424,33525,34767,39643,35429,7111,7109,1952,1933,27679,28883,451970,438613,44410,46603,55508,51832,13015,13239,3879,3762
R,5,2025,36,4658176,2322623,2335553,1646678,1611140,320767,351178,54069,50518,196708,210605,7503,7181,96898,104931,1734507,1706432,353908,388760,97014,98016,228509,243455,14784,14341,1811255,1836548,1239771,1214804,289240,318233,16146,16300,189836,203807,5589,5334,70673,78070,1303772,1285691,312180,344898,43808,48319,216090,231084,11146,10784,511368,499005,406907,396336,31527,32945,37923,34218,6872,6798,1914,1847,26225,26861,430735,420741,41728,43862,53206,49697,12419,12371,3638,3557
R,5,2025,37,4583372,2282113,2301259,1629833,1598108,308154,339413,53791,49468,189681,204943,7275,7182,93379,102145,1714521,1690918,339269,375662,95900,96590,219990,236490,14315,14223,1778347,1809539,1228004,1207141,277637,307465,15894,15588,183080,198286,5373,5298,68359,75761,1289950,1276091,299197,333017,43159,47322,208306,224334,10752,10640,503766,491720,401829,390967,30517,31948,37897,33880,6601,6657,1902,1884,25020,26384,424571,414827,40072,42645,52741,49268,11684,12156,3563,3583
R,5,2025,38,4525613,2252844,2272769,1618235,1586585,301204,331580,52448,48959,183853,199391,7234,6965,89870,99289,1699548,1676806,330700,366233,94002,96001,213013,229720,14095,13616,1758663,1788353,1223284,1201063,271441,300590,15454,15255,177454,192814,5385,5117,65645,73514,1282583,1267856,291799,324863,42334,47064,201717,217977,10659,10151,494181,484416,394951,385522,29763,30990,36994,33704,6399,6577,1849,1848,24225,25775,416965,408950,38901,41370,51668,48937,11296,11743,3436,3465
R,5,2025,39,4557814,2268909,2288905,1635585,1604301,299679,330839,52950,49158,183983,200234,7128,6898,89584,97475,1716764,1692818,328504,363842,95073,96322,212798,229713,14066,13655,1773020,1806572,1239081,1219184,270151,300661,15178,15565,177604,193714,5382,5167,65624,72281,1298541,1284835,289793,323642,42846,47775,201606,218129,10629,10295,495889,482333,396504,385117,29528,30178,37772,33593,6379,6520,1746,1731,23960,25194,418223,407983,38711,40200,52227,48547,11192,11584,3437,3360
R,5,2025,40,4503238,2239185,2264053,1620449,1591836,292141,323596,51834,49129,182007,198555,6957,6854,85797,94083,1698074,1677195,318936,354662,93104,95963,209488,226547,13544,13384,1755419,1788186,1232921,1211371,264194,294470,14824,15434,175686,192277,5201,5157,62593,69477,1289507,1274415,282386,315941,41878,47267,198499,215492,10222,10127,483766,475867,387528,380465,27947,29126,37010,33695,6321,6278,1756,1697,23204,24606,408567,402780,36550,38721,51226,48696,10989,11055,3322,3257
R,5,2025,41,4403458,2185164,2218294,1583757,1560251,282742,316568,51060,47769,178118,195222,6760,6770,82727,91714,1658317,1643213,308324,346394,91699,94492,204282,222200,13296,13284,1713381,1751485,1205793,1185655,255332,288519,14659,14983,172105,189174,5081,5040,60411,68114,1260118,1247238,272781,309230,41415,47189,193776,211483,10107,10040,471783,466809,377964,374596,27410,28049,36401,32786,6013,6048,1679,1730,22316,23600,398199,395975,35543,37164,50284,47303,10506,10717,3189,3244
R,5,2025,42,4447454,2199796,2247658,1599088,1585964,285110,319571,51595,49003,174651,194703,6521,6630,82831,91787,1673997,1668893,310489,349008,93232,96918,199894,221099,12948,13083,1727906,1773058,1220306,1204434,258073,291444,15025,15423,168907,188695,4826,4959,60769,68103,1275176,1265928,275482,311895,42786,48601,189867,210452,9737,9885,471890,474600,378782,381530,27037,28127,36570,33580,5744,6008,1695,1671,22062,23684,398821,402965,35007,37113,50446,48317,10027,10647,3211,3198
R,5,2025,43,4381966,2162626,2219340,1578205,1569726,279251,314974,50382,47976,168835,190576,6423,6532,79530,89556,1649893,1650575,303551,343848,90878,95333,192838,215826,12630,12810,1699897,1751190,1206574,1193283,252819,287192,14426,14757,163078,184635,4781,4803,58219,66520,1258904,1253393,269543,307247,41440,47598,182944,205460,9585,9598,462729,468150,371631,376443,26432,27782,35956,33219,5757,5941,1642,1729,21311,23036,390989,397182,34008,36601,49438,47735,9894,10366,3045,3212
R,5,2025,44,4373587,2159507,2214080,1579317,1569268,281995,317982,50691,48104,162097,184374,6465,6339,78942,88013,1650494,1648855,305920,346251,91599,95287,185377,208606,12528,12368,1696965,1746626,1207211,1192743,256187,290402,14689,14963,156395,178435,4715,4737,57768,65346,1259177,1251823,272611,310156,42046,47805,175639,198396,9362,9278,462542,467454,372106,376525,25808,27580,36002,33141,5702,5939,1750,1602,21174,22667,391317,397032,33309,36095,49553,47482,9738,10210,3166,3090
R,5,2025,45,4317300,2130713,2186587,1558324,1547772,281808,317010,49442,47566,158175,181323,6425,6525,76539,86391,1627269,1625634,304943,344713,89690,94214,180289,204945,12262,12580,1675148,1725392,1190409,1176386,256837,289833,14353,14876,152641,175594,4813,4760,56095,63943,1240807,1233975,272605,308986,41447,47372,171006,195017,9373,9372,455565,461195,367915,371386,24971,27177,35089,32690,5534,5729,1612,1765,20444,22448,386462,391659,32338,35727,48243,46842,9283,9928,2889,3208
R,5,2025,46,4111189,2024833,2086356,1482943,1478871,266248,300549,47166,45141,150293,174305,6025,5915,72158,81575,1547925,1552382,287724,326541,85691,89425,170950,196469,11422,11481,1594960,1647929,1135668,1124983,242962,275135,13615,13893,145164,168851,4488,4311,53063,60756,1183413,1179714,257672,293080,39757,45050,162268,187185,8634,8555,429873,438427,347275,353888,23286,25414,33551,31248,5129,5454,1537,1604,19095,20819,364512,372668,30052,33461,45934,44375,8682,9284,2788,2926
R,5,2025,47,4035636,1983147,2052489,1460822,1463982,255804,290209,45786,44694,145157,168532,5645,5833,69933,79239,1523958,1535431,276373,314820,83464,88290,165190,190154,10693,11183,1560869,1618414,1117890,1112212,233712,265659,13350,14109,140225,163210,4227,4273,51465,58951,1164281,1165327,247673,282733,38949,44759,156932,180996,8091,8420,422278,434075,342932,351770,22092,24550,32436,30585,4932,5322,1418,1560,18468,20288,359677,370104,28700,32087,44515,43531,8258,9158,2602,2763
R,5,2025,48,3949506,1938667,2010839,1427975,1432887,248573,284325,44616,43315,144311,168444,5543,5661,67649,76207,1488904,1501567,268228,307846,81652,85957,163339,188977,10578,10761,1526419,1583220,1092159,1084762,227233,260567,13372,13774,139514,163241,4127,4175,50014,56701,1137070,1135778,240611,276816,38775,43714,155441,180252,8013,8090,412248,427619,335816,348125,21340,23758,31244,29541,4797,5203,1416,1486,17635,19506,351834,365789,27617,31030,42877,42243,7898,8725,2565,2671
R,5,2025,49,3863134,1895356,1967778,1394770,1403183,242144,276230,43365,41998,144677,167954,5230,5460,65170,72953,1453436,1468766,260550,298486,79626,83088,162719,187366,9994,10320,1493234,1549849,1066562,1061054,221500,253850,12888,13367,140013,162867,3981,4042,48290,54669,1109956,1110140,234111,269420,37920,42490,155110,179017,7695,7812,402122,417929,328208,342129,20644,22380,30477,28631,4664,5087,1249,1418,16880,18284,343480,358626,26439,29066,41706,40598,7609,8349,2299,2508
R,5,2025,50,3883461,1906534,1976927,1408513,1416674,241200,273600,42359,41812,146207,168376,5089,5226,63166,71239,1465330,1480834,258980,294763,77884,82403,163464,187406,9591,9764,1512228,1565606,1085461,1079162,221291,251995,12924,13476,141659,163519,3847,3893,47046,53561,1127691,1127275,233685,266816,37641,42398,156041,179421,7313,7378,394306,411321,323052,337512,19909,21605,29435,28336,4548,4857,1242,1333,16120,17678,337639,353559,25295,27947,40243,40005,7423,7985,2278,2386
R,5,2025,51,3787681,1855619,1932062,1370432,1383235,235198,268073,40648,40201,143730,166323,4906,5161,60705,69069,1425028,1445365,251924,288407,75100,79733,160388,184788,9227,9629,1478521,1535087,1060402,1056522,216609,247544,12565,13325,139460,161680,3734,3786,45751,52230,1101395,1103425,228335,261808,36980,41778,153493,177125,7085,7248,377098,396975,310030,326713,18589,20529,28083,26876,4270,4643,1172,1375,14954,16839,323633,341940,23589,26599,38120,37955,6895,7663,2142,2381
R,5,2025,52,3873935,1891514,1982421,1397259,1419592,243110,278196,40759,40395,144595,169688,4913,5071,60878,69479,1452013,1481990,259612,298553,75617,80505,161115,187815,9190,9621,1518191,1587145,1090064,1093716,224906,257763,13065,13635,140366,165036,3723,3781,46067,53214,1131309,1141410,236517,272323,37926,42980,154275,180302,7143,7341,373323,395276,307195,325876,18204,20433,27694,26760,4229,4652,1190,1290,14811,16265,320704,340580,23095,26230,37691,37525,6840,7513,2047,2280
R,5,2025,53,4028185,1966661,2061524,1470437,1495258,246665,283743,40055,39915,142871,167048,4854,4969,61779,70591,1526055,1558887,263208,303758,76237,81643,158930,184913,9186,9485,1600509,1672386,1167962,1173791,229147,263945,13445,13862,138674,162423,3656,3724,47625,54641,1210739,1222895,241034,278439,39941,44919,152353,177563,7098,7292,366152,389138,302475,321467,17518,19798,26610,26053,4197,4625,1198,1245,14154,15950,315316,335992,22174,25319,36296,36724,6577,7350,2088,2193
R,5,2025,54,4270383,2087428,2182955,1576700,1600724,259958,298688,40388,40474,141024,165181,5032,5060,64326,72828,1634691,1666324,276918,319212,78818,84389,157185,182824,9507,9716,1718491,1794052,1271803,1279021,242131,278811,13891,14719,136832,160679,3837,3868,49997,56954,1316828,1330160,254331,293809,42490,48100,150586,175575,7417,7610,368937,388903,304897,321703,17827,19877,26497,25755,4192,4502,1195,1192,14329,15874,317863,336164,22587,25403,36328,36289,6599,7249,2090,2106
R,5,2025,55,4178489,2041663,2136826,1550178,1577092,249857,285199,38923,38890,136829,160737,4777,4964,61099,69944,1605232,1640086,265806,304650,75738,81473,151858,177477,9202,9567,1683524,1761432,1253386,1266055,232619,266321,13263,14209,132910,156409,3660,3829,47686,54609,1296231,1315110,244233,280566,40894,46477,145744,170506,7246,7537,358139,375394,296792,311037,17238,18878,25660,24681,3919,4328,1117,1135,13413,15335,309001,324976,21573,24084,34844,34996,6114,6971,1956,2030
R,5,2025,56,4028418,1962183,2066235,1494582,1529831,237057,272844,37055,37195,131951,155829,4435,4840,57103,65696,1546185,1588976,251637,290970,71939,77826,145806,171041,8407,9049,1623502,1710276,1213054,1234418,221045,255107,13061,13969,128337,151843,3418,3675,44587,51264,1253265,1280480,231607,268123,39379,45028,140088,164639,6626,7022,338681,355959,281528,295413,16012,17737,23994,23226,3614,3986,1017,1165,12516,14432,292920,308496,20030,22847,32560,32798,5718,6402,1781,2027
R,5,2025,57,3925007,1907880,2017127,1456639,1494894,234274,272830,35863,35891,122770,146318,4404,4700,53930,62494,1505265,1551125,248087,290223,69218,74756,135406,160434,8128,8794,1579585,1671239,1183371,1207026,218787,255490,12813,13721,119198,142428,3427,3641,41989,48933,1221086,1250973,228706,268133,38065,43515,129869,154237,6457,6948,328295,345888,273268,287868,15487,17340,23050,22170,3572,3890,977,1059,11941,13561,284179,300152,19381,22090,31153,31241,5537,6197,1671,1846
R,5,2025,58,3943477,1911417,2032060,1470423,1519420,233378,274248,34786,35147,115819,137109,4504,4586,52507,61550,1517757,1574890,246713,291105,67728,74117,127783,150338,8149,8531,1593867,1697432,1205074,1240288,218798,257477,12947,13968,112498,133490,3482,3542,41068,48667,1242019,1284059,228448,269928,37951,44264,122616,144607,6471,6708,317550,334628,265349,279132,14580,16771,21839,21179,3321,3619,1022,1044,11439,12883,275738,290831,18265,21177,29777,29853,5167,5731,1678,1823
R,5,2025,59,4029902,1949754,2080148,1497710,1553414,242214,284900,34729,35577,117565,139583,4404,4742,53132,61932,1545327,1608945,255846,301935,68382,75015,129376,152915,8214,8754,1635157,1747598,1234838,1275787,227289,268421,13428,14541,114262,136020,3444,3702,41896,49127,1272274,1319753,237207,280949,39398,45399,124264,147219,6543,6936,314597,332550,262872,277627,14925,16479,21301,21036,3303,3563,960,1040,11236,12805,273053,289192,18639,20986,28984,29616,5112,5696,1671,1818
R,5,2025,60,4195497,2022704,2172793,1569793,1641817,244837,289728,34581,35232,115958,138432,4204,4760,53331,62824,1617844,1698355,257867,306622,68955,76005,127548,151321,7857,8735,1716780,1846247,1313212,1368083,230779,273534,13887,15310,112837,134993,3267,3753,42798,50574,1351674,1413518,240482,286239,40936,47770,122755,145879,6282,7026,305924,326546,256581,273734,14058,16194,20694,19922,3121,3439,937,1007,10533,12250,266170,284837,17385,20383,28019,28235,4793,5442,1575,1709
R,5,2025,61,4252896,2044745,2208151,1594176,1678360,241716,286713,33693,34585,117854,141195,4079,4490,53227,62808,1642121,1734858,254667,303082,68505,75796,129058,154067,7711,8465,1752134,1891610,1348760,1412721,228118,271037,14037,15407,114907,137970,3272,3490,43040,50985,1387413,1458509,237849,283434,41751,48578,124502,148924,6277,6759,292611,316541,245416,265639,13598,15676,19656,19178,2947,3225,807,1000,10187,11823,254708,276349,16818,19648,26754,27218,4556,5143,1434,1706
R,5,2025,62,4235146,2032182,2202964,1590991,1683326,236008,282640,32536,33459,116949,137603,3963,4486,51735,61450,1637622,1738626,248276,298653,66507,74101,127935,149870,7424,8279,1753031,1898871,1356144,1427319,223374,268077,14022,15304,114097,134379,3156,3608,42238,50184,1394132,1472376,232653,280332,41393,48244,123551,144875,6066,6741,279151,304093,234847,256007,12634,14563,18514,18155,2852,3224,807,878,9497,11266,243490,266250,15623,18321,25114,25857,4384,4995,1358,1538
R,5,2025,63,4205212,2011912,2193300,1593508,1695097,228838,276830,30814,32534,104488,124855,3995,4280,50269,59704,1638877,1748922,240578,292164,64184,72435,114964,136544,7269,7875,1748214,1905205,1371270,1452244,217004,263322,13656,15184,101877,121883,3214,3394,41193,49178,1408359,1496485,225944,275154,40598,47825,111018,131926,5976,6375,263698,288095,222238,242853,11834,13508,17158,17350,2611,2972,781,886,9076,10526,230518,252437,14634,17010,23586,24610,3946,4618,1293,1500
R,5,2025,64,4227250,2015660,2211590,1600834,1713905,228442,276864,29952,32071,103017,125637,3818,4189,49597,58924,1645609,1766910,240217,291886,62962,71617,113258,137121,7029,7863,1762023,1930722,1387038,1477006,217018,263875,13511,15214,100594,122755,3085,3364,40777,48508,1423754,1520582,225975,275420,40363,47575,109467,132613,5774,6363,253637,280868,213796,236899,11424,12989,16441,16857,2423,2882,733,825,8820,10416,221855,246328,14242,16466,22599,24042,3791,4508,1255,1500
R,5,2025,65,4149068,1971609,2177459,1566942,1687313,222581,273062,28754,31057,102247,125389,3584,4010,47501,56628,1609719,1738183,233629,287671,60396,69003,112179,136422,6690,7383,1730115,1908486,1363176,1460571,211678,260340,13136,14845,99898,122649,2913,3244,39314,46837,1398491,1502529,220198,271743,38961,46049,108611,132114,5511,6054,241494,268973,203766,226742,10903,12722,15618,16212,2349,2740,671,766,8187,9791,211228,235654,13431,15928,21435,22954,3568,4308,1179,1329
R,5,2025,66,4052296,1917198,2135098,1530897,1662035,213113,263983,26835,29435,97785,121793,3430,3763,45138,54089,1571541,1710768,223648,277751,57177,65949,106965,132132,6260,6977,1693657,1883091,1342179,1449043,202969,252403,12547,14404,95626,119251,2797,3102,37539,44888,1375914,1489368,211168,263173,37444,44547,103696,128186,5175,5740,223541,252007,188718,212992,10144,11580,14288,15031,2159,2542,633,661,7599,9201,195627,221400,12480,14578,19733,21402,3269,3946,1085,1237
R,5,2025,67,4017740,1893486,2124254,1518720,1662712,205599,256836,25514,27986,97022,120778,3194,3525,43437,52417,1557853,1709857,215576,270218,54736,63724,105924,130587,5906,6531,1682313,1881880,1339889,1457215,196146,245811,12245,13942,95022,118316,2642,2868,36369,43728,1372550,1496456,203973,256368,36478,43594,102855,126841,4958,5380,211173,242374,178831,205497,9453,11025,13269,14044,2000,2462,552,657,7068,8689,185303,213401,11603,13850,18258,20130,3069,3746,948,1151
R,5,2025,68,3903375,1830905,2072470,1473287,1625999,195956,249318,24372,26531,93027,117779,3103,3412,41160,49431,1510418,1670462,205405,261799,52247,60423,101300,126859,5674,6289,1631704,1840892,1304501,1429210,187123,238687,11746,13351,91163,115521,2583,2803,34588,41320,1335640,1466265,194576,248568,34935,41553,98478,123379,4756,5230,199201,231578,168786,196789,8833,10631,12626,13180,1864,2258,520,609,6572,8111,174778,204197,10829,13231,17312,18870,2822,3480,918,1059
R,5,2025,69,3768984,1761605,2007379,1421512,1577758,185205,238342,22854,25284,90708,115797,2821,3280,38505,46918,1456254,1619923,194055,250213,48795,57358,98413,124615,5289,6044,1573248,1787066,1261728,1390266,176835,228205,10986,12971,88920,113569,2335,2698,32444,39357,1290935,1425540,183824,237565,32612,39764,95739,121269,4438,5046,188357,220313,159784,187492,8370,10137,11868,12313,1788,2228,486,582,6061,7561,165319,194383,10231,12648,16183,17594,2674,3346,851,998
R,5,2025,70,3667814,1708116,1959698,1384314,1548343,175398,227425,21441,23917,88120,112586,2739,3165,36104,44262,1416772,1587902,183791,238774,45863,54114,95307,120912,5082,5856,1531348,1750412,1234287,1369963,167474,218054,10536,12104,86467,110581,2273,2607,30311,37103,1261480,1402988,174073,227021,30828,37279,92827,117864,4281,4911,176768,209286,150027,178380,7924,9371,10905,11813,1653,2005,466,558,5793,7159,155292,184914,9718,11753,15035,16835,2480,3048,801,945
R,5,2025,71,3486822,1613091,1873731,1318230,1491718,159534,212194,19284,21865,80997,103989,2438,2875,32608,41090,1347587,1528589,167152,222760,41560,50079,87300,111420,4474,5340,1452973,1679777,1181681,1325813,152468,203544,9701,11454,79533,102105,2028,2375,27562,34486,1206434,1356662,158473,211871,28394,35100,85138,108567,3792,4481,160118,193954,136549,165905,7066,8650,9583,10411,1464,1884,410,500,5046,6604,141153,171927,8679,10889,13166,14979,2162,2853,682,859
R,5,2025,72,3345597,1542164,1803433,1266913,1442582,147421,199074,17656,20361,77562,100239,2285,2680,30327,38497,1294185,1477190,154505,208820,38304,46769,83528,107175,4243,5017,1394446,1621646,1140470,1286564,140888,191035,9099,10867,76283,98581,1923,2230,25783,32369,1163586,1315541,146558,198797,26507,32966,81608,104663,3602,4252,147718,181787,126443,156018,6533,8039,8557,9494,1279,1658,362,450,4544,6128,130599,161649,7947,10023,11797,13803,1920,2512,641,765
R,5,2025,73,3182331,1461695,1720636,1208658,1384816,136495,187215,16078,18790,70134,91719,2087,2454,28243,35642,1234117,1416752,143006,196416,35602,43485,75412,97932,3898,4599,1325542,1552062,1091652,1239709,130659,179814,8472,10162,68909,90234,1772,2024,24078,30119,1113272,1266591,135904,187094,24988,31077,73630,95668,3331,3883,136153,168574,117006,145107,5836,7401,7606,8628,1225,1485,315,430,4165,5523,120845,150161,7102,9322,10614,12408,1782,2264,567,716
R,5,2025,74,3008024,1373076,1634948,1133208,1309879,128880,181408,15135,17817,67656,90123,1918,2345,26279,33376,1156791,1339838,135057,190167,33301,41009,72526,95760,3587,4346,1243991,1473054,1022228,1170449,123295,174428,7880,9501,66570,88698,1645,1953,22373,28025,1042214,1195502,128259,181383,23276,28995,70880,93568,3096,3659,129085,161894,110980,139430,5585,6980,7255,8316,1086,1425,273,392,3906,5351,114577,144336,6798,8784,10025,12014,1646,2192,491,687
R,5,2025,75,2874792,1306191,1568601,1079870,1259762,119395,169815,14084,16334,66723,89267,1818,2085,24301,31338,1101764,1287753,125124,178080,30736,37916,71255,94712,3421,4027,1187263,1416354,977426,1128142,114334,163214,7541,8882,65643,87859,1546,1754,20773,26503,996090,1151712,118936,169845,21691,27138,69678,92602,2975,3438,118928,152247,102444,131620,5061,6601,6543,7452,1080,1408,272,331,3528,4835,105674,136041,6188,8235,9045,10778,1577,2110,446,589
R,5,2025,76,2749574,1242628,1506946,1036185,1222839,107985,155755,12928,15037,61074,81691,1712,2038,22744,29586,1056626,1249335,113187,163475,28764,35648,65252,86614,3250,3881,1134368,1366473,942541,1101072,103599,149863,7075,8306,60111,80386,1430,1729,19612,25117,960109,1123488,107809,156068,20684,25814,63860,84702,2791,3322,108260,140473,93644,121767,4386,5892,5853,6731,963,1305,282,309,3132,4469,96517,125847,5378,7407,8080,9834,1392,1912,459,559
R,5,2025,77,2694042,1214569,1479473,1025870,1216586,97689,143539,11857,13941,56231,75199,1520,1858,21402,28350,1045231,1242019,102536,150878,26783,33754,60058,79871,2883,3543,1113004,1346968,937693,1101501,93640,137936,6618,7802,55359,74025,1295,1565,18399,24139,954296,1123084,97614,143878,19362,24631,58781,78134,2520,3065,101565,132505,88177,115085,4049,5603,5239,6139,872,1174,225,293,3003,4211,90935,118935,4922,7000,7421,9123,1277,1737,363,478
R,5,2025,78,2629082,1180488,1448594,1008874,1207564,87715,130028,10981,13318,51173,69113,1383,1585,20362,26986,1027356,1231979,92159,136807,25391,32384,54657,73405,2683,3218,1087764,1324796,928074,1099869,84072,124882,6267,7572,50449,68029,1186,1337,17716,23107,944142,1120706,87705,130361,18795,23957,53563,71775,2353,2767,92724,123798,80800,107695,3643,5146,4714,5746,724,1084,197,248,2646,3879,83214,111273,4454,6446,6596,8427,1094,1630,330,451
R,5,2025,79,1919223,850979,1068244,715339,874473,68184,104480,8388,10749,42987,57132,1167,1495,14914,19915,728776,892288,71695,109800,18544,24219,45756,60639,2268,2857,772644,960608,646983,780803,65067,99902,4592,5760,42310,56157,984,1259,12708,16727,658409,795687,67854,104135,13213,17082,44748,59218,1960,2454,78335,107636,68356,93670,3117,4578,3796,4989,677,975,183,236,2206,3188,70367,96601,3841,5665,5331,7137,1008,1421,308,403
R,5,2025,80,1828189,801979,1026210,677459,844086,62503,98809,7665,9971,39457,53330,1029,1303,13866,18711,689959,860760,65753,103921,17094,22682,42059,56490,2070,2597,731620,927938,615907,758149,59752,94834,4246,5512,38903,52486,886,1079,11926,15878,626618,772245,62382,98952,12315,16301,41222,55262,1818,2210,70359,98272,61552,85937,2751,3975,3419,4459,554,844,143,224,1940,2833,63341,88515,3371,4969,4779,6381,837,1228,252,387
R,5,2025,81,1742870,757440,985430,644764,819608,56348,90148,7138,9190,35629,47653,879,1169,12682,17662,656187,835351,59427,94956,15912,21355,37829,50511,1788,2404,693681,894188,588891,739626,53898,86534,4076,5106,35144,46885,750,987,10922,15050,598705,752987,56391,90450,11640,15495,37104,49372,1539,2075,63759,91242,55873,79982,2450,3614,3062,4084,485,768,129,182,1760,2612,57482,82364,3036,4506,4272,5860,725,1139,249,329
R,5,2025,82,1686010,724442,961568,621263,806290,51701,85728,6236,8465,32698,43601,772,1052,11772,16432,631869,821008,54470,90201,14293,19864,34834,46197,1637,2130,666932,876440,570730,731820,49444,82177,3617,4659,32226,42924,671,869,10244,13991,579948,744293,51714,85768,10632,14439,34131,45165,1437,1826,57510,85128,50533,74470,2257,3551,2619,3806,472,677,101,183,1528,2441,51921,76715,2756,4433,3661,5425,703,1032,200,304
R,5,2025,83,1403775,594433,809342,505785,673218,43466,73624,5377,7416,29259,40134,693,971,9853,13979,514660,685739,45811,77364,12130,17071,31063,42470,1384,1864,544487,735571,461768,608348,41548,70850,3172,4099,28894,39538,589,810,8516,11926,469423,618972,43465,73887,8994,12342,30506,41579,1193,1604,49946,73771,44017,64870,1918,2774,2205,3317,365,596,104,161,1337,2053,45237,66767,2346,3477,3136,4729,557,891,191,260
R,5,2025,84,1221968,508619,713349,430846,590892,37547,66390,4748,6651,26297,36262,629,810,8552,12344,438543,601864,39651,69863,10560,15028,27898,38357,1216,1654,464061,645238,391545,530903,35842,63721,2819,3734,25961,35723,542,671,7352,10486,398145,540188,37535,66518,7803,10865,27390,37555,1048,1409,44558,68111,39301,59989,1705,2669,1929,2917,336,539,87,139,1200,1858,40398,61676,2116,3345,2757,4163,508,802,168,245
R,5,2025,85,1078823,441060,637763,372117,527325,32894,59776,4182,5981,23907,32884,507,766,7453,11031,378794,537089,34706,62926,9198,13380,25329,34766,1046,1559,401260,575192,337070,472175,31335,57261,2422,3362,23596,32375,403,627,6434,9392,342817,480426,32808,59814,6726,9682,24886,34027,893,1323,39800,62571,35047,55150,1559,2515,1760,2619,311,509,104,139,1019,1639,35977,56663,1898,3112,2472,3698,443,739,153,236
R,5,2025,86,967197,391137,576060,331844,479437,27999,51846,3627,5479,20756,28858,415,665,6496,9775,337687,488151,29601,54578,7952,12094,22040,30459,878,1327,356398,520383,301159,430313,26665,49620,2092,3144,20495,28430,340,542,5647,8334,306224,437696,27960,51842,5847,8800,21652,29838,761,1139,34739,55677,30685,49124,1334,2226,1535,2335,261,428,75,123,849,1441,31463,50455,1641,2736,2105,3294,388,621,117,188
R,5,2025,87,854354,339664,514690,288064,428261,24115,46342,3091,4703,18226,26266,393,568,5775,8550,293255,435854,25579,48806,6949,10324,19325,27791,796,1158,309739,465582,261487,384824,23005,44374,1877,2705,17997,25892,335,467,5038,7320,266015,391278,24200,46418,5253,7519,18982,27237,682,991,29925,49108,26577,43437,1110,1968,1214,1998,229,374,58,101,737,1230,27240,44576,1379,2388,1696,2805,343,554,114,167
R,5,2025,88,727237,283825,443412,240217,368983,19918,39622,2590,4089,15883,22755,315,511,4902,7452,244624,375522,21181,41794,5790,8939,16852,24152,695,1067,258247,400214,217482,330740,18971,37951,1545,2311,15693,22420,274,416,4282,6376,221319,336292,20011,39768,4337,6449,16572,23653,616,908,25578,43198,22735,38243,947,1671,1045,1778,190,335,41,95,620,1076,23305,39230,1170,2026,1453,2490,280,499,79,159
R,5,2025,89,636988,244303,392685,207060,326413,17250,35389,2225,3632,13320,20228,235,410,4213,6613,210845,332269,18353,37355,4883,7940,14215,21426,572,882,222506,354861,187691,292917,16453,33977,1329,2080,13159,19891,192,343,3682,5653,190987,297903,17367,35594,3635,5776,13968,20942,500,755,21797,37824,19369,33496,797,1412,896,1552,161,337,43,67,531,960,19858,34366,986,1761,1248,2164,247,484,72,127
R,5,2025,90,554216,208083,346133,176638,288109,14338,30737,1927,3235,11416,17804,265,379,3499,5869,179770,293272,15261,32409,4121,7022,12147,18928,540,821,189290,312887,159870,258659,13637,29453,1184,1840,11300,17533,229,320,3070,5082,162605,263101,14411,30833,3094,5130,11974,18544,474,721,18793,33246,16768,29450,701,1284,743,1395,116,271,36,59,429,787,17165,30171,850,1576,1027,1892,173,384,66,100
R,5,2025,91,443122,163101,280021,138200,232520,11224,24942,1513,2498,9096,14975,196,311,2872,4775,140770,236686,11954,26339,3319,5568,9741,15938,415,689,148227,253190,124939,208667,10700,23869,912,1486,8987,14761,162,262,2527,4145,127190,212275,11320,25021,2482,4154,9571,15625,355,598,14874,26831,13261,23853,524,1073,601,1012,109,214,34,49,345,630,13580,24411,634,1318,837,1414,170,313,60,91
R,5,2025,92,382459,137475,244984,116574,203742,9349,21335,1214,2246,7735,13307,147,285,2456,4069,118779,207295,9979,22528,2728,4834,8292,14110,356,629,125501,222088,105897,183352,8921,20448,761,1375,7639,13115,126,242,2157,3556,107829,186448,9454,21446,2081,3636,8148,13836,315,555,11974,22896,10677,20390,428,887,453,871,96,192,21,43,299,513,10950,20847,525,1082,647,1198,144,274,41,74
R,5,2025,93,319675,112301,207374,95894,173767,7099,17162,990,1839,6171,10864,110,248,2037,3494,97704,176783,7656,18219,2231,4054,6626,11559,287,555,102376,188451,87003,156844,6773,16464,594,1138,6099,10728,95,209,1812,3068,88614,159472,7261,17367,1684,3077,6513,11366,255,489,9925,18923,8891,16923,326,698,396,701,72,136,15,39,225,426,9090,17311,395,852,547,977,113,193,32,66
R,5,2025,94,264370,90123,174247,76863,145859,5647,14162,813,1528,5101,9497,111,198,1588,3003,78289,148438,6082,15055,1769,3443,5483,10104,245,470,82092,158122,69691,131476,5373,13548,498,920,5041,9379,95,169,1394,2630,70941,133715,5742,14304,1330,2594,5382,9928,212,413,8031,16125,7172,14383,274,614,315,608,60,118,16,29,194,373,7348,14723,340,751,439,849,101,176,33,57
R,5,2025,95,213285,70472,142813,59841,119202,4404,11741,685,1204,4207,8038,73,166,1262,2462,60941,121333,4756,12487,1448,2747,4499,8546,201,386,64225,129775,54251,107598,4199,11241,433,738,4163,7921,60,145,1119,2132,55224,109423,4495,11863,1105,2073,4432,8374,174,346,6247,13038,5590,11604,205,500,252,466,44,117,13,21,143,330,5717,11910,261,624,343,674,67,172,27,40
R,5,2025,96,160085,51171,108914,43337,90977,3277,8864,479,871,3050,6153,56,127,972,1922,44192,92623,3572,9472,1075,2046,3274,6558,148,313,46618,99290,39274,82414,3123,8470,301,548,3015,6060,47,112,858,1686,40032,83844,3371,8999,823,1562,3221,6428,129,276,4553,9624,4063,8563,154,394,178,323,35,93,9,15,114,236,4160,8779,201,473,252,484,53,130,19,37
R,5,2025,97,124189,38260,85929,32341,71651,2401,6908,370,775,2314,4970,54,96,780,1529,33017,72949,2632,7384,811,1729,2509,5291,129,241,34928,78634,29372,65161,2286,6614,239,498,2297,4907,48,82,686,1372,29965,66317,2479,7030,624,1361,2479,5200,113,217,3332,7295,2969,6490,115,294,131,277,17,63,6,14,94,157,3052,6632,153,354,187,368,30,91,16,24
R,5,2025,98,91268,27117,64151,22697,53244,1809,5224,251,557,1726,3888,24,82,610,1156,23236,54230,1991,5590,608,1257,1869,4129,78,210,24779,58808,20609,48482,1739,5000,161,378,1708,3844,20,70,542,1034,21087,49363,1892,5321,481,995,1841,4066,68,185,2338,5343,2088,4762,70,224,90,179,18,44,4,12,68,122,2149,4867,99,269,127,262,28,63,10,25
R,5,2025,99,64275,18514,45761,15333,37580,1267,3867,184,432,1297,2897,31,57,402,928,15667,38351,1376,4184,412,979,1416,3106,89,161,16916,41947,13902,34183,1213,3720,129,295,1284,2864,26,48,362,837,14200,34874,1303,3990,332,789,1397,3050,80,141,1598,3814,1431,3397,54,147,55,137,13,33,5,9,40,91,1467,3477,73,194,80,190,19,56,9,20
R,5,2025,100,118876,31415,87461,24676,69620,2482,8086,447,967,2836,6558,67,152,907,2078,25426,71284,2804,8855,932,2146,3093,7046,202,417,28538,80472,22180,63476,2373,7754,325,729,2799,6500,54,133,807,1880,22852,64977,2659,8440,747,1788,3031,6938,170,361,2877,6989,2496,6144,109,332,122,238,37,58,13,19,100,198,2574,6307,145,415,185,358,62,108,32,56
R,6,2025,999,341621600,167657043,173964557,122124037,125095093,22059916,24156594,3568877,3467383,11303902,12324850,475578,477031,8124733,8443606,129594340,132844022,25231876,27496314,6894728,7038549,13858830,14882104,1008179,1008327,132738462,138848978,94544972,97255480,19912694,21970561,1158319,1195587,10830734,11843761,350100,350167,5941643,6233422,100013638,102981313,22162584,24366179,3381435,3644010,12849631,13865254,733425,732715,34918581,35115579,27579065,27839613,2147222,2186033,2410558,2271796,473168,481089,125478,126864,2183090,2210184,29580702,29862709,3069292,3130135,3513293,3394539,1009199,1016850,274754,275612
R,6,2025,0,3617510,1850404,1767106,1206319,1150374,292979,283560,46738,44608,113609,106465,6872,6666,183887,175433,1378548,1314412,382352,369529,98155,93750,178291,167760,17473,16741,1307815,1246888,818117,777695,246318,238727,11657,11341,103018,96250,4643,4458,124062,118417,934949,889078,306267,296684,40357,38613,149934,140700,11178,10517,542589,520218,388202,372679,46661,44833,35081,33267,10591,10215,2229,2208,59825,57016,443599,425334,76085,72845,57798,55137,28357,27060,6295,6224
R,6,2025,1,3643035,1862774,1780261,1210446,1155173,295236,285805,47829,45624,118063,111101,6937,6827,184263,175731,1382989,1319463,384689,371797,99272,94768,183050,172686,17563,16914,1311605,1251650,815997,776201,247820,240395,11596,11267,107299,100759,4694,4555,124199,118473,932924,887605,307673,298215,40229,38437,154522,145492,11249,10630,551169,528611,394449,378972,47416,45410,36233,34357,10764,10342,2243,2272,60064,57258,450065,431858,77016,73582,59043,56331,28528,27194,6314,6284
R,6,2025,2,3730224,1904758,1825466,1234374,1180033,305085,295460,48994,47630,122950,116490,7180,7156,186175,178697,1408685,1347061,395396,382820,100817,97520,188777,179270,17890,17410,1344912,1284752,832622,792558,257499,249549,11926,11628,112012,105923,4762,4623,126091,120471,951297,905804,318136,308209,40917,39168,160164,151648,11415,10801,559846,540714,401752,387475,47586,45911,37068,36002,10938,10567,2418,2533,60084,58226,457388,441257,77260,74611,59900,58352,28613,27622,6475,6609
R,6,2025,3,3797402,1938498,1858904,1257110,1201970,311590,303603,47290,45472,127107,120517,7209,6924,188192,180418,1433306,1370606,402881,391736,99534,95655,193727,184070,18016,17242,1383839,1322486,857600,815236,264635,258059,12331,11700,116471,110189,4816,4558,127986,122744,978041,930595,326111,317734,41702,39715,165480,156908,11576,10862,554659,536418,399510,386734,46955,45544,34959,33772,10636,10328,2393,2366,60206,57674,455265,440011,76770,74002,57832,55940,28247,27162,6440,6380
R,6,2025,4,3706025,1894579,1811446,1227347,1167927,308730,300270,45165,43554,125017,118877,6634,6287,181686,174531,1397465,1331075,396854,385566,95545,92064,189375,180331,17057,16243,1366842,1302470,845778,799978,265019,258033,12368,11935,115235,109273,4603,4257,123839,118994,962317,911823,324464,315873,40755,39099,162718,154577,11143,10357,527737,508976,381569,367949,43711,42237,32797,31619,9782,9604,2031,2030,57847,55537,435148,419252,72390,69693,54790,52965,26657,25754,5914,5886
R,6,2025,5,3839863,1960978,1878885,1285595,1226346,305759,298265,47577,45335,129366,123540,7014,6636,185667,178763,1459453,1393508,395895,385726,98765,94757,195228,186462,17642,16779,1432207,1370995,900305,855655,264534,258793,14327,13791,119845,114273,4883,4659,128313,123824,1021046,972042,326217,319079,43740,42081,168950,161292,11663,11005,528771,507890,385290,370691,41225,39472,33250,31544,9521,9267,2131,1977,57354,54939,438407,421466,69678,66647,55025,52676,26278,25170,5979,5774
R,6,2025,6,3889850,1983903,1905947,1308868,1251456,308285,301689,48405,46740,127866,122834,7206,6930,183273,176298,1480475,1416298,396698,387177,99370,95809,192683,185022,17936,17062,1454800,1394611,920923,876029,267754,262884,15131,14706,118517,113700,5059,4976,127416,122316,1040774,990907,328847,322106,44472,42839,167151,160026,11912,11423,529103,511336,387945,375427,40531,38805,33274,32034,9349,9134,2147,1954,55857,53982,439701,425391,67851,65071,54898,52970,25532,24996,6024,5639
R,6,2025,7,3961069,2021837,1939232,1336352,1276152,315676,308463,49887,47892,130379,125046,7478,6803,182065,174876,1506734,1439525,402903,392922,101199,97054,194783,186646,18323,16943,1487019,1422040,942677,895585,275369,269272,15424,14868,121125,115944,5325,4827,127099,121544,1062142,1009707,336014,327837,45119,42961,169548,162072,12324,11242,534818,517192,393675,380567,40307,39191,34463,33024,9254,9102,2153,1976,54966,53332,444592,429818,66889,65085,56080,54093,25235,24574,5999,5701
R,6,2025,8,4020469,2053379,1967090,1362192,1298967,316208,308487,51302,49535,134854,128765,7599,7106,181224,174230,1531369,1461550,401817,392101,103293,99827,199071,189612,18547,17443,1509775,1441016,960167,910620,275663,268913,16188,15644,125418,119692,5399,5058,126940,121089,1079232,1024196,335308,326978,46397,44599,173933,165148,12480,11632,543604,526074,402025,388347,40545,39574,35114,33891,9436,9073,2200,2048,54284,53141,452137,437354,66509,65123,56896,55228,25138,24464,6067,5811
R,6,2025,9,4096444,2092088,2004356,1399984,1334174,317239,310332,52387,50859,133283,127776,7524,7185,181671,174030,1569701,1496561,402356,392920,105644,101830,197223,188506,18537,17634,1536755,1469489,987197,936391,276882,271043,16463,16187,123855,118754,5351,5130,127007,121984,1106421,1050775,336324,329048,47451,45922,171850,164390,12405,11848,555333,534867,412787,397783,40357,39289,35924,34672,9428,9022,2173,2055,54664,52046,463280,445786,66032,63872,58193,55908,25373,24116,6132,5786
R,6,2025,10,4118486,2104099,2014387,1407088,1341857,321805,312619,52840,51405,135660,128626,7414,7251,179292,172629,1574559,1502890,405627,394526,106176,102723,198251,188195,18065,17421,1550091,1479912,993577,944011,281523,273122,16917,16206,126372,119887,5311,5133,126391,121553,1112183,1057936,340527,330992,48368,46231,173710,164875,12261,11712,554008,534475,413511,397846,40282,39497,35923,35199,9288,8739,2103,2118,52901,51076,462376,444954,65100,63534,57808,56492,24541,23320,5804,5709
R,6,2025,11,4095902,2093994,2001908,1405755,1338690,319298,310239,53000,50925,133163,126669,7469,7195,175309,168190,1569554,1495596,400553,389587,106017,101827,194162,184260,18043,17264,1544738,1472328,994998,943132,279529,271183,16837,16184,123880,118040,5300,5053,124194,118736,1111562,1054464,337044,327595,48322,46203,170244,161482,12236,11634,549256,529580,410757,395558,39769,39056,36163,34741,9283,8629,2169,2142,51115,49454,457992,441132,63509,61992,57695,55624,23918,22778,5807,5630
R,6,2025,12,4109194,2098517,2010677,1408019,1345453,319029,310413,53825,51445,137747,130302,7631,7176,172266,165888,1568638,1499953,398345,387568,106863,102873,197648,187176,18094,17117,1548729,1479367,995702,946521,279559,272148,17104,16323,128719,121668,5405,5066,122240,117641,1110302,1056613,335813,327127,48687,46871,174297,164872,12281,11584,549788,531310,412317,398932,39470,38265,36721,35122,9028,8634,2226,2110,50026,48247,458336,443340,62532,60441,58176,56002,23351,22304,5813,5533
R,6,2025,13,4119843,2106058,2013785,1419969,1353697,320717,310373,55115,52285,133497,126836,7424,7090,169336,163504,1577803,1505995,398288,385768,108358,103724,191636,182497,17773,17000,1551462,1479800,1002899,951270,281247,272690,17069,16431,124482,118372,5249,4948,120516,116089,1115777,1059851,336633,326539,48980,47169,168820,160758,12092,11531,554596,533985,417070,402427,39470,37683,38046,35854,9015,8464,2175,2142,48820,47415,462026,446144,61655,59229,59378,56555,22816,21739,5681,5469
R,6,2025,14,4179382,2137941,2041441,1446432,1375435,326970,316184,55482,53559,131971,125348,7492,7362,169594,163553,1604476,1527634,403864,391183,110015,106230,189748,180661,17793,17285,1569343,1493872,1016030,962116,287211,277617,17200,16577,122956,116686,5329,5081,120617,115795,1128964,1070296,342159,331057,49950,48051,166914,158653,12206,11556,568598,547569,430402,413319,39759,38567,38282,36982,9015,8662,2163,2281,48977,47758,475512,457338,61705,60126,60065,58179,22834,22008,5587,5729
R,6,2025,15,4276715,2187352,2089363,1485629,1413177,334258,322819,55771,53230,132030,126479,7446,7235,172218,166423,1646183,1568166,412608,399636,111344,106905,190041,181856,17847,17299,1598250,1525376,1033074,980010,294889,284902,17300,17007,123481,118228,5206,4916,124300,120313,1149450,1092519,351704,340670,51303,50140,168340,160990,12257,11681,589102,563987,452555,433167,39369,37917,38471,36223,8549,8251,2240,2319,47918,46110,496733,475647,60904,58966,60041,56765,21701,20866,5590,5618
R,6,2025,16,4363396,2232980,2130416,1522933,1445160,341155,329511,56730,54510,132639,127310,7433,7304,172090,166621,1682961,1600297,419187,406213,113162,108909,189981,181947,18045,17425,1627251,1552606,1054619,998803,301095,291536,17872,17444,124011,119004,5079,4897,124575,120922,1170949,1111818,358176,347809,52655,51182,168435,161365,12234,11823,605729,577810,468314,446357,40060,37975,38858,37066,8628,8306,2354,2407,47515,45699,512012,488479,61011,58404,60507,57727,21546,20582,5811,5602
R,6,2025,17,4500407,2302785,2197622,1572681,1493474,349781,337731,59791,56630,138850,132944,7646,7287,174036,169556,1734474,1650957,428275,415266,117925,113459,196366,188390,18505,17525,1674850,1599248,1085352,1030082,308795,299097,18703,17797,130089,124389,5166,4950,126745,122933,1203605,1144779,366431,356002,54939,53038,175007,167213,12556,11893,627935,598374,487329,463392,40986,38634,41088,38833,8761,8555,2480,2337,47291,46623,530869,506178,61844,59264,62986,60421,21359,21177,5949,5632
R,6,2025,18,4515991,2314455,2201536,1586145,1501942,348694,335194,61890,57124,139793,133728,7695,7467,170238,166081,1744258,1656037,424622,410025,120117,113766,195739,187875,18239,17700,1679740,1601885,1094340,1035620,307598,296897,18458,17886,130884,125381,5122,5086,123338,121015,1209361,1148422,362901,352059,54570,53261,174455,167526,12342,12027,634715,599651,491805,466322,41096,38297,43432,39238,8909,8347,2573,2381,46900,45066,534897,507615,61721,57966,65547,60505,21284,20349,5897,5673
R,6,2025,19,4471181,2293053,2178128,1578838,1489756,337855,327800,61435,56653,142718,137811,7707,7309,164500,158799,1731606,1637139,409826,397976,118963,111713,196738,189845,17744,17056,1665905,1588309,1090941,1029665,298314,290312,18101,17540,133996,129787,5219,5018,119334,115987,1202226,1137780,350693,342221,54019,52183,176305,170350,12090,11708,627148,589819,487897,460091,39541,37488,43334,39113,8722,8024,2488,2291,45166,42812,529380,499359,59133,55755,64944,59530,20433,19495,5654,5348
R,6,2025,20,4477857,2297911,2179946,1584888,1494283,335427,323006,61906,56640,148089,144486,7813,7320,159788,154211,1733083,1637135,403946,390535,118949,111412,200927,194744,17649,16744,1672808,1594709,1097388,1036473,296489,286254,18154,17374,139634,136657,5316,5126,115827,112825,1205173,1141341,346193,336006,53860,51957,181074,176265,12077,11655,625103,585237,487500,457810,38938,36752,43752,39266,8455,7829,2497,2194,43961,41386,527910,495794,57753,54529,65089,59455,19853,18479,5572,5089
R,6,2025,21,4513875,2316704,2197171,1603947,1510812,334725,323660,61956,55716,151964,148623,7957,7299,156155,151061,1748658,1650993,400672,388764,118754,110432,203272,197590,17687,16498,1695757,1615354,1118045,1054093,296620,287435,18126,17243,143746,140979,5433,5121,113787,110483,1223910,1156919,344768,335280,54042,52107,184193,179525,12133,11511,620947,581817,485902,456719,38105,36225,43830,38473,8218,7644,2524,2178,42368,40578,524748,494074,55904,53484,64712,58325,19079,18065,5554,4987
R,6,2025,22,4489988,2303608,2186380,1593354,1502283,333939,323428,61797,55322,156887,152650,7838,7212,149793,145485,1732122,1636920,396481,385160,117462,109161,205891,199867,17130,16031,1688320,1609402,1111053,1048906,295695,287558,17818,16723,149066,144865,5469,5065,109219,106285,1212502,1147607,341442,333005,53135,51012,187654,181977,11925,11243,615288,576978,482301,453377,38244,35870,43979,38599,7821,7785,2369,2147,40574,39200,519620,489313,55039,52155,64327,58149,18237,17890,5205,4788
R,6,2025,23,4597794,2339542,2258252,1610787,1544858,347304,344572,60684,55707,170155,164888,7768,7635,142844,140592,1742644,1674312,406640,404665,114103,107486,216910,210521,16989,16681,1723690,1676231,1126155,1086519,308335,307262,17537,17135,162264,157063,5500,5405,103899,102847,1222299,1181481,351612,351419,51251,50163,199057,193027,11975,11794,615852,582021,484632,458339,38969,37310,43147,38572,7891,7825,2268,2230,38945,37745,520345,492831,55028,53246,62852,57323,17853,17494,5014,4887
R,6,2025,24,4891685,2477124,2414561,1701532,1653147,370260,368931,61324,56475,195474,189264,8427,8382,140107,138362,1830094,1780176,428427,428097,113016,105978,241978,235261,18043,17740,1849035,1817193,1206461,1180114,329452,330478,18023,17843,187121,181082,6135,5960,101843,101716,1300107,1273643,371639,374111,50740,49326,223837,217849,12911,12692,628089,597368,495071,473033,40808,38453,43301,38632,8353,8182,2292,2422,38264,36646,529987,506533,56788,53986,62276,56652,18141,17412,5132,5048
R,6,2025,25,4890355,2478283,2412072,1712648,1655662,365298,366859,60775,55027,197349,192540,8654,8306,133559,133678,1835156,1778333,420167,423909,110935,103153,241398,236963,17643,17095,1858779,1824821,1222095,1189717,325926,328875,17965,17175,189060,184439,6377,5853,97356,98762,1311563,1280565,365799,371112,49565,47912,224217,220045,12820,12065,619504,587251,490553,465945,39372,37984,42810,37852,8289,8101,2277,2453,36203,34916,523593,497768,54368,52797,61370,55241,17181,16918,4823,5030
R,6,2025,26,4757209,2410475,2346734,1675037,1617020,348424,350742,58361,52942,191963,189748,8461,8185,128229,128097,1792565,1734598,400409,404838,106892,99699,234318,231982,17337,16677,1812084,1777588,1200746,1164728,310656,314225,17077,16353,183803,181626,6157,5830,93645,94826,1286705,1251965,348567,354343,47903,46520,217576,215489,12505,11880,598391,569146,474291,452292,37768,36517,41284,36589,8160,8122,2304,2355,34584,33271,505860,482633,51842,50495,58989,53179,16742,16493,4832,4797
R,6,2025,27,4614254,2337416,2276838,1624650,1563409,335827,337628,56798,51485,190256,193417,8146,7903,121739,122996,1736227,1676230,384697,389174,103370,96896,230251,233706,16397,15850,1758378,1728093,1165384,1126581,299612,303180,16168,15584,182381,185518,5960,5632,88873,91598,1246879,1210806,335171,341611,45598,44834,214516,218277,11925,11415,579038,548745,459266,436828,36215,34448,40630,35901,7875,7899,2186,2271,32866,31398,489348,465424,49526,47563,57772,52062,15735,15429,4472,4435
R,6,2025,28,4517170,2285498,2231672,1590659,1529409,324751,328049,55925,50123,189229,196876,7756,7429,117178,119786,1697796,1639237,371064,377430,101437,95405,227928,235886,15726,15173,1715496,1692579,1138547,1100608,289065,294364,15488,14799,181659,189263,5635,5416,85102,88129,1216543,1181516,322322,330767,44012,43551,212783,220772,11376,10961,570002,539093,452112,428801,35686,33685,40437,35324,7570,7613,2121,2013,32076,31657,481253,457721,48742,46663,57425,51854,15145,15114,4350,4212
R,6,2025,29,4513525,2279746,2233779,1590869,1531963,320165,326915,56323,50121,190031,200069,7693,7366,114665,117345,1695733,1639392,365001,374582,101283,95499,227701,238109,15713,15091,1713971,1696683,1142610,1104957,284814,293109,15341,14606,182367,192234,5581,5491,83258,86286,1218912,1184120,316878,328061,43566,43457,212786,223065,11378,11104,565775,537096,448259,427006,35351,33806,40982,35515,7664,7835,2112,1875,31407,31059,476821,455272,48123,46521,57717,52042,14915,15044,4335,3987
R,6,2025,30,4540498,2287570,2252928,1597833,1543481,324701,336295,56254,50211,188909,199691,7817,7453,112056,115797,1699936,1649147,368078,383150,101137,95453,225600,237008,15727,15332,1725957,1715929,1153048,1116513,289477,301717,15422,14801,181148,192009,5748,5511,81114,85378,1226972,1194517,320392,335951,43596,43905,210821,222421,11493,11272,561613,536999,444785,426968,35224,34578,40832,35410,7761,7682,2069,1942,30942,30419,472964,454630,47686,47199,57541,51548,14779,14587,4234,4060
R,6,2025,31,4572075,2298762,2273313,1606155,1554513,328614,345250,55592,50662,190736,200392,7713,7434,109952,115062,1706131,1659573,370216,391139,100265,96826,226896,237205,15814,15230,1744003,1738897,1165657,1130029,294132,310858,15587,15079,183280,192690,5663,5436,79684,84805,1238116,1207593,323751,344319,43547,44938,212747,222628,11588,11145,554759,534416,440498,424484,34482,34392,40005,35583,7456,7702,2050,1998,30268,30257,468015,451980,46465,46820,56718,51888,14149,14577,4226,4085
R,6,2025,32,4627771,2323070,2304701,1623930,1575468,333437,352952,56696,51625,193921,203317,7830,7512,107256,113827,1721314,1679200,373686,397664,101056,98592,228949,239381,15711,15201,1770577,1771461,1185366,1152527,298710,318358,16000,15522,186621,195694,5827,5422,78053,83938,1256261,1229104,327411,350661,44116,46176,215162,225210,11627,11069,552493,533240,438564,422941,34727,34594,40696,36103,7300,7623,2003,2090,29203,29889,465053,450096,46275,47003,56940,52416,13787,14171,4084,4132
R,6,2025,33,4697240,2354049,2343191,1654262,1608644,333828,357490,56940,52016,194885,204584,7663,7361,106471,113096,1751179,1711713,372380,400657,102397,99976,229289,240208,15483,15022,1802869,1811591,1216147,1187018,299401,322253,16529,16170,187648,197183,5682,5475,77462,83492,1286679,1263240,326608,353327,45579,47746,215767,226287,11501,11111,551180,531600,438115,421626,34427,35237,40411,35846,7237,7401,1981,1886,29009,29604,464500,448473,45772,47330,56818,52230,13522,13921,3982,3911
R,6,2025,34,4788255,2396770,2391485,1688086,1642036,338931,366491,57691,52543,199182,209966,7968,7683,104912,112766,1782966,1744683,376496,408799,102897,101315,233601,245555,15838,15465,1846446,1861939,1251623,1223259,304212,331146,16861,16464,191745,202390,5955,5710,76050,82970,1320474,1298897,330453,361246,45541,48520,219940,231462,11759,11509,550324,529546,436463,418777,34719,35345,40830,36079,7437,7576,2013,1973,28862,29796,462492,445786,46043,47553,57356,52795,13661,14093,4079,3956
R,6,2025,35,4803529,2400130,2403399,1695151,1653366,338528,367221,56656,52092,199922,212148,7782,7614,102091,110958,1787760,1754252,374122,407776,101137,101573,233453,246697,15466,15188,1860829,1880746,1266239,1239311,304858,332319,16790,16566,192759,205030,5804,5666,74379,81854,1333729,1313786,329545,360947,45435,49527,220345,233412,11538,11398,539301,522653,428912,414055,33670,34902,39866,35526,7163,7118,1978,1948,27712,29104,454031,440466,44577,46829,55702,52046,13108,13285,3928,3790
R,6,2025,36,4666054,2327138,2338916,1648838,1612269,322176,352524,54179,50592,197150,211050,7511,7192,97284,105289,1737046,1707864,355566,390263,97325,98129,228956,244088,14794,14424,1814526,1838846,1241099,1215184,290511,319425,16168,16296,190272,204229,5610,5344,70866,78368,1305297,1286318,313579,346236,43910,48346,216520,231656,11173,10843,512612,500070,407739,397085,31665,33099,38011,34296,6878,6821,1901,1848,26418,26921,431749,421546,41987,44027,53415,49783,12436,12432,3621,3581
R,6,2025,37,4588444,2284445,2303999,1630353,1599377,308767,339980,53965,49649,190374,205549,7292,7178,93694,102266,1715332,1692306,339954,376340,96128,96761,220881,237140,14360,14206,1779452,1811182,1227690,1207635,278147,307905,15928,15643,183755,198889,5382,5299,68550,75811,1289830,1276635,299745,333517,43195,47334,209129,224970,10761,10641,504993,492817,402663,391742,30620,32075,38037,34006,6619,6660,1910,1879,25144,26455,425502,415671,40209,42823,52933,49427,11752,12170,3599,3565
R,6,2025,38,4529936,2255095,2274841,1618900,1587033,301782,332160,52522,48897,184616,200102,7228,6984,90047,99665,1700381,1677624,331479,366998,94055,95949,213805,230625,14082,13668,1760394,1789731,1223556,1201003,271992,301104,15492,15283,178181,193479,5386,5118,65787,73744,1282968,1268037,292522,325473,42355,47035,202467,218812,10663,10173,494701,485110,395344,386030,29790,31056,37030,33614,6435,6623,1842,1866,24260,25921,417413,409587,38957,41525,51700,48914,11338,11813,3419,3495
R,6,2025,39,4555776,2267923,2287853,1634263,1603183,299558,330816,52946,49195,184278,200321,7148,6900,89730,97438,1715550,1691629,328466,363887,95059,96288,213194,229784,14091,13623,1771775,1805241,1237569,1217847,269923,300593,15202,15531,177896,193805,5388,5160,65797,72305,1297176,1283495,289650,323687,42883,47710,201980,218201,10647,10265,496148,482612,396694,385336,29635,30223,37744,33664,6382,6516,1760,1740,23933,25133,418374,408134,38816,40200,52176,48578,11214,11583,3444,3358
R,6,2025,40,4517623,2246637,2270986,1625502,1596170,293630,324975,51982,49158,182379,199166,6984,6875,86160,94642,1703477,1682072,320582,356280,93337,96174,210009,227330,13621,13429,1760955,1793978,1236472,1214857,265534,295648,14831,15471,176073,192861,5224,5191,62821,69950,1293276,1278348,283803,317304,41921,47477,199010,216242,10274,10175,485682,477008,389030,381313,28096,29327,37151,33687,6306,6305,1760,1684,23339,24692,410201,403724,36779,38976,51416,48697,10999,11088,3347,3254
R,6,2025,41,4402784,2184869,2217915,1582868,1559777,282682,316348,51037,47820,178747,195513,6758,6756,82777,91701,1657475,1642748,308319,346184,91627,94411,204970,222601,13268,13267,1712880,1750783,1204757,1184882,255273,288346,14661,15004,172697,189462,5074,5023,60418,68066,1259093,1246436,272753,309034,41345,47097,194435,211841,10082,10027,471989,467132,378111,374895,27409,28002,36376,32816,6050,6051,1684,1733,22359,23635,398382,396312,35566,37150,50282,47314,10535,10760,3186,3240
R,6,2025,42,4446664,2199890,2246774,1598749,1584867,285056,319376,51587,48963,174996,195008,6551,6663,82951,91897,1673776,1667886,310483,348862,93156,96851,200386,221486,12974,13127,1728034,1772549,1220064,1203895,257996,291174,14968,15401,169238,188990,4858,4983,60910,68106,1275069,1265396,275427,311625,42717,48469,190325,210848,9765,9912,471856,474225,378685,380972,27060,28202,36619,33562,5758,6018,1693,1680,22041,23791,398707,402490,35056,37237,50439,48382,10061,10638,3209,3215
R,6,2025,43,4394637,2168879,2225758,1582094,1573743,280179,316123,50575,48084,169785,191368,6458,6565,79788,89875,1654081,1654892,304547,345112,91176,95576,193875,216741,12684,12863,1704419,1756086,1209055,1195928,253623,288265,14554,14796,164028,185407,4808,4832,58351,66858,1261551,1256340,270385,308433,41585,47814,183943,206332,9628,9649,464460,469672,373039,377815,26556,27858,36021,33288,5757,5961,1650,1733,21437,23017,392530,398552,34162,36679,49591,47762,9932,10409,3056,3214
R,6,2025,44,4367835,2156538,2211297,1577396,1567658,280802,316689,50488,47998,162450,184633,6435,6329,78967,87990,1648534,1647212,304759,344958,91332,95094,185785,208914,12520,12359,1695124,1744500,1206322,1191718,254984,289138,14552,14932,156739,178699,4706,4712,57821,65301,1258306,1250750,271425,308866,41868,47672,176060,198718,9360,9265,461414,466797,371074,375940,25818,27551,35936,33066,5711,5934,1729,1617,21146,22689,390228,396462,33334,36092,49464,47422,9725,10196,3160,3094
R,6,2025,45,4333369,2138826,2194543,1563839,1553196,282971,318314,49777,47770,158796,181933,6475,6544,76968,86786,1633194,1631455,306258,346149,90276,94630,181036,205663,12335,12626,1680760,1731471,1194092,1180240,257812,291032,14450,14971,153199,176178,4834,4790,56373,64260,1244749,1238138,273682,310311,41714,47618,171644,195690,9413,9419,458066,463072,369747,372956,25159,27282,35327,32799,5597,5755,1641,1754,20595,22526,388445,393317,32576,35838,48562,47012,9392,9973,2922,3207
R,6,2025,46,4124847,2031368,2093479,1487418,1483695,267226,301767,47271,45207,150988,174988,6060,5967,72405,81855,1552624,1557467,288833,327873,85780,89572,171769,197237,11519,11570,1600504,1653814,1139355,1128953,243833,276193,13694,13889,145855,169520,4507,4351,53260,60908,1187269,1183832,258626,294179,39800,45055,163096,187927,8716,8627,430864,439665,348063,354742,23393,25574,33577,31318,5133,5468,1553,1616,19145,20947,365355,373635,30207,33694,45980,44517,8673,9310,2803,2943
R,6,2025,47,4034143,1983053,2051090,1460238,1462286,255964,290094,45728,44714,145474,168935,5650,5816,69999,79245,1523414,1533715,276535,314765,83390,88235,165566,190595,10697,11151,1560305,1617247,1116947,1110871,233764,265544,13287,14036,140555,163592,4244,4263,51508,58941,1163362,1163950,247754,282675,38881,44615,157296,181427,8108,8398,422748,433843,343291,351415,22200,24550,32441,30678,4919,5343,1406,1553,18491,20304,360052,369765,28781,32090,44509,43620,8270,9168,2589,2753
R,6,2025,48,3965409,1946162,2019247,1433769,1438761,249821,285867,44821,43498,144323,168643,5564,5710,67864,76768,1494915,1507962,269623,309540,81948,86431,163407,189339,10593,10867,1532972,1590601,1097314,1089943,228428,261973,13442,13897,139483,163437,4132,4208,50173,57143,1142397,1141384,241889,278311,38913,44091,155444,180553,7999,8152,413190,428646,336455,348818,21393,23894,31379,29601,4840,5206,1432,1502,17691,19625,352518,366578,27734,31229,43035,42340,7963,8786,2594,2715
R,6,2025,49,3858513,1893432,1965081,1393177,1401133,241709,275743,43399,42024,144486,167718,5241,5461,65420,73002,1452069,1466766,260155,298077,79774,83153,162638,187123,10051,10311,1490767,1546619,1064629,1058778,221009,253225,12876,13318,139832,162619,3988,4038,48433,54641,1108151,1107842,233625,268831,37941,42415,155024,178764,7734,7805,402665,418462,328548,342355,20700,22518,30523,28706,4654,5099,1253,1423,16987,18361,343918,358924,26530,29246,41833,40738,7614,8359,2317,2506
R,6,2025,50,3887681,1908097,1979584,1409307,1417809,241784,274508,42285,41933,146292,168671,5125,5235,63304,71428,1466233,1482130,259589,295734,77858,82567,163615,187771,9643,9814,1513235,1567485,1085854,1079754,221762,252849,12909,13492,141714,163785,3881,3903,47115,53702,1128129,1127983,234163,267694,37627,42446,156146,179745,7359,7422,394862,412099,323453,338055,20022,21659,29376,28441,4578,4886,1244,1332,16189,17726,338104,354147,25426,28040,40231,40121,7469,8026,2284,2392
R,6,2025,51,3790955,1857325,1933630,1371669,1384587,235085,267954,40856,40165,143987,166483,4891,5173,60837,69268,1426390,1446904,251888,288363,75347,79809,160671,184961,9218,9641,1478995,1535675,1060684,1057035,216425,247354,12591,13309,139716,161827,3722,3793,45857,52357,1101785,1104038,228207,261700,37049,41818,153770,177283,7081,7267,378330,397955,310985,327552,18660,20600,28265,26856,4271,4656,1169,1380,14980,16911,324605,342866,23681,26663,38298,37991,6901,7678,2137,2374
R,6,2025,52,3862224,1885861,1976363,1392666,1414977,242322,277211,40636,40374,144572,169401,4928,5063,60737,69337,1447291,1477235,258850,297580,75336,80337,161084,187584,9194,9595,1512599,1581036,1085605,1089046,224081,256754,12982,13641,140341,164743,3728,3781,45862,53071,1126676,1136615,235673,271281,37653,42866,154246,180039,7132,7316,373262,395327,307061,325931,18241,20457,27654,26733,4231,4658,1200,1282,14875,16266,320615,340620,23177,26299,37683,37471,6838,7545,2062,2279
R,6,2025,53,4015269,1960168,2055101,1463548,1488442,246618,283687,40207,39874,143222,167721,4832,4991,61741,70386,1519110,1551859,263169,303703,76282,81407,159322,185585,9177,9513,1593305,1665308,1160531,1166438,229047,263810,13447,13823,139035,163101,3645,3730,47600,54406,1203251,1215319,240975,278282,39861,44669,152735,178244,7100,7289,366863,389793,303017,322004,17571,19877,26760,26051,4187,4620,1187,1261,14141,15980,315859,336540,22194,25421,36421,36738,6587,7341,2077,2224
R,6,2025,54,4254880,2079747,2175133,1570095,1593975,259067,297836,40321,40519,141005,164968,5047,5046,64212,72789,1627987,1659563,275982,318343,78690,84306,157188,182651,9528,9708,1711108,1785815,1265454,1271989,241271,277942,13872,14625,136788,160467,3840,3854,49883,56938,1310379,1323134,253401,292929,42406,47907,150567,175414,7416,7604,368639,389318,304641,321986,17796,19894,26449,25894,4217,4501,1207,1192,14329,15851,317608,336429,22581,25414,36284,36399,6621,7237,2112,2104
R,6,2025,55,4188688,2046407,2142281,1552858,1580072,250708,286261,39070,39050,137636,161687,4795,4978,61340,70233,1608143,1643314,266751,305854,75976,81742,152716,178534,9229,9604,1687543,1766172,1255653,1268593,233367,267331,13273,14297,133693,157337,3678,3838,47879,54776,1298687,1317784,245068,281687,40967,46581,146563,171509,7277,7562,358864,376109,297205,311479,17341,18930,25797,24753,3943,4350,1117,1140,13461,15457,309456,325530,21683,24167,35009,35161,6153,7025,1952,2042
R,6,2025,56,4033309,1964634,2068675,1496810,1531757,236764,272651,37084,37365,132033,155998,4465,4840,57478,66064,1548766,1591278,251482,290834,72137,78207,146023,171333,8440,9048,1624979,1711496,1214443,1235448,220716,254827,13091,13984,128416,151976,3447,3683,44866,51578,1254918,1281835,231367,267875,39492,45201,140301,164886,6663,7029,339655,357179,282367,296309,16048,17824,23993,23381,3617,4022,1018,1157,12612,14486,293848,309443,20115,22959,32645,33006,5722,6447,1777,2019
R,6,2025,57,3930794,1910831,2019963,1457684,1496065,234712,273080,35986,35852,124007,147621,4409,4716,54033,62629,1506372,1552387,248546,290464,69365,74783,136737,161860,8158,8834,1581360,1673149,1183454,1207326,219162,255734,12808,13712,120437,143726,3427,3639,42072,49012,1221222,1251307,229105,268342,38090,43567,131177,155640,6469,6966,329471,346814,274230,288739,15550,17346,23178,22140,3570,3895,982,1077,11961,13617,285150,301080,19441,22122,31275,31216,5560,6220,1689,1868
R,6,2025,58,3937874,1908558,2029316,1468126,1517063,232748,273554,34733,35158,115862,137330,4480,4610,52609,61601,1515609,1572596,246086,290484,67732,74100,127842,150574,8114,8560,1590866,1694187,1202726,1237616,218167,256705,12912,13918,112498,133697,3461,3562,41102,48689,1239745,1281408,227816,269219,37905,44162,122636,144839,6444,6738,317692,335129,265400,279447,14581,16849,21821,21240,3364,3633,1019,1048,11507,12912,275864,291188,18270,21265,29827,29938,5206,5735,1670,1822
R,6,2025,59,4018264,1944522,2073742,1493553,1548267,241337,283960,34717,35541,117517,139403,4400,4726,52998,61845,1541035,1603746,254926,300947,68269,74939,129319,152697,8188,8728,1629726,1741085,1230486,1270587,226390,267490,13380,14470,114220,135832,3438,3689,41812,49017,1267832,1314484,236268,279964,39308,45267,124206,146991,6526,6914,314796,332657,263067,277680,14947,16470,21337,21071,3297,3571,962,1037,11186,12828,273203,289262,18658,20983,28961,29672,5113,5706,1662,1814
R,6,2025,60,4180241,2015385,2164856,1562564,1634254,244611,289276,34578,35261,116113,138503,4246,4771,53273,62791,1610546,1690729,257681,306247,68816,75893,127748,151428,7935,8749,1708464,1837547,1305238,1359899,230459,273062,13845,15285,112974,135051,3302,3763,42646,50487,1343550,1405248,240176,285809,40681,47584,122927,145953,6340,7027,306921,327309,257326,274355,14152,16214,20733,19976,3139,3452,944,1008,10627,12304,266996,285481,17505,20438,28135,28309,4821,5475,1595,1722
R,6,2025,61,4251033,2044034,2206999,1593186,1676753,241989,287188,33801,34682,117696,141069,4068,4504,53294,62803,1641204,1733257,254986,303538,68618,75906,128935,153969,7709,8476,1750258,1889421,1346788,1410246,228334,271416,14050,15399,114751,137868,3256,3504,43079,50988,1385485,1456023,238089,283798,41770,48578,124372,148864,6264,6781,293776,317578,246398,266507,13655,15772,19751,19283,2945,3201,812,1000,10215,11815,255719,277234,16897,19740,26848,27328,4563,5105,1445,1695
R,6,2025,62,4235461,2032186,2203275,1590332,1682705,236068,282694,32625,33511,117356,138376,3949,4460,51856,61529,1637045,1738056,248396,298760,66685,74153,128345,150688,7406,8258,1752640,1898810,1355234,1426521,223401,268066,14039,15304,114497,135127,3150,3575,42319,50217,1393276,1471596,232718,280359,41451,48225,123964,145641,6061,6713,279546,304465,235098,256184,12667,14628,18586,18207,2859,3249,799,885,9537,11312,243769,266460,15678,18401,25234,25928,4381,5047,1345,1545
R,6,2025,63,4203844,2011134,2192710,1591016,1692998,229315,277156,30911,32607,105495,125751,4024,4336,50373,59862,1636502,1746975,241068,292539,64298,72547,116013,137505,7320,7973,1746102,1902936,1367682,1448670,217398,263600,13648,15165,102871,122757,3239,3444,41264,49300,1404853,1493031,226351,275461,40603,47832,112040,132863,6018,6461,265032,289774,223334,244328,11917,13556,17263,17442,2624,2994,785,892,9109,10562,231649,253944,14717,17078,23695,24715,3973,4642,1302,1512
R,6,2025,64,4225642,2015012,2210630,1601376,1713900,227732,276515,29872,32069,102562,124983,3830,4166,49640,58997,1646180,1766978,239529,291506,62925,71732,112818,136461,7040,7834,1761601,1930073,1387772,1477376,216318,263472,13481,15237,100126,122104,3086,3343,40818,48541,1424520,1520981,225278,274989,40373,47681,109007,131953,5776,6330,253411,280557,213604,236524,11414,13043,16391,16832,2436,2879,744,823,8822,10456,221660,245997,14251,16517,22552,24051,3811,4508,1264,1504
R,6,2025,65,4152322,1973216,2179106,1566824,1687251,223124,273398,28991,31188,102967,126348,3592,4046,47718,56875,1609825,1738316,234207,288143,60782,69229,112919,137455,6718,7453,1729876,1908223,1361539,1458865,212112,260630,13210,14883,100612,123583,2922,3273,39481,46989,1397019,1500940,220652,272110,39168,46131,109338,133105,5536,6107,243340,270883,205285,228386,11012,12768,15781,16305,2355,2765,670,773,8237,9886,212806,237376,13555,16033,21614,23098,3581,4350,1182,1346
R,6,2025,66,4052970,1917503,2135467,1530641,1661770,213406,264562,26995,29544,97733,121554,3442,3771,45286,54266,1571409,1710680,223955,278360,57432,66170,106989,131925,6273,6992,1692596,1882182,1340765,1447719,203260,252910,12561,14420,95551,118984,2808,3107,37651,45042,1374596,1488201,211483,263709,37515,44664,103683,127953,5191,5761,224907,253285,189876,214051,10146,11652,14434,15124,2182,2570,634,664,7635,9224,196813,222479,12472,14651,19917,21506,3306,3972,1082,1231
R,6,2025,67,4013543,1891605,2121938,1516750,1660283,205322,256421,25412,28040,97445,121180,3210,3542,43466,52472,1555926,1707487,215319,269823,54632,63773,106350,131041,5920,6541,1680669,1879745,1338122,1455061,195817,245351,12248,13981,95454,118719,2648,2885,36380,43748,1370809,1494336,203646,255902,36462,43600,103297,127280,4965,5380,210936,242193,178628,205222,9505,11070,13164,14059,1991,2461,562,657,7086,8724,185117,213151,11673,13921,18170,20173,3053,3761,955,1161
R,6,2025,68,3920423,1839094,2081329,1480133,1633164,196778,250336,24576,26713,93134,117937,3129,3436,41344,49743,1517403,1677904,206290,262906,52557,60854,101470,127042,5704,6328,1638798,1848565,1310435,1435390,187909,239667,11827,13407,91257,115681,2615,2812,34755,41608,1341700,1472699,195417,249641,35111,41842,98633,123555,4801,5250,200296,232764,169698,197774,8869,10669,12749,13306,1877,2256,514,624,6589,8135,175703,205205,10873,13265,17446,19012,2837,3487,903,1078
R,6,2025,69,3767020,1760366,2006654,1419909,1576637,185164,238433,22892,25239,90872,115969,2830,3269,38699,47107,1454844,1618985,194046,250343,48950,57468,98610,124785,5319,6025,1571701,1786033,1259929,1388836,176815,228274,10981,12987,89069,113730,2340,2701,32567,39505,1289263,1424258,183816,237670,32674,39913,95906,121417,4449,5037,188665,220621,159980,187801,8349,10159,11911,12252,1803,2239,490,568,6132,7602,165581,194727,10230,12673,16276,17555,2704,3368,870,988
R,6,2025,70,3671908,1710005,1961903,1385175,1549380,175886,227936,21586,24063,88279,112925,2735,3175,36344,44424,1417826,1589104,184332,239295,46183,54317,95515,121352,5112,5889,1532140,1751571,1234246,1370198,167903,218491,10582,12147,86625,110905,2267,2614,30517,37216,1261607,1403334,174556,227450,31027,37345,93025,118286,4304,4935,177865,210332,150929,179182,7983,9445,11004,11916,1654,2020,468,561,5827,7208,156219,185770,9776,11845,15156,16972,2490,3066,808,954
R,6,2025,71,3499941,1619452,1880489,1322576,1495997,160649,213474,19374,22048,81600,104799,2465,2909,32788,41262,1352121,1532996,168319,224100,41771,50377,87941,112238,4497,5399,1458454,1685558,1185308,1329274,153498,204796,9746,11526,80141,102898,2056,2399,27705,34665,1210213,1360265,159527,213180,28528,35291,85779,109372,3816,4528,160998,194931,137268,166723,7151,8678,9628,10522,1459,1901,409,510,5083,6597,141908,172731,8792,10920,13243,15086,2162,2866,681,871
R,6,2025,72,3348742,1543621,1805121,1267649,1443606,147756,199497,17812,20390,77581,100119,2289,2683,30534,38826,1295114,1478521,154852,209356,38614,47006,83574,107136,4247,5030,1395009,1622590,1140489,1286969,141225,191405,9164,10899,76269,98467,1920,2230,25942,32620,1163753,1316173,146898,199248,26696,33159,81620,104611,3602,4262,148612,182531,127160,156637,6531,8092,8648,9491,1312,1652,369,453,4592,6206,131361,162348,7954,10108,11918,13847,1954,2525,645,768
R,6,2025,73,3182937,1461970,1720967,1208006,1384034,136461,187181,16103,18858,71000,92794,2117,2483,28283,35617,1233485,1415938,143014,196328,35587,43523,76344,99040,3945,4642,1325571,1551810,1090823,1238424,130571,179768,8470,10172,69769,91293,1798,2052,24140,30101,1112485,1265288,135858,187004,24977,31053,74549,96764,3368,3916,136399,169157,117183,145610,5890,7413,7633,8686,1231,1501,319,431,4143,5516,121000,150650,7156,9324,10610,12470,1795,2276,577,726
R,6,2025,74,3024954,1380940,1644014,1140608,1318246,129427,182089,15198,17908,67396,89824,1919,2352,26392,33595,1164302,1348397,135631,190923,33473,41266,72255,95470,3588,4359,1251383,1481829,1029195,1178629,123838,175093,7940,9541,66307,88387,1647,1955,22456,28224,1049263,1203856,128830,182112,23413,29191,70607,93266,3102,3673,129557,162185,111413,139617,5589,6996,7258,8367,1089,1437,272,397,3936,5371,115039,144541,6801,8811,10060,12075,1648,2204,486,686
R,6,2025,75,2877854,1307583,1570271,1080025,1260085,119851,170469,14152,16426,67169,89696,1823,2094,24563,31501,1102139,1288233,125638,178786,31013,38097,71761,95208,3431,4051,1188018,1417076,977080,1127671,114734,163798,7563,8955,66097,88279,1548,1764,20996,26609,995923,1151341,119376,170461,21882,27257,70191,93077,2983,3463,119565,153195,102945,132414,5117,6671,6589,7471,1072,1417,275,330,3567,4892,106216,136892,6262,8325,9131,10840,1570,2131,448,588
R,6,2025,76,2755241,1244969,1510272,1037835,1225009,108369,156229,13023,15134,61193,82127,1723,2039,22826,29734,1058369,1251640,113580,163969,28889,35851,65394,87074,3271,3889,1136135,1369281,943712,1102803,103953,150308,7095,8346,60210,80835,1444,1727,19721,25262,961401,1125360,108165,156532,20772,25960,63980,85176,2814,3323,108834,140991,94123,122206,4416,5921,5928,6788,983,1292,279,312,3105,4472,96968,126280,5415,7437,8117,9891,1414,1898,457,566
R,6,2025,77,2678407,1207103,1471304,1017716,1207387,98040,143985,11863,14029,56606,75684,1525,1881,21353,28338,1037022,1232806,102877,151303,26734,33807,60447,80363,2899,3582,1105229,1338359,929268,1091965,93968,138378,6633,7825,55740,74497,1292,1584,18328,24110,945788,1113511,97938,144292,19301,24614,59179,78613,2528,3092,101874,132945,88448,115422,4072,5607,5230,6204,866,1187,233,297,3025,4228,91234,119295,4939,7011,7433,9193,1268,1750,371,490
R,6,2025,78,2670969,1199646,1471323,1025916,1227457,88848,131830,11191,13428,51591,69582,1403,1606,20697,27420,1044682,1252253,93393,138754,25834,32834,55124,73918,2722,3238,1105937,1346398,944291,1118746,85188,126659,6395,7645,50844,68488,1204,1354,18015,23506,960616,1139934,88914,132272,19131,24337,53988,72277,2384,2792,93709,124925,81625,108711,3660,5171,4796,5783,747,1094,199,252,2682,3914,84066,112319,4479,6482,6703,8497,1136,1641,338,446
R,6,2025,79,1930558,856049,1074509,719699,879653,68307,104710,8448,10818,43318,57674,1183,1497,15094,20157,733320,897702,71842,110065,18734,24478,46119,61219,2279,2868,777355,966340,651045,785585,65155,100064,4628,5822,42643,56693,1000,1260,12884,16916,662654,800652,67956,104318,13381,17294,45113,59787,1972,2461,78694,108169,68654,94068,3152,4646,3820,4996,675,981,183,237,2210,3241,70666,97050,3886,5747,5353,7184,1006,1432,307,407
R,6,2025,80,1831614,803804,1027810,678628,844966,62801,99171,7704,10006,39670,53616,1025,1313,13976,18738,691232,861668,66058,104262,17245,22717,42280,56797,2071,2613,732879,929055,616625,758574,60028,95160,4257,5551,39100,52767,879,1090,11990,15913,627397,772704,62653,99262,12397,16349,41425,55563,1810,2226,70925,98755,62003,86392,2773,4011,3447,4455,570,849,146,223,1986,2825,63835,88964,3405,5000,4848,6368,855,1234,261,387
R,6,2025,81,1738417,755438,982979,642324,816471,56417,90199,7153,9250,35933,48166,895,1184,12716,17709,653773,832255,59511,95056,15897,21437,38171,51034,1812,2414,691598,891516,586387,736322,53946,86587,4071,5114,35460,47391,767,997,10967,15105,596233,749733,56463,90551,11619,15524,37459,49899,1565,2083,63840,91463,55937,80149,2471,3612,3082,4136,473,775,128,187,1749,2604,57540,82522,3048,4505,4278,5913,712,1135,247,331
R,6,2025,82,1696638,729285,967353,625753,811462,51860,86097,6291,8526,32750,43600,777,1059,11854,16609,636437,826333,54657,90630,14409,20021,34889,46221,1648,2163,671352,881817,574837,736672,49601,82516,3658,4699,32268,42919,674,879,10314,14132,584130,749268,51883,86147,10732,14560,34171,45176,1443,1857,57933,85536,50916,74790,2259,3581,2633,3827,482,681,103,180,1540,2477,52307,77065,2774,4483,3677,5461,718,1045,205,306
R,6,2025,83,1410965,597703,813262,508475,676467,43675,73760,5397,7481,29523,40557,690,978,9943,14019,517428,689024,46025,77494,12229,17175,31336,42898,1387,1877,547429,738959,464163,611150,41740,70951,3186,4125,29157,39954,588,813,8595,11966,471883,621807,43669,73986,9076,12410,30780,42007,1195,1616,50274,74303,44312,65317,1935,2809,2211,3356,366,603,102,165,1348,2053,45545,67217,2356,3508,3153,4765,556,891,192,261
R,6,2025,84,1227853,511090,716763,432962,593544,37724,66773,4777,6696,26365,36431,635,808,8627,12511,440735,604676,39849,70270,10635,15213,27979,38553,1231,1671,466371,648411,393541,533352,36011,64118,2840,3760,26030,35891,548,671,7401,10619,400193,542771,37710,66930,7854,10999,27472,37742,1061,1421,44719,68352,39421,60192,1713,2655,1937,2936,335,540,87,137,1226,1892,40542,61905,2139,3340,2781,4214,507,811,170,250
R,6,2025,85,1084384,443562,640822,374085,529717,33082,60095,4265,6035,24080,33112,518,773,7532,11090,380827,539538,34930,63248,9337,13500,25521,34992,1057,1554,403530,577923,338845,474303,31529,57563,2473,3388,23765,32602,412,629,6506,9438,344657,482597,33036,60122,6823,9758,25064,34250,899,1312,40032,62899,35240,55414,1553,2532,1792,2647,315,510,106,144,1026,1652,36170,56941,1894,3126,2514,3742,457,742,158,242
R,6,2025,86,967677,391634,576043,332061,479254,28092,51827,3644,5446,20901,29021,420,672,6516,9823,337918,487998,29686,54586,7988,12072,22184,30641,896,1350,356631,520124,301154,429859,26733,49603,2088,3134,20643,28586,346,553,5667,8389,306233,437283,28026,51849,5861,8809,21799,30014,779,1163,35003,55919,30907,49395,1359,2224,1556,2312,258,435,74,119,849,1434,31685,50715,1660,2737,2127,3263,385,627,117,187
R,6,2025,87,858637,341244,517393,289463,430427,24140,46591,3091,4791,18325,26358,391,568,5834,8658,294704,438119,25599,49090,6997,10487,19431,27893,798,1164,311084,467902,262653,386681,23023,44607,1896,2755,18095,25986,332,463,5085,7410,267221,393220,24212,46676,5308,7638,19090,27338,684,991,30160,49491,26810,43746,1117,1984,1195,2036,230,372,59,105,749,1248,27483,44899,1387,2414,1689,2849,341,555,114,173
R,6,2025,88,730099,285081,445018,241162,370068,20102,39886,2625,4103,15915,22900,320,523,4957,7538,245628,376696,21384,42081,5875,9004,16892,24311,696,1086,259376,401660,218345,331713,19146,38186,1560,2327,15722,22560,277,426,4326,6448,222229,337338,20194,40018,4398,6508,16607,23808,615,923,25705,43358,22817,38355,956,1700,1065,1776,193,340,43,97,631,1090,23399,39358,1190,2063,1477,2496,285,503,81,163
R,6,2025,89,637874,244889,392985,207382,326513,17323,35461,2246,3656,13433,20322,239,416,4266,6617,211212,332364,18439,37421,4940,7985,14336,21524,578,884,222958,354996,187890,292867,16520,34045,1344,2095,13271,19989,198,348,3735,5652,191234,297844,17449,35656,3683,5804,14088,21043,509,757,21931,37989,19492,33646,803,1416,902,1561,162,333,41,68,531,965,19978,34520,990,1765,1257,2181,248,481,69,127
R,6,2025,90,555624,208447,347177,176840,288904,14377,30816,1936,3262,11493,17908,262,381,3539,5906,180002,294093,15319,32486,4150,7087,12237,19023,543,824,189539,313631,159962,259189,13674,29528,1198,1856,11372,17632,225,320,3108,5106,162724,263647,14468,30908,3127,5180,12059,18631,478,720,18908,33546,16878,29715,703,1288,738,1406,121,276,37,61,431,800,17278,30446,851,1578,1023,1907,178,392,65,104
R,6,2025,91,444469,163692,280777,138571,233041,11306,25056,1524,2526,9218,15003,201,310,2872,4841,141136,237278,12036,26484,3333,5618,9859,15987,423,690,148732,253847,125238,209110,10782,23980,917,1497,9111,14788,165,262,2519,4210,127477,212788,11398,25156,2483,4190,9693,15670,360,601,14960,26930,13333,23931,524,1076,607,1029,107,215,36,48,353,631,13659,24490,638,1328,850,1428,166,317,63,89
R,6,2025,92,383814,138349,245465,117337,204127,9373,21290,1239,2249,7763,13416,148,285,2489,4098,119582,207701,10011,22477,2770,4861,8329,14232,348,634,126275,222490,106573,183641,8937,20411,777,1386,7667,13227,127,242,2194,3583,108545,186756,9476,21407,2120,3665,8184,13964,310,558,12074,22975,10764,20486,436,879,462,863,96,189,21,43,295,515,11037,20945,535,1070,650,1196,145,268,38,76
R,6,2025,93,319836,112274,207562,95685,173564,7177,17346,1008,1876,6220,10990,115,250,2069,3536,97522,176627,7729,18428,2269,4106,6693,11687,301,557,102306,188469,86763,156514,6846,16631,603,1160,6148,10843,100,210,1846,3111,88403,159190,7335,17559,1710,3120,6581,11480,270,489,9968,19093,8922,17050,331,715,405,716,72,147,15,40,223,425,9119,17437,394,869,559,986,112,207,31,68
R,6,2025,94,263791,90043,173748,76781,145397,5654,14175,808,1526,5103,9443,109,197,1588,3010,78206,147973,6094,15082,1767,3441,5481,10053,245,469,81983,157631,69571,131025,5381,13556,497,921,5041,9330,92,170,1401,2629,70828,133256,5754,14323,1337,2589,5382,9881,212,414,8060,16117,7210,14372,273,619,311,605,62,113,17,27,187,381,7378,14717,340,759,430,852,99,172,33,55
R,6,2025,95,213916,70732,143184,59965,119398,4441,11774,699,1236,4267,8108,76,169,1284,2499,61084,121565,4795,12519,1468,2812,4572,8623,201,392,64441,130034,54335,107688,4234,11273,436,761,4224,7992,64,147,1148,2173,55331,109553,4539,11890,1115,2136,4508,8452,181,348,6291,13150,5630,11710,207,501,263,475,43,116,12,22,136,326,5753,12012,256,629,353,676,64,171,20,44
R,6,2025,96,160884,51643,109241,43700,91131,3306,8934,491,869,3106,6230,58,128,982,1949,44561,92804,3601,9553,1105,2067,3330,6630,151,313,47029,99541,39586,82506,3151,8538,309,547,3069,6137,48,113,866,1700,40348,83949,3396,9078,847,1572,3274,6499,131,277,4614,9700,4114,8625,155,396,182,322,37,93,10,15,116,249,4213,8855,205,475,258,495,56,131,20,36
R,6,2025,97,124494,38416,86078,32467,71760,2415,6908,374,781,2325,4998,52,96,783,1535,33146,73056,2651,7384,814,1735,2519,5326,127,247,35034,78705,29455,65202,2295,6609,245,496,2307,4935,45,82,687,1381,30050,66360,2492,7026,627,1358,2488,5235,109,221,3382,7373,3012,6558,120,299,129,285,18,63,7,14,96,154,3096,6696,159,358,187,377,31,91,18,26
R,6,2025,98,91837,27285,64552,22847,53559,1795,5277,256,573,1736,3893,24,81,627,1169,23404,54557,1984,5644,623,1278,1880,4142,78,213,24955,59230,20760,48818,1726,5055,169,388,1720,3847,20,69,560,1053,21256,49717,1889,5377,496,1015,1856,4079,69,190,2330,5322,2087,4741,69,222,87,185,16,46,4,12,67,116,2148,4840,95,267,127,263,24,63,9,23
R,6,2025,99,64300,18588,45712,15374,37497,1285,3877,183,433,1305,2907,32,61,409,937,15716,38278,1397,4194,420,984,1422,3117,85,166,16954,41836,13917,34039,1227,3732,127,298,1289,2876,27,52,367,839,14222,34734,1321,4002,338,790,1399,3061,77,146,1634,3876,1457,3458,58,145,56,135,16,31,5,9,42,98,1494,3544,76,192,82,194,23,56,8,20
R,6,2025,100,119027,31476,87551,24655,69528,2492,8118,460,984,2876,6644,66,151,927,2126,25418,71235,2820,8906,951,2198,3144,7137,205,413,28560,80482,22121,63311,2384,7780,334,745,2840,6584,53,133,828,1929,22806,64853,2676,8484,764,1839,3082,7030,173,362,2916,7069,2534,6217,108,338,126,239,36,60,13,18,99,197,2612,6382,144,422,187,359,62,107,32,51
