UNIVERSE,MONTH,YEAR,AGE,TOT_POP,TOT_MALE,TOT_FEMALE,WA_MALE,WA_FEMALE,BA_MALE,BA_FEMALE,IA_MALE,IA_FEMALE,AA_MALE,AA_FEMALE,NA_MALE,NA_FEMALE,TOM_MALE,TOM_FEMALE,WAC_MALE,WAC_FEMALE,BAC_MALE,BAC_FEMALE,IAC_MALE,IAC_FEMALE,AAC_MALE,AAC_FEMALE,NAC_MALE,NAC_FEMALE,NH_MALE,NH_FEMALE,NHWA_MALE,NHWA_FEMALE,NHBA_MALE,NHBA_FEMALE,NHIA_MALE,NHIA_FEMALE,NHAA_MALE,NHAA_FEMALE,NHNA_MALE,NHNA_FEMALE,NHTOM_MALE,NHTOM_FEMALE,NHWAC_MALE,NHWAC_FEMALE,NHBAC_MALE,NHBAC_FEMALE,NHIAC_MALE,NHIAC_FEMALE,NHAAC_MALE,NHAAC_FEMALE,NHNAC_MALE,NHNAC_FEMALE,H_MALE,H_FEMALE,HWA_MALE,HWA_FEMALE,HBA_MALE,HBA_FEMALE,HIA_MALE,HIA_FEMALE,HAA_MALE,HAA_FEMALE,HNA_MALE,HNA_FEMALE,HTOM_MALE,HTOM_FEMALE,HWAC_MALE,HWAC_FEMALE,HBAC_MALE,HBAC_FEMALE,HIAC_MALE,HIAC_FEMALE,HAAC_MALE,HAAC_FEMALE,HNAC_MALE,HNAC_FEMALE
R,7,2024,999,340003797,166868649,173135148,121972564,124914499,21894842,23979811,3513783,3414443,11068808,12081154,467677,468808,7950975,8276433,129280031,132507050,24980603,27236145,6798675,6945765,13556767,14574665,990470,990618,132567275,138639703,94828657,97519788,19804799,21848192,1152798,1189180,10607150,11611977,344650,344608,5829221,6125958,100191389,103144459,22001498,24192480,3356769,3619273,12576031,13585963,722060,721673,34301374,34495445,27143907,27394711,2090043,2131619,2360985,2225263,461658,469177,123027,124200,2121754,2150475,29088642,29362591,2979105,3043665,3441906,3326492,980736,988702,268410,268945
R,7,2024,0,3617221,1849955,1767266,1204380,1149064,293384,284105,47018,44852,114572,107364,6849,6688,183752,175193,1376477,1312877,382667,369928,98386,93915,179242,168611,17441,16740,1305694,1245442,815219,775318,246435,239097,11596,11257,103902,97142,4631,4457,123911,118171,931905,886465,306268,296891,40241,38447,150822,141562,11160,10507,544261,521824,389161,373746,46949,45008,35422,33595,10670,10222,2218,2231,59841,57022,444572,426412,76399,73037,58145,55468,28420,27049,6281,6233
R,7,2024,1,3700305,1890411,1809894,1226873,1171913,302736,293027,48543,47071,119487,112751,7106,7069,185666,178063,1400730,1338376,392836,380135,100287,96853,185044,175191,17791,17288,1336518,1275664,830095,789690,255467,247494,11880,11634,108621,102308,4715,4559,125740,119979,948464,902502,316021,306000,40850,39125,156491,147692,11342,10702,553893,534230,396778,382223,47269,45533,36663,35437,10866,10443,2391,2510,59926,58084,452266,435874,76815,74135,59437,57728,28553,27499,6449,6586
R,7,2024,2,3766783,1922513,1844270,1247890,1194050,309386,301356,46723,44789,124253,117523,7190,6861,187071,179691,1423055,1362030,400149,389170,98698,94792,190409,180761,17933,17134,1373326,1313463,852605,811595,262710,256057,12264,11637,113624,107274,4791,4533,127332,122367,972448,926619,323948,315615,41539,39614,162249,153735,11510,10810,549187,530807,395285,382455,46676,45299,34459,33152,10629,10249,2399,2328,59739,57324,450607,435411,76201,73555,57159,55178,28160,27026,6423,6324
R,7,2024,3,3689270,1886275,1802995,1223786,1164175,307047,298425,44463,42977,122396,116411,6623,6276,181960,174731,1394176,1327514,395309,383821,94955,91547,186800,177931,17065,16249,1363923,1298656,846657,800203,263490,256248,12361,11895,112676,106836,4574,4228,124165,119246,963517,912291,323152,314250,40869,39147,160175,152165,11126,10343,522352,504339,377129,363972,43557,42177,32102,31082,9720,9575,2049,2048,57795,55485,430659,415223,72157,69571,54086,52400,26625,25766,5939,5906
R,7,2024,4,3811156,1947199,1863957,1276480,1216969,304696,296825,46720,44512,127440,121355,6902,6543,184961,177753,1449691,1383198,394526,383821,97758,93649,192979,183899,17490,16637,1424190,1362607,895780,851386,263659,257601,14170,13634,117976,112170,4815,4572,127790,123244,1016046,967243,325162,317668,43499,41820,166777,158877,11558,10885,523009,501350,380700,365583,41037,39224,32550,30878,9464,9185,2087,1971,57171,54509,433645,415955,69364,66153,54259,51829,26202,25022,5932,5752
R,7,2024,5,3866199,1972340,1893859,1301012,1243441,307293,300572,47901,46188,125888,120697,7163,6860,183083,176101,1472443,1408108,395766,386104,98806,95218,190547,182712,17854,16959,1447489,1387323,916692,871942,266929,261989,15127,14665,116516,111593,5010,4910,127215,122224,1036364,986753,328043,321310,44468,42815,164940,157743,11830,11323,524851,506536,384320,371499,40364,38583,32774,31523,9372,9104,2153,1950,55868,53877,436079,421355,67723,64794,54338,52403,25607,24969,6024,5636
R,7,2024,6,3938295,2010449,1927846,1329335,1269299,314347,306983,49244,47351,128225,122749,7428,6765,181870,174699,1499561,1432534,401612,391429,100426,96394,192485,184258,18251,16891,1481285,1416541,940259,893413,274290,268213,15304,14802,119070,113740,5293,4804,127069,121569,1059722,1007570,335042,326896,44954,42882,167392,159785,12275,11220,529164,511305,389076,375886,40057,38770,33940,32549,9155,9009,2135,1961,54801,53130,439839,424964,66570,64533,55472,53512,25093,24473,5976,5671
R,7,2024,7,3994511,2040568,1953943,1353926,1290795,314843,306780,50602,48903,132873,126783,7572,7047,180752,173635,1522713,1452836,400301,390173,102402,98964,196916,187408,18487,17329,1502767,1433772,956346,907001,274708,267660,16167,15599,123491,117778,5387,5012,126668,120722,1075184,1020242,334293,325621,46317,44440,171857,163041,12454,11542,537801,520171,397580,383794,40135,39120,34435,33304,9382,9005,2185,2035,54084,52913,447529,432594,66008,64552,56085,54524,25059,24367,6033,5787
R,7,2024,8,4077472,2082211,1995261,1394519,1329168,315266,308838,51926,50180,131586,126037,7481,7151,181433,173887,1564006,1491433,400318,391393,105076,101134,195429,186669,18476,17594,1531867,1465341,985638,935098,275269,269991,16451,16189,122209,117058,5322,5110,126978,121895,1104831,1049411,334801,328006,47420,45943,170110,162579,12367,11821,550344,529920,408881,394070,39997,38847,35475,33991,9377,8979,2159,2041,54455,51992,459175,442022,65517,63387,57656,55191,25319,24090,6109,5773
R,7,2024,9,4102138,2095828,2006310,1402595,1337356,320557,311471,52249,50856,133866,126898,7404,7195,179157,172534,1569949,1498321,404397,393381,105545,102073,196323,186449,18054,17355,1545819,1475917,992175,942676,280496,272239,16886,16189,124682,118181,5299,5098,126281,121534,1110684,1056601,339564,330166,48314,46181,171869,163132,12237,11671,550009,530393,410420,394680,40061,39232,35363,34667,9184,8717,2105,2097,52876,51000,459265,441720,64833,63215,57231,55892,24454,23317,5817,5684
R,7,2024,10,4086091,2089579,1996512,1403876,1335299,318591,309581,52375,50457,131806,125500,7435,7187,175496,168488,1567862,1492499,399941,389139,105382,101357,192912,183198,18015,17267,1543599,1470891,995611,943047,278878,270673,16861,16189,122601,116917,5281,5052,124367,119013,1112355,1054656,336501,327277,48354,46216,169024,160435,12220,11644,545980,525621,408265,392252,39713,38908,35514,34268,9205,8583,2154,2135,51129,49475,455507,437843,63440,61862,57028,55141,23888,22763,5795,5623
R,7,2024,11,4091663,2090244,2001419,1403435,1340113,318094,309446,53006,50645,135908,128415,7586,7138,172215,165662,1564043,1494419,397421,386561,105962,101944,195780,185208,18057,17067,1544952,1475051,994419,944949,278829,271330,17106,16322,126916,119854,5372,5039,122310,117557,1109104,1054971,335190,326369,48683,46835,172452,162967,12248,11542,545292,526368,409016,395164,39265,38116,35900,34323,8992,8561,2214,2099,49905,48105,454939,439448,62231,60192,57279,55109,23328,22241,5809,5525
R,7,2024,12,4101411,2096622,2004789,1413726,1347878,319437,309209,54578,51893,132415,125609,7410,7051,169056,163149,1571301,1499845,396934,384494,107684,103202,190460,181133,17731,16939,1547070,1475843,1000730,949455,280256,271800,17028,16430,123445,117229,5235,4940,120376,115989,1113491,1057948,335631,325687,48866,47128,167707,159509,12060,11515,549552,528946,412996,398423,39181,37409,37550,35463,8970,8380,2175,2111,48680,47160,457810,441897,61303,58807,58818,56074,22753,21624,5671,5424
R,7,2024,13,4159743,2128504,2031239,1440669,1369056,325232,314672,54924,52901,130804,124140,7484,7311,169391,163159,1598527,1520906,402066,389506,109335,105343,188540,179372,17794,17231,1564826,1488915,1014183,959951,285775,276295,17221,16498,121781,115527,5304,5049,120562,115595,1127073,1067970,340777,329689,49932,47857,165678,157408,12180,11522,563678,542324,426486,409105,39457,38377,37703,36403,9023,8613,2180,2262,48829,47564,471454,452936,61289,59817,59403,57486,22862,21964,5614,5709
R,7,2024,14,4253364,2175227,2078137,1477683,1406279,332349,320855,55359,52819,130631,124957,7408,7197,171797,166030,1637866,1560915,410456,397403,110877,106520,188495,180186,17789,17235,1592266,1519740,1030437,977860,293397,283230,17230,17005,122085,116795,5203,4926,123914,119924,1146472,1090015,350013,338769,51168,50171,166775,159336,12236,11642,582961,558397,447246,428419,38952,37625,38129,35814,8546,8162,2205,2271,47883,46106,491394,470900,60443,58634,59709,56349,21720,20850,5553,5593
R,7,2024,15,4332278,2216515,2115763,1512614,1435968,338815,327565,55679,53676,130464,125516,7357,7228,171586,165810,1672185,1590374,416596,404007,111871,107682,187701,179876,17913,17299,1619198,1545000,1050754,995014,299367,289906,17819,17384,121873,117290,5039,4862,124346,120544,1166899,1107700,356344,346112,52509,50939,166198,159481,12156,11780,597317,570763,461860,440954,39448,37659,37860,36292,8591,8226,2318,2366,47240,45266,505286,482674,60252,57895,59362,56743,21503,20395,5757,5519
R,7,2024,16,4475114,2289462,2185652,1565216,1486596,348394,336396,58616,55907,135927,130339,7589,7187,173720,169227,1726731,1643805,426843,413895,116450,112499,193357,185648,18454,17366,1669291,1593425,1083464,1028055,307924,298005,18732,17790,127259,121828,5160,4861,126752,122886,1201734,1142725,365728,355042,54877,52944,172111,164548,12547,11784,620171,592227,481752,458541,40470,38391,39884,38117,8668,8511,2429,2326,46968,46341,524997,501080,61115,58853,61573,59555,21246,21100,5907,5582
R,7,2024,17,4485865,2298674,2187191,1577764,1494830,347427,333320,60535,56394,135598,129409,7593,7361,169757,165877,1735457,1648736,423312,408207,118622,112949,191216,183403,18090,17611,1672738,1593718,1092342,1033348,306896,295475,18437,17880,126782,121114,5072,5002,123209,120899,1207276,1146039,362348,350739,54584,53215,170051,163109,12273,11956,625936,593473,485422,461482,40531,37845,42098,38514,8816,8295,2521,2359,46548,44978,528181,502697,60964,57468,64038,59734,21165,20294,5817,5655
R,7,2024,18,4447882,2280454,2167428,1573214,1485368,336918,326429,60197,56104,138137,133471,7566,7145,164422,158911,1725950,1632897,408932,396704,117668,111221,192127,185415,17609,16933,1660609,1582567,1090479,1029356,297803,289230,18181,17560,129492,125476,5128,4866,119526,116079,1201974,1137616,350390,341293,54153,52269,171773,165882,12006,11562,619845,584861,482735,456012,39115,37199,42016,38544,8645,7995,2438,2279,44896,42832,523976,495281,58542,55411,63515,58952,20354,19533,5603,5371
R,7,2024,19,4452930,2285211,2167719,1578744,1488314,334455,321333,60814,56252,143877,140464,7636,7240,159685,154116,1726866,1631077,403100,388925,117884,110971,196462,190581,17459,16634,1666919,1588292,1096382,1035248,295926,284993,18141,17460,135467,132679,5188,5044,115815,112868,1204179,1140171,345827,334931,53876,51987,176657,172156,11930,11549,618292,579427,482362,453066,38529,36340,42673,38792,8410,7785,2448,2196,43870,41248,522687,490906,57273,53994,64008,58984,19805,18425,5529,5085
R,7,2024,20,4485626,2302840,2182786,1597162,1503610,333856,321848,61003,55033,147195,144152,7800,7214,155824,150929,1741573,1643653,399724,387032,117520,109612,198452,193078,17518,16447,1689087,1607356,1116587,1051813,296247,286043,18183,17275,138990,136583,5318,5040,113762,110602,1222438,1154715,344488,334131,54020,52173,179401,175078,12025,11450,613753,575430,480575,451797,37609,35805,42820,37758,8205,7569,2482,2174,42062,40327,519135,488938,55236,52901,63500,57439,19051,18000,5493,4997
R,7,2024,21,4462160,2289439,2172721,1588571,1497277,332345,321387,60926,54447,149928,146731,7751,7175,149918,145704,1727468,1632224,394961,383096,116667,108448,198915,193987,17074,15946,1681368,1602463,1111742,1048991,294761,286059,17830,16704,142130,138997,5355,5053,109550,106659,1213522,1148119,340711,331604,53295,51187,180740,176186,11832,11230,608071,570258,476829,448286,37584,35328,43096,37743,7798,7734,2396,2122,40368,39045,513946,484105,54250,51492,63372,57261,18175,17801,5242,4716
R,7,2024,22,4545285,2314380,2230905,1599302,1530593,344247,340689,59861,54763,160822,156991,7652,7474,142496,140395,1730915,1659875,403413,400704,113134,106629,207493,202415,16820,16486,1706818,1657628,1121066,1079037,305891,303961,17590,17078,153035,149304,5397,5317,103839,102931,1217228,1174104,349204,348220,51292,50274,189709,185069,11824,11681,607562,573277,478236,451556,38356,36728,42271,37685,7787,7687,2255,2157,38657,37464,513687,485771,54209,52484,61842,56355,17784,17346,4996,4805
R,7,2024,23,4831978,2448000,2383978,1686346,1636358,366698,365135,60176,55442,186385,180758,8226,8212,140169,138073,1814990,1763227,424902,424140,112052,104923,232740,226558,17799,17544,1828801,1796060,1198084,1170653,326495,327473,17983,17788,178212,172724,5953,5839,102074,101583,1291967,1264142,368873,371168,50936,49258,214797,209305,12689,12541,619199,587918,488262,465705,40203,37662,42193,37654,8173,8034,2273,2373,38095,36490,523023,499085,56029,52972,61116,55665,17943,17253,5110,5003
R,7,2024,24,4869332,2468513,2400819,1709096,1651515,365414,366444,60176,54486,191656,186400,8568,8181,133603,133793,1831675,1774232,420335,423634,110431,102793,235592,230768,17584,16998,1854427,1819734,1222633,1190446,326402,328816,18062,17285,183459,178387,6305,5800,97566,99000,1312317,1281477,366444,371219,49814,48234,218511,213936,12785,12053,614086,581085,486463,461069,39012,37628,42114,37201,8197,8013,2263,2381,36037,34793,519358,492755,53891,52415,60617,54559,17081,16832,4799,4945
R,7,2024,25,4728379,2397912,2330467,1669481,1610352,347629,349083,57591,52324,186813,182771,8394,8031,128004,127906,1786846,1727768,399612,403082,106018,99022,229056,224912,17269,16501,1806113,1768430,1200070,1163860,310296,312932,17119,16387,178768,174767,6095,5705,93765,94779,1286183,1251060,348373,353159,48056,46547,212436,208497,12441,11733,591799,562037,469411,446492,37333,36151,40472,35937,8045,8004,2299,2326,34239,33127,500663,476708,51239,49923,57962,52475,16620,16415,4828,4768
R,7,2024,26,4595794,2330522,2265272,1623796,1560908,335543,336599,56234,51009,185174,186048,8134,7849,121641,122859,1735258,1673670,384437,388153,102871,96362,224943,226147,16381,15826,1756892,1722375,1168621,1128702,299668,302478,16314,15703,177406,178198,5937,5572,88946,91722,1250182,1213120,335400,341056,45866,45056,209314,210771,11910,11370,573630,542897,455175,432206,35875,34121,39920,35306,7768,7850,2197,2277,32695,31137,485076,460550,49037,47097,57005,51306,15629,15376,4471,4456
R,7,2024,27,4491577,2274954,2216623,1586352,1524669,324141,326417,55199,49461,184598,189180,7726,7435,116938,119461,1693319,1634173,370418,375754,100644,94672,223098,227994,15682,15154,1711688,1684381,1139296,1101131,289023,293206,15548,14810,177077,181661,5627,5414,85117,88159,1217341,1182057,322408,329744,44168,43652,207997,213009,11361,10950,563266,532242,447056,423538,35118,33211,39651,34651,7521,7519,2099,2021,31821,31302,475978,452116,48010,46010,56476,51020,15101,14985,4321,4204
R,7,2024,28,4476138,2263000,2213138,1582762,1522542,317400,323793,55447,49482,185488,193015,7652,7292,114251,117014,1687260,1629726,362143,371349,100303,94772,222937,230908,15626,14950,1704934,1683472,1140196,1101360,282692,290551,15343,14623,177965,185336,5553,5424,83185,86178,1216465,1180463,314852,325571,43591,43468,208194,216018,11322,10993,558066,529666,442566,421182,34708,33242,40104,34859,7523,7679,2099,1868,31066,30836,470795,449263,47291,45778,56712,51304,14743,14890,4304,3957
R,7,2024,29,4510254,2274508,2235746,1592304,1536646,323000,333473,55641,49662,184178,193264,7764,7424,111621,115277,1694036,1641841,366308,380204,100364,94762,220613,230262,15629,15275,1718389,1704876,1151681,1114450,288152,299352,15445,14828,176442,185689,5701,5484,80968,85073,1225504,1192193,319121,333597,43619,43886,205903,215802,11404,11225,556119,530870,440623,422196,34848,34121,40196,34834,7736,7575,2063,1940,30653,30204,468532,449648,47187,46607,56745,50876,14710,14460,4225,4050
R,7,2024,30,4545085,2287243,2257842,1601515,1548025,327206,342954,54965,50104,186125,194512,7654,7433,109778,114814,1701350,1652896,368755,388718,99689,96219,222084,231179,15727,15203,1737644,1729012,1164926,1127858,293157,309001,15606,15022,178736,186886,5630,5435,79589,84810,1237317,1205454,322842,342524,43642,44933,207976,216703,11547,11133,549599,528830,436589,420167,34049,33953,39359,35082,7389,7626,2024,1998,30189,30004,464033,447442,45913,46194,56047,51286,14108,14476,4180,4070
R,7,2024,31,4594124,2307807,2286317,1616190,1566415,331728,350445,56118,51038,189070,197717,7778,7470,106923,113232,1713273,1669597,371935,395069,100373,97851,223873,233426,15652,15128,1761431,1759546,1182471,1148539,297459,316371,15989,15484,181848,190191,5777,5406,77887,83555,1253230,1224768,326238,348746,44042,46015,210202,219382,11574,11033,546376,526771,433719,417876,34269,34074,40129,35554,7222,7526,2001,2064,29036,29677,460043,444829,45697,46323,56331,51836,13671,14044,4078,4095
R,7,2024,32,4671312,2342657,2328655,1649367,1602105,332740,355363,56279,51586,190275,199424,7578,7296,106418,112881,1746296,1705022,371348,398387,101818,99479,224446,234895,15374,14942,1796374,1801166,1214895,1183412,298690,320564,16523,16175,183087,192085,5591,5419,77588,83511,1285590,1259700,326030,351676,45770,47820,210975,221052,11390,11033,546283,527489,434472,418693,34050,34799,39756,35411,7188,7339,1987,1877,28830,29370,460706,445322,45318,46711,56048,51659,13471,13843,3984,3909
R,7,2024,33,4757860,2381587,2376273,1680479,1635068,337327,364068,57094,52111,194328,205058,7938,7625,104421,112343,1774855,1737267,374821,406408,102159,100575,228462,240541,15782,15402,1837115,1851696,1248650,1220193,302868,329044,16866,16486,187000,197509,5930,5660,75801,82804,1317239,1295643,329190,359299,45527,48362,214942,226477,11718,11470,544472,524577,431829,414875,34459,35024,40228,35625,7328,7549,2008,1965,28620,29539,457616,441624,45631,47109,56632,52213,13520,14064,4064,3932
R,7,2024,34,4794528,2396179,2398349,1695872,1653309,337962,366613,56468,51752,196130,208036,7746,7580,102001,111059,1788384,1754355,373503,407198,100949,101445,229609,242420,15467,15130,1859152,1878391,1268612,1241373,304452,331889,16839,16588,189019,200954,5773,5637,74457,81950,1336166,1315989,329229,360616,45556,49702,216543,229159,11537,11338,537027,519958,427260,411936,33510,34724,39629,35164,7111,7082,1973,1943,27544,29109,452218,438366,44274,46582,55393,51743,13066,13261,3930,3792
R,7,2024,35,4655460,2323472,2331988,1649024,1609636,322495,352526,53970,50270,193154,207145,7433,7128,97396,105283,1737359,1705206,355996,390262,97354,97829,224758,240145,14705,14409,1813483,1835384,1243386,1215274,291066,319641,16233,16314,186303,200365,5589,5320,70906,78470,1307643,1286478,314257,346582,44105,48423,212344,227733,11147,10858,509989,496604,405638,394362,31429,32885,37737,33956,6851,6780,1844,1808,26490,26813,429716,418728,41739,43680,53249,49406,12414,12412,3558,3551
R,7,2024,36,4577885,2279967,2297918,1629323,1597404,308567,339455,53930,49610,187144,202275,7264,7104,93739,102070,1714349,1690161,339719,375789,96172,96703,217630,233701,14354,14104,1777247,1807995,1228582,1208031,278192,307608,16007,15722,180506,195671,5370,5268,68590,75695,1290781,1276936,299831,333269,43324,47395,205817,221589,10740,10600,502720,489923,400741,389373,30375,31847,37923,33888,6638,6604,1894,1836,25149,26375,423568,413225,39888,42520,52848,49308,11813,12112,3614,3504
R,7,2024,37,4521041,2251645,2269396,1618286,1584817,301757,331891,52386,48654,182063,197325,7207,6958,89946,99751,1699683,1675520,331547,366781,93949,95708,211036,227850,14037,13664,1759953,1787034,1225418,1201033,272213,301058,15574,15339,175634,190706,5377,5084,65737,73814,1284772,1268172,292907,325503,42478,47054,199701,216026,10648,10147,491692,482362,392868,383784,29544,30833,36812,33315,6429,6619,1830,1874,24209,25937,414911,407348,38640,41278,51471,48654,11335,11824,3389,3517
R,7,2024,38,4542429,2262239,2280190,1632315,1599829,299043,330146,52732,48998,181360,197210,7150,6878,89639,97129,1713497,1687951,327941,363184,94889,96028,210162,226455,14083,13553,1768845,1800563,1237791,1216860,269598,300129,15268,15517,174997,190763,5386,5132,65805,72162,1297400,1282350,289406,323328,43008,47694,198956,214951,10646,10207,493394,479627,394524,382969,29445,30017,37464,33481,6363,6447,1764,1746,23834,24967,416097,405601,38535,39856,51881,48334,11206,11504,3437,3346
R,7,2024,39,4523696,2251025,2272671,1631035,1598803,294816,325842,52025,48997,179716,197128,7013,6874,86420,95027,1709268,1685092,321880,357311,93542,96219,207349,225321,13696,13440,1765403,1797350,1241992,1218996,266882,296481,14889,15530,173429,190832,5247,5202,62964,70309,1298937,1282831,285237,318314,42071,47738,196343,214238,10319,10186,485622,475321,389043,379807,27934,29361,37136,33467,6287,6296,1766,1672,23456,24718,410331,402261,36643,38997,51471,48481,11006,11083,3377,3254
R,7,2024,40,4396672,2183062,2213610,1583200,1558167,282598,315730,51015,47804,176752,193572,6736,6716,82761,91621,1657791,1641089,308247,345534,91653,94307,202907,220691,13224,13225,1712113,1748492,1205907,1185010,255398,287917,14716,15049,170678,187545,5056,4984,60358,67987,1260189,1246514,272920,308597,41393,47059,192348,209912,10049,9989,470949,465118,377293,373157,27200,27813,36299,32755,6074,6027,1680,1732,22403,23634,397602,394575,35327,36937,50260,47248,10559,10779,3175,3236
R,7,2024,41,4442542,2199674,2242868,1600186,1583172,285263,318894,51606,48902,173033,193217,6549,6683,83037,92000,1675291,1666263,310694,348413,93191,96819,198487,219736,12978,13161,1728847,1771012,1222325,1204502,258341,290763,14961,15406,167290,187218,4871,4996,61059,68127,1277456,1266019,275826,311238,42766,48410,188420,209131,9790,9929,470827,471856,377861,378670,26922,28131,36645,33496,5743,5999,1678,1687,21978,23873,397835,400244,34868,37175,50425,48409,10067,10605,3188,3232
R,7,2024,42,4406001,2175913,2230088,1588212,1577472,281677,317294,50844,48159,168639,190397,6478,6586,80063,90180,1660505,1658905,306093,346367,91647,95835,192756,215860,12735,12903,1710503,1760815,1214373,1199875,255148,289542,14731,14861,162923,184451,4817,4847,58511,67239,1267053,1260632,271983,309852,41845,48105,182824,205441,9659,9683,465410,469273,373839,377597,26529,27752,36113,33298,5716,5946,1661,1739,21552,22941,393452,398273,34110,36515,49802,47730,9932,10419,3076,3220
R,7,2024,43,4362990,2155378,2207612,1578261,1566447,280237,315632,50384,47914,161074,183406,6371,6285,79051,87928,1649414,1645933,304213,343859,91275,94978,184431,207675,12481,12315,1695537,1743024,1208510,1192348,254597,288268,14475,14935,155368,177522,4670,4670,57917,65281,1260551,1251358,271091,307995,41818,47625,174723,197549,9331,9240,459841,464588,369751,374099,25640,27364,35909,32979,5706,5884,1701,1615,21134,22647,388863,394575,33122,35864,49457,47353,9708,10126,3150,3075
R,7,2024,44,4351732,2149475,2202257,1572522,1559567,284751,320041,50264,48050,158000,181015,6485,6513,77453,87071,1642328,1638113,308172,347945,91125,95162,180335,204759,12378,12619,1689178,1738425,1201128,1185925,259564,292814,14613,15102,152345,175257,4823,4796,56705,64531,1252088,1244087,275566,312225,42116,47938,170831,194765,9424,9439,460297,463832,371394,373642,25187,27227,35651,32948,5655,5758,1662,1717,20748,22540,390240,394026,32606,35720,49009,47224,9504,9994,2954,3180
R,7,2024,45,4141396,2040815,2100581,1495317,1489683,268887,303357,47546,45349,150329,174198,6061,5972,72675,82022,1560761,1563615,290593,329515,86129,89832,171207,196431,11585,11606,1609104,1660634,1146593,1134933,245482,277734,13826,13906,145192,168711,4505,4357,53506,60993,1194716,1189907,260382,295757,39962,45112,162536,187084,8781,8653,431711,439947,348724,354750,23405,25623,33720,31443,5137,5487,1556,1615,19169,21029,366045,373708,30211,33758,46167,44720,8671,9347,2804,2953
R,7,2024,46,4037422,1987016,2050406,1463690,1462225,257117,290361,45906,44874,144589,167976,5631,5765,70083,79205,1526920,1533583,277663,315050,83661,88375,164678,189614,10680,11091,1563503,1617393,1119817,1111729,234924,265902,13281,13992,139680,162616,4233,4220,51568,58934,1166273,1164766,248963,283110,38935,44554,156392,180444,8093,8352,423513,433013,343873,350496,22193,24459,32625,30882,4909,5360,1398,1545,18515,20271,360647,368817,28700,31940,44726,43821,8286,9170,2587,2739
R,7,2024,47,3987871,1958793,2029078,1444193,1446649,252120,287923,45372,43839,143387,167622,5575,5727,68146,77318,1505606,1516361,272064,311712,82718,87107,162487,188448,10603,10942,1544055,1599746,1106648,1097463,230832,263966,13585,14052,138493,162421,4124,4217,50373,57627,1151937,1149367,244398,280420,39199,44548,154439,179609,7978,8193,414738,429332,337545,349186,21288,23957,31787,29787,4894,5201,1451,1510,17773,19691,353669,366994,27666,31292,43519,42559,8048,8839,2625,2749
R,7,2024,48,3861348,1897036,1964312,1396514,1401411,242256,275731,43739,42220,143456,166432,5261,5436,65810,73082,1455761,1467118,260765,298128,80376,83447,161704,185824,10129,10280,1493091,1545456,1067041,1058992,221679,253144,12930,13299,138799,161327,3995,4020,48647,54674,1110751,1108083,234330,268818,38108,42420,154059,177462,7785,7797,403945,418856,329473,342419,20577,22587,30809,28921,4657,5105,1266,1416,17163,18408,345010,359035,26435,29310,42268,41027,7645,8362,2344,2483
R,7,2024,49,3901868,1916566,1985302,1415948,1422006,243633,276073,42572,42263,145617,168082,5163,5230,63633,71648,1473149,1486512,261527,297357,78368,83031,162985,187217,9712,9844,1519897,1572215,1091185,1083305,223577,254438,12965,13545,140995,163167,3919,3906,47256,53854,1133557,1131659,236023,269322,37773,42582,155441,179140,7425,7454,396669,413087,324763,338701,20056,21635,29607,28718,4622,4915,1244,1324,16377,17794,339592,354853,25504,28035,40595,40449,7544,8077,2287,2390
R,7,2024,50,3806301,1867212,1939089,1379533,1389535,236516,268726,41445,40320,143678,165805,4871,5191,61169,69512,1434559,1452082,253448,289210,76148,80161,160395,184257,9215,9665,1486072,1539741,1066442,1060849,217797,248119,12687,13334,139380,161136,3714,3808,46052,52495,1107730,1107959,229662,262559,37276,41951,153444,176556,7084,7296,381140,399348,313091,328686,18719,20607,28758,26986,4298,4669,1157,1383,15117,17017,326829,344123,23786,26651,38872,38210,6951,7701,2131,2369
R,7,2024,51,3864609,1889703,1974906,1395813,1414514,243257,277191,40833,40486,144026,168369,4950,5068,60824,69278,1450513,1476704,259859,297591,75541,80407,160567,186581,9222,9588,1514635,1579083,1087377,1088154,224971,256768,12967,13689,139773,163713,3737,3788,45810,52971,1128404,1135635,236594,271286,37541,42855,153701,179005,7138,7299,375068,395823,308436,326360,18286,20423,27866,26797,4253,4656,1213,1280,15014,16307,322109,341069,23265,26305,38000,37552,6866,7576,2084,2289
R,7,2024,52,4019194,1964991,2054203,1465820,1486452,248563,284710,40697,39960,143177,167765,4812,5018,61922,70298,1521521,1549761,265171,304752,76830,81405,159353,185626,9183,9552,1595170,1663217,1160417,1163473,230921,264782,13514,13829,138977,163156,3626,3735,47715,54242,1203199,1212194,242937,279268,39942,44528,152715,178283,7099,7291,369821,390986,305403,322979,17642,19928,27183,26131,4200,4609,1186,1283,14207,16056,318322,337567,22234,25484,36888,36877,6638,7343,2084,2261
R,7,2024,53,4258738,2084784,2173954,1573733,1592941,260285,298245,40632,40748,140721,164142,5070,5038,64343,72840,1631738,1658594,277222,318735,79116,84511,156964,181864,9572,9712,1714118,1783424,1267426,1270005,242559,278359,13928,14584,136448,159634,3839,3842,49918,57000,1312381,1321221,254666,293371,42496,47839,150264,174618,7419,7607,370666,390530,306307,322936,17726,19886,26704,26164,4273,4508,1231,1196,14425,15840,319357,337373,22556,25364,36620,36672,6700,7246,2153,2105
R,7,2024,54,4219466,2064541,2154925,1566264,1589279,253830,288667,39612,39442,138169,161942,4820,4985,61846,70610,1622014,1652846,270040,308395,76791,82349,153340,178893,9286,9642,1702637,1777214,1266735,1276626,236427,269712,13371,14442,134164,157551,3696,3841,48244,55042,1310108,1326039,248270,284216,41243,46826,147095,171796,7322,7588,361904,377711,299529,312653,17403,18955,26241,25000,4005,4391,1124,1144,13602,15568,311906,326807,21770,24179,35548,35523,6245,7097,1964,2054
R,7,2024,55,4060066,1981295,2078771,1510334,1540202,239017,273985,37512,37766,131834,155465,4501,4822,58097,66531,1562859,1600184,253933,292219,72911,78938,145996,170918,8496,9037,1638470,1719452,1225367,1242250,222934,256105,13206,14058,128188,151388,3476,3676,45299,51975,1266237,1289034,233719,269210,39796,45511,140230,164398,6707,7024,342825,359319,284967,297952,16083,17880,24306,23708,3646,4077,1025,1146,12798,14556,296622,311150,20214,23009,33115,33427,5766,6520,1789,2013
R,7,2024,56,3959937,1928895,2031042,1470677,1504211,237883,274926,36484,36024,125045,148299,4429,4707,54377,62875,1519639,1560722,251790,292313,70062,75142,137912,162653,8223,8855,1595991,1682374,1193640,1213866,222246,257588,12888,13758,121465,144378,3427,3611,42325,49173,1231603,1257955,232260,270185,38315,43752,132305,156381,6496,6962,332904,348668,277037,290345,15637,17338,23596,22266,3580,3921,1002,1096,12052,13702,288036,302767,19530,22128,31747,31390,5607,6272,1727,1893
R,7,2024,57,3958675,1922775,2035900,1479329,1522418,235134,274703,35067,35409,115791,136943,4465,4607,52989,61820,1527208,1578162,248543,291750,68321,74456,127828,150218,8109,8576,1602269,1699266,1211626,1241921,220529,257761,12973,13930,112381,133273,3435,3552,41325,48829,1248883,1285836,230236,270376,38081,44212,122569,144442,6427,6744,320506,336634,267703,280497,14605,16942,22094,21479,3410,3670,1030,1055,11664,12991,278325,292326,18307,21374,30240,30244,5259,5776,1682,1832
R,7,2024,58,4035958,1957874,2078084,1504093,1551900,243717,285182,35125,35775,117408,138559,4406,4697,53125,61971,1551665,1607511,257324,302176,68780,75285,129238,151851,8186,8704,1640253,1744103,1238632,1273237,228736,268709,13438,14471,114112,134962,3431,3661,41904,49063,1276034,1317196,238626,281178,39457,45309,124100,146108,6512,6890,317621,333981,265461,278663,14981,16473,21687,21304,3296,3597,975,1036,11221,12908,275631,290315,18698,20998,29323,29976,5138,5743,1674,1814
R,7,2024,59,4198410,2029069,2169341,1572049,1636964,248040,291140,34973,35554,116194,137928,4304,4780,53509,62975,1620220,1693565,261223,308239,69289,76204,127921,150932,8049,8772,1718429,1839942,1311731,1360931,233731,274898,13911,15339,113017,134441,3346,3763,42693,50570,1350059,1406343,243523,287741,40675,47591,123036,145387,6423,7028,310640,329399,260318,276033,14309,16242,21062,20215,3177,3487,958,1017,10816,12405,270161,287222,17700,20498,28614,28613,4885,5545,1626,1744
R,7,2024,60,4286803,2066627,2220176,1610869,1686845,246309,290311,34278,35046,117440,140438,4079,4530,53652,63006,1659212,1743537,259413,306686,69322,76439,128760,153406,7748,8508,1768716,1900210,1360979,1418368,232493,274426,14181,15481,114480,137240,3255,3525,43328,51170,1399901,1464289,242331,286848,42056,48786,124156,148306,6269,6818,297911,319966,249890,268477,13816,15885,20097,19565,2960,3198,824,1005,10324,11836,259311,279248,17082,19838,27266,27653,4604,5100,1479,1690
R,7,2024,61,4276961,2057704,2219257,1610182,1694826,240459,285630,33098,33807,117720,138736,3954,4450,52291,61808,1657251,1750398,252911,301791,67471,74612,128778,151116,7427,8265,1774781,1913098,1372244,1437359,227702,270914,14189,15393,114836,135453,3157,3555,42653,50424,1410555,1482599,237124,283300,41811,48423,124367,146010,6085,6710,282923,306159,237938,257467,12757,14716,18909,18414,2884,3283,797,895,9638,11384,246696,267799,15787,18491,25660,26189,4411,5106,1342,1555
R,7,2024,62,4247324,2038168,2209156,1610687,1704836,234567,280587,31441,32921,106573,126150,4076,4411,50824,60251,1656593,1759165,246407,296072,65095,73076,117200,138006,7416,8104,1768668,1916156,1383591,1457728,222514,266943,13779,15237,103910,123133,3275,3509,41599,49606,1421075,1502365,231548,278887,40926,48062,113158,133328,6089,6572,269500,293000,227096,247108,12053,13644,17662,17684,2663,3017,801,902,9225,10645,235518,256800,14859,17185,24169,25014,4042,4678,1327,1532
R,7,2024,63,4272636,2044114,2228522,1625666,1729300,232096,279460,30228,32324,102245,123927,3866,4165,50013,59346,1670787,1782690,243988,294487,63576,72308,112568,135450,7097,7844,1787695,1946495,1409530,1491658,220581,266317,13596,15357,99765,121040,3100,3337,41123,48786,1446538,1535474,229616,277868,40711,48028,108700,130918,5807,6322,256419,282027,216136,237642,11515,13143,16632,16967,2480,2887,766,828,8890,10560,224249,247216,14372,16619,22865,24280,3868,4532,1290,1522
R,7,2024,64,4206662,2005736,2200926,1591402,1703557,228926,277220,29643,31601,103871,127059,3623,4094,48271,57395,1634920,1755054,240121,292171,61828,69926,113903,138294,6789,7552,1757369,1926401,1381929,1472089,217687,264376,13427,15021,101471,124254,2946,3310,39909,47351,1417800,1514462,226317,275992,39693,46452,110259,133876,5595,6183,248367,274525,209473,231468,11239,12844,16216,16580,2400,2805,677,784,8362,10044,217120,240592,13804,16179,22135,23474,3644,4418,1194,1369
R,7,2024,65,4106689,1949785,2156904,1556131,1678594,218928,268727,27544,29947,97899,121144,3476,3786,45807,54706,1597346,1727905,229585,282622,58339,66875,107299,131595,6332,7026,1720477,1900678,1362557,1462123,208687,256968,12722,14535,95659,118532,2831,3112,38021,45408,1396705,1502939,216998,267856,37913,45029,103897,127575,5234,5795,229308,256226,193574,216471,10241,11759,14822,15412,2240,2612,645,674,7786,9298,200641,224966,12587,14766,20426,21846,3402,4020,1098,1231
R,7,2024,66,4065675,1923549,2142126,1542052,1676288,210469,259757,25669,28383,98243,121336,3252,3576,43864,52786,1581591,1723779,220583,273237,55153,64305,107210,131292,5983,6584,1709748,1898332,1360993,1469831,200814,248607,12396,14122,96228,118876,2670,2911,36647,43985,1393925,1509327,208713,259215,36776,43864,104122,127510,4998,5404,213801,243794,181059,206457,9655,11150,13273,14261,2015,2460,582,665,7217,8801,187666,214452,11870,14022,18377,20441,3088,3782,985,1180
R,7,2024,67,3996807,1882460,2114347,1515303,1659972,203206,255437,25166,27170,93678,117975,3189,3478,41918,50315,1553057,1705217,212881,268156,53530,61767,102141,127132,5790,6404,1677963,1878400,1342068,1459509,194208,244680,12059,13568,91756,115710,2673,2829,35199,42104,1373696,1497255,201839,254804,35636,42390,99242,123625,4889,5293,204497,235947,173235,200463,8998,10757,13107,13602,1922,2265,516,649,6719,8211,179361,207962,11042,13352,17894,19377,2899,3507,901,1111
R,7,2024,68,3825460,1794950,2030510,1447458,1595524,190563,242541,23334,25451,91444,116151,2870,3271,39281,47572,1482927,1638292,199573,254553,49776,58046,99288,125009,5405,6034,1602848,1807624,1284660,1405743,182122,232300,11128,13113,89596,113880,2368,2710,32974,39878,1314368,1441506,189202,241792,33083,40334,96502,121591,4500,5051,192102,222886,162798,189781,8441,10241,12206,12338,1848,2271,502,561,6307,7694,168559,196786,10371,12761,16693,17712,2786,3418,905,983
R,7,2024,69,3737650,1747789,1989861,1415314,1571469,181722,232456,22076,24462,89000,113430,2750,3203,36927,44841,1448461,1611577,190304,243891,47086,54967,96348,121994,5181,5956,1565848,1776508,1260964,1389813,173578,222880,10754,12284,87318,111378,2272,2634,30962,37519,1288700,1423223,180343,231883,31512,37645,93807,118880,4354,4982,181941,213353,154350,181656,8144,9576,11322,12178,1682,2052,478,569,5965,7322,159761,188354,9961,12008,15574,17322,2541,3114,827,974
R,7,2024,70,3576160,1661960,1914200,1356675,1522400,166798,218783,19773,22473,82921,105894,2519,2975,33274,41675,1386679,1559734,174608,229539,42512,51101,89341,113372,4565,5499,1497177,1716314,1216213,1353208,159464,209998,9902,11681,81443,103958,2105,2446,28050,35023,1241444,1384492,165575,218495,28921,35702,87142,110468,3874,4612,164783,197886,140462,169192,7334,8785,9871,10792,1478,1936,414,529,5224,6652,145235,175242,9033,11044,13591,15399,2199,2904,691,887
R,7,2024,71,3417857,1582433,1835424,1299364,1468236,153025,204008,18276,20650,78394,100430,2329,2711,31045,39389,1327291,1503669,160216,214034,39450,47656,84461,107557,4305,5081,1430029,1650189,1169029,1309336,146391,195778,9340,11016,77020,98763,1945,2252,26304,33044,1192622,1338923,152118,203746,27143,33567,82430,104983,3643,4298,152404,185235,130335,158900,6634,8230,8936,9634,1374,1667,384,459,4741,6345,134669,164746,8098,10288,12307,14089,2031,2574,662,783
R,7,2024,72,3252717,1500978,1751739,1239709,1408435,141334,191329,16407,19151,72707,94444,2181,2536,28640,35844,1265488,1440533,148016,200491,36074,43966,78168,100757,4046,4725,1361534,1579994,1119959,1260630,135277,183814,8576,10270,71446,92905,1851,2100,24425,30275,1141854,1287643,140662,191057,25227,31256,76325,98440,3449,3983,139444,171745,119750,147805,6057,7515,7831,8881,1261,1539,330,436,4215,5569,123634,152890,7354,9434,10847,12710,1843,2317,597,742
R,7,2024,73,3113928,1428753,1685175,1181478,1353208,134954,187143,15529,18230,68027,90129,1950,2388,26815,34077,1205557,1383786,141263,196118,34129,41954,72924,95818,3646,4415,1295861,1520590,1067153,1211616,129251,180050,8109,9668,66909,88668,1677,1980,22762,28608,1087497,1237177,134328,187180,23811,29616,71237,93575,3151,3717,132892,164585,114325,141592,5703,7093,7420,8562,1118,1461,273,408,4053,5469,118060,146609,6935,8938,10318,12338,1687,2243,495,698
R,7,2024,74,2956163,1350344,1605819,1114940,1288535,125284,175550,14486,16758,68652,90926,1854,2128,25128,31922,1137544,1317068,131204,183992,31775,38716,73347,96535,3489,4110,1227208,1449468,1008943,1153454,119998,168729,7696,9115,67559,89481,1575,1793,21437,26896,1028158,1177385,124738,175478,22338,27606,71745,94345,3030,3512,123136,156351,105997,135081,5286,6821,6790,7643,1093,1445,279,335,3691,5026,109386,139683,6466,8514,9437,11110,1602,2190,459,598
R,7,2024,75,2840686,1290641,1550045,1076296,1257771,113587,161125,13388,15463,62382,83485,1768,2046,23220,30155,1097202,1284783,118887,168967,29509,36492,66649,88482,3347,3917,1178349,1406198,979202,1133117,109028,155088,7226,8477,61353,82180,1488,1725,20052,25611,997202,1155989,113296,161388,21132,26356,65177,86566,2883,3341,112292,143847,97094,124654,4559,6037,6162,6986,1029,1305,280,321,3168,4544,100000,128794,5591,7579,8377,10136,1472,1916,464,576
R,7,2024,76,2748536,1245866,1502670,1049340,1231799,103104,148880,12143,14355,58087,77106,1565,1913,21627,28617,1068880,1257464,108012,156259,27189,34309,61992,81834,2970,3642,1140815,1366847,958144,1113910,98901,143192,6762,7940,57201,75888,1320,1609,18487,24308,974788,1135617,102919,149138,19513,24855,60695,80045,2580,3141,105051,135823,91196,117889,4203,5688,5381,6415,886,1218,245,304,3140,4309,94092,121847,5093,7121,7676,9454,1297,1789,390,501
R,7,2024,77,2808480,1269995,1538485,1087693,1285753,94629,138104,11692,13777,53149,71031,1461,1652,21371,28168,1107047,1311214,99358,145259,26815,33747,56782,75452,2816,3303,1172423,1409947,1002760,1173852,90843,132823,6640,7814,52355,69916,1253,1393,18572,24149,1019575,1195613,94718,138634,19775,24990,55571,73775,2461,2849,97572,128538,84933,111901,3786,5281,5052,5963,794,1115,208,259,2799,4019,87472,115601,4640,6625,7040,8757,1211,1677,355,454
R,7,2024,78,2018936,901822,1117114,759239,915834,72274,108817,8756,11097,44765,59189,1235,1526,15553,20651,773294,934340,75906,114274,19365,25133,47641,62804,2345,2925,820124,1006030,687997,819285,68986,104016,4757,5967,44067,58185,1044,1283,13273,17294,699979,834702,71852,108339,13789,17725,46612,61334,2035,2501,81698,111084,71242,96549,3288,4801,3999,5130,698,1004,191,243,2280,3357,73315,99638,4054,5935,5576,7408,1029,1470,310,424
R,7,2024,79,1915295,847452,1067843,716121,878709,66911,103566,7972,10236,41032,54954,1054,1352,14362,19026,729074,895675,70248,108701,17820,23136,43692,58195,2121,2674,773388,966165,651423,789710,64019,99432,4361,5676,40425,54078,899,1122,12261,16147,662433,804051,66697,103573,12714,16627,42789,56918,1847,2275,74064,101678,64698,88999,2892,4134,3611,4560,607,876,155,230,2101,2879,66641,91624,3551,5128,5106,6509,903,1277,274,399
R,7,2024,80,1819404,797513,1021891,678523,849087,60217,94270,7404,9514,37397,49734,942,1224,13030,18062,690248,865185,63396,99259,16327,21939,39709,52656,1888,2467,731033,927648,620297,766547,57623,90557,4160,5205,36917,48929,810,1027,11226,15383,630362,780204,60216,94626,11852,15793,38982,51490,1639,2121,66480,94243,58226,82540,2594,3713,3244,4309,480,805,132,197,1804,2679,59886,84981,3180,4633,4475,6146,727,1166,249,346
R,7,2024,81,1802010,782492,1019518,673064,857123,55770,90694,6577,8795,34039,44723,814,1089,12228,17094,684091,872425,58663,95371,14961,20608,36231,47412,1712,2235,721522,930867,619480,779641,53407,86970,3793,4825,33526,44014,705,907,10611,14510,629049,792570,55757,90700,11085,14940,35465,46320,1493,1925,60970,88651,53584,77482,2363,3724,2784,3970,513,709,109,182,1617,2584,55042,79855,2906,4671,3876,5668,766,1092,219,310
R,7,2024,82,1506765,645436,861329,550360,718027,47341,77984,5634,7736,31064,42207,718,1018,10319,14357,559646,730886,49769,81800,12745,17683,32939,44595,1435,1937,592298,783804,503525,649882,45298,75047,3289,4238,30678,41573,611,843,8897,12221,511507,660760,47292,78137,9401,12722,32360,43663,1237,1664,53138,77525,46835,68145,2043,2937,2345,3498,386,634,107,175,1422,2136,48139,70126,2477,3663,3344,4961,579,932,198,273
R,7,2024,83,1319820,555848,763972,472322,634103,41169,71281,5014,6941,27688,37825,674,833,8981,12989,480423,645672,43386,74892,11111,15811,29364,40025,1294,1733,508405,692630,430529,571267,39356,68539,2946,3872,27333,37261,581,696,7660,10995,437420,581028,41112,71438,8134,11383,28829,39178,1114,1482,47443,71342,41793,62836,1813,2742,2068,3069,355,564,93,137,1321,1994,43003,64644,2274,3454,2977,4428,535,847,180,251
R,7,2024,84,1174606,486632,687974,411696,570203,36410,64581,4552,6315,25544,34615,559,807,7871,11453,418735,580349,38359,67822,9859,14056,27051,36544,1118,1593,443747,621818,373946,511946,34765,61914,2605,3501,25203,34079,445,656,6783,9722,380004,520491,36357,64546,7136,10085,26555,35766,948,1342,42885,66156,37750,58257,1645,2667,1947,2814,341,536,114,151,1088,1731,38731,59858,2002,3276,2723,3971,496,778,170,251
R,7,2024,85,1052120,431509,620611,367039,517839,31092,55815,3852,5636,22298,30433,448,709,6780,10179,373128,526889,32738,58690,8374,12479,23629,32119,956,1423,393701,561403,333655,465492,29611,53472,2158,3213,22022,29968,369,590,5886,8668,338921,473158,30952,55800,6077,9058,23224,31450,836,1229,37808,59208,33384,52347,1481,2343,1694,2423,276,465,79,119,894,1511,34207,53731,1786,2890,2297,3421,405,669,120,194
R,7,2024,86,945991,380723,565268,324398,471918,26902,50847,3262,5095,19604,27744,417,599,6140,9065,329910,479977,28422,53468,7378,11066,20767,29335,842,1223,347885,512308,295179,425132,25687,48723,1988,2893,19354,27354,352,483,5325,7723,299954,431951,26917,50881,5563,7992,20399,28748,721,1033,32838,52960,29219,46786,1215,2124,1274,2202,250,390,65,116,815,1342,29956,48026,1505,2587,1815,3074,368,587,121,190
R,7,2024,87,811605,321230,490375,272972,409228,22770,44003,2826,4320,17072,24336,349,565,5241,7923,277703,416208,24132,46308,6270,9467,18103,25817,737,1154,293060,443751,247994,367996,21723,42154,1640,2426,16855,23972,300,458,4548,6745,252084,373887,22824,44065,4634,6793,17784,25279,649,981,28170,46624,24978,41232,1047,1849,1186,1894,217,364,49,107,693,1178,25619,42321,1308,2243,1636,2674,319,538,88,173
R,7,2024,88,714958,278403,436555,236850,364270,19726,39346,2426,3885,14607,21686,263,449,4531,6919,240919,370380,20914,41398,5296,8423,15553,22949,619,930,254130,395308,215278,327714,18838,37815,1420,2191,14427,21338,218,375,3949,5875,218814,332878,19822,39489,3899,6060,15280,22440,546,797,24273,41247,21572,36556,888,1531,1006,1694,180,348,45,74,582,1044,22105,37502,1092,1909,1397,2363,273,509,73,133
R,7,2024,89,630870,239701,391169,204468,327161,16528,34578,2094,3505,12563,19274,284,411,3764,6240,207829,332641,17537,36334,4451,7560,13346,20423,588,880,218541,354177,185584,294399,15746,33165,1271,1951,12422,18970,239,343,3279,5349,188497,299066,16590,34604,3310,5451,13138,19992,508,758,21160,36992,18884,32762,782,1413,823,1554,141,304,45,68,485,891,19332,33575,947,1730,1141,2109,208,431,80,122
R,7,2024,90,511852,191159,320693,162788,267699,13206,28507,1665,2743,10230,16228,225,337,3045,5179,165506,272249,13980,30057,3595,6029,10898,17285,458,734,174208,290790,147689,241139,12615,27317,970,1579,10109,15988,184,286,2641,4481,150035,245067,13263,28581,2617,4425,10714,16932,390,643,16951,29903,15099,26560,591,1190,695,1164,121,240,41,51,404,698,15471,27182,717,1476,978,1604,184,353,68,91
R,7,2024,91,447827,163897,283930,140036,237705,11019,24377,1374,2432,8615,14719,164,310,2689,4387,142474,241527,11714,25635,3024,5231,9217,15600,370,686,150023,258107,127675,214654,10513,23401,840,1469,8505,14509,140,264,2350,3810,129799,217963,11087,24450,2281,3890,9051,15306,326,605,13874,25823,12361,23051,506,976,534,963,110,210,24,46,339,577,12675,23564,627,1185,743,1341,166,294,44,81
R,7,2024,92,378237,134351,243886,115219,205100,8631,20386,1126,2084,6993,12215,133,279,2249,3822,117216,208424,9219,21568,2501,4480,7511,12964,340,607,122776,221995,104872,185569,8240,19560,650,1252,6910,12041,115,232,1989,3341,106638,188453,8760,20566,1842,3348,7381,12718,302,526,11575,21891,10347,19531,391,826,476,832,83,174,18,47,260,481,10578,19971,459,1002,659,1132,130,246,38,81
R,7,2024,93,316329,109406,206923,94106,174601,6823,16769,896,1680,5746,10415,121,219,1714,3239,95642,177367,7295,17757,1940,3745,6152,11063,267,508,99902,188320,85598,158011,6503,16051,530,982,5672,10297,101,188,1498,2791,86943,160372,6895,16873,1435,2755,6031,10878,228,449,9504,18603,8508,16590,320,718,366,698,74,118,20,31,216,448,8699,16995,400,884,505,990,121,185,39,59
R,7,2024,94,262437,87777,174660,75093,146940,5481,14199,793,1409,4904,9173,89,193,1417,2746,76333,149325,5869,15005,1633,3152,5244,9738,223,437,80214,159093,68324,133056,5230,13610,471,838,4855,9045,77,166,1257,2378,69419,135100,5565,14269,1205,2355,5172,9549,200,388,7563,15567,6769,13884,251,589,322,571,49,128,12,27,160,368,6914,14225,304,736,428,797,72,189,23,49
R,7,2024,95,201585,65503,136082,56033,114635,4127,11009,569,976,3622,7157,67,148,1085,2157,56981,116492,4452,11692,1254,2314,3864,7583,173,349,59842,124373,50982,104231,3938,10534,343,590,3575,7045,56,129,948,1844,51813,105800,4202,11124,941,1708,3795,7424,150,302,5661,11709,5051,10404,189,475,226,386,47,112,11,19,137,313,5168,10692,250,568,313,606,69,159,23,47
R,7,2024,96,158786,49414,109372,42285,92257,3063,8631,433,891,2711,5784,60,109,862,1700,43036,93690,3323,9161,919,1942,2924,6152,141,279,45190,100261,38517,84153,2911,8260,272,535,2690,5704,50,93,750,1516,39168,85421,3130,8718,689,1478,2889,6040,121,249,4224,9111,3768,8104,152,371,161,356,21,80,10,16,112,184,3868,8269,193,443,230,464,35,112,20,30
R,7,2024,97,120051,35865,84186,30487,70801,2291,6769,296,673,2053,4543,29,93,709,1307,31118,71919,2506,7174,706,1460,2214,4830,89,238,32922,77540,27842,64877,2205,6493,192,437,2036,4484,24,80,623,1169,28398,65875,2386,6842,549,1138,2187,4747,75,213,2943,6646,2645,5924,86,276,104,236,17,59,5,13,86,138,2720,6044,120,332,157,322,27,83,14,25
R,7,2024,98,85828,24953,60875,20979,50736,1701,5061,212,502,1557,3443,38,78,466,1055,21374,51618,1828,5413,485,1124,1686,3673,95,195,22808,55860,19066,46247,1626,4876,140,331,1535,3405,33,67,408,934,19411,47023,1728,5175,378,876,1652,3609,83,174,2145,5015,1913,4489,75,185,72,171,22,38,5,11,58,121,1963,4595,100,238,107,248,34,64,12,21
R,7,2024,99,62326,17256,45070,14308,37448,1217,3777,172,370,1174,2581,15,50,370,844,14613,38137,1319,4100,390,879,1269,2742,65,126,15839,41507,13066,34295,1167,3614,119,262,1157,2546,12,45,318,745,13329,34901,1252,3898,300,707,1243,2684,53,108,1417,3563,1242,3153,50,163,53,108,17,35,3,5,52,99,1284,3236,67,202,90,172,26,58,12,18
R,7,2024,100,108135,27458,80677,21616,64700,2251,7626,386,825,2424,5723,69,138,712,1665,22200,66031,2534,8230,738,1757,2641,6141,184,367,24826,74391,19335,59190,2152,7317,262,597,2393,5673,54,120,630,1494,19856,60377,2398,7844,571,1430,2586,6048,152,316,2632,6286,2281,5510,99,309,124,228,31,50,15,18,82,171,2344,5654,136,386,167,327,55,93,32,51
R,8,2024,999,340179306,166954403,173224903,121997006,124942302,21911516,23997520,3519101,3419447,11090683,12103788,468483,469524,7967614,8292322,129320077,132549698,25005472,27261773,6807947,6954574,13585045,14603356,992215,992245,132594016,138670449,94811445,97505119,19816089,21860793,1153400,1189771,10627864,11633451,345182,345101,5840036,6136214,100184365,103139458,22017863,24209985,3359255,3621651,12601550,13611942,723164,722674,34360387,34554454,27185561,27437183,2095427,2136727,2365701,2229676,462819,470337,123301,124423,2127578,2156108,29135712,29410240,2987609,3051788,3448692,3332923,983495,991414,269051,269571
R,8,2024,0,3619869,1851345,1768524,1205469,1150041,293561,284254,47025,44863,114521,107302,6857,6690,183912,175374,1377718,1314024,382924,370167,98442,93975,179239,168609,17460,16753,1306976,1246554,816226,776204,246615,239233,11619,11277,103852,97074,4637,4460,124027,118306,933025,887479,306510,297099,40296,38501,150807,141538,11172,10519,544369,521970,389243,373837,46946,45021,35406,33586,10669,10228,2220,2230,59885,57068,444693,426545,76414,73068,58146,55474,28432,27071,6288,6234
R,8,2024,1,3689410,1885539,1803871,1223881,1168137,301482,291913,48521,46848,119283,112443,7057,7017,185315,177513,1397409,1334082,391410,378753,100179,96482,184710,174686,17724,17209,1331844,1270554,827291,786475,254162,246396,11832,11542,108435,102024,4701,4562,125423,119555,945362,898886,314565,304697,40730,38936,156183,147248,11312,10687,553695,533317,396590,381662,47320,45517,36689,35306,10848,10419,2356,2455,59892,57958,452047,435196,76845,74056,59449,57546,28527,27438,6412,6522
R,8,2024,2,3761766,1919888,1841878,1246079,1192532,308748,300415,46918,45116,124098,117487,7219,6896,186826,179432,1421016,1360267,399391,388104,98824,95045,190170,180633,17948,17158,1369228,1309785,849594,809160,261984,255115,12225,11625,113432,107189,4816,4529,127177,122167,969292,923996,323145,314577,41467,39553,161999,153574,11528,10795,550660,532093,396485,383372,46764,45300,34693,33491,10666,10298,2403,2367,59649,57265,451724,436271,76246,73527,57357,55492,28171,27059,6420,6363
R,8,2024,3,3700359,1891576,1808783,1227563,1168577,307445,298855,44595,43082,122598,116535,6668,6335,182707,175399,1398651,1332537,396068,384573,95302,91834,187263,178303,17152,16345,1367195,1302183,849234,803039,263596,256389,12349,11878,112835,106942,4575,4259,124606,119676,966507,915530,323464,314594,40954,39221,160509,152450,11150,10395,524381,506600,378329,365538,43849,42466,32246,31204,9763,9593,2093,2076,58101,55723,432144,417007,72604,69979,54348,52613,26754,25853,6002,5950
R,8,2024,4,3803635,1943520,1860115,1272359,1212784,305577,297525,46603,44468,127380,121271,6867,6504,184734,177563,1445359,1378833,395311,384438,97590,93568,192824,183743,17442,16594,1418973,1357158,890680,846332,264242,257951,13990,13463,117844,112012,4789,4528,127428,122872,1010606,961846,325577,317841,43219,41543,166517,158591,11512,10820,524547,502957,381679,366452,41335,39574,32613,31005,9536,9259,2078,1976,57306,54691,434753,416987,69734,66597,54371,52025,26307,25152,5930,5774
R,8,2024,5,3863604,1971161,1892443,1299106,1241455,307244,300565,47835,46028,126505,121129,7174,6854,183297,176412,1470725,1406404,395817,386293,98740,95103,191334,183283,17871,16965,1446382,1385844,915110,870075,266818,261878,15030,14588,117109,111999,5014,4901,127301,122403,1034853,985052,327924,321282,44369,42757,165653,158271,11843,11314,524779,506599,383996,371380,40426,38687,32805,31440,9396,9130,2160,1953,55996,54009,435872,421352,67893,65011,54371,52346,25681,25012,6028,5651
R,8,2024,6,3930439,2006118,1924321,1326172,1266572,313389,306121,49190,47409,128045,122704,7402,6782,181920,174733,1496448,1429847,400740,390600,100330,96423,192315,184245,18212,16899,1477387,1413550,937661,891295,273275,267375,15278,14783,118862,113687,5262,4822,127049,121588,1057107,1005466,334057,326079,44876,42855,167186,159750,12220,11242,528731,510771,388511,375277,40114,38746,33912,32626,9183,9017,2140,1960,54871,53145,439341,424381,66683,64521,55454,53568,25129,24495,5992,5657
R,8,2024,7,3988769,2037815,1950954,1351241,1288054,315028,306994,50477,48679,132653,126589,7566,7011,180850,173627,1520159,1450101,400677,390479,102197,98580,196712,187254,18474,17268,1500726,1431619,954158,904892,274969,267930,16150,15503,123320,117583,5394,4987,126735,120724,1073078,1018145,334705,325953,46257,44227,171676,162889,12459,11493,537089,519335,397083,383162,40059,39064,34327,33176,9333,9006,2172,2024,54115,52903,447081,431956,65972,64526,55940,54353,25036,24365,6015,5775
R,8,2024,8,4076595,2081530,1995065,1392891,1328022,315603,309044,51983,50188,132005,126473,7493,7151,181555,174187,1562479,1490578,400773,391798,105082,101176,195906,187225,18486,17597,1531290,1465186,984416,934300,275470,270080,16423,16195,122601,117488,5325,5110,127055,122013,1103679,1048739,335050,328162,47343,45945,170573,163072,12371,11815,550240,529879,408475,393722,40133,38964,35560,33993,9404,8985,2168,2041,54500,52174,458800,441839,65723,63636,57739,55231,25333,24153,6115,5782
R,8,2024,9,4101437,2095504,2005933,1402511,1336960,320379,311435,52117,50882,133659,126859,7418,7204,179420,172593,1570120,1497979,404327,393369,105404,102040,196295,186507,18107,17397,1545017,1474818,991732,941755,280294,272195,16864,16168,124452,118092,5305,5103,126370,121505,1110334,1055652,339375,330102,48255,46090,171747,163100,12258,11695,550487,531115,410779,395205,40085,39240,35253,34714,9207,8767,2113,2101,53050,51088,459786,442327,64952,63267,57149,55950,24548,23407,5849,5702
R,8,2024,10,4092010,2092516,1999494,1405396,1336782,318850,309932,52435,50557,132452,126032,7441,7188,175942,169003,1569789,1494464,400462,389770,105503,101541,193748,183923,18030,17267,1545543,1473063,996440,944048,279083,270927,16876,16221,123224,117453,5292,5066,124628,119348,1113426,1055966,336852,327687,48387,46285,169775,161128,12236,11656,546973,526431,408956,392734,39767,39005,35559,34336,9228,8579,2149,2122,51314,49655,456363,438498,63610,62083,57116,55256,23973,22795,5794,5611
R,8,2024,11,4087671,2088128,1999543,1401834,1338774,317928,309386,53096,50585,135348,127978,7569,7142,172353,165678,1562607,1493111,397364,386619,105989,101785,195279,184766,18045,17091,1543168,1473457,993369,943969,278658,271250,17045,16298,126337,119390,5359,5031,122400,117519,1108153,1053974,335091,326365,48568,46738,171925,162461,12237,11535,544960,526086,408465,394805,39270,38136,36051,34287,9011,8588,2210,2111,49953,48159,454454,439137,62273,60254,57421,55047,23354,22305,5808,5556
R,8,2024,12,4101503,2096280,2005223,1412747,1347394,319282,309114,54526,51974,133021,126198,7432,7064,169272,163479,1570522,1499669,396905,384607,107630,103328,191194,181863,17760,16952,1546753,1475770,999893,948798,280077,271616,17027,16432,124047,117792,5247,4953,120462,116179,1112742,1057478,335494,325608,48838,47133,168382,160168,12069,11521,549527,529453,412854,398596,39205,37498,37499,35542,8974,8406,2185,2111,48810,47300,457780,442191,61411,58999,58792,56195,22812,21695,5691,5431
R,8,2024,13,4160291,2128922,2031369,1440339,1368678,325417,314793,54890,52895,131149,124369,7490,7296,169637,163338,1598426,1520700,402508,389735,109239,105263,188977,179737,17819,17238,1565451,1489517,1014299,960114,285779,276394,17221,16469,122110,115761,5299,5038,120743,115741,1127357,1068277,340955,329877,49893,47773,166088,157753,12182,11534,563471,541852,426040,408564,39638,38399,37669,36426,9039,8608,2191,2258,48894,47597,471069,452423,61553,59858,59346,57490,22889,21984,5637,5704
R,8,2024,14,4248404,2172631,2075773,1475327,1404341,332009,320413,55490,52844,130683,125057,7391,7205,171731,165913,1635435,1558877,410030,396813,111075,106552,188499,180302,17778,17242,1590644,1517988,1029366,976923,293079,282732,17226,16983,122093,116852,5195,4945,123685,119553,1145185,1088735,349511,338048,51172,50004,166684,159352,12224,11655,581987,557785,445961,427418,38930,37681,38264,35861,8590,8205,2196,2260,48046,46360,490250,470142,60519,58765,59903,56548,21815,20950,5554,5587
R,8,2024,15,4320815,2210373,2110442,1507836,1431914,337738,326730,55619,53615,130393,125436,7411,7224,171376,165523,1667258,1586020,415388,403151,111639,107376,187735,179789,17904,17285,1614891,1541036,1047606,992254,298428,289022,17805,17335,121846,117232,5109,4857,124097,120336,1163550,1104728,355276,345152,52304,50746,166245,159415,12185,11745,595482,569406,460230,439660,39310,37708,37814,36280,8547,8204,2302,2367,47279,45187,503708,481292,60112,57999,59335,56630,21490,20374,5719,5540
R,8,2024,16,4469550,2287048,2182502,1563305,1483975,348307,336164,58453,55652,135826,130191,7557,7183,173600,169337,1724702,1641333,426829,413777,115972,112194,193297,185503,18433,17339,1667607,1591479,1082308,1026335,307769,297878,18631,17760,127131,121691,5136,4860,126632,122955,1200461,1141085,365626,355015,54552,52890,171991,164418,12540,11770,619441,591023,480997,457640,40538,38286,39822,37892,8695,8500,2421,2323,46968,46382,524241,500248,61203,58762,61420,59304,21306,21085,5893,5569
R,8,2024,17,4489543,2299980,2189563,1578142,1496036,347574,333934,60395,56533,135857,129592,7582,7365,170430,166103,1736489,1650175,423810,409011,118719,113081,191639,183668,18126,17630,1673414,1594870,1092051,1033811,307004,295926,18483,17907,127067,121269,5061,5009,123748,120948,1207494,1146574,362747,351246,54804,53198,170455,163268,12282,11962,626566,594693,486091,462225,40570,38008,41912,38626,8790,8323,2521,2356,46682,45155,528995,503601,61063,57765,63915,59883,21184,20400,5844,5668
R,8,2024,18,4452622,2283135,2169487,1573677,1486112,338227,327132,60403,56134,138210,133317,7568,7149,165050,159643,1726972,1634314,410643,397872,117976,111404,192432,185474,17671,16949,1662053,1583531,1090358,1029356,298963,289835,18189,17582,129503,125292,5116,4858,119924,116608,1202210,1138101,351805,342228,54149,52368,171985,165887,12035,11563,621082,585956,483319,456756,39264,37297,42214,38552,8707,8025,2452,2291,45126,43035,524762,496213,58838,55644,63827,59036,20447,19587,5636,5386
R,8,2024,19,4454794,2285894,2168900,1578886,1488312,334602,321887,60925,56444,143827,140364,7660,7291,159994,154602,1727350,1631567,403455,389726,117963,111236,196488,190687,17454,16727,1666686,1588304,1095973,1034421,295912,285484,18141,17484,135433,132578,5208,5075,116019,113262,1204022,1139745,346002,335644,53847,52080,176654,172190,11912,11606,619208,580596,482913,453891,38690,36403,42784,38960,8394,7786,2452,2216,43975,41340,523328,491822,57453,54082,64116,59156,19834,18497,5542,5121
R,8,2024,20,4481195,2300332,2180863,1594569,1501600,333575,321621,61053,55014,147314,144310,7811,7226,156010,151092,1739138,1641774,399670,386887,117471,109582,198747,193348,17567,16475,1686039,1604966,1113637,1049608,295908,285766,18182,17235,139077,136671,5322,5047,113913,110639,1219602,1152535,344232,333889,53970,52048,179649,175264,12077,11457,614293,575897,480932,451992,37667,35855,42871,37779,8237,7639,2489,2179,42097,40453,519536,489239,55438,52998,63501,57534,19098,18084,5490,5018
R,8,2024,21,4466221,2291650,2174571,1590042,1498258,332246,321314,60990,54584,149983,146994,7775,7169,150614,146252,1729590,1633712,395222,383380,116873,108616,199209,194498,17127,16005,1682381,1603354,1112478,1049347,294581,285891,17848,16735,142136,139281,5359,5050,109979,107050,1214691,1148842,340779,331663,53353,51231,180912,176639,11837,11274,609269,571217,477564,448911,37665,35423,43142,37849,7847,7713,2416,2119,40635,39202,514899,484870,54443,51717,63520,57385,18297,17859,5290,4731
R,8,2024,22,4544535,2316103,2228432,1600868,1529508,343574,339225,60150,54921,160419,156313,7668,7463,143424,141002,1733395,1659389,403031,399475,113843,107024,207347,201905,16857,16453,1707039,1654080,1121579,1077149,305258,302590,17668,17053,152606,148634,5413,5306,104515,103348,1218393,1172635,348807,347030,51660,50376,189477,184528,11862,11644,609064,574352,479289,452359,38316,36635,42482,37868,7813,7679,2255,2157,38909,37654,515002,486754,54224,52445,62183,56648,17870,17377,4995,4809
R,8,2024,23,4810485,2437922,2372563,1679310,1628188,364797,363093,60160,55442,184993,179281,8181,8143,140481,138416,1808260,1755448,423199,422243,112196,105184,231408,225092,17745,17460,1819257,1785422,1191590,1163374,324663,325463,17923,17748,176834,171251,5891,5791,102356,101795,1285748,1257124,367206,369240,50999,49402,213479,207800,12613,12475,618665,587141,487720,464814,40134,37630,42237,37694,8159,8030,2290,2352,38125,36621,522512,498324,55993,53003,61197,55782,17929,17292,5132,4985
R,8,2024,24,4880829,2473851,2406978,1710721,1654077,367166,368175,60447,54823,192627,187373,8577,8221,134313,134309,1833993,1777262,422407,425529,110867,103243,236873,231979,17643,17112,1857488,1823351,1222735,1191152,327931,330365,18084,17357,184406,179292,6311,5830,98021,99355,1312871,1282498,368174,372895,49925,48381,219655,215021,12820,12149,616363,583627,487986,462925,39235,37810,42363,37466,8221,8081,2266,2391,36292,34954,521122,494764,54233,52634,60942,54862,17218,16958,4823,4963
R,8,2024,25,4738594,2403158,2335436,1672474,1613396,348641,349951,57831,52470,187489,183357,8409,8041,128314,128221,1790105,1731060,400856,404240,106334,99207,229789,225614,17292,16529,1809333,1771806,1201496,1165606,311182,313664,17176,16491,179453,175397,6139,5703,93887,94945,1287715,1252930,349394,354039,48100,46637,213142,209220,12475,11727,593825,563630,470978,447790,37459,36287,40655,35979,8036,7960,2270,2338,34427,33276,502390,478130,51462,50201,58234,52570,16647,16394,4817,4802
R,8,2024,26,4615466,2340112,2275354,1629931,1567839,337304,338437,56499,51196,185765,186390,8170,7909,122443,123583,1742094,1681311,386625,390340,103388,96800,225793,226690,16504,15933,1763626,1729408,1172641,1133340,301184,304018,16408,15740,177922,178513,5944,5613,89527,92184,1254711,1218212,337225,342837,46114,45241,210026,211196,11973,11442,576486,545946,457290,434499,36120,34419,40091,35456,7843,7877,2226,2296,32916,31399,487383,463099,49400,47503,57274,51559,15767,15494,4531,4491
R,8,2024,27,4497523,2277949,2219574,1588378,1526626,324591,326860,55101,49567,185026,189476,7736,7461,117117,119584,1695565,1636269,371006,376248,100513,94750,223636,228387,15672,15160,1714011,1686298,1140603,1102133,289461,293606,15571,14876,177483,181931,5631,5422,85262,88330,1218809,1183234,322946,330179,44194,43743,208478,213404,11355,10957,563938,533276,447775,424493,35130,33254,39530,34691,7543,7545,2105,2039,31855,31254,476756,453035,48060,46069,56319,51007,15158,14983,4317,4203
R,8,2024,28,4476951,2263553,2213398,1582427,1522067,317500,323805,55511,49505,185876,193485,7685,7280,114554,117256,1687197,1629436,362325,371527,100473,94710,223444,231553,15674,14975,1704567,1683293,1139162,1100475,282756,290636,15343,14603,178346,185806,5583,5409,83377,86364,1215607,1179717,314970,325833,43599,43354,208690,216614,11362,10994,558986,530105,443265,421592,34744,33169,40168,34902,7530,7679,2102,1871,31177,30892,471590,449719,47355,45694,56874,51356,14754,14939,4312,3981
R,8,2024,29,4513178,2276414,2236764,1593129,1537149,323089,332931,55798,49741,184672,194008,7761,7432,111965,115503,1695214,1642583,366564,379830,100548,94820,221253,231091,15629,15303,1718862,1704710,1151351,1114057,288119,298707,15469,14854,176966,186372,5692,5506,81265,85214,1225471,1191972,319229,333063,43681,43859,206555,216548,11407,11247,557552,532054,441778,423092,34970,34224,40329,34887,7706,7636,2069,1926,30700,30289,469743,450611,47335,46767,56867,50961,14698,14543,4222,4056
R,8,2024,30,4537354,2283412,2253942,1598004,1545122,326581,341833,54931,50068,186202,194635,7636,7439,110058,114845,1698118,1650022,368349,387648,99768,96134,222173,231317,15699,15196,1733597,1725187,1161488,1125086,292448,307917,15518,14927,178766,187031,5618,5440,79759,84786,1234046,1202641,322292,341460,43610,44765,208013,216871,11525,11136,549815,528755,436516,420036,34133,33916,39413,35141,7436,7604,2018,1999,30299,30059,464072,447381,46057,46188,56158,51369,14160,14446,4174,4060
R,8,2024,31,4592050,2307158,2284892,1615614,1564956,331491,350213,56020,51019,189318,197969,7798,7440,106917,113295,1712705,1668209,371720,394972,100085,97749,224248,233700,15676,15092,1760203,1757723,1181291,1146733,297244,316108,15927,15456,182075,190428,5774,5389,77892,83609,1252076,1223047,326021,348589,43862,45943,210519,219611,11568,11006,546955,527169,434323,418223,34247,34105,40093,35563,7243,7541,2024,2051,29025,29686,460629,445162,45699,46383,56223,51806,13729,14089,4108,4086
R,8,2024,32,4665655,2340762,2324893,1647137,1598905,332537,354533,56428,51619,190490,199649,7568,7325,106602,112862,1744219,1701843,371300,397566,101956,99455,224756,235122,15360,14949,1793486,1796699,1211963,1179481,298418,319879,16516,16098,183302,192316,5595,5413,77692,83512,1282741,1255784,325873,351011,45723,47707,211259,221309,11372,11001,547276,528194,435174,419424,34119,34654,39912,35521,7188,7333,1973,1912,28910,29350,461478,446059,45427,46555,56233,51748,13497,13813,3988,3948
R,8,2024,33,4752804,2378515,2374289,1677388,1632985,337158,364095,57044,51978,194449,205100,7956,7586,104520,112545,1771873,1735309,374766,406607,102026,100354,228598,240725,15846,15398,1833961,1849296,1245486,1217812,302728,328922,16835,16459,187124,197546,5946,5639,75842,82918,1314124,1293316,329155,359309,45429,48227,215028,226633,11772,11479,544554,524993,431902,415173,34430,35173,40209,35519,7325,7554,2010,1947,28678,29627,457749,441993,45611,47298,56597,52127,13570,14092,4074,3919
R,8,2024,34,4799782,2399302,2400480,1697696,1654766,338237,366539,56725,51890,196566,208328,7748,7620,102330,111337,1790504,1756153,373977,407283,101318,101596,230179,242806,15483,15178,1859801,1878773,1268601,1241522,304534,331658,16872,16603,189418,201183,5771,5664,74605,82143,1336303,1316401,329401,360528,45586,49682,217040,229440,11541,11348,539501,521707,429095,413244,33703,34881,39853,35287,7148,7145,1977,1956,27725,29194,454201,439752,44576,46755,55732,51914,13139,13366,3942,3830
R,8,2024,35,4664533,2329056,2335477,1651795,1611063,324108,353655,54108,50428,193711,207565,7476,7131,97858,105635,1740584,1706928,357778,391653,97686,98094,225445,240635,14749,14447,1817315,1837506,1244788,1215669,292502,320708,16252,16363,186858,200777,5613,5330,71302,78659,1309423,1287023,315822,347791,44292,48511,213045,228197,11170,10901,511741,497971,407007,395394,31606,32947,37856,34065,6853,6788,1863,1801,26556,26976,431161,419905,41956,43862,53394,49583,12400,12438,3579,3546
R,8,2024,36,4591051,2285817,2305234,1632146,1601267,310134,341375,54059,49827,188099,203131,7281,7149,94098,102485,1717473,1694398,341515,377871,96345,97030,218744,234733,14375,14161,1781504,1813267,1230187,1210343,279639,309370,16089,15779,181410,196487,5386,5292,68793,75996,1292549,1279514,301443,335125,43385,47536,206843,222543,10754,10626,504313,491967,401959,390924,30495,32005,37970,34048,6689,6644,1895,1857,25305,26489,424924,414884,40072,42746,52960,49494,11901,12190,3621,3535
R,8,2024,37,4520315,2251456,2268859,1616999,1583205,301960,332149,52444,48595,182689,198033,7234,6970,90130,99907,1698552,1674049,331827,367176,94054,95544,211701,228678,14100,13700,1759190,1786301,1223782,1199253,272305,301247,15522,15337,176262,191426,5386,5103,65933,73935,1283301,1266503,293074,325825,42495,46964,200375,216836,10684,10184,492266,482558,393217,383952,29655,30902,36922,33258,6427,6607,1848,1867,24197,25972,415251,407546,38753,41351,51559,48580,11326,11842,3416,3516
R,8,2024,38,4540446,2261194,2279252,1631137,1598753,299210,329988,52588,49059,181636,197366,7166,6887,89457,97199,1712161,1686918,328107,363108,94436,96116,210516,226626,14106,13548,1767856,1799226,1236560,1215636,269712,299815,15312,15504,175238,190921,5393,5124,65641,72226,1296029,1281159,289504,323110,42802,47666,199232,215150,10652,10187,493338,480026,394577,383117,29498,30173,37276,33555,6398,6445,1773,1763,23816,24973,416132,405759,38603,39998,51634,48450,11284,11476,3454,3361
R,8,2024,39,4529815,2254370,2275445,1632689,1600106,295363,326557,52232,48979,180076,197439,7018,6890,86992,95474,1711438,1686832,322721,358201,94044,96284,207805,225839,13694,13492,1767108,1799258,1242480,1219596,267273,297161,14906,15534,173791,191095,5255,5217,63403,70655,1299818,1283776,285857,319090,42285,47820,196820,214649,10326,10242,487262,476187,390209,380510,28090,29396,37326,33445,6285,6344,1763,1673,23589,24819,411620,403056,36864,39111,51759,48464,10985,11190,3368,3250
R,8,2024,40,4408323,2188866,2219457,1586965,1562340,283458,316572,51118,47928,177412,194081,6748,6706,83165,91830,1661993,1645440,309174,346540,91865,94417,203736,221316,13281,13225,1716804,1753147,1208801,1188362,256233,288603,14742,15088,171318,188022,5059,4989,60651,68083,1263411,1249962,273792,309374,41480,47016,193127,210498,10082,9989,472062,466310,378164,373978,27225,27969,36376,32840,6094,6059,1689,1717,22514,23747,398582,395478,35382,37166,50385,47401,10609,10818,3199,3236
R,8,2024,41,4434153,2196135,2238018,1597126,1579136,284730,318307,51567,48769,173366,193246,6583,6687,82763,91873,1671932,1662126,310135,347812,92945,96536,198812,219780,12995,13152,1725452,1767213,1219487,1201308,257738,290229,14928,15331,167593,187268,4912,4994,60794,68083,1274342,1262780,275182,310718,42529,48260,188715,209196,9818,9932,470683,470805,377639,377828,26992,28078,36639,33438,5773,5978,1671,1693,21969,23790,397590,399346,34953,37094,50416,48276,10097,10584,3177,3220
R,8,2024,42,4413641,2180126,2233515,1590543,1579306,282283,317807,50948,48298,169434,191078,6482,6618,80436,90408,1663197,1660968,306868,346938,91839,95991,193711,216642,12768,12949,1713226,1762890,1215484,1200650,255663,289921,14779,14948,163682,185103,4806,4882,58812,67386,1268464,1261551,272601,310270,41965,48188,183732,206177,9673,9727,466900,470625,375059,378656,26620,27886,36169,33350,5752,5975,1676,1736,21624,23022,394733,399417,34267,36668,49874,47803,9979,10465,3095,3222
R,8,2024,43,4359859,2153253,2206606,1576542,1565660,279590,314850,50251,47908,161512,183856,6363,6280,78995,88052,1647647,1645252,303511,343112,91104,94967,184889,208239,12469,12352,1694545,1742348,1207736,1191946,253935,287511,14446,14917,155840,177968,4673,4653,57915,65353,1259771,1251034,270397,307243,41791,47581,175213,198079,9339,9239,458708,464258,368806,373714,25655,27339,35805,32991,5672,5888,1690,1627,21080,22699,387876,394218,33114,35869,49313,47386,9676,10160,3130,3113
R,8,2024,44,4365050,2156457,2208593,1577366,1564009,285448,320832,50540,48115,158711,181607,6520,6525,77872,87505,1647530,1642969,309026,348847,91493,95473,181262,205448,12473,12663,1693943,1742928,1204225,1188848,260125,293507,14687,15079,153028,175803,4840,4810,57038,64881,1255473,1247331,276253,313014,42256,48085,171691,195413,9483,9485,462514,465665,373141,375161,25323,27325,35853,33036,5683,5804,1680,1715,20834,22624,392057,395638,32773,35833,49237,47388,9571,10035,2990,3178
R,8,2024,45,4157031,2048619,2108412,1500986,1495156,269864,304537,47668,45538,151008,174834,6059,6017,73034,82330,1566794,1569350,291661,330859,86401,90159,172008,197196,11597,11652,1615308,1667002,1151040,1139214,246352,278805,13858,14043,145841,169352,4510,4397,53707,61191,1199376,1194358,261298,296914,40064,45351,163272,187808,8787,8695,433311,441410,349946,355942,23512,25732,33810,31495,5167,5482,1549,1620,19327,21139,367418,374992,30363,33945,46337,44808,8736,9388,2810,2957
R,8,2024,46,4044237,1990592,2053645,1465151,1463169,258169,291552,45992,44917,145290,168831,5692,5774,70298,79402,1528559,1534746,278847,316330,83865,88487,165374,190455,10750,11123,1566408,1620053,1120984,1112455,235812,266936,13278,13935,140340,163446,4272,4217,51722,59064,1167565,1165638,249956,284197,39020,44527,157035,181271,8143,8355,424184,433592,344167,350714,22357,24616,32714,30982,4950,5385,1420,1557,18576,20338,360994,369108,28891,32133,44845,43960,8339,9184,2607,2768
R,8,2024,47,3999989,1964741,2035248,1448961,1451356,252905,288746,45473,44020,143430,167748,5574,5754,68398,77624,1510614,1521316,272939,312684,82922,87393,162631,188691,10618,10986,1548747,1605116,1110381,1101582,231579,264714,13597,14111,138517,162539,4133,4236,50540,57934,1155831,1153743,245196,281336,39272,44729,154546,179840,8001,8236,415994,430132,338580,349774,21326,24032,31876,29909,4913,5209,1441,1518,17858,19690,354783,367573,27743,31348,43650,42664,8085,8851,2617,2750
R,8,2024,48,3864513,1898174,1966339,1396928,1402801,242460,275912,43808,42280,143610,166599,5302,5450,66066,73297,1456395,1468712,261058,298413,80510,83554,161986,186122,10229,10316,1493692,1546636,1067162,1059835,221780,253279,12984,13304,138952,161472,4017,4036,48797,54710,1110983,1108947,234484,268967,38137,42358,154337,177704,7852,7825,404482,419703,329766,342966,20680,22633,30824,28976,4658,5127,1285,1414,17269,18587,345412,359765,26574,29446,42373,41196,7649,8418,2377,2491
R,8,2024,49,3898248,1914736,1983512,1414197,1419741,243492,276255,42668,42224,145630,168160,5159,5253,63590,71879,1471384,1484443,261433,297679,78349,83054,163022,187363,9680,9919,1517427,1569875,1088910,1080648,223393,254482,12943,13564,141004,163236,3914,3913,47263,54032,1131308,1129185,235853,269459,37726,42650,155465,179236,7403,7503,397309,413637,325287,339093,20099,21773,29725,28660,4626,4924,1245,1340,16327,17847,340076,355258,25580,28220,40623,40404,7557,8127,2277,2416
R,8,2024,50,3815699,1871924,1943775,1382821,1392943,237222,269366,41553,40525,143937,166086,4894,5188,61497,69667,1438139,1455660,254282,289895,76434,80464,160726,184566,9269,9648,1489152,1542793,1068545,1063032,218343,248670,12741,13338,139603,161372,3727,3817,46193,52564,1109972,1110222,230299,263144,37345,41988,153708,176815,7110,7286,382772,400982,314276,329911,18879,20696,28812,27187,4334,4714,1167,1371,15304,17103,328167,345438,23983,26751,39089,38476,7018,7751,2159,2362
R,8,2024,51,3855068,1885281,1969787,1392788,1410878,242134,276113,40737,40434,143934,168074,4935,5089,60753,69199,1447428,1472982,258744,296479,75313,80259,160526,186323,9209,9600,1510416,1574351,1084463,1084894,223838,255701,12898,13652,139695,163445,3722,3789,45800,52870,1125474,1132273,235477,270155,37410,42735,153666,178772,7123,7291,374865,395436,308325,325984,18296,20412,27839,26782,4239,4629,1213,1300,14953,16329,321954,340709,23267,26324,37903,37524,6860,7551,2086,2309
R,8,2024,52,4002378,1956566,2045812,1457462,1478340,248059,283959,40844,40003,143636,168310,4841,5017,61724,70183,1512965,1541530,264628,304030,76831,81254,159823,186206,9196,9557,1586066,1654083,1151711,1154795,230360,263940,13456,13799,139425,163693,3653,3734,47461,54122,1194246,1203391,242299,278448,39709,44284,153162,178858,7108,7304,370500,391729,305751,323545,17699,20019,27388,26204,4211,4617,1188,1283,14263,16061,318719,338139,22329,25582,37122,36970,6661,7348,2088,2253
R,8,2024,53,4235672,2072717,2162955,1563491,1583678,258821,296948,40489,40722,140696,164022,5053,5022,64167,72563,1621310,1649112,275741,317367,78776,84284,156959,181700,9551,9670,1702708,1772480,1257726,1260837,241121,277090,13861,14529,136430,159498,3825,3824,49745,56702,1302507,1311815,253217,292011,42233,47576,150271,174440,7413,7551,370009,390475,305765,322841,17700,19858,26628,26193,4266,4524,1228,1198,14422,15861,318803,337297,22524,25356,36543,36708,6688,7260,2138,2119
R,8,2024,54,4233613,2071493,2162120,1570580,1593609,255346,290296,39820,39511,138701,162553,4838,5007,62208,71144,1626662,1657639,271666,310221,77227,82692,153953,179669,9287,9675,1708447,1783198,1270102,1280004,237876,271201,13516,14475,134675,158153,3707,3855,48571,55510,1313779,1329816,249820,285862,41572,47111,147673,172542,7313,7618,363046,378922,300478,313605,17470,19095,26304,25036,4026,4400,1131,1152,13637,15634,312883,327823,21846,24359,35655,35581,6280,7127,1974,2057
R,8,2024,55,4069420,1985892,2083528,1513880,1543615,239586,274682,37520,37876,132030,155674,4546,4846,58330,66835,1566614,1603878,254548,292967,73035,79206,146283,171250,8586,9107,1641724,1722553,1227855,1244258,223400,256766,13166,14047,128337,151566,3513,3705,45453,52211,1268859,1291264,234198,269932,39838,45603,140452,164659,6777,7087,344168,360975,286025,299357,16186,17916,24354,23829,3693,4108,1033,1141,12877,14624,297755,312614,20350,23035,33197,33603,5831,6591,1809,2020
R,8,2024,56,3963757,1931016,2032741,1471515,1504658,237582,274526,36648,36192,126179,149623,4400,4702,54692,63040,1520777,1561319,251601,291948,70335,75356,139157,164052,8228,8843,1597480,1683491,1194060,1213985,221920,257133,12908,13785,122611,145696,3400,3602,42581,49290,1232283,1258176,232026,269757,38385,43797,133563,157800,6495,6944,333536,349250,277455,290673,15662,17393,23740,22407,3568,3927,1000,1100,12111,13750,288494,303143,19575,22191,31950,31559,5594,6252,1733,1899
R,8,2024,57,3955123,1921169,2033954,1477202,1519975,234898,274355,35101,35424,116424,137732,4465,4599,53079,61869,1525162,1575748,248304,291455,68392,74476,128504,151061,8104,8585,1600186,1696567,1209190,1238825,220213,257371,12961,13937,113005,134047,3444,3550,41373,48837,1246482,1282743,229906,269989,38102,44209,123227,145233,6430,6757,320983,337387,268012,281150,14685,16984,22140,21487,3419,3685,1021,1049,11706,13032,278680,293005,18398,21466,30290,30267,5277,5828,1674,1828
R,8,2024,58,4018237,1949075,2069162,1497093,1545316,242521,283557,34997,35641,117072,138157,4412,4710,52980,61781,1544543,1600783,256111,300506,68521,75003,128910,151413,8190,8703,1631805,1735412,1231940,1266836,227581,267095,13327,14388,113774,134557,3430,3666,41753,48870,1269219,1310647,237435,279533,39210,45070,123766,145665,6512,6876,317270,333750,265153,278480,14940,16462,21670,21253,3298,3600,982,1044,11227,12911,275324,290136,18676,20973,29311,29933,5144,5748,1678,1827
R,8,2024,59,4182637,2021921,2160716,1565133,1628377,247465,290736,34996,35625,116446,138220,4329,4761,53552,62997,1613342,1684981,260755,307882,69265,76154,128193,151316,8072,8775,1710307,1830741,1304090,1352102,233066,274424,13905,15244,113237,134712,3369,3741,42640,50518,1342366,1397438,242922,287280,40560,47332,123257,145750,6444,7024,311614,329975,261043,276275,14399,16312,21091,20381,3209,3508,960,1020,10912,12479,270976,287543,17833,20602,28705,28822,4936,5566,1628,1751
R,8,2024,60,4280669,2063415,2217254,1608138,1684104,246210,290517,34345,35074,117078,140070,4085,4541,53559,62948,1656375,1740742,259219,306877,69322,76470,128422,153019,7753,8494,1765160,1896773,1357947,1415137,232407,274611,14136,15509,114116,136846,3246,3541,43308,51129,1396843,1461033,242185,287007,41992,48834,123821,147889,6263,6823,298255,320481,250191,268967,13803,15906,20209,19565,2962,3224,839,1000,10251,11819,259532,279709,17034,19870,27330,27636,4601,5130,1490,1671
R,8,2024,61,4275509,2056898,2218611,1608518,1693248,240747,285808,33196,33831,118054,139264,3958,4458,52425,62002,1655715,1749020,253283,302032,67664,74681,129117,151693,7439,8301,1772685,1911092,1369652,1434665,227859,270971,14208,15369,115146,135989,3160,3548,42660,50550,1407969,1480037,237322,283418,41835,48411,124680,146579,6082,6721,284213,307519,238866,258583,12888,14837,18988,18462,2908,3275,798,910,9765,11452,247746,268983,15961,18614,25829,26270,4437,5114,1357,1580
R,8,2024,62,4246232,2037766,2208466,1608523,1702532,234809,280861,31552,32964,107862,127338,4087,4435,50933,60336,1654532,1756909,246685,296388,65222,73172,118550,139249,7456,8134,1767042,1914323,1380406,1454552,222711,267135,13782,15195,105178,124297,3277,3534,41688,49610,1417971,1499171,231748,279083,40941,48015,114471,134528,6122,6590,270724,294143,228117,247980,12098,13726,17770,17769,2684,3041,810,901,9245,10726,236561,257738,14937,17305,24281,25157,4079,4721,1334,1544
R,8,2024,63,4261991,2038793,2223198,1621447,1724841,231350,278843,30247,32342,101914,123549,3853,4160,49982,59463,1666537,1778341,243206,293954,63546,72365,112268,135088,7093,7854,1782021,1940962,1405009,1487026,219791,265669,13617,15380,99434,120665,3095,3323,41075,48899,1441963,1530947,228816,277292,40669,48093,108401,130555,5817,6332,256772,282236,216438,237815,11559,13174,16630,16962,2480,2884,758,837,8907,10564,224574,247394,14390,16662,22877,24272,3867,4533,1276,1522
R,8,2024,64,4217573,2011180,2206393,1595370,1707802,229587,277726,29729,31791,104222,127432,3675,4110,48597,57532,1639203,1759441,240953,292686,62100,70192,114267,138705,6838,7584,1761230,1930145,1384525,1474798,218328,264857,13427,15114,101806,124597,2984,3322,40160,47457,1420649,1517287,227079,276469,39841,46595,110591,134268,5621,6209,249950,276248,210845,233004,11259,12869,16302,16677,2416,2835,691,788,8437,10075,218554,242154,13874,16217,22259,23597,3676,4437,1217,1375
R,8,2024,65,4111509,1952386,2159123,1558304,1680411,219118,268899,27708,29990,97838,121070,3473,3803,45945,54950,1599659,1729936,229752,282836,58542,67101,107333,131571,6367,7048,1722524,1902170,1364229,1463423,208862,257054,12827,14531,95596,118448,2834,3124,38176,45590,1398524,1504393,217160,267975,38075,45151,103935,127531,5274,5809,229862,256953,194075,216988,10256,11845,14881,15459,2242,2622,639,679,7769,9360,201135,225543,12592,14861,20467,21950,3398,4040,1093,1239
R,8,2024,66,4058347,1920196,2138151,1538619,1671798,210537,260035,25716,28453,98211,121470,3274,3597,43839,52798,1578103,1719273,220671,273545,55203,64305,107162,131469,6007,6623,1705744,1893861,1357199,1464980,200800,248845,12337,14130,96173,118996,2682,2937,36553,43973,1390021,1504441,208697,259473,36671,43805,104037,127655,5005,5445,214452,244290,181420,206818,9737,11190,13379,14323,2038,2474,592,660,7286,8825,188082,214832,11974,14072,18532,20500,3125,3814,1002,1178
R,8,2024,67,4000226,1884012,2116214,1515433,1660882,203706,255790,25238,27239,94318,118278,3165,3481,42152,50544,1553407,1706351,213434,268564,53735,62007,102831,127470,5792,6404,1678482,1879408,1341307,1459655,194666,245004,12079,13631,92404,116015,2650,2824,35376,42279,1373094,1497581,202346,255150,35748,42599,99938,123954,4889,5280,205530,236806,174126,201227,9040,10786,13159,13608,1914,2263,515,657,6776,8265,180313,208770,11088,13414,17987,19408,2893,3516,903,1124
R,8,2024,68,3837059,1800304,2036755,1451510,1599727,191434,243713,23407,25633,91556,116497,2900,3290,39497,47895,1487175,1642793,200497,255816,50023,58446,99445,125420,5437,6079,1607630,1813014,1288193,1409349,182942,233429,11216,13142,89706,114216,2394,2729,33179,40149,1318090,1445360,190064,243003,33346,40534,96650,121984,4527,5097,192674,223741,163317,190378,8492,10284,12191,12491,1850,2281,506,561,6318,7746,169085,197433,10433,12813,16677,17912,2795,3436,910,982
R,8,2024,69,3739394,1748857,1990537,1415767,1571390,181775,232690,22153,24482,89290,113809,2772,3217,37100,44949,1449088,1611607,190369,244177,47291,55073,96670,122362,5203,5962,1566124,1776356,1260724,1389007,173622,223036,10772,12323,87586,111746,2296,2640,31124,37604,1288620,1422506,180385,232076,31647,37762,94113,119235,4378,4983,182733,214181,155043,182383,8153,9654,11381,12159,1704,2063,476,577,5976,7345,160468,189101,9984,12101,15644,17311,2557,3127,825,979
R,8,2024,70,3586413,1667058,1919355,1359747,1525251,167802,219780,19953,22668,83490,106648,2539,3005,33527,42003,1389970,1562861,175669,230568,42802,51514,89996,114239,4610,5549,1500998,1720256,1218232,1355126,160418,210925,9979,11747,81995,104686,2115,2469,28259,35303,1243639,1386639,166595,219442,29083,35945,87764,111298,3909,4651,166060,199099,141515,170125,7384,8855,9974,10921,1495,1962,424,536,5268,6700,146331,176222,9074,11126,13719,15569,2232,2941,701,898
R,8,2024,71,3422693,1584428,1838265,1300255,1469988,153785,204814,18391,20734,78407,100484,2343,2711,31247,39534,1328367,1505540,161016,214878,39739,47807,84503,107678,4331,5100,1431422,1652224,1169484,1310436,147094,196547,9367,11042,77036,98804,1960,2254,26481,33141,1193251,1340100,152836,204537,27310,33639,82478,105085,3670,4315,153006,186041,130771,159552,6691,8267,9024,9692,1371,1680,383,457,4766,6393,135116,165440,8180,10341,12429,14168,2025,2593,661,785
R,8,2024,72,3270155,1508877,1761278,1245508,1415186,142288,192647,16572,19310,73494,95378,2202,2562,28813,36195,1271452,1447628,149022,201911,36330,44355,78987,101744,4069,4770,1368429,1588378,1124965,1266429,136180,185094,8647,10352,72222,93822,1866,2123,24549,30558,1146980,1293720,141602,192433,25359,31499,77130,99398,3468,4016,140448,172900,120543,148757,6108,7553,7925,8958,1272,1556,336,439,4264,5637,124472,153908,7420,9478,10971,12856,1857,2346,601,754
R,8,2024,73,3118427,1431039,1687388,1183863,1355550,134833,187058,15556,18263,67880,89887,1958,2395,26949,34235,1208060,1386275,141140,196024,34266,42121,72816,95600,3668,4430,1297820,1522518,1069196,1213701,129129,179948,8143,9716,66756,88424,1680,1981,22916,28748,1089678,1239388,134217,187065,23962,29791,71127,93363,3165,3731,133219,164870,114667,141849,5704,7110,7413,8547,1124,1463,278,414,4033,5487,118382,146887,6923,8959,10304,12330,1689,2237,503,699
R,8,2024,74,2961044,1352359,1608685,1116089,1290411,125952,176171,14570,16908,68605,90996,1864,2142,25279,32057,1138828,1319067,131923,184661,31950,38960,73335,96632,3503,4126,1228500,1451372,1009517,1154553,120631,169306,7716,9148,67512,89555,1581,1806,21543,27004,1028822,1178588,125410,176078,22421,27720,71722,94436,3035,3516,123859,157313,106572,135858,5321,6865,6854,7760,1093,1441,283,336,3736,5053,110006,140479,6513,8583,9529,11240,1613,2196,468,610
R,8,2024,75,2844507,1292471,1552036,1077138,1258245,114012,161975,13455,15532,62793,83991,1767,2047,23306,30246,1098126,1285322,119321,169857,29631,36591,67086,89027,3347,3925,1179404,1407414,979398,1132899,109407,155878,7256,8513,61757,82685,1490,1726,20096,25713,997440,1155841,113676,162230,21189,26438,65599,87108,2884,3353,113067,144622,97740,125346,4605,6097,6199,7019,1036,1306,277,321,3210,4533,100686,129481,5645,7627,8442,10153,1487,1919,463,572
R,8,2024,76,2749625,1245892,1503733,1047956,1230710,104005,150245,12205,14479,58438,77661,1573,1932,21715,28706,1067543,1256454,108984,157643,27290,34503,62368,82420,2986,3670,1140490,1367443,956516,1112495,99752,144544,6791,8014,57543,76432,1324,1629,18564,24329,973202,1134225,103823,150485,19580,24950,61055,80601,2591,3157,105402,136290,91440,118215,4253,5701,5414,6465,895,1229,249,303,3151,4377,94341,122229,5161,7158,7710,9553,1313,1819,395,513
R,8,2024,77,2815723,1273225,1542498,1089270,1287917,95611,139285,11791,13824,53514,71461,1472,1681,21567,28330,1108809,1313522,100364,146502,27083,33893,57182,75898,2829,3333,1175046,1413320,1003820,1175438,91811,133975,6682,7836,52710,70337,1260,1420,18763,24314,1020811,1197353,95716,139839,19966,25107,55972,74222,2477,2879,98179,129178,85450,112479,3800,5310,5109,5988,804,1124,212,261,2804,4016,87998,116169,4648,6663,7117,8786,1210,1676,352,454
R,8,2024,78,2066150,923596,1142554,778819,938257,73163,110089,8932,11246,45432,60247,1251,1519,15999,21196,793290,957260,76864,115647,19883,25685,48362,63945,2385,2949,841076,1030553,706894,840895,69846,105256,4866,6094,44725,59237,1064,1279,13681,17792,719255,856768,72781,109676,14213,18225,47322,62457,2076,2528,82520,112001,71925,97362,3317,4833,4066,5152,707,1010,187,240,2318,3404,74035,100492,4083,5971,5670,7460,1040,1488,309,421
R,8,2024,79,1916032,848031,1068001,716322,878485,67115,103591,8019,10337,41201,55112,1072,1366,14302,19110,729217,895532,70458,108738,17791,23319,43870,58363,2137,2683,773310,965547,651034,788884,64207,99414,4392,5698,40585,54224,911,1134,12181,16193,661973,803265,66875,103559,12664,16698,42942,57077,1855,2278,74721,102454,65288,89601,2908,4177,3627,4639,616,888,161,232,2121,2917,67244,92267,3583,5179,5127,6621,928,1286,282,405
R,8,2024,80,1817519,796661,1020858,677217,847201,60289,94624,7415,9514,37658,50161,940,1240,13142,18118,689038,863346,63483,99638,16417,21941,40006,53116,1890,2494,729970,926303,618808,764414,57669,90877,4171,5205,37176,49345,810,1036,11336,15426,628969,778101,60273,94964,11935,15800,39279,51930,1648,2143,66691,94555,58409,82787,2620,3747,3244,4309,482,816,130,204,1806,2692,60069,85245,3210,4674,4482,6141,727,1186,242,351
R,8,2024,81,1807038,784733,1022305,674860,859283,56015,90961,6639,8892,34091,44840,827,1095,12301,17234,685965,874708,58933,95650,15092,20805,36269,47563,1735,2258,723321,933110,620882,781311,53647,87256,3835,4871,33578,44129,714,912,10665,14631,630504,794351,56018,90998,11179,15060,35507,46465,1512,1945,61412,89195,53978,77972,2368,3705,2804,4021,513,711,113,183,1636,2603,55461,80357,2915,4652,3913,5745,762,1098,223,313
R,8,2024,82,1519861,651275,868586,555210,723937,47821,78805,5708,7805,31321,42520,724,1021,10491,14498,564645,736919,50286,82696,12928,17833,33232,44915,1460,1950,597711,790306,508057,655122,45756,75809,3315,4292,30930,41884,615,846,9038,12353,516164,666115,47772,78965,9514,12856,32641,43988,1256,1676,53564,78280,47153,68815,2065,2996,2393,3513,391,636,109,175,1453,2145,48481,70804,2514,3731,3414,4977,591,927,204,274
R,8,2024,83,1328554,560110,768444,476190,638255,41349,71380,5068,6968,27763,37888,673,849,9067,13104,484375,649934,43561,75000,11233,15955,29452,40095,1300,1735,512440,697057,434198,575402,39524,68641,2983,3892,27410,37319,580,708,7745,11095,441174,585260,41280,71545,8243,11509,28911,39230,1116,1478,47670,71387,41992,62853,1825,2739,2085,3076,353,569,93,141,1322,2009,43201,64674,2281,3455,2990,4446,541,865,184,257
R,8,2024,84,1181556,489751,691805,414289,573228,36668,64957,4567,6364,25708,34917,573,807,7946,11532,421390,583458,38641,68232,9926,14146,27235,36847,1135,1603,446569,625247,376258,514623,35010,62279,2618,3527,25364,34381,465,656,6854,9781,382372,523234,36622,64934,7199,10141,26735,36075,968,1353,43182,66558,38031,58605,1658,2678,1949,2837,344,536,108,151,1092,1751,39018,60224,2019,3298,2727,4005,500,772,167,250
R,8,2024,85,1053597,431970,621627,367182,518201,31253,56228,3876,5658,22407,30567,442,711,6810,10262,373298,527313,32921,59111,8416,12565,23729,32283,949,1438,394039,562212,333707,465694,29764,53869,2184,3205,22134,30101,358,594,5892,8749,338979,473422,31119,56200,6103,9111,23326,31609,820,1242,37931,59415,33475,52507,1489,2359,1692,2453,273,466,84,117,918,1513,34319,53891,1802,2911,2313,3454,403,674,129,196
R,8,2024,86,949604,382531,567073,325803,473396,27036,50897,3326,5144,19749,27895,431,611,6186,9130,331357,481523,28558,53527,7464,11174,20943,29486,865,1233,349506,513822,296468,426352,25810,48766,2008,2940,19488,27502,364,490,5368,7772,301282,433227,27040,50924,5608,8089,20557,28893,741,1039,33025,53251,29335,47044,1226,2131,1318,2204,261,393,67,121,818,1358,30075,48296,1518,2603,1856,3085,386,593,124,194
R,8,2024,87,816742,323422,493320,274886,411551,22873,44207,2840,4374,17177,24603,351,564,5295,8021,279670,418613,24241,46549,6341,9585,18205,26096,740,1162,295037,446357,249683,370024,21827,42350,1660,2454,16964,24231,301,458,4602,6840,253829,375997,22934,44295,4707,6889,17890,25548,648,988,28385,46963,25203,41527,1046,1857,1180,1920,213,372,50,106,693,1181,25841,42616,1307,2254,1634,2696,315,548,92,174
R,8,2024,88,717042,279295,437747,237443,365274,19783,39413,2444,3892,14761,21760,268,455,4596,6953,241570,371411,20987,41483,5363,8440,15712,23028,627,946,254848,396298,215730,328550,18879,37854,1438,2194,14581,21418,222,382,3998,5900,219309,333728,19876,39547,3953,6059,15436,22530,548,813,24447,41449,21713,36724,904,1559,1006,1698,180,342,46,73,598,1053,22261,37683,1111,1936,1410,2381,276,498,79,133
R,8,2024,89,632946,240830,392116,205382,327734,16636,34737,2116,3519,12624,19410,273,409,3799,6307,208774,333277,17646,36512,4503,7616,13419,20588,581,878,219553,354972,186407,294829,15854,33319,1274,1970,12479,19101,231,339,3308,5414,189343,299561,16694,34771,3339,5515,13207,20145,507,755,21277,37144,18975,32905,782,1418,842,1549,145,309,42,70,491,893,19431,33716,952,1741,1164,2101,212,443,74,123
R,8,2024,90,517726,193682,324044,164979,270557,13361,28782,1689,2802,10314,16359,233,344,3106,5200,167760,275133,14157,30323,3644,6120,10994,17403,468,740,176511,293769,149668,243665,12758,27590,997,1611,10192,16115,192,292,2704,4496,152076,247608,13423,28850,2678,4480,10808,17050,399,650,17171,30275,15311,26892,603,1192,692,1191,122,244,41,52,402,704,15684,27525,734,1473,966,1640,186,353,69,90
R,8,2024,91,446330,163274,283056,139396,236749,10993,24421,1386,2435,8655,14704,169,310,2675,4437,141810,240610,11671,25697,3045,5273,9256,15589,377,690,149353,257202,126987,213696,10487,23428,847,1472,8549,14496,144,263,2339,3847,129088,217034,11050,24486,2288,3927,9097,15292,333,605,13921,25854,12409,23053,506,993,539,963,106,208,25,47,336,590,12722,23576,621,1211,757,1346,159,297,44,85
R,8,2024,92,379583,134943,244640,115564,205489,8745,20526,1131,2099,7092,12363,136,283,2275,3880,117587,208863,9348,21718,2526,4542,7608,13126,343,611,123330,222547,105183,185778,8352,19696,661,1259,7004,12187,117,237,2013,3390,106973,188708,8883,20711,1873,3392,7474,12875,304,533,11613,22093,10381,19711,393,830,470,840,88,176,19,46,262,490,10614,20155,465,1007,653,1150,134,251,39,78
R,8,2024,93,316371,109785,206586,94371,174341,6847,16736,919,1702,5770,10371,118,217,1760,3219,95947,177096,7334,17717,1975,3754,6191,11016,268,500,100239,188054,85837,157808,6525,16026,538,995,5698,10248,100,185,1541,2792,87219,160175,6935,16849,1455,2775,6070,10827,229,440,9546,18532,8534,16533,322,710,381,707,72,123,18,32,219,427,8728,16921,399,868,520,979,121,189,39,60
R,8,2024,94,264261,88661,175600,75870,147630,5571,14309,782,1409,4926,9273,90,193,1422,2786,77121,150049,5961,15118,1636,3178,5258,9847,224,444,81021,159894,69018,133614,5320,13714,475,839,4873,9147,78,167,1257,2413,70118,135684,5653,14382,1221,2376,5182,9662,202,394,7640,15706,6852,14016,251,595,307,570,53,126,12,26,165,373,7003,14365,308,736,415,802,76,185,22,50
R,8,2024,95,202887,65962,136925,56433,115333,4105,11052,577,1005,3662,7197,68,152,1117,2186,57409,117212,4437,11753,1275,2349,3917,7637,177,354,60245,125105,51343,104813,3911,10578,349,611,3614,7086,57,133,971,1884,52192,106415,4180,11181,953,1746,3843,7481,152,314,5717,11820,5090,10520,194,474,228,394,48,111,11,19,146,302,5217,10797,257,572,322,603,74,156,25,40
R,8,2024,96,159140,49679,109461,42464,92190,3097,8708,444,890,2742,5824,57,109,875,1740,43225,93661,3357,9251,951,1968,2955,6203,137,279,45411,100283,38657,84042,2944,8330,276,541,2722,5742,48,94,764,1534,39322,85328,3161,8794,715,1495,2919,6084,117,249,4268,9178,3807,8148,153,378,168,349,20,82,9,15,111,206,3903,8333,196,457,236,473,36,119,20,30
R,8,2024,97,120406,36174,84232,30732,70757,2309,6777,297,678,2092,4592,34,94,710,1334,31361,71892,2528,7188,699,1495,2257,4878,96,238,33188,77493,28047,64744,2221,6497,192,440,2074,4534,29,81,625,1197,28601,65761,2407,6855,543,1170,2228,4797,81,214,2986,6739,2685,6013,88,280,105,238,18,58,5,13,85,137,2760,6131,121,333,156,325,29,81,15,24
R,8,2024,98,87163,25424,61739,21390,51528,1726,5089,223,505,1560,3480,36,80,489,1057,21807,52417,1861,5445,506,1136,1693,3703,95,194,23265,56718,19464,47043,1654,4898,144,335,1541,3439,31,68,431,935,19829,47826,1763,5201,394,887,1664,3637,85,169,2159,5021,1926,4485,72,191,79,170,19,41,5,12,58,122,1978,4591,98,244,112,249,29,66,10,25
R,8,2024,99,62525,17381,45144,14438,37469,1206,3766,175,383,1184,2621,18,52,360,853,14737,38169,1305,4086,387,881,1279,2797,67,140,15954,41564,13184,34299,1155,3609,119,262,1168,2589,15,47,313,758,13445,34921,1239,3890,297,701,1256,2742,58,122,1427,3580,1254,3170,51,157,56,121,16,32,3,5,47,95,1292,3248,66,196,90,180,23,55,9,18
R,8,2024,100,110661,28335,82326,22366,66113,2309,7745,391,838,2459,5782,68,138,742,1710,22976,67479,2597,8372,766,1801,2680,6202,185,369,25673,75940,20057,60504,2208,7434,270,613,2426,5730,54,119,658,1540,20600,61728,2462,7988,598,1476,2623,6107,154,317,2662,6386,2309,5609,101,311,121,225,33,52,14,19,84,170,2376,5751,135,384,168,325,57,95,31,52
R,9,2024,999,340360452,167043362,173317090,122024229,124971541,21928475,24015560,3524077,3424440,11112714,12126507,469198,470345,7984669,8308697,129363273,132594225,25030873,27287976,6816971,6963518,13613597,14632292,993889,993989,132623004,138702638,94795930,97491000,19827488,21873662,1153910,1190368,10648827,11655068,345692,345641,5851157,6146899,100179309,103135362,22034524,24227977,3361715,3624118,12627393,13638242,724266,723760,34420358,34614452,27228299,27480541,2100987,2141898,2370167,2234072,463887,471439,123506,124704,2133512,2161798,29183964,29458863,2996349,3059999,3455256,3339400,986204,994050,269623,270229
R,9,2024,0,3622591,1852775,1769816,1206588,1151036,293742,284405,47029,44875,114470,107240,6863,6693,184083,175567,1378997,1315200,383191,370418,98493,94040,179246,168609,17475,16767,1308283,1247682,817247,777094,246797,239370,11642,11298,103804,97007,4642,4465,124151,118448,934163,888501,306755,297313,40350,38557,150798,141515,11184,10528,544492,522134,389341,373942,46945,45035,35387,33577,10666,10233,2221,2228,59932,57119,444834,426699,76436,73105,58143,55483,28448,27094,6291,6239
R,9,2024,1,3678590,1880707,1797883,1220918,1164378,300234,290804,48495,46624,119080,112136,7006,6966,184974,176975,1394123,1329819,389998,377384,100066,96117,184383,174186,17655,17129,1327192,1265459,824500,783264,252859,245300,11783,11449,108251,101741,4685,4565,125114,119140,942279,895283,313116,303402,40610,38748,155878,146805,11280,10670,553515,532424,396418,381114,47375,45504,36712,35175,10829,10395,2321,2401,59860,57835,451844,434536,76882,73982,59456,57369,28505,27381,6375,6459
R,9,2024,2,3756824,1917303,1839521,1244299,1191033,308113,299477,47110,45442,123944,117453,7245,6932,186592,179184,1419017,1358535,398642,387048,98943,95307,189937,180511,17964,17177,1365152,1306131,846597,806730,261258,254175,12186,11614,113242,107106,4841,4524,127028,121982,966156,921393,322349,313550,41390,39503,161752,153417,11544,10779,552151,533390,397702,384303,46855,45302,34924,33828,10702,10347,2404,2408,59564,57202,452861,437142,76293,73498,57553,55804,28185,27094,6420,6398
R,9,2024,3,3711522,1896918,1814604,1231371,1172997,307846,299288,44724,43188,122800,116658,6712,6396,183465,176077,1403167,1337588,396836,385334,95646,92126,187734,178671,17237,16447,1370489,1305731,851826,805879,263703,256531,12337,11860,112997,107047,4575,4291,125051,120123,969520,918784,323780,314949,41041,39302,160849,152736,11170,10454,526429,508873,379545,367118,44143,42757,32387,31328,9803,9611,2137,2105,58414,55954,433647,418804,73056,70385,54605,52824,26885,25935,6067,5993
R,9,2024,4,3796189,1939883,1856306,1268269,1208615,306463,298230,46482,44423,127321,121188,6830,6467,184518,177383,1441066,1374494,396107,385065,97422,93486,192673,183592,17392,16553,1413781,1351738,885596,841283,264826,258305,13809,13292,117714,111856,4763,4485,127073,122517,1005191,956466,325998,318024,42941,41272,166260,158313,11465,10761,526102,504568,382673,367332,41637,39925,32673,31131,9607,9332,2067,1982,57445,54866,435875,418028,70109,67041,54481,52214,26413,25279,5927,5792
R,9,2024,5,3861087,1970025,1891062,1297233,1239486,307199,300562,47765,45868,127122,121561,7185,6849,183521,176736,1469051,1404729,395880,386495,98673,94987,192127,183858,17883,16976,1445307,1384388,913547,868214,266709,261770,14933,14511,117705,112408,5019,4893,127394,122592,1033372,983367,327809,321270,44273,42696,166373,158808,11857,11304,524718,506674,383686,371272,40490,38792,32832,31357,9417,9153,2166,1956,56127,54144,435679,421362,68071,65225,54400,52291,25754,25050,6026,5672
R,9,2024,6,3922658,2001829,1920829,1323040,1263861,312436,305263,49132,47468,127864,122659,7376,6801,181981,174777,1493374,1427185,399881,389777,100231,96453,192149,184236,18175,16911,1473517,1410580,935078,889181,272261,266541,15251,14766,118656,113636,5232,4841,127039,121615,1054518,1003371,333078,325269,44802,42828,166987,159722,12173,11268,528312,510249,387962,374680,40175,38722,33881,32702,9208,9023,2144,1960,54942,53162,438856,423814,66803,64508,55429,53625,25162,24514,6002,5643
R,9,2024,7,3983106,2035105,1948001,1348590,1285330,315217,307214,50348,48455,132435,126395,7557,6976,180958,173631,1517649,1447395,401061,390795,101984,98195,196516,187102,18460,17216,1498714,1429486,951987,902788,275230,268205,16132,15406,123151,117389,5400,4962,126814,120736,1071001,1016065,335124,326292,46196,44009,171503,162739,12468,11448,536391,518515,396603,382542,39987,39009,34216,33049,9284,9006,2157,2014,54144,52895,446648,431330,65937,64503,55788,54186,25013,24363,5992,5768
R,9,2024,8,4075796,2080892,1994904,1391296,1326894,315945,309256,52035,50195,132424,126908,7505,7153,181687,174498,1560995,1489750,401239,392215,105079,101219,196389,187784,18498,17603,1530748,1465059,983212,933508,275674,270172,16395,16200,122997,117919,5330,5112,127140,122148,1102550,1048085,335309,328331,47267,45953,171044,163576,12379,11814,550144,529845,408084,393386,40271,39084,35640,33995,9427,8989,2175,2041,54547,52350,458445,441665,65930,63884,57812,55266,25345,24208,6119,5789
R,9,2024,9,4100816,2095224,2005592,1402461,1336582,320206,311404,51981,50908,133453,126820,7429,7216,179694,172662,1570336,1497664,404266,393372,105261,102006,196272,186567,18158,17444,1544248,1473744,991307,940840,280093,272155,16841,16148,124223,118004,5310,5108,126474,121489,1110012,1054721,339197,330049,48203,46004,171633,163071,12284,11720,550976,531848,411154,395742,40113,39249,35140,34760,9230,8816,2119,2108,53220,51173,460324,442943,65069,63323,57058,56002,24639,23496,5874,5724
R,9,2024,10,4098008,2095497,2002511,1406950,1338283,319114,310287,52489,50656,133101,126565,7444,7191,176399,169529,1571761,1496459,400994,390412,105621,101727,194590,184653,18044,17269,1547517,1475260,997287,945054,279290,271185,16889,16253,123851,117992,5302,5081,124898,119695,1114521,1057292,337214,328108,48418,46358,170536,161828,12254,11671,547980,527251,409663,393229,39824,39102,35600,34403,9250,8573,2142,2110,51501,49834,457240,439167,63780,62304,57203,55369,24054,22825,5790,5598
R,9,2024,11,4083756,2086054,1997702,1400267,1337453,317766,309332,53181,50524,134788,127541,7553,7148,172499,165704,1561212,1491833,397314,386685,106012,101626,194783,184332,18032,17113,1541408,1471888,992338,942995,278489,271174,16982,16275,125760,118927,5348,5025,122491,117492,1107220,1052995,334996,326368,48447,46645,171404,161965,12221,11527,544646,525814,407929,394458,39277,38158,36199,34249,9028,8614,2205,2123,50008,48212,453992,438838,62318,60317,57565,54981,23379,22367,5811,5586
R,9,2024,12,4101674,2095982,2005692,1411803,1346928,319133,309022,54467,52057,133628,126788,7452,7078,169499,163819,1569790,1499519,396889,384729,107574,103457,191929,182603,17787,16964,1546463,1475721,999075,948147,279899,271435,17025,16436,124652,118355,5259,4965,120553,116383,1112020,1057023,335359,325544,48810,47144,169059,160836,12078,11525,549519,529971,412728,398781,39234,37587,37442,35621,8976,8433,2193,2113,48946,47436,457770,442496,61530,59185,58764,56313,22870,21767,5709,5439
R,9,2024,13,4160917,2129384,2031533,1440045,1368318,325605,314919,54853,52888,131494,124600,7493,7283,169894,163525,1598373,1520517,402964,389972,109139,105182,189422,180109,17837,17247,1566099,1490136,1014433,960281,285784,276497,17221,16440,122440,115997,5293,5027,120928,115894,1127666,1068592,341140,330069,49853,47691,166503,158104,12180,11547,563285,541397,425612,408037,39821,38422,37632,36448,9054,8603,2200,2256,48966,47631,470707,451925,61824,59903,59286,57491,22919,22005,5657,5700
R,9,2024,14,4243527,2170082,2073445,1473008,1402421,331674,319977,55616,52867,130737,125157,7371,7216,171676,165807,1633052,1556864,409617,396237,111268,106586,188509,180421,17767,17254,1589044,1516262,1028315,975990,292762,282238,17221,16961,122103,116912,5185,4966,123458,119195,1143922,1087470,349011,337342,51172,49841,166595,159374,12209,11672,581038,557183,444693,426431,38912,37739,38395,35906,8634,8245,2186,2250,48218,46612,489130,469394,60606,58895,60096,56745,21914,21047,5558,5582
R,9,2024,15,4309434,2204276,2105158,1503095,1427879,336664,325900,55555,53554,130322,125357,7466,7222,171174,165246,1662374,1581695,414187,402302,111404,107074,187770,179708,17899,17273,1610614,1537100,1044477,989500,297490,288143,17791,17287,121822,117175,5180,4853,123854,120142,1160223,1101775,354216,344202,52099,50558,166297,159357,12216,11715,593662,568058,458618,438379,39174,37757,37764,36267,8500,8182,2286,2369,47320,45104,502151,479920,59971,58100,59305,56516,21473,20351,5683,5558
R,9,2024,16,4464072,2284681,2179391,1561433,1481376,348225,335936,58284,55397,135726,130043,7524,7182,173489,169457,1722719,1638895,426826,413667,115492,111889,193242,185364,18408,17317,1665951,1589562,1081172,1024621,307615,297753,18528,17730,127006,121555,5111,4860,126519,123043,1199210,1139468,365525,354998,54229,52842,171878,164299,12531,11762,618730,589829,480261,456755,40610,38183,39756,37667,8720,8488,2413,2322,46970,46414,523509,499427,61301,58669,61263,59047,21364,21065,5877,5555
R,9,2024,17,4493306,2301332,2191974,1578557,1497264,347728,334552,60249,56673,136118,129775,7569,7370,171111,166340,1737564,1651647,424322,409823,118815,113217,192063,183938,18159,17651,1674120,1596042,1091779,1034280,307116,296380,18527,17935,127354,121423,5049,5016,124295,121008,1207736,1147125,363153,351760,55024,53186,170862,163431,12294,11971,627212,595932,486778,462984,40612,38172,41722,38738,8764,8352,2520,2354,46816,45332,529828,504522,61169,58063,63791,60031,21201,20507,5865,5680
R,9,2024,18,4457445,2285861,2171584,1574179,1486877,339540,327841,60603,56164,138284,133162,7570,7156,165685,160384,1728038,1635761,412358,399054,118286,111587,192739,185532,17729,16968,1663520,1584521,1090256,1029364,300124,290445,18197,17604,129517,125108,5105,4853,120321,117147,1202467,1138603,353219,343171,54147,52471,172198,165898,12061,11569,622341,587063,483923,457513,39416,37396,42406,38560,8767,8054,2465,2303,45364,43237,525571,497158,59139,55883,64139,59116,20541,19634,5668,5399
R,9,2024,19,4456742,2286625,2170117,1579069,1488329,334753,322447,61029,56636,143779,140264,7682,7344,160313,155097,1727883,1632084,403821,390537,118041,111504,196516,190797,17448,16820,1666484,1588339,1095584,1033600,295899,285981,18138,17507,135403,132478,5228,5106,116232,113667,1203890,1139336,346186,336370,53816,52174,176657,172230,11896,11662,620141,581778,483485,454729,38854,36466,42891,39129,8376,7786,2454,2238,44081,41430,523993,492748,57635,54167,64225,59330,19859,18567,5552,5158
R,9,2024,20,4476847,2297870,2178977,1592015,1499610,333299,321400,61097,54993,147436,144471,7819,7239,156204,151264,1736751,1639927,399625,386752,117415,109551,199043,193621,17617,16505,1683017,1602595,1110707,1047411,295571,285493,18181,17195,139168,136763,5323,5054,114067,110679,1216792,1150367,343982,333653,53917,51922,179899,175452,12127,11460,614853,576382,481308,452199,37728,35907,42916,37798,8268,7708,2496,2185,42137,40585,519959,489560,55643,53099,63498,57629,19144,18169,5490,5045
R,9,2024,21,4470365,2293907,2176458,1591552,1499260,332153,321246,61047,54721,150040,147258,7797,7163,151318,146810,1731758,1635230,395492,383677,117074,108790,199510,195013,17176,16060,1683430,1604264,1113235,1049709,294403,285726,17864,16765,142147,139566,5362,5046,110419,107452,1215892,1149582,340853,331736,53414,51277,181094,177096,11844,11313,610477,572194,478317,449551,37750,35520,43183,37956,7893,7692,2435,2117,40899,39358,515866,485648,54639,51941,63660,57513,18416,17917,5332,4747
R,9,2024,22,4543867,2317873,2225994,1602474,1528443,342906,337767,60433,55078,160017,155636,7683,7454,144360,141616,1735925,1658929,402660,398258,114547,107421,207203,201396,16895,16419,1707291,1650546,1122112,1075266,304627,301223,17744,17026,152179,147965,5429,5295,105200,103771,1219586,1171176,348417,345849,52031,50479,189247,183988,11903,11606,610582,575448,480362,453177,38279,36544,42689,38052,7838,7671,2254,2159,39160,37845,516339,487753,54243,52409,62516,56942,17956,17408,4992,4813
R,9,2024,23,4789079,2427893,2361186,1672315,1620040,362902,361057,60137,55441,183604,177805,8135,8075,140800,138768,1801578,1747694,421507,420357,112333,105450,230083,223632,17687,17373,1809745,1774805,1185119,1156102,322833,323457,17862,17708,175462,169779,5829,5745,102640,102014,1279557,1250118,365541,367318,51059,49552,212164,206298,12534,12411,618148,586381,487196,463938,40069,37600,42275,37733,8142,8026,2306,2330,38160,36754,522021,497576,55966,53039,61274,55898,17919,17334,5153,4962
R,9,2024,24,4892413,2479239,2413174,1712388,1656660,368923,369911,60713,55161,193601,188346,8583,8264,135031,134832,1836361,1780318,424490,427433,111300,103696,238158,233191,17701,17229,1860575,1826978,1222859,1191864,329461,331919,18105,17429,185356,180198,6315,5860,98479,99708,1313449,1283526,369905,374573,50038,48525,220802,216107,12854,12242,618664,586196,489529,464796,39462,37992,42608,37732,8245,8148,2268,2404,36552,35124,522912,496792,54585,52860,61262,55171,17356,17084,4847,4987
R,9,2024,25,4748894,2408453,2340441,1675508,1616460,349659,350825,58065,52614,188167,183943,8422,8055,128632,128544,1793414,1734379,402108,405405,106645,99394,230529,226319,17316,16562,1812583,1775198,1202944,1167357,312069,314401,17230,16594,180141,176029,6182,5703,94017,95114,1289273,1254808,350419,354926,48145,46725,213856,209942,12511,11723,595870,565243,472564,449103,37590,36424,40835,36020,8026,7914,2240,2352,34615,33430,504141,479571,51689,50479,58500,52669,16673,16377,4805,4839
R,9,2024,26,4635219,2349747,2285472,1636105,1574790,339070,340280,56759,51384,186358,186734,8205,7969,123250,124315,1748973,1688977,388821,392535,103897,97238,226647,227235,16628,16045,1770383,1736463,1176682,1137985,302701,305563,16500,15778,178440,178830,5949,5655,90111,92652,1259261,1223316,339057,344627,46361,45429,210740,211623,12032,11517,579364,549009,459423,436805,36369,34717,40259,35606,7918,7904,2256,2314,33139,31663,489712,465661,49764,47908,57536,51809,15907,15612,4596,4528
R,9,2024,27,4503550,2280989,2222561,1590442,1528603,325045,327308,54999,49672,185456,189774,7745,7489,117302,119715,1697854,1638390,371605,376752,100382,94830,224175,228784,15659,15171,1716375,1688236,1141931,1103142,289902,294011,15594,14941,177894,182204,5635,5430,85419,88508,1220307,1184423,323493,330624,44225,43837,208969,213805,11353,10965,564614,534325,448511,425461,35143,33297,39405,34731,7562,7570,2110,2059,31883,31207,477547,453967,48112,46128,56157,50993,15206,14979,4306,4206
R,9,2024,28,4477842,2264149,2213693,1582129,1521613,317604,323821,55569,49526,186267,193957,7717,7270,114863,117506,1687175,1629176,362512,371715,100643,94644,223953,232210,15722,14998,1704231,1683137,1138148,1099596,282821,290724,15342,14583,178731,186279,5614,5396,83575,86559,1214777,1178985,315088,326105,43610,43243,209191,217220,11404,10998,559918,530556,443981,422017,34783,33097,40227,34943,7536,7678,2103,1874,31288,30947,472398,450191,47424,45610,57033,51401,14762,14990,4318,4000
R,9,2024,29,4516179,2278364,2237815,1593991,1537672,323183,332394,55951,49819,185168,194753,7756,7441,112315,115736,1696437,1643353,366830,379460,100730,94878,221895,231925,15627,15331,1719365,1704571,1151042,1113670,288089,298065,15492,14880,177492,187057,5682,5530,81568,85369,1225466,1191768,319343,332539,43742,43836,207212,217303,11414,11277,558999,533244,442949,424002,35094,34329,40459,34939,7676,7696,2074,1911,30747,30367,470971,451585,47487,46921,56988,51042,14683,14622,4213,4054
R,9,2024,30,4529702,2279627,2250075,1594531,1542239,325962,340715,54891,50033,186282,194760,7616,7446,110345,114882,1694929,1647171,367954,386583,99841,96050,222269,231464,15669,15187,1729577,1721384,1158072,1122320,291743,306835,15429,14834,178800,187178,5607,5445,79926,84772,1230796,1199840,321747,340402,43571,44600,208049,217049,11500,11139,550050,528691,436459,419919,34219,33880,39462,35199,7482,7582,2009,2001,30419,30110,464133,447331,46207,46181,56270,51450,14220,14415,4169,4048
R,9,2024,31,4590055,2306554,2283501,1615078,1563517,331257,349986,55919,51000,189566,198223,7817,7411,106917,113364,1712182,1666848,371512,394882,99794,97645,224626,233983,15699,15054,1759007,1755922,1180134,1144934,297029,315850,15865,15429,182305,190667,5771,5372,77903,83670,1250949,1221336,325810,348442,43684,45873,210840,219847,11562,10977,547547,527579,434944,418583,34228,34136,40054,35571,7261,7556,2046,2039,29014,29694,461233,445512,45702,46440,56110,51772,13786,14136,4137,4077
R,9,2024,32,4660078,2338912,2321166,1644946,1595726,332340,353708,56570,51651,190708,199876,7558,7356,106790,112849,1742184,1698693,371260,396750,102093,99430,225066,235357,15345,14956,1790624,1792245,1209052,1175558,298148,319198,16506,16021,183522,192549,5599,5407,77797,83512,1279911,1251878,325720,350347,45674,47592,211549,221569,11350,10962,548288,528921,435894,420168,34192,34510,40064,35630,7186,7327,1959,1949,28993,29337,462273,446815,45540,46403,56419,51838,13517,13788,3995,3994
R,9,2024,33,4747829,2375488,2372341,1674337,1630922,336994,364127,56988,51847,194573,205142,7973,7549,104623,112754,1768934,1733378,374714,406818,101888,100132,228739,240911,15911,15400,1830833,1846908,1242345,1215437,302590,328805,16803,16433,187252,197584,5960,5619,75883,83030,1311038,1290993,329121,359323,45332,48091,215116,226786,11824,11489,544655,525433,431992,415485,34404,35322,40185,35414,7321,7558,2013,1930,28740,29724,457896,442385,45593,47495,56556,52041,13623,14125,4087,3911
R,9,2024,34,4805117,2402470,2402647,1699558,1656242,338517,366470,56977,52029,197006,208621,7748,7662,102664,111623,1792664,1757977,374461,407384,101686,101750,230752,243194,15497,15228,1860482,1879177,1268612,1241678,304617,331432,16904,16620,189822,201416,5767,5693,74760,82338,1336466,1316820,329579,360451,45620,49665,217545,229725,11545,11357,541988,523470,430946,414564,33900,35038,40073,35409,7184,7205,1981,1969,27904,29285,456198,441157,44882,46933,56066,52085,13207,13469,3952,3871
R,9,2024,35,4673684,2334683,2339001,1654603,1612510,325726,354790,54241,50584,194269,207988,7519,7135,98325,105994,1743849,1708676,359570,393052,98017,98364,226130,241134,14794,14483,1821175,1839646,1246212,1216071,293939,321779,16269,16410,187416,201191,5638,5340,71701,78855,1311223,1287578,317392,349007,44477,48602,213747,228670,11196,10945,513508,499355,408391,396439,31787,33011,37972,34174,6853,6797,1881,1795,26624,27139,432626,421098,42178,44045,53540,49762,12383,12464,3598,3538
R,9,2024,36,4604291,2291710,2312581,1635005,1605148,311705,343300,54184,50045,189057,203988,7296,7194,94463,102906,1720638,1698660,343318,379961,96510,97360,219869,235768,14396,14214,1785784,1818554,1231814,1212661,281087,311137,16171,15837,182318,197305,5401,5317,68993,76297,1294341,1282103,303051,336987,43436,47677,207873,223497,10765,10651,505926,494027,403191,392487,30618,32163,38013,34208,6739,6683,1895,1877,25470,26609,426297,416557,40267,42974,53074,49683,11996,12271,3631,3563
R,9,2024,37,4519665,2251310,2268355,1615751,1581612,302166,332413,52497,48534,183318,198743,7259,6983,90319,100070,1697465,1672602,332114,367579,94153,95378,212372,229513,14160,13738,1758461,1785589,1222169,1197479,272398,301440,15470,15335,176894,192149,5395,5123,66135,74063,1281858,1264842,293252,326154,42513,46873,201054,217653,10719,10224,492849,482766,393582,384133,29768,30973,37027,33199,6424,6594,1864,1860,24184,26007,415607,407760,38862,41425,51640,48505,11318,11860,3441,3514
R,9,2024,38,4538538,2260190,2278348,1629996,1597697,299382,329836,52439,49118,181914,197524,7180,6897,89279,97276,1710868,1685911,328273,363043,93979,96203,210875,226801,14126,13546,1766897,1797910,1235351,1214421,269827,299505,15355,15490,175482,191083,5399,5118,65483,72293,1294686,1279982,289604,322896,42598,47635,199514,215351,10659,10173,493293,480438,394645,383276,29555,30331,37084,33628,6432,6441,1781,1779,23796,24983,416182,405929,38669,40147,51381,48568,11361,11450,3467,3373
R,9,2024,39,4536008,2257758,2278250,1634381,1601427,295913,327277,52434,48961,180438,197751,7023,6907,87569,95927,1713650,1688598,323573,359097,94538,96350,208266,226363,13694,13544,1768836,1801181,1242990,1220201,267664,297844,14922,15536,174157,191361,5264,5233,63839,71006,1300719,1284737,286479,319875,42494,47899,197301,215066,10334,10297,488922,477069,391391,381226,28249,29433,37512,33425,6281,6390,1759,1674,23730,24921,412931,403861,37094,39222,52044,48451,10965,11297,3360,3247
R,9,2024,40,4420046,2194710,2225336,1590767,1566532,284321,317419,51217,48052,178074,194592,6759,6696,83572,92045,1666236,1649817,310103,347553,92076,94524,204568,221949,13336,13226,1721527,1757823,1211717,1191721,257070,289292,14767,15128,171961,188501,5061,4993,60951,68188,1266658,1253423,274671,310160,41570,46974,193915,211091,10117,9990,473183,467513,379050,374811,27251,28127,36450,32924,6113,6091,1698,1703,22621,23857,399578,396394,35432,37393,50506,47550,10653,10858,3219,3236
R,9,2024,41,4425837,2192638,2233199,1594102,1575119,284202,317722,51522,48637,173702,193276,6616,6693,82494,91752,1668613,1658014,309582,347213,92698,96257,199145,219825,13009,13151,1722079,1763432,1216669,1198121,257136,289697,14892,15258,167899,187321,4953,4994,60530,68041,1271244,1259554,274541,310202,42291,48111,189012,209264,9840,9938,470559,469767,377433,376998,27066,28025,36630,33379,5803,5955,1663,1699,21964,23711,397369,398460,35041,37011,50407,48146,10133,10561,3169,3213
R,9,2024,42,4421351,2184379,2236972,1592910,1581158,282893,318325,51046,48436,170233,191761,6484,6652,80813,90640,1665927,1663049,307649,347513,92026,96146,194676,217429,12796,12999,1715966,1764982,1216616,1201433,256179,290304,14825,15034,164445,185757,4793,4919,59108,67535,1269892,1262478,273215,310690,42076,48271,184641,206916,9677,9776,468413,471990,376294,379725,26714,28021,36221,33402,5788,6004,1691,1733,21705,23105,396035,400571,34434,36823,49950,47875,10035,10513,3119,3223
R,9,2024,43,4356799,2151170,2205629,1574861,1564890,278945,314073,50113,47902,161953,184307,6354,6276,78944,88181,1645925,1644592,302814,342373,90926,94957,185352,208809,12460,12387,1693584,1741679,1206983,1191550,253274,286757,14417,14899,156317,178416,4676,4636,57917,65421,1259020,1250713,269705,306494,41761,47534,175708,198610,9349,9235,457586,463950,367878,373340,25671,27316,35696,33003,5636,5891,1678,1640,21027,22760,386905,393879,33109,35879,49165,47423,9644,10199,3111,3152
R,9,2024,44,4378439,2163480,2214959,1582248,1568470,286148,321627,50810,48180,159424,182201,6554,6538,78296,87943,1652775,1647845,309888,349754,91858,95786,182190,206142,12568,12709,1698729,1747452,1207344,1191776,260687,294203,14758,15055,153716,176352,4858,4823,57366,65243,1258874,1250586,276940,313812,42392,48235,172550,196073,9540,9538,464751,467507,374904,376694,25461,27424,36052,33125,5708,5849,1696,1715,20930,22700,393901,397259,32948,35942,49466,47551,9640,10069,3028,3171
R,9,2024,45,4172733,2056462,2116271,1506690,1500646,270845,305721,47784,45726,151689,175473,6057,6063,73397,82642,1572863,1575104,292737,332209,86668,90484,172818,197965,11606,11701,1621539,1673376,1155507,1143501,247224,279879,13888,14180,146494,169997,4515,4436,53911,61383,1204057,1198810,262215,298069,40162,45582,164021,188532,8791,8734,434923,442895,351183,357145,23621,25842,33896,31546,5195,5476,1542,1627,19486,21259,368806,376294,30522,34140,46506,44902,8797,9433,2815,2967
R,9,2024,46,4051118,1994205,2056913,1466646,1464130,259225,292747,46072,44960,145994,169688,5752,5785,70516,79603,1530234,1535930,280038,317619,84068,88603,166071,191301,10818,11152,1569345,1622733,1122171,1113188,236702,267975,13272,13879,141003,164278,4311,4215,51886,59198,1168883,1166518,250958,285292,39108,44504,157686,182103,8198,8354,424860,434180,344475,350942,22523,24772,32800,31081,4991,5410,1441,1570,18630,20405,361351,369412,29080,32327,44960,44099,8385,9198,2620,2798
R,9,2024,47,4012170,1970725,2041445,1453761,1456080,253693,289574,45570,44201,143475,167874,5572,5782,68654,77934,1515659,1526291,273816,313660,83122,87678,162777,188932,10635,11036,1553467,1610503,1114134,1105707,232328,265467,13609,14170,138545,162659,4141,4255,50710,58245,1159747,1158126,245994,282258,39345,44910,154658,180072,8028,8280,417258,430942,339627,350373,21365,24107,31961,30031,4930,5215,1431,1527,17944,19689,355912,368165,27822,31402,43777,42768,8119,8860,2607,2756
R,9,2024,48,3867741,1899349,1968392,1397376,1404208,242666,276097,43874,42340,143764,166766,5343,5466,66326,73515,1457068,1470325,261354,298703,80639,83666,162276,186417,10327,10354,1494318,1547833,1067302,1060684,221882,253417,13037,13309,139107,161617,4040,4054,48950,54752,1111239,1109822,234639,269125,38164,42302,154624,177950,7920,7861,405031,420559,330074,343524,20784,22680,30837,29031,4657,5149,1303,1412,17376,18763,345829,360503,26715,29578,42475,41364,7652,8467,2407,2493
R,9,2024,49,3894691,1912942,1981749,1412479,1417493,243353,276442,42761,42183,145646,168240,5153,5277,63550,72114,1469652,1482392,261342,298009,78328,83077,163059,187509,9651,9997,1514988,1567543,1086656,1077997,223211,254529,12920,13582,141017,163308,3909,3919,47275,54208,1129087,1126718,235687,269598,37677,42715,155495,179333,7384,7545,397954,414206,325823,339496,20142,21913,29841,28601,4629,4932,1244,1358,16275,17906,340565,355674,25655,28411,40651,40362,7564,8176,2267,2452
R,9,2024,50,3825159,1876670,1948489,1386139,1396369,237933,270010,41657,40729,144198,166367,4916,5187,61827,69827,1441754,1459259,255125,290589,76715,80768,161053,184880,9324,9630,1492263,1545851,1070667,1065221,218891,249223,12794,13341,139830,161611,3741,3827,46340,52628,1112240,1112487,230944,263727,37416,42022,153974,177078,7141,7271,384407,402638,315472,331148,19042,20787,28863,27388,4368,4756,1175,1360,15487,17199,329514,346772,24181,26862,39299,38746,7079,7802,2183,2359
R,9,2024,51,3845587,1880892,1964695,1389794,1407260,241014,275038,40637,40383,143843,167779,4920,5112,60684,69123,1444375,1469279,257634,295371,75079,80110,160482,186072,9199,9612,1506212,1569640,1081567,1081640,222706,254637,12828,13614,139620,163178,3707,3792,45784,52779,1122560,1128926,234356,269033,37274,42616,153627,178548,7104,7287,374680,395055,308227,325620,18308,20401,27809,26769,4223,4601,1213,1320,14900,16344,321815,340353,23278,26338,37805,37494,6855,7524,2095,2325
R,9,2024,52,3985625,1948178,2037447,1449137,1470244,247559,283212,40986,40047,144097,168856,4869,5016,61530,70072,1504447,1533321,264094,303312,76827,81101,160297,186795,9209,9560,1576994,1644961,1143025,1146122,229800,263101,13397,13768,139876,164231,3680,3733,47216,54006,1185320,1194599,241669,277633,39479,44038,153615,179438,7120,7313,371184,392486,306112,324122,17759,20111,27589,26279,4221,4625,1189,1283,14314,16066,319127,338722,22425,25679,37348,37063,6682,7357,2089,2247
R,9,2024,53,4212670,2060688,2151982,1553283,1574432,257360,295656,40342,40694,140674,163905,5035,5007,63994,72288,1610921,1639644,274263,316007,78428,84055,156961,181540,9532,9628,1691326,1761550,1248048,1251675,239684,275825,13793,14474,136416,159366,3810,3806,49575,56404,1292658,1302414,251767,290659,41969,47307,150283,174267,7407,7493,369362,390432,305235,322757,17676,19831,26549,26220,4258,4539,1225,1201,14419,15884,318263,337230,22496,25348,36459,36748,6678,7273,2125,2135
R,9,2024,54,4247827,2078484,2169343,1574932,1597955,256865,291930,40023,39581,139236,163164,4857,5030,62571,71683,1631349,1662455,273293,312055,77657,83042,154569,180444,9292,9709,1714288,1789200,1273493,1283390,239325,272695,13659,14508,135189,158757,3719,3869,48903,55981,1317479,1333604,251371,287514,41901,47396,148257,173292,7310,7653,364196,380143,301439,314565,17540,19235,26364,25073,4047,4407,1138,1161,13668,15702,313870,328851,21922,24541,35756,35646,6312,7152,1982,2056
R,9,2024,55,4078835,1990523,2088312,1517459,1547046,240158,275382,37523,37986,132229,155884,4589,4872,58565,67142,1570403,1607596,255171,293719,73154,79476,146571,171583,8671,9178,1644999,1725683,1230365,1246275,223866,257431,13123,14036,128490,151747,3550,3735,45605,52459,1271499,1293509,234679,270667,39878,45702,140676,164932,6842,7156,345524,362629,287094,300771,16292,17951,24400,23950,3739,4137,1039,1137,12960,14683,298904,314087,20492,23052,33276,33774,5895,6651,1829,2022
R,9,2024,56,3967638,1933173,2034465,1472385,1505122,237285,274130,36808,36359,127316,150947,4369,4698,55010,63209,1521950,1561936,251413,291588,70609,75572,140406,165452,8232,8833,1598996,1684622,1194501,1214110,221596,256681,12927,13810,123760,147016,3372,3594,42840,49411,1232984,1258404,231792,269333,38461,43841,134828,159220,6497,6931,334177,349843,277884,291012,15689,17449,23881,22549,3556,3931,997,1104,12170,13798,288966,303532,19621,22255,32148,31731,5578,6232,1735,1902
R,9,2024,57,3951631,1919598,2032033,1475108,1517547,234663,274012,35132,35438,117059,138521,4464,4593,53172,61922,1523151,1573352,248067,291166,68462,74495,129183,151909,8099,8597,1598132,1693887,1206775,1235735,219897,256984,12948,13944,113631,134823,3454,3550,41427,48851,1244106,1279657,229575,269608,38125,44208,123892,146032,6432,6773,321466,338146,268333,281812,14766,17028,22184,21494,3428,3698,1010,1043,11745,13071,279045,293695,18492,21558,30337,30287,5291,5877,1667,1824
R,9,2024,58,4000574,1940311,2060263,1490124,1538748,241329,281936,34864,35507,116739,137756,4417,4722,52838,61594,1537452,1594073,254903,298843,68254,74717,128593,150972,8193,8705,1623388,1726730,1225270,1260441,226427,265484,13214,14304,113441,134153,3429,3671,41607,48677,1262425,1304104,236248,277891,38959,44828,123442,145221,6510,6862,316923,333533,264854,278307,14902,16452,21650,21203,3298,3603,988,1051,11231,12917,275027,289969,18655,20952,29295,29889,5151,5751,1683,1843
R,9,2024,59,4166928,2014811,2152117,1558251,1619807,246893,290334,35017,35696,116698,138513,4354,4744,53598,63023,1606499,1676416,260294,307526,69242,76103,128464,151703,8095,8786,1702222,1821559,1296474,1343280,232403,273953,13899,15150,113458,134986,3393,3721,42595,50469,1334700,1388543,242333,286821,40447,47070,123480,146120,6469,7025,312589,330558,261777,276527,14490,16381,21118,20546,3240,3527,961,1023,11003,12554,271799,287873,17961,20705,28795,29033,4984,5583,1626,1761
R,9,2024,60,4274598,2060238,2214360,1605439,1681380,246115,290727,34408,35102,116718,139705,4091,4551,53467,62895,1653570,1737970,259030,307075,69317,76505,128084,152635,7758,8481,1761626,1893350,1354938,1411915,232323,274800,14090,15537,113756,136455,3238,3557,43281,51086,1393800,1457789,242038,287166,41922,48881,123484,147471,6253,6829,298612,321010,250501,269465,13792,15927,20318,19565,2962,3250,853,994,10186,11809,259770,280181,16992,19909,27395,27624,4600,5164,1505,1652
R,9,2024,61,4274117,2056127,2217990,1606886,1691688,241038,285987,33291,33856,118390,139793,3960,4469,52562,62197,1654214,1747661,253658,302276,67854,74756,129462,152271,7447,8333,1770614,1909095,1367083,1431979,228018,271029,14226,15347,115458,136527,3162,3541,42667,50672,1405412,1477479,237522,283530,41855,48401,124993,147148,6076,6726,285513,308895,239803,259709,13020,14958,19065,18509,2932,3266,798,928,9895,11525,248802,270182,16136,18746,25999,26355,4469,5123,1371,1607
R,9,2024,62,4245202,2037402,2207800,1606394,1700242,235054,281139,31658,33007,109153,128528,4098,4460,51045,60424,1652510,1754669,246968,296714,65346,73265,119899,140495,7500,8167,1765446,1912509,1377247,1451384,222910,267332,13782,15153,106449,125463,3279,3559,41779,49618,1414896,1495986,231955,279288,40954,47971,115786,135729,6156,6610,271956,295291,229147,248858,12144,13807,17876,17854,2704,3065,819,901,9266,10806,237614,258683,15013,17426,24392,25294,4113,4766,1344,1557
R,9,2024,63,4251406,2033507,2217899,1617261,1720398,230605,278231,30265,32360,101584,123172,3839,4156,49953,59582,1662323,1774012,242421,293425,63520,72421,111970,134729,7084,7865,1776384,1935444,1400514,1482403,219003,265026,13639,15402,99106,120292,3089,3309,41033,49012,1437417,1526433,228020,276724,40633,48158,108109,130194,5823,6340,257123,282455,216747,237995,11602,13205,16626,16958,2478,2880,750,847,8920,10570,224906,247579,14401,16701,22887,24263,3861,4535,1261,1525
R,9,2024,64,4228545,2016660,2211885,1599372,1712064,230250,278235,29811,31980,104575,127806,3726,4128,48926,57672,1643520,1763846,241791,293205,62372,70464,114629,139114,6887,7620,1765125,1933903,1387145,1477515,218970,265340,13426,15206,102143,124943,3023,3335,40418,47564,1423523,1520120,227848,276945,39990,46740,110925,134661,5653,6238,251535,277982,212227,234549,11280,12895,16385,16774,2432,2863,703,793,8508,10108,219997,243726,13943,16260,22382,23724,3704,4453,1234,1382
R,9,2024,65,4116386,1955021,2161365,1560508,1682244,219310,269073,27871,30034,97777,120997,3470,3821,46085,55196,1602003,1731983,229922,283051,58748,67327,107368,131552,6399,7070,1724588,1903665,1365924,1464730,209038,257142,12931,14526,95533,118365,2838,3135,38324,45767,1400365,1505848,217315,268095,38232,45266,103967,127486,5308,5815,230433,257700,194584,217514,10272,11931,14940,15508,2244,2632,632,686,7761,9429,201638,226135,12607,14956,20516,22061,3401,4066,1091,1255
R,9,2024,66,4051077,1916877,2134200,1535218,1667324,210607,260315,25762,28524,98178,121604,3297,3618,43815,52815,1574648,1714790,220762,273863,55258,64309,107112,131645,6027,6662,1701766,1889406,1353429,1460138,200787,249085,12276,14139,96118,119116,2694,2963,36462,43965,1386144,1499567,208680,259735,36573,43749,103951,127804,5011,5484,215111,244794,181789,207186,9820,11230,13486,14385,2060,2488,603,655,7353,8850,188504,215223,12082,14128,18685,20560,3161,3841,1016,1178
R,9,2024,67,4003699,1885597,2118102,1515592,1661805,204208,256148,25308,27307,94960,118583,3141,3484,42388,50775,1553789,1707502,213992,268972,53935,62246,103524,127810,5797,6407,1679020,1880428,1340568,1459808,195126,245331,12099,13693,93053,116321,2626,2819,35548,42456,1372510,1497917,202852,255494,35854,42805,100631,124287,4888,5269,206577,237674,175024,201997,9082,10817,13209,13614,1907,2262,515,665,6840,8319,181279,209585,11140,13478,18081,19441,2893,3523,909,1138
R,9,2024,68,3848712,1805691,2043021,1455591,1603944,192307,244887,23478,25815,91670,116845,2931,3309,39714,48221,1491452,1647313,201425,257084,50271,58844,99602,125834,5470,6125,1612436,1818416,1291750,1412963,183763,234560,11304,13170,89819,114553,2419,2749,33381,40421,1321837,1449225,190926,244215,33607,40732,96799,122378,4548,5143,193255,224605,163841,190981,8544,10327,12174,12645,1851,2292,512,560,6333,7800,169615,198088,10499,12869,16664,18112,2803,3456,922,982
R,9,2024,69,3741188,1749955,1991233,1416249,1571324,181829,232928,22229,24502,89581,114190,2792,3230,37275,45059,1449746,1611650,190434,244468,47496,55180,96992,122729,5224,5968,1566422,1776236,1260505,1388210,173667,223197,10788,12363,87855,112117,2319,2645,31288,37704,1288561,1421807,180429,232281,31781,37885,94417,119603,4403,4988,183533,214997,155744,183114,8162,9731,11441,12139,1726,2073,473,585,5987,7355,161185,189843,10005,12187,15715,17295,2575,3126,821,980
R,9,2024,70,3596717,1672188,1924529,1362847,1528113,168808,220780,20131,22864,84061,107402,2558,3037,33783,42333,1393291,1566002,176735,231597,43091,51936,90657,115107,4653,5599,1504840,1724211,1220274,1357050,161374,211856,10055,11813,82549,105415,2125,2493,28463,35584,1245851,1388794,167613,220386,29238,36193,88386,112132,3939,4692,167348,200318,142573,171063,7434,8924,10076,11051,1512,1987,433,544,5320,6749,147440,177208,9122,11211,13853,15743,2271,2975,714,907
R,9,2024,71,3427576,1586450,1841126,1301172,1471754,154546,205622,18503,20818,78423,100539,2356,2710,31450,39683,1329470,1507427,161819,215726,40022,47966,84549,107796,4356,5120,1432841,1654269,1169959,1311544,147798,197316,9394,11068,77054,98846,1975,2256,26661,33239,1193902,1341290,153558,205324,27479,33716,82530,105181,3699,4334,153609,186857,131213,160210,6748,8306,9109,9750,1369,1693,381,454,4789,6444,135568,166137,8261,10402,12543,14250,2019,2615,657,786
R,9,2024,72,3287636,1516803,1770833,1251331,1421949,143244,193966,16734,19470,74283,96312,2222,2590,28989,36546,1277444,1454738,150027,203330,36585,44744,79812,102730,4092,4818,1375346,1596773,1129990,1272235,137084,186374,8717,10433,73001,94738,1881,2147,24673,30846,1152123,1299811,142542,193807,25488,31741,77937,100359,3483,4054,141457,174060,121341,149714,6160,7592,8017,9037,1282,1574,341,443,4316,5700,125321,154927,7485,9523,11097,13003,1875,2371,609,764
R,9,2024,73,3122969,1433351,1689618,1186273,1357904,134713,186975,15582,18295,67732,89646,1967,2403,27084,34395,1210586,1388777,141018,195934,34403,42288,72710,95384,3689,4445,1299802,1524461,1071258,1215794,129006,179848,8175,9764,66605,88182,1685,1983,23073,28890,1091877,1241612,134103,186955,24112,29966,71023,93151,3180,3747,133549,165157,115015,142110,5707,7127,7407,8531,1127,1464,282,420,4011,5505,118709,147165,6915,8979,10291,12322,1687,2233,509,698
R,9,2024,74,2965965,1354397,1611568,1117261,1292300,126620,176794,14653,17057,68561,91067,1871,2157,25431,32193,1140136,1321083,132642,185332,32126,39201,73325,96733,3512,4142,1229822,1453281,1010108,1155659,121263,169883,7736,9179,67467,89631,1585,1819,21663,27110,1029517,1179799,126088,176675,22514,27831,71709,94531,3043,3518,124575,158287,107153,136641,5357,6911,6917,7878,1094,1436,286,338,3768,5083,110619,141284,6554,8657,9612,11370,1616,2202,469,624
R,9,2024,75,2848366,1294324,1554042,1078001,1258729,114438,162827,13521,15601,63205,84498,1766,2050,23393,30337,1099072,1285873,119755,170746,29752,36693,67524,89570,3348,3937,1180484,1408647,979612,1132688,109787,156671,7286,8550,62163,83191,1492,1728,20144,25819,997697,1155706,114058,163078,21246,26522,66026,87652,2889,3368,113840,145395,98389,126041,4651,6156,6235,7051,1042,1307,274,322,3249,4518,101375,130167,5697,7668,8506,10171,1498,1918,459,569
R,9,2024,76,2750751,1245940,1504811,1046593,1229631,104907,151612,12265,14603,58792,78217,1579,1952,21804,28796,1066228,1255453,109960,159034,27387,34697,62742,83006,3003,3699,1140177,1368054,954906,1111087,100603,145898,6819,8087,57887,76977,1327,1650,18635,24355,971634,1132843,104724,151841,19644,25045,61410,81159,2595,3178,105763,136757,91687,118544,4304,5714,5446,6516,905,1240,252,302,3169,4441,94594,122610,5236,7193,7743,9652,1332,1847,408,521
R,9,2024,77,2823003,1276478,1546525,1090868,1290091,96593,140468,11890,13871,53880,71891,1483,1711,21764,28493,1110594,1315839,101373,147748,27352,34041,57578,76344,2845,3364,1177677,1416699,1004898,1177030,92780,135129,6724,7858,53067,70759,1266,1446,18942,24477,1022058,1199097,96710,141043,20149,25222,56367,74667,2491,2911,98801,129826,85970,113061,3813,5339,5166,6013,813,1132,217,265,2822,4016,88536,116742,4663,6705,7203,8819,1211,1677,354,453
R,9,2024,78,2113393,945387,1168006,798413,960688,74053,111362,9108,11394,46100,61307,1268,1513,16445,21742,813300,980193,77822,117023,20402,26238,49081,65086,2429,2974,862052,1055087,725805,862509,70708,106498,4977,6222,45386,60291,1085,1275,14091,18292,738546,878838,73713,111016,14640,18725,48033,63583,2119,2556,83335,112919,72608,98179,3345,4864,4131,5172,714,1016,183,238,2354,3450,74754,101355,4109,6007,5762,7513,1048,1503,310,418
R,9,2024,79,1916794,848625,1068169,716537,878269,67319,103615,8065,10440,41372,55270,1089,1380,14243,19195,729375,895400,70665,108772,17764,23508,44046,58532,2157,2690,773249,964938,650657,788063,64394,99396,4424,5722,40747,54369,921,1146,12106,16242,661523,802487,67057,103544,12619,16770,43097,57237,1864,2282,75376,103231,65880,90206,2925,4219,3641,4718,625,901,168,234,2137,2953,67852,92913,3608,5228,5145,6738,949,1295,293,408
R,9,2024,80,1815658,795823,1019835,675924,845323,60362,94980,7426,9513,37918,50589,939,1254,13254,18176,687840,861515,63569,100022,16508,21946,40301,53572,1894,2520,728911,924960,617330,762284,57716,91198,4182,5204,37435,49760,811,1044,11437,15470,627584,776004,60324,95306,12017,15809,39569,52368,1653,2163,66912,94875,58594,83039,2646,3782,3244,4309,483,829,128,210,1817,2706,60256,85511,3245,4716,4491,6137,732,1204,241,357
R,9,2024,81,1812089,786988,1025101,676669,861450,56260,91229,6701,8990,34144,44956,839,1102,12375,17374,687854,876997,59204,95930,15221,21001,36308,47717,1758,2279,725136,935360,622296,782985,53888,87544,3879,4918,33631,44245,723,918,10719,14750,631971,796136,56283,91299,11272,15181,35547,46612,1532,1963,61852,89741,54373,78465,2372,3685,2822,4072,513,711,116,184,1656,2624,55883,80861,2921,4631,3949,5820,761,1105,226,316
R,9,2024,82,1532979,657127,875852,560072,729852,48302,79627,5781,7874,31580,42834,729,1025,10663,14640,569657,742957,50804,83596,13112,17983,33530,45238,1481,1964,603144,796811,512599,660365,46215,76572,3339,4348,31183,42195,618,850,9190,12481,520840,671470,48257,79790,9634,12989,32930,44310,1276,1688,53983,79041,47473,69487,2087,3055,2442,3526,397,639,111,175,1473,2159,48817,71487,2547,3806,3478,4994,600,928,205,276
R,9,2024,83,1337305,564381,772924,480067,642412,41528,71480,5122,6994,27839,37954,672,863,9153,13221,488334,654202,43737,75112,11357,16105,29539,40166,1305,1733,516483,701496,437873,579540,39692,68743,3020,3912,27487,37377,579,718,7832,11206,444934,589500,41451,71659,8354,11647,28993,39286,1121,1478,47898,71428,42194,62872,1836,2737,2102,3082,352,577,93,145,1321,2015,43400,64702,2286,3453,3003,4458,546,880,184,255
R,9,2024,84,1188521,492879,695642,416890,576256,36925,65334,4582,6414,25874,35219,586,808,8022,11611,424054,586567,38926,68644,9991,14236,27419,37148,1154,1617,449404,628687,378576,517303,35255,62645,2631,3555,25526,34683,485,656,6931,9845,384755,525983,36891,65329,7264,10200,26917,36386,992,1367,43475,66955,38314,58953,1670,2689,1951,2859,348,536,101,152,1091,1766,39299,60584,2035,3315,2727,4036,502,762,162,250
R,9,2024,85,1055088,432439,622649,367333,518567,31415,56641,3898,5681,22518,30700,434,714,6841,10346,373479,527743,33106,59531,8458,12656,23831,32446,937,1452,394385,563023,333765,465899,29917,54266,2209,3198,22248,30235,347,599,5899,8826,339045,473683,31285,56600,6131,9164,23431,31768,804,1253,38054,59626,33568,52668,1498,2375,1689,2483,270,465,87,115,942,1520,34434,54060,1821,2931,2327,3492,400,678,133,199
R,9,2024,86,953229,384345,568884,327215,474879,27171,50948,3388,5192,19894,28047,446,622,6231,9196,332809,483072,28692,53588,7550,11280,21115,29640,891,1241,351134,515343,297761,427575,25933,48809,2026,2987,19623,27651,377,498,5414,7823,302617,434502,27166,50971,5655,8184,20717,29041,765,1045,33211,53541,29454,47304,1238,2139,1362,2205,271,396,69,124,817,1373,30192,48570,1526,2617,1895,3096,398,599,126,196
R,9,2024,87,821890,325619,496271,276806,413878,22977,44413,2854,4427,17282,24871,351,563,5349,8119,281642,421023,24354,46790,6410,9700,18306,26375,739,1173,297021,448969,251378,372055,21932,42546,1678,2481,17072,24491,302,458,4659,6938,255581,378110,23051,44527,4777,6982,17997,25820,649,1002,28598,47302,25428,41823,1045,1867,1176,1946,210,380,49,105,690,1181,26061,42913,1303,2263,1633,2718,309,555,90,171
R,9,2024,88,719136,280191,438945,238041,366282,19840,39480,2462,3899,14915,21834,273,463,4660,6987,242225,372445,21058,41567,5431,8462,15868,23108,635,962,255581,397292,216185,329390,18921,37893,1455,2198,14736,21498,226,389,4058,5924,219812,334581,19936,39602,4015,6062,15598,22624,557,826,24610,41653,21856,36892,919,1587,1007,1701,179,336,47,74,602,1063,22413,37864,1122,1965,1416,2400,270,484,78,136
R,9,2024,89,635029,241962,393067,206299,328311,16745,34895,2137,3534,12685,19546,262,408,3834,6373,209719,333917,17755,36691,4555,7673,13492,20746,573,880,220566,355765,187232,295262,15963,33472,1276,1990,12536,19232,223,336,3336,5473,190192,300055,16802,34938,3364,5576,13272,20291,506,751,21396,37302,19067,33049,782,1423,861,1544,149,314,39,72,498,900,19527,33862,953,1753,1191,2097,220,455,67,129
R,9,2024,90,523607,196208,327399,167174,273418,13517,29057,1711,2861,10399,16492,241,349,3166,5222,170016,278020,14334,30591,3695,6215,11086,17523,477,740,178814,296751,151650,246193,12901,27864,1023,1643,10275,16243,200,296,2765,4512,154122,250148,13582,29123,2741,4537,10897,17171,407,654,17394,30648,15524,27225,616,1193,688,1218,124,249,41,53,401,710,15894,27872,752,1468,954,1678,189,352,70,86
R,9,2024,91,444838,162653,282185,138759,235796,10967,24465,1398,2438,8696,14689,173,310,2660,4487,141147,239696,11631,25756,3058,5315,9300,15579,380,693,148683,256310,126302,212740,10461,23456,854,1475,8594,14483,147,263,2325,3893,128377,216113,11013,24527,2292,3965,9147,15285,336,608,13970,25875,12457,23056,506,1009,544,963,102,206,26,47,335,594,12770,23583,618,1229,766,1350,153,294,44,85
R,9,2024,92,380935,135539,245396,115913,205879,8860,20666,1134,2115,7191,12510,139,288,2302,3938,117964,209304,9480,21872,2550,4604,7706,13283,346,618,123891,223098,105498,185987,8464,19831,670,1266,7099,12333,119,243,2041,3438,107314,188962,9008,20858,1905,3436,7570,13030,309,541,11648,22298,10415,19892,396,835,464,849,92,177,20,45,261,500,10650,20342,472,1014,645,1168,136,253,37,77
R,9,2024,93,316416,110166,206250,94637,174082,6871,16702,942,1725,5794,10327,116,215,1806,3199,96252,176825,7372,17675,2013,3760,6230,10968,270,495,100573,187779,86076,157606,6547,16000,546,1008,5724,10199,100,182,1580,2784,87492,159971,6974,16818,1473,2785,6105,10772,231,433,9593,18471,8561,16476,324,702,396,717,70,128,16,33,226,415,8760,16854,398,857,540,975,125,196,39,62
R,9,2024,94,266088,89548,176540,76649,148321,5661,14418,770,1409,4948,9374,93,193,1427,2825,77913,150770,6052,15231,1637,3203,5275,9954,227,452,81828,160695,69713,134172,5409,13819,479,840,4893,9249,80,167,1254,2448,70816,136270,5736,14494,1232,2398,5197,9770,203,399,7720,15845,6936,14149,252,599,291,569,55,125,13,26,173,377,7097,14500,316,737,405,805,78,184,24,53
R,9,2024,95,204193,66422,137771,56835,116034,4083,11094,584,1034,3704,7238,69,156,1147,2215,57839,117937,4420,11806,1297,2386,3967,7691,180,363,60656,125829,51705,105396,3884,10622,354,632,3656,7127,58,136,999,1916,52578,107026,4160,11230,969,1782,3894,7534,156,321,5766,11942,5130,10638,199,472,230,402,48,111,11,20,148,299,5261,10911,260,576,328,604,73,157,24,42
R,9,2024,96,159496,49945,109551,42644,92123,3130,8785,456,889,2773,5864,54,109,888,1781,43418,93634,3389,9342,986,1991,2984,6251,135,285,45636,100308,38798,83931,2977,8400,280,547,2753,5780,46,94,782,1556,39480,85237,3194,8874,745,1510,2950,6127,115,251,4309,9243,3846,8192,153,385,176,342,20,84,8,15,106,225,3938,8397,195,468,241,481,34,124,20,34
R,9,2024,97,120761,36483,84278,30977,70713,2327,6785,297,683,2133,4642,39,94,710,1361,31600,71868,2550,7203,693,1532,2300,4925,103,232,33452,77437,28251,64612,2238,6501,192,443,2112,4584,33,81,626,1216,28801,65642,2426,6864,539,1198,2267,4843,88,208,3031,6841,2726,6101,89,284,105,240,21,58,6,13,84,145,2799,6226,124,339,154,334,33,82,15,24
R,9,2024,98,88499,25897,62602,21803,52320,1750,5117,233,509,1566,3515,32,81,513,1060,22243,53216,1897,5477,523,1151,1705,3731,94,189,23726,57579,19863,47838,1683,4919,149,340,1548,3472,27,70,456,940,20250,48628,1804,5226,408,900,1679,3667,83,169,2171,5023,1940,4482,67,198,84,169,18,43,5,11,57,120,1993,4588,93,251,115,251,26,64,11,20
R,9,2024,99,62725,17508,45217,14570,37489,1195,3756,177,397,1194,2660,22,54,350,861,14862,38196,1293,4070,382,887,1292,2850,68,153,16060,41612,13303,34302,1142,3603,119,262,1179,2631,18,49,299,765,13553,34929,1223,3875,288,693,1265,2796,58,134,1448,3605,1267,3187,53,153,58,135,15,29,4,5,51,96,1309,3267,70,195,94,194,27,54,10,19
R,9,2024,100,113189,29212,83977,23118,67528,2366,7863,396,852,2494,5841,68,138,770,1755,23752,68930,2659,8511,792,1847,2717,6264,187,370,26519,77485,20779,61819,2263,7552,278,630,2460,5787,54,118,685,1579,21346,63076,2521,8124,626,1521,2659,6165,154,316,2693,6492,2339,5709,103,311,118,222,34,54,14,20,85,176,2406,5854,138,387,166,326,58,99,33,54
R,10,2024,999,340532020,167127239,173404781,122048041,124998468,21944663,24032865,3529345,3429360,11134501,12148993,469924,471079,8000765,8324016,129402186,132635470,25055036,27312908,6826067,6972121,13641574,14660605,995530,995611,132647988,138731221,94777900,97475084,19838304,21885896,1154494,1190981,10669581,11676433,346218,346155,5861491,6156672,100171043,103128645,22050221,24244865,3364073,3626404,12652714,13663912,725313,724793,34479251,34673560,27270141,27523384,2106359,2146969,2374851,2238379,464920,472560,123706,124924,2139274,2167344,29231143,29506825,3004815,3068043,3461994,3345717,988860,996693,270217,270818
R,10,2024,0,3625185,1854135,1771050,1207672,1152010,293913,284548,47036,44885,114417,107176,6869,6696,184228,175735,1380219,1316332,383436,370643,98546,94098,179235,168601,17488,16783,1309539,1248764,818247,777971,246972,239501,11665,11318,103754,96937,4647,4469,124254,118568,935261,889492,306984,297506,40402,38607,150776,141483,11196,10541,544596,522286,389425,374039,46941,45047,35371,33567,10663,10239,2222,2227,59974,57167,444958,426840,76452,73137,58144,55491,28459,27118,6292,6242
R,10,2024,1,3667638,1875805,1791833,1217920,1160596,298974,289686,48472,46400,118874,111825,6955,6915,184610,176411,1390782,1325506,388561,375991,99955,95747,184042,173672,17587,17048,1322493,1260319,821688,780038,251549,244198,11735,11356,108066,101454,4671,4568,124784,118705,939158,891646,311647,302090,40486,38559,155566,146352,11249,10652,553312,531514,396232,380558,47425,45488,36737,35044,10808,10371,2284,2347,59826,57706,451624,433860,76914,73901,59469,57188,28476,27320,6338,6396
R,10,2024,2,3751750,1914648,1837102,1242484,1189510,307467,298531,47304,45767,123788,117416,7272,6967,186333,178911,1416962,1356755,397870,385969,99067,95558,189688,180376,17978,17200,1361027,1302433,843578,804284,260525,253228,12147,11602,113051,107021,4866,4520,126860,121778,962981,918750,321532,312505,41314,39447,161495,153255,11561,10770,553621,534669,398906,385226,46942,45303,35157,34165,10737,10395,2406,2447,59473,57133,453981,438005,76338,73464,57753,56111,28193,27121,6417,6430
R,10,2024,3,3722554,1902189,1820365,1235144,1177394,308236,299713,44855,43292,123000,116780,6755,6456,184199,176730,1407626,1342592,397585,386069,95987,92413,188190,179031,17321,16546,1373746,1309229,854395,808705,263801,256667,12325,11843,113158,107152,4576,4322,125491,120540,972497,922002,324087,315279,41129,39377,161187,153008,11200,10508,528443,511136,380749,368689,44435,43046,32530,31449,9842,9628,2179,2134,58708,56190,435129,420590,73498,70790,54858,53036,27003,26023,6121,6038
R,10,2024,4,3788611,1936175,1852436,1264144,1204423,307336,298926,46365,44377,127259,121103,6794,6429,184277,177178,1436714,1370110,396877,385668,97255,93399,192511,183430,17342,16511,1408540,1346262,880489,836218,265402,258652,13629,13121,117582,111697,4738,4441,126700,122133,999733,951043,326402,318187,42661,40994,165995,158020,11419,10696,527635,506174,383655,368205,41934,40274,32736,31256,9677,9406,2056,1988,57577,55045,436981,419067,70475,67481,54594,52405,26516,25410,5923,5815
R,10,2024,5,3858435,1968817,1889618,1295323,1237493,307142,300550,47699,45706,127736,121992,7195,6843,183722,177034,1467315,1403004,395916,386673,98608,94866,192907,184424,17898,16983,1444175,1382878,911958,866335,266591,261654,14837,14435,118298,112814,5023,4885,127468,122755,1031844,981642,327678,321232,44176,42633,167081,159330,11869,11293,524642,506740,383365,371158,40551,38896,32862,31271,9438,9178,2172,1958,56254,54279,435471,421362,68238,65441,54432,52233,25826,25094,6029,5690
R,10,2024,6,3914744,1997467,1917277,1319871,1261127,311471,304397,49079,47525,127680,122611,7349,6819,182017,174798,1490241,1424479,398997,388938,100134,96478,191971,184217,18131,16919,1469592,1407564,932471,887052,271240,265700,15226,14748,118447,113581,5202,4860,127006,121623,1051883,1001245,332081,324443,44723,42800,166776,159683,12116,11290,527875,509713,387400,374075,40231,38697,33853,32777,9233,9030,2147,1959,55011,53175,438358,423234,66916,64495,55411,53678,25195,24534,6015,5629
R,10,2024,7,3977306,2032321,1944985,1345900,1282582,315394,307424,50222,48229,132214,126200,7549,6940,181042,173610,1515076,1444642,401421,391090,101775,97805,196307,186942,18444,17157,1496646,1427305,949790,900668,275483,268471,16115,15310,122981,117193,5407,4937,126870,120726,1068875,1013944,335520,326613,46133,43792,171321,162581,12474,11401,535675,517680,396110,381914,39911,38953,34107,32919,9233,9007,2142,2003,54172,52884,446201,430698,65901,64477,55642,54013,24986,24361,5970,5756
R,10,2024,8,4074859,2080181,1994678,1389661,1325741,316275,309457,52091,50201,132842,127342,7516,7153,181796,174784,1559449,1488873,401679,392607,105080,101257,196863,188331,18508,17606,1530149,1464882,981981,932697,275869,270256,16369,16205,123392,118347,5334,5113,127204,122264,1101374,1047393,335547,328481,47190,45957,171504,164070,12381,11812,550032,529796,407680,393044,40406,39201,35722,33996,9450,8995,2182,2040,54592,52520,458075,441480,66132,64126,57890,55300,25359,24261,6127,5794
R,10,2024,9,4100057,2094871,2005186,1402371,1336179,320022,311363,51849,50932,133244,126779,7440,7226,179945,172707,1570489,1497301,404183,393346,105117,101968,196236,186618,18212,17487,1543419,1472617,990856,939906,279885,272106,16818,16127,123993,117914,5316,5114,126551,121450,1109643,1053752,338995,329973,48142,45913,171505,163032,12307,11747,551452,532569,411515,396273,40137,39257,35031,34805,9251,8865,2124,2112,53394,51257,460846,443549,65188,63373,56975,56055,24731,23586,5905,5740
R,10,2024,10,4103869,2098404,2005465,1408465,1339760,319365,310632,52549,50755,133746,127095,7447,7193,176832,170030,1573671,1498405,401500,391029,105741,101908,195418,185374,18056,17266,1549435,1477407,998108,946042,279489,271434,16904,16286,124475,118527,5311,5095,125148,120023,1115573,1058580,337555,328511,48448,46429,171279,162518,12269,11683,548969,528058,410357,393718,39876,39198,35645,34469,9271,8568,2136,2098,51684,50007,458098,439825,63945,62518,57293,55479,24139,22856,5787,5583
R,10,2024,11,4079707,2083908,1995799,1398661,1336107,317592,309268,53271,50462,134225,127102,7536,7153,172623,165707,1559758,1490506,397241,386731,106039,101467,194272,183884,18019,17134,1539602,1470267,991280,942003,278312,271091,16921,16252,125181,118462,5336,5017,122572,117442,1106251,1051977,334888,326353,48334,46548,170873,161454,12210,11516,544306,525532,407381,394104,39280,38177,36350,34210,9044,8640,2200,2136,50051,48265,453507,438529,62353,60378,57705,54919,23399,22430,5809,5618
R,10,2024,12,4101709,2095611,2006098,1410818,1346437,318971,308921,54414,52137,134233,127376,7472,7091,169703,164136,1568995,1499322,396846,384829,107518,103579,192658,183327,17813,16978,1546119,1475626,998230,947478,279714,271246,17025,16439,125254,118917,5270,4978,120626,116568,1111253,1056535,335211,325458,48778,47151,169729,161495,12084,11535,549492,530472,412588,398959,39257,37675,37389,35698,8979,8459,2202,2113,49077,47568,457742,442787,61635,59371,58740,56428,22929,21832,5729,5443
R,10,2024,13,4161408,2129772,2031636,1439709,1367934,325783,315034,54819,52881,131836,124827,7498,7269,170127,163691,1598255,1520293,403393,390186,109040,105100,189851,180468,17859,17254,1566701,1490712,1014541,960432,285782,276591,17221,16413,122769,116230,5289,5016,121099,116030,1127933,1068876,341306,330244,49814,47610,166907,158446,12185,11560,563071,540924,425168,407502,40001,38443,37598,36468,9067,8597,2209,2253,49028,47661,470322,451417,62087,59942,59226,57490,22944,22022,5674,5694
R,10,2024,14,4238509,2167457,2071052,1470646,1400476,331327,319530,55747,52889,130787,125255,7352,7225,171598,165677,1630606,1554805,409178,395635,111462,106612,188506,180528,17755,17262,1587384,1514481,1027235,975040,292438,281735,17217,16939,122111,116969,5176,4986,123207,118812,1142609,1086166,348492,336611,51167,49672,166492,159383,12189,11685,580073,556571,443411,425436,38889,37795,38530,35950,8676,8286,2176,2239,48391,46865,487997,468639,60686,59024,60295,56940,22014,21145,5566,5577
R,10,2024,15,4297914,2198105,2099809,1498312,1423818,335580,325059,55494,53492,130248,125276,7520,7219,170951,164945,1657429,1577321,412963,401431,111170,106765,187795,179618,17891,17257,1606278,1533113,1041321,986727,296543,287255,17776,17239,121795,117115,5251,4848,123592,119929,1156853,1098783,353133,343234,51892,50366,166337,159292,12245,11680,591827,566696,456991,437091,39037,37804,37718,36253,8453,8161,2269,2371,47359,45016,500576,478538,59830,58197,59278,56399,21458,20326,5646,5577
R,10,2024,16,4458449,2282237,2176212,1559516,1478747,348131,335699,58119,55140,135623,129893,7491,7179,173357,169554,1720672,1636405,426801,413539,115014,111576,193173,185213,18385,17290,1664240,1587590,1080007,1022887,307453,297622,18426,17701,126880,121417,5087,4860,126387,123103,1197915,1137807,365410,354963,53902,52785,171756,164166,12522,11750,617997,588622,479509,455860,40678,38077,39693,37439,8743,8476,2404,2319,46970,46451,522757,498598,61391,58576,61112,58791,21417,21047,5863,5540
R,10,2024,17,4496926,2302608,2194318,1578929,1498462,347868,335161,60108,56812,136375,129955,7557,7374,171771,166554,1738578,1653066,424806,410614,118910,113351,192480,184195,18193,17669,1674771,1597168,1091479,1034730,307218,296827,18572,17962,127640,121575,5038,5023,124824,121051,1207936,1147638,363536,352258,55243,53173,171262,163585,12303,11980,627837,597150,487450,463732,40650,38334,41536,38850,8735,8380,2519,2351,46947,45503,530642,505428,61270,58356,63667,60178,21218,20610,5890,5689
R,10,2024,18,4462128,2288511,2173617,1574636,1487615,340841,328539,60808,56191,138355,133006,7572,7162,166299,161104,1729038,1637160,414050,400211,118594,111767,193038,185588,17789,16983,1664930,1585454,1090125,1029352,301276,291045,18205,17625,129528,124923,5093,4846,120703,117663,1202679,1139067,354617,344092,54143,52568,172403,165896,12085,11566,623581,588163,484511,458263,39565,37494,42603,38566,8827,8083,2479,2316,45596,43441,526359,498093,59433,56119,64451,59199,20635,19692,5704,5417
R,10,2024,19,4458549,2287277,2171272,1579204,1488321,334893,322997,61139,56825,143726,140161,7705,7396,160610,155572,1728346,1632556,404165,391327,118113,111766,196533,190896,17443,16913,1666223,1588327,1095165,1032761,295879,286468,18136,17529,135369,132375,5249,5138,116425,114056,1203713,1138891,346352,337077,53779,52263,176648,172259,11880,11724,621054,582945,484039,455560,39014,36529,43003,39296,8357,7786,2456,2258,44185,41516,524633,493665,57813,54250,64334,59503,19885,18637,5563,5189
R,10,2024,20,4472359,2295332,2177027,1589415,1497593,333011,321167,61147,54973,147553,144628,7828,7251,156378,151415,1734297,1638032,399558,386593,117363,109517,199330,193884,17664,16532,1679945,1600180,1107747,1045194,295226,285212,18181,17156,139255,136852,5326,5060,114210,110706,1213938,1148167,343716,333401,53865,51795,180147,175635,12179,11467,615387,576847,481668,452399,37785,35955,42966,37817,8298,7776,2502,2191,42168,40709,520359,489865,55842,53192,63498,57722,19183,18249,5485,5065
R,10,2024,21,4474372,2296091,2178281,1593018,1500233,332047,321167,61110,54857,150093,147519,7819,7157,152004,147348,1733865,1636700,395742,383951,117281,108956,199796,195518,17227,16118,1684416,1605136,1113962,1050050,294215,285554,17881,16797,142153,139850,5366,5043,110839,107842,1217046,1150286,340906,331792,53472,51326,181261,177553,11849,11360,611675,573145,479056,450183,37832,35613,43229,38060,7940,7669,2453,2114,41165,39506,516819,486414,54836,52159,63809,57630,18535,17965,5378,4758
R,10,2024,22,4543062,2319568,2223494,1604034,1527350,342225,336298,60722,55234,159612,154955,7697,7445,145278,142212,1738390,1658423,402269,397020,115250,107813,207049,200875,16932,16389,1707482,1646970,1122615,1073365,303987,299848,17822,17001,151749,147293,5445,5286,105864,104177,1220733,1169684,348009,344650,52396,50578,189005,183437,11937,11569,612086,576524,481419,453985,38238,36450,42900,38233,7863,7662,2252,2159,39414,38035,517657,488739,54260,52370,62854,57235,18044,17438,4995,4820
R,10,2024,23,4767529,2417787,2349742,1665271,1611861,360995,359010,60120,55438,182210,176326,8088,8006,141103,139101,1794831,1739897,419796,418450,112477,105709,228745,222158,17629,17286,1800173,1764130,1178615,1148808,320994,321441,17800,17667,174084,168304,5767,5698,102913,102212,1273319,1243073,363863,365377,51120,49694,210842,204779,12456,12341,617614,585612,486656,463053,40001,37569,42320,37771,8126,8022,2321,2308,38190,36889,521512,496824,55933,53073,61357,56015,17903,17379,5173,4945
R,10,2024,24,4903853,2484549,2419304,1714006,1659212,370668,371636,60982,55496,194571,189317,8590,8305,135732,135338,1838665,1783329,426550,429315,111731,104143,239436,234393,17759,17347,1863614,1830560,1222951,1192553,330983,333463,18126,17501,186304,181102,6321,5891,98929,100050,1313991,1284522,371626,376235,50148,48670,221945,217186,12890,12338,620935,588744,491055,466659,39685,38173,42856,37995,8267,8215,2269,2414,36803,35288,524674,498807,54924,53080,61583,55473,17491,17207,4869,5009
R,10,2024,25,4759053,2413672,2345381,1678494,1619495,350663,351688,58305,52756,188840,184527,8436,8066,128934,128849,1796661,1737651,403338,406550,106958,99572,231256,227017,17342,16590,1815787,1778544,1204360,1169087,312947,315127,17287,16696,180827,176659,6227,5702,94139,95273,1290795,1256653,351433,355794,48193,46814,214563,210660,12549,11719,597885,566837,474134,450408,37716,36561,41018,36060,8013,7868,2209,2364,34795,33576,505866,480998,51905,50756,58765,52758,16693,16357,4793,4871
R,10,2024,26,4654838,2359310,2295528,1642233,1581713,340823,342112,57026,51570,186947,187074,8239,8028,124042,125031,1755791,1696601,390997,394708,104414,97675,227490,227770,16748,16155,1777090,1743468,1180693,1142609,304209,307098,16595,15815,178954,179143,5954,5696,90685,93107,1263770,1228387,340873,346400,46610,45616,211445,212040,12091,11590,582220,552060,461540,439104,36614,35014,40431,35755,7993,7931,2285,2332,33357,31924,492021,468214,50124,48308,57804,52059,16045,15730,4657,4565
R,10,2024,27,4509444,2283958,2225486,1592461,1530552,325488,327746,54899,49776,185883,190068,7755,7516,117472,119828,1700085,1640469,372184,377236,100245,94905,224709,229170,15648,15177,1718679,1690121,1143228,1104130,290333,294406,15617,15006,178303,182472,5640,5438,85558,88669,1221763,1185578,324020,331046,44250,43928,209449,214193,11349,10973,565279,535365,449233,426422,35155,33340,39282,34770,7580,7596,2115,2078,31914,31159,478322,454891,48164,46190,55995,50977,15260,14977,4299,4204
R,10,2024,28,4478604,2264677,2213927,1581788,1521130,317695,323828,55634,49547,186654,194424,7748,7259,115158,117739,1687099,1628873,362681,371882,100812,94579,224454,232848,15770,15022,1703845,1682932,1137104,1098698,282877,290805,15344,14562,179112,186748,5645,5381,83763,86738,1213906,1178221,315196,326356,43619,43127,209685,217812,11449,11001,560832,530995,444684,422432,34818,33023,40290,34985,7542,7676,2103,1878,31395,31001,473193,450652,47485,45526,57193,51452,14769,15036,4321,4021
R,10,2024,29,4519052,2280245,2238807,1594810,1538166,323264,331847,56108,49896,185661,195495,7751,7449,112651,115954,1697602,1644080,367075,379073,100911,94936,222530,232746,15625,15360,1719816,1704381,1150703,1113262,288050,297415,15516,14906,178016,187739,5672,5553,81859,85506,1225420,1191528,319438,331996,43801,43813,207863,218045,11418,11301,560429,534426,444107,424904,35214,34432,40592,34990,7645,7756,2079,1896,30792,30448,472182,452552,47637,47077,57110,51123,14667,14701,4207,4059
R,10,2024,30,4521920,2275772,2246148,1591012,1539326,325331,339589,54856,49996,186358,194880,7596,7452,110619,114905,1691682,1644280,367542,385502,99919,95960,222356,231599,15637,15179,1725510,1717534,1154624,1119533,291028,305746,15341,14739,178831,187320,5595,5450,80091,84746,1227506,1197009,321192,339330,43536,44431,208086,217216,11478,11144,550262,528614,436388,419793,34303,33843,39515,35257,7527,7560,2001,2002,30528,30159,464176,447271,46350,46172,56383,51529,14270,14383,4159,4035
R,10,2024,31,4587929,2305881,2282048,1614496,1562047,331010,349748,55823,50981,189812,198473,7835,7380,106905,113419,1711602,1665441,371284,394774,99510,97537,224998,234256,15720,15015,1757759,1754070,1178944,1143112,296806,315583,15804,15403,182532,190901,5767,5355,77906,83716,1249781,1219593,325588,348278,43508,45796,211155,220072,11556,10947,548122,527978,435552,418935,34204,34165,40019,35578,7280,7572,2068,2025,28999,29703,461821,445848,45696,46496,56002,51741,13843,14184,4164,4068
R,10,2024,32,4654370,2336992,2317378,1642710,1592517,332129,352872,56718,51683,190922,200099,7546,7385,106967,112822,1740095,1695496,371205,395920,102229,99399,225368,235582,15328,14963,1787708,1787746,1206110,1171612,297867,318509,16499,15944,183738,192777,5602,5401,77892,83503,1277044,1247933,325551,349673,45624,47474,211828,221820,11327,10930,549284,529632,436600,420905,34262,34363,40219,35739,7184,7322,1944,1984,29075,29319,463051,447563,45654,46247,56605,51925,13540,13762,4001,4033
R,10,2024,33,4742720,2372390,2370330,1671239,1628829,336818,364148,56936,51713,194693,205181,7990,7511,104714,112948,1765935,1731403,374647,407004,101752,99905,228873,241090,15973,15400,1827653,1844475,1239170,1213040,302442,328678,16770,16406,187377,197619,5975,5599,75919,83133,1307906,1288638,329075,359318,45233,47950,215204,226935,11876,11502,544737,525855,432069,415789,34376,35470,40166,35307,7316,7562,2015,1912,28795,29815,458029,442765,45572,47686,56519,51955,13669,14155,4097,3898
R,10,2024,34,4810319,2405568,2404751,1701374,1657688,338784,366390,57234,52166,197441,208911,7749,7701,102986,111895,1794767,1759758,374925,407463,102053,101898,231320,243577,15512,15275,1861109,1879527,1268590,1241811,304691,331195,16937,16635,190221,201643,5764,5720,74906,82523,1336589,1317208,329744,360353,45651,49643,218041,230001,11550,11365,544459,525224,432784,415877,34093,35195,40297,35531,7220,7268,1985,1981,28080,29372,458178,442550,45181,47110,56402,52255,13279,13576,3962,3910
R,10,2024,35,4682705,2340242,2342463,1657365,1613926,327332,355914,54378,50740,194824,208406,7561,7137,98782,106340,1747059,1710382,361343,394436,98348,98629,226812,241622,14839,14515,1824981,1841744,1247603,1216451,295368,322841,16287,16458,187971,201601,5662,5349,72090,79044,1312983,1288105,318947,350210,44663,48692,214441,229135,11219,10988,515261,500719,409762,397475,31964,33073,38091,34282,6853,6805,1899,1788,26692,27296,434076,422277,42396,44226,53685,49937,12371,12487,3620,3527
R,10,2024,36,4617405,2297536,2319869,1637820,1608999,313264,345215,54313,50261,190011,204842,7311,7239,94817,103313,1723750,1702877,345107,382035,96678,97685,220981,236790,14416,14271,1790017,1823802,1233408,1214957,282526,312895,16253,15896,183223,198120,5417,5342,69190,76592,1296096,1284659,304654,338834,43495,47819,208897,224446,10776,10680,507519,496067,404412,394042,30738,32320,38060,34365,6788,6722,1894,1897,25627,26721,427654,418218,40453,43201,53183,49866,12084,12344,3640,3591
R,10,2024,37,4518891,2251099,2267792,1614457,1579990,302363,332665,52554,48474,183943,199449,7284,6995,90498,100219,1696322,1671113,332387,367962,94256,95208,213034,230339,14221,13775,1757684,1784825,1220524,1195683,272483,301623,15418,15334,177523,192867,5403,5142,66333,74176,1280380,1263149,293415,326465,42535,46778,201730,218459,10757,10263,493415,482967,393933,384307,29880,31042,37136,33140,6420,6582,1881,1853,24165,26043,415942,407964,38972,41497,51721,48430,11304,11880,3464,3512
R,10,2024,38,4536507,2259122,2277385,1628810,1596611,299543,329673,52294,49177,182189,197678,7195,6905,89091,97341,1709521,1684861,328429,362962,93524,96283,211226,226970,14147,13543,1765882,1796552,1234110,1213182,269935,299185,15399,15476,175723,191240,5405,5110,65310,72359,1293297,1278774,289696,322673,42386,47606,199783,215549,10664,10161,493240,480833,394700,383429,29608,30488,36895,33701,6466,6438,1790,1795,23781,24982,416224,406087,38733,40289,51138,48677,11443,11421,3483,3382
R,10,2024,39,4542078,2261080,2280998,1636026,1602718,296455,327988,52639,48941,180797,198059,7027,6925,88136,96367,1715805,1690319,324409,359977,95038,96414,208719,226879,13690,13594,1770515,1803059,1243468,1220784,268049,298520,14938,15540,174520,191623,5272,5249,64268,71343,1301582,1285660,287089,320643,42702,47980,197773,215474,10339,10348,490565,477939,392558,381934,28406,29468,37701,33401,6277,6436,1755,1676,23868,25024,414223,404659,37320,39334,52336,48434,10946,11405,3351,3246
R,10,2024,40,4431650,2200491,2231159,1594524,1570696,285174,318255,51321,48176,178732,195098,6771,6685,83969,92249,1670425,1654153,311022,348552,92287,94627,205392,222572,13390,13225,1726197,1762447,1214600,1195059,257899,289972,14794,15168,172602,188975,5064,4998,61238,68275,1269864,1256850,275538,310928,41660,46924,194690,211674,10146,9985,474294,468712,379924,375637,27275,28283,36527,33008,6130,6123,1707,1687,22731,23974,400561,397303,35484,37624,50627,47703,10702,10898,3244,3240
R,10,2024,41,4417402,2189077,2228325,1591034,1571073,283664,317129,51481,48503,174034,193303,6649,6698,82215,91619,1665240,1653861,309013,346603,92448,95973,199468,219864,13027,13143,1718666,1759602,1213820,1194912,256527,289158,14857,15184,168202,187370,4994,4992,60266,67986,1268113,1256293,273889,309674,42054,47959,189306,209323,9873,9937,470411,468723,377214,376161,27137,27971,36624,33319,5832,5933,1655,1706,21949,23633,397127,397568,35124,36929,50394,48014,10162,10541,3154,3206
R,10,2024,42,4428945,2188570,2240375,1595233,1582981,283492,318833,51150,48573,171028,192440,6485,6685,81182,90863,1668608,1665096,308416,348078,92214,96301,195634,218206,12824,13046,1718663,1767030,1217716,1202193,256687,290679,14874,15121,165203,186408,4781,4954,59402,67675,1271285,1263378,273822,311102,42190,48352,185547,207645,9687,9819,469907,473345,377517,380788,26805,28154,36276,33452,5825,6032,1704,1731,21780,23188,397323,401718,34594,36976,50024,47949,10087,10561,3137,3227
R,10,2024,43,4353621,2149023,2204598,1573134,1564093,278292,313285,49977,47895,162392,184755,6344,6271,78884,88299,1644146,1643894,302109,341621,90747,94946,185809,209364,12447,12422,1692566,1740972,1206197,1191133,252605,285994,14386,14882,156791,178861,4679,4619,57908,65483,1258225,1250364,269005,305735,41726,47489,176196,199134,9353,9232,456457,463626,366937,372960,25687,27291,35591,33013,5601,5894,1665,1652,20976,22816,385921,393530,33104,35886,49021,47457,9613,10230,3094,3190
R,10,2024,44,4391711,2170441,2221270,1587085,1572902,286839,322413,51085,48244,160133,182790,6588,6551,78711,88370,1657968,1652684,310733,350646,92225,96096,183114,206824,12661,12753,1703470,1751929,1210431,1194684,261242,294891,14831,15031,154400,176896,4875,4837,57691,65590,1262242,1253810,277617,314594,42527,48382,173406,196719,9597,9587,466971,469341,376654,378218,25597,27522,36254,33213,5733,5894,1713,1714,21020,22780,395726,398874,33116,36052,49698,47714,9708,10105,3064,3166
R,10,2024,45,4188326,2064246,2124080,1512352,1506110,271816,306895,47906,45914,152367,176107,6054,6108,73751,82946,1578885,1580824,293796,333544,86940,90807,173617,198729,11615,11749,1627725,1679714,1159944,1147767,248088,280944,13920,14317,147143,170637,4519,4476,54111,61573,1208705,1203238,263126,299214,40263,45813,164758,189251,8796,8775,436521,444366,352408,358343,23728,25951,33986,31597,5224,5470,1535,1632,19640,21373,370180,377586,30670,34330,46677,44994,8859,9478,2819,2974
R,10,2024,46,4057891,1997760,2060131,1468098,1465065,260272,293933,46157,45002,146694,170541,5812,5795,70727,79795,1531862,1537080,281215,318894,84271,88713,166764,192141,10885,11182,1572239,1625373,1123328,1113901,237586,269004,13269,13823,141665,165107,4351,4212,52040,59326,1170165,1167372,251949,286373,39194,44481,158331,182933,8246,8356,425521,434758,344770,351164,22686,24929,32888,31179,5029,5434,1461,1583,18687,20469,361697,369708,29266,32521,45077,44232,8433,9208,2639,2826
R,10,2024,47,4024246,1976653,2047593,1458521,1460778,254472,290392,45671,44380,143517,167999,5570,5808,68902,78236,1520658,1531235,274681,314626,83323,87960,162919,189169,10650,11081,1558137,1615848,1117856,1109813,233069,266210,13620,14229,138569,162776,4149,4274,50874,58546,1163628,1162485,246784,283169,39414,45088,154764,180296,8051,8323,418516,431745,340665,350965,21403,24182,32051,30151,4948,5223,1421,1534,18028,19690,357030,368750,27897,31457,43909,42872,8155,8873,2599,2758
R,10,2024,48,3870866,1900470,1970396,1397783,1405588,242864,276273,43944,42399,143916,166931,5384,5480,66579,73725,1457694,1471903,261638,298982,80774,83769,162557,186708,10428,10391,1494900,1548991,1067413,1061512,221978,253548,13092,13314,139259,161760,4062,4071,49096,54786,1111457,1110669,234785,269270,38191,42241,154902,178189,7987,7894,405570,421405,330370,344076,20886,22725,30852,29085,4657,5171,1322,1409,17483,18939,346237,361234,26853,29712,42583,41528,7655,8519,2441,2497
R,10,2024,49,3891033,1911094,1979939,1410722,1415219,243206,276620,42857,42142,145660,168317,5146,5299,63503,72342,1467876,1480311,261239,298327,78307,83101,163095,187650,9618,10070,1512508,1565181,1084373,1075327,223022,254568,12898,13601,141026,163376,3903,3925,47286,54384,1126835,1124228,235514,269729,37630,42783,155522,179426,7365,7593,398586,414758,326349,339892,20184,22052,29959,28541,4634,4941,1243,1374,16217,17958,341041,356083,25725,28598,40677,40318,7573,8224,2253,2477
R,10,2024,50,3834519,1881363,1953156,1389419,1399769,238634,270646,41765,40932,144456,166646,4939,5185,62150,69978,1445324,1462826,255953,291271,77000,81067,161381,185189,9374,9612,1495323,1548877,1072760,1067391,219432,249769,12849,13344,140053,161846,3754,3835,46475,52692,1114469,1114734,231572,264308,37487,42057,154234,177335,7162,7257,386040,404279,316659,332378,19202,20877,28916,27588,4403,4800,1185,1350,15675,17286,330855,348092,24381,26963,39513,39010,7147,7854,2212,2355
R,10,2024,51,3836006,1876451,1959555,1386761,1403615,239886,273954,40541,40331,143748,167481,4905,5134,60610,69040,1441277,1465546,256516,294253,74847,79959,160436,185808,9188,9626,1501965,1564889,1078643,1078366,221568,253565,12758,13578,139541,162908,3692,3794,45763,52678,1119611,1125552,233231,267901,37134,42498,153585,178314,7087,7281,374486,394666,308118,325249,18318,20389,27783,26753,4207,4573,1213,1340,14847,16362,321666,339994,23285,26352,37713,37461,6851,7494,2101,2345
R,10,2024,52,3968769,1939735,2029034,1440771,1462121,247050,282456,41132,40090,144556,169399,4896,5015,61330,69953,1495883,1525077,263548,302583,76825,80945,160768,187374,9219,9566,1567874,1635797,1134309,1137428,229233,262254,13339,13738,140325,164765,3707,3731,46961,53881,1176357,1185779,241026,276807,39248,43790,154065,180010,7130,7322,371861,393237,306462,324693,17817,20202,27793,26352,4231,4634,1189,1284,14369,16072,319526,339298,22522,25776,37577,37155,6703,7364,2089,2244
R,10,2024,53,4189560,2048601,2140959,1543032,1565156,255890,294355,40198,40667,140649,163783,5016,4991,63816,72007,1600485,1630144,272778,314637,78081,83823,156959,181374,9508,9584,1679902,1750582,1238337,1242491,238240,274552,13726,14420,136399,159229,3795,3789,49405,56101,1282776,1292988,250316,289296,41706,47038,150294,174087,7404,7432,368699,390377,304695,322665,17650,19803,26472,26247,4250,4554,1221,1202,14411,15906,317709,337156,22462,25341,36375,36785,6665,7287,2104,2152
R,10,2024,54,4261930,2085416,2176514,1579240,1602272,258375,293555,40230,39649,139767,163772,4875,5053,62929,72213,1635987,1667234,274911,313877,78089,83386,155178,181212,9296,9740,1720075,1795153,1276849,1286752,240766,274180,13803,14541,135699,159357,3730,3884,49228,56439,1321138,1337361,252913,289152,42229,47677,148831,174030,7302,7683,365341,381361,302391,315520,17609,19375,26427,25108,4068,4415,1145,1169,13701,15774,314849,329873,21998,24725,35860,35709,6347,7182,1994,2057
R,10,2024,55,4088147,1995100,2093047,1520997,1550448,240722,276073,37529,38096,132426,156092,4632,4896,58794,67442,1574148,1611277,255781,294459,73271,79745,146857,171912,8758,9245,1648226,1728761,1232842,1248269,224326,258088,13082,14027,128640,151925,3586,3763,45750,52689,1274102,1295720,235148,271384,39916,45795,140893,165190,6907,7216,346874,364286,288155,302179,16396,17985,24447,24069,3786,4167,1046,1133,13044,14753,300046,315557,20633,23075,33355,33950,5964,6722,1851,2029
R,10,2024,56,3971417,1935277,2036140,1473215,1505557,236979,273725,36971,36526,128450,152268,4338,4694,55324,63370,1523080,1562518,251219,291215,70880,75783,141653,166844,8236,8823,1600469,1685709,1194911,1214212,221264,256221,12947,13836,124907,148333,3344,3587,43096,49520,1233652,1258604,231553,268895,38531,43881,136090,160631,6494,6913,334808,350431,278304,291345,15715,17504,24024,22690,3543,3935,994,1107,12228,13850,289428,303914,19666,22320,32349,31902,5563,6213,1742,1910
R,10,2024,57,3948039,1917974,2030065,1472974,1515091,234421,273661,35165,35452,117691,139308,4464,4585,53259,61968,1521095,1570923,247820,290865,68534,74513,129857,152748,8092,8608,1596033,1691168,1204330,1232624,219575,256590,12935,13951,114256,135595,3464,3548,41473,48860,1241695,1276548,229238,269216,38148,44208,124549,146823,6432,6788,321941,338897,268644,282467,14846,17071,22230,21501,3435,3713,1000,1037,11786,13108,279400,294375,18582,21649,30386,30305,5308,5925,1660,1820
R,10,2024,58,3982811,1931493,2051318,1483115,1532153,240129,280306,34734,35372,116403,137352,4422,4735,52690,61400,1530316,1587330,253688,297169,67992,74429,128261,150527,8197,8706,1614926,1718010,1218568,1254025,225266,263865,13102,14220,113104,133746,3428,3677,41458,48477,1255599,1297534,235057,276237,38712,44583,123106,144771,6509,6848,316567,333308,264547,278128,14863,16441,21632,21152,3299,3606,994,1058,11232,12923,274717,289796,18631,20932,29280,29846,5155,5756,1688,1858
R,10,2024,59,4151112,2007644,2143468,1551327,1611207,246311,289924,35040,35767,116950,138802,4378,4727,53638,63041,1599611,1667816,259820,307158,69212,76052,128734,152084,8120,8790,1694086,1812342,1288822,1334435,231732,273474,13894,15057,113679,135256,3416,3701,42543,50419,1326994,1379622,241731,286354,40331,46814,123700,146485,6492,7025,313558,331126,262505,276772,14579,16450,21146,20710,3271,3546,962,1026,11095,12622,272617,288194,18089,20804,28881,29238,5034,5599,1628,1765
R,10,2024,60,4268421,2057006,2211415,1602698,1678625,246012,290928,34473,35129,116355,139336,4098,4561,53370,62836,1650719,1735160,258831,307265,69316,76535,127742,152244,7762,8468,1758048,1889893,1351894,1408666,232231,274980,14044,15566,113393,136060,3230,3574,43256,51047,1390723,1454515,241885,287325,41858,48933,123147,147052,6243,6838,298958,321522,250804,269959,13781,15948,20429,19563,2962,3276,868,987,10114,11789,259996,280645,16946,19940,27458,27602,4595,5192,1519,1630
R,10,2024,61,4272619,2055300,2217319,1605210,1690096,241321,286159,33388,33879,118724,140320,3963,4478,52694,62387,1652664,1746265,254024,302509,68045,74826,129803,152844,7457,8369,1768501,1907063,1364478,1429267,228171,271081,14244,15323,115769,137062,3165,3534,42674,50796,1402814,1474894,237715,283642,41878,48388,125307,147715,6076,6739,286799,310256,240732,260829,13150,15078,19144,18556,2955,3258,798,944,10020,11591,249850,271371,16309,18867,26167,26438,4496,5129,1381,1630
R,10,2024,62,4244066,2036981,2207085,1604220,1697922,235291,281408,31768,33050,110441,129714,4109,4484,51152,60507,1650439,1752396,247240,297026,65475,73361,121246,141735,7540,8197,1763801,1910651,1374051,1448189,223102,267521,13783,15111,107717,126625,3282,3584,41866,49621,1411781,1492771,232151,279482,40969,47924,117095,136926,6190,6629,273180,296434,230169,249733,12189,13887,17985,17939,2724,3089,827,900,9286,10886,238658,259625,15089,17544,24506,25437,4151,4809,1350,1568
R,10,2024,63,4240715,2028165,2212550,1613031,1715924,229853,277609,30284,32378,101253,122793,3824,4150,49920,59696,1658060,1769645,241631,292885,63492,72474,111671,134369,7074,7872,1770687,1929882,1395980,1477752,218207,264373,13660,15425,98776,119916,3083,3295,40981,49121,1432826,1521884,227211,276140,40588,48221,107813,129830,5828,6345,257478,282668,217051,238172,11646,13236,16624,16953,2477,2877,741,855,8939,10575,225234,247761,14420,16745,22904,24253,3858,4539,1246,1527
R,10,2024,64,4239412,2022084,2217328,1603329,1716294,230906,278736,29897,32170,104925,128178,3778,4143,49249,57807,1647787,1768215,242620,293715,62642,70729,114991,139521,6934,7655,1768962,1937621,1389729,1480205,219606,265817,13426,15298,102478,125285,3061,3346,40662,47670,1426351,1522923,228602,277417,40135,46881,111253,135050,5674,6267,253122,279707,213600,236089,11300,12919,16471,16872,2447,2893,717,797,8587,10137,221436,245292,14018,16298,22507,23848,3738,4471,1260,1388
R,10,2024,65,4121161,1957602,2163559,1562669,1684045,219496,269241,28035,30077,97715,120922,3467,3837,46220,55437,1604299,1733994,230084,283260,58950,67549,107405,131528,6429,7091,1726608,1905128,1367583,1466011,209208,257225,13036,14521,95469,118279,2842,3146,38470,45946,1402166,1507281,217464,268211,38388,45383,104003,127441,5343,5829,230994,258431,195086,218034,10288,12016,14999,15556,2246,2643,625,691,7750,9491,202133,226713,12620,15049,20562,22166,3402,4087,1086,1262
R,10,2024,66,4043707,1913506,2130201,1531774,1662818,210671,260588,25809,28594,98145,121737,3320,3638,43787,52826,1571145,1710268,220846,274167,55310,64311,107063,131821,6049,6699,1697742,1884911,1349623,1455268,200769,249318,12216,14147,96062,119235,2707,2989,36365,43954,1382224,1494658,208658,259989,36469,43690,103865,127952,5019,5526,215764,245290,182151,207550,9902,11270,13593,14447,2083,2502,613,649,7422,8872,188921,215610,12188,14178,18841,20621,3198,3869,1030,1173
R,10,2024,67,4007075,1887130,2119945,1515711,1662699,204703,256496,25380,27376,95600,118885,3116,3487,42620,51002,1554125,1708620,214540,269374,54140,62485,104214,128150,5797,6405,1679519,1881413,1339793,1459935,195580,245651,12118,13756,93701,116625,2603,2814,35724,42632,1371893,1498228,203351,255835,35965,43013,101328,124620,4888,5254,207611,238532,175918,202764,9123,10845,13262,13620,1899,2260,513,673,6896,8370,182232,210392,11189,13539,18175,19472,2886,3530,909,1151
R,10,2024,68,3860270,1811027,2049243,1459632,1608132,193174,246054,23550,25996,91781,117191,2962,3328,39928,48542,1495687,1651796,202343,258341,50514,59242,99757,126249,5505,6167,1617202,1823775,1295272,1416552,184579,235684,11392,13199,89931,114889,2446,2768,33582,40683,1325549,1453058,191782,245415,33863,40925,96945,122768,4573,5185,193825,225468,164360,191580,8595,10370,12158,12797,1850,2302,516,560,6346,7859,170138,198738,10561,12926,16651,18317,2812,3481,932,982
R,10,2024,69,3742892,1751005,1991887,1416692,1571230,181877,233158,22306,24522,89871,114568,2813,3244,37446,45165,1450361,1611663,190492,244750,47699,55285,97313,123095,5245,5975,1566673,1776063,1260253,1387387,173708,223350,10806,12403,88123,112485,2342,2651,31441,37787,1288462,1421072,180463,232468,31908,38003,94717,119960,4421,4987,184332,215824,156439,183843,8169,9808,11500,12119,1748,2083,471,593,6005,7378,161899,190591,10029,12282,15791,17282,2596,3135,824,988
R,10,2024,70,3606932,1677270,1929662,1365909,1530949,169808,221772,20311,23060,84629,108154,2578,3068,34035,42659,1396570,1569112,177794,232618,43378,52352,91311,115972,4699,5650,1508644,1728131,1222282,1358951,162324,212780,10131,11880,83101,106141,2136,2517,28670,35862,1248032,1390921,168630,221328,29398,36438,89005,112959,3973,4731,168626,201531,143627,171998,7484,8992,10180,11180,1528,2013,442,551,5365,6797,148538,178191,9164,11290,13980,15914,2306,3013,726,919
R,10,2024,71,3432375,1588430,1843945,1302053,1473491,155303,206425,18617,20901,78436,100593,2370,2708,31651,39827,1330536,1509279,162617,216568,40308,48118,84592,107912,4383,5139,1434218,1656277,1170404,1312626,148498,198081,9421,11094,77069,98886,1991,2258,26835,33332,1194522,1342446,154273,206107,27645,33786,82577,105275,3728,4354,154212,187668,131649,160865,6805,8344,9196,9807,1367,1707,379,450,4816,6495,136014,166833,8344,10461,12663,14332,2015,2637,655,785
R,10,2024,72,3305039,1524688,1780351,1257121,1428686,144195,195280,16898,19629,75070,97245,2243,2616,29161,36895,1283400,1461819,151029,204746,36843,45131,80629,103713,4114,4864,1382227,1605133,1134986,1278018,137985,187650,8788,10515,73779,95654,1896,2171,24793,31125,1157235,1305871,143478,195180,25620,31978,78739,101314,3499,4088,142461,175218,122135,150668,6210,7630,8110,9114,1291,1591,347,445,4368,5770,126165,155948,7551,9566,11223,13153,1890,2399,615,776
R,10,2024,73,3127435,1435623,1691812,1188651,1360233,134589,186887,15607,18327,67585,89404,1975,2409,27216,34552,1213079,1391253,140889,195836,34538,42452,72599,95169,3713,4457,1301747,1526368,1073292,1217864,128880,179743,8207,9813,66453,87938,1689,1984,23226,29026,1094048,1243808,133987,186838,24261,30138,70913,92937,3197,3762,133876,165444,115359,142369,5709,7144,7400,8514,1132,1466,286,425,3990,5526,119031,147445,6902,8998,10277,12314,1686,2232,516,695
R,10,2024,74,2970814,1356399,1614415,1118402,1294163,127285,177413,14736,17206,68515,91137,1880,2170,25581,32326,1141410,1323070,133361,186000,32301,39444,73312,96825,3523,4156,1231104,1455164,1010673,1156743,121892,170457,7756,9211,67421,89705,1591,1832,21771,27216,1030174,1180987,126759,177273,22599,27944,71688,94620,3047,3522,125295,159251,107729,137420,5393,6956,6980,7995,1094,1432,289,338,3810,5110,111236,142083,6602,8727,9702,11500,1624,2205,476,634
R,10,2024,75,2852158,1296143,1556015,1078835,1259190,114861,163674,13587,15670,63616,85003,1765,2052,23479,30426,1099990,1286398,120184,171633,29875,36790,67961,90112,3349,3949,1181532,1409842,979800,1132455,110164,157458,7316,8586,62569,83695,1495,1729,20188,25919,997926,1155544,114432,163917,21304,26603,66450,88189,2893,3380,114611,146173,99035,126735,4697,6216,6271,7084,1047,1308,270,323,3291,4507,102064,130854,5752,7716,8571,10187,1511,1923,456,569
R,10,2024,76,2751811,1245954,1505857,1045200,1228530,105806,152973,12327,14727,59143,78772,1586,1971,21892,28884,1064882,1254430,110930,160417,27491,34890,63115,83591,3018,3728,1139840,1368638,953269,1109658,101453,147247,6848,8162,58230,77520,1331,1670,18709,24381,970039,1131438,105625,153190,19710,25144,61768,81718,2604,3199,106114,137219,91931,118872,4353,5726,5479,6565,913,1252,255,301,3183,4503,94843,122992,5305,7227,7781,9746,1347,1873,414,529
R,10,2024,77,2830216,1279696,1550520,1092436,1292241,97573,141647,11989,13918,54245,72320,1493,1740,21960,28654,1112348,1318133,102378,148989,27619,34189,57979,76790,2857,3392,1180280,1420054,1005949,1178601,93746,136280,6765,7879,53423,71179,1272,1473,19125,24642,1023283,1200822,97704,142247,20333,25341,56764,75112,2499,2941,99416,130466,86487,113640,3827,5367,5224,6039,822,1141,221,267,2835,4012,89065,117311,4674,6742,7286,8848,1215,1678,358,451
R,10,2024,78,2160585,967152,1193433,817986,983101,74940,112632,9285,11543,46766,62365,1286,1505,16889,22287,833288,1003104,78777,118395,20923,26789,49799,66227,2471,2998,882997,1079598,744695,884107,71567,107737,5088,6350,46044,61342,1106,1271,14497,18791,757813,900889,74640,112352,15068,19223,48742,64708,2162,2585,84155,113835,73291,98994,3373,4895,4197,5193,722,1023,180,234,2392,3496,75475,102215,4137,6043,5855,7566,1057,1519,309,413
R,10,2024,79,1917510,849196,1068314,716733,878036,67520,103638,8112,10541,41542,55428,1107,1394,14182,19277,729514,895247,70871,108804,17735,23691,44221,58698,2177,2700,773164,964304,650263,787226,64579,99376,4456,5745,40907,54514,932,1156,12027,16287,661058,801689,67233,103524,12574,16840,43247,57394,1874,2285,76032,104010,66470,90810,2941,4262,3656,4796,635,914,175,238,2155,2990,68456,93558,3638,5280,5161,6851,974,1304,303,415
R,10,2024,80,1813754,794964,1018790,674613,843428,60433,95333,7438,9514,38177,51015,939,1269,13364,18231,686624,859664,63655,100400,16598,21952,40594,54031,1899,2542,727839,923598,615836,760141,57761,91517,4194,5205,37693,50174,812,1052,11543,15509,626187,773888,60377,95643,12098,15816,39861,52803,1662,2179,67125,95192,58777,83287,2672,3816,3244,4309,484,841,127,217,1821,2722,60437,85776,3278,4757,4500,6136,733,1228,237,363
R,10,2024,81,1817098,789221,1027877,678460,863602,56504,91495,6763,9088,34196,45071,852,1108,12446,17513,689723,879271,59472,96208,15353,21196,36346,47866,1775,2303,726926,937596,623693,784646,54128,87829,3921,4965,33683,44359,732,924,10769,14873,633419,797908,56544,91598,11365,15301,35587,46757,1546,1989,62295,90281,54767,78956,2376,3666,2842,4123,513,712,120,184,1677,2640,56304,81363,2928,4610,3988,5895,759,1109,229,314
R,10,2024,82,1546060,662960,883100,564918,735755,48781,80446,5855,7942,31837,43148,736,1028,10833,14781,574651,748986,51317,84491,13296,18128,33824,45559,1505,1980,608552,803300,517127,665596,46672,77332,3364,4403,31435,42506,622,853,9332,12610,525494,676816,48735,80613,9749,13121,33213,44632,1295,1700,54408,79800,47791,70159,2109,3114,2491,3539,402,642,114,175,1501,2171,49157,72170,2582,3878,3547,5007,611,927,210,280
R,10,2024,83,1346024,568637,777387,483932,646558,41705,71577,5177,7021,27914,38017,671,879,9238,13335,492283,658459,43910,75217,11481,16252,29628,40235,1307,1732,520511,705914,441537,583667,39858,68842,3058,3932,27563,37435,578,731,7917,11307,448683,593726,41620,71763,8466,11778,29077,39340,1124,1474,48126,71473,42395,62891,1847,2735,2119,3089,351,582,93,148,1321,2028,43600,64733,2290,3454,3015,4474,551,895,183,258
R,10,2024,84,1195459,495993,699466,419480,579275,37182,65709,4597,6464,26038,35520,600,808,8096,11690,426704,589670,39205,69052,10054,14327,27600,37450,1176,1628,452229,632111,380885,519974,35499,63010,2644,3582,25687,34985,506,656,7008,9904,387125,528718,37156,65719,7327,10256,27099,36694,1019,1380,43764,67355,38595,59301,1683,2699,1953,2882,351,535,94,152,1088,1786,39579,60952,2049,3333,2727,4071,501,756,157,248
R,10,2024,85,1056553,432896,623657,367473,518924,31576,57053,3921,5703,22628,30833,427,717,6871,10427,373647,528162,33290,59947,8502,12743,23930,32606,927,1467,394721,563814,333813,466096,30069,54660,2235,3189,22361,30368,336,603,5907,8898,339101,473938,31450,56991,6157,9215,23535,31921,791,1263,38175,59843,33660,52828,1507,2393,1686,2514,267,465,91,114,964,1529,34546,54224,1840,2956,2345,3528,395,685,136,204
R,10,2024,86,956832,386151,570681,328618,476352,27305,50997,3452,5241,20038,28197,461,634,6277,9260,334253,484612,28827,53644,7633,11388,21292,29791,918,1248,352759,516854,299049,428788,26056,48851,2046,3035,19757,27799,389,506,5462,7875,303944,435770,27293,51017,5699,8282,20877,29188,790,1051,33392,53827,29569,47564,1249,2146,1406,2206,281,398,72,128,815,1385,30309,48842,1534,2627,1934,3106,415,603,128,197
R,10,2024,87,827019,327808,499211,278719,416197,23080,44617,2867,4481,17389,25138,351,562,5402,8216,283606,423423,24467,47030,6475,9820,18411,26652,738,1180,299000,451569,253066,374079,22036,42742,1697,2509,17182,24750,301,457,4718,7032,257326,380213,23168,44756,4850,7079,18110,26087,648,1010,28808,47642,25653,42118,1044,1875,1170,1972,207,388,50,105,684,1184,26280,43210,1299,2274,1625,2741,301,565,90,170
R,10,2024,88,721214,281081,440133,238632,367282,19898,39545,2479,3908,15069,21907,278,469,4725,7022,242873,373471,21131,41651,5498,8482,16027,23189,644,978,256303,398278,216636,330222,18962,37932,1472,2203,14891,21577,230,396,4112,5948,220309,335425,19994,39660,4071,6063,15757,22713,562,841,24778,41855,21996,37060,936,1613,1007,1705,178,330,48,73,613,1074,22564,38046,1137,1991,1427,2419,270,476,82,137
R,10,2024,89,637096,243087,394009,207211,328882,16852,35053,2159,3548,12746,19682,251,406,3868,6438,210662,334551,17861,36866,4604,7731,13563,20903,568,879,221567,356551,188052,295689,16070,33624,1279,2009,12593,19363,215,332,3358,5534,191033,300543,16903,35102,3386,5639,13334,20436,502,748,21520,37458,19159,33193,782,1429,880,1539,153,319,36,74,510,904,19629,34008,958,1764,1218,2092,229,467,66,131
R,10,2024,90,529477,198730,330747,169364,276274,13673,29332,1735,2919,10482,16623,250,355,3226,5244,172268,280903,14514,30860,3743,6303,11180,17642,486,744,181117,299723,153629,248717,13044,28136,1050,1674,10357,16370,209,302,2828,4524,156163,252686,13745,29391,2802,4587,10991,17287,417,656,17613,31024,15735,27557,629,1196,685,1245,125,253,41,53,398,720,16105,28217,769,1469,941,1716,189,355,69,88
R,10,2024,91,443335,162028,281307,138117,234839,10941,24507,1411,2441,8736,14673,177,311,2646,4536,140480,238778,11588,25814,3076,5353,9338,15568,389,698,148008,255414,125613,211780,10436,23482,862,1479,8638,14470,150,263,2309,3940,127665,215190,10975,24564,2295,4006,9191,15279,341,614,14020,25893,12504,23059,505,1025,549,962,98,203,27,48,337,596,12815,23588,613,1250,781,1347,147,289,48,84
R,10,2024,92,382278,136131,246147,116259,206265,8974,20806,1138,2131,7290,12658,143,292,2327,3995,118336,209740,9609,22021,2574,4666,7803,13442,349,625,124445,223645,105809,186193,8576,19967,680,1274,7193,12479,121,247,2066,3485,107649,189213,9130,21003,1939,3480,7663,13185,309,547,11686,22502,10450,20072,398,839,458,857,97,179,22,45,261,510,10687,20527,479,1018,635,1186,140,257,40,78
R,10,2024,93,316455,110544,205911,94901,173820,6895,16669,965,1747,5818,10282,113,214,1852,3179,96556,176553,7411,17637,2048,3769,6270,10919,270,487,100911,187506,86313,157401,6569,15975,554,1021,5750,10151,99,179,1626,2779,87769,159768,7016,16790,1494,2800,6145,10719,233,423,9633,18405,8588,16419,326,694,411,726,68,131,14,35,226,400,8787,16785,395,847,554,969,125,200,37,64
R,10,2024,94,267909,90431,177478,77425,149009,5752,14528,758,1409,4970,9474,95,193,1431,2865,78700,151491,6146,15344,1634,3231,5287,10062,233,459,82630,161495,70406,134729,5499,13924,483,842,4911,9351,80,168,1251,2481,71513,136853,5823,14606,1243,2419,5207,9880,206,406,7801,15983,7019,14280,253,604,275,567,59,123,15,25,180,384,7187,14638,323,738,391,812,80,182,27,53
R,10,2024,95,205494,66880,138614,57235,116731,4061,11137,592,1064,3744,7278,70,159,1178,2245,58267,118655,4405,11867,1316,2421,4020,7743,184,374,61062,126551,52066,105976,3856,10666,359,653,3695,7167,59,139,1027,1950,52964,107635,4139,11286,983,1815,3945,7585,163,330,5818,12063,5169,10755,205,471,233,411,49,111,11,20,151,295,5303,11020,266,581,333,606,75,158,21,44
R,10,2024,96,159847,50209,109638,42823,92055,3162,8860,467,890,2805,5903,52,110,900,1820,43608,93605,3419,9432,1021,2016,3014,6298,133,288,45854,100332,38938,83818,3008,8470,284,554,2785,5817,43,95,796,1578,39635,85144,3222,8955,773,1528,2980,6171,111,257,4355,9306,3885,8237,154,390,183,336,20,86,9,15,104,242,3973,8461,197,477,248,488,34,127,22,31
R,10,2024,97,121114,36791,84323,31222,70669,2345,6793,297,687,2173,4692,45,94,709,1388,31840,71842,2568,7217,686,1564,2342,4974,111,230,33714,77388,28456,64479,2254,6505,192,446,2151,4634,38,82,623,1242,29001,65526,2443,6876,531,1229,2304,4893,92,205,3077,6935,2766,6190,91,288,105,241,22,58,7,12,86,146,2839,6316,125,341,155,335,38,81,19,25
R,10,2024,98,89833,26369,63464,22215,53111,1775,5145,243,512,1570,3552,30,82,536,1062,22676,54014,1927,5508,544,1160,1717,3762,93,187,24183,58442,20262,48633,1711,4941,154,344,1555,3506,24,71,477,947,20668,49434,1837,5254,423,910,1693,3698,82,168,2186,5022,1953,4478,64,204,89,168,15,46,6,11,59,115,2008,4580,90,254,121,250,24,64,11,19
R,10,2024,99,62923,17633,45290,14700,37511,1186,3745,178,409,1204,2700,26,56,339,869,14983,38226,1279,4054,375,888,1303,2905,71,165,16175,41666,13422,34305,1131,3597,118,262,1190,2674,22,51,292,777,13667,34945,1208,3861,282,689,1280,2854,62,143,1458,3624,1278,3206,55,148,60,147,14,26,4,5,47,92,1316,3281,71,193,93,199,23,51,9,22
R,10,2024,100,115715,30089,85626,23870,68942,2422,7981,402,865,2529,5900,67,138,799,1800,24530,70377,2722,8651,821,1890,2753,6328,186,372,27362,79036,21501,63133,2318,7668,287,646,2493,5844,54,118,709,1627,22088,64422,2582,8265,653,1568,2695,6229,154,321,2727,6590,2369,5809,104,313,115,219,36,56,13,20,90,173,2442,5955,140,386,168,322,58,99,32,51
R,11,2024,999,340696369,167207509,173488860,122068271,125021406,21960256,24049489,3534728,3434345,11156314,12171831,470675,471840,8017265,8339949,129437860,132673302,25078817,27337436,6835415,6980986,13669712,14689482,997185,997265,132669624,138756448,94756855,97455770,19848478,21897311,1155007,1191603,10690382,11698167,346739,346670,5872163,6166927,100160058,103118971,22065446,24261186,3366440,3628850,12678236,13690153,726386,725821,34537885,34732412,27311416,27565636,2111778,2152178,2379721,2242742,465932,473664,123936,125170,2145102,2173022,29277802,29554331,3013371,3076250,3468975,3352136,991476,999329,270799,271444
R,11,2024,0,3623317,1853205,1770112,1207259,1151556,293656,284325,46949,44803,114315,107077,6871,6691,184155,175660,1379737,1315810,383148,370386,98441,93998,179105,168471,17484,16772,1308997,1248222,818052,777753,246782,239328,11654,11312,103659,96841,4649,4469,124201,118519,935017,889231,306775,297313,40381,38593,150655,141363,11193,10537,544208,521890,389207,373803,46874,44997,35295,33491,10656,10236,2222,2222,59954,57141,444720,426579,76373,73073,58060,55405,28450,27108,6291,6235
R,11,2024,1,3658758,1871134,1787624,1214890,1158248,297814,288434,48361,46219,118727,111728,6949,6889,184393,176106,1387548,1322871,387303,374595,99794,95471,183811,173470,17572,17005,1318055,1256617,818889,777878,250359,242951,11677,11320,107936,101358,4678,4560,124516,118550,936107,889338,310335,300774,40362,38485,155332,146191,11244,10637,553079,531007,396001,380370,47455,45483,36684,34899,10791,10370,2271,2329,59877,57556,451441,433533,76968,73821,59432,56986,28479,27279,6328,6368
R,11,2024,2,3751402,1914720,1836682,1242334,1188891,307299,298238,47636,46144,123809,117401,7288,6993,186354,179015,1416828,1356230,397712,385732,99412,95983,189718,180389,17995,17236,1359706,1300519,842603,802913,260240,252781,12133,11610,113052,107005,4857,4522,126821,121688,961968,917297,321231,312018,41290,39430,161482,153206,11549,10763,555014,536163,399731,385978,47059,45457,35503,34534,10757,10396,2431,2471,59533,57327,454860,438933,76481,73714,58122,56553,28236,27183,6446,6473
R,11,2024,3,3740463,1910993,1829470,1241625,1184012,308683,300445,45171,43527,123507,117349,6794,6513,185213,177624,1415054,1350044,398525,387235,96582,92894,189060,179921,17416,16653,1378741,1314793,858139,812772,263899,257030,12366,11843,113583,107660,4586,4342,126168,121146,976880,926636,324512,315936,41321,39508,161874,153753,11243,10557,532252,514677,383486,371240,44784,43415,32805,31684,9924,9689,2208,2171,59045,56478,438174,423408,74013,71299,55261,53386,27186,26168,6173,6096
R,11,2024,4,3772997,1928209,1844788,1256128,1196962,308227,299564,46245,44310,127068,120872,6769,6412,183772,176668,1428227,1362170,397539,386061,97002,93202,192129,183020,17284,16473,1399998,1337718,872320,828448,265984,258976,13412,12927,117376,111404,4729,4427,126177,121536,991073,942714,326736,318218,42307,40642,165600,157520,11378,10653,528211,507070,383808,368514,42243,40588,32833,31383,9692,9468,2040,1985,57595,55132,437154,419456,70803,67843,54695,52560,26529,25500,5906,5820
R,11,2024,5,3856079,1967900,1888179,1294881,1236479,306362,299909,47731,45701,127842,122051,7174,6814,183910,177225,1467058,1402171,395241,386168,98681,94919,193095,184527,17855,16939,1443253,1381778,911637,865753,265822,261022,14787,14364,118411,112871,5006,4857,127590,122911,1031647,981214,326964,320668,44157,42611,167248,159469,11840,11251,524647,506401,383244,370726,40540,38887,32944,31337,9431,9180,2168,1957,56320,54314,435411,420957,68277,65500,54524,52308,25847,25058,6015,5688
R,11,2024,6,3910895,1995492,1915403,1318365,1259640,310993,303981,48910,47412,127666,122543,7329,6847,182229,174980,1488948,1423179,398644,388607,99932,96357,192078,184257,18110,16953,1467775,1405707,931243,885682,270682,265230,15177,14729,118410,113497,5182,4886,127081,121683,1050736,999935,331558,323996,44628,42777,166818,159638,12093,11327,527717,509696,387122,373958,40311,38751,33733,32683,9256,9046,2147,1961,55148,53297,438212,423244,67086,64611,55304,53580,25260,24619,6017,5626
R,11,2024,7,3974753,2030789,1943964,1344632,1281832,315571,307502,50132,48020,131829,125963,7544,6902,181081,173745,1513873,1444041,401739,391291,101637,97520,195902,186776,18437,17105,1495451,1426640,948931,900092,275630,268543,16059,15291,122597,116960,5402,4909,126832,120845,1067997,1013499,335733,326776,46038,43712,170898,162423,12466,11361,535338,517324,395701,381740,39941,38959,34073,32729,9232,9003,2142,1993,54249,52900,445876,430542,66006,64515,55599,53808,25004,24353,5971,5744
R,11,2024,8,4070164,2077943,1992221,1386910,1323116,316000,309234,52075,50153,133505,127793,7543,7159,181910,174766,1556792,1486223,401477,392430,104985,101147,197643,188813,18540,17597,1528432,1462568,979754,930466,275555,269956,16384,16125,124048,118778,5353,5114,127338,122129,1099263,1045032,335260,328139,47168,45790,172305,164500,12411,11798,549511,529653,407156,392650,40445,39278,35691,34028,9457,9015,2190,2045,54572,52637,457529,441191,66217,64291,57817,55357,25338,24313,6129,5799
R,11,2024,9,4098865,2094264,2004601,1401973,1335690,319855,311234,51977,50919,132905,126653,7444,7216,180110,172889,1570253,1496987,404129,393335,105240,101917,195975,186599,18244,17520,1542055,1471652,990160,939184,279691,271945,16754,16138,123621,117749,5310,5111,126519,121525,1108927,1053107,338822,329862,48012,45903,171140,162916,12302,11761,552209,532949,411813,396506,40164,39289,35223,34781,9284,8904,2134,2105,53591,51364,461326,443880,65307,63473,57228,56014,24835,23683,5942,5759
R,11,2024,10,4106701,2099316,2007385,1408466,1340306,319532,310922,52587,50961,134206,127600,7436,7214,177089,170382,1573904,1499269,401831,391491,105775,102177,196010,186051,18038,17292,1549942,1478520,997862,946151,279631,271742,16886,16275,124942,119006,5309,5111,125312,120235,1115474,1058878,337794,328899,48413,46419,171852,163146,12267,11697,549374,528865,410604,394155,39901,39180,35701,34686,9264,8594,2127,2103,51777,50147,458430,440391,64037,62592,57362,55758,24158,22905,5771,5595
R,11,2024,11,4078560,2083783,1994777,1398897,1335527,317675,309108,53388,50694,133451,126457,7511,7131,172861,165860,1560244,1490098,397503,386762,106204,101633,193518,183262,18009,17110,1538832,1468911,991133,941497,278402,270867,16919,16233,124386,117843,5319,5001,122673,117470,1106203,1051522,335079,326240,48356,46471,170061,160810,12199,11498,544951,525866,407764,394030,39273,38241,36469,34461,9065,8614,2192,2130,50188,48390,454041,438576,62424,60522,57848,55162,23457,22452,5810,5612
R,11,2024,12,4108272,2098740,2009532,1411908,1347826,319311,309586,54311,51925,135415,128402,7521,7138,170274,164655,1570612,1501183,397473,385765,107447,103452,194172,184608,17882,17062,1548746,1478446,998996,948401,279942,271772,17068,16448,126434,119895,5310,5017,120996,116913,1112369,1057776,335590,326160,48809,47178,171167,162658,12135,11593,549994,531086,412912,399425,39369,37814,37243,35477,8981,8507,2211,2121,49278,47742,458243,443407,61883,59605,58638,56274,23005,21950,5747,5469
R,11,2024,13,4152490,2124793,2027697,1436120,1365179,324581,313975,54843,52847,131939,124997,7478,7234,169832,163465,1594399,1517346,402090,389051,108872,104887,189908,180590,17838,17195,1563399,1488117,1012533,958796,284623,275634,17189,16398,122868,116405,5274,4991,120912,115893,1125762,1067124,340079,329226,49672,47492,166974,158612,12157,11535,561394,539580,423587,406383,39958,38341,37654,36449,9071,8592,2204,2243,48920,47572,468637,450222,62011,59825,59200,57395,22934,21978,5681,5660
R,11,2024,14,4239528,2168036,2071492,1470589,1400255,331601,319986,55714,53017,130999,125291,7403,7250,171730,165693,1630677,1554588,409478,396063,111444,106776,188853,180621,17795,17256,1588117,1514899,1027833,975423,292546,281970,17214,16937,122249,116970,5226,5017,123049,118582,1143058,1086307,348522,336727,51050,49590,166658,159368,12225,11675,579919,556593,442756,424832,39055,38016,38500,36080,8750,8321,2177,2233,48681,47111,487619,468281,60956,59336,60394,57186,22195,21253,5570,5581
R,11,2024,15,4292710,2195547,2097163,1495786,1421533,335311,324551,55490,53329,130390,125383,7493,7212,171077,165155,1655051,1575247,412887,401028,110994,106569,188025,179922,17875,17269,1604601,1531423,1039636,985353,296292,286777,17735,17194,121938,117189,5226,4852,123774,120058,1155379,1097548,352996,342807,51805,50297,166556,159485,12241,11702,590946,565740,456150,436180,39019,37774,37755,36135,8452,8194,2267,2360,47303,45097,499672,477699,59891,58221,59189,56272,21469,20437,5634,5567
R,11,2024,16,4453366,2279644,2173722,1557381,1476656,348167,335676,57950,55058,135120,129519,7507,7221,173519,169592,1718724,1634360,426869,413561,114937,111403,192685,184821,18402,17375,1662346,1585646,1078616,1021289,307415,297577,18392,17694,126405,121048,5105,4874,126413,123164,1196558,1136298,365380,354946,53882,52708,171267,163813,12511,11783,617298,588076,478765,455367,40752,38099,39558,37364,8715,8471,2402,2347,47106,46428,522166,498062,61489,58615,61055,58695,21418,21008,5891,5592
R,11,2024,17,4494442,2301121,2193321,1577112,1496963,347612,334997,60011,56855,136932,130422,7580,7352,171874,166732,1736839,1651745,424692,410603,118678,113366,193179,184820,18203,17626,1673955,1596394,1090275,1033569,306972,296702,18551,17936,128159,122071,5063,5013,124935,121103,1206837,1146516,363385,352186,55133,53118,171943,164177,12342,11957,627166,596927,486837,463394,40640,38295,41460,38919,8773,8351,2517,2339,46939,45629,530002,505229,61307,58417,63545,60248,21236,20643,5861,5669
R,11,2024,18,4469564,2292035,2177529,1576152,1489829,341976,329449,60992,56259,138453,132965,7561,7200,166901,161827,1731105,1640059,415538,401570,118866,111995,193358,185704,17849,17088,1666800,1587668,1090517,1030431,302210,291778,18245,17618,129639,124823,5082,4874,121107,118144,1203431,1140604,355827,345164,54207,52626,172627,165897,12114,11625,625235,589861,485635,459398,39766,37671,42747,38641,8814,8142,2479,2326,45794,43683,527674,499455,59711,56406,64659,59369,20731,19807,5735,5463
R,11,2024,19,4457570,2286928,2170642,1578699,1487631,334861,323309,61169,56803,143409,139799,7699,7388,161091,155712,1728273,1632010,404432,391733,118233,111635,196376,190717,17484,16899,1665276,1587312,1094349,1031886,295855,286679,18117,17559,135017,131981,5225,5116,116713,114091,1203156,1138059,346511,337319,53782,52168,176446,171983,11888,11708,621652,583330,484350,455745,39006,36630,43052,39244,8392,7818,2474,2272,44378,41621,525117,493951,57921,54414,64451,59467,19930,18734,5596,5191
R,11,2024,20,4474859,2296457,2178402,1589201,1497761,333598,321539,61287,55183,147794,144718,7823,7246,156754,151955,1734463,1638668,400427,387385,117573,109827,199653,194101,17636,16542,1679746,1600233,1106679,1044431,295624,285505,18210,17136,139453,136939,5338,5068,114442,111154,1213114,1147801,344317,334012,53927,51845,180342,175860,12152,11492,616711,578169,482522,453330,37974,36034,43077,38047,8341,7779,2485,2178,42312,40801,521349,490867,56110,53373,63646,57982,19311,18241,5484,5050
R,11,2024,21,4479751,2298922,2180829,1594880,1501872,332302,321386,61096,54945,150257,147587,7837,7164,152550,147875,1736235,1638868,396255,384468,117395,109144,200155,195712,17289,16170,1686320,1606800,1115065,1051065,294495,285695,17882,16873,142300,139913,5373,5053,111205,108201,1218487,1151671,341352,332145,53527,51463,181579,177685,11893,11390,612602,574029,479815,450807,37807,35691,43214,38072,7957,7674,2464,2111,41345,39674,517748,487197,54903,52323,63868,57681,18576,18027,5396,4780
R,11,2024,22,4533033,2316188,2216845,1601456,1522552,340963,334411,60912,55311,159197,154675,7719,7401,145941,142495,1736465,1653951,401378,395174,115618,108026,206886,200726,16959,16321,1703782,1640501,1120116,1068835,302702,298086,17822,16992,151325,147027,5456,5239,106361,104322,1218717,1165348,346977,342891,52511,50627,188785,183282,11949,11489,612406,576344,481340,453717,38261,36325,43090,38319,7872,7648,2263,2162,39580,38173,517748,488603,54401,52283,63107,57399,18101,17444,5010,4832
R,11,2024,23,4741002,2405169,2335833,1656735,1601969,358839,356985,60195,55367,180104,174260,8028,7959,141268,139293,1786557,1730198,417702,416475,112688,105866,226587,220038,17515,17198,1788217,1751093,1170701,1139814,319016,319477,17759,17582,172063,166255,5720,5662,102958,102303,1265529,1234181,361912,363438,51123,49766,208754,202642,12375,12265,616952,584740,486034,462155,39823,37508,42436,37785,8041,8005,2308,2297,38310,36990,521028,496017,55790,53037,61565,56100,17833,17396,5140,4933
R,11,2024,24,4919026,2492014,2427012,1717613,1663659,372203,372604,61171,55773,195810,190513,8615,8366,136602,136097,1843044,1788460,428483,430700,112134,104647,241033,235852,17860,17464,1868826,1835941,1224992,1195283,332293,334277,18175,17601,187483,182267,6331,5943,99552,100570,1316582,1287717,373229,377300,50339,48918,223380,218548,12951,12432,623188,591071,492621,468376,39910,38327,42996,38172,8327,8246,2284,2423,37050,35527,526462,500743,55254,53400,61795,55729,17653,17304,4909,5032
R,11,2024,25,4767613,2417583,2350030,1680177,1621789,351693,352880,58483,52928,189681,185267,8437,8092,129112,129074,1798502,1740198,404581,407805,107166,99739,232119,227863,17325,16641,1818125,1781478,1204810,1170047,313843,316184,17341,16731,181664,177383,6222,5715,94245,95418,1291346,1257768,352460,356939,48216,46785,215449,211487,12529,11756,599458,568552,475367,451742,37850,36696,41142,36197,8017,7884,2215,2377,34867,33656,507156,482430,52121,50866,58950,52954,16670,16376,4796,4885
R,11,2024,26,4673359,2368415,2304944,1648548,1588371,342311,343854,57219,51822,187313,187290,8252,8043,124772,125564,1762808,1703729,392716,396718,104826,98104,228164,228205,16833,16220,1783351,1749856,1184761,1146869,305460,308610,16652,15898,179295,179338,5979,5711,91204,93430,1268362,1232931,342280,348034,46819,45824,212004,212383,12159,11634,585064,555088,463787,441502,36851,35244,40567,35924,8018,7952,2273,2332,33568,32134,494446,470798,50436,48684,58007,52280,16160,15822,4674,4586
R,11,2024,27,4517255,2288266,2228989,1594201,1532344,326509,328625,55188,49908,186610,190414,7814,7541,117944,120157,1702270,1642545,373443,378380,100685,95031,225559,229667,15747,15227,1722029,1692684,1144513,1105215,291272,295181,15678,15057,178950,182780,5684,5440,85932,89011,1223381,1186965,325152,332095,44446,43989,210193,214627,11410,10998,566237,536305,449688,427129,35237,33444,39510,34851,7660,7634,2130,2101,32012,31146,478889,455580,48291,46285,56239,51042,15366,15040,4337,4229
R,11,2024,28,4484855,2268159,2216696,1583982,1522556,318501,324337,55603,49650,186858,194771,7742,7291,115473,118091,1689569,1630673,363700,372573,100786,94713,224838,233307,15756,15055,1705886,1684731,1137902,1099420,283572,291204,15383,14620,179349,187129,5631,5392,84049,86966,1214957,1179184,316064,326859,43666,43222,210085,218282,11433,11002,562273,531965,446080,423136,34929,33133,40220,35030,7509,7642,2111,1899,31424,31125,474612,451489,47636,45714,57120,51491,14753,15025,4323,4053
R,11,2024,29,4516945,2279664,2237281,1593657,1536839,322861,330822,56117,49932,186361,196213,7747,7431,112921,116044,1696717,1642822,366795,378099,100996,95028,223318,233500,15643,15321,1718418,1702447,1149038,1111643,287577,296530,15472,14792,178694,188423,5665,5540,81972,85519,1223887,1189931,319026,331147,43776,43666,208571,218733,11417,11272,561246,534834,444619,425196,35284,34292,40645,35140,7667,7790,2082,1891,30949,30525,472830,452891,47769,46952,57220,51362,14747,14767,4226,4049
R,11,2024,30,4525705,2277722,2247983,1592503,1540616,325191,339409,55076,50055,186535,195358,7654,7467,110763,115078,1693345,1645731,367506,385460,100140,95975,222575,232156,15665,15207,1725801,1718166,1154918,1119833,290732,305393,15374,14786,178989,187801,5643,5482,80145,84871,1227888,1197402,320936,339086,43569,44422,208246,217781,11503,11168,551921,529817,437585,420783,34459,34016,39702,35269,7546,7557,2011,1985,30618,30207,465457,448329,46570,46374,56571,51553,14329,14375,4162,4039
R,11,2024,31,4580325,2302164,2278161,1611591,1559326,330172,348511,55738,50855,189749,198561,7807,7373,107107,113535,1708864,1662848,370586,393641,99442,97261,225003,234453,15714,15013,1753927,1750023,1175959,1140074,295961,314462,15757,15377,182453,190978,5730,5352,78067,83780,1246919,1216641,324871,347236,43435,45641,211153,220219,11531,10958,548237,528138,435632,419252,34211,34049,39981,35478,7296,7583,2077,2021,29040,29755,461945,446207,45715,46405,56007,51620,13850,14234,4183,4055
R,11,2024,32,4656720,2338209,2318511,1642350,1592312,332795,353375,56776,51759,191478,200598,7566,7394,107244,113073,1739943,1695507,372089,396664,102209,99432,226142,236190,15394,15015,1787778,1787551,1204867,1170476,298513,318911,16439,15887,184247,193230,5626,5394,78086,83653,1275944,1246914,326377,350252,45495,47340,212489,222381,11375,10962,550431,530960,437483,421836,34282,34464,40337,35872,7231,7368,1940,2000,29158,29420,463999,448593,45712,46412,56714,52092,13653,13809,4019,4053
R,11,2024,33,4731050,2366552,2364498,1666490,1624461,336100,363113,56860,51631,194482,204920,7950,7505,104670,112868,1761242,1726996,374001,405966,101640,99790,228536,240764,15869,15339,1822034,1838704,1234491,1208585,301729,327646,16725,16356,187217,197377,5941,5594,75931,83146,1303299,1284221,328409,358300,45183,47942,214979,226631,11814,11445,544518,525794,431999,415876,34371,35467,40135,35275,7265,7543,2009,1911,28739,29722,457943,442775,45592,47666,56457,51848,13557,14133,4055,3894
R,11,2024,34,4813751,2408018,2405733,1702565,1657865,339005,366704,57412,52330,197920,209144,7777,7695,103339,111995,1796233,1760001,375327,407929,102374,101906,231917,243943,15550,15315,1861533,1879336,1268256,1241123,304816,331473,16935,16623,190658,201852,5781,5708,75087,82557,1336386,1316534,330014,360741,45655,49460,218569,230331,11559,11377,546485,526397,434309,416742,34189,35231,40477,35707,7262,7292,1996,1987,28252,29438,459847,443467,45313,47188,56719,52446,13348,13612,3991,3938
R,11,2024,35,4697790,2347755,2350035,1661987,1618821,329066,357511,54753,50820,195077,208665,7608,7181,99264,107037,1752134,1715946,363288,396332,98792,98952,227273,242080,14943,14572,1829599,1846415,1249987,1219120,296851,324209,16375,16445,188203,201802,5707,5379,72476,79460,1315750,1291188,320591,351806,44835,48790,214826,229440,11289,11038,518156,503620,412000,399701,32215,33302,38378,34375,6874,6863,1901,1802,26788,27577,436384,424758,42697,44526,53957,50162,12447,12640,3654,3534
R,11,2024,36,4623031,2301034,2321997,1638950,1609164,314074,345710,54237,50404,191440,206056,7337,7256,94996,103407,1725025,1703100,346053,382587,96634,97763,222508,238143,14470,14289,1792921,1825437,1234108,1214774,283261,313267,16221,16008,184630,199311,5434,5363,69267,76714,1296841,1284560,305450,339237,43452,47909,210373,225790,10835,10704,508113,496560,404842,394390,30813,32443,38016,34396,6810,6745,1903,1893,25729,26693,428184,418540,40603,43350,53182,49854,12135,12353,3635,3585
R,11,2024,37,4527451,2255428,2272023,1616783,1582153,303083,333538,52659,48589,184686,200152,7274,7017,90943,100574,1699089,1673620,333328,368929,94380,95453,213956,231104,14239,13865,1760757,1788042,1221810,1197068,273129,302409,15511,15360,178223,193558,5395,5163,66689,74484,1282040,1264844,294207,327344,42651,46911,202579,219200,10762,10324,494671,483981,394973,385085,29954,31129,37148,33229,6463,6594,1879,1854,24254,26090,417049,408776,39121,41585,51729,48542,11377,11904,3477,3541
R,11,2024,38,4531862,2256443,2275419,1625852,1594165,299546,329924,52284,49119,182283,197718,7202,6913,89276,97580,1706722,1682644,328477,363445,93684,96197,211348,227182,14127,13528,1763345,1794269,1231413,1210649,269949,299357,15380,15417,175836,191264,5407,5107,65360,72475,1290616,1276348,289756,322985,42395,47445,199937,215712,10666,10144,493098,481150,394439,383516,29597,30567,36904,33702,6447,6454,1795,1806,23916,25105,416106,406296,38721,40460,51289,48752,11411,11470,3461,3384
R,11,2024,39,4548828,2264671,2284157,1637845,1604742,297424,328592,52771,49038,181209,198296,7051,6924,88371,96565,1717832,1692528,325577,360729,95120,96459,209273,227222,13749,13636,1772372,1804967,1243954,1221805,268750,299020,14996,15577,174909,191836,5295,5241,64468,71488,1302256,1286817,287907,321252,42750,47990,198263,215785,10368,10357,492299,479190,393891,382937,28674,29572,37775,33461,6300,6460,1756,1683,23903,25077,415576,405711,37670,39477,52370,48469,11010,11437,3381,3279
R,11,2024,40,4441542,2205657,2235885,1597982,1573553,286034,319095,51405,48372,179224,195688,6793,6699,84219,92478,1674120,1657220,311982,349534,92387,94839,205997,223222,13423,13236,1730240,1766205,1217168,1197348,258694,290664,14790,15201,173045,189546,5082,5007,61461,68439,1272649,1259296,276417,311705,41681,46952,195243,212297,10171,9999,475417,469680,380814,376205,27340,28431,36615,33171,6179,6142,1711,1692,22758,24039,401471,397924,35565,37829,50706,47887,10754,10925,3252,3237
R,11,2024,41,4412122,2186825,2225297,1588949,1568507,283233,316816,51308,48289,174460,193427,6660,6708,82215,91550,1663129,1651264,308615,346293,92168,95620,199996,220013,13054,13165,1716788,1757175,1212060,1192791,256093,288864,14808,15102,168633,187494,4995,5003,60199,67921,1266269,1254131,273444,309383,41898,47771,189796,209460,9885,9951,470037,468122,376889,375716,27140,27952,36500,33187,5827,5933,1665,1705,22016,23629,396860,397133,35171,36910,50270,47849,10200,10553,3169,3214
R,11,2024,42,4436667,2192865,2243802,1597554,1585173,284114,319049,51356,48738,171826,192960,6488,6689,81527,91193,1671257,1667594,309109,348369,92608,96636,196522,218858,12869,13053,1721657,1769580,1219034,1203732,257206,290880,14928,15219,166015,186916,4790,4963,59684,67870,1272876,1265079,274384,311336,42367,48534,186468,208267,9723,9832,471208,474222,378520,381441,26908,28169,36428,33519,5811,6044,1698,1726,21843,23323,398381,402515,34725,37033,50241,48102,10054,10591,3146,3221
R,11,2024,43,4348660,2146200,2202460,1570379,1561847,277676,313016,49881,47702,163063,185283,6352,6298,78849,88314,1641376,1641647,301512,341415,90580,94683,186516,209942,12426,12478,1690320,1739443,1204012,1189378,251955,285720,14336,14805,157460,179402,4690,4634,57867,65504,1256009,1248628,268380,305498,41612,47358,176897,199709,9349,9283,455880,463017,366367,372469,25721,27296,35545,32897,5603,5881,1662,1664,20982,22810,385367,393019,33132,35917,48968,47325,9619,10233,3077,3195
R,11,2024,44,4399056,2174082,2224974,1589783,1575628,287083,322637,51184,48395,160622,183339,6593,6539,78817,88436,1660768,1655472,311029,350847,92244,96244,183725,207464,12695,12707,1706228,1754595,1212544,1196578,261374,295029,14848,15067,154868,177417,4861,4841,57733,65663,1264404,1255786,277780,314739,42436,48437,173960,197300,9597,9546,467854,470379,377239,379050,25709,27608,36336,33328,5754,5922,1732,1698,21084,22773,396364,399686,33249,36108,49808,47807,9765,10164,3098,3161
R,11,2024,45,4203884,2072809,2131075,1518334,1510699,272944,308071,48137,46110,153086,176616,6084,6152,74224,83427,1585296,1585849,295103,334895,87423,91234,174421,199357,11685,11868,1633849,1684721,1163962,1150825,249053,281947,13974,14384,147836,171136,4547,4511,54477,61918,1213041,1206606,264200,300358,40509,46018,165536,189858,8870,8868,438960,446354,354372,359874,23891,26124,34163,31726,5250,5480,1537,1641,19747,21509,372255,379243,30903,34537,46914,45216,8885,9499,2815,3000
R,11,2024,46,4061703,1999340,2062363,1468265,1465854,261050,294652,46215,44986,147176,171149,5842,5800,70792,79922,1532063,1537959,282026,319732,84264,88694,167353,192821,10949,11201,1573411,1627237,1123280,1114412,238284,269678,13304,13814,142120,165675,4368,4219,52055,59439,1170113,1167974,252678,287110,39163,44483,158837,183564,8282,8372,425929,435126,344985,351442,22766,24974,32911,31172,5056,5474,1474,1581,18737,20483,361950,369985,29348,32622,45101,44211,8516,9257,2667,2829
R,11,2024,47,4029116,1979024,2050092,1460122,1462867,254769,290519,45766,44568,143598,167956,5585,5851,69184,78331,1522530,1533425,275089,314838,83564,88080,163075,189168,10672,11131,1559706,1617462,1118946,1111395,233281,266233,13608,14262,138655,162738,4169,4296,51047,58538,1164889,1164075,247068,283216,39457,45004,154930,180281,8076,8360,419318,432630,341176,351472,21488,24286,32158,30306,4943,5218,1416,1555,18137,19793,357641,369350,28021,31622,44107,43076,8145,8887,2596,2771
R,11,2024,48,3879943,1904824,1975119,1401479,1408679,243287,277154,43977,42446,144023,167124,5410,5463,66648,74253,1461446,1475494,262119,299989,80718,84151,162774,187034,10467,10404,1498571,1553036,1070442,1064175,222373,254278,13120,13356,139351,161960,4073,4050,49212,55217,1114592,1113743,235225,270088,38203,42578,155086,178485,7997,7886,406253,422083,331037,344504,20914,22876,30857,29090,4672,5164,1337,1413,17436,19036,346854,361751,26894,29901,42515,41573,7688,8549,2470,2518
R,11,2024,49,3885521,1908040,1977481,1407106,1412213,243334,276806,42975,42128,145719,168673,5147,5345,63759,72316,1464503,1477280,261470,298565,78625,83022,163172,187990,9628,10125,1508706,1562295,1080414,1071994,223013,254748,12911,13580,141082,163701,3906,3966,47380,54306,1122972,1120830,235527,269936,37721,42656,155586,179749,7378,7642,399334,415186,326692,340219,20321,22058,30064,28548,4637,4972,1241,1379,16379,18010,341531,356450,25943,28629,40904,40366,7586,8241,2250,2483
R,11,2024,50,3845433,1887041,1958392,1394361,1404125,239031,271230,41906,41082,144506,166447,4970,5179,62267,70329,1450369,1467500,256403,291969,77138,81421,161464,185075,9430,9615,1499408,1552613,1076392,1070628,219731,250217,12892,13357,140069,161655,3775,3825,46549,52931,1118174,1118184,231924,264814,37499,42198,154275,177217,7203,7250,387633,405779,317969,333497,19300,21013,29014,27725,4437,4792,1195,1354,15718,17398,332195,349316,24479,27155,39639,39223,7189,7858,2227,2365
R,11,2024,51,3821524,1869827,1951697,1381562,1397818,238641,272377,40395,40210,143755,167319,4899,5141,60575,68832,1436039,1459581,255290,292617,74708,79668,160412,185634,9168,9628,1496086,1557702,1074103,1073179,220350,252043,12657,13513,139551,162718,3698,3795,45727,52454,1115035,1120179,232005,266335,37041,42243,153583,178096,7081,7278,373741,393995,307459,324639,18291,20334,27738,26697,4204,4601,1201,1346,14848,16378,321004,339402,23285,26282,37667,37425,6829,7538,2087,2350
R,11,2024,52,3959338,1934716,2024622,1435137,1456975,246997,282537,41289,40231,144935,169937,4903,5057,61455,69885,1490393,1519830,263505,302721,76983,80964,161258,187961,9236,9616,1561461,1629920,1127654,1131124,229095,262215,13335,13743,140697,165294,3712,3764,46968,53780,1169733,1179347,240863,276770,39177,43686,154515,180571,7142,7367,373255,394702,307483,325851,17902,20322,27954,26488,4238,4643,1191,1293,14487,16105,320660,340483,22642,25951,37806,37278,6743,7390,2094,2249
R,11,2024,53,4158921,2033120,2125801,1530793,1552889,253693,291751,40005,40522,140418,163820,4998,4960,63213,71859,1587686,1617750,270450,311996,77412,83517,156657,181467,9446,9525,1665918,1736512,1227257,1231199,236111,272042,13651,14336,136181,159264,3774,3761,48944,55910,1271253,1281531,248127,286737,41264,46741,150023,174173,7343,7377,367202,389289,303536,321690,17582,19709,26354,26186,4237,4556,1224,1199,14269,15949,316433,336219,22323,25259,36148,36776,6634,7294,2103,2148
R,11,2024,54,4274102,2091334,2182768,1582698,1605808,259517,295173,40398,39864,140380,164418,4898,5059,63443,72446,1639906,1670988,276217,315555,78559,83737,155922,181893,9334,9767,1724399,1799843,1279133,1288989,241812,275699,13859,14591,136279,159983,3747,3883,49569,56698,1323734,1339838,254037,290728,42463,47898,149519,174692,7322,7685,366935,382925,303565,316819,17705,19474,26539,25273,4101,4435,1151,1176,13874,15748,316172,331150,22180,24827,36096,35839,6403,7201,2012,2082
R,11,2024,55,4099402,2000475,2098927,1524491,1554073,241751,277449,37633,38187,132898,156557,4659,4901,59043,67760,1577845,1615170,256895,296009,73491,79900,147413,172526,8843,9288,1652128,1732713,1235152,1250355,225252,259297,13094,14040,129093,152373,3604,3771,45933,52877,1276552,1297950,236145,272742,39980,45774,141434,165770,6978,7270,348347,366214,289339,303718,16499,18152,24539,24147,3805,4184,1055,1130,13110,14883,301293,317220,20750,23267,33511,34126,5979,6756,1865,2018
R,11,2024,56,3980998,1940375,2040623,1476456,1508881,237528,273559,37144,36570,129346,153127,4343,4737,55558,63749,1526526,1566205,251828,291127,71165,76076,142654,167798,8253,8873,1604569,1689225,1197392,1216754,221732,256013,13001,13843,125801,149176,3347,3615,43296,49824,1236315,1261438,232064,268724,38689,44093,137069,161555,6505,6942,335806,351398,279064,292127,15796,17546,24143,22727,3545,3951,996,1122,12262,13925,290211,304767,19764,22403,32476,31983,5585,6243,1748,1931
R,11,2024,57,3941272,1914742,2026530,1469390,1510842,234242,273475,35155,35536,118129,140115,4447,4585,53379,61977,1517621,1566670,247684,290703,68529,74524,130369,153631,8095,8621,1592667,1687042,1200762,1228009,219327,256377,12877,13893,114671,136381,3451,3552,41579,48830,1238216,1271902,229019,269013,38108,44074,125028,147659,6436,6795,322075,339488,268628,282833,14915,17098,22278,21643,3458,3734,996,1033,11800,13147,279405,294768,18665,21690,30421,30450,5341,5972,1659,1826
R,11,2024,58,3974453,1927121,2047332,1480550,1529806,238743,279286,34645,35217,116174,136918,4441,4697,52568,61408,1527683,1585001,252290,296146,67760,74257,128039,150074,8181,8665,1610680,1714230,1216002,1251775,223988,262812,13048,14174,112871,133317,3440,3648,41331,48504,1252960,1295307,233777,275206,38487,44524,122880,144350,6496,6823,316441,333102,264548,278031,14755,16474,21597,21043,3303,3601,1001,1049,11237,12904,274723,289694,18513,20940,29273,29733,5159,5724,1685,1842
R,11,2024,59,4131995,1998983,2133012,1542810,1601265,245961,289170,35103,35838,117101,139222,4391,4738,53617,62779,1591018,1657622,259493,306330,69245,75913,128909,152552,8156,8783,1684941,1801477,1280094,1324315,231220,272674,13849,15013,113839,135664,3432,3701,42507,50110,1318193,1369214,241214,285446,40268,46532,123879,146911,6526,6998,314042,331535,262716,276950,14741,16496,21254,20825,3262,3558,959,1037,11110,12669,272825,288408,18279,20884,28977,29381,5030,5641,1630,1785
R,11,2024,60,4264677,2054840,2209837,1600264,1676398,246255,291486,34483,35157,116310,139210,4102,4592,53426,62994,1648369,1733085,259116,307993,69308,76578,127724,152091,7764,8512,1754890,1887423,1348606,1405715,232482,275520,14043,15532,113306,135914,3228,3604,43225,51138,1387440,1451655,242141,288005,41786,48878,123066,146877,6236,6866,299950,322414,251658,270683,13773,15966,20440,19625,3004,3296,874,988,10201,11856,260929,281430,16975,19988,27522,27700,4658,5214,1528,1646
R,11,2024,61,4267549,2052842,2214707,1602895,1687428,241167,285902,33394,33996,118545,140521,3980,4481,52861,62379,1650509,1743573,253887,302208,68178,74923,129660,153116,7480,8400,1765152,1903635,1361395,1426066,227957,270730,14223,15315,115611,137262,3174,3526,42792,50736,1399836,1471635,237523,283210,41939,48320,125171,147982,6081,6754,287690,311072,241500,261362,13210,15172,19171,18681,2934,3259,806,955,10069,11643,250673,271938,16364,18998,26239,26603,4489,5134,1399,1646
R,11,2024,62,4246260,2037817,2208443,1603007,1696692,235759,282033,31930,33165,111923,131345,4087,4491,51111,60717,1649158,1751363,247767,297720,65561,73566,122730,143425,7532,8221,1763395,1910338,1371862,1445542,223483,268014,13804,15186,109154,128230,3263,3593,41829,49773,1409542,1490267,232561,280042,40939,48068,118527,138566,6183,6654,274422,298105,231145,251150,12276,14019,18126,17979,2769,3115,824,898,9282,10944,239616,261096,15206,17678,24622,25498,4203,4859,1349,1567
R,11,2024,63,4230287,2023589,2206698,1609120,1711523,229096,276765,30309,32298,101168,122394,3864,4151,50032,59567,1654242,1765143,240869,292047,63599,72284,111604,133953,7099,7838,1765983,1924054,1392018,1473316,217460,263537,13651,15367,98690,119518,3113,3300,41051,49016,1428924,1517354,226455,275302,40612,48075,107749,129427,5849,6327,257606,282644,217102,238207,11636,13228,16658,16931,2478,2876,751,851,8981,10551,225318,247789,14414,16745,22987,24209,3855,4526,1250,1511
R,11,2024,64,4244988,2024561,2220427,1605153,1718383,231342,279236,30004,32215,104931,128229,3781,4175,49350,58189,1649720,1770653,243092,294236,62797,71098,115022,139626,6965,7721,1770473,1939835,1390765,1481533,219968,266301,13458,15308,102481,125336,3065,3368,40736,47989,1427472,1524561,228988,277913,40208,47150,111283,135138,5702,6307,254088,280592,214388,236850,11374,12935,16546,16907,2450,2893,716,807,8614,10200,222248,246092,14104,16323,22589,23948,3739,4488,1263,1414
R,11,2024,65,4121233,1957696,2163537,1562419,1683677,219287,269249,28067,30172,98119,121173,3477,3848,46327,55418,1604131,1733592,229909,283331,59015,67540,107855,131824,6465,7125,1725705,1904030,1366513,1464778,208945,257123,13011,14539,95859,118525,2846,3149,38531,45916,1401132,1506006,217215,268151,38381,45311,104413,127724,5365,5858,231991,259507,195906,218899,10342,12126,15056,15633,2260,2648,631,699,7796,9502,202999,227586,12694,15180,20634,22229,3442,4100,1100,1267
R,11,2024,66,4044152,1913931,2130221,1530992,1661584,211490,261342,25942,28708,98192,121838,3334,3662,43981,53087,1570570,1709294,221711,274978,55591,64569,107113,131979,6068,6745,1697056,1883950,1347929,1453264,201517,250009,12276,14195,96092,119320,2719,3010,36523,44152,1380700,1492850,209450,260721,36628,43855,103913,128073,5030,5554,216875,246271,183063,208320,9973,11333,13666,14513,2100,2518,615,652,7458,8935,189870,216444,12261,14257,18963,20714,3200,3906,1038,1191
R,11,2024,67,4011140,1889344,2121796,1517375,1663794,204879,256569,25445,27498,95785,119200,3138,3492,42722,51243,1555851,1709927,214738,269479,54254,62768,104454,128544,5831,6428,1681007,1882476,1340824,1460426,195733,245710,12154,13781,93875,116915,2617,2822,35804,42822,1372969,1498880,203513,255906,36043,43158,101538,124995,4912,5282,208337,239320,176551,203368,9146,10859,13291,13717,1910,2285,521,670,6918,8421,182882,211047,11225,13573,18211,19610,2916,3549,919,1146
R,11,2024,68,3868799,1814753,2054046,1462271,1611662,193735,246895,23665,26072,92035,117375,2970,3343,40077,48699,1498469,1655464,202953,259267,50734,59406,100046,126444,5515,6185,1620090,1827789,1297204,1419421,185124,236478,11427,13238,90181,115069,2457,2778,33697,40805,1327588,1456031,192373,246282,33968,41029,97238,122950,4593,5193,194663,226257,165067,192241,8611,10417,12238,12834,1854,2306,513,565,6380,7894,170881,199433,10580,12985,16766,18377,2808,3494,922,992
R,11,2024,69,3744020,1751249,1992771,1416402,1571061,182084,233623,22383,24640,89935,114809,2809,3241,37636,45397,1450270,1611721,190727,245246,47877,55592,97426,123353,5240,5966,1566424,1776296,1259574,1386707,173845,223793,10850,12455,88186,112706,2336,2640,31633,37995,1287977,1420603,180632,232948,32070,38227,94814,120188,4415,4968,184825,216475,156828,184354,8239,9830,11533,12185,1749,2103,473,601,6003,7402,162293,191118,10095,12298,15807,17365,2612,3165,825,998
R,11,2024,70,3622237,1684902,1937335,1370786,1536107,171181,223052,20514,23230,85403,108853,2625,3092,34393,43001,1401749,1574575,179233,233975,43819,52754,92169,116774,4789,5714,1514877,1734194,1226048,1362776,163645,213972,10214,11955,83855,106850,2176,2545,28939,36096,1252026,1394947,169991,222569,29641,36661,89842,113757,4048,4788,170025,203141,144738,173331,7536,9080,10300,11275,1548,2003,449,547,5454,6905,149723,179628,9242,11406,14178,16093,2327,3017,741,926
R,11,2024,71,3436295,1590516,1845779,1303402,1474373,155694,206892,18690,20992,78560,100816,2365,2729,31805,39977,1332038,1510294,163036,217085,40494,48319,84729,108136,4385,5148,1435560,1657608,1171125,1313122,148870,198523,9453,11123,77175,99082,1978,2271,26959,33487,1195370,1343090,154665,206589,27774,33932,82690,105474,3718,4357,154956,188171,132277,161251,6824,8369,9237,9869,1385,1734,387,458,4846,6490,136668,167204,8371,10496,12720,14387,2039,2662,667,791
R,11,2024,72,3318732,1530663,1788069,1261090,1433715,145074,196608,17068,19790,75904,98209,2254,2634,29273,37113,1287438,1467035,151947,206114,37057,45392,81541,104764,4142,4906,1387167,1611416,1138121,1281822,138775,188896,8844,10607,74620,96597,1908,2187,24899,31307,1160444,1309825,144297,196468,25734,32149,79643,102338,3524,4132,143496,176653,122969,151893,6299,7712,8224,9183,1284,1612,346,447,4374,5806,126994,157210,7650,9646,11323,13243,1898,2426,618,774
R,11,2024,73,3132896,1438200,1694696,1191319,1363699,134459,186413,15638,18337,67421,89125,1978,2402,27385,34720,1215918,1394875,140794,195398,34680,42586,72485,94928,3722,4448,1304291,1529331,1075975,1221391,128760,179243,8233,9833,66279,87666,1691,1978,23353,29220,1096862,1247513,133887,186361,24355,30308,70787,92706,3202,3752,133909,165365,115344,142308,5699,7170,7405,8504,1142,1459,287,424,4032,5500,119056,147362,6907,9037,10325,12278,1698,2222,520,696
R,11,2024,74,2976190,1358771,1617419,1119961,1295813,127808,178212,14811,17348,68571,91368,1902,2208,25718,32470,1143091,1324858,133918,186826,32463,39702,73371,97075,3544,4199,1232517,1457245,1011399,1157652,122352,171229,7794,9265,67470,89936,1612,1860,21890,27303,1031004,1181981,127242,178058,22727,28064,71736,94868,3063,3558,126254,160174,108562,138161,5456,6983,7017,8083,1101,1432,290,348,3828,5167,112087,142877,6676,8768,9736,11638,1635,2207,481,641
R,11,2024,75,2854228,1297092,1557136,1078750,1258791,115362,164552,13649,15763,63997,85470,1762,2049,23572,30511,1099994,1286079,120732,172518,29993,36956,68339,90595,3351,3945,1181924,1410159,979295,1131423,110618,158291,7326,8629,62952,84142,1495,1723,20238,25951,997476,1154540,114926,164747,21330,26674,66825,88645,2895,3372,115168,146977,99455,127368,4744,6261,6323,7134,1045,1328,267,326,3334,4560,102518,131539,5806,7771,8663,10282,1514,1950,456,573
R,11,2024,76,2755338,1247431,1507907,1045180,1229053,106501,153636,12432,14785,59655,79419,1610,1982,22053,29032,1064999,1255066,111648,161191,27739,34980,63669,84276,3056,3756,1141059,1370080,953028,1109634,102141,147886,6914,8198,58727,78148,1349,1680,18900,24534,969960,1131538,106338,153927,19940,25241,62313,82376,2637,3221,106372,137827,92152,119419,4360,5750,5518,6587,928,1271,261,302,3153,4498,95039,123528,5310,7264,7799,9739,1356,1900,419,535
R,11,2024,77,2804919,1267450,1537469,1080555,1278972,97143,141421,11928,13903,54518,72774,1502,1757,21804,28642,1100319,1304819,101959,148752,27383,34160,58255,77279,2866,3414,1167770,1406861,993870,1165260,93290,136002,6694,7843,53688,71647,1283,1489,18945,24620,1011030,1187424,97246,141974,20079,25268,57028,75616,2514,2967,99680,130608,86685,113712,3853,5419,5234,6060,830,1127,219,268,2859,4022,89289,117395,4713,6778,7304,8892,1227,1663,352,447
R,11,2024,78,2235941,1001657,1234284,848940,1019240,76905,115302,9560,11791,47480,63469,1299,1512,17473,22970,864782,1039893,80843,121197,21657,27585,50581,67384,2499,3029,916188,1119091,774522,919063,73493,110384,5289,6549,46767,62430,1112,1275,15005,19390,788114,936422,76654,115097,15660,19909,49523,65841,2177,2603,85469,115193,74418,100177,3412,4918,4271,5242,713,1039,187,237,2468,3580,76668,103471,4189,6100,5997,7676,1058,1543,322,426
R,11,2024,79,1917598,849557,1068041,716424,877228,67799,103944,8172,10566,41758,55554,1109,1419,14295,19330,729298,894491,71148,109105,17897,23755,44452,58855,2184,2729,772993,963281,649500,785796,64822,99628,4481,5738,41108,54626,937,1178,12145,16315,660389,800285,67482,103767,12705,16858,43468,57530,1886,2315,76564,104760,66924,91432,2977,4316,3691,4828,650,928,172,241,2150,3015,68909,94206,3666,5338,5192,6897,984,1325,298,414
R,11,2024,80,1816393,796162,1020231,675318,843652,60725,95959,7467,9612,38256,51412,956,1269,13440,18327,687411,859972,63971,101054,16649,22106,40700,54451,1926,2553,728571,924537,616135,759924,58045,92137,4192,5252,37769,50577,826,1056,11604,15591,626551,773744,60682,96273,12111,15907,39957,53229,1685,2191,67591,95694,59183,83728,2680,3822,3275,4360,487,835,130,213,1836,2736,60860,86228,3289,4781,4538,6199,743,1222,241,362
R,11,2024,81,1803284,783210,1020074,672251,855820,56462,91249,6798,9099,34350,45242,854,1116,12495,17548,683552,871528,59412,95972,15460,21229,36503,48041,1786,2312,720765,929833,617374,776866,54082,87600,3930,4999,33833,44526,735,932,10811,14910,627134,790160,56479,91394,11436,15356,35746,46933,1553,1993,62445,90241,54877,78954,2380,3649,2868,4100,517,716,119,184,1684,2638,56418,81368,2933,4578,4024,5873,757,1108,233,319
R,11,2024,82,1576647,676510,900137,577244,750908,49498,81627,5925,8041,32145,43447,740,1037,10958,15077,587097,764404,52082,85751,13440,18439,34149,45894,1515,2012,621547,819140,528938,679764,47357,78424,3428,4447,31736,42793,625,861,9463,12851,537426,691203,49468,81773,9901,13339,33526,44943,1305,1730,54963,80997,48306,71144,2141,3203,2497,3594,409,654,115,176,1495,2226,49671,73201,2614,3978,3539,5100,623,951,210,282
R,11,2024,83,1351049,571030,780019,486035,648912,41878,71678,5206,7054,27923,38096,675,888,9313,13391,494440,660859,44126,75325,11539,16319,29649,40325,1325,1751,522735,708565,443512,586013,40028,68949,3058,3960,27569,37515,582,738,7986,11390,450710,596144,41828,71884,8491,11861,29099,39435,1140,1491,48295,71454,42523,62899,1850,2729,2148,3094,354,581,93,150,1327,2001,43730,64715,2298,3441,3048,4458,550,890,185,260
R,11,2024,84,1201270,498536,702734,421704,582086,37189,65774,4631,6522,26202,35752,607,807,8203,11793,429041,592571,39230,69141,10163,14460,27783,37719,1183,1631,454480,634969,382861,522446,35492,63069,2674,3607,25853,35213,511,657,7089,9977,389188,531256,37157,65786,7413,10335,27280,36948,1024,1379,44056,67765,38843,59640,1697,2705,1957,2915,349,539,96,150,1114,1816,39853,61315,2073,3355,2750,4125,503,771,159,252
R,11,2024,85,1057350,433012,624338,367288,518953,31646,57318,3927,5716,22756,31107,443,732,6952,10512,373525,528266,33367,60238,8572,12815,24080,32894,953,1490,394713,564264,333517,465908,30128,54910,2245,3206,22477,30633,352,610,5994,8997,338873,473833,31529,57275,6232,9308,23676,32203,818,1279,38299,60074,33771,53045,1518,2408,1682,2510,279,474,91,122,958,1515,34652,54433,1838,2963,2340,3507,404,691,135,211
R,11,2024,86,961572,388136,573436,330240,478564,27465,51288,3503,5295,20164,28285,446,631,6318,9373,335911,486917,28992,53975,7728,11525,21419,29879,902,1253,354469,519137,300434,430622,26207,49128,2073,3042,19892,27883,373,504,5490,7958,305355,437667,27440,51325,5756,8342,21013,29274,776,1056,33667,54299,29806,47942,1258,2160,1430,2253,272,402,73,127,828,1415,30556,49250,1552,2650,1972,3183,406,605,126,197
R,11,2024,87,830135,329367,500768,279829,417138,23290,44986,2897,4491,17540,25339,362,562,5449,8252,284763,424417,24698,47399,6528,9871,18566,26849,744,1176,300432,453123,254080,375008,22239,43102,1718,2537,17327,24956,311,460,4757,7060,258379,381187,23388,45104,4889,7149,18259,26287,652,1008,28935,47645,25749,42130,1051,1884,1179,1954,213,383,51,102,692,1192,26384,43230,1310,2295,1639,2722,307,562,92,168
R,11,2024,88,722974,281793,441181,239305,368252,19777,39416,2494,3938,15185,22036,281,480,4751,7059,243564,374461,21009,41534,5540,8522,16156,23338,654,997,256856,398981,217146,330881,18848,37785,1483,2221,15008,21706,235,404,4136,5984,220836,336104,19872,39532,4108,6086,15886,22860,577,858,24937,42200,22159,37371,929,1631,1011,1717,177,330,46,76,615,1075,22728,38357,1137,2002,1432,2436,270,478,77,139
R,11,2024,89,635340,242531,392809,206431,327512,16901,34983,2161,3565,12872,19877,252,409,3914,6463,209928,333219,17926,36817,4635,7754,13689,21095,567,880,220997,355351,187279,294332,16105,33560,1283,2012,12719,19551,214,336,3397,5560,190302,299219,16955,35059,3415,5648,13462,20626,501,754,21534,37458,19152,33180,796,1423,878,1553,153,326,38,73,517,903,19626,34000,971,1758,1220,2106,227,469,66,126
R,11,2024,90,534118,200312,333806,170654,278894,13769,29520,1756,2962,10623,16709,251,356,3259,5365,173581,283620,14624,31076,3784,6438,11328,17749,495,753,182547,302472,154769,251070,13132,28319,1066,1697,10499,16456,210,301,2871,4629,157336,255125,13851,29599,2842,4692,11142,17394,427,664,17765,31334,15885,27824,637,1201,690,1265,124,253,41,55,388,736,16245,28495,773,1477,942,1746,186,355,68,89
R,11,2024,91,442482,162039,280443,138030,233899,10948,24503,1422,2431,8788,14748,180,304,2671,4558,140421,237854,11598,25820,3114,5352,9398,15654,389,694,147922,254398,125448,210705,10445,23472,865,1463,8684,14542,151,259,2329,3957,127522,214127,10988,24563,2320,3997,9243,15358,340,610,14117,26045,12582,23194,503,1031,557,968,104,206,29,45,342,601,12899,23727,610,1257,794,1355,155,296,49,84
R,11,2024,92,385058,137377,247681,117124,207212,9179,21181,1170,2174,7396,12824,142,297,2366,3993,119236,210696,9818,22386,2621,4707,7923,13608,350,627,125540,225002,106549,186989,8769,20321,698,1310,7302,12641,123,251,2099,3490,108422,190023,9320,21347,1975,3524,7781,13344,312,548,11837,22679,10575,20223,410,860,472,864,94,183,19,46,267,503,10814,20673,498,1039,646,1183,142,264,38,79
R,11,2024,93,315102,110022,205080,94568,173127,6747,16476,949,1736,5789,10295,113,220,1856,3226,96224,175900,7264,17455,2044,3788,6235,10943,274,504,100452,186779,86020,156781,6431,15799,553,1029,5725,10164,97,184,1626,2822,87471,159187,6884,16621,1496,2833,6119,10745,234,439,9570,18301,8548,16346,316,677,396,707,64,131,16,36,230,404,8753,16713,380,834,548,955,116,198,40,65
R,11,2024,94,268586,90834,177752,77635,149170,5763,14477,781,1442,5091,9556,99,193,1465,2914,78941,151693,6165,15316,1668,3292,5426,10154,234,454,82936,161582,70549,134737,5496,13862,489,858,5028,9436,84,167,1290,2522,71693,136895,5831,14564,1264,2457,5337,9976,209,402,7898,16170,7086,14433,267,615,292,584,63,120,15,26,175,392,7248,14798,334,752,404,835,89,178,25,52
R,11,2024,95,205436,66959,138477,57179,116392,4125,11241,593,1074,3802,7362,71,159,1189,2249,58219,118325,4469,11963,1321,2443,4082,7825,191,371,61129,126376,51986,105605,3928,10766,364,662,3756,7244,59,139,1036,1960,52890,107277,4209,11382,989,1841,4012,7663,168,330,5830,12101,5193,10787,197,475,229,412,46,118,12,20,153,289,5329,11048,260,581,332,602,70,162,23,41
R,11,2024,96,160925,50757,110168,43277,92445,3191,8888,471,896,2859,5980,53,114,906,1845,44068,94016,3456,9471,1027,2032,3069,6377,133,295,46336,100777,39327,84135,3036,8494,287,557,2836,5894,46,97,804,1600,40030,85482,3259,8990,780,1541,3031,6248,114,257,4421,9391,3950,8310,155,394,184,339,23,86,7,17,102,245,4038,8534,197,481,247,491,38,129,19,38
R,11,2024,97,122104,37115,84989,31465,71181,2372,6877,314,706,2196,4732,44,93,724,1400,32097,72365,2599,7300,717,1598,2364,5018,110,233,34008,78000,28679,64942,2277,6591,201,453,2175,4673,37,80,639,1261,29237,66006,2468,6960,554,1256,2331,4938,93,209,3107,6989,2786,6239,95,286,113,253,21,59,7,13,85,139,2860,6359,131,340,163,342,33,80,17,24
R,11,2024,98,89298,26183,63115,22055,52718,1741,5128,236,518,1586,3590,27,85,538,1076,22525,53634,1890,5493,543,1163,1729,3808,90,198,23987,58048,20093,48198,1671,4924,153,351,1569,3544,22,75,479,956,20509,49006,1793,5240,428,911,1702,3745,78,179,2196,5067,1962,4520,70,204,83,167,17,46,5,10,59,120,2016,4628,97,253,115,252,27,63,12,19
R,11,2024,99,63370,17867,45503,14839,37659,1223,3767,178,398,1234,2744,28,55,365,880,15141,38385,1327,4079,388,901,1340,2940,76,159,16380,41851,13531,34421,1170,3615,121,265,1220,2718,24,49,314,783,13791,35066,1257,3883,296,710,1316,2888,67,137,1487,3652,1308,3238,53,152,57,133,14,26,4,6,51,97,1350,3319,70,196,92,191,24,52,9,22
R,11,2024,100,115638,30071,85567,23821,68749,2396,7944,409,883,2577,6011,66,140,802,1840,24481,70215,2696,8629,829,1925,2808,6453,186,381,27324,78921,21434,62895,2291,7629,291,657,2541,5956,53,120,714,1664,22026,64214,2555,8238,659,1595,2748,6354,155,330,2747,6646,2387,5854,105,315,118,226,36,55,13,20,88,176,2455,6001,141,391,170,330,60,99,31,51
R,12,2024,999,340844356,167279572,173564784,122083060,125038651,21975011,24065541,3539667,3439238,11177861,12194004,471418,472600,8032555,8354750,129466974,132704410,25101130,27360894,6843958,6989440,13697158,14717283,998820,998847,132685775,138775881,94731897,97432377,19858138,21908351,1155487,1192195,10710924,11719337,347249,347194,5882080,6176427,100144410,103104509,22079763,24276750,3368638,3631074,12703204,13715498,727442,726830,34593797,34788903,27351163,27606274,2116873,2157190,2384180,2247043,466937,474667,124169,125406,2150475,2178323,29322564,29599901,3021367,3084144,3475320,3358366,993954,1001785,271378,272017
R,12,2024,0,3621241,1852165,1769076,1206791,1151047,293385,284094,46855,44721,114212,106969,6871,6687,184051,175558,1379172,1315206,382827,370109,98320,93892,178962,168320,17480,16763,1308390,1247620,817823,777503,246586,239151,11644,11305,103563,96739,4650,4469,124124,118453,934713,888920,306546,297109,40352,38574,150523,141227,11191,10532,543775,521456,388968,373544,46799,44943,35211,33416,10649,10230,2221,2218,59927,57105,444459,426286,76281,73000,57968,55318,28439,27093,6289,6231
R,12,2024,1,3649666,1866351,1783315,1211803,1155845,296640,287173,48244,46038,118578,111622,6942,6863,184144,175774,1384225,1320156,386010,373172,99623,95191,183565,173246,17557,16963,1313556,1252859,816056,775685,249163,241700,11619,11285,107803,101256,4684,4552,124231,118381,933004,886983,309003,299446,40241,38413,155087,146016,11238,10623,552795,530456,395747,380160,47477,45473,36625,34753,10775,10366,2258,2311,59913,57393,451221,433173,77007,73726,59382,56778,28478,27230,6319,6340
R,12,2024,2,3750839,1914679,1836160,1242127,1188216,307118,297936,47962,46520,123825,117380,7305,7017,186342,179091,1416607,1355622,397522,385471,99745,96403,189728,180380,18011,17270,1358318,1298549,841594,801509,259948,252330,12118,11618,113050,106984,4848,4523,126760,121585,960901,915796,320908,311521,41263,39413,161457,153142,11535,10759,556361,537611,400533,386707,47170,45606,35844,34902,10775,10396,2457,2494,59582,57506,455706,439826,76614,73950,58482,56990,28271,27238,6476,6511
R,12,2024,3,3758162,1919686,1838476,1248052,1190575,309117,301168,45479,43763,124010,117910,6833,6570,186195,178490,1422400,1357415,399436,388371,97159,93371,189914,180793,17508,16762,1383673,1320307,861850,816807,263988,257390,12405,11844,114004,108163,4597,4362,126829,121741,981211,931224,324917,316579,41511,39643,162552,154487,11290,10612,536013,518169,386202,373768,45129,43778,33074,31919,10006,9747,2236,2208,59366,56749,441189,426191,74519,71792,55648,53728,27362,26306,6218,6150
R,12,2024,4,3757169,1920131,1837038,1248054,1189443,309104,300196,46120,44240,126873,120635,6746,6393,183234,176131,1419650,1354146,398164,386434,96739,92998,191731,182593,17229,16429,1391388,1329111,864114,820643,266559,259297,13197,12730,117167,111107,4720,4412,125631,120922,982357,934335,327051,318240,41953,40285,165191,157009,11335,10606,528743,507927,383940,368800,42545,40899,32923,31510,9706,9528,2026,1981,57603,55209,437293,419811,71113,68194,54786,52713,26540,25584,5894,5823
R,12,2024,5,3853510,1966870,1886640,1294381,1235408,305568,299260,47757,45694,127945,122103,7154,6784,184065,177391,1466710,1401259,394530,385642,98742,94967,193264,184611,17816,16896,1442267,1380612,911279,865135,265045,260386,14738,14293,118523,112922,4990,4829,127692,123047,1031396,980732,326229,320088,44140,42588,167401,159592,11815,11208,524603,506028,383102,370273,40523,38874,33019,31401,9422,9181,2164,1955,56373,54344,435314,420527,68301,65554,54602,52379,25863,25019,6001,5688
R,12,2024,6,3906828,1993402,1913426,1316798,1258092,310502,303559,48735,47297,127647,122468,7310,6874,182410,175136,1487564,1421791,398262,388258,99714,96231,192164,184277,18095,16986,1465880,1403785,929975,884274,270116,264757,15127,14710,118369,113408,5164,4913,127129,121723,1049528,998567,331009,323534,44524,42753,166840,159578,12067,11359,527522,509641,386823,373818,40386,38802,33608,32587,9278,9060,2146,1961,55281,53413,438036,423224,67253,64724,55190,53478,25324,24699,6028,5627
R,12,2024,7,3971982,2029142,1942840,1343303,1281022,315736,307570,50034,47811,131442,125719,7538,6864,181089,173854,1512578,1443355,402024,391472,101488,97233,195487,186588,18426,17054,1494184,1425907,948032,899479,275770,268610,16001,15274,122210,116721,5396,4881,126775,120942,1067054,1012997,335926,326926,45943,43630,170465,162243,12456,11319,534958,516933,395271,381543,39966,38960,34033,32537,9232,8998,2142,1983,54314,52912,445524,430358,66098,64546,55545,53603,25022,24345,5970,5735
R,12,2024,8,4065245,2075586,1989659,1384095,1320430,315711,309003,52052,50102,134165,128238,7570,7163,181993,174723,1554042,1483487,401244,392235,104871,101029,198412,189280,18570,17584,1526647,1460194,977486,928196,275234,269652,16400,16043,124702,119204,5372,5114,127453,121985,1097095,1042620,334954,327783,47143,45621,173097,164921,12442,11785,548939,529465,406609,392234,40477,39351,35652,34059,9463,9034,2198,2049,54540,52738,456947,440867,66290,64452,57728,55408,25315,24359,6128,5799
R,12,2024,9,4097449,2093540,2003909,1401510,1335138,319676,311095,52099,50905,132562,126520,7447,7207,180246,173044,1569924,1496586,404046,393298,105351,101865,195697,186564,18279,17548,1540621,1470621,989423,938422,279490,271779,16688,16150,123245,117579,5303,5107,126472,121584,1108156,1052406,338633,329737,47877,45895,170763,162788,12298,11775,552919,533288,412087,396716,40186,39316,35411,34755,9317,8941,2144,2100,53774,51460,461768,444180,65413,63561,57474,55970,24934,23776,5981,5773
R,12,2024,10,4109310,2100110,2009200,1408403,1340789,319686,311204,52618,51167,134663,128096,7425,7237,177315,170707,1574042,1500045,402131,391933,105796,102439,196588,186707,18016,17320,1550364,1479567,997576,946220,279766,272047,16866,16264,125406,119478,5306,5128,125444,120430,1115308,1059118,338008,329278,48368,46406,172404,163758,12253,11710,549746,529633,410827,394569,39920,39157,35752,34903,9257,8618,2119,2109,51871,50277,458734,440927,64123,62655,57428,56033,24184,22949,5763,5610
R,12,2024,11,4077194,2083542,1993652,1399069,1334884,317745,308941,53498,50923,132674,125805,7486,7109,173070,165990,1560639,1489606,397737,386777,106357,101796,192751,182622,17996,17085,1538000,1467491,990946,940953,278486,270639,16917,16213,123588,117219,5303,4985,122760,117482,1106100,1051013,335256,326114,48377,46386,169243,160156,12191,11479,545542,526161,408123,393931,39259,38302,36581,34710,9086,8586,2183,2124,50310,48508,454539,438593,62481,60663,57980,55410,23508,22466,5805,5606
R,12,2024,12,4114614,2101752,2012862,1412932,1349152,319637,310242,54201,51711,136594,129422,7570,7183,170818,165152,1572138,1502958,398071,386684,107361,103320,195672,185874,17954,17144,1551312,1481205,999720,949284,280163,272293,17112,16458,127612,120868,5350,5055,121355,117247,1113431,1058967,335957,326853,48841,47206,172598,163808,12190,11647,550440,531657,413212,399868,39474,37949,37089,35253,8982,8554,2220,2128,49463,47905,458707,443991,62114,59831,58520,56114,23074,22066,5764,5497
R,12,2024,13,4143347,2119694,2023653,1432464,1362361,323365,312908,54860,52812,132039,125158,7459,7199,169507,163215,1590447,1514314,400757,387897,108696,104665,189953,180693,17808,17137,1560027,1485458,1010481,957121,283458,274672,17157,16383,122964,116574,5259,4966,120708,115742,1123527,1065320,338835,328195,49533,47370,167036,158769,12127,11509,559667,538195,421983,405240,39907,38236,37703,36429,9075,8584,2200,2233,48799,47473,466920,448994,61922,59702,59163,57295,22917,21924,5681,5628
R,12,2024,14,4240321,2168497,2071824,1470464,1399969,331862,320433,55674,53141,131209,125321,7453,7276,171835,165684,1630653,1554284,409747,396466,111417,106927,189192,180702,17831,17252,1588781,1515242,1028389,975764,292649,282198,17212,16934,122385,116967,5274,5048,122872,118331,1143447,1086389,348538,336821,50932,49500,166813,159344,12257,11667,579716,556582,442075,424205,39213,38235,38462,36207,8824,8354,2179,2228,48963,47353,487206,467895,61209,59645,60485,57427,22379,21358,5574,5585
R,12,2024,15,4287277,2192868,2094409,1493191,1419182,335029,324034,55478,53164,130530,125482,7466,7206,171174,165341,1652577,1573088,412785,400601,110801,106367,188246,180211,17855,17280,1602843,1529657,1037907,983938,296034,286293,17693,17149,122078,117257,5200,4857,123931,120163,1153839,1096247,352842,342360,51712,50225,166764,159663,12231,11719,590025,564752,455284,435244,38995,37741,37785,36015,8452,8225,2266,2349,47243,45178,498738,476841,59943,58241,59089,56142,21482,20548,5624,5561
R,12,2024,16,4448045,2276926,2171119,1555174,1474495,348188,335645,57774,54973,134614,129138,7523,7263,173653,169605,1716678,1632221,426905,413561,114842,111217,192186,184415,18421,17460,1660377,1583628,1077179,1019648,307369,297527,18358,17686,125928,120674,5123,4888,126420,123205,1195135,1134725,365330,354914,53854,52626,170771,163448,12498,11812,616549,587491,477995,454847,40819,38118,39416,37287,8686,8464,2400,2375,47233,46400,521543,497496,61575,58647,60988,58591,21415,20967,5923,5648
R,12,2024,17,4491720,2299510,2192210,1575223,1495393,347343,334823,59906,56897,137486,130881,7602,7331,171950,166885,1735004,1650328,424550,410569,118434,113376,193867,185423,18209,17586,1673061,1595551,1089028,1032363,306718,296572,18528,17910,128675,122561,5087,5005,125025,121140,1205674,1145336,363214,352101,55020,53061,172616,164755,12378,11939,626449,596659,486195,463030,40625,38251,41378,38987,8811,8320,2515,2326,46925,45745,529330,504992,61336,58468,63414,60315,21251,20668,5831,5647
R,12,2024,18,4476766,2295436,2181330,1577597,1491972,343097,330352,61169,56324,138546,132917,7551,7237,167476,162528,1733073,1642866,416996,402913,119127,112218,193668,185806,17907,17189,1668593,1589811,1090865,1031466,303135,292507,18284,17610,129746,124718,5070,4902,121493,118608,1204123,1142081,357018,346225,54270,52684,172843,165883,12139,11680,626843,591519,486732,460506,39962,37845,42885,38714,8800,8199,2481,2335,45983,43920,528950,500785,59978,56688,64857,59534,20825,19923,5768,5509
R,12,2024,19,4456358,2286455,2169903,1578121,1486871,334816,323613,61190,56778,143089,139430,7692,7380,161547,155831,1728102,1631373,404674,392124,118337,111492,196205,190521,17526,16892,1664251,1586231,1093487,1030968,295822,286884,18095,17588,134662,131581,5200,5094,116985,114116,1202534,1137171,346653,337550,53780,52071,176234,171692,11899,11702,622204,583672,484634,455903,38994,36729,43095,39190,8427,7849,2492,2286,44562,41715,525568,494202,58021,54574,64557,59421,19971,18829,5627,5190
R,12,2024,20,4477124,2297458,2179666,1588912,1497859,334172,321901,61420,55392,148032,144801,7818,7241,157104,152472,1734527,1639214,401271,388155,117767,110126,199966,194304,17608,16552,1679479,1600218,1105564,1043623,296015,285793,18239,17118,139646,137021,5350,5074,114665,111589,1212232,1147379,344905,334615,53990,51891,180532,176075,12129,11516,617979,579448,483348,454236,38157,36108,43181,38274,8386,7780,2468,2167,42439,40883,522295,491835,56366,53540,63777,58235,19434,18229,5479,5036
R,12,2024,21,4484900,2301632,2183268,1596670,1503440,332544,321597,61073,55032,150418,147646,7854,7172,153073,148381,1738511,1640944,396742,384968,117491,109325,200502,195893,17354,16222,1688155,1608395,1116124,1052035,294766,285833,17882,16949,142443,139969,5380,5063,111560,108546,1219874,1152997,341781,332490,53580,51593,181888,177806,11941,11417,613477,574873,480546,451405,37778,35764,43191,38083,7975,7677,2474,2109,41513,39835,518637,487947,54961,52478,63911,57732,18614,18087,5413,4805
R,12,2024,22,4522771,2312684,2210087,1598803,1517684,339689,332516,61094,55387,158776,154385,7743,7357,146579,142758,1734438,1649390,400464,393309,115969,108231,206711,200561,16983,16254,1700014,1633959,1117569,1064261,301411,296320,17822,16981,150896,146753,5469,5193,106847,104451,1216640,1160955,345938,341119,52624,50670,188557,183113,11958,11407,612670,576128,481234,453423,38278,36196,43272,38406,7880,7632,2274,2164,39732,38307,517798,488435,54526,52190,63345,57561,18154,17448,5025,4847
R,12,2024,23,4714235,2392425,2321810,1648123,1592003,356668,354951,60262,55294,177994,172185,7968,7911,141410,139466,1778185,1720407,415584,414481,112886,106017,224414,217897,17399,17116,1776189,1737982,1162737,1130773,317028,317507,17718,17495,170038,164198,5673,5625,102995,102384,1257678,1225232,359952,361487,51129,49838,206658,200490,12297,12195,616236,583828,485386,461230,39640,37444,42544,37799,7956,7987,2295,2286,38415,37082,520507,495175,55632,52994,61757,56179,17756,17407,5102,4921
R,12,2024,24,4933953,2499351,2434602,1721142,1668030,373722,373562,61351,56048,197045,191698,8640,8428,137451,136836,1847325,1793496,430390,432066,112523,105140,242619,237296,17958,17580,1873959,1841236,1226981,1197963,333595,335084,18223,17700,188659,183424,6342,5995,100159,101070,1319107,1290847,374813,378342,50525,49157,224806,219893,13011,12523,625392,593366,494161,470067,40127,38478,43128,38348,8386,8274,2298,2433,37292,35766,528218,502649,55577,53724,61998,55983,17813,17403,4947,5057
R,12,2024,25,4775937,2421372,2354565,1681783,1624008,352710,354064,58654,53097,190517,185996,8439,8119,129269,129281,1800246,1742654,405797,409046,107363,99895,232968,228697,17311,16688,1820394,1784340,1205211,1170959,314732,317235,17393,16765,182497,178100,6217,5728,94344,95553,1291840,1258824,353474,358074,48237,46752,216328,212306,12516,11794,600978,570225,476572,453049,37978,36829,41261,36332,8020,7896,2222,2391,34925,33728,508406,483830,52323,50972,59126,53143,16640,16391,4795,4894
R,12,2024,26,4691649,2377400,2314249,1654788,1594955,343786,345589,57406,52073,187673,187496,8265,8057,125482,126079,1769733,1710765,394411,398708,105227,98526,228821,228626,16919,16285,1789530,1756167,1188781,1151083,306703,310117,16708,15980,179630,179524,6003,5725,91705,93738,1272888,1237413,343669,349654,47022,46024,212547,212710,12224,11675,587870,558082,466007,443872,37083,35472,40698,36093,8043,7972,2262,2332,33777,32341,496845,473352,50742,49054,58205,52502,16274,15916,4695,4610
R,12,2024,27,4524842,2292459,2232383,1595869,1534064,327517,329497,55470,50038,187331,190750,7874,7565,118398,120469,1704366,1644537,374682,379511,101113,95145,226396,230146,15846,15277,1725313,1695180,1145752,1106254,292202,295951,15738,15108,179593,183080,5730,5441,86298,89346,1224944,1188301,326273,333134,44643,44049,210932,215049,11475,11025,567146,537203,450117,427810,35315,33546,39732,34930,7738,7670,2144,2124,32100,31123,479422,456236,48409,46377,56470,51096,15464,15097,4371,4252
R,12,2024,28,4490886,2271527,2219359,1586106,1523911,319294,324839,55565,49752,187058,195107,7734,7323,115770,118427,1691953,1632388,364691,373252,100743,94840,225211,233748,15746,15090,1707848,1686457,1138653,1100097,284259,291600,15421,14676,179581,187500,5615,5403,84319,87181,1215946,1180092,316914,327352,43703,43310,210473,218736,11418,11002,563679,532902,447453,423814,35035,33239,40144,35076,7477,7607,2119,1920,31451,31246,476007,452296,47777,45900,57040,51530,14738,15012,4328,4088
R,12,2024,29,4514615,2278967,2235648,1592431,1535441,322446,329788,56117,49966,187057,196922,7743,7412,113173,116119,1695743,1641479,366493,377110,101066,95117,224095,234239,15661,15280,1716949,1700454,1147324,1109978,287097,295639,15425,14678,179368,189099,5657,5527,82078,85533,1222300,1188286,318601,330292,43749,43528,209274,219415,11420,11250,562018,535194,445107,425463,35349,34149,40692,35288,7689,7823,2086,1885,31095,30586,473443,453193,47892,46818,57317,51589,14821,14824,4241,4030
R,12,2024,30,4529267,2279558,2249709,1593921,1541835,325040,339220,55287,50114,186708,195825,7713,7480,110889,115235,1694918,1647097,367449,385403,100343,95985,222784,232694,15697,15231,1726010,1718735,1155164,1120087,290429,305035,15404,14832,179143,188271,5690,5513,80180,84997,1228208,1197747,320661,338842,43590,44417,208392,218336,11519,11197,553548,530974,438757,421748,34611,34185,39883,35282,7565,7554,2023,1967,30709,30238,466710,449350,46788,46561,56753,51568,14392,14358,4178,4034
R,12,2024,31,4572499,2298333,2274166,1608613,1556533,329321,347266,55647,50727,189680,198638,7779,7366,107293,113636,1706039,1660170,369866,392495,99368,96979,224995,234633,15703,15009,1750024,1745901,1172927,1136988,295109,313336,15710,15350,182369,191046,5694,5349,78215,83832,1243999,1213632,324140,346182,43364,45481,211137,220351,11502,10965,548309,528265,435686,419545,34212,33930,39937,35377,7311,7592,2085,2017,29078,29804,462040,446538,45726,46313,56004,51498,13858,14282,4201,4044
R,12,2024,32,4658844,2339309,2319535,1641917,1592035,333446,353868,56826,51834,192031,201087,7585,7404,107504,113307,1739707,1695428,372947,397389,102173,99459,226909,236787,15455,15064,1787775,1787283,1203574,1169291,299150,319307,16379,15831,184754,193674,5649,5387,78269,83793,1274788,1245833,327187,350821,45360,47204,213148,222929,11419,10995,551534,532252,438343,422744,34296,34561,40447,36003,7277,7413,1936,2017,29235,29514,464919,449595,45760,46568,56813,52255,13761,13858,4036,4069
R,12,2024,33,4719151,2360597,2358554,1661667,1620018,335368,362069,56776,51549,194267,204648,7910,7499,104609,112771,1756460,1722498,373329,404911,101511,99668,228190,240419,15767,15279,1816337,1832852,1229761,1204080,301007,326608,16679,16305,187053,197124,5907,5589,75930,83146,1298631,1279744,327725,357271,45125,47932,214743,226310,11750,11386,544260,525702,431906,415938,34361,35461,40097,35244,7214,7524,2003,1910,28679,29625,457829,442754,45604,47640,56386,51736,13447,14109,4017,3893
R,12,2024,34,4816953,2410352,2406601,1703680,1657965,339212,367010,57584,52492,198395,209365,7803,7689,103678,112080,1797611,1760152,375708,408381,102685,101905,232509,244292,15582,15355,1861876,1879064,1267870,1240382,304933,331744,16933,16611,191090,202051,5796,5696,75254,82580,1336123,1315799,330269,361113,45655,49271,219086,230645,11561,11390,548476,527537,435810,417583,34279,35266,40651,35881,7305,7314,2007,1993,28424,29500,461488,444353,45439,47268,57030,52634,13423,13647,4021,3965
R,12,2024,35,4712654,2355156,2357498,1666535,1623640,330788,359100,55121,50900,195324,208911,7657,7226,99731,107721,1757123,1721425,365213,398213,99229,99273,227718,242520,15051,14631,1834146,1851016,1252321,1221738,298326,325572,16461,16433,188430,201992,5753,5410,72855,79871,1318461,1294215,322225,353394,45009,48890,215199,229731,11360,11089,521010,506482,414214,401902,32462,33528,38660,34467,6894,6919,1904,1816,26876,27850,438662,427210,42988,44819,54220,50383,12519,12789,3691,3542
R,12,2024,36,4628437,2304420,2324017,1640006,1609254,314870,346196,54156,50547,192864,207258,7363,7274,95161,103488,1726216,1703237,346981,383129,96576,97836,224028,239481,14523,14306,1795749,1826999,1234755,1214539,283987,313634,16189,16122,186032,200493,5449,5385,69337,76826,1297525,1284396,306236,339631,43407,47997,211843,227125,10891,10732,508671,497018,405251,394715,30883,32562,37967,34425,6832,6765,1914,1889,25824,26662,428691,418841,40745,43498,53169,49839,12185,12356,3632,3574
R,12,2024,37,4535794,2259648,2276146,1619037,1584243,303790,334403,52757,48702,185425,200846,7263,7037,91376,100915,1701772,1676040,334250,369885,94496,95690,214870,231854,14255,13948,1763757,1791190,1223044,1198403,273766,303191,15603,15387,178920,194240,5386,5183,67038,74786,1283637,1266485,294985,328217,42768,47044,203423,219930,10764,10384,495891,484956,395993,385840,30024,31212,37154,33315,6505,6606,1877,1854,24338,26129,418135,409555,39265,41668,51728,48646,11447,11924,3491,3564
R,12,2024,38,4527004,2253658,2273346,1622823,1591645,299537,330166,52268,49062,182373,197745,7209,6922,89448,97806,1703844,1680342,328502,363911,93841,96110,211457,227378,14109,13511,1760740,1791912,1228666,1208065,269955,299523,15361,15359,175944,191276,5407,5106,65407,72583,1287883,1273866,289807,323289,42407,47283,200081,215859,10667,10131,492918,481434,394157,383580,29582,30643,36907,33703,6429,6469,1802,1816,24041,25223,415961,406476,38695,40622,51434,48827,11376,11519,3442,3380
R,12,2024,39,4555364,2268154,2287210,1639590,1606691,298384,329191,52894,49132,181617,198522,7074,6923,88595,96751,1719774,1694648,326731,361473,95192,96497,209819,227554,13805,13673,1774158,1806800,1244388,1222775,269445,299516,15052,15612,175294,192040,5317,5232,64662,71625,1302874,1287912,288716,321858,42795,47994,198746,216085,10394,10359,493996,480410,395202,383916,28939,29675,37842,33520,6323,6482,1757,1691,23933,25126,416900,406736,38015,39615,52397,48503,11073,11469,3411,3314
R,12,2024,40,4451225,2210717,2240508,1601369,1576340,286882,319925,51483,48567,179712,196268,6814,6713,84457,92695,1677730,1660207,312929,350502,92474,95042,206593,223860,13454,13244,1734213,1769888,1219685,1199589,259482,291349,14787,15234,173484,190109,5100,5016,61675,68591,1275377,1261687,277284,312469,41699,46973,195789,212907,10195,10012,476504,470620,381684,376751,27400,28576,36696,33333,6228,6159,1714,1697,22782,24104,402353,398520,35645,38033,50775,48069,10804,10953,3259,3232
R,12,2024,41,4406635,2184469,2222166,1586793,1565869,282791,316495,51128,48074,174882,193540,6670,6718,82205,91470,1660936,1648586,308197,345966,91875,95264,200519,220150,13082,13183,1714842,1754664,1210250,1190620,255652,288565,14759,15020,169060,187609,4996,5015,60125,67835,1264369,1251905,272986,309077,41742,47572,190279,209578,9896,9958,469627,467502,376543,375249,27139,27930,36369,33054,5822,5931,1674,1703,22080,23635,396567,396681,35211,36889,50133,47692,10240,10572,3186,3225
R,12,2024,42,4444182,2197056,2247126,1599804,1587292,284724,319257,51556,48903,172621,193470,6490,6692,81861,91512,1673825,1670009,309784,348650,92986,96967,197408,219497,12914,13057,1724590,1772066,1220302,1205220,257718,291077,14983,15318,166824,187415,4799,4971,59964,68065,1274415,1266727,274936,311567,42541,48716,187389,208883,9761,9845,472466,475060,379502,382072,27006,28180,36573,33585,5797,6055,1691,1721,21897,23447,399410,403282,34848,37083,50445,48251,10019,10614,3153,3212
R,12,2024,43,4343494,2143274,2200220,1567554,1559529,277049,312741,49777,47507,163732,185801,6360,6326,78802,88316,1638524,1639315,300899,341196,90402,94413,187213,210505,12406,12533,1688010,1737838,1201777,1187574,251298,285441,14285,14727,158127,179935,4701,4650,57822,65511,1253736,1246829,267747,305248,41497,47218,177595,200270,9344,9330,455264,462382,365777,371955,25751,27300,35492,32780,5605,5866,1659,1676,20980,22805,384788,392486,33152,35948,48905,47195,9618,10235,3062,3203
R,12,2024,44,4406198,2177622,2228576,1592411,1578280,287317,322855,51276,48543,161107,183879,6598,6526,78913,88493,1663491,1658181,311314,351040,92250,96392,184332,208086,12727,12659,1708929,1757196,1214609,1198422,261499,295163,14865,15102,155331,177930,4847,4846,57778,65733,1266521,1257705,277941,314884,42351,48495,174511,197869,9597,9505,468693,471380,377802,379858,25818,27692,36411,33441,5776,5949,1751,1680,21135,22760,396970,400476,33373,36156,49899,47897,9821,10217,3130,3154
R,12,2024,45,4219247,2081272,2137975,1524248,1515221,274062,309239,48362,46305,153800,177116,6114,6197,74686,83897,1591626,1590799,296396,336232,87893,91662,175217,199971,11754,11986,1639919,1689654,1167930,1153835,250012,282944,14027,14450,148524,171626,4577,4545,54849,62254,1217324,1209916,265272,301493,40759,46221,166317,190450,8954,8959,441353,448321,356318,361386,24050,26295,34335,31855,5276,5490,1537,1652,19837,21643,374302,380883,31124,34739,47134,45441,8900,9521,2800,3027
R,12,2024,46,4065326,2000824,2064502,1468366,1466577,261819,295364,46267,44969,147653,171749,5871,5803,70848,80040,1532191,1538764,282825,320560,84246,88672,167931,193488,11012,11219,1574524,1629034,1123186,1114878,238975,270347,13338,13805,142571,166235,4385,4225,52069,59544,1170014,1168524,253404,287840,39129,44484,159336,184179,8321,8386,426300,435468,345180,351699,22844,25017,32929,31164,5082,5514,1486,1578,18779,20496,362177,370240,29421,32720,45117,44188,8595,9309,2691,2833
R,12,2024,47,4033799,1981301,2052498,1461658,1464890,255057,290638,45854,44754,143676,167905,5598,5894,69458,78417,1524331,1535547,275482,315041,83793,88192,163229,189157,10690,11178,1561212,1619021,1119990,1112932,233487,266251,13595,14295,138737,162693,4188,4319,51215,58531,1166102,1165621,247343,283264,39493,44917,155092,180263,8100,8401,420089,433477,341668,351958,21570,24387,32259,30459,4939,5212,1410,1575,18243,19886,358229,369926,28139,31777,44300,43275,8137,8894,2590,2777
R,12,2024,48,3888840,1909089,1979751,1405112,1411705,243700,278028,44006,42493,144126,167308,5436,5445,66709,74772,1465130,1479011,262584,300989,80658,84532,162985,187344,10506,10414,1502184,1557011,1073426,1066792,222763,255003,13149,13398,139439,162150,4084,4029,49323,55639,1117676,1116761,235654,270896,38216,42918,155266,178766,8006,7874,406905,422740,331686,344913,20937,23025,30857,29095,4687,5158,1352,1416,17386,19133,347454,362250,26930,30093,42442,41614,7719,8578,2500,2540
R,12,2024,49,3879829,1904897,1974932,1403426,1409141,243454,276986,43088,42113,145775,169020,5146,5391,64008,72281,1461061,1474174,261692,298789,78938,82939,163239,188316,9637,10184,1504853,1559347,1076410,1068615,222999,254924,12924,13558,141133,164019,3907,4008,47480,54223,1119068,1117375,235538,270132,37817,42530,155650,180061,7394,7696,400044,415585,327016,340526,20455,22062,30164,28555,4642,5001,1239,1383,16528,18058,341993,356799,26154,28657,41121,40409,7589,8255,2243,2488
R,12,2024,50,3856170,1892631,1963539,1399242,1408417,239419,271808,42042,41231,144551,166240,5001,5172,62376,70671,1455345,1472102,256841,292656,77268,81769,161539,184953,9483,9614,1503422,1556295,1079979,1073821,220023,250661,12934,13370,140080,161456,3797,3815,46609,53172,1121823,1121593,232264,265321,37506,42342,154301,177094,7239,7243,389209,407244,319263,334596,19396,21147,29108,27861,4471,4784,1204,1357,15767,17499,333522,350509,24577,27335,39762,39427,7238,7859,2244,2371
R,12,2024,51,3806867,1863118,1943749,1376304,1391956,237385,270793,40245,40089,143758,167148,4894,5147,60532,68616,1430736,1453547,254047,290972,74565,79370,160381,185451,9151,9627,1490144,1550452,1069519,1067945,219125,250516,12556,13448,139556,162519,3704,3795,45684,52229,1110411,1114760,230767,264767,36949,41986,153570,177873,7071,7274,372974,393297,306785,324011,18260,20277,27689,26641,4202,4629,1190,1352,14848,16387,320325,338787,23280,26205,37616,37384,6811,7578,2080,2353
R,12,2024,52,3949726,1929608,2020118,1429439,1451761,246935,282612,41442,40372,145309,170466,4910,5099,61573,69808,1484835,1514511,263451,302848,77130,80980,161743,188535,9253,9664,1554984,1623964,1120952,1124772,228951,262171,13331,13747,141065,165815,3718,3796,46967,53663,1163057,1172859,240692,276721,39101,43574,154952,181113,7157,7405,374624,396154,308487,326989,17984,20441,28111,26625,4244,4651,1192,1303,14606,16145,321778,341652,22759,26127,38029,37406,6791,7422,2096,2259
R,12,2024,53,4128094,2017546,2110548,1518487,1540549,251486,289141,39807,40377,140183,163848,4980,4928,62603,71705,1574812,1605276,268112,309351,76735,83210,156347,181543,9386,9470,1651873,1722381,1216126,1219854,233975,269529,13575,14253,135960,159292,3753,3734,48484,55719,1259673,1270017,245934,284176,40824,46445,149748,174252,7287,7326,365673,388167,302361,320695,17511,19612,26232,26124,4223,4556,1227,1194,14119,15986,315139,335259,22178,25175,35911,36765,6599,7291,2099,2144
R,12,2024,54,4286080,2097156,2188924,1586085,1609271,260649,296786,40563,40078,140989,165054,4921,5067,63949,72668,1643748,1674659,277509,317222,79018,84089,156660,182561,9376,9788,1728660,1804454,1281363,1291171,242852,277215,13917,14639,136854,160600,3764,3883,49910,56946,1326280,1342253,255155,292294,42702,48117,150202,175342,7349,7684,368496,384470,304722,318100,17797,19571,26646,25439,4135,4454,1157,1184,14039,15722,317468,332406,22354,24928,36316,35972,6458,7219,2027,2104
R,12,2024,55,4110474,2005761,2104713,1527920,1557627,242771,278820,37732,38278,133368,157012,4686,4906,59284,68070,1581471,1618985,258000,297555,73701,80055,147959,173123,8932,9326,1655967,1736589,1237412,1252389,226171,260502,13106,14052,129544,152813,3621,3779,46113,53054,1278947,1300121,237140,274093,40044,45752,141963,166333,7050,7319,349794,368124,290508,305238,16600,18318,24626,24226,3824,4199,1065,1127,13171,15016,302524,318864,20860,23462,33657,34303,5996,6790,1882,2007
R,12,2024,56,3990402,1945388,2045014,1479634,1512136,238068,273387,37312,36613,130240,153977,4347,4781,55787,64120,1529903,1569815,252430,291030,71440,76364,143651,168742,8272,8922,1608609,1692675,1199826,1219244,222193,255800,13055,13849,126692,150012,3350,3645,43493,50125,1238927,1264215,232569,268548,38840,44301,138042,162473,6514,6972,336779,352339,279808,292892,15875,17587,24257,22764,3548,3965,997,1136,12294,13995,290976,305600,19861,22482,32600,32063,5609,6269,1758,1950
R,12,2024,57,3934330,1911424,2022906,1465741,1506525,234055,273284,35142,35618,118564,140915,4429,4586,53493,61978,1514077,1562344,247541,290533,68521,74535,130874,154504,8094,8631,1589235,1682850,1197145,1223342,219073,256160,12820,13834,115083,137160,3438,3556,41676,48798,1234682,1267203,228793,268805,38063,43942,125499,148490,6436,6802,322189,340056,268596,283183,14982,17124,22322,21784,3481,3755,991,1030,11817,13180,279395,295141,18748,21728,30458,30593,5375,6014,1658,1829
R,12,2024,58,3965918,1922662,2043256,1477921,1527392,237348,278257,34550,35062,115944,136477,4460,4659,52439,61409,1524978,1582598,250884,295113,67518,74077,127815,149613,8163,8624,1606370,1710374,1213385,1249472,222703,261753,12993,14128,112636,132881,3453,3620,41200,48520,1250265,1293019,232493,274161,38261,44457,122652,143914,6481,6798,316292,332882,264536,277920,14645,16504,21557,20934,3308,3596,1007,1039,11239,12889,274713,289579,18391,20952,29257,29620,5163,5699,1682,1826
R,12,2024,59,4112694,1990232,2122462,1534227,1591251,245602,288411,35160,35908,117251,139634,4403,4748,53589,62510,1582355,1647351,259155,305494,69268,75772,129076,153008,8193,8772,1675727,1790551,1271313,1314140,230700,271870,13803,14968,113998,136063,3446,3702,42467,49808,1309330,1358752,240690,284538,40204,46254,124055,147335,6562,6982,314505,331911,262914,277111,14902,16541,21357,20940,3253,3571,957,1046,11122,12702,273025,288599,18465,20956,29064,29518,5021,5673,1631,1790
R,12,2024,60,4260748,2052584,2208164,1597761,1674096,246491,292039,34488,35183,116262,139077,4106,4623,53476,63146,1645945,1730927,259392,308716,69295,76622,127698,151929,7766,8552,1751670,1884874,1345262,1402705,232726,276054,14041,15498,113218,135761,3227,3635,43196,51221,1384103,1448727,242393,288673,41716,48822,122986,146693,6235,6893,300914,323290,252499,271391,13765,15985,20447,19685,3044,3316,879,988,10280,11925,261842,282200,16999,20043,27579,27800,4712,5236,1531,1659
R,12,2024,61,4262292,2050293,2211999,1600509,1684685,241005,285640,33397,34110,118363,140716,3997,4484,53022,62364,1648278,1740803,253738,301898,68301,75012,129518,153378,7503,8435,1761729,1900130,1358254,1422804,227737,270373,14202,15305,115451,137456,3183,3518,42902,50674,1396792,1468313,237319,282771,41995,48251,125032,148242,6087,6773,288564,311869,242255,261881,13268,15267,19195,18805,2912,3260,814,966,10120,11690,251486,272490,16419,19127,26306,26761,4486,5136,1416,1662
R,12,2024,62,4248269,2038563,2209706,1601724,1695388,236219,282651,32088,33279,113403,132970,4065,4498,51064,60920,1647803,1750249,248285,298405,65644,73767,124205,145107,7523,8243,1762919,1909936,1369615,1442834,223859,268502,13825,15261,110589,129830,3245,3601,41786,49908,1407237,1487689,232966,280588,40910,48204,119951,140192,6174,6673,275644,299770,232109,252554,12360,14149,18263,18018,2814,3140,820,897,9278,11012,240566,262560,15319,17817,24734,25563,4254,4915,1349,1570
R,12,2024,63,4219675,2018924,2200751,1605139,1707048,228331,275914,30331,32218,101081,121988,3903,4153,50139,59430,1650351,1760558,240095,291196,63701,72091,111535,133530,7121,7804,1761210,1918146,1387999,1468818,216707,262695,13642,15308,98602,119113,3144,3305,41116,48907,1424965,1512760,225689,274454,40634,47924,107684,129016,5867,6307,257714,282605,217140,238230,11624,13219,16689,16910,2479,2875,759,848,9023,10523,225386,247798,14406,16742,23067,24167,3851,4514,1254,1497
R,12,2024,64,4250381,2026951,2223430,1606908,1720396,231770,279730,30108,32259,104934,128274,3784,4207,49447,58564,1651581,1773008,243557,294751,62944,71467,115048,139718,6999,7785,1771915,1941967,1391744,1482798,220325,266779,13490,15317,102482,125381,3069,3389,40805,48303,1428531,1526129,229367,278402,40278,47415,111307,135215,5730,6343,255036,281463,215164,237598,11445,12951,16618,16942,2452,2893,715,818,8642,10261,223050,246879,14190,16349,22666,24052,3741,4503,1269,1442
R,12,2024,65,4121127,1957705,2163422,1562103,1683237,219071,269251,28094,30265,98522,121418,3488,3858,46427,55393,1603888,1733113,229724,283398,59074,67520,108307,132113,6495,7155,1724725,1902850,1365386,1463484,208676,257016,12985,14556,96248,118764,2850,3152,38580,45878,1400030,1504662,216952,268084,38366,45235,104824,127996,5379,5884,232980,260572,196717,219753,10395,12235,15109,15709,2274,2654,638,706,7847,9515,203858,228451,12772,15314,20708,22285,3483,4117,1116,1271
R,12,2024,66,4044426,1914275,2130151,1530144,1660277,212303,262092,26072,28820,98238,121932,3349,3687,44169,53343,1569923,1708243,222569,275784,55867,64824,107164,132127,6085,6795,1696305,1882914,1346180,1451198,202260,250696,12336,14240,96121,119399,2730,3031,36678,44350,1379120,1490980,210234,261447,36788,44020,103963,128191,5043,5587,217970,247237,183964,209079,10043,11396,13736,14580,2117,2533,619,656,7491,8993,190803,217263,12335,14337,19079,20804,3201,3936,1042,1208
R,12,2024,67,4015033,1891475,2123558,1518973,1664817,205048,256636,25507,27620,95968,119508,3160,3497,42819,51480,1557505,1711159,214926,269579,54364,63052,104687,128924,5866,6453,1682434,1883468,1341799,1460856,195881,245765,12190,13807,94047,117199,2631,2830,35886,43011,1373989,1499472,203671,255972,36121,43305,101746,125363,4940,5314,209041,240090,177174,203961,9167,10871,13317,13813,1921,2309,529,667,6933,8469,183516,211687,11255,13607,18243,19747,2941,3561,926,1139
R,12,2024,68,3877163,1818401,2058762,1464847,1615121,194291,247732,23777,26148,92286,117552,2978,3358,40222,48851,1501184,1659055,203557,260185,50947,59568,100333,126634,5525,6202,1622910,1831727,1299082,1422231,185664,237267,11460,13275,90429,115242,2468,2788,33807,40924,1329568,1458944,192959,247145,34066,41126,97528,123127,4610,5202,195491,227035,165765,192890,8627,10465,12317,12873,1857,2310,510,570,6415,7927,171616,200111,10598,13040,16881,18442,2805,3507,915,1000
R,12,2024,69,3744989,1751418,1993571,1416050,1570824,182286,234083,22457,24756,89997,115044,2805,3239,37823,45625,1450118,1611711,190955,245738,48049,55891,97535,123603,5237,5961,1566119,1776465,1258843,1385969,173979,224231,10894,12506,88247,112924,2331,2629,31825,38206,1287438,1420079,180801,233424,32230,38446,94911,120417,4412,4957,185299,217106,157207,184855,8307,9852,11563,12250,1750,2120,474,610,5998,7419,162680,191632,10154,12314,15819,17445,2624,3186,825,1004
R,12,2024,70,3637388,1692462,1944926,1375603,1541198,172550,224327,20714,23399,86176,109548,2671,3116,34748,43338,1406865,1579963,180666,235327,44254,53147,93027,117572,4879,5781,1521048,1740182,1229763,1366544,164963,215161,10296,12030,84607,107555,2215,2573,29204,36319,1255967,1398905,171348,223800,29880,36872,90677,114546,4120,4844,171414,204744,145840,174654,7587,9166,10418,11369,1569,1993,456,543,5544,7019,150898,181058,9318,11527,14374,16275,2350,3026,759,937
R,12,2024,71,3440070,1592535,1847535,1304696,1475190,156080,207356,18761,21082,78682,101034,2360,2748,31956,40125,1333485,1511244,163449,217601,40677,48516,84866,108356,4385,5154,1436845,1658873,1171799,1313563,149237,198961,9485,11152,77278,99273,1965,2283,27081,33641,1196169,1343678,155052,207064,27902,34075,82802,105668,3712,4362,155690,188662,132897,161627,6843,8395,9276,9930,1404,1761,395,465,4875,6484,137316,167566,8397,10537,12775,14441,2064,2688,673,792
R,12,2024,72,3332284,1536572,1795712,1265005,1438682,145947,197932,17238,19952,76736,99167,2264,2652,29382,37327,1291417,1472186,152859,207474,37272,45653,82452,105812,4164,4944,1392051,1617634,1141209,1285574,139562,190140,8901,10701,75458,97534,1920,2203,25001,31482,1163596,1313724,145111,197753,25845,32317,80542,103353,3548,4172,144521,178078,123796,153108,6385,7792,8337,9251,1278,1633,344,449,4381,5845,127821,158462,7748,9721,11427,13336,1910,2459,616,772
R,12,2024,73,3138226,1440716,1697510,1193938,1367106,134324,185935,15667,18348,67256,88841,1979,2394,27552,34886,1218705,1398438,140689,194955,34818,42719,72366,94681,3735,4441,1306786,1532242,1078614,1224868,128636,178741,8257,9853,66104,87390,1691,1973,23484,29417,1099632,1251173,133784,185883,24447,30479,70661,92471,3209,3743,133930,165268,115324,142238,5688,7194,7410,8495,1152,1451,288,421,4068,5469,119073,147265,6905,9072,10371,12240,1705,2210,526,698
R,12,2024,74,2981439,1361084,1620355,1121471,1297406,128328,179009,14883,17490,68627,91594,1923,2246,25852,32610,1144719,1326588,134473,187646,32613,39956,73430,97319,3567,4243,1233881,1459266,1012083,1158513,122809,171999,7830,9320,67520,90162,1632,1888,22007,27384,1031788,1182927,127727,178837,22849,28180,71786,95108,3082,3594,127203,161089,109388,138893,5519,7010,7053,8170,1107,1432,291,358,3845,5226,112931,143661,6746,8809,9764,11776,1644,2211,485,649
R,12,2024,75,2856179,1297987,1558192,1078619,1258338,115859,165426,13711,15856,64375,85933,1760,2045,23663,30594,1099956,1285702,121273,173399,30113,37118,68715,91073,3351,3946,1182284,1410418,978751,1130344,111069,159119,7338,8672,63333,84585,1496,1716,20297,25982,996990,1153489,115422,165570,21360,26744,67208,89093,2901,3364,115703,147774,99868,127994,4790,6307,6373,7184,1042,1348,264,329,3366,4612,102966,132213,5851,7829,8753,10374,1507,1980,450,582
R,12,2024,76,2758748,1248855,1509893,1045113,1229522,107193,154296,12537,14843,60165,80062,1634,1994,22213,29176,1065066,1255646,112362,161961,27987,35065,64224,84964,3094,3781,1142232,1371464,952746,1109562,102828,148522,6980,8233,59223,78771,1368,1690,19087,24686,969838,1131588,107047,154659,20167,25335,62856,83036,2667,3244,106623,138429,92367,119960,4365,5774,5557,6610,942,1291,266,304,3126,4490,95228,124058,5315,7302,7820,9730,1368,1928,427,537
R,12,2024,77,2779502,1255150,1524352,1068626,1265646,96711,141191,11866,13888,54788,73224,1512,1775,21647,28628,1088241,1291448,101538,148513,27147,34131,58529,77767,2876,3432,1155210,1393608,981747,1151868,92833,135722,6622,7807,53952,72112,1295,1506,18761,24593,998731,1173968,96782,141696,19823,25195,57292,76118,2527,2989,99940,130744,86879,113778,3878,5469,5244,6081,836,1112,217,269,2886,4035,89510,117480,4756,6817,7324,8936,1237,1649,349,443
R,12,2024,78,2311208,1036121,1275087,879858,1055337,78869,117971,9834,12039,48194,64570,1312,1518,18054,23652,896237,1076641,82910,123999,22393,28380,51357,68544,2526,3056,949352,1158547,804318,953984,75419,113030,5491,6748,47488,63514,1117,1278,15519,19993,818388,971919,78668,117846,16263,20600,50301,66975,2196,2620,86769,116540,75540,101353,3450,4941,4343,5291,706,1056,195,240,2535,3659,77849,104722,4242,6153,6130,7780,1056,1569,330,436
R,12,2024,79,1917603,849880,1067723,716083,876382,68075,104248,8231,10592,41974,55675,1111,1446,14406,19380,729047,893693,71422,109400,18056,23816,44682,59003,2191,2767,772786,962222,648709,784334,65064,99879,4507,5730,41309,54734,942,1200,12255,16345,659688,798853,67721,104008,12834,16877,43684,57658,1897,2351,77094,105501,67374,92048,3011,4369,3724,4862,665,941,169,246,2151,3035,69359,94840,3701,5392,5222,6939,998,1345,294,416
R,12,2024,80,1818955,797328,1021627,675995,843838,61014,96582,7496,9710,38333,51806,974,1270,13516,18421,688169,860236,64284,101708,16701,22257,40811,54866,1952,2566,729272,925445,616410,759674,58327,92756,4191,5299,37844,50978,841,1062,11659,15676,626885,773572,60978,96905,12121,15996,40056,53653,1709,2207,68056,96182,59585,84164,2687,3826,3305,4411,489,828,133,208,1857,2745,61284,86664,3306,4803,4580,6261,755,1213,243,359
R,12,2024,81,1789394,777166,1012228,666012,848000,56419,91002,6833,9109,34502,45410,857,1125,12543,17582,677350,863749,59352,95734,15570,21258,36658,48215,1795,2324,714582,922034,611030,769053,54036,87369,3939,5032,33982,44691,738,942,10857,14947,620827,782383,56418,91186,11510,15407,35907,47110,1562,2001,62584,90194,54982,78947,2383,3633,2894,4077,520,719,119,183,1686,2635,56523,81366,2934,4548,4060,5851,751,1105,233,323
R,12,2024,82,1607168,690031,917137,589546,766030,50214,82807,5993,8139,32452,43745,745,1046,11081,15370,599517,779789,52841,87005,13578,18747,34473,46224,1530,2047,634515,834936,540726,693905,48041,79515,3490,4492,32036,43078,628,868,9594,13078,549335,705553,50199,82917,10049,13549,33841,45245,1318,1756,55516,82201,48820,72125,2173,3292,2503,3647,416,667,117,178,1487,2292,50182,74236,2642,4088,3529,5198,632,979,212,291
R,12,2024,83,1356017,573400,782617,488118,651238,42049,71777,5235,7086,27932,38174,678,897,9388,13445,496575,663231,44340,75428,11601,16386,29671,40412,1340,1769,524939,711187,445469,588334,40197,69054,3060,3988,27574,37596,585,746,8054,11469,452714,598532,42035,72001,8521,11944,29120,39532,1159,1508,48461,71430,42649,62904,1852,2723,2175,3098,358,578,93,151,1334,1976,43861,64699,2305,3427,3080,4442,551,880,181,261
R,12,2024,84,1207030,501059,705971,423910,584871,37194,65837,4667,6581,26364,35982,615,805,8309,11895,431358,595444,39250,69228,10271,14592,27967,37987,1192,1630,456717,637815,384822,524896,35484,63129,2705,3634,26018,35439,517,659,7171,10058,391233,533775,37159,65858,7496,10419,27463,37206,1029,1385,44342,68156,39088,59975,1710,2708,1962,2947,346,543,98,146,1138,1837,40125,61669,2091,3370,2775,4173,504,781,163,245
R,12,2024,85,1058103,433111,624992,367088,518960,31716,57581,3931,5728,22884,31381,459,747,7033,10595,373389,528344,33448,60527,8637,12890,24230,33181,978,1508,394687,564681,333209,465701,30187,55158,2256,3222,22594,30897,369,617,6072,9086,338627,473703,31603,57549,6302,9396,23815,32479,840,1288,38424,60311,33879,53259,1529,2423,1675,2506,290,484,90,130,961,1509,34762,54641,1845,2978,2335,3494,415,702,138,220
R,12,2024,86,966271,390106,576165,331848,480755,27624,51578,3555,5349,20289,28371,431,629,6359,9483,337556,489199,29156,54302,7825,11660,21542,29963,889,1259,356167,521401,301808,432437,26357,49404,2101,3050,20026,27966,357,503,5518,8041,306755,439544,27588,51631,5815,8403,21143,29361,763,1063,33939,54764,30040,48318,1267,2174,1454,2299,263,405,74,126,841,1442,30801,49655,1568,2671,2010,3257,399,602,126,196
R,12,2024,87,833217,330914,502303,280929,418060,23499,45355,2926,4501,17692,25537,371,564,5497,8286,285911,425392,24931,47768,6576,9925,18722,27042,752,1170,301849,454660,255085,375920,22442,43462,1739,2565,17471,25160,319,463,4793,7090,259422,382146,23610,45453,4925,7223,18405,26485,654,1006,29065,47643,25844,42140,1057,1893,1187,1936,221,377,52,101,704,1196,26489,43246,1321,2315,1651,2702,317,557,98,164
R,12,2024,88,724703,282494,442209,239967,369205,19657,39286,2507,3969,15302,22163,284,492,4777,7094,244243,375429,20888,41415,5580,8560,16285,23487,668,1016,257403,399661,217648,331526,18735,37638,1492,2240,15126,21833,239,412,4163,6012,221353,336764,19751,39399,4147,6102,16017,23003,593,869,25091,42548,22319,37679,922,1648,1015,1729,176,330,45,80,614,1082,22890,38665,1137,2016,1433,2458,268,484,75,147
R,12,2024,89,633557,241966,391591,205642,326128,16950,34911,2163,3581,12997,20072,255,413,3959,6486,209185,331867,17990,36765,4665,7775,13815,21286,569,883,220414,354125,186499,292962,16141,33493,1287,2015,12844,19739,214,340,3429,5576,189556,297874,17007,35010,3440,5650,13583,20809,494,755,21552,37466,19143,33166,809,1418,876,1566,153,333,41,73,530,910,19629,33993,983,1755,1225,2125,232,477,75,128
R,12,2024,90,538738,201886,336852,171936,281502,13866,29709,1776,3004,10765,16794,251,357,3292,5486,174889,286326,14734,31295,3823,6569,11479,17857,501,763,183968,305200,155904,253414,13220,28501,1082,1718,10641,16540,211,300,2910,4727,158502,257549,13955,29807,2876,4788,11292,17497,433,670,17918,31652,16032,28088,646,1208,694,1286,124,254,40,57,382,759,16387,28777,779,1488,947,1781,187,360,68,93
R,12,2024,91,441608,162041,279567,137935,232950,10956,24497,1434,2422,8838,14823,184,296,2694,4579,140352,236921,11608,25826,3154,5349,9447,15740,393,686,147821,253377,125277,209622,10454,23462,868,1448,8728,14615,152,254,2342,3976,127367,213058,10998,24563,2342,3988,9285,15440,339,606,14220,26190,12658,23328,502,1035,566,974,110,208,32,42,352,603,12985,23863,610,1263,812,1361,162,300,54,80
R,12,2024,92,387822,138619,249203,117985,208148,9385,21557,1201,2216,7502,12991,141,301,2405,3990,120131,211642,10028,22752,2671,4752,8041,13771,351,623,126636,226352,107285,187776,8961,20677,714,1346,7410,12804,126,255,2140,3494,109194,190825,9510,21694,2018,3572,7900,13501,318,547,11983,22851,10700,20372,424,880,487,870,92,187,15,46,265,496,10937,20817,518,1058,653,1180,141,270,33,76
R,12,2024,93,313737,109497,204240,94232,172425,6598,16284,933,1725,5761,10306,113,227,1860,3273,95889,175241,7118,17273,2043,3808,6201,10961,275,525,99985,186042,85723,156154,6292,15623,553,1036,5700,10177,94,190,1623,2862,87167,158600,6749,16450,1499,2864,6091,10766,232,452,9512,18198,8509,16271,306,661,380,689,61,129,19,37,237,411,8722,16641,369,823,544,944,110,195,43,73
R,12,2024,94,269252,91234,178018,77841,149323,5774,14425,805,1475,5211,9638,103,193,1500,2964,79182,151886,6186,15289,1706,3358,5560,10242,238,452,83235,161667,70689,134738,5493,13800,496,875,5144,9522,87,166,1326,2566,71872,136930,5836,14524,1289,2497,5463,10073,211,402,7999,16351,7152,14585,281,625,309,600,67,116,16,27,174,398,7310,14956,350,765,417,861,97,169,27,50
R,12,2024,95,205369,67034,138335,57120,116049,4188,11344,595,1084,3860,7445,71,160,1200,2253,58166,117989,4532,12058,1324,2461,4145,7912,198,369,61193,126192,51904,105230,4001,10864,370,670,3815,7321,60,141,1043,1966,52812,106906,4280,11475,994,1860,4075,7741,175,331,5841,12143,5216,10819,187,480,225,414,45,124,11,19,157,287,5354,11083,252,583,330,601,70,171,23,38
R,12,2024,96,161996,51302,110694,43729,92832,3219,8915,476,902,2912,6057,55,118,911,1870,44525,94423,3495,9512,1032,2048,3124,6455,131,303,46812,101222,39714,84449,3063,8518,290,560,2885,5972,49,99,811,1624,40424,85818,3297,9027,786,1552,3084,6325,115,260,4490,9472,4015,8383,156,397,186,342,27,85,6,19,100,246,4101,8605,198,485,246,496,40,130,16,43
R,12,2024,97,123088,37437,85651,31706,71691,2400,6959,331,726,2217,4771,45,92,738,1412,32350,72886,2627,7379,747,1630,2387,5067,111,233,34300,78607,28901,65403,2301,6675,210,460,2198,4712,38,79,652,1278,29470,66483,2491,7041,574,1281,2357,4982,95,210,3137,7044,2805,6288,99,284,121,266,19,59,7,13,86,134,2880,6403,136,338,173,349,30,85,16,23
R,12,2024,98,88759,25995,62764,21894,52324,1707,5112,229,523,1602,3628,25,88,538,1089,22371,53253,1849,5478,538,1168,1742,3853,88,205,23792,57653,19924,47762,1632,4907,152,356,1584,3582,20,78,480,968,20349,48578,1751,5227,431,915,1713,3792,73,188,2203,5111,1970,4562,75,205,77,167,18,46,5,10,58,121,2022,4675,98,251,107,253,29,61,15,17
R,12,2024,99,63815,18101,45714,14977,37806,1260,3788,178,387,1266,2789,29,53,391,891,15299,38542,1374,4103,404,914,1376,2978,81,151,16592,42037,13640,34536,1210,3633,124,268,1251,2761,25,46,342,793,13920,35190,1306,3904,314,735,1355,2924,75,128,1509,3677,1337,3270,50,155,54,119,15,28,4,7,49,98,1379,3352,68,199,90,179,21,54,6,23
R,12,2024,100,115555,30051,85504,23771,68553,2369,7907,417,901,2624,6122,66,143,804,1878,24432,70048,2669,8602,835,1961,2859,6578,189,389,27283,78804,21366,62655,2265,7591,295,668,2589,6068,53,123,715,1699,21958,64003,2529,8208,661,1622,2799,6478,159,337,2768,6700,2405,5898,104,316,122,233,35,54,13,20,89,179,2474,6045,140,394,174,339,60,100,30,52
