UNIVERSE,MONTH,YEAR,AGE,TOT_POP,TOT_MALE,TOT_FEMALE,WA_MALE,WA_FEMALE,BA_MALE,BA_FEMALE,IA_MALE,IA_FEMALE,AA_MALE,AA_FEMALE,NA_MALE,NA_FEMALE,TOM_MALE,TOM_FEMALE,WAC_MALE,WAC_FEMALE,BAC_MALE,BAC_FEMALE,IAC_MALE,IAC_FEMALE,AAC_MALE,AAC_FEMALE,NAC_MALE,NAC_FEMALE,NH_MALE,NH_FEMALE,NHWA_MALE,NHWA_FEMALE,NHBA_MALE,NHBA_FEMALE,NHIA_MALE,NHIA_FEMALE,NHAA_MALE,NHAA_FEMALE,NHNA_MALE,NHNA_FEMALE,NHTOM_MALE,NHTOM_FEMALE,NHWAC_MALE,NHWAC_FEMALE,NHBAC_MALE,NHBAC_FEMALE,NHIAC_MALE,NHIAC_FEMALE,NHAAC_MALE,NHAAC_FEMALE,NHNAC_MALE,NHNAC_FEMALE,H_MALE,H_FEMALE,HWA_MALE,HWA_FEMALE,HBA_MALE,HBA_FEMALE,HIA_MALE,HIA_FEMALE,HAA_MALE,HAA_FEMALE,HNA_MALE,HNA_FEMALE,HTOM_MALE,HTOM_FEMALE,HWAC_MALE,HWAC_FEMALE,HBAC_MALE,HBAC_FEMALE,HIAC_MALE,HIAC_FEMALE,HAAC_MALE,HAAC_FEMALE,HNAC_MALE,HNAC_FEMALE
R,7,2021,999,332099760,164443697,167656063,125400401,126115281,21690455,23413542,2196294,2150796,9844510,10617125,439573,424915,4872464,4934404,129751828,130498817,23921111,25717790,3589125,3600221,11660854,12420947,862688,850089,132550346,136538289,97584084,99025056,20081660,21762431,1193366,1224419,9509981,10284460,316691,310089,3864564,3931834,101034716,102515481,21835032,23583604,2172637,2264745,11048652,11811591,648141,644703,31893351,31117774,27816317,27090225,1608795,1651111,1002928,926377,334529,332665,122882,114826,1007900,1002570,28717112,27983336,2086079,2134186,1416488,1335476,612202,609356,214547,205386
R,7,2021,0,3572166,1827406,1744760,1257112,1195889,300560,291562,33415,32114,105233,99426,6920,6462,124166,119307,1371313,1305600,369338,357802,56579,54443,151050,143281,15438,14566,1335671,1270472,859680,812554,263268,255288,12397,11922,97671,92129,4035,3777,98620,94802,950911,900226,318714,308712,27044,26067,135529,128389,10212,9668,491735,474288,397432,383335,37292,36274,21018,20192,7562,7297,2885,2685,25546,24505,420402,405374,50624,49090,29535,28376,15521,14892,5226,4898
R,7,2021,1,3708865,1896154,1812711,1315420,1255232,300843,291620,35202,33653,113042,106397,7054,6644,124593,119165,1430023,1364829,369934,357839,58292,55814,159067,150250,15582,14732,1400493,1336588,912345,867682,265270,257362,13743,13240,105345,99106,4324,4011,99466,95187,1004333,955691,321205,311004,28485,27410,143575,135563,10587,9958,495661,476123,403075,387550,35573,34258,21459,20413,7697,7291,2730,2633,25127,23978,425690,409138,48729,46835,29807,28404,15492,14687,4995,4774
R,7,2021,2,3771032,1925868,1845164,1338582,1278828,303277,295983,35915,34540,116117,109545,7292,6850,124685,119418,1453198,1388607,372317,362281,59110,56867,162226,153468,15840,14948,1421491,1358181,927745,881675,267408,261212,14309,13834,108129,102014,4454,4205,99446,95241,1019636,969686,323190,314829,29126,28100,146452,138490,10751,10169,504377,486983,410837,397153,35869,34771,21606,20706,7988,7531,2838,2645,25239,24177,433562,418921,49127,47452,29984,28767,15774,14978,5089,4779
R,7,2021,3,3860489,1973502,1886987,1370149,1306946,310107,302374,36576,34620,122343,114680,7364,6992,126963,121375,1486857,1418503,380048,369613,60211,57286,169554,159455,16123,15272,1461634,1393775,951498,903066,274936,268279,14332,13837,114591,107213,4628,4354,101649,97026,1045406,992685,331652,322759,29475,28378,154032,144520,11121,10471,511868,493212,418651,403880,35171,34095,22244,20783,7752,7467,2736,2638,25314,24349,441451,425818,48396,46854,30736,28908,15522,14935,5002,4801
R,7,2021,4,3939654,2015994,1923660,1404791,1336826,310767,302288,35760,34691,129168,120928,7536,7137,127972,121790,1522330,1448749,380289,369190,59820,57751,177501,166099,16536,15548,1494666,1421608,974446,922851,276111,268638,15405,14773,121382,113524,4830,4490,102492,97332,1069006,1012722,332347,322787,30956,29628,161878,151184,11556,10711,521328,502052,430345,413975,34656,33650,20355,19918,7786,7404,2706,2647,25480,24458,453324,436027,47942,46403,28864,28123,15623,14915,4980,4837
R,7,2021,5,4044039,2066737,1977302,1456137,1387233,311538,305464,35400,34041,127057,119774,7409,7110,129196,123680,1574882,1500933,381509,372964,60060,57663,175626,165780,16477,15685,1532084,1463413,1011383,959729,277447,272412,15930,15328,119248,112427,4688,4496,103388,99021,1106857,1051201,334137,327132,31890,30635,159808,150852,11427,10867,534653,513889,444754,427504,34091,33052,19470,18713,7809,7347,2721,2614,25808,24659,468025,449732,47372,45832,28170,27028,15818,14928,5050,4818
R,7,2021,6,4080393,2084271,1996122,1465762,1399480,317529,309710,35152,34151,129607,121957,7349,7123,128872,123701,1584212,1513197,387368,377175,59888,57843,177864,167955,16393,15682,1550445,1480411,1021091,970254,282911,276127,16274,15603,122127,114766,4702,4535,103340,99126,1116505,1061808,339493,330839,32396,30979,162578,153257,11468,10929,533826,515711,444671,429226,34618,33583,18878,18548,7480,7191,2647,2588,25532,24575,467707,451389,47875,46336,27492,26864,15286,14698,4925,4753
R,7,2021,7,4068326,2083191,1985135,1469213,1393762,318085,309134,35401,34142,125898,119140,7048,6788,127546,122169,1586485,1506054,386739,375907,60062,57695,173870,164291,16129,15359,1552081,1476165,1026665,969994,283247,275680,16629,15900,118730,112352,4578,4394,102232,97845,1121122,1060356,338816,329845,32740,31217,158917,150068,11333,10767,531110,508970,442548,423768,34838,33454,18772,18242,7168,6788,2470,2394,25314,24324,465363,445698,47923,46062,27322,26478,14953,14223,4796,4592
R,7,2021,8,4055184,2072371,1982813,1460251,1393167,315953,307761,35065,33875,128083,120800,7067,6753,125952,120457,1575915,1503710,383300,372998,59550,57404,175848,165783,16236,15323,1545158,1474075,1019536,968235,282140,275055,16784,16038,121147,114000,4644,4371,100907,96376,1112620,1057084,336601,327843,32784,31395,161193,151605,11454,10694,527213,508738,440715,424932,33813,32706,18281,17837,6936,6800,2423,2382,25045,24081,463295,446626,46699,45155,26766,26009,14655,14178,4782,4629
R,7,2021,9,4062356,2079213,1983143,1471844,1399896,317031,307014,36144,34794,123011,116365,6817,6564,124366,118510,1586030,1508680,383751,371028,60701,58234,169688,160461,15790,15090,1546404,1470787,1026051,970913,283554,274973,16850,16175,116219,109824,4411,4236,99319,94666,1117660,1058222,337356,326689,32835,31447,155271,146645,11059,10535,532809,512356,445793,428983,33477,32041,19294,18619,6792,6541,2406,2328,25047,23844,468370,450458,46395,44339,27866,26787,14417,13816,4731,4555
R,7,2021,10,4107217,2106897,2000320,1500543,1420078,319386,308559,34673,33382,120708,113776,6746,6405,124841,118120,1615254,1528511,386198,372211,59586,57161,167385,157546,15790,14869,1560089,1476187,1037804,977333,287353,277244,17147,16222,114053,107436,4378,4140,99354,93812,1129500,1063840,341162,328382,33324,31639,152935,143850,11046,10354,546808,524133,462739,442745,32033,31315,17526,17160,6655,6340,2368,2265,25487,24308,485754,464671,45036,43829,26262,25522,14450,13696,4744,4515
R,7,2021,11,4193423,2147874,2045549,1538679,1459410,324293,313063,34233,33096,119381,113623,6484,6306,124804,120051,1653640,1569739,391266,378083,59353,57586,165379,157357,15317,14745,1584788,1506313,1058497,999594,292793,282809,17319,16990,112972,107581,4359,4201,98848,95138,1149946,1087389,346534,334882,33432,32884,151190,143985,10879,10376,563086,539236,480182,459816,31500,30254,16914,16106,6409,6042,2125,2105,25956,24913,503694,482350,44732,43201,25921,24702,14189,13372,4438,4369
R,7,2021,12,4283303,2193043,2090260,1577116,1496221,333313,322817,34544,33197,118328,113459,6537,6490,123205,118076,1690325,1604870,399585,387054,59527,56711,163336,156128,15177,14798,1621543,1543784,1088003,1028721,301727,292222,17886,17304,111860,107384,4406,4392,97661,93761,1178114,1115376,355065,344072,33927,32366,149329,143010,10788,10532,571500,546476,489113,467500,31586,30595,16658,15893,6468,6075,2131,2098,25544,24315,512211,489494,44520,42982,25600,24345,14007,13118,4389,4266
R,7,2021,13,4446559,2277536,2169023,1641239,1555369,345943,335315,36205,34558,123253,117897,6800,6548,124096,119336,1755177,1664928,412630,400535,61266,58661,168528,160717,15742,14810,1682962,1602832,1130567,1069944,313477,304021,18693,18063,116894,111759,4632,4349,98699,94696,1221531,1157190,367447,356718,34869,33470,154703,147418,11222,10461,594574,566191,510672,485425,32466,31294,17512,16495,6359,6138,2168,2199,25397,24640,533646,507738,45183,43817,26397,25191,13825,13299,4520,4349
R,7,2021,14,4436807,2272993,2163814,1645137,1560617,344120,331693,36525,34579,121088,115066,6703,6585,119420,115274,1754810,1666252,407990,394009,61088,58376,164692,156509,15330,14879,1682630,1599916,1137672,1075611,312314,301248,18568,18082,114629,109097,4593,4415,94854,91463,1225155,1159713,363880,351698,34444,33325,150926,143671,10983,10530,590363,563898,507465,485006,31806,30445,17957,16497,6459,5969,2110,2170,24566,23811,529655,506539,44110,42311,26644,25051,13766,12838,4347,4349
R,7,2021,15,4359523,2230384,2129139,1625715,1542690,330626,322796,35343,33861,118664,114736,6546,6329,113490,108727,1729870,1642426,390461,380700,59196,56611,160484,154321,14724,14117,1657433,1580723,1131022,1069501,300618,293574,18298,17759,112550,109117,4459,4293,90486,86479,1214337,1149102,349184,340603,33747,32411,147629,142159,10550,10032,572951,548416,494693,473189,30008,29222,17045,16102,6114,5619,2087,2036,23004,22248,515533,493324,41277,40097,25449,24200,12855,12162,4174,4085
R,7,2021,16,4313684,2206047,2107637,1613793,1531100,323857,314392,34682,33616,119252,117833,6525,6300,107938,104396,1712590,1626478,380023,369236,58000,55986,159317,156117,14335,13806,1647702,1574606,1130774,1070250,294859,286479,18087,17591,113433,112344,4483,4410,86066,83532,1209842,1146793,340393,331184,33206,32098,147123,144628,10299,10058,558345,533031,483019,460850,28998,27913,16595,16025,5819,5489,2042,1890,21872,20864,502748,479685,39630,38052,24794,23888,12194,11489,4036,3748
R,7,2021,17,4336364,2216338,2120026,1629060,1546026,321567,313488,33966,32999,120963,120116,6338,6046,104444,101351,1724700,1638752,375157,366080,56837,55234,159959,157520,13999,13452,1668724,1594343,1153981,1090264,293497,286563,18007,17383,115233,114730,4445,4208,83561,81195,1230782,1164746,337079,329447,33065,32160,148084,146255,10199,9723,547614,525683,475079,455762,28070,26925,15959,15616,5730,5386,1893,1838,20883,20156,493918,474006,38078,36633,23772,23074,11875,11265,3800,3729
R,7,2021,18,4296058,2194934,2101124,1615896,1533917,317645,311225,33574,32149,122178,121214,6292,6046,99349,96573,1706569,1622178,368367,360540,56020,54102,159092,157018,13776,13081,1657757,1585071,1149315,1085321,290098,285255,17628,17024,116640,115867,4411,4254,79665,77350,1222261,1156266,331422,325442,32501,31601,147825,146015,10042,9609,537177,516053,466581,448596,27547,25970,15946,15125,5538,5347,1881,1792,19684,19223,484308,465912,36945,35098,23519,22501,11267,11003,3734,3472
R,7,2021,19,4277402,2184372,2093030,1606725,1526852,321641,315465,33422,31669,121019,119538,6072,5882,95493,93624,1693844,1611978,370122,363607,55619,53798,156271,153552,13209,12891,1654978,1586791,1146307,1086368,294552,289682,17803,17101,115669,114449,4299,4122,76348,75069,1216174,1154889,334049,328962,32421,31890,145327,143091,9745,9469,529394,506239,460418,440484,27089,25783,15619,14568,5350,5089,1773,1760,19145,18555,477670,457089,36073,34645,23198,21908,10944,10461,3464,3422
R,7,2021,20,4353987,2222762,2131225,1631147,1552643,329572,323752,33262,31963,127263,124737,6015,5929,95503,92201,1717942,1636506,377767,370670,56016,53906,162612,158440,13224,12961,1694724,1626565,1171315,1112836,302718,298399,18016,17468,121969,119769,4318,4110,76388,73983,1240853,1180332,341845,336750,33283,32240,151870,148278,9784,9452,528038,504660,459832,439807,26854,25353,15246,14495,5294,4968,1697,1819,19115,18218,477089,456174,35922,33920,22733,21666,10742,10162,3440,3509
R,7,2021,21,4353671,2221979,2131692,1629708,1550422,334196,328770,33743,32224,125633,124034,6170,5830,92529,90412,1713880,1632225,380850,375140,56658,54529,159090,156488,13164,12705,1700039,1633539,1174673,1116571,307837,303481,18484,17720,120426,119089,4421,4149,74198,72529,1242304,1182352,345810,341280,33947,32885,148820,146454,9796,9389,521940,498153,455035,433851,26359,25289,15259,14504,5207,4945,1749,1681,18331,17883,471576,449873,35040,33860,22711,21644,10270,10034,3368,3316
R,7,2021,22,4284186,2184758,2099428,1605523,1530386,326255,321846,32598,31694,124345,122579,6103,5649,89934,87274,1687130,1609359,371267,366232,55120,53815,156838,153646,13265,12379,1678814,1614309,1164338,1107671,300638,297253,18049,17560,119194,117685,4346,4051,72249,70089,1230038,1171210,337382,333618,33501,32804,146675,143767,9864,9233,505944,485119,441185,422715,25617,24593,14549,14134,5151,4894,1757,1598,17685,17185,457092,438149,33885,32614,21619,21011,10163,9879,3401,3146
R,7,2021,23,4275374,2178242,2097132,1596136,1523696,327176,322914,32484,31707,129689,128387,6084,5735,86673,84693,1674508,1600408,370259,365550,54694,53500,160774,158398,12858,12205,1679822,1619644,1160960,1107002,302269,298984,17859,17740,124700,123545,4416,4118,69618,68255,1224019,1168963,337472,333899,33094,32891,151014,148946,9681,9114,498420,477488,435176,416694,24907,23930,14625,13967,4989,4842,1668,1617,17055,16438,450489,431445,32787,31651,21600,20609,9760,9452,3177,3091
R,7,2021,24,4283297,2178927,2104370,1594702,1528125,325554,322305,32249,31150,136305,134446,6121,5683,83996,82661,1670681,1602608,366583,363357,54506,53202,166644,163812,12774,12231,1684546,1631141,1163158,1114790,300972,298961,17685,17356,131349,129688,4430,4120,66952,66226,1223868,1174510,334058,332361,32892,32618,156980,154519,9550,9184,494381,473229,431544,413335,24582,23344,14564,13794,4956,4758,1691,1563,17044,16435,446813,428098,32525,30996,21614,20584,9664,9293,3224,3047
R,7,2021,25,4312592,2195269,2117323,1607060,1536341,324845,323096,32223,30892,142580,140903,6281,5932,82280,80159,1681354,1608536,364368,362241,54667,52860,172399,169719,12872,12429,1703527,1645807,1177084,1123915,300684,300022,17808,17214,137750,136107,4546,4277,65655,64272,1236453,1181886,332603,331791,33199,32472,163034,160503,9679,9392,491742,471516,429976,412426,24161,23074,14415,13678,4830,4796,1735,1655,16625,15887,444901,426650,31765,30450,21468,20388,9365,9216,3193,3037
R,7,2021,26,4390897,2233243,2157654,1627445,1558341,340309,337290,32574,31576,146115,145549,6463,6262,80337,78636,1699424,1628630,378293,375516,55335,53637,175298,173776,13255,12861,1738298,1683044,1194354,1143314,315696,313586,18230,17661,141141,140812,4719,4559,64158,63112,1251823,1199782,346288,344544,34110,33232,165995,164732,10008,9766,494945,474610,433091,415027,24613,23704,14344,13915,4974,4737,1744,1703,16179,15524,447601,428848,32005,30972,21225,20405,9303,9044,3247,3095
R,7,2021,27,4484823,2280491,2204332,1654142,1582756,356951,353310,33193,32463,151565,151680,6502,6440,78138,77683,1723775,1651907,392977,390285,56097,55175,180304,179595,13403,13093,1779686,1725956,1215168,1164390,331922,329253,18876,18366,146745,146879,4791,4745,62184,62323,1270551,1219863,360791,359191,34866,34490,171142,170575,10193,9964,500805,478376,438974,418366,25029,24057,14317,14097,4820,4801,1711,1695,15954,15360,453224,432044,32186,31094,21231,20685,9162,9020,3210,3129
R,7,2021,28,4557973,2315711,2242262,1675950,1605919,368439,363252,34489,33255,155119,158480,6737,6500,74977,74856,1742531,1672301,402247,398093,57071,55897,182994,185575,13439,13087,1811421,1763152,1233989,1186518,342853,339190,19565,19137,150372,153647,4918,4777,59724,59883,1287024,1239615,369791,367105,35369,35192,174228,176784,10233,9963,504290,479110,441961,419401,25586,24062,14924,14118,4747,4833,1819,1723,15253,14973,455507,432686,32456,30988,21702,20705,8766,8791,3206,3124
R,7,2021,29,4663126,2361918,2301208,1711369,1646850,373308,372725,35754,33871,161121,166737,6989,6639,73377,74386,1776103,1712333,405046,406346,58598,56422,188920,194692,13821,13467,1850994,1817112,1264052,1224093,347311,347327,20306,19720,156239,161717,5028,4902,58058,59353,1315209,1276353,372146,374021,36314,35714,180030,185573,10456,10215,510924,484096,447317,422757,25997,25398,15448,14151,4882,5020,1961,1737,15319,15033,460894,435980,32900,32325,22284,20708,8890,9119,3365,3252
R,7,2021,30,4733587,2392104,2341483,1734925,1674201,375133,378877,35619,33232,168861,175745,7639,7053,69927,72375,1795708,1737260,404690,411439,57420,55047,196534,203786,14670,14056,1884379,1866242,1292037,1261100,348318,352609,20027,19445,163632,170383,5556,5255,54809,57450,1339486,1311029,371087,378252,35090,34771,187305,194270,11103,10848,507725,475241,442888,413101,26815,26268,15592,13787,5229,5362,2083,1798,15118,14925,456222,426231,33603,33187,22330,20276,9229,9516,3567,3208
R,7,2021,31,4748277,2396962,2351315,1746076,1684365,369527,377555,35285,32587,172823,181035,7826,7196,65425,68577,1803115,1744220,396460,407720,55601,53685,199199,207563,14415,13793,1890362,1882982,1303524,1277284,342976,351154,19528,19132,167568,175828,5611,5391,51155,54193,1347922,1324411,363526,374614,33545,33862,190162,198562,10827,10661,506600,468333,442552,407081,26551,26401,15757,13455,5255,5207,2215,1805,14270,14384,455193,419809,32934,33106,22056,19823,9037,9001,3588,3132
R,7,2021,32,4615311,2331709,2283602,1706154,1637374,348767,359915,34138,30990,173952,184305,7648,6888,61050,64130,1759345,1693190,373437,387648,53508,50645,198518,209650,13797,13158,1842532,1835907,1278731,1247837,323288,334646,18596,18115,168936,179154,5625,5203,47356,50952,1319824,1291995,341726,356278,31747,31965,190006,201004,10552,10228,489177,447695,427423,389537,25479,25269,15542,12875,5016,5151,2023,1685,13694,13178,439521,401195,31711,31370,21761,18680,8512,8646,3245,2930
R,7,2021,33,4535004,2290394,2244610,1692002,1623962,328600,341278,33725,30480,170392,181016,7669,6843,58006,61031,1742339,1677151,351386,367420,52061,49322,194262,205209,13767,12884,1799758,1800359,1262042,1236969,304056,316566,17997,17502,165544,176167,5544,5168,44575,47987,1300535,1278691,320831,336521,30203,30600,185995,196938,10370,10035,490636,444251,429960,386993,24544,24712,15728,12978,4848,4849,2125,1675,13431,13044,441804,398460,30555,30899,21858,18722,8267,8271,3397,2849
R,7,2021,34,4485596,2269855,2215741,1689387,1610908,316966,330767,32811,29599,168374,178686,7573,6783,54744,58998,1736947,1662341,338451,355726,50534,48300,190722,202009,13226,12541,1782975,1774990,1261589,1226455,293184,306559,17415,16940,163518,173963,5433,5029,41836,46044,1297679,1266427,308800,325451,29212,29829,182693,194008,9986,9631,486880,440751,427798,384453,23782,24208,15396,12659,4856,4723,2140,1754,12908,12954,439268,395914,29651,30275,21322,18471,8029,8001,3240,2910
R,7,2021,35,4496090,2277047,2219043,1704449,1621857,309968,325582,32560,29506,168976,178980,7700,6862,53394,56256,1750768,1670581,330364,348922,50100,47815,190796,201270,13436,12561,1785172,1778105,1271977,1236546,286103,301486,16749,16636,164143,174363,5501,5193,40699,43881,1307078,1274357,300789,319118,28418,29418,182802,193431,10091,9790,491875,440938,432472,385311,23865,24096,15811,12870,4833,4617,2199,1669,12695,12375,443690,396224,29575,29804,21682,18397,7994,7839,3345,2771
R,7,2021,36,4493221,2272383,2220838,1707444,1626399,305649,322324,31832,29266,168527,180762,7593,6752,51338,55335,1751945,1674392,324908,344574,49079,47579,189511,203023,13193,12419,1781655,1780118,1275288,1241025,282417,298386,16293,16494,163752,176218,5367,5107,38538,42888,1308416,1278022,295966,314813,27596,29225,181608,195341,9811,9666,490728,440720,432156,385374,23232,23938,15539,12772,4775,4544,2226,1645,12800,12447,443529,396370,28942,29761,21483,18354,7903,7682,3382,2753
R,7,2021,37,4400124,2221588,2178536,1671443,1595765,293418,313299,31464,28811,168634,180514,7315,6586,49314,53561,1714136,1642145,311712,334248,48290,46900,188920,202355,12665,12222,1742020,1742996,1248849,1214388,270947,290196,16061,16084,163836,176136,5227,4907,37100,41285,1280728,1249952,283824,305521,27154,28596,181109,194761,9466,9423,479568,435540,422594,381377,22471,23103,15403,12727,4798,4378,2088,1679,12214,12276,433408,392193,27888,28727,21136,18304,7811,7594,3199,2799
R,7,2021,38,4465986,2253182,2212804,1701015,1624014,296078,317898,32065,29348,166913,181067,7396,6807,49715,53670,1744102,1670318,314312,338801,49119,47875,187271,202712,12812,12485,1766011,1768680,1271126,1235687,273596,293760,16214,16286,162184,176548,5311,5104,37580,41295,1303423,1271101,286439,309027,27643,29078,179507,195057,9623,9652,487171,444124,429889,388327,22482,24138,15851,13062,4729,4519,2085,1703,12135,12375,440679,399217,27873,29774,21476,18797,7764,7655,3189,2833
R,7,2021,39,4458805,2247118,2211687,1700737,1625843,294421,318136,31519,28656,164696,180042,7425,6705,48320,52305,1742555,1670889,312053,338757,48563,46981,184208,200842,12760,12225,1760935,1765075,1271768,1234382,271858,294372,15929,15621,159963,175394,5305,4947,36112,40359,1302738,1268938,284168,309512,27188,28395,176402,193140,9536,9390,486183,446612,428969,391461,22563,23764,15590,13035,4733,4648,2120,1758,12208,11946,439817,401951,27885,29245,21375,18586,7806,7702,3224,2835
R,7,2021,40,4394403,2212861,2181542,1681797,1607939,290128,314973,30523,28488,155782,172736,7177,6256,47454,51150,1722652,1652113,307448,335234,47415,46458,174915,192777,12448,11662,1736288,1741811,1260802,1222596,268376,291474,15298,15749,151039,168204,5106,4587,35667,39201,1291260,1256205,280516,306171,26573,28196,167283,185324,9289,8977,476573,439731,420995,385343,21752,23499,15225,12739,4743,4532,2071,1669,11787,11949,431392,395908,26932,29063,20842,18262,7632,7453,3159,2685
R,7,2021,41,4374189,2200837,2173352,1669261,1597252,294345,320150,30752,28294,153071,170779,7150,6471,46258,50406,1709171,1640623,311181,340082,47772,46332,171407,190464,12343,11882,1720286,1734072,1245164,1212009,272220,296754,15342,15641,148364,166299,4973,4834,34223,38535,1274424,1244882,283800,311169,26591,28214,163681,183010,9094,9189,480551,439280,424097,385243,22125,23396,15410,12653,4707,4480,2177,1637,12035,11871,434747,395741,27381,28913,21181,18118,7726,7454,3249,2693
R,7,2021,42,4195069,2104439,2090630,1599700,1537836,278291,306876,28912,26692,147793,165944,6400,5957,43343,47325,1637049,1578534,293980,325327,44757,43755,164994,184472,11287,10942,1655718,1671535,1203006,1170642,257709,284369,14729,14546,143529,161691,4509,4385,32236,35902,1230501,1201273,268515,297470,25212,26322,158079,177428,8395,8408,448721,419095,396694,367194,20582,22507,14183,12146,4264,4253,1891,1572,11107,11423,406548,377261,25465,27857,19545,17433,6915,7044,2892,2534
R,7,2021,43,4100789,2055446,2045343,1570376,1511647,267243,295326,27975,26485,142236,160812,6142,5613,41474,45460,1605966,1550542,282039,312874,43361,43248,158836,178671,10582,10339,1611282,1629259,1176619,1146020,247443,273734,14138,14427,138060,156487,4386,4168,30636,34423,1202591,1175199,257555,286144,24314,26027,151986,171672,7900,7988,444164,416084,393757,365627,19800,21592,13837,12058,4176,4325,1756,1445,10838,11037,403375,375343,24484,26730,19047,17221,6850,6999,2682,2351
R,7,2021,44,4048871,2023839,2025032,1547493,1496695,261710,291946,27898,26089,141016,160708,5992,5638,39730,43956,1581716,1534189,275764,308710,42928,42546,156707,177998,10359,10351,1588332,1611004,1161050,1131865,242709,270681,14318,14563,136712,156497,4225,4129,29318,33269,1185991,1159977,252154,282509,24402,26039,149858,171081,7661,7897,435507,414028,386443,364830,19001,21265,13580,11526,4304,4211,1767,1509,10412,10687,395725,374212,23610,26201,18526,16507,6849,6917,2698,2454
R,7,2021,45,3910397,1954812,1955585,1492456,1446367,250615,279141,26858,25029,141314,158739,5567,5313,38002,40996,1525178,1481256,263636,294579,41388,40648,156516,174940,9793,9641,1530776,1550382,1115470,1088531,232373,258605,13622,13656,137271,154585,4007,3895,28033,31110,1139325,1114742,241029,269497,23348,24607,150090,168319,7359,7390,424036,405203,376986,357836,18242,20536,13236,11373,4043,4154,1560,1418,9969,9886,385853,366514,22607,25082,18040,16041,6426,6621,2434,2251
R,7,2021,46,3952991,1974508,1978483,1511928,1467771,251835,281638,26461,25100,142967,159483,5704,5089,35613,39402,1542236,1501235,263982,296176,40414,40234,157178,175161,9711,9183,1556173,1577853,1138231,1112304,234564,262321,13487,13862,138998,155508,4147,3781,26746,30077,1160715,1137556,242928,272539,23002,24509,151139,168981,7384,7100,418335,400630,373697,355467,17271,19317,12974,11238,3969,3975,1557,1308,8867,9325,381521,363679,21054,23637,17412,15725,6039,6180,2327,2083
R,7,2021,47,3877281,1934856,1942425,1482595,1441934,245267,275743,26018,24386,141613,157490,5234,5024,34129,37848,1511631,1473890,256757,289649,39502,39143,155287,172504,9100,9050,1531699,1552340,1121557,1094814,229051,257205,13292,13631,138007,153740,3856,3733,25936,29217,1143386,1119191,236990,267181,22679,24229,149776,166688,7014,7009,403157,390085,361038,347120,16216,18538,12726,10755,3606,3750,1378,1291,8193,8631,368245,354699,19767,22468,16823,14914,5511,5816,2086,2041
R,7,2021,48,3929721,1958751,1970970,1500765,1463500,251935,282909,25611,24730,141354,157631,5225,4930,33861,37270,1529501,1494927,262998,296450,39175,39540,155010,172442,9012,8829,1563320,1585817,1146339,1120643,236089,264781,13380,13940,137761,153835,3885,3703,25866,28915,1168036,1144735,243740,274549,22907,24740,149612,166616,6978,6891,395431,385153,354426,342857,15846,18128,12231,10790,3593,3796,1340,1227,7995,8355,361465,350192,19258,21901,16268,14800,5398,5826,2034,1938
R,7,2021,49,4120360,2057453,2062907,1589782,1545770,261811,292840,26177,24820,140675,157177,5169,4921,33839,37379,1618371,1577259,272669,306053,40218,40187,154073,171785,8986,8918,1664369,1680896,1237151,1205239,246219,275044,13989,14252,137022,153554,3849,3675,26139,29132,1258948,1229491,253895,284557,24111,25557,148640,166270,6966,6962,393084,382011,352631,340531,15592,17796,12188,10568,3653,3623,1320,1246,7700,8247,359423,347768,18774,21496,16107,14630,5433,5515,2020,1956
R,7,2021,50,4366493,2185798,2180695,1707799,1652712,273065,305565,26701,25718,138129,153348,5218,5018,34886,38334,1737379,1685016,284140,318986,41502,41792,151727,168002,9248,9275,1793451,1800800,1355836,1314511,257474,287728,14681,14873,134431,149725,3871,3778,27158,30185,1378620,1339679,265283,297507,25528,26981,146241,162414,7174,7314,392347,379895,351963,338201,15591,17837,12020,10845,3698,3623,1347,1240,7728,8149,358759,345337,18857,21479,15974,14811,5486,5588,2074,1961
R,7,2021,51,4297086,2149751,2147335,1683540,1634961,266964,295587,26121,24941,134236,150308,5246,5062,33644,36476,1711952,1665447,277630,308223,40593,40653,147071,164256,9276,9233,1767919,1782392,1341439,1309587,251610,278737,14177,14798,130688,146691,3944,3869,26061,28710,1363177,1333338,259119,287995,24759,26617,141773,158684,7290,7325,381832,364943,342101,325374,15354,16850,11944,10143,3548,3617,1302,1193,7583,7766,348775,332109,18511,20228,15834,14036,5298,5572,1986,1908
R,7,2021,52,4136034,2065799,2070235,1625835,1585335,250705,278969,25069,23864,128064,143461,4802,4809,31324,33797,1652392,1613659,260203,290317,39013,38942,139956,156118,8403,8566,1705822,1724400,1302723,1276967,236378,262921,14042,14196,124827,140090,3623,3647,24229,26579,1323055,1299019,242904,271056,24304,25617,135140,151078,6592,6766,359977,345835,323112,308368,14327,16048,11027,9668,3237,3371,1179,1162,7095,7218,329337,314640,17299,19261,14709,13325,4816,5040,1811,1800
R,7,2021,53,4047061,2017840,2029221,1587233,1551827,250817,279938,24300,23294,121520,137335,4668,4678,29302,32149,1611846,1578518,259643,290682,37647,37848,132603,149271,8076,8537,1667475,1692172,1272864,1250707,236528,264290,13513,14155,118432,134208,3484,3556,22654,25256,1291616,1271401,242584,271979,23444,25270,128015,144519,6335,6789,350365,337049,314369,301120,14289,15648,10787,9139,3088,3127,1184,1122,6648,6893,320230,307117,17059,18703,14203,12578,4588,4752,1741,1748
R,7,2021,54,4061400,2017179,2044221,1598716,1577039,248713,280492,23660,23309,113010,127514,4711,4633,28369,31234,1622567,1603001,257138,291143,36904,37776,123483,138603,8111,8283,1681394,1717724,1296866,1285455,235274,265210,13592,14457,109998,124524,3560,3529,22104,24549,1315208,1305597,241069,272863,23535,25513,119074,134109,6444,6608,335785,326497,301850,291584,13439,15282,10068,8852,3012,2990,1151,1104,6265,6685,307359,297404,16069,18280,13369,12263,4409,4494,1667,1675
R,7,2021,55,4121519,2044332,2077187,1617192,1600735,256348,289050,24047,23607,114085,128317,4595,4559,28065,30919,1640479,1626369,264739,299242,37480,38381,124216,139287,8027,8213,1713018,1755545,1319763,1313564,242635,274015,13985,14822,111212,125262,3526,3565,21897,24317,1337647,1333476,248380,281288,24261,26243,119951,134681,6421,6622,331314,321642,297429,287171,13713,15035,10062,8785,2873,3055,1069,994,6168,6602,302832,292893,16359,17954,13219,12138,4265,4606,1606,1591
R,7,2021,56,4280827,2112563,2168264,1679028,1681782,262495,297371,24450,24469,113404,128225,4739,4760,28447,31657,1702756,1707932,270710,307747,38302,39890,123657,139171,8247,8526,1787208,1848628,1386811,1396195,249202,282454,14668,15865,110543,125256,3696,3750,22288,25108,1405136,1416673,254868,289941,25209,27971,119463,134692,6635,6920,325355,319636,292217,285587,13293,14917,9782,8604,2861,2969,1043,1010,6159,6549,297620,291259,15842,17806,13093,11919,4194,4479,1612,1606
R,7,2021,57,4383119,2160321,2222798,1727721,1734599,261136,296528,24307,24538,114235,130913,4458,4621,28464,31599,1751412,1760696,269200,306359,38578,40364,124331,141897,7974,8407,1848588,1912128,1447977,1457236,248125,281892,14919,15934,111533,128141,3482,3635,22552,25290,1466515,1477816,253740,288993,26043,28573,120307,137673,6443,6836,311733,310670,279744,277363,13011,14636,9388,8604,2702,2772,976,986,5912,6309,284897,282880,15460,17366,12535,11791,4024,4224,1531,1571
R,7,2021,58,4384912,2154982,2229930,1727860,1747287,256438,292393,23863,24144,114582,130334,4276,4492,27963,31280,1751167,1772988,264090,302234,37931,40026,124548,140949,7636,8186,1858964,1931693,1461922,1481016,244270,278663,14910,15884,111955,127512,3365,3575,22542,25043,1480517,1501330,249658,285759,26092,28580,120713,136698,6262,6702,296018,298237,265938,266271,12168,13730,8953,8260,2627,2822,911,917,5421,6237,270650,271658,14432,16475,11839,11446,3835,4251,1374,1484
R,7,2021,59,4398911,2158284,2240627,1744160,1769944,253215,290675,23377,24095,105526,120548,4391,4475,27615,30890,1767270,1795297,260591,300365,37409,40059,115332,130924,7788,8157,1872540,1952622,1487323,1512477,241498,277742,14826,16043,103073,117869,3535,3566,22285,24925,1505793,1532699,246684,284774,26045,28967,111657,126879,6427,6674,285744,288005,256837,257467,11717,12933,8551,8052,2453,2679,856,909,5330,5965,261477,262598,13907,15591,11364,11092,3675,4045,1361,1483
R,7,2021,60,4389132,2148246,2240886,1744737,1777712,248434,287328,22593,23699,101104,117978,4180,4223,27198,29946,1767407,1802271,255632,296407,36694,39547,110697,127982,7454,7784,1879385,1966779,1503298,1532556,237462,274818,14505,16270,98699,115401,3350,3415,22071,24319,1521479,1552258,242570,281501,25840,29179,107129,124087,6129,6419,268861,274107,241439,245156,10972,12510,8088,7429,2405,2577,830,808,5127,5627,245928,250013,13062,14906,10854,10368,3568,3895,1325,1365
R,7,2021,61,4309695,2105731,2203964,1702520,1740303,246957,285738,22398,23288,103113,120976,4132,4160,26611,29499,1724800,1764363,253915,294942,36205,38871,112511,130734,7339,7659,1843349,1936845,1466944,1501536,236103,273545,14483,16025,100799,118462,3328,3362,21692,23915,1484920,1520778,241058,280329,25641,28718,109108,126895,6056,6321,262382,267119,235576,238767,10854,12193,7915,7263,2314,2514,804,798,4919,5584,239880,243585,12857,14613,10564,10153,3403,3839,1283,1338
R,7,2021,62,4226551,2055595,2170956,1672333,1724994,236283,276989,20737,22159,97239,115189,3863,3852,25140,27773,1693292,1747868,242789,285288,34051,37264,106030,124194,6753,7006,1815508,1921596,1456646,1501835,226350,265577,13646,15346,95101,112866,3138,3160,20627,22812,1473718,1520438,231014,271709,24526,27852,102841,120755,5599,5878,240087,249360,215687,223159,9933,11412,7091,6813,2138,2323,725,692,4513,4961,219574,227430,11775,13579,9525,9412,3189,3439,1154,1128
R,7,2021,63,4187332,2030525,2156807,1658813,1722944,226680,266717,19823,21463,97220,115018,3642,3771,24347,26894,1679095,1744950,232966,274823,32821,36222,105653,123697,6466,6780,1806346,1919694,1457528,1510631,217201,255813,13316,15139,95237,112927,2973,3073,20091,22111,1474112,1528542,221729,261841,24050,27340,102743,120504,5375,5655,224179,237113,201285,212313,9479,10904,6507,6324,1983,2091,669,698,4256,4783,204983,216408,11237,12982,8771,8882,2910,3193,1091,1125
R,7,2021,64,4108582,1983896,2124686,1626233,1700058,218444,263110,19457,20724,92920,111225,3554,3569,23288,26000,1645576,1721410,224530,270866,32160,35462,100789,119152,6214,6549,1770366,1895936,1434614,1495159,209499,252592,12954,14619,91045,109212,2936,2921,19318,21433,1450502,1512546,213934,258353,23488,26941,98080,116121,5246,5470,213530,228750,191619,204899,8945,10518,6503,6105,1875,2013,618,648,3970,4567,195074,208864,10596,12513,8672,8521,2709,3031,968,1079
R,7,2021,65,3924656,1882958,2041698,1544385,1633290,204550,250300,18099,19867,90754,109926,3185,3430,21985,24885,1562737,1653647,210191,257718,30049,33950,98097,117655,5756,6199,1682777,1823755,1364829,1438029,196156,240320,12043,14225,88975,107873,2617,2867,18157,20441,1379840,1454569,200187,245767,21910,25992,95505,114591,4836,5220,200181,217943,179556,195261,8394,9980,6056,5642,1779,2053,568,563,3828,4444,182897,199078,10004,11951,8139,7958,2592,3064,920,979
R,7,2021,66,3829793,1829584,2000209,1506212,1606139,194272,239757,17210,18695,87879,108734,3020,3327,20991,23557,1523561,1625353,199683,246774,28849,31896,94852,116116,5496,6039,1640143,1791272,1335639,1418096,186348,230611,11791,13473,86246,106881,2514,2755,17605,19456,1350058,1433728,190328,235825,21602,24523,92490,113372,4669,5097,189441,208937,170573,188043,7924,9146,5419,5222,1633,1853,506,572,3386,4101,173503,191625,9355,10949,7247,7373,2362,2744,827,942
R,7,2021,67,3690726,1753352,1937374,1453648,1565003,179082,227125,15753,17547,82837,102672,2766,3106,19266,21921,1469765,1582843,183949,233621,26718,30205,89035,109239,4874,5655,1581358,1743577,1298584,1390308,171762,218745,10984,12789,81458,100954,2328,2569,16242,18212,1312062,1404939,175310,223583,20328,23478,87007,106742,4190,4792,171994,193797,155064,174695,7320,8380,4769,4758,1379,1718,438,537,3024,3709,157703,177904,8639,10038,6390,6727,2028,2497,684,863
R,7,2021,68,3533158,1670572,1862586,1392393,1512775,164013,211649,14614,16344,79003,98201,2659,2892,17890,20725,1407294,1529741,168391,217638,24750,28366,84827,104484,4698,5266,1512168,1681585,1249511,1349323,157424,203772,10260,12017,77632,96661,2250,2423,15091,17389,1261978,1363378,160612,208321,18908,22263,82844,102193,4033,4499,158404,181001,142882,163452,6589,7877,4354,4327,1371,1540,409,469,2799,3336,145316,166363,7779,9317,5842,6103,1983,2291,665,767
R,7,2021,69,3395486,1599681,1795805,1340717,1463601,152347,201168,13318,15287,74332,94098,2493,2754,16474,18897,1354393,1479095,156429,206549,22821,26486,79569,99641,4461,4938,1453357,1627001,1208344,1311115,146345,193753,9475,11287,73088,92635,2130,2328,13975,15883,1219849,1323972,149378,197826,17599,20894,77798,97523,3847,4218,146324,168804,132373,152486,6002,7415,3843,4000,1244,1463,363,426,2499,3014,134544,155123,7051,8723,5222,5592,1771,2118,614,720
R,7,2021,70,3226165,1508556,1717609,1263503,1397237,145516,195618,12724,14492,69074,89823,2248,2496,15491,17943,1276389,1411873,149349,200919,21849,25203,73830,94950,4049,4556,1370566,1557067,1138535,1252273,139853,188639,9168,10618,67927,88366,1936,2113,13147,15058,1149372,1264388,142698,192680,17010,19800,72189,92845,3542,3899,137990,160542,124968,144964,5663,6979,3556,3874,1147,1457,312,383,2344,2885,127017,147485,6651,8239,4839,5403,1641,2105,507,657
R,7,2021,71,3071069,1430870,1640199,1193680,1330595,137073,185103,12157,13669,70799,91217,2277,2459,14884,17156,1206016,1344509,140773,190161,20991,23768,75357,96301,4011,4486,1302151,1486883,1077161,1191944,131723,178318,8879,10230,69756,89871,1919,2097,12713,14423,1087632,1203502,134528,182158,16476,18909,73836,94316,3469,3874,128719,153316,116519,138651,5350,6785,3278,3439,1043,1346,358,362,2171,2733,118384,141007,6245,8003,4515,4859,1521,1985,542,612
R,7,2021,72,2983215,1385364,1597851,1167084,1310500,125669,172142,11374,12826,65344,83891,2187,2374,13706,16118,1178488,1323742,128942,176784,19564,22560,69518,88387,3811,4185,1267240,1455994,1059944,1181856,120940,166083,8347,9621,64352,82725,1868,2024,11789,13685,1069692,1193003,123411,169629,15502,18110,68083,86682,3296,3607,118124,141857,107140,128644,4729,6059,3027,3205,992,1166,319,350,1917,2433,108796,130739,5531,7155,4062,4450,1435,1705,515,578
R,7,2021,73,2912123,1351689,1560434,1147956,1291775,116547,161067,10557,12043,61694,77936,1948,2169,12987,15444,1158798,1304522,119688,165379,18385,21370,65522,82262,3461,3934,1240108,1425254,1046587,1169050,112083,155402,7845,9088,60802,76791,1664,1848,11127,13075,1055788,1179710,114491,158698,14645,17185,64220,80601,3023,3404,111581,135180,101369,122725,4464,5665,2712,2955,892,1145,284,321,1860,2369,103010,124812,5197,6681,3740,4185,1302,1661,438,530
R,7,2021,74,3058428,1427402,1631026,1232708,1375938,110913,152614,10712,11757,58179,73391,1848,1909,13042,15417,1243681,1388790,113977,156906,18801,21320,61802,77516,3352,3573,1320621,1500847,1135461,1257440,106855,147251,8045,9017,57373,72298,1595,1630,11292,13211,1144920,1268345,109217,150598,15210,17404,60559,75950,2922,3118,106781,130179,97247,118498,4058,5363,2667,2740,806,1093,253,279,1750,2206,98761,120445,4760,6308,3591,3916,1243,1566,430,455
R,7,2021,75,2155235,986234,1169001,836926,967372,82587,118884,7792,9079,47647,60235,1610,1694,9672,11737,845031,977067,84903,122126,13530,15954,50566,63680,2784,3102,899498,1058073,757977,866607,79129,114070,5693,6788,47005,59332,1395,1462,8299,9814,764909,874632,80853,116482,10701,12654,49621,62344,2435,2708,86736,110928,78949,100765,3458,4814,2099,2291,642,903,215,232,1373,1923,80122,102435,4050,5644,2829,3300,945,1336,349,394
R,7,2021,76,2057339,933831,1123508,793615,931306,78036,114267,7238,8595,44355,56639,1358,1580,9229,11121,801357,940504,80205,117323,12759,15147,47055,59868,2543,2919,854246,1021193,721101,837980,74997,110074,5367,6518,43700,55814,1165,1358,7916,9449,727681,845729,76631,112392,10182,12217,46116,58652,2221,2548,79585,102315,72514,93326,3039,4193,1871,2077,655,825,193,222,1313,1672,73676,94775,3574,4931,2577,2930,939,1216,322,371
R,7,2021,77,1990669,897222,1093447,768374,915519,71535,105931,6684,8002,41058,52007,1264,1391,8307,10597,775363,924292,73417,108911,11667,14376,43492,54924,2326,2674,825917,998220,703275,828501,68717,102209,5019,6064,40559,51225,1111,1207,7236,9014,709323,835909,70181,104496,9453,11611,42739,53802,2063,2346,71305,95227,65099,87018,2818,3722,1665,1938,499,782,153,184,1071,1583,66040,88383,3236,4415,2214,2765,753,1122,263,328
R,7,2021,78,1996835,894008,1102827,774015,933859,67037,102880,6159,7526,37820,47178,1093,1266,7884,10118,780682,942306,68829,105646,11032,13709,39984,49886,2052,2429,828112,1012306,713771,851400,64455,99053,4750,5701,37301,46488,967,1086,6868,8578,719589,858513,65821,101110,9108,11121,39214,48845,1809,2124,65896,90521,60244,82459,2582,3827,1409,1825,519,690,126,180,1016,1540,61093,83793,3008,4536,1924,2588,770,1041,243,305
R,7,2021,79,1695723,750494,945229,644638,793936,57772,89859,5409,6572,34840,45049,937,1152,6898,8661,650402,801147,59376,92176,9641,11837,36818,47433,1753,2120,692420,865103,591478,720527,55513,86769,4186,4977,34415,44426,817,963,6011,7441,596476,726669,56765,88558,7945,9608,36184,46537,1540,1838,58074,80126,53160,73409,2259,3090,1223,1595,425,623,120,189,887,1220,53926,74478,2611,3618,1696,2229,634,896,213,282
R,7,2021,80,1507515,658625,848890,563912,710439,51260,82872,4846,5962,31641,40692,879,984,6087,7941,569043,717026,52631,85016,8533,10746,33428,42950,1622,1936,605846,774723,515588,642407,49229,79970,3732,4613,31252,40126,780,834,5265,6773,520004,647997,50259,81611,6993,8788,32842,42105,1440,1673,52779,74167,48324,68032,2031,2902,1114,1349,389,566,99,150,822,1168,49039,69029,2372,3405,1540,1958,586,845,182,263
R,7,2021,81,1366196,588618,777578,501392,648487,46661,77063,4456,5537,29677,38155,811,1005,5621,7331,506106,654572,47943,79083,7777,9913,31413,40213,1492,1853,539883,707894,456819,584708,44801,74261,3398,4240,29283,37621,693,824,4889,6240,460913,589844,45781,75801,6326,8046,30839,39430,1306,1570,48735,69684,44573,63779,1860,2802,1058,1297,394,534,118,181,732,1091,45193,64728,2162,3282,1451,1867,574,783,186,283
R,7,2021,82,1254452,535688,718764,459199,604338,40806,68175,3736,4900,26413,33915,668,903,4866,6533,463315,609777,41921,69923,6626,8780,27870,35768,1262,1707,491717,654842,418909,545666,39066,65626,2838,3777,26092,33428,579,776,4233,5569,422463,550295,39922,66940,5396,7172,27400,35051,1123,1473,43971,63922,40290,58672,1740,2549,898,1123,321,487,89,127,633,964,40852,59482,1999,2983,1230,1608,470,717,139,234
R,7,2021,83,1156978,485572,671406,416738,564813,36377,63682,3390,4640,23981,31564,612,813,4474,5894,420506,569709,37404,65300,6061,8061,25316,33269,1123,1519,445907,612215,380268,510606,34906,61260,2644,3561,23691,31132,518,661,3880,4995,383519,514723,35683,62494,5007,6542,24889,32620,965,1273,39665,59191,36470,54207,1471,2422,746,1079,290,432,94,152,594,899,36987,54986,1721,2806,1054,1519,427,649,158,246
R,7,2021,84,1017453,420367,597086,360142,501800,31687,56715,2932,4000,21163,28472,552,728,3891,5371,363477,506298,32575,58160,5202,7110,22378,30031,989,1382,385380,544059,328037,453130,30320,54608,2254,3053,20905,28048,478,610,3386,4610,330928,456959,30989,55719,4281,5783,21995,29433,865,1191,34987,53027,32105,48670,1367,2107,678,947,258,424,74,118,505,761,32549,49339,1586,2441,921,1327,383,598,124,191
R,7,2021,85,924279,375961,548318,322241,460646,28527,52649,2595,3675,18697,25905,464,624,3437,4819,325123,464639,29314,53990,4561,6518,19787,27277,901,1157,344486,499936,293260,416170,27321,50782,2009,2811,18480,25551,405,528,3011,4094,295783,419546,27919,51805,3761,5279,19469,26751,794,999,31475,48382,28981,44476,1206,1867,586,864,217,354,59,96,426,725,29340,45093,1395,2185,800,1239,318,526,107,158
R,7,2021,86,835526,332177,503349,285432,424515,24569,47267,2258,3275,16501,23354,421,560,2996,4378,287960,428125,25262,48444,3965,5804,17431,24638,816,1092,304361,458978,259738,383690,23558,45558,1761,2471,16299,23025,370,469,2635,3765,261953,386772,24107,46473,3295,4703,17128,24157,725,932,27816,44371,25694,40825,1011,1709,497,804,202,329,51,91,361,613,26007,41353,1155,1971,670,1101,303,481,91,160
R,7,2021,87,706998,275987,431011,236968,363240,20274,40468,1803,2669,14052,20334,380,488,2510,3812,239096,366444,20851,41520,3208,4816,14870,21509,694,939,252992,393684,215719,328858,19477,39033,1372,2020,13896,20055,325,425,2203,3293,217585,331619,19927,39845,2623,3911,14629,21097,607,823,22995,37327,21249,34382,797,1435,431,649,156,279,55,63,307,519,21511,34825,924,1675,585,905,241,412,87,116
R,7,2021,88,640252,244621,395631,210822,334256,17442,36092,1602,2427,12271,19096,310,415,2174,3345,212675,337028,17942,36995,2799,4329,12999,20094,565,855,225103,362490,192798,303622,16726,34860,1252,1883,12129,18863,272,362,1926,2900,194433,306011,17126,35576,2330,3567,12787,19753,502,756,19518,33141,18024,30634,716,1232,350,544,142,233,38,53,248,445,18242,31017,816,1419,469,762,212,341,63,99
R,7,2021,89,566573,209910,356663,182000,303409,14165,31182,1301,2119,10327,16566,269,363,1848,3024,183571,305939,14594,32022,2313,3833,10942,17425,517,741,192888,327096,166171,276079,13619,30089,996,1627,10209,16363,237,319,1656,2619,167578,278252,13971,30765,1903,3141,10777,17129,464,647,17022,29567,15829,27330,546,1093,305,492,118,203,32,44,192,405,15993,27687,623,1257,410,692,165,296,53,94
R,7,2021,90,494307,177975,316332,154996,270405,11460,26498,1046,1787,8702,14740,230,317,1541,2585,156303,272549,11813,27231,1904,3253,9216,15496,431,638,163434,290385,141467,246385,11002,25573,794,1348,8619,14579,203,275,1349,2225,142610,248218,11277,26147,1554,2633,9078,15244,378,566,14541,25947,13529,24020,458,925,252,439,83,161,27,42,192,360,13693,24331,536,1084,350,620,138,252,53,72
R,7,2021,91,424227,147434,276793,127845,236091,9598,23314,950,1585,7536,13245,196,292,1309,2266,128949,237981,9902,23945,1674,2879,7969,13906,366,566,135324,254225,116594,215134,9196,22552,721,1219,7475,13103,179,252,1159,1965,117573,216767,9442,23034,1364,2372,7865,13688,328,493,12110,22568,11251,20957,402,762,229,366,61,142,17,40,150,301,11376,21214,460,911,310,507,104,218,38,73
R,7,2021,92,346737,115935,230802,100831,197445,7311,19153,715,1173,5892,10880,144,248,1042,1903,101696,199021,7560,19704,1319,2265,6214,11411,283,489,106654,212733,92217,180701,7011,18503,554,892,5832,10766,129,218,911,1653,92974,182059,7209,18950,1095,1860,6117,11237,248,434,9281,18069,8614,16744,300,650,161,281,60,114,15,30,131,250,8722,16962,351,754,224,405,97,174,35,55
R,7,2021,93,288694,92170,196524,80250,168622,5655,15864,559,1047,4771,9177,99,191,836,1623,80957,169968,5846,16317,1005,1967,5054,9642,217,417,85029,181798,73597,154995,5429,15328,439,797,4734,9083,87,164,743,1431,74226,156172,5589,15695,839,1625,4991,9505,191,362,7141,14726,6653,13627,226,536,120,250,37,94,12,27,93,192,6731,13796,257,622,166,342,63,137,26,55
R,7,2021,94,230630,70369,160261,61036,137463,4358,12920,422,877,3809,7543,75,150,669,1308,61601,138561,4526,13277,797,1619,4016,7917,157,317,65164,148891,56160,126963,4208,12491,347,683,3784,7467,66,130,599,1157,56665,127931,4348,12779,686,1352,3972,7800,138,279,5205,11370,4876,10500,150,429,75,194,25,76,9,20,70,151,4936,10630,178,498,111,267,44,117,19,38
R,7,2021,95,176733,51559,125174,44515,106997,3260,10221,301,659,2934,6104,57,134,492,1059,44929,107871,3387,10529,581,1251,3085,6403,121,272,47655,116230,40894,98700,3133,9912,237,516,2907,6046,52,117,432,939,41258,99477,3233,10169,486,1052,3041,6313,106,239,3904,8944,3621,8297,127,309,64,143,27,58,5,17,60,120,3671,8394,154,360,95,199,44,90,15,33
R,7,2021,96,136198,37604,98594,32249,84240,2376,7909,237,516,2318,4945,35,108,389,876,32572,84966,2469,8197,451,1028,2446,5154,91,200,34906,91900,29742,78048,2296,7658,189,417,2299,4896,31,97,349,784,30033,78697,2372,7905,383,885,2415,5080,78,176,2698,6694,2507,6192,80,251,48,99,19,49,4,11,40,92,2539,6269,97,292,68,143,31,74,13,24
R,7,2021,97,99666,26243,73423,22409,62836,1631,5734,157,387,1748,3786,35,77,263,603,22628,63341,1707,5912,302,723,1834,3964,68,157,24367,68797,20664,58562,1571,5562,125,307,1737,3756,32,70,238,540,20864,59014,1634,5711,260,614,1815,3914,59,141,1876,4626,1745,4274,60,172,32,80,11,30,3,7,25,63,1764,4327,73,201,42,109,19,50,9,16
R,7,2021,98,70718,18052,52666,15232,44727,1153,4247,123,268,1325,2898,17,56,202,470,15394,45105,1209,4389,227,544,1402,3022,49,122,16741,49369,14023,41654,1110,4131,100,223,1315,2880,15,51,178,430,14167,41999,1156,4255,191,478,1384,2993,41,112,1311,3297,1209,3073,43,116,23,45,10,18,2,5,24,40,1227,3106,53,134,36,66,18,29,8,10
R,7,2021,99,47769,11183,36586,9280,31025,724,2954,74,189,948,2023,13,49,144,346,9401,31305,764,3072,149,376,1001,2121,36,98,10442,34354,8590,28970,705,2866,64,158,938,2006,11,44,134,310,8703,29220,740,2966,134,328,988,2093,31,89,741,2232,690,2055,19,88,10,31,10,17,2,5,10,36,698,2085,24,106,15,48,13,28,5,9
R,7,2021,100,79743,16419,63324,13207,51993,1125,5593,119,381,1705,4592,30,83,233,682,13396,52534,1197,5838,243,753,1781,4776,69,184,15406,59873,12285,48831,1091,5461,100,331,1697,4569,27,77,206,604,12454,49308,1153,5671,209,666,1766,4727,59,164,1013,3451,922,3162,34,132,19,50,8,23,3,6,27,78,942,3226,44,167,34,87,15,49,10,20
R,8,2021,999,332309095,164542536,167766559,125436402,126159464,21709155,23433606,2200348,2154665,9871273,10646267,440337,425824,4885021,4946733,129799451,130554383,23946678,25744576,3595212,3606114,11692611,12454998,864243,851779,132589889,136588386,97573522,99021238,20095614,21777749,1193700,1224891,9535904,10312738,317228,310740,3873921,3941030,101032859,102520187,21854034,23603842,2173910,2266170,11078751,11843986,649244,645940,31952647,31178173,27862880,27138226,1613541,1655857,1006648,929774,335369,333529,123109,115084,1011100,1005703,28766592,28034196,2092644,2140734,1421302,1339944,613860,611012,214999,205839
R,8,2021,0,3584016,1833157,1750859,1261449,1200673,300989,291995,33503,32203,105529,99659,7000,6534,124687,119795,1376129,1310831,370046,358496,56768,54621,151542,143707,15555,14672,1339300,1274320,862519,815612,263416,255471,12379,11903,97935,92351,4047,3810,99004,95173,954104,903624,319070,309097,27080,26098,135952,128768,10249,9724,493857,476539,398930,385061,37573,36524,21124,20300,7594,7308,2953,2724,25683,24622,422025,407207,50976,49399,29688,28523,15590,14939,5306,4948
R,8,2021,1,3700539,1891981,1808558,1310866,1250570,301491,292213,35113,33569,112854,106275,7033,6630,124624,119301,1425500,1360293,370596,358501,58223,55764,158881,150180,15562,14723,1395128,1331309,906960,862319,265704,257699,13623,13123,105136,98956,4299,3986,99406,95226,998899,950369,321606,311361,28351,27291,143339,135434,10550,9930,496853,477249,403906,388251,35787,34514,21490,20446,7718,7319,2734,2644,25218,24075,426601,409924,48990,47140,29872,28473,15542,14746,5012,4793
R,8,2021,2,3769283,1925088,1844195,1337309,1277596,303443,296047,35873,34484,116523,109824,7299,6855,124641,119389,1451880,1387342,372414,362301,59048,56796,162673,153776,15857,14959,1421363,1357653,927115,880866,267586,261277,14243,13796,108545,102295,4466,4212,99408,95207,1018965,968838,323300,314847,29043,28047,146910,138796,10772,10182,503725,486542,410194,396730,35857,34770,21630,20688,7978,7529,2833,2643,25233,24182,432915,418504,49114,47454,30005,28749,15763,14980,5085,4777
R,8,2021,3,3851513,1968625,1882888,1366685,1303899,309229,301584,36591,34731,121998,114511,7362,6982,126760,121181,1483198,1415271,379095,368714,60191,57369,169116,159223,16097,15241,1457295,1390259,948812,900818,273917,267385,14318,13826,114202,107029,4611,4343,101435,96858,1042516,990278,330542,321762,29426,28343,153548,144287,11080,10446,511330,492629,417873,403081,35312,34199,22273,20905,7796,7482,2751,2639,25325,24323,440682,424993,48553,46952,30765,29026,15568,14936,5017,4795
R,8,2021,4,3932957,2012736,1920221,1401399,1333457,311029,302574,35904,34643,128898,120653,7519,7126,127987,121768,1518960,1445359,380669,369553,59931,57657,177156,165774,16503,15522,1491948,1418864,971721,920241,276389,268934,15355,14659,121140,113241,4827,4484,102516,97305,1066312,1010086,332744,323144,30874,29473,161565,150854,11542,10691,520788,501357,429678,413216,34640,33640,20549,19984,7758,7412,2692,2642,25471,24463,452648,435273,47925,46409,29057,28184,15591,14920,4961,4831
R,8,2021,5,4042356,2065905,1976451,1454075,1385354,311904,305615,35537,34215,127707,120395,7428,7115,129254,123757,1572871,1499129,381917,373150,60183,57841,176319,166446,16498,15692,1531318,1462728,1009777,958350,277649,272434,15885,15340,119885,113038,4708,4501,103414,99065,1105271,1049865,334345,327168,31823,30643,160491,151501,11451,10874,534587,513723,444298,427004,34255,33181,19652,18875,7822,7357,2720,2614,25840,24692,467600,449264,47572,45982,28360,27198,15828,14945,5047,4818
R,8,2021,6,4079953,2084292,1995661,1466092,1399248,317352,309592,35137,34165,129391,121789,7361,7141,128959,123726,1584628,1512986,387201,377078,59878,57853,177719,167800,16410,15706,1549669,1479220,1020686,969419,282759,276031,16267,15553,121870,114564,4704,4538,103383,99115,1116146,1060963,339335,330743,32381,30908,162373,153058,11472,10935,534623,516441,445406,429829,34593,33561,18870,18612,7521,7225,2657,2603,25576,24611,468482,452023,47866,46335,27497,26945,15346,14742,4938,4771
R,8,2021,7,4074931,2086057,1988874,1470818,1395995,318133,309458,35428,34212,126803,119964,7092,6826,127783,122419,1588300,1508524,386937,376334,60118,57808,174873,165235,16179,15394,1554055,1478700,1027551,971268,283292,275917,16597,15909,119592,113140,4603,4425,102420,98041,1122173,1061811,338974,330151,32719,31251,159871,150968,11371,10808,532002,510174,443267,424727,34841,33541,18831,18303,7211,6824,2489,2401,25363,24378,466127,446713,47963,46183,27399,26557,15002,14267,4808,4586
R,8,2021,8,4054300,2072207,1982093,1460040,1392496,316159,307962,35202,33908,127712,120474,7052,6750,126042,120503,1575802,1503088,383596,373294,59685,57427,175471,165423,16207,15315,1544817,1473475,1019443,967793,282243,275214,16752,16024,120769,113670,4632,4363,100978,96411,1112610,1056684,336781,328088,32741,31367,160809,151234,11430,10676,527390,508618,440597,424703,33916,32748,18450,17884,6943,6804,2420,2387,25064,24092,463192,446404,46815,45206,26944,26060,14662,14189,4777,4639
R,8,2021,9,4062929,2078919,1984010,1470744,1399600,316973,307046,36062,34811,123833,117193,6846,6594,124461,118766,1585018,1508621,383703,371199,60616,58275,170599,161410,15835,15128,1546309,1471315,1025177,970504,283441,274900,16825,16173,117025,110615,4437,4257,99404,94866,1116859,1057997,337254,326716,32810,31462,156156,147540,11096,10563,532610,512695,445567,429096,33532,32146,19237,18638,6808,6578,2409,2337,25057,23900,468159,450624,46449,44483,27806,26813,14443,13870,4739,4565
R,8,2021,10,4110411,2108561,2001850,1500584,1420153,320076,309212,34904,33610,121175,114139,6766,6433,125056,118303,1615479,1528747,387075,372962,59831,57382,167915,158026,15814,14919,1561697,1477950,1038452,978150,287694,277683,17143,16199,114485,107770,4380,4152,99543,93996,1130313,1064826,341647,328924,33330,31610,153430,144285,11055,10380,546864,523900,462132,442003,32382,31529,17761,17411,6690,6369,2386,2281,25513,24307,485166,463921,45428,44038,26501,25772,14485,13741,4759,4539
R,8,2021,11,4189667,2146174,2043493,1536566,1457495,324218,312770,34308,33096,119644,113878,6486,6299,124952,119955,1651629,1567745,391232,377684,59484,57554,165726,157631,15363,14752,1583640,1504694,1057013,998202,292778,282466,17298,16938,113213,107828,4345,4197,98993,95063,1148570,1085938,346536,334460,33473,32794,151514,144257,10895,10398,562534,538799,479553,459293,31440,30304,17010,16158,6431,6050,2141,2102,25959,24892,503059,481807,44696,43224,26011,24760,14212,13374,4468,4354
R,8,2021,12,4271157,2186689,2084468,1572056,1491508,332004,321664,34545,33213,118356,113459,6569,6473,123159,118151,1685261,1600184,398184,385957,59500,56778,163472,156177,15184,14783,1616421,1538773,1084119,1024875,300489,291057,17881,17276,111920,107395,4452,4371,97560,93799,1174173,1111525,353729,342898,33872,32393,149459,143058,10810,10501,570268,545695,487937,466633,31515,30607,16664,15937,6436,6064,2117,2102,25599,24352,511088,488659,44455,43059,25628,24385,14013,13119,4374,4282
R,8,2021,13,4439632,2274274,2165358,1638395,1552261,345665,334887,36094,34397,123197,117803,6773,6540,124150,119470,1752387,1661978,412445,400184,61087,58493,168492,160681,15710,14797,1680736,1600347,1128803,1067866,313169,303672,18602,17987,116800,111663,4609,4362,98753,94797,1219812,1155235,367206,356438,34735,33390,154629,147373,11212,10465,593538,565011,509592,484395,32496,31215,17492,16410,6397,6140,2164,2178,25397,24673,532575,506743,45239,43746,26352,25103,13863,13308,4498,4332
R,8,2021,14,4443374,2276135,2167239,1646938,1562453,344466,332472,36518,34709,121494,115418,6702,6600,120017,115587,1757167,1668404,408680,395022,61232,58528,165242,156937,15369,14905,1684121,1601816,1138007,1076323,312560,301839,18592,18136,115060,109430,4584,4421,95318,91667,1225917,1160638,364413,352428,34555,33376,151467,144042,10997,10538,592014,565423,508931,486130,31906,30633,17926,16573,6434,5988,2118,2179,24699,23920,531250,507766,44267,42594,26677,25152,13775,12895,4372,4367
R,8,2021,15,4367080,2234781,2132299,1627353,1544209,332226,323622,35516,33950,119022,114808,6551,6331,114113,109379,1732070,1644533,392445,381961,59455,56810,161080,154575,14782,14147,1660009,1582203,1131375,1069767,302072,294254,18315,17773,112844,109155,4466,4281,90937,86973,1215108,1149812,350903,341618,33797,32490,148119,142359,10587,10047,574772,550096,495978,474442,30154,29368,17201,16177,6178,5653,2085,2050,23176,22406,516962,494721,41542,40343,25658,24320,12961,12216,4195,4100
R,8,2021,16,4320270,2209414,2110856,1615812,1532701,324481,315322,34812,33763,119435,117874,6542,6357,108332,104839,1715022,1628528,380930,370460,58142,56196,159590,156303,14344,13890,1649029,1575753,1131171,1070126,295297,287299,18105,17627,113625,112389,4495,4441,86336,83871,1210533,1147015,341067,332240,33210,32174,147360,144777,10293,10098,560385,535103,484641,462575,29184,28023,16707,16136,5810,5485,2047,1916,21996,20968,504489,481513,39863,38220,24932,24022,12230,11526,4051,3792
R,8,2021,17,4332553,2214470,2118083,1626615,1543721,321478,313358,34086,32987,121204,120409,6374,6079,104713,101529,1722476,1636593,375264,366023,56966,55229,160346,157904,14074,13495,1665734,1591829,1150680,1087646,293342,286344,18020,17343,115455,114972,4464,4235,83773,81289,1227654,1162203,337027,329270,33077,32078,148458,146575,10256,9760,548736,526254,475935,456075,28136,27014,16066,15644,5749,5437,1910,1844,20940,20240,494822,474390,38237,36753,23889,23151,11888,11329,3818,3735
R,8,2021,18,4303466,2198867,2104599,1618398,1535967,317985,311454,33654,32272,122567,121775,6304,6040,99959,97091,1709674,1624692,369032,361113,56187,54238,159709,157815,13799,13132,1659990,1587173,1150538,1086361,290310,285353,17643,17033,116996,116421,4421,4252,80082,77753,1223912,1157665,331879,325805,32545,31612,148346,146761,10050,9644,538877,517426,467860,449606,27675,26101,16011,15239,5571,5354,1883,1788,19877,19338,485762,467027,37153,35308,23642,22626,11363,11054,3749,3488
R,8,2021,19,4288112,2190027,2098085,1610781,1530460,321832,315739,33583,31810,121805,120145,6108,5931,95918,94000,1698279,1615944,370490,364064,55851,53931,157241,154338,13301,12951,1658374,1589555,1148428,1087981,294667,289894,17836,17123,116410,115043,4331,4167,76702,75347,1218605,1156766,334317,329310,32510,31885,146236,143829,9817,9518,531653,508530,462353,442479,27165,25845,15747,14687,5395,5102,1777,1764,19216,18653,479674,459178,36173,34754,23341,22046,11005,10509,3484,3433
R,8,2021,20,4353054,2222364,2130690,1630945,1552468,329154,323154,33343,31963,127255,124701,6034,5924,95633,92480,1717860,1636618,377470,370256,56089,53978,162638,158476,13250,12960,1693521,1625422,1170596,1112223,302181,297738,17990,17454,121948,119703,4312,4115,76494,74189,1240240,1179937,341415,336225,33233,32259,151868,148267,9782,9464,528843,505268,460349,440245,26973,25416,15353,14509,5307,4998,1722,1809,19139,18291,477620,456681,36055,34031,22856,21719,10770,10209,3468,3496
R,8,2021,21,4362324,2226342,2135982,1631835,1552426,334811,329621,33837,32318,126779,125127,6174,5862,92906,90628,1716371,1634463,381625,376009,56759,54588,160499,157761,13185,12766,1702552,1636049,1175303,1117101,308347,304220,18456,17701,121557,120149,4435,4165,74454,72713,1243177,1183088,346419,342045,33898,32840,150163,147673,9819,9425,523790,499933,456532,435325,26464,25401,15381,14617,5222,4978,1739,1697,18452,17915,473194,451375,35206,33964,22861,21748,10336,10088,3366,3341
R,8,2021,22,4288447,2187142,2101305,1606783,1531327,326553,321908,32723,31766,124912,123177,6109,5665,90062,87462,1688521,1610433,371702,366496,55261,53885,157398,154304,13250,12403,1679739,1615108,1164388,1107705,300863,297238,18060,17610,119776,118304,4371,4062,72281,70189,1230133,1171304,337691,333711,33486,32825,147233,144444,9858,9238,507403,486197,442395,423622,25690,24670,14663,14156,5136,4873,1738,1603,17781,17273,458388,439129,34011,32785,21775,21060,10165,9860,3392,3165
R,8,2021,23,4284024,2182511,2101513,1598967,1526644,327718,323488,32597,31761,129988,128732,6091,5754,87150,85134,1677757,1603783,371106,366409,54880,53648,161236,158859,12928,12252,1682359,1622176,1162456,1108478,302654,299409,17902,17697,124947,123881,4406,4128,69994,68583,1225840,1170759,338093,334558,33175,32891,151409,149358,9718,9152,500152,479337,436511,418166,25064,24079,14695,14064,5041,4851,1685,1626,17156,16551,451917,433024,33013,31851,21705,20757,9827,9501,3210,3100
R,8,2021,24,4281697,2178232,2103465,1594036,1527087,325306,322055,32196,31229,136474,134679,6102,5691,84118,82724,1670147,1601670,366456,363120,54393,53245,166891,164115,12735,12199,1683326,1629462,1161941,1113088,300726,298644,17647,17397,131516,129915,4420,4126,67076,66292,1222778,1172902,333922,332043,32822,32646,157213,154824,9532,9158,494906,474003,432095,413999,24580,23411,14549,13832,4958,4764,1682,1565,17042,16432,447369,428768,32534,31077,21571,20599,9678,9291,3203,3041
R,8,2021,25,4312163,2194439,2117724,1606105,1536078,324464,322951,32298,30943,142791,141357,6298,5896,82483,80499,1680605,1608542,364081,362315,54754,52903,172679,170321,12909,12432,1701992,1645678,1175674,1123234,300250,299904,17787,17192,137936,136543,4565,4257,65780,64548,1235181,1181421,332216,331881,33140,32414,163291,161062,9708,9398,492447,472046,430431,412844,24214,23047,14511,13751,4855,4814,1733,1639,16703,15951,445424,427121,31865,30434,21614,20489,9388,9259,3201,3034
R,8,2021,26,4390947,2233286,2157661,1627666,1558456,339436,336307,32658,31593,146430,146170,6460,6267,80636,78868,1699963,1629017,377606,374689,55426,53631,175742,174470,13226,12885,1737371,1681941,1193775,1142521,314775,312516,18229,17667,141481,141397,4715,4568,64396,63272,1251493,1199194,345530,343579,34095,33190,166441,165382,9992,9783,495915,475720,433891,415935,24661,23791,14429,13926,4949,4773,1745,1699,16240,15596,448470,429823,32076,31110,21331,20441,9301,9088,3234,3102
R,8,2021,27,4472639,2273756,2198883,1649021,1578939,355208,351645,33069,32354,151554,151746,6465,6441,78439,77758,1718958,1648184,391472,388713,56029,55027,180323,179688,13375,13071,1773871,1721109,1211038,1161182,330203,327664,18732,18206,146705,146962,4763,4739,62430,62356,1266667,1216704,359271,357662,34748,34280,171151,170677,10173,9946,499885,477774,437983,417757,25005,23981,14337,14148,4849,4784,1702,1702,16009,15402,452291,431480,32201,31051,21281,20747,9172,9011,3202,3125
R,8,2021,28,4556636,2315200,2241436,1675563,1604728,367819,363075,34397,33264,155528,158778,6743,6485,75150,75106,1742317,1671346,401777,398151,56912,55933,183494,185901,13453,13074,1810476,1761845,1233204,1185025,342254,338946,19481,19093,150765,153941,4920,4772,59852,60068,1286376,1238304,369310,367051,35243,35170,174665,177080,10227,9950,504724,479591,442359,419703,25565,24129,14916,14171,4763,4837,1823,1713,15298,15038,455941,433042,32467,31100,21669,20763,8829,8821,3226,3124
R,8,2021,29,4655963,2359471,2296492,1709325,1643496,372852,371470,35765,33868,160994,166683,6931,6636,73604,74339,1774320,1709030,404772,405070,58641,56441,188830,194532,13732,13405,1848123,1811961,1261593,1220076,346855,346283,20285,19666,156131,161701,4998,4890,58261,59345,1312977,1272396,371856,372985,36310,35689,179970,185483,10398,10162,511348,484531,447732,423420,25997,25187,15480,14202,4863,4982,1933,1746,15343,14994,461343,436634,32916,32085,22331,20752,8860,9049,3334,3243
R,8,2021,30,4733149,2391141,2342008,1733119,1673475,375494,379498,35721,33302,168912,175901,7636,7018,70259,72814,1794224,1736902,405283,412275,57578,55195,196617,204128,14706,14069,1882874,1865343,1289748,1259155,348716,353151,20084,19479,163703,170539,5558,5228,55065,57791,1337463,1309373,371689,378956,35180,34841,187366,194589,11134,10853,508267,476665,443371,414320,26778,26347,15637,13823,5209,5362,2078,1790,15194,15023,456761,427529,33594,33319,22398,20354,9251,9539,3572,3216
R,8,2021,31,4756712,2401477,2355235,1748638,1687089,370463,377825,35420,32704,173242,181406,7799,7219,65915,68992,1806111,1747366,397629,408211,55901,53905,199806,208070,14442,13830,1893073,1884919,1304617,1278333,343783,351297,19585,19178,167980,176169,5595,5407,51513,54535,1349335,1325819,364485,374965,33704,33985,190734,198991,10852,10675,508404,470316,444021,408756,26680,26528,15835,13526,5262,5237,2204,1812,14402,14457,456776,421547,33144,33246,22197,19920,9072,9079,3590,3155
R,8,2021,32,4624519,2336722,2287797,1708265,1639210,350833,361457,34214,31185,174304,184616,7682,6883,61424,64446,1761809,1695277,375697,389401,53701,50949,198998,210037,13828,13191,1846449,1838832,1279961,1248592,325252,336153,18640,18244,169281,179469,5634,5203,47681,51171,1321347,1292916,343862,357925,31889,32153,190481,201392,10556,10266,490273,448965,428304,390618,25581,25304,15574,12941,5023,5147,2048,1680,13743,13275,440462,402361,31835,31476,21812,18796,8517,8645,3272,2925
R,8,2021,33,4550606,2297305,2253301,1695083,1628456,330903,343906,33914,30592,171376,182050,7656,6887,58373,61410,1745750,1681979,353892,370231,52339,49544,195376,206370,13746,12946,1805526,1807213,1264261,1239965,306214,319079,18121,17536,166490,177148,5555,5195,44885,48290,1303040,1281950,323158,339179,30397,30725,187059,198020,10378,10067,491779,446088,430822,388491,24689,24827,15793,13056,4886,4902,2101,1692,13488,13120,442710,400029,30734,31052,21942,18819,8317,8350,3368,2879
R,8,2021,34,4485224,2269408,2215816,1687526,1609576,317597,331301,32807,29647,168899,179336,7613,6781,54966,59175,1735224,1661159,339187,356370,50591,48309,191344,202780,13333,12564,1782396,1774986,1259748,1225098,293740,307057,17354,16967,164060,174612,5462,5044,42032,46208,1295957,1265212,309462,326050,29196,29830,183319,194765,10067,9670,487012,440830,427778,384478,23857,24244,15453,12680,4839,4724,2151,1737,12934,12967,439267,395947,29725,30320,21395,18479,8025,8015,3266,2894
R,8,2021,35,4497316,2277600,2219716,1703905,1621650,310582,325829,32587,29580,169381,179378,7690,6863,53455,56416,1750316,1670517,331018,349275,50038,47957,191285,201696,13427,12550,1785677,1778426,1271393,1236140,286683,301645,16844,16672,164517,174770,5494,5177,40746,44022,1306575,1274077,301381,319383,28452,29483,183238,193880,10077,9761,491923,441290,432512,385510,23899,24184,15743,12908,4864,4608,2196,1686,12709,12394,443741,396440,29637,29892,21586,18474,8047,7816,3350,2789
R,8,2021,36,4498106,2275239,2222867,1708924,1627258,306205,322941,31951,29299,168935,181046,7600,6787,51624,55536,1753669,1675436,325645,345307,49310,47623,189981,203379,13186,12481,1783515,1781540,1275995,1241389,282894,298995,16297,16501,164161,176468,5380,5146,38788,43041,1309337,1278530,296606,315505,27680,29238,182086,195636,9818,9737,491724,441327,432929,385869,23311,23946,15654,12798,4774,4578,2220,1641,12836,12495,444332,396906,29039,29802,21630,18385,7895,7743,3368,2744
R,8,2021,37,4409875,2226259,2183616,1674352,1599358,294376,314172,31515,28847,169118,180926,7329,6582,49569,53731,1717302,1645879,312738,335250,48387,46950,189503,202848,12734,12221,1745569,1747173,1250791,1217233,271854,290976,16095,16108,164325,176528,5227,4911,37277,41417,1282848,1252918,284777,306387,27204,28620,181684,195231,9512,9424,480690,436443,423561,382125,22522,23196,15420,12739,4793,4398,2102,1671,12292,12314,434454,392961,27961,28863,21183,18330,7819,7617,3222,2797
R,8,2021,38,4457612,2249139,2208473,1697284,1620218,295610,317242,32032,29295,167240,181296,7398,6790,49575,53632,1740236,1666500,313823,338134,49035,47785,187554,202942,12785,12463,1762680,1765328,1268125,1232718,273096,293206,16189,16232,162502,176810,5326,5091,37442,41271,1300294,1268115,285910,308474,27557,29002,179788,195319,9613,9635,486459,443145,429159,387500,22514,24036,15843,13063,4738,4486,2072,1699,12133,12361,439942,398385,27913,29660,21478,18783,7766,7623,3172,2828
R,8,2021,39,4464916,2250396,2214520,1702532,1627231,294894,318541,31626,28784,165387,180692,7428,6752,48529,52520,1744541,1672488,312642,339228,48678,47130,185017,201608,12777,12289,1762601,1766813,1272132,1234938,272273,294626,15982,15714,160620,176030,5297,4992,36297,40513,1303271,1269641,284660,309805,27259,28494,177174,193875,9546,9452,487795,447707,430400,392293,22621,23915,15644,13070,4767,4662,2131,1760,12232,12007,441270,402847,27982,29423,21419,18636,7843,7733,3231,2837
R,8,2021,40,4395451,2213081,2182370,1681479,1608481,289950,314468,30528,28497,156494,173433,7178,6267,47452,51224,1722343,1652711,307227,334735,47430,46483,175633,193541,12445,11683,1737063,1742431,1261038,1222983,268157,291002,15301,15719,151790,168886,5111,4592,35666,39249,1291503,1256640,280263,305703,26583,28168,168029,186057,9291,8970,476018,439939,420441,385498,21793,23466,15227,12778,4704,4547,2067,1675,11786,11975,430840,396071,26964,29032,20847,18315,7604,7484,3154,2713
R,8,2021,41,4388883,2208794,2180089,1675239,1602290,295063,320855,30897,28351,153810,171437,7203,6481,46582,50675,1715416,1645909,312037,340887,47945,46472,172334,191207,12442,11937,1726182,1739030,1249233,1215480,272901,297375,15420,15653,149081,166932,5023,4831,34524,38759,1278739,1248553,284599,311867,26705,28277,164581,183740,9184,9237,482612,441059,426006,386810,22162,23480,15477,12698,4729,4505,2180,1650,12058,11916,436677,397356,27438,29020,21240,18195,7753,7467,3258,2700
R,8,2021,42,4207904,2111008,2096896,1604369,1542274,279294,307770,29029,26821,148345,166501,6419,5996,43552,47534,1641927,1583136,295038,326362,44956,43938,165639,185122,11315,10987,1660166,1676485,1205938,1173861,258588,285214,14730,14656,144052,162247,4518,4432,32340,36075,1233554,1204627,269420,298411,25253,26491,158650,178056,8398,8461,450842,420411,398431,368413,20706,22556,14299,12165,4293,4254,1901,1564,11212,11459,408373,378509,25618,27951,19703,17447,6989,7066,2917,2526
R,8,2021,43,4108292,2059271,2049021,1572183,1513126,268216,296506,27994,26495,143075,161676,6169,5633,41634,45585,1607930,1552184,283128,314096,43441,43285,159678,179549,10620,10372,1614878,1632603,1178382,1147436,248306,274754,14140,14399,138878,157348,4404,4169,30768,34497,1204482,1176722,258508,287197,24362,25995,152819,172537,7932,7994,444393,416418,393801,365690,19910,21752,13854,12096,4197,4328,1765,1464,10866,11088,403448,375462,24620,26899,19079,17290,6859,7012,2688,2378
R,8,2021,44,4062334,2030790,2031544,1553102,1501626,262667,292951,27974,26204,141125,160928,6005,5653,39917,44182,1587462,1539308,276804,309847,43060,42740,156906,178293,10394,10374,1593719,1616615,1165246,1136051,243623,271622,14340,14603,136814,156704,4244,4151,29452,33484,1190281,1164342,253132,283571,24448,26147,150032,171381,7699,7927,437071,414929,387856,365575,19044,21329,13634,11601,4311,4224,1761,1502,10465,10698,397181,374966,23672,26276,18612,16593,6874,6912,2695,2447
R,8,2021,45,3915261,1956694,1958567,1493547,1448507,250903,279346,26919,25057,141524,159087,5613,5334,38188,41236,1526432,1483594,263983,294892,41491,40715,156797,175405,9890,9704,1532067,1552621,1116153,1090034,232561,258819,13673,13682,137475,154920,4037,3915,28168,31251,1140120,1116345,241261,269772,23403,24630,150367,168748,7433,7450,424627,405946,377394,358473,18342,20527,13246,11375,4049,4167,1576,1419,10020,9985,386312,367249,22722,25120,18088,16085,6430,6657,2457,2254
R,8,2021,46,3949684,1973041,1976643,1510299,1465507,251691,281595,26492,25108,143139,159737,5671,5113,35749,39583,1540766,1499147,263929,296220,40437,40278,157417,175497,9659,9236,1554059,1575383,1136152,1109696,234339,262072,13482,13877,139165,155748,4118,3791,26803,30199,1158715,1135087,242728,272352,22998,24546,151337,169257,7333,7128,418982,401260,374147,355811,17352,19523,13010,11231,3974,3989,1553,1322,8946,9384,382051,364060,21201,23868,17439,15732,6080,6240,2326,2108
R,8,2021,47,3885114,1938696,1946418,1485291,1444881,245937,276307,26074,24443,141858,157797,5283,5030,34253,37960,1514437,1476953,257480,290268,39619,39238,155564,172846,9160,9049,1533824,1554891,1122795,1096529,229603,257720,13324,13633,138214,154010,3886,3742,26002,29257,1144687,1120954,237593,267717,22718,24230,150010,166984,7047,7007,404872,391527,362496,348352,16334,18587,12750,10810,3644,3787,1397,1288,8251,8703,369750,355999,19887,22551,16901,15008,5554,5862,2113,2042
R,8,2021,48,3922338,1954871,1967467,1497944,1460756,250834,282044,25574,24696,141431,157707,5209,4952,33879,37312,1526702,1492209,261939,295604,39084,39477,155125,172557,9003,8858,1559320,1582299,1143430,1117921,234967,263885,13331,13906,137854,153939,3862,3712,25876,28936,1165136,1142024,242640,273644,22819,24682,149723,166763,6965,6900,395551,385168,354514,342835,15867,18159,12243,10790,3577,3768,1347,1240,8003,8376,361566,350185,19299,21960,16265,14795,5402,5794,2038,1958
R,8,2021,49,4099513,2046512,2053001,1579419,1536479,260829,291761,26155,24800,141136,157676,5187,4917,33786,37368,1607965,1567968,271680,304991,40148,40100,154543,172316,8995,8903,1653071,1670395,1226515,1195460,245216,273903,13907,14199,137485,154030,3870,3670,26078,29133,1248265,1219712,252867,283447,23980,25436,149116,166776,6974,6961,393441,382606,352904,341019,15613,17858,12248,10601,3651,3646,1317,1247,7708,8235,359700,348256,18813,21544,16168,14664,5427,5540,2021,1942
R,8,2021,50,4344756,2173941,2170815,1697341,1644077,271824,304481,26583,25672,138157,153387,5229,4998,34807,38200,1726836,1676280,282872,317876,41316,41670,151756,167994,9243,9221,1781847,1790648,1345625,1305573,256234,286666,14578,14839,134459,149766,3881,3765,27070,30039,1368323,1330626,264014,296398,25353,26869,146271,162422,7181,7269,392094,380167,351716,338504,15590,17815,12005,10833,3698,3621,1348,1233,7737,8161,358513,345654,18858,21478,15963,14801,5485,5572,2062,1952
R,8,2021,51,4314943,2158766,2156177,1690077,1641002,268401,297206,26292,25007,134961,151041,5224,5079,33811,36842,1718641,1671811,279133,309998,40829,40835,147859,165135,9246,9266,1775567,1789748,1346664,1314411,252999,280205,14322,14813,131405,147425,3923,3875,26254,29019,1368572,1338425,260593,289584,24977,26728,142553,159553,7261,7355,383199,366429,343413,326591,15402,17001,11970,10194,3556,3616,1301,1204,7557,7823,350069,333386,18540,20414,15852,14107,5306,5582,1985,1911
R,8,2021,52,4145038,2070085,2074953,1629008,1588551,251424,279886,25054,23923,128239,143782,4872,4844,31488,33967,1655711,1617018,261000,291292,39031,39043,140210,156535,8510,8636,1708383,1727299,1304401,1278477,237030,263822,13991,14214,124957,140383,3683,3686,24321,26717,1324809,1300647,243597,272014,24261,25669,135328,151434,6677,6830,361702,347654,324607,310074,14394,16064,11063,9709,3282,3399,1189,1158,7167,7250,330902,316371,17403,19278,14770,13374,4882,5101,1833,1806
R,8,2021,53,4050111,2019516,2030595,1588017,1552282,250321,279491,24394,23345,122669,138571,4635,4669,29480,32237,1612802,1579057,259205,290271,37777,37899,133819,150558,8079,8516,1668697,1693086,1273263,1250852,236038,263794,13553,14139,119584,135425,3460,3546,22799,25330,1292167,1271616,242138,271516,23499,25246,129236,145804,6334,6766,350819,337509,314754,301430,14283,15697,10841,9206,3085,3146,1175,1123,6681,6907,320635,307441,17067,18755,14278,12653,4583,4754,1745,1750
R,8,2021,54,4056786,2015219,2041567,1596385,1574038,248446,280070,23661,23313,113613,128240,4710,4615,28404,31291,1620269,1600053,256879,290734,36900,37796,124116,139372,8088,8276,1678663,1714306,1293891,1281750,234931,264736,13566,14456,110608,125250,3561,3521,22106,24593,1312235,1301934,240720,272384,23491,25534,119712,134863,6427,6614,336556,327261,302494,292288,13515,15334,10095,8857,3005,2990,1149,1094,6298,6698,308034,298119,16159,18350,13409,12262,4404,4509,1661,1662
R,8,2021,55,4106503,2036588,2069915,1610901,1595174,255229,287692,23910,23524,113886,128078,4605,4590,28057,30857,1634185,1620755,263637,297909,37301,38221,124042,139030,8047,8241,1705453,1748117,1313599,1307828,241544,272678,13875,14755,111008,125031,3529,3579,21898,24246,1331485,1327683,247298,279968,24119,26089,119770,134435,6438,6632,331135,321798,297302,287346,13685,15014,10035,8769,2878,3047,1076,1011,6159,6611,302700,293072,16339,17941,13182,12132,4272,4595,1609,1609
R,8,2021,56,4265032,2105601,2159431,1672776,1673536,261639,296629,24432,24392,113609,128482,4733,4722,28412,31670,1696484,1699712,269879,307007,38239,39748,123845,139480,8223,8501,1779382,1839595,1379802,1387887,248293,281655,14627,15742,110734,125492,3689,3718,22237,25101,1398089,1408365,253978,289137,25121,27774,119631,134979,6614,6896,326219,319836,292974,285649,13346,14974,9805,8650,2875,2990,1044,1004,6175,6569,298395,291347,15901,17870,13118,11974,4214,4501,1609,1605
R,8,2021,57,4375843,2155958,2219885,1723734,1731686,261044,296825,24303,24564,113987,130606,4477,4626,28413,31578,1747361,1757762,269079,306682,38526,40392,124095,141574,7990,8390,1843779,1908545,1443543,1453664,248057,282176,14874,15977,111284,127817,3496,3642,22525,25269,1462045,1474233,253657,289288,25958,28614,120071,137337,6450,6836,312179,311340,280191,278022,12987,14649,9429,8587,2703,2789,981,984,5888,6309,285316,283529,15422,17394,12568,11778,4024,4237,1540,1554
R,8,2021,58,4382917,2154211,2228706,1726559,1745499,256583,292468,23905,24117,114890,130777,4280,4512,27994,31333,1749895,1771275,264281,302313,38007,39973,124846,141424,7639,8223,1856850,1929209,1459529,1478098,244298,278639,14920,15847,112242,127959,3363,3585,22498,25081,1478089,1498462,249702,285750,26089,28524,120982,137164,6247,6725,297361,299497,267030,267401,12285,13829,8985,8270,2648,2818,917,927,5496,6252,271806,272813,14579,16563,11918,11449,3864,4260,1392,1498
R,8,2021,59,4393372,2155351,2238021,1740130,1766485,253166,290586,23361,24041,106649,121525,4404,4496,27641,30888,1763266,1791829,260554,300271,37357,39995,116484,131922,7815,8174,1868722,1949159,1482480,1508290,241426,277593,14780,15958,104181,118838,3536,3585,22319,24895,1500979,1528483,246616,284608,25968,28847,112798,127860,6448,6680,286629,288862,257650,258195,11740,12993,8581,8083,2468,2687,868,911,5322,5993,262287,263346,13938,15663,11389,11148,3686,4062,1367,1494
R,8,2021,60,4384270,2145702,2238568,1742807,1775732,247994,287037,22640,23753,100896,117756,4165,4221,27200,30069,1765484,1800386,255200,296206,36714,39638,110511,127789,7448,7806,1875959,1963804,1500548,1530036,236960,274499,14544,16289,98502,115182,3346,3403,22059,24395,1518721,1549796,242075,281233,25854,29221,106944,123890,6138,6428,269743,274764,242259,245696,11034,12538,8096,7464,2394,2574,819,818,5141,5674,246763,250590,13125,14973,10860,10417,3567,3899,1310,1378
R,8,2021,61,4320810,2110943,2209867,1706886,1745363,247321,286065,22405,23400,103451,121359,4164,4176,26716,29504,1729262,1769449,254339,295239,36265,38960,112853,131150,7363,7676,1847225,1941145,1470071,1505064,236473,273842,14449,16103,101117,118821,3352,3378,21763,23937,1488113,1524347,241468,280603,25643,28781,109423,127299,6067,6345,263718,268722,236815,240299,10848,12223,7956,7297,2334,2538,812,798,4953,5567,241149,245102,12871,14636,10622,10179,3430,3851,1296,1331
R,8,2021,62,4229636,2057634,2172002,1673817,1725646,236568,277200,20903,22196,97225,115170,3878,3870,25243,27920,1694876,1748631,243074,285565,34218,37360,106104,124221,6809,7047,1816594,1921859,1457250,1501859,226613,265735,13765,15357,95084,112835,3155,3171,20727,22902,1474418,1520518,231280,271919,24646,27884,102915,120760,5650,5895,241040,250143,216567,223787,9955,11465,7138,6839,2141,2335,723,699,4516,5018,220458,228113,11794,13646,9572,9476,3189,3461,1159,1152
R,8,2021,63,4180389,2027114,2153275,1655371,1718867,226766,267047,19771,21463,97243,115233,3656,3778,24307,26887,1675597,1740857,233062,275148,32748,36185,105664,123934,6470,6791,1802441,1915688,1453735,1506147,217221,256110,13239,15108,95246,113121,2980,3088,20020,22114,1470240,1524054,221743,262137,23942,27286,102724,120716,5373,5681,224673,237587,201636,212720,9545,10937,6532,6355,1997,2112,676,690,4287,4773,205357,216803,11319,13011,8806,8899,2940,3218,1097,1110
R,8,2021,64,4113228,1986068,2127160,1627088,1701796,218994,263320,19495,20786,93546,111603,3532,3588,23413,26067,1646548,1723203,225105,271109,32238,35537,101460,119569,6223,6566,1771375,1897428,1434384,1495970,210020,252774,12971,14683,91674,109608,2917,2929,19409,21464,1450358,1513388,214473,258549,23527,27003,98753,116544,5246,5467,214693,229732,192704,205826,8974,10546,6524,6103,1872,1995,615,659,4004,4603,196190,209815,10632,12560,8711,8534,2707,3025,977,1099
R,8,2021,65,3937314,1889543,2047771,1549711,1637647,205458,251450,18167,19940,90910,110258,3221,3439,22076,25037,1568136,1658154,211129,258907,30188,34114,98284,118027,5794,6235,1688703,1829246,1369553,1441929,197012,241427,12118,14238,89130,108196,2644,2878,18246,20578,1384638,1458600,201070,246906,22058,26083,95688,114955,4863,5261,200840,218525,180158,195718,8446,10023,6049,5702,1780,2062,577,561,3830,4459,183498,199554,10059,12001,8130,8031,2596,3072,931,974
R,8,2021,66,3832143,1830880,2001263,1506918,1606575,194388,239971,17262,18751,88214,109017,3045,3349,21053,23600,1524336,1625814,199808,247030,28918,31993,95210,116401,5519,6053,1640596,1791473,1335636,1417854,186433,230728,11790,13495,86562,107153,2540,2769,17635,19474,1350095,1433496,190403,235963,21598,24572,92832,113641,4693,5104,190284,209790,171282,188721,7955,9243,5472,5256,1652,1864,505,580,3418,4126,174241,192318,9405,11067,7320,7421,2378,2760,826,949
R,8,2021,67,3698408,1757229,1941179,1455828,1566981,180041,227972,15854,17645,83338,103365,2785,3140,19383,22076,1472021,1584949,184950,234499,26835,30351,89614,110010,4920,5702,1583943,1746190,1299582,1391242,172698,219531,11048,12860,81935,101619,2338,2595,16342,18343,1313119,1405975,176294,224393,20402,23589,87547,107476,4221,4828,173286,194989,156246,175739,7343,8441,4806,4785,1403,1746,447,545,3041,3733,158902,178974,8656,10106,6433,6762,2067,2534,699,874
R,8,2021,68,3538535,1672986,1865549,1393819,1514717,164801,212488,14688,16395,79005,98236,2667,2888,18006,20825,1408827,1531759,169208,218510,24916,28450,84850,104575,4715,5281,1513912,1683710,1250361,1350540,158147,204579,10295,12039,77650,96690,2259,2422,15200,17440,1262939,1364630,161352,209133,19019,22290,82889,102275,4053,4517,159074,181839,143458,164177,6654,7909,4393,4356,1355,1546,408,466,2806,3385,145888,167129,7856,9377,5897,6160,1961,2300,662,764
R,8,2021,69,3409911,1606243,1803668,1345454,1469358,153197,202195,13420,15394,75097,94891,2521,2777,16554,19053,1359211,1484988,157301,207630,22945,26672,80359,100483,4486,4979,1459094,1633847,1212387,1315946,147149,194762,9535,11358,73837,93415,2154,2347,14032,16019,1223945,1328925,150191,198884,17678,21027,78572,98339,3871,4253,147149,169821,133067,153412,6048,7433,3885,4036,1260,1476,367,430,2522,3034,135266,156063,7110,8746,5267,5645,1787,2144,615,726
R,8,2021,70,3235533,1513492,1722041,1268494,1401560,145416,195753,12743,14535,69028,89672,2254,2518,15557,18003,1281417,1416265,149253,201043,21913,25293,73821,94799,4068,4583,1374921,1561037,1142950,1256170,139750,188743,9178,10669,67884,88221,1940,2128,13219,15106,1153835,1268337,142609,192772,17058,19895,72182,92709,3554,3925,138571,161004,125544,145390,5666,7010,3565,3866,1144,1451,314,390,2338,2897,127582,147928,6644,8271,4855,5398,1639,2090,514,658
R,8,2021,71,3074818,1432070,1642748,1194438,1332529,137580,185549,12187,13733,70651,91274,2273,2446,14941,17217,1206838,1346492,141297,190632,21024,23862,75241,96395,4012,4471,1302763,1488567,1077415,1193132,132201,178727,8884,10237,69596,89920,1914,2087,12753,14464,1087931,1204724,135010,182579,16483,18937,73708,94391,3471,3854,129307,154181,117023,139397,5379,6822,3303,3496,1055,1354,359,359,2188,2753,118907,141768,6287,8053,4541,4925,1533,2004,541,617
R,8,2021,72,2984980,1385990,1598990,1166824,1310240,126050,172868,11420,12866,65732,84449,2186,2385,13778,16182,1178286,1323508,129338,177543,19657,22615,69932,88981,3814,4213,1267076,1456388,1058967,1180920,121282,166750,8381,9655,64739,83281,1868,2033,11839,13749,1068754,1192090,123769,170333,15566,18162,68490,87271,3297,3640,118914,142602,107857,129320,4768,6118,3039,3211,993,1168,318,352,1939,2433,109532,131418,5569,7210,4091,4453,1442,1710,517,573
R,8,2021,73,2912065,1350892,1561173,1146026,1290507,117279,162357,10590,12142,62041,78506,1953,2192,13003,15469,1156859,1303276,120446,166678,18410,21486,65893,82847,3463,3956,1239040,1425638,1044456,1167510,112774,156668,7870,9160,61143,77357,1669,1872,11128,13071,1053642,1178171,115195,159959,14658,17256,64576,81169,3021,3421,111852,135535,101570,122997,4505,5689,2720,2982,898,1149,284,320,1875,2398,103217,125105,5251,6719,3752,4230,1317,1678,442,535
R,8,2021,74,3058496,1426104,1632392,1230305,1375898,111641,153601,10738,11784,58435,73703,1859,1936,13126,15470,1241346,1388797,114728,157915,18894,21370,62083,77840,3364,3606,1318983,1501732,1132761,1256961,107570,148223,8052,9031,57620,72603,1602,1655,11378,13259,1142292,1267913,109951,151583,15276,17437,60838,76267,2933,3149,107121,130660,97544,118937,4071,5378,2686,2753,815,1100,257,281,1748,2211,99054,120884,4777,6332,3618,3933,1245,1573,431,457
R,8,2021,75,2215590,1016090,1199500,863932,994451,84010,120574,7984,9256,48602,61504,1628,1701,9934,12014,872272,1004374,86371,123885,13897,16308,51572,65025,2837,3138,928048,1087365,783798,892571,80513,115717,5843,6947,47946,60585,1415,1468,8533,10077,790933,900810,82280,118195,11017,12986,50604,63670,2486,2745,88042,112135,80134,101880,3497,4857,2141,2309,656,919,213,233,1401,1937,81339,103564,4091,5690,2880,3322,968,1355,351,393
R,8,2021,76,2054840,932396,1122444,792160,930273,77984,114121,7259,8633,44438,56709,1383,1586,9172,11122,799844,939470,80151,117179,12719,15197,47145,59931,2562,2918,852345,1019506,719212,836413,74931,109893,5378,6529,43785,55881,1187,1362,7852,9428,725733,844141,76558,112204,10129,12220,46197,58713,2237,2536,80051,102938,72948,93860,3053,4228,1881,2104,653,828,196,224,1320,1694,74111,95329,3593,4975,2590,2977,948,1218,325,382
R,8,2021,77,1986762,895376,1091386,766079,912678,71581,106197,6716,7999,41350,52445,1256,1418,8394,10649,773138,921491,73495,109199,11753,14384,43809,55400,2324,2708,823726,995809,700680,825386,68743,102434,5047,6055,40843,51652,1103,1226,7310,9056,706788,832821,70227,104736,9528,11617,43049,54256,2060,2375,71650,95577,65399,87292,2838,3763,1669,1944,507,793,153,192,1084,1593,66350,88670,3268,4463,2225,2767,760,1144,264,333
R,8,2021,78,2001109,895688,1105421,775361,935954,67258,103133,6193,7586,37867,47296,1113,1266,7896,10186,782048,944455,69042,105906,11069,13796,40028,50032,2088,2449,829396,1014462,714740,853054,64670,99334,4772,5745,37348,46604,984,1088,6882,8637,720571,860217,66032,101399,9133,11181,39259,48990,1847,2144,66292,90959,60621,82900,2588,3799,1421,1841,519,692,129,178,1014,1549,61477,84238,3010,4507,1936,2615,769,1042,241,305
R,8,2021,79,1709706,756897,952809,650070,800210,58292,90681,5459,6648,35144,45373,946,1162,6986,8735,655909,807480,59914,93039,9749,11958,37142,47770,1772,2141,698427,871921,596573,726124,56011,87533,4215,5043,34718,44747,824,974,6086,7500,601637,732312,57272,89350,8023,9713,36505,46873,1555,1856,58470,80888,53497,74086,2281,3148,1244,1605,426,626,122,188,900,1235,54272,75168,2642,3689,1726,2245,637,897,217,285
R,8,2021,80,1516489,662906,853583,567899,714860,51394,82979,4898,5982,31701,40775,878,995,6136,7992,573072,721499,52772,85135,8621,10818,33503,43027,1620,1931,609955,779366,519428,646792,49352,80079,3777,4625,31312,40203,778,841,5308,6826,523885,652429,50386,81735,7072,8854,32912,42177,1437,1670,52951,74217,48471,68068,2042,2900,1121,1357,389,572,100,154,828,1166,49187,69070,2386,3400,1549,1964,591,850,183,261
R,8,2021,81,1373046,591742,781304,504085,651645,46864,77325,4460,5565,29863,38429,822,1004,5648,7336,508813,657739,48154,79349,7805,9937,31607,40480,1507,1867,542734,711278,459240,587537,44992,74511,3401,4264,29468,37896,711,824,4922,6246,463352,592679,45982,76054,6355,8070,31036,39703,1329,1586,49008,70026,44845,64108,1872,2814,1059,1301,395,533,111,180,726,1090,45461,65060,2172,3295,1450,1867,571,777,178,281
R,8,2021,82,1254350,535402,718948,458604,603863,40946,68579,3770,4919,26531,34081,659,908,4892,6598,462745,609347,42075,70342,6662,8841,27994,35958,1256,1722,491344,654924,418248,545116,39203,66020,2871,3781,26211,33596,567,780,4244,5631,421814,549789,40064,67345,5426,7212,27521,35241,1111,1486,44058,64024,40356,58747,1743,2559,899,1138,320,485,92,128,648,967,40931,59558,2011,2997,1236,1629,473,717,145,236
R,8,2021,83,1160002,487107,672895,417981,566141,36464,63656,3423,4667,24111,31686,632,822,4496,5923,421770,571068,37490,65273,6103,8116,25464,33397,1148,1528,447346,613527,381446,511758,34981,61234,2663,3591,23811,31254,538,669,3907,5021,384724,515906,35762,62467,5041,6597,25025,32750,994,1281,39761,59368,36535,54383,1483,2422,760,1076,300,432,94,153,589,902,37046,55162,1728,2806,1062,1519,439,647,154,247
R,8,2021,84,1022431,422482,599949,361979,504127,31781,56895,2949,4043,21304,28734,550,733,3919,5417,365337,508654,32676,58362,5249,7177,22518,30303,990,1398,387290,546562,329660,455147,30423,54772,2269,3084,21050,28304,474,613,3414,4642,332573,458995,31100,55900,4322,5832,22140,29693,866,1204,35192,53387,32319,48980,1358,2123,680,959,254,430,76,120,505,775,32764,49659,1576,2462,927,1345,378,610,124,194
R,8,2021,85,925080,376258,548822,322369,461139,28506,52581,2610,3672,18844,25979,468,627,3461,4824,325276,465142,29292,53925,4597,6512,19940,27349,900,1165,344686,500331,293315,416565,27282,50697,2025,2807,18627,25626,407,534,3030,4102,295855,419948,27878,51722,3794,5272,19619,26830,791,1009,31572,48491,29054,44574,1224,1884,585,865,217,353,61,93,431,722,29421,45194,1414,2203,803,1240,321,519,109,156
R,8,2021,86,837232,333098,504134,286144,424890,24681,47437,2274,3298,16569,23523,417,562,3013,4424,288681,428539,25375,48624,3993,5853,17507,24830,816,1093,305136,459608,260323,383932,23663,45716,1768,2497,16366,23192,368,467,2648,3804,262544,387049,24210,46637,3312,4752,17205,24342,729,929,27962,44526,25821,40958,1018,1721,506,801,203,331,49,95,365,620,26137,41490,1165,1987,681,1101,302,488,87,164
R,8,2021,87,712402,278382,434020,239044,365863,20441,40707,1830,2712,14132,20438,385,492,2550,3808,241215,369061,21026,41753,3254,4868,14960,21604,700,943,255170,396366,217589,331176,19634,39269,1401,2053,13972,20155,330,427,2244,3286,219497,333927,20092,40076,2676,3950,14714,21187,613,824,23212,37654,21455,34687,807,1438,429,659,160,283,55,65,306,522,21718,35134,934,1677,578,918,246,417,87,119
R,8,2021,88,637393,243446,393947,209665,332638,17374,36039,1606,2430,12316,19056,315,420,2170,3364,211505,335426,17870,36944,2806,4348,13041,20053,577,863,223908,360818,191613,302032,16660,34794,1255,1884,12178,18823,277,366,1925,2919,193238,304437,17058,35510,2334,3585,12838,19714,513,763,19538,33129,18052,30606,714,1245,351,546,138,233,38,54,245,445,18267,30989,812,1434,472,763,203,339,64,100
R,8,2021,89,566997,210199,356798,181977,303151,14324,31373,1313,2126,10449,16727,273,369,1863,3052,183560,305701,14763,32221,2333,3862,11063,17598,522,752,193164,327097,166148,275699,13771,30277,1009,1632,10327,16523,240,324,1669,2642,167564,277891,14132,30960,1925,3164,10892,17296,467,656,17035,29701,15829,27452,553,1096,304,494,122,204,33,45,194,410,15996,27810,631,1261,408,698,171,302,55,96
R,8,2021,90,493081,177917,315164,154884,269453,11457,26380,1063,1796,8728,14650,227,312,1558,2573,156206,271593,11817,27109,1924,3258,9256,15401,426,628,163373,289336,141355,245549,11000,25461,806,1355,8644,14486,201,270,1367,2215,142515,247380,11283,26032,1568,2640,9116,15145,377,554,14544,25828,13529,23904,457,919,257,441,84,164,26,42,191,358,13691,24213,534,1077,356,618,140,256,49,74
R,8,2021,91,426312,148493,277819,128762,236874,9695,23401,943,1581,7586,13384,196,293,1311,2286,129870,238784,10001,24030,1675,2881,8012,14052,366,575,136305,255121,117424,215785,9295,22635,723,1214,7522,13242,179,254,1162,1991,118407,217440,9543,23123,1374,2377,7907,13837,332,505,12188,22698,11338,21089,400,766,220,367,64,142,17,39,149,295,11463,21344,458,907,301,504,105,215,34,70
R,8,2021,92,346932,116109,230823,100947,197408,7300,19149,721,1199,5936,10907,148,251,1057,1909,101829,198983,7553,19704,1330,2287,6265,11447,287,494,106765,212687,92282,180588,6991,18503,558,918,5875,10793,132,221,927,1664,93056,181953,7193,18953,1103,1884,6166,11274,252,438,9344,18136,8665,16820,309,646,163,281,61,114,16,30,130,245,8773,17030,360,751,227,403,99,173,35,56
R,8,2021,93,288677,92391,196286,80381,168236,5689,15929,569,1055,4802,9230,100,192,850,1644,81097,169600,5881,16390,1034,1988,5085,9704,219,417,85197,181494,73678,154564,5461,15386,445,806,4767,9134,87,165,759,1439,74318,155746,5623,15756,864,1640,5025,9559,191,364,7194,14792,6703,13672,228,543,124,249,35,96,13,27,91,205,6779,13854,258,634,170,348,60,145,28,53
R,8,2021,94,230795,70698,160097,61280,137220,4383,12927,418,875,3868,7601,79,151,670,1323,61843,138326,4549,13291,792,1637,4082,7978,162,316,65440,148641,56358,126634,4232,12496,342,682,3840,7524,69,131,599,1174,56861,127611,4370,12793,679,1372,4033,7861,141,278,5258,11456,4922,10586,151,431,76,193,28,77,10,20,71,149,4982,10715,179,498,113,265,49,117,21,38
R,8,2021,95,177909,52067,125842,44951,107620,3290,10224,314,666,2947,6136,58,136,507,1060,45377,108502,3421,10533,598,1263,3105,6428,125,271,48154,116911,41314,99341,3167,9909,249,524,2923,6077,52,120,449,940,41690,100123,3270,10164,503,1064,3065,6339,111,240,3913,8931,3637,8279,123,315,65,142,24,59,6,16,58,120,3687,8379,151,369,95,199,40,89,14,31
R,8,2021,96,136237,37733,98504,32371,84102,2370,7898,238,518,2335,4993,37,109,382,884,32689,84834,2462,8181,447,1023,2464,5218,90,210,35019,91797,29852,77899,2288,7649,189,413,2317,4946,33,99,340,791,30137,78556,2363,7891,375,875,2432,5144,79,186,2714,6707,2519,6203,82,249,49,105,18,47,4,10,42,93,2552,6278,99,290,72,148,32,74,11,24
R,8,2021,97,100043,26456,73587,22538,62893,1668,5792,162,394,1783,3819,33,76,272,613,22766,63402,1744,5975,313,741,1873,3994,66,156,24563,68883,20775,58537,1609,5619,131,317,1771,3788,30,68,247,554,20984,58997,1672,5775,270,637,1856,3945,59,141,1893,4704,1763,4356,59,173,31,77,12,31,3,8,25,59,1782,4405,72,200,43,104,17,49,7,15
R,8,2021,98,71103,18185,52918,15349,44977,1154,4242,124,272,1326,2891,20,55,212,481,15521,45368,1212,4392,235,551,1401,3017,55,125,16881,49625,14141,41918,1114,4124,102,224,1317,2872,18,50,189,437,14297,42272,1163,4253,202,481,1385,2986,46,112,1304,3293,1208,3059,40,118,22,48,9,19,2,5,23,44,1224,3096,49,139,33,70,16,31,9,13
R,8,2021,99,48740,11616,37124,9680,31504,746,2969,76,196,961,2062,13,50,140,343,9796,31782,786,3080,151,386,1011,2155,35,98,10845,34898,8964,29446,724,2887,66,164,952,2046,11,45,128,310,9070,29697,758,2983,135,338,999,2130,30,89,771,2226,716,2058,22,82,10,32,9,16,2,5,12,33,726,2085,28,97,16,48,12,25,5,9
R,8,2021,100,80798,16730,64068,13475,52635,1137,5636,122,382,1725,4637,31,85,240,693,13667,53183,1212,5886,248,764,1804,4823,72,187,15712,60576,12545,49433,1103,5502,103,333,1717,4613,27,78,217,617,12720,49919,1168,5718,217,678,1789,4775,62,169,1018,3492,930,3202,34,134,19,49,8,24,4,7,23,76,947,3264,44,168,31,86,15,48,10,18
R,9,2021,999,332476987,164619484,167857503,125454456,126187441,21724531,23451234,2204084,2158362,9897904,10674834,441252,426800,4897257,4958832,129828833,130593548,23968801,25768811,3600869,3611756,11724125,12488395,865920,853485,132608778,136619413,97546139,99001723,20106438,21790723,1193889,1225229,9561605,10340444,317775,311373,3882932,3949921,101013863,102508948,21869760,23621614,2174919,2267355,11108504,11875702,650316,647047,32010706,31238090,27908317,27185718,1618093,1660511,1010195,933133,336299,334390,123477,115427,1014325,1008911,28814970,28084600,2099041,2147197,1425950,1344401,615621,612693,215604,206438
R,9,2021,0,3595471,1838691,1756780,1265622,1205318,301372,292400,33587,32290,105824,99887,7084,6607,125202,120278,1380773,1315920,370703,359159,56954,54797,152035,144122,15677,14779,1342727,1278002,865210,818540,263523,255629,12360,11882,98195,92568,4059,3843,99380,95540,957142,906892,319378,309450,27114,26129,136368,129138,10283,9780,495964,478778,400412,386778,37849,36771,21227,20408,7629,7319,3025,2764,25822,24738,423631,409028,51325,49709,29840,28668,15667,14984,5394,4999
R,9,2021,1,3691800,1887579,1804221,1306139,1245763,302093,292778,35018,33483,112667,106147,7015,6618,124647,119432,1420795,1355609,371209,359128,58145,55707,158693,150103,15545,14721,1389559,1325847,901419,856819,266096,258009,13501,13004,104925,98799,4273,3959,99345,95257,993304,944902,321967,311683,28213,27163,143103,135295,10516,9899,498020,478374,404720,388944,35997,34769,21517,20479,7742,7348,2742,2659,25302,24175,427491,410707,49242,47445,29932,28544,15590,14808,5029,4822
R,9,2021,2,3767112,1924074,1843038,1335860,1276219,303562,296080,35826,34426,116928,110098,7310,6860,124588,119355,1450376,1385928,372457,362287,58978,56717,163119,154078,15875,14970,1421025,1356946,926325,879918,267721,261313,14176,13757,108958,102571,4479,4217,99366,95170,1018131,967846,323364,314836,28959,27989,147365,139099,10794,10192,503049,486092,409535,396301,35841,34767,21650,20669,7970,7527,2831,2643,25222,24185,432245,418082,49093,47451,30019,28728,15754,14979,5081,4778
R,9,2021,3,3842107,1963511,1878596,1363041,1300700,308303,300765,36601,34839,121652,114337,7364,6973,126550,120982,1479355,1411884,378093,367786,60164,57437,168671,158988,16077,15214,1452737,1386561,945963,898428,272855,266462,14302,13813,113810,106839,4593,4331,101214,96688,1039459,987725,329386,320738,29375,28298,153056,144052,11037,10420,510774,492035,417078,402272,35448,34303,22299,21026,7842,7498,2771,2642,25336,24294,439896,424159,48707,47048,30789,29139,15615,14936,5040,4794
R,9,2021,4,3925820,2009235,1916585,1397822,1329933,311242,302829,36044,34594,128627,120371,7504,7116,127996,121742,1515401,1441810,380997,369878,60037,57560,176809,165443,16470,15497,1489009,1415935,968828,917485,276623,269201,15305,14544,120895,112950,4824,4478,102534,97277,1063444,1007302,333096,323473,30790,29312,161248,150518,11525,10673,520226,500650,428994,412448,34619,33628,20739,20050,7732,7421,2680,2638,25462,24465,451957,434508,47901,46405,29247,28248,15561,14925,4945,4824
R,9,2021,5,4040221,2064823,1975398,1451820,1383315,312224,305736,35667,34386,128356,121009,7452,7122,129304,123830,1570658,1497162,382276,373307,60292,58014,177009,167105,16527,15700,1530328,1461836,1007998,956818,277809,272426,15839,15349,120520,113641,4730,4507,103432,99095,1103506,1048367,334507,327165,31754,30640,161167,152139,11477,10875,534495,513562,443822,426497,34415,33310,19828,19037,7836,7368,2722,2615,25872,24735,467152,448795,47769,46142,28538,27374,15842,14966,5050,4825
R,9,2021,6,4079053,2084059,1994994,1466227,1398854,317126,309443,35118,34176,129174,121615,7375,7160,129039,123746,1584842,1512608,386982,376945,59862,57858,177571,167641,16429,15728,1548663,1477836,1020105,968430,282563,275906,16259,15500,121609,114357,4705,4540,103422,99103,1115606,1059963,339130,330619,32365,30834,162162,152856,11477,10937,535396,517158,446122,430424,34563,33537,18859,18676,7565,7258,2670,2620,25617,24643,469236,452645,47852,46326,27497,27024,15409,14785,4952,4791
R,9,2021,7,4081077,2088669,1992408,1472228,1398065,318134,309751,35448,34281,127707,120781,7139,6866,128013,122664,1589913,1510826,387085,376730,60166,57919,175868,166166,16235,15433,1555799,1481038,1028261,972388,283294,276126,16562,15918,120451,113921,4630,4455,102601,98230,1123039,1063108,339086,330426,32693,31283,160819,151856,11412,10847,532870,511370,443967,425677,34840,33625,18886,18363,7256,6860,2509,2411,25412,24434,466874,447718,47999,46304,27473,26636,15049,14310,4823,4586
R,9,2021,8,4052958,2071791,1981167,1459636,1391662,316316,308132,35333,33938,127341,120142,7040,6748,126125,120545,1575490,1502299,383842,373561,59810,57444,175092,165052,16183,15309,1544240,1472680,1019175,967197,282301,275343,16717,16007,120388,113334,4619,4356,101040,96443,1112416,1056125,336914,328307,32690,31335,160420,150856,11403,10658,527551,508487,440461,424465,34015,32789,18616,17931,6953,6808,2421,2392,25085,24102,463074,446174,46928,45254,27120,26109,14672,14196,4780,4651
R,9,2021,9,4063042,2078370,1984672,1469450,1399143,316866,307046,35974,34826,124655,118015,6877,6626,124548,119016,1583800,1508394,383603,371334,60526,58313,171504,162348,15880,15168,1545980,1471653,1024127,969942,283283,274798,16799,16171,117829,111400,4462,4277,99480,95065,1115879,1057616,337100,326713,32782,31476,157034,148430,11133,10593,532390,513019,445323,429201,33583,32248,19175,18655,6826,6615,2415,2349,25068,23951,467921,450778,46503,44621,27744,26837,14470,13918,4747,4575
R,9,2021,10,4113141,2109968,2003173,1500427,1420066,320718,309832,35130,33837,121641,114496,6790,6461,125262,118481,1615497,1528815,387898,373675,60066,57603,168442,158496,15843,14969,1563073,1479522,1038921,978812,287992,278092,17137,16174,114916,108097,4382,4164,99725,94183,1130940,1065657,342087,329436,33334,31581,153921,144715,11064,10412,546895,523651,461506,441254,32726,31740,17993,17663,6725,6399,2408,2297,25537,24298,484557,463158,45811,44239,26732,26022,14521,13781,4779,4557
R,9,2021,11,4185439,2144213,2041226,1534252,1455413,324094,312444,34378,33095,119906,114127,6490,6291,125093,119856,1649409,1565578,391149,377250,59608,57523,166069,157897,15410,14758,1582262,1502872,1055348,996652,292718,282092,17276,16884,113452,108068,4331,4193,99137,94983,1147013,1084324,346493,334001,33514,32701,151841,144520,10913,10416,561951,538354,478904,458761,31376,30352,17102,16211,6454,6059,2159,2098,25956,24873,502396,481254,44656,43249,26094,24822,14228,13377,4497,4342
R,9,2021,12,4258527,2180067,2078460,1566788,1486624,330644,320476,34542,33227,118384,113453,6604,6458,123105,118222,1679980,1595326,396731,384821,59464,56839,163608,156223,15195,14771,1611057,1533554,1080048,1020866,299205,289858,17876,17247,111977,107401,4498,4350,97453,93832,1170033,1107513,352346,341685,33813,32421,149586,143101,10834,10469,569010,544906,486740,465758,31439,30618,16666,15980,6407,6052,2106,2108,25652,24390,509947,487813,44385,43136,25651,24418,14022,13122,4361,4302
R,9,2021,13,4432199,2270732,2161467,1635334,1548974,345334,334425,35978,34234,123139,117702,6749,6533,124198,119599,1749378,1658843,412203,399794,60898,58327,168448,160633,15689,14785,1678254,1597643,1126844,1065618,312811,303289,18510,17909,116703,111560,4587,4374,98799,94893,1217895,1153108,366905,356117,34600,33310,154550,147318,11206,10465,592478,563824,508490,483356,32523,31136,17468,16325,6436,6142,2162,2159,25399,24706,531483,505735,45298,43677,26298,25017,13898,13315,4483,4320
R,9,2021,14,4449435,2278996,2170439,1648521,1564109,344760,333219,36506,34836,121900,115763,6702,6617,120607,115895,1759298,1670370,409314,395998,61368,58677,165790,157358,15409,14934,1685359,1603506,1138145,1076866,312757,302399,18615,18187,115490,109756,4574,4428,95778,91870,1226476,1161393,364896,353125,34665,33428,152005,144408,11010,10549,593637,566933,510376,487243,32003,30820,17891,16649,6410,6007,2128,2189,24829,24025,532822,508977,44418,42873,26703,25249,13785,12950,4399,4385
R,9,2021,15,4374137,2238900,2135237,1628776,1545552,333774,324414,35686,34036,119377,114875,6559,6334,114728,110026,1734048,1646461,394371,383181,59712,57005,161666,154824,14842,14178,1662336,1583469,1131532,1069866,303478,294902,18331,17786,113133,109187,4473,4268,91389,87460,1215684,1150348,352571,342600,33853,32563,148607,142549,10630,10060,576564,551768,497244,475686,30296,29512,17355,16250,6244,5688,2086,2066,23339,22566,518364,496113,41800,40581,25859,24442,13059,12275,4212,4118
R,9,2021,16,4326359,2212506,2113853,1617616,1534125,325056,316218,34938,33909,119616,117908,6562,6415,108718,105278,1717230,1630400,381784,371648,58276,56407,159861,156480,14354,13971,1650108,1576684,1131373,1069832,295690,288088,18122,17662,113814,112427,4507,4472,86602,84203,1211025,1147062,341694,333263,33217,32249,147595,144918,10289,10138,562398,537169,486243,464293,29366,28130,16816,16247,5802,5481,2055,1943,22116,21075,506205,483338,40090,38385,25059,24158,12266,11562,4065,3833
R,9,2021,17,4328239,2212324,2115915,1623953,1541236,321340,313195,34200,32972,121443,120696,6412,6114,104976,101702,1720029,1634249,375320,365930,57089,55216,160727,158282,14149,13541,1662492,1589100,1147179,1084856,293142,286093,18031,17301,115674,115208,4483,4262,83983,81380,1224319,1159482,336929,329058,33090,31990,148826,146890,10316,9798,549832,526815,476774,456380,28198,27102,16169,15671,5769,5488,1929,1852,20993,20322,495710,474767,38391,36872,23999,23226,11901,11392,3833,3743
R,9,2021,18,4310374,2202524,2107850,1620683,1537837,318276,311650,33728,32394,122955,122329,6319,6035,100563,97605,1712558,1627021,369648,361652,56341,54370,160323,158604,13825,13185,1661969,1589059,1151562,1087229,290477,285420,17655,17040,117351,116968,4432,4249,80492,78153,1225357,1158887,332286,326137,32580,31621,148861,147499,10058,9679,540555,518791,469121,450608,27799,26230,16073,15354,5604,5361,1887,1786,20071,19452,487201,468134,37362,35515,23761,22749,11462,11105,3767,3506
R,9,2021,19,4298321,2195407,2102914,1614621,1533886,321973,315981,33739,31948,122590,120745,6146,5981,96338,94373,1702492,1619726,370807,364490,56078,54060,158213,155115,13391,13010,1661511,1592096,1150352,1089420,294735,290075,17867,17143,117149,115632,4363,4211,77045,75615,1220827,1158463,334534,329621,32592,31875,147139,144556,9886,9563,533896,510818,464269,444466,27238,25906,15872,14805,5441,5113,1783,1770,19293,18758,481665,461263,36273,34869,23486,22185,11074,10559,3505,3447
R,9,2021,20,4351610,2221685,2129925,1630521,1552108,328687,322523,33419,31961,127246,124657,6055,5920,95757,92756,1717551,1636543,377124,369806,56150,54050,162662,158500,13279,12961,1692066,1624060,1169675,1111434,301600,297046,17961,17437,121924,119629,4305,4120,76601,74394,1239426,1179367,340945,335665,33178,32276,151868,148244,9781,9478,529619,505865,460846,440674,27087,25477,15458,14524,5322,5028,1750,1800,19156,18362,478125,457176,36179,34141,22972,21774,10794,10256,3498,3483
R,9,2021,21,4370463,2230422,2140041,1633741,1554245,335375,330439,33926,32409,127924,126214,6179,5895,93277,90839,1718636,1636512,382343,376844,56853,54644,161906,159025,13206,12825,1704796,1638332,1175730,1117455,308809,304927,18426,17680,122685,121201,4448,4179,74698,72890,1243839,1183639,346970,342778,33841,32791,151495,148881,9835,9455,525626,501709,458011,436790,26566,25512,15500,14729,5239,5013,1731,1716,18579,17949,474797,452873,35373,34066,23012,21853,10411,10144,3371,3370
R,9,2021,22,4292200,2189248,2102952,1607824,1532084,326801,321938,32843,31835,125479,123769,6117,5681,90184,87645,1689685,1611321,372084,366723,55398,53948,157955,154957,13237,12424,1680408,1615681,1164237,1107565,301043,297192,18069,17656,120356,118917,4396,4072,72307,70279,1230023,1171220,337952,333764,33467,32840,147787,145111,9852,9239,508840,487271,443587,424519,25758,24746,14774,14179,5123,4852,1721,1609,17877,17366,459662,440101,34132,32959,21931,21108,10168,9846,3385,3185
R,9,2021,23,4292168,2186502,2105666,1601581,1529409,328209,324030,32707,31812,130284,129069,6101,5774,87620,85572,1680782,1606972,371900,367235,55055,53788,161698,159313,12997,12300,1684634,1624485,1163752,1109779,302992,299803,17943,17652,125190,124211,4397,4138,70360,68902,1227453,1172371,338661,335186,33247,32883,151797,149762,9754,9188,501868,481181,437829,419630,25217,24227,14764,14160,5094,4858,1704,1636,17260,16670,453329,434601,33239,32049,21808,20905,9901,9551,3243,3112
R,9,2021,24,4279590,2177260,2102330,1593152,1525865,325008,321770,32139,31307,136641,134904,6086,5700,84234,82784,1669390,1600545,366274,362848,54281,53284,167134,164411,12695,12168,1681843,1627558,1160524,1111210,300433,298294,17607,17437,131681,130133,4410,4132,67188,66352,1221472,1171113,333734,331689,32750,32667,157436,155121,9509,9131,495417,474772,432628,414655,24575,23476,14532,13870,4960,4771,1676,1568,17046,16432,447918,429432,32540,31159,21531,20617,9698,9290,3186,3037
R,9,2021,25,4311223,2193327,2117896,1604929,1535630,324033,322774,32368,30990,143001,141804,6317,5861,82679,80837,1679627,1608365,363737,362359,54827,52939,172959,170918,12950,12435,1700198,1645330,1174060,1122376,299769,299754,17764,17167,138120,136972,4584,4236,65901,64825,1233704,1180779,331778,331941,33075,32356,163547,161617,9739,9406,493129,472566,430869,413254,24264,23020,14604,13823,4881,4832,1733,1625,16778,16012,445923,427586,31959,30418,21752,20583,9412,9301,3211,3029
R,9,2021,26,4390472,2233041,2157431,1627662,1558383,338511,335288,32736,31608,146745,146783,6458,6274,80929,79095,1700272,1629211,376863,373823,55508,53625,176185,175150,13195,12909,1736172,1680617,1192988,1141549,313804,311412,18225,17673,141819,141975,4711,4578,64625,63430,1250951,1198423,344716,342578,34070,33149,166884,166024,9975,9799,496869,476814,434674,416834,24707,23876,14511,13935,4926,4808,1747,1696,16304,15665,449321,430788,32147,31245,21438,20476,9301,9126,3220,3110
R,9,2021,27,4459923,2266732,2193191,1643673,1574929,353411,349943,32941,32242,151541,151805,6431,6442,78735,77830,1713910,1644266,389912,387100,55952,54882,180341,179774,13352,13044,1767787,1716034,1206699,1157789,328435,326040,18587,18043,146662,147038,4735,4732,62669,62392,1262567,1213362,357701,356098,34628,34073,171155,170778,10153,9931,498945,477157,436974,417140,24976,23903,14354,14199,4879,4767,1696,1710,16066,15438,451343,430904,32211,31002,21324,20809,9186,8996,3199,3113
R,9,2021,28,4554755,2314392,2240363,1674946,1603341,367142,362859,34299,33272,155935,159067,6751,6471,75319,75353,1741872,1670192,401250,398171,56745,55965,183993,186226,13466,13056,1809252,1760299,1232206,1183344,341600,338666,19394,19049,151155,154225,4922,4765,59975,60250,1285513,1236801,368772,366961,35112,35147,175097,177368,10218,9930,505140,480064,442740,419997,25542,24193,14905,14223,4780,4842,1829,1706,15344,15103,456359,433391,32478,31210,21633,20818,8896,8858,3248,3126
R,9,2021,29,4648242,2356720,2291522,1707044,1639940,372339,370176,35770,33862,160866,166621,6874,6633,73827,74290,1772296,1705522,404441,403756,58676,56456,188741,194360,13639,13346,1844966,1806563,1258915,1215865,346346,345202,20262,19609,156020,161676,4969,4877,58454,59334,1310518,1268240,371508,371912,36300,35659,179905,185384,10336,10109,511754,484959,448129,424075,25993,24974,15508,14253,4846,4945,1905,1756,15373,14956,461778,437282,32933,31844,22376,20797,8836,8976,3303,3237
R,9,2021,30,4732143,2389869,2342274,1731073,1672541,375796,380082,35819,33368,168959,176047,7637,6985,70585,73251,1792497,1736333,405812,413076,57733,55338,196693,204459,14743,14087,1881089,1864194,1287236,1257012,349059,353655,20139,19509,163769,170685,5562,5200,55324,58133,1335219,1307520,372237,379625,35273,34911,187424,194898,11171,10861,508780,478080,443837,415529,26737,26427,15680,13859,5190,5362,2075,1785,15261,15118,457278,428813,33575,33451,22460,20427,9269,9561,3572,3226
R,9,2021,31,4764573,2405681,2358892,1750955,1689603,371344,378056,35550,32818,173658,181768,7774,7244,66400,69403,1808857,1750297,398739,408662,56199,54122,200413,208563,14463,13872,1895495,1886600,1305484,1279179,344537,351403,19638,19222,168387,176501,5579,5423,51870,54872,1350518,1327019,365387,375276,33859,34104,191306,199409,10879,10693,510186,472292,445471,410424,26807,26653,15912,13596,5271,5267,2195,1821,14530,14531,458339,423278,33352,33386,22340,20018,9107,9154,3584,3179
R,9,2021,32,4633169,2341433,2291736,1710137,1640842,352847,362961,34283,31378,174655,184916,7717,6879,61794,64760,1764032,1697158,377899,391117,53888,51255,199475,210411,13859,13221,1850094,1841511,1280971,1249151,327167,337624,18680,18371,169624,179774,5642,5203,48010,51388,1322651,1293638,345952,359535,32028,32339,190958,201768,10560,10303,491339,450225,429166,391691,25680,25337,15603,13007,5031,5142,2075,1676,13784,13372,441381,403520,31947,31582,21860,18916,8517,8643,3299,2918
R,9,2021,33,4565660,2303921,2261739,1697929,1632747,333155,346497,34098,30702,172357,183074,7647,6933,58735,61786,1748920,1686604,356346,373000,52613,49763,196483,207527,13727,13004,1811010,1813823,1266262,1242765,308324,321558,18243,17570,167432,178121,5566,5223,45183,48586,1305316,1285007,325431,341800,30584,30850,188114,199093,10377,10096,492911,447916,431667,389982,24831,24939,15855,13132,4925,4953,2081,1710,13552,13200,443604,401597,30915,31200,22029,18913,8369,8434,3350,2908
R,9,2021,34,4484310,2268670,2215640,1685430,1608042,318180,331800,32797,29693,169421,179976,7657,6780,55185,59349,1733264,1659774,339873,356979,50641,48313,191964,203536,13444,12590,1781541,1774741,1257689,1223546,294252,307521,17290,16992,164598,175251,5493,5060,42219,46371,1294011,1263797,310077,326618,29174,29831,183938,195511,10146,9713,487129,440899,427741,384496,23928,24279,15507,12701,4823,4725,2164,1720,12966,12978,439253,395977,29796,30361,21467,18482,8026,8025,3298,2877
R,9,2021,35,4498000,2277860,2220140,1703125,1621242,311148,326042,32609,29651,169784,179767,7683,6864,53511,56574,1749625,1670252,331620,349595,49971,48095,191770,202115,13417,12536,1785903,1778502,1270591,1235539,287218,301771,16938,16705,164888,175167,5488,5160,40780,44160,1305843,1273599,301920,319616,28480,29546,183667,194320,10058,9730,491957,441638,432534,385703,23930,24271,15671,12946,4896,4600,2195,1704,12731,12414,443782,396653,29700,29979,21491,18549,8103,7795,3359,2806
R,9,2021,36,4502446,2277802,2224644,1710166,1627912,306714,323526,32065,29329,169341,181321,7610,6822,51906,55734,1755149,1676273,326330,346010,49538,47663,190448,203727,13182,12536,1785106,1782727,1276482,1241557,283326,299574,16299,16506,164566,176708,5393,5184,39040,43198,1310034,1278847,297202,316171,27762,29251,182564,195923,9831,9803,492696,441917,433684,386355,23388,23952,15766,12823,4775,4613,2217,1638,12866,12536,445115,397426,29128,29839,21776,18412,7884,7804,3351,2733
R,9,2021,37,4419095,2230645,2188450,1677029,1602751,295289,315013,31562,28881,169600,181329,7345,6577,49820,53899,1720233,1649409,313716,336221,48478,47000,190084,203326,12803,12220,1748844,1751115,1252518,1219885,272719,291725,16127,16131,164810,176910,5226,4914,37444,41550,1284745,1255692,285680,307224,27248,28643,182248,195689,9552,9424,481801,437335,424511,382866,22570,23288,15435,12750,4790,4419,2119,1663,12376,12349,435488,393717,28036,28997,21230,18357,7836,7637,3251,2796
R,9,2021,38,4448698,2244807,2203891,1693317,1616220,295096,316553,31996,29237,167563,181517,7403,6773,49432,53591,1736129,1662477,313287,337430,48947,47688,187832,203164,12762,12440,1759077,1761738,1264905,1229554,272553,292618,16162,16176,162814,177064,5342,5078,37301,41248,1296945,1264931,285337,307883,27467,28925,180061,195571,9603,9624,485730,442153,428412,386666,22543,23935,15834,13061,4749,4453,2061,1695,12131,12343,439184,397546,27950,29547,21480,18763,7771,7593,3159,2816
R,9,2021,39,4470489,2253385,2217104,1704091,1628417,295323,318912,31726,28910,166078,181331,7434,6800,48733,52734,1746285,1673884,313183,339666,48783,47277,185826,202359,12797,12355,1764000,1768303,1272278,1235299,272645,294848,16032,15805,161275,176656,5288,5038,36482,40657,1303585,1270143,285109,310064,27330,28589,177946,194588,9558,9508,489385,448801,431813,393118,22678,24064,15694,13105,4803,4675,2146,1762,12251,12077,442700,403741,28074,29602,21453,18688,7880,7771,3239,2847
R,9,2021,40,4395966,2213014,2182952,1680925,1608822,289729,313930,30528,28504,157203,174121,7181,6280,47448,51295,1721796,1653107,306964,334198,47440,46508,176345,194298,12442,11703,1737571,1742815,1261057,1223177,267897,290499,15301,15689,152537,169560,5118,4597,35661,39293,1291525,1256881,279970,305202,26585,28135,168767,186781,9294,8960,475443,440137,419868,385645,21832,23431,15227,12815,4666,4561,2063,1683,11787,12002,430271,396226,26994,28996,20855,18373,7578,7517,3148,2743
R,9,2021,41,4403045,2216467,2186578,1680984,1607128,295736,321526,31038,28406,154546,172086,7259,6492,46904,50940,1721424,1650993,312849,341656,48117,46605,173257,191946,12543,11986,1731812,1743741,1253087,1218757,273540,297963,15497,15663,149795,167555,5073,4827,34820,38976,1282837,1252027,285352,312529,26817,28334,165476,184462,9270,9276,484655,442837,427897,388371,22196,23563,15541,12743,4751,4531,2186,1665,12084,11964,438587,398966,27497,29127,21300,18271,7781,7484,3273,2710
R,9,2021,42,4220229,2117303,2102926,1608816,1546520,280253,308632,29142,26948,148896,167050,6439,6036,43757,47740,1646579,1587543,296052,327365,45147,44117,166281,185764,11341,11030,1664358,1681204,1208664,1176895,259425,286029,14730,14766,144573,162794,4526,4478,32440,36242,1236397,1207786,270282,299322,25289,26662,159218,178669,8398,8508,452945,421722,400152,369625,20828,22603,14412,12182,4323,4256,1913,1558,11317,11498,410182,379757,25770,28043,19858,17455,7063,7095,2943,2522
R,9,2021,43,4115296,2062830,2052466,1573773,1514417,269146,297654,28010,26503,143911,162530,6199,5655,41791,45707,1609672,1553635,284175,315286,43515,43312,160514,180416,10664,10409,1618226,1635722,1179943,1148668,249129,275744,14141,14370,139692,158201,4422,4171,30899,34568,1206164,1178058,259420,288219,24408,25960,153641,173394,7965,7999,444604,416744,393830,365749,20017,21910,13869,12133,4219,4329,1777,1484,10892,11139,403508,375577,24755,27067,19107,17352,6873,7022,2699,2410
R,9,2021,44,4075305,2037479,2037826,1558495,1506371,263584,293925,28046,26316,141232,161140,6021,5670,40101,44404,1592990,1544237,277799,310952,43186,42929,157104,178573,10433,10402,1598863,1622003,1169243,1140056,244499,272533,14361,14641,136913,156903,4263,4172,29584,33698,1194372,1168525,254071,284604,24493,26254,150205,171668,7739,7963,438616,415823,389252,366315,19085,21392,13685,11675,4319,4237,1758,1498,10517,10706,398618,375712,23728,26348,18693,16675,6899,6905,2694,2439
R,9,2021,45,3919653,1958324,1961329,1494431,1450467,251154,279523,26974,25084,141734,159424,5659,5357,38372,41474,1527476,1485750,264293,295175,41588,40783,157080,175863,9984,9763,1533126,1554638,1116645,1091364,232713,259007,13722,13706,137677,155245,4066,3935,28303,31381,1140721,1117769,241457,270015,23458,24645,150642,169166,7501,7501,425198,406691,377786,359103,18441,20516,13252,11378,4057,4179,1593,1422,10069,10093,386755,367981,22836,25160,18130,16138,6438,6697,2483,2262
R,9,2021,46,3945896,1971317,1974579,1508458,1463061,251509,281523,26519,25113,143310,159982,5639,5138,35882,39762,1539082,1496875,263840,296234,40457,40316,157652,175822,9605,9292,1551701,1572691,1133877,1106912,234078,261795,13476,13890,139329,155979,4088,3801,26853,30314,1156513,1132436,242489,272135,22994,24577,151528,169519,7276,7153,419616,401888,374581,356149,17431,19728,13043,11223,3981,4003,1551,1337,9029,9448,382569,364439,21351,24099,17463,15739,6124,6303,2329,2139
R,9,2021,47,3892473,1942284,1950189,1487779,1447647,246569,276842,26127,24499,142099,158096,5334,5035,34376,38070,1517032,1479836,258167,290859,39729,39328,155833,173178,9228,9045,1535722,1557233,1123840,1098069,230120,258208,13355,13635,138418,154272,3918,3751,26071,29298,1145797,1122546,238162,268226,22752,24230,150237,167273,7088,7011,406562,392956,363939,349578,16449,18634,12772,10864,3681,3824,1416,1284,8305,8772,371235,357290,20005,22633,16977,15098,5596,5905,2140,2034
R,9,2021,48,3914474,1950735,1963739,1494913,1457828,249692,281151,25536,24659,141504,157774,5194,4976,33896,37351,1523692,1489304,260842,294725,38994,39411,155231,172665,8995,8888,1555080,1578558,1140325,1115020,233808,262960,13282,13868,137943,154035,3841,3720,25881,28955,1162037,1139136,241505,272708,22730,24619,149825,166900,6954,6906,395655,385181,354588,342808,15884,18191,12254,10791,3561,3739,1353,1256,8015,8396,361655,350168,19337,22017,16264,14792,5406,5765,2041,1982
R,9,2021,49,4078153,2035298,2042855,1568830,1526991,259805,290652,26131,24777,141594,158165,5206,4915,33732,37355,1597331,1558479,270649,303897,40079,40008,155012,172835,9002,8892,1641514,1659645,1215666,1185490,244174,272731,13824,14143,137944,154497,3891,3667,26015,29117,1237364,1209733,251802,282298,23848,25304,149593,167264,6980,6953,393784,383210,353164,341501,15631,17921,12307,10634,3650,3668,1315,1248,7717,8238,359967,348746,18847,21599,16231,14704,5419,5571,2022,1939
R,9,2021,50,4322465,2161789,2160676,1686635,1635227,270541,303365,26462,25623,138183,153419,5241,4979,34727,38063,1716044,1667325,281568,316733,41126,41541,151783,167977,9237,9170,1769964,1780234,1335181,1296427,254955,285572,14473,14802,134484,149799,3891,3751,26980,29883,1357794,1321361,262710,295251,25173,26747,146299,162414,7184,7219,391825,380442,351454,338800,15586,17793,11989,10821,3699,3620,1350,1228,7747,8180,358250,345964,18858,21482,15953,14794,5484,5563,2053,1951
R,9,2021,51,4332251,2167488,2164763,1696368,1646829,269798,298792,26459,25072,135684,151768,5204,5096,33975,37206,1725078,1677959,280597,311736,41058,41015,148647,166005,9217,9306,1782930,1796849,1351656,1319027,254349,281642,14465,14828,132119,148152,3902,3878,26439,29322,1373728,1343301,262026,291140,25183,26839,143330,160413,7230,7381,384558,367914,344712,327802,15449,17150,11994,10244,3565,3616,1302,1218,7536,7884,351350,334658,18571,20596,15875,14176,5317,5592,1987,1925
R,9,2021,52,4153510,2074086,2079424,1631941,1591560,252106,280774,25034,23980,128414,144094,4943,4880,31648,34136,1658788,1620170,261760,292236,39039,39146,140459,156939,8619,8709,1710675,1729956,1305853,1279785,237647,264695,13939,14231,125086,140667,3742,3726,24408,26852,1326335,1302074,244256,272945,24214,25716,135509,151776,6763,6897,363411,349468,326088,311775,14459,16079,11095,9749,3328,3427,1201,1154,7240,7284,332453,318096,17504,19291,14825,13430,4950,5163,1856,1812
R,9,2021,53,4052641,2020916,2031725,1588567,1552530,249787,279016,24485,23395,123816,139798,4603,4662,29658,32324,1613522,1579388,258731,289833,37909,37948,135034,151838,8081,8498,1669657,1693767,1273441,1250798,235513,263272,13592,14121,120733,136634,3437,3537,22941,25405,1292492,1271629,241655,271030,23556,25216,130451,147084,6331,6746,351259,337958,315126,301732,14274,15744,10893,9274,3083,3164,1166,1125,6717,6919,321030,307759,17076,18803,14353,12732,4583,4754,1750,1752
R,9,2021,54,4051642,2012978,2038664,1593817,1570827,248141,279619,23659,23316,114213,128959,4711,4598,28437,31345,1617738,1596892,256580,290292,36888,37809,124749,140133,8066,8274,1675666,1710632,1290690,1277841,234552,264234,13537,14452,111214,125969,3562,3513,22111,24623,1309041,1298058,240340,271871,23446,25544,120349,135602,6409,6613,337312,328032,303127,292986,13589,15385,10122,8864,2999,2990,1149,1085,6326,6722,308697,298834,16240,18421,13442,12265,4400,4531,1657,1661
R,9,2021,55,4090949,2028560,2062389,1604371,1589400,254071,286302,23770,23440,113685,127833,4615,4622,28048,30792,1627653,1614928,262495,296541,37117,38065,123865,138766,8068,8264,1697610,1740441,1307208,1301885,240415,271311,13763,14687,110801,124794,3533,3593,21890,24171,1325093,1321682,246172,278616,23966,25936,119582,134181,6453,6634,330950,321948,297163,287515,13656,14991,10007,8753,2884,3039,1082,1029,6158,6621,302560,293246,16323,17925,13151,12129,4283,4585,1615,1630
R,9,2021,56,4248673,2098343,2150330,1666274,1665064,260742,295854,24411,24313,113813,128732,4728,4685,28375,31682,1689961,1691263,269006,306237,38173,39610,124033,139780,8199,8473,1771265,1830312,1372554,1379357,247345,280824,14585,15618,110922,125722,3681,3686,22178,25105,1390799,1399841,253041,288308,25027,27587,119792,135266,6591,6876,327078,320018,293720,285707,13397,15030,9826,8695,2891,3010,1047,999,6197,6577,299162,291422,15965,17929,13146,12023,4241,4514,1608,1597
R,9,2021,57,4367981,2151287,2216694,1719486,1728537,260913,297092,24294,24587,113738,130292,4497,4633,28359,31553,1743048,1754589,268919,306973,38472,40412,123852,141242,8006,8377,1838682,1904682,1438858,1449860,247951,282429,14826,16017,111033,127485,3510,3650,22504,25241,1457324,1470417,253539,289547,25880,28649,119835,136987,6465,6832,312605,312012,280628,278677,12962,14663,9468,8570,2705,2807,987,983,5855,6312,285724,284172,15380,17426,12592,11763,4017,4255,1541,1545
R,9,2021,58,4380334,2153132,2227202,1724997,1743471,256688,292513,23943,24088,115197,131213,4285,4532,28022,31385,1748362,1769323,264426,302363,38075,39921,125145,141887,7644,8261,1854437,1926445,1456884,1474945,244288,278586,14927,15808,112527,128398,3360,3593,22451,25115,1475408,1495357,249705,285712,26081,28466,121251,137620,6234,6744,298695,300757,268113,268526,12400,13927,9016,8280,2670,2815,925,939,5571,6270,272954,273966,14721,16651,11994,11455,3894,4267,1410,1517
R,9,2021,59,4387234,2152105,2235129,1735833,1762782,253077,290466,23343,23985,107770,122495,4419,4518,27663,30883,1758995,1788114,260475,300147,37298,39927,117634,132910,7843,8189,1864612,1945423,1477380,1503865,241315,277414,14733,15871,105287,119801,3536,3606,22361,24866,1495910,1524027,246512,284416,25896,28727,113947,128838,6474,6686,287493,289706,258453,258917,11762,13052,8610,8114,2483,2694,883,912,5302,6017,263085,264087,13963,15731,11402,11200,3687,4072,1369,1503
R,9,2021,60,4378809,2142846,2235963,1740609,1773505,247517,286716,22683,23806,100686,117527,4152,4218,27199,30191,1763290,1798252,254729,295974,36728,39729,110321,127587,7445,7828,1872236,1960552,1497540,1527275,236421,274151,14581,16306,98303,114955,3343,3389,22048,24476,1515706,1547096,241545,280942,25862,29264,106757,123686,6152,6436,270610,275411,243069,246230,11096,12565,8102,7500,2383,2572,809,829,5151,5715,247584,251156,13184,15032,10866,10465,3564,3901,1293,1392
R,9,2021,61,4331335,2115847,2215488,1710990,1750182,247646,286361,22409,23510,103787,121734,4197,4194,26818,29507,1733457,1774291,254719,295504,36317,39048,113193,131558,7390,7693,1850807,1945175,1472944,1508354,236806,274110,14415,16180,101434,119173,3377,3395,21831,23963,1491045,1527678,241839,280847,25639,28846,109736,127697,6079,6373,265040,270313,238046,241828,10840,12251,7994,7330,2353,2561,820,799,4987,5544,242412,246613,12880,14657,10678,10202,3457,3861,1311,1320
R,9,2021,62,4232137,2059371,2172766,1675041,1726056,236817,277381,21067,22231,97208,115145,3895,3888,25343,28065,1696199,1749150,243323,285812,34383,37453,106175,124245,6864,7082,1817385,1921852,1457603,1501646,226841,265865,13882,15367,95064,112798,3171,3182,20824,22994,1474863,1520360,231509,272102,24759,27917,102986,120762,5700,5912,241986,250914,217438,224410,9976,11516,7185,6864,2144,2347,724,706,4519,5071,221336,228790,11814,13710,9624,9536,3189,3483,1164,1170
R,9,2021,63,4172867,2023404,2149463,1651672,1714547,226815,267348,19718,21461,97263,115442,3671,3787,24265,26878,1671840,1736519,233120,275443,32675,36148,105668,124168,6476,6801,1798239,1911404,1449691,1501424,217205,256380,13161,15077,95251,113310,2987,3103,19944,22110,1466113,1519317,221717,262403,23831,27232,102693,120924,5372,5702,225165,238059,201981,213123,9610,10968,6557,6384,2012,2132,684,684,4321,4768,205727,217202,11403,13040,8844,8916,2975,3244,1104,1099
R,9,2021,64,4117300,1987945,2129355,1627687,1703293,219511,263502,19529,20846,94171,111975,3510,3608,23537,26131,1647261,1724753,225647,271322,32307,35611,102135,119984,6232,6576,1772094,1898646,1433905,1496544,210507,252929,12985,14745,92303,109998,2899,2936,19495,21494,1449961,1513991,214980,258717,23557,27064,99425,116964,5246,5464,215851,230709,193782,206749,9004,10573,6544,6101,1868,1977,611,672,4042,4637,197300,210762,10667,12605,8750,8547,2710,3020,986,1112
R,9,2021,65,3949426,1895849,2053577,1554795,1641773,206334,252573,18233,20010,91065,110585,3257,3448,22165,25188,1573293,1662427,212036,260067,30325,34274,98472,118392,5827,6276,1694358,1834471,1374042,1445601,197837,242507,12193,14249,89283,108514,2670,2888,18333,20712,1389201,1462398,201922,248014,22205,26170,95872,115310,4888,5300,201491,219106,180753,196172,8497,10066,6040,5761,1782,2071,587,560,3832,4476,184092,200029,10114,12053,8120,8104,2600,3082,939,976
R,9,2021,66,3833957,1831904,2002053,1507387,1606781,194473,240161,17311,18804,88548,109295,3071,3371,21114,23641,1524875,1626043,199904,247259,28982,32082,95567,116682,5544,6069,1640780,1791416,1335402,1417386,186487,230821,11787,13515,86877,107421,2566,2784,17661,19489,1349893,1433034,190445,236075,21587,24617,93171,113907,4716,5112,191124,210637,171985,189395,7986,9340,5524,5289,1671,1874,505,587,3453,4152,174982,193009,9459,11184,7395,7465,2396,2775,828,957
R,9,2021,67,3705572,1760843,1944729,1457779,1568736,180973,228795,15952,17742,83836,104053,2806,3172,19497,22231,1474043,1586833,185926,235352,26947,30499,90188,110773,4966,5750,1586273,1748555,1300356,1391956,173606,220294,11110,12929,82409,102279,2350,2620,16442,18477,1313948,1406793,177248,225181,20474,23702,88087,108207,4256,4866,174570,196174,157423,176780,7367,8501,4842,4813,1427,1774,456,552,3055,3754,160095,180040,8678,10171,6473,6797,2101,2566,710,884
R,9,2021,68,3543412,1675148,1868264,1395022,1516443,165566,213304,14759,16446,79006,98263,2675,2885,18120,20923,1410138,1533560,170001,219356,25075,28526,84870,104657,4734,5303,1515408,1685591,1250996,1351544,158846,205363,10327,12058,77666,96712,2268,2422,15305,17492,1263684,1365669,162070,209924,19123,22312,82929,102350,4075,4538,159740,182673,144026,164899,6720,7941,4432,4388,1340,1551,407,463,2815,3431,146454,167891,7931,9432,5952,6214,1941,2307,659,765
R,9,2021,69,3423856,1612564,1811292,1349977,1474905,154025,203201,13519,15498,75860,95680,2550,2800,16633,19208,1363814,1490667,158152,208691,23064,26860,81149,101321,4510,5019,1464591,1640449,1216221,1320568,147930,195750,9593,11427,74584,94190,2179,2366,14084,16148,1227830,1333661,150976,199921,17754,21158,79341,99148,3893,4281,147973,170843,133756,154337,6095,7451,3926,4071,1276,1490,371,434,2549,3060,135984,157006,7176,8770,5310,5702,1808,2173,617,738
R,9,2021,70,3244443,1518198,1726245,1273283,1405682,145293,195867,12760,14578,68980,89516,2262,2538,15620,18064,1286241,1420458,149131,201150,21975,25385,73807,94641,4089,4608,1379049,1564771,1147166,1259868,139624,188827,9187,10720,67839,88070,1944,2142,13289,15144,1158098,1272081,142496,192841,17106,19987,72169,92557,3566,3945,139149,161474,126117,145814,5669,7040,3573,3858,1141,1446,318,396,2331,2920,128143,148377,6635,8309,4869,5398,1638,2084,523,663
R,9,2021,71,3078132,1433054,1645078,1195006,1334270,138064,185977,12217,13795,70501,91326,2268,2433,14998,17277,1207467,1348284,141801,191088,21058,23955,75122,96475,4012,4459,1303167,1490037,1077482,1194131,132658,179117,8888,10242,69433,89965,1910,2077,12796,14505,1088041,1205762,135474,182984,16491,18961,73575,94457,3474,3830,129887,155041,117524,140139,5406,6860,3329,3553,1068,1361,358,356,2202,2772,119426,142522,6327,8104,4567,4994,1547,2018,538,629
R,9,2021,72,2986322,1386407,1599915,1166377,1309788,126411,173577,11466,12905,66118,85003,2186,2396,13849,16246,1177898,1323082,129719,178289,19749,22670,70340,89572,3820,4241,1266705,1456559,1057808,1179795,121606,167401,8414,9687,65122,83832,1867,2041,11888,13803,1067634,1190982,124107,171017,15631,18206,68890,87853,3299,3665,119702,143356,108569,129993,4805,6176,3052,3218,996,1171,319,355,1961,2443,110264,132100,5612,7272,4118,4464,1450,1719,521,576
R,9,2021,73,2911588,1349888,1561700,1143910,1289051,117994,163630,10621,12241,62386,79069,1960,2216,13017,15493,1154734,1301844,121185,167962,18434,21604,66260,83424,3468,3973,1237765,1425817,1042142,1165785,113447,157917,7892,9232,61481,77918,1675,1896,11128,13069,1051312,1176451,115881,161209,14667,17333,64930,81732,3020,3434,112123,135883,101768,123266,4547,5713,2729,3009,905,1151,285,320,1889,2424,103422,125393,5304,6753,3767,4271,1330,1692,448,539
R,9,2021,74,3058119,1424587,1633532,1227703,1375656,112351,154571,10764,11810,58690,74012,1870,1964,13209,15519,1238815,1388599,115455,158901,18989,21420,62359,78153,3381,3643,1317133,1502401,1129867,1256281,108269,149180,8059,9046,57864,72905,1608,1681,11466,13308,1139470,1267279,110669,152552,15341,17475,61115,76581,2951,3184,107454,131131,97836,119375,4082,5391,2705,2764,826,1107,262,283,1743,2211,99345,121320,4786,6349,3648,3945,1244,1572,430,459
R,9,2021,75,2275636,1045797,1229839,890803,1021388,85420,122252,8176,9431,49556,62770,1646,1707,10196,12291,899377,1031539,87830,125631,14263,16661,52576,66363,2891,3174,956450,1116497,809488,918395,81886,117352,5992,7104,48886,61835,1436,1473,8762,10338,816824,926846,83694,119894,11327,13315,51583,64988,2534,2780,89347,113342,81315,102993,3534,4900,2184,2327,670,935,210,234,1434,1953,82553,104693,4136,5737,2936,3346,993,1375,357,394
R,9,2021,76,2052048,930820,1121228,790578,929106,77920,113962,7280,8671,44520,56775,1409,1591,9113,11123,798204,938302,80085,117020,12679,15248,47232,59990,2582,2914,850307,1017673,717199,834713,74854,109699,5388,6540,43869,55943,1208,1367,7789,9411,723661,842424,76476,112004,10083,12225,46282,58769,2249,2531,80513,103555,73379,94393,3066,4263,1892,2131,651,832,201,224,1324,1712,74543,95878,3609,5016,2596,3023,950,1221,333,383
R,9,2021,77,1982571,893395,1089176,763662,909703,71615,106452,6747,7995,41640,52881,1249,1445,8482,10700,770790,918555,73560,109473,11843,14391,44130,55874,2319,2744,821409,993247,697966,822137,68758,102647,5076,6046,41128,52077,1096,1244,7385,9096,704133,829597,70264,104963,9605,11622,43367,54708,2057,2403,71986,95929,65696,87566,2857,3805,1671,1949,512,804,153,201,1097,1604,66657,88958,3296,4510,2238,2769,763,1166,262,341
R,9,2021,78,2005093,897231,1107862,776580,937911,67470,103374,6225,7645,37914,47413,1133,1266,7909,10253,783287,946464,69250,106153,11105,13881,40069,50182,2128,2466,830544,1016468,715586,854572,64876,99604,4793,5789,37395,46720,1000,1089,6894,8694,721430,861784,66239,101676,9156,11239,39303,49136,1881,2161,66687,91394,60994,83339,2594,3770,1432,1856,519,693,133,177,1015,1559,61857,84680,3011,4477,1949,2642,766,1046,247,305
R,9,2021,79,1723444,763184,960260,655397,806368,58804,91494,5508,6723,35447,45695,956,1172,7072,8808,661309,813694,60441,93889,9856,12078,37461,48109,1794,2160,704316,878612,601566,731606,56501,88288,4243,5109,35020,45066,830,985,6156,7558,606693,737838,57768,90126,8098,9821,36820,47208,1570,1872,58868,81648,53831,74762,2303,3206,1265,1614,427,629,126,187,916,1250,54616,75856,2673,3763,1758,2257,641,901,224,288
R,9,2021,80,1525247,667087,858160,571795,719177,51521,83078,4949,6001,31761,40855,877,1007,6184,8042,577010,725866,52900,85245,8704,10892,33580,43101,1623,1924,613967,783889,523179,651075,49467,80180,3821,4637,31371,40278,777,849,5352,6870,527677,656756,50505,81844,7151,8916,32981,42242,1437,1662,53120,74271,48616,68102,2054,2898,1128,1364,390,577,100,158,832,1172,49333,69110,2395,3401,1553,1976,599,859,186,262
R,9,2021,81,1379701,594776,784925,506698,654709,47060,77579,4463,5592,30048,38703,834,1001,5673,7341,511437,660814,48360,79603,7831,9963,31795,40747,1523,1877,545496,714557,461582,590273,45176,74753,3403,4289,29653,38169,728,823,4954,6250,465711,595423,46176,76295,6383,8096,31230,39976,1350,1599,49280,70368,45116,64436,1884,2826,1060,1303,395,534,106,178,719,1091,45726,65391,2184,3308,1448,1867,565,771,173,278
R,9,2021,82,1254069,535035,719034,457935,603302,41081,68975,3802,4937,26650,34245,650,913,4917,6662,462099,608832,42222,70757,6704,8897,28116,36147,1248,1733,490893,654894,417515,544480,39334,66406,2902,3783,26330,33762,555,784,4257,5679,421094,549187,40201,67738,5460,7243,27643,35425,1099,1492,44142,64140,40420,58822,1747,2569,900,1154,320,483,95,129,660,983,41005,59645,2021,3019,1244,1654,473,722,149,241
R,9,2021,83,1162862,488569,674293,419157,567388,36546,63622,3454,4693,24242,31807,651,831,4519,5952,422968,572349,37575,65239,6144,8168,25611,33530,1171,1533,448704,614748,382559,512829,35050,61200,2681,3620,23931,31374,557,677,3926,5048,385855,517010,35832,62430,5068,6651,25158,32876,1015,1286,39865,59545,36598,54559,1496,2422,773,1073,311,433,94,154,593,904,37113,55339,1743,2809,1076,1517,453,654,156,247
R,9,2021,84,1027263,424532,602731,363759,506382,31869,57068,2965,4086,21444,28995,548,739,3947,5461,367137,510935,32772,58555,5295,7240,22658,30576,990,1416,389139,548990,331226,457093,30520,54930,2284,3116,21194,28558,471,616,3444,4677,334162,460959,31208,56079,4365,5885,22282,29957,866,1217,35393,53741,32533,49289,1349,2138,681,970,250,437,77,123,503,784,32975,49976,1564,2476,930,1355,376,619,124,199
R,9,2021,85,925750,376498,549252,322445,461566,28480,52507,2626,3668,18990,26051,471,630,3486,4830,325379,465577,29268,53853,4632,6505,20090,27421,901,1175,344841,500655,293320,416894,27239,50607,2042,2803,18774,25699,409,540,3057,4112,295886,420283,27841,51637,3830,5265,19773,26908,792,1024,31657,48597,29125,44672,1241,1900,584,865,216,352,62,90,429,718,29493,45294,1427,2216,802,1240,317,513,109,151
R,9,2021,86,838819,333969,504850,286810,425202,24788,47601,2291,3322,16637,23690,412,564,3031,4471,289356,428890,25485,48799,4022,5906,17583,25014,816,1098,305853,460173,260863,384112,23764,45870,1775,2525,16433,23358,365,467,2653,3841,263084,387262,24308,46796,3322,4802,17276,24522,729,931,28116,44677,25947,41090,1024,1731,516,797,204,332,47,97,378,630,26272,41628,1177,2003,700,1104,307,492,87,167
R,9,2021,87,717704,280735,436969,241082,368433,20605,40940,1856,2755,14212,20542,389,495,2591,3804,243298,371627,21201,41981,3302,4918,15046,21698,706,945,257301,398994,219420,333442,19788,39500,1428,2086,14047,20255,335,429,2283,3282,221372,336189,20254,40307,2727,3987,14794,21278,619,826,23434,37975,21662,34991,817,1440,428,669,165,287,54,66,308,522,21926,35438,947,1674,575,931,252,420,87,119
R,9,2021,88,634444,242234,392210,208475,330973,17303,35981,1610,2432,12361,19015,321,426,2164,3383,210299,333778,17797,36892,2811,4368,13084,20012,587,867,222672,359087,190395,300394,16591,34722,1258,1885,12227,18783,281,370,1920,2933,192007,302811,16984,35437,2335,3599,12889,19675,521,765,19562,33123,18080,30579,712,1259,352,547,134,232,40,56,244,450,18292,30967,813,1455,476,769,195,337,66,102
R,9,2021,89,567339,210456,356883,181925,302848,14481,31561,1323,2134,10572,16885,277,375,1878,3080,183520,305416,14931,32418,2355,3889,11185,17770,525,762,193409,327053,166096,275276,13921,30461,1021,1638,10446,16680,243,331,1682,2667,167521,277488,14294,31156,1949,3187,11010,17461,468,666,17047,29830,15829,27572,560,1100,302,496,126,205,34,44,196,413,15999,27928,637,1262,406,702,175,309,57,96
R,9,2021,90,491784,177832,313952,154747,268462,11454,26260,1080,1804,8752,14559,225,307,1574,2560,156085,270597,11813,26981,1939,3261,9295,15306,427,616,163288,288247,141220,244675,10996,25346,817,1361,8668,14392,200,265,1387,2208,142398,246503,11285,25915,1580,2647,9156,15048,378,540,14544,25705,13527,23787,458,914,263,443,84,167,25,42,187,352,13687,24094,528,1066,359,614,139,258,49,76
R,9,2021,91,428338,149531,278807,129659,237621,9792,23488,936,1575,7635,13523,197,293,1312,2307,130770,239550,10097,24116,1673,2885,8053,14195,372,583,137259,255966,118236,216402,9393,22716,724,1208,7569,13381,179,255,1158,2004,119218,218066,9636,23202,1379,2375,7945,13979,335,511,12272,22841,11423,21219,399,772,212,367,66,142,18,38,154,303,11552,21484,461,914,294,510,108,216,37,72
R,9,2021,92,347078,116265,230813,101048,197342,7285,19143,729,1225,5979,10933,152,255,1072,1915,101948,198917,7541,19702,1345,2307,6316,11483,288,502,106858,212611,92332,180448,6970,18502,564,943,5918,10820,136,224,938,1674,93120,181821,7173,18952,1113,1905,6215,11310,253,444,9407,18202,8716,16894,315,641,165,282,61,113,16,31,134,241,8828,17096,368,750,232,402,101,173,35,58
R,9,2021,93,288617,92597,196020,80498,167827,5722,15992,578,1060,4836,9283,99,194,864,1664,81223,169210,5918,16460,1063,2008,5117,9760,217,418,85348,181163,73745,154107,5492,15441,451,812,4801,9187,86,167,773,1449,74395,155298,5656,15814,890,1657,5058,9614,189,366,7249,14857,6753,13720,230,551,127,248,35,96,13,27,91,215,6828,13912,262,646,173,351,59,146,28,52
R,9,2021,94,230927,71016,159911,61515,136957,4407,12933,415,874,3926,7657,82,153,671,1337,62077,138072,4572,13301,785,1653,4143,8032,167,320,65710,148365,56548,126285,4257,12500,338,682,3895,7580,73,134,599,1184,57050,127271,4395,12799,671,1387,4089,7915,147,281,5306,11546,4967,10672,150,433,77,192,31,77,9,19,72,153,5027,10801,177,502,114,266,54,117,20,39
R,9,2021,95,179061,52568,126493,45380,108227,3321,10226,326,674,2961,6168,58,137,522,1061,45818,109114,3455,10539,615,1272,3126,6456,127,270,48638,117572,41729,99967,3200,9905,260,531,2938,6106,52,121,459,942,42114,100753,3304,10163,519,1071,3083,6366,110,240,3930,8921,3651,8260,121,321,66,143,23,62,6,16,63,119,3704,8361,151,376,96,201,43,90,17,30
R,9,2021,96,136255,37857,98398,32488,83951,2363,7885,239,520,2352,5041,40,111,375,890,32803,84686,2455,8161,445,1016,2480,5281,92,221,35123,91683,29956,77737,2279,7639,188,410,2335,4996,35,101,330,800,30236,78399,2350,7876,371,865,2446,5210,80,197,2734,6715,2532,6214,84,246,51,110,17,45,5,10,45,90,2567,6287,105,285,74,151,34,71,12,24
R,9,2021,97,100408,26666,73742,22665,62941,1706,5849,166,402,1817,3851,31,75,281,624,22899,63453,1782,6039,324,763,1911,4025,63,153,24752,68955,20885,58503,1646,5675,135,328,1803,3819,29,68,254,562,21098,58966,1708,5836,280,658,1889,3973,57,139,1914,4787,1780,4438,60,174,31,74,14,32,2,7,27,62,1801,4487,74,203,44,105,22,52,6,14
R,9,2021,98,71476,18315,53161,15463,45219,1155,4238,124,276,1327,2882,24,56,222,490,15646,45621,1215,4395,242,559,1403,3010,60,126,17016,49874,14256,42174,1116,4116,104,225,1318,2863,21,49,201,447,14424,42537,1167,4253,212,487,1388,2981,51,112,1299,3287,1207,3045,39,122,20,51,9,19,3,7,21,43,1222,3084,48,142,30,72,15,29,9,14
R,9,2021,99,49706,12049,37657,10079,31978,769,2984,78,201,973,2103,14,50,136,341,10193,32253,809,3092,150,391,1021,2196,37,96,11248,35434,9337,29916,743,2907,66,170,965,2087,12,46,125,308,9441,30166,778,3000,133,345,1010,2171,32,87,801,2223,742,2062,26,77,12,31,8,16,2,4,11,33,752,2087,31,92,17,46,11,25,5,9
R,9,2021,100,81841,17039,64802,13741,53268,1148,5679,125,383,1745,4681,31,87,249,704,13939,53826,1227,5934,257,773,1828,4869,73,190,16007,61267,12801,50027,1114,5543,106,335,1737,4656,27,79,222,627,12981,50524,1182,5762,223,686,1811,4821,61,171,1032,3535,940,3241,34,136,19,48,8,25,4,8,27,77,958,3302,45,172,34,87,17,48,12,19
R,10,2021,999,332632825,164690186,167942639,125467521,126210976,21739477,23468030,2207759,2162028,9923989,10703264,442166,427778,4909274,4970563,129853024,130627947,23990350,25792050,3606371,3617218,11755008,12521540,867600,855219,132621380,136644848,97513700,98977925,20116692,21802808,1194063,1225553,9586759,10368004,318327,311992,3891839,3958566,100989711,102493199,21884875,23638397,2175914,2268448,11137671,11907166,651395,648151,32068806,31297791,27953821,27233051,1622785,1665222,1013696,936475,337230,335260,123839,115786,1017435,1011997,28863313,28134748,2105475,2153653,1430457,1348770,617337,614374,216205,207068
R,10,2021,0,3606807,1844162,1762645,1269752,1209928,301750,292794,33669,32376,106114,100114,7168,6680,125709,120753,1385366,1320964,371351,359804,57136,54972,152514,144534,15799,14889,1346093,1281630,867856,821433,263622,255774,12341,11862,98451,92784,4072,3876,99751,95901,960131,910116,319675,309785,27145,26158,136777,129507,10321,9837,498069,481015,401896,388495,38128,37020,21328,20514,7663,7330,3096,2804,25958,24852,425235,410848,51676,50019,29991,28814,15737,15027,5478,5052
R,10,2021,1,3682939,1883114,1799825,1301366,1240918,302691,293332,34923,33398,112472,106017,6998,6607,124664,119553,1416038,1350876,371813,359743,58067,55652,158495,150018,15528,14718,1383929,1320334,895831,851282,266482,258308,13380,12886,104708,98641,4248,3933,99280,95284,987661,939396,322319,311997,28079,27041,142857,135153,10481,9869,499185,479491,405535,389636,36209,35024,21543,20512,7764,7376,2750,2674,25384,24269,428377,411480,49494,47746,29988,28611,15638,14865,5047,4849
R,10,2021,2,3764816,1922995,1841821,1334364,1274801,303677,296105,35777,34367,117327,110370,7320,6867,124530,119311,1448820,1384462,372492,362259,58903,56639,163558,154374,15892,14983,1420622,1356181,925487,878933,267848,261339,14108,13717,109365,102845,4491,4223,99323,95124,1017247,966810,323417,314807,28875,27934,147816,139395,10815,10203,502373,485640,408877,395868,35829,34766,21669,20650,7962,7525,2829,2644,25207,24187,431573,417652,49075,47452,30028,28705,15742,14979,5077,4780
R,10,2021,3,3832573,1958330,1874243,1359350,1297462,307372,299935,36609,34947,121300,114160,7366,6965,126333,120774,1475455,1408450,377082,366839,60133,57514,168217,158742,16056,15186,1448108,1382801,943065,895999,271785,265528,14286,13799,113412,106647,4576,4320,100984,96508,1036345,985126,328215,319697,29321,28257,152555,143805,10993,10394,510222,491442,416285,401463,35587,34407,22323,21148,7888,7513,2790,2645,25349,24266,439110,423324,48867,47142,30812,29257,15662,14937,5063,4792
R,10,2021,4,3918553,2005665,1912888,1394196,1326369,311451,303075,36182,34543,128349,120088,7490,7107,127997,121706,1511784,1438211,381314,370193,60142,57461,176447,165105,16439,15474,1485996,1412941,965885,914691,276850,269457,15253,14427,120643,112659,4821,4472,102544,97235,1060519,1004469,333437,323784,30705,29150,160918,150171,11507,10652,519669,499947,428311,411678,34601,33618,20929,20116,7706,7429,2669,2635,25453,24471,451265,433742,47877,46409,29437,28311,15529,14934,4932,4822
R,10,2021,5,4037950,2063670,1974280,1449514,1381232,312537,305846,35798,34557,128998,121621,7475,7130,129348,123894,1568390,1495143,382620,373445,60405,58185,177690,167758,16552,15713,1529263,1460897,1006165,955246,277960,272408,15794,15360,121148,114244,4751,4514,103445,99125,1101683,1046825,334656,327151,31685,30643,161836,152775,11500,10881,534407,513383,443349,425986,34577,33438,20004,19197,7850,7377,2724,2616,25903,24769,466707,448318,47964,46294,28720,27542,15854,14983,5052,4832
R,10,2021,6,4078017,2083754,1994263,1466310,1398416,316895,309284,35097,34187,128950,121440,7391,7179,129111,123757,1584997,1512178,386750,376800,59843,57864,177412,167473,16449,15753,1547582,1476391,1019470,967400,282359,275770,16251,15448,121342,114148,4708,4541,103452,99084,1115004,1058913,338913,330482,32347,30760,161938,152647,11480,10941,536172,517872,446840,431016,34536,33514,18846,18739,7608,7292,2683,2638,25659,24673,469993,453265,47837,46318,27496,27104,15474,14826,4969,4812
R,10,2021,7,4087084,2091209,1995875,1473585,1400091,318129,310034,35468,34348,128604,121597,7187,6907,128236,122898,1591466,1513074,387222,377106,60210,58025,176856,167097,16293,15472,1557469,1483308,1028916,973465,283287,276323,16528,15925,121303,114701,4656,4485,102779,98409,1123847,1064352,339188,330683,32667,31312,161759,152742,11452,10884,533740,512567,444669,426626,34842,33711,18940,18423,7301,6896,2531,2422,25457,24489,467619,448722,48034,46423,27543,26713,15097,14355,4841,4588
R,10,2021,8,4051480,2071304,1980176,1459179,1390784,316471,308292,35462,33968,126963,119809,7028,6746,126201,120577,1575117,1501457,384081,373807,59937,57461,174705,164683,16152,15300,1543592,1471824,1018854,966559,282353,275462,16682,15991,120000,112997,4606,4347,101097,96468,1112165,1055519,337035,328507,32643,31306,160021,150478,11375,10638,527712,508352,440325,424225,34118,32830,18780,17977,6963,6812,2422,2399,25104,24109,462952,445938,47046,45300,27294,26155,14684,14205,4777,4662
R,10,2021,9,4063019,2077751,1985268,1468104,1398641,316755,307036,35885,34841,125469,118834,6909,6659,124629,119257,1582528,1508115,383495,371454,60429,58350,172403,163281,15926,15209,1545578,1471924,1023023,969337,283118,274684,16771,16167,118625,112183,4487,4297,99554,95256,1114838,1057186,336941,326692,32751,31489,157907,149313,11168,10622,532173,513344,445081,429304,33637,32352,19114,18674,6844,6651,2422,2362,25075,24001,467690,450929,46554,44762,27678,26861,14496,13968,4758,4587
R,10,2021,10,4115734,2111303,2004431,1500217,1419933,321354,310443,35356,34062,122100,114852,6813,6491,125463,118650,1615458,1528829,388713,374378,60301,57819,168957,158963,15871,15021,1564373,1481025,1039336,979431,288281,278489,17132,16149,115339,108424,4384,4176,99901,94356,1131511,1066433,342515,329930,33334,31547,154402,145139,11071,10440,546930,523406,460881,440502,33073,31954,18224,17913,6761,6428,2429,2315,25562,24294,483947,462396,46198,44448,26967,26272,14555,13824,4800,4581
R,10,2021,11,4181070,2142178,2038892,1531884,1453286,323964,312108,34447,33092,120161,114376,6495,6284,125227,119746,1647129,1563357,391053,376802,59731,57484,166402,158159,15457,14766,1580801,1500985,1053627,995059,292648,281707,17253,16830,113684,108307,4318,4187,99271,94895,1145389,1082658,346435,333529,33551,32606,152154,144780,10929,10435,561377,537907,478257,458227,31316,30401,17194,16262,6477,6069,2177,2097,25956,24851,501740,480699,44618,43273,26180,24878,14248,13379,4528,4331
R,10,2021,12,4245755,2173371,2072384,1561467,1481693,329278,319280,34538,33239,118404,113446,6638,6443,123046,118283,1674643,1590409,395269,383671,59423,56900,163732,156259,15205,14761,1605619,1528272,1075921,1016814,297912,288649,17869,17217,112027,107405,4545,4328,97345,93859,1165838,1103447,350954,340462,33753,32446,149705,143139,10857,10438,567752,544112,485546,464879,31366,30631,16669,16022,6377,6041,2093,2115,25701,24424,508805,486962,44315,43209,25670,24454,14027,13120,4348,4323
R,10,2021,13,4424620,2267114,2157506,1632217,1545639,344997,333951,35862,34071,123074,117599,6725,6527,124239,119719,1746303,1655652,411954,399391,60709,58156,168396,160584,15662,14773,1675694,1594874,1124828,1063325,312445,302894,18418,17831,116598,111455,4565,4387,98840,94982,1215912,1150928,366597,355784,34460,33227,154460,147257,11199,10469,591420,562632,507389,482314,32552,31057,17444,16240,6476,6144,2160,2140,25399,24737,530391,504724,45357,43607,26249,24929,13936,13327,4463,4304
R,10,2021,14,4455346,2281779,2173567,1650046,1565716,345048,333953,36493,34963,122299,116107,6701,6634,121192,116194,1761366,1672281,409942,396958,61504,58824,166324,157773,15448,14962,1686518,1605121,1138224,1077361,312946,302946,18636,18239,115912,110081,4565,4434,96235,92060,1226977,1162091,365371,353800,34775,33474,152531,144767,11025,10558,595261,568446,511822,488355,32102,31007,17857,16724,6387,6026,2136,2200,24957,24134,534389,510190,44571,43158,26729,25350,13793,13006,4423,4404
R,10,2021,15,4381047,2242944,2138103,1630142,1546844,335316,325195,35854,34123,119727,114939,6565,6337,115340,110665,1735966,1648330,396292,384391,59963,57197,162249,155067,14900,14208,1664581,1584666,1131631,1069917,304874,295537,18346,17799,113417,109216,4480,4255,91833,87942,1216196,1150829,354227,343567,33901,32639,149085,142735,10668,10073,578363,553437,498511,476927,30442,29658,17508,16324,6310,5723,2085,2082,23507,22723,519770,497501,42065,40824,26062,24558,13164,12332,4232,4135
R,10,2021,16,4332301,2215523,2116778,1619363,1535498,325624,317104,35063,34054,119791,117941,6581,6474,109101,105707,1719379,1632209,382629,372821,58410,56608,160126,156652,14362,14059,1651105,1577554,1131516,1069492,296073,288866,18138,17697,113997,112464,4519,4503,86862,84532,1211449,1147059,342310,334272,33218,32321,147821,145056,10281,10179,564418,539224,487847,466006,29551,28238,16925,16357,5794,5477,2062,1971,22239,21175,507930,485150,40319,38549,25192,24287,12305,11596,4081,3880
R,10,2021,17,4323780,2210103,2113677,1621233,1538702,321197,313021,34314,32956,121675,120982,6451,6148,105233,101868,1717521,1631850,375366,365822,57210,55202,161099,158656,14226,13586,1659170,1586297,1143621,1082018,292933,285830,18042,17258,115885,115442,4502,4289,84187,81460,1220924,1156707,336818,328828,33103,31898,149185,147198,10374,9833,550933,527380,477612,456684,28264,27191,16272,15698,5790,5540,1949,1859,21046,20408,496597,475143,38548,36994,24107,23304,11914,11458,3852,3753
R,10,2021,18,4317134,2206104,2111030,1622909,1539657,318561,311836,33803,32514,123336,122883,6333,6029,101162,98111,1715377,1629295,370252,362174,56499,54499,160928,159389,13849,13236,1663872,1590885,1152527,1088051,290635,285476,17668,17046,117698,117514,4442,4246,80902,78552,1226742,1160064,332687,326455,32619,31630,149368,148237,10066,9714,542232,520145,470382,451606,27926,26360,16135,15468,5638,5369,1891,1783,20260,19559,488635,469231,37565,35719,23880,22869,11560,11152,3783,3522
R,10,2021,19,4308383,2200711,2107672,1618403,1537262,322109,316212,33893,32086,123369,121343,6183,6032,96754,94737,1706645,1623450,371114,364898,56300,54186,159175,155887,13485,13070,1664575,1594575,1152216,1090811,294795,290244,17896,17163,117881,116219,4394,4256,77393,75882,1222994,1160110,334743,329922,32675,31865,148036,145283,9959,9608,536136,513097,466187,446451,27314,25968,15997,14923,5488,5124,1789,1776,19361,18855,483651,463340,36371,34976,23625,22321,11139,10604,3526,3462
R,10,2021,20,4350018,2220930,2129088,1630039,1551696,328214,321881,33494,31958,127229,124613,6076,5916,95878,93024,1717182,1636408,376768,369338,56218,54120,162677,158527,13303,12958,1690527,1622629,1168694,1110596,301009,296342,17931,17421,121893,119555,4300,4124,76700,74591,1238549,1178737,340457,335090,33124,32295,151855,148222,9775,9488,530403,506459,461345,441100,27205,25539,15563,14537,5336,5058,1776,1792,19178,18433,478633,457671,36311,34248,23094,21825,10822,10305,3528,3470
R,10,2021,21,4378452,2234423,2144029,1635587,1556014,335932,331245,34014,32499,129062,127300,6185,5927,93643,91044,1720835,1638504,383049,377662,56947,54698,163301,160287,13229,12884,1706972,1640546,1176096,1117761,309263,305622,18397,17659,123807,122253,4462,4193,74947,73058,1244440,1184137,347516,343493,33792,32743,152827,150087,9858,9481,527451,503483,459491,438253,26669,25623,15617,14840,5255,5047,1723,1734,18696,17986,476395,454367,35533,34169,23155,21955,10474,10200,3371,3403
R,10,2021,22,4295806,2191276,2104530,1608806,1532792,327043,321955,32961,31904,126039,124358,6125,5699,90302,87822,1690789,1612153,372460,366937,55527,54010,158505,155601,13222,12451,1681000,1616192,1164026,1107376,301213,297133,18078,17703,120930,119528,4421,4084,72332,70368,1229851,1171085,338204,333807,33446,32854,148334,145774,9843,9245,510276,488338,444780,425416,25830,24822,14883,14201,5109,4830,1704,1615,17970,17454,460938,441068,34256,33130,22081,21156,10171,9827,3379,3206
R,10,2021,23,4300163,2190416,2109747,1604135,1532122,328693,324559,32816,31863,130574,129405,6110,5794,88088,86004,1683746,1610102,372686,368044,55236,53931,162143,159764,13071,12347,1686838,1626732,1164987,1111031,303321,300184,17984,17607,125426,124539,4387,4148,70733,69223,1229010,1173935,339223,335798,33328,32880,152177,150164,9794,9226,503578,483015,439148,421091,25372,24375,14832,14256,5148,4866,1723,1646,17355,16781,454736,436167,33463,32246,21908,21051,9966,9600,3277,3121
R,10,2021,24,4277335,2176210,2101125,1592208,1524592,324704,321476,32081,31383,136801,135127,6070,5710,84346,82837,1668570,1599365,366084,362561,54161,53320,167369,164701,12658,12139,1680283,1625592,1159046,1109284,300133,297932,17567,17475,131838,130350,4400,4138,67299,66413,1220108,1169275,333537,331323,32676,32692,157651,155417,9488,9106,495927,475533,433162,415308,24571,23544,14514,13908,4963,4777,1670,1572,17047,16424,448462,430090,32547,31238,21485,20628,9718,9284,3170,3033
R,10,2021,25,4310133,2192138,2117995,1603694,1535131,323595,322584,32438,31037,143203,142250,6335,5825,82873,81168,1678588,1608129,363387,362383,54900,52975,173230,171510,12991,12437,1698326,1644908,1172386,1121468,299279,299591,17741,17143,138295,137399,4602,4215,66023,65092,1232163,1180079,331332,331984,33013,32295,163796,162161,9771,9408,493812,473087,431308,413663,24316,22993,14697,13894,4908,4851,1733,1610,16850,16076,446425,428050,32055,30399,21887,20680,9434,9349,3220,3029
R,10,2021,26,4389848,2232718,2157130,1627598,1558258,337580,334257,32814,31623,147051,147394,6456,6281,81219,79317,1700516,1629349,376114,372942,55591,53616,176617,175834,13164,12932,1734887,1679222,1192141,1140526,312825,310295,18221,17678,142148,142550,4707,4588,64845,63585,1250339,1197600,343891,341561,34046,33106,167311,166663,9954,9816,497831,477908,435457,417732,24755,23962,14593,13945,4903,4844,1749,1693,16374,15732,450177,431749,32223,31381,21545,20510,9306,9171,3210,3116
R,10,2021,27,4447053,2259626,2187427,1638264,1570867,351606,348228,32811,32130,151520,151862,6397,6442,79028,77898,1708798,1640291,388339,385475,55875,54731,180349,179857,13329,13019,1761621,1710886,1202298,1154346,326655,324402,18441,17881,146611,147111,4707,4725,62909,62421,1258406,1209964,356115,354520,34508,33862,171150,170871,10131,9911,498005,476541,435966,416521,24951,23826,14370,14249,4909,4751,1690,1717,16119,15477,450392,430327,32224,30955,21367,20869,9199,8986,3198,3108
R,10,2021,28,4552715,2313501,2239214,1674265,1601900,366458,362630,34201,33279,156333,159355,6759,6456,75485,75594,1741359,1668981,400713,398173,56574,55991,184484,186544,13482,13041,1807948,1758678,1231143,1181611,340937,338371,19306,19004,151536,154507,4925,4758,60101,60427,1284584,1235246,368226,366854,34979,35119,175522,177651,10219,9912,505553,480536,443122,420289,25521,24259,14895,14275,4797,4848,1834,1698,15384,15167,456775,433735,32487,31319,21595,20872,8962,8893,3263,3129
R,10,2021,29,4640362,2353885,2286477,1704700,1636330,371818,368870,35776,33855,160727,166555,6818,6633,74046,74234,1770204,1701957,404097,402427,58711,56468,188639,194182,13549,13289,1841732,1801093,1256174,1211602,345827,344108,20239,19552,155900,161649,4940,4866,58652,59316,1308000,1264029,371153,370823,36294,35628,179833,185277,10277,10057,512153,485384,448526,424728,25991,24762,15537,14303,4827,4906,1878,1767,15394,14918,462204,437928,32944,31604,22417,20840,8806,8905,3272,3232
R,10,2021,30,4730971,2388512,2342459,1728961,1671550,376092,380650,35914,33435,168999,176191,7637,6951,70909,73682,1790700,1735702,406334,413859,57886,55481,196762,204783,14781,14102,1879209,1862967,1284657,1254812,349393,354144,20192,19540,163826,170829,5564,5173,55577,58469,1332905,1305604,372774,380272,35361,34979,187470,195201,11202,10867,509303,479492,444304,416738,26699,26506,15722,13895,5173,5362,2073,1778,15332,15213,457795,430098,33560,33587,22525,20502,9292,9582,3579,3235
R,10,2021,31,4772268,2409799,2362469,1753206,1692058,372217,378274,35678,32932,174066,182127,7749,7268,66883,69810,1811533,1753168,399844,409095,56492,54336,201008,209056,14488,13911,1897829,1888200,1306284,1279969,345282,351495,19691,19266,168787,176831,5562,5439,52223,55200,1351633,1328158,366282,375566,34011,34219,191866,199822,10901,10708,511970,474269,446922,412089,26935,26779,15987,13666,5279,5296,2187,1829,14660,14610,459900,425010,33562,33529,22481,20117,9142,9234,3587,3203
R,10,2021,32,4641656,2346058,2295598,1711944,1642417,354853,364453,34351,31570,174996,185213,7753,6876,62161,65069,1766185,1698977,380094,392818,54067,51553,199939,210782,13896,13256,1853649,1844115,1281915,1249655,329072,339081,18720,18498,169957,180076,5651,5203,48334,51602,1323886,1294298,348031,361132,32165,32524,191418,202141,10568,10344,492409,451483,430029,392762,25781,25372,15631,13072,5039,5137,2102,1673,13827,13467,442299,404679,32063,31686,21902,19029,8521,8641,3328,2912
R,10,2021,33,4580552,2310453,2270099,1700709,1636980,335402,349077,34281,30812,173328,184095,7637,6978,59096,62157,1752024,1691166,358794,375755,52885,49982,197580,208675,13710,13062,1816411,1820354,1268197,1245510,310426,324024,18365,17602,168363,179089,5576,5250,45484,48879,1307529,1288008,327696,344404,30775,30970,189161,200160,10381,10121,494042,449745,432512,391470,24976,25053,15916,13210,4965,5006,2061,1728,13612,13278,444495,403158,31098,31351,22110,19012,8419,8515,3329,2941
R,10,2021,34,4483241,2267849,2215392,1683272,1606454,318755,332287,32788,29738,169933,180613,7699,6780,55402,59520,1731241,1658331,340555,357576,50690,48316,192569,204290,13551,12616,1780608,1774423,1255566,1221942,294754,307973,17227,17017,165126,175888,5523,5076,42412,46527,1292004,1262327,310689,327169,29153,29829,184545,196251,10227,9752,487241,440969,427706,384512,24001,24314,15561,12721,4807,4725,2176,1704,12990,12993,439237,396004,29866,30407,21537,18487,8024,8039,3324,2864
R,10,2021,35,4498525,2278036,2220489,1702279,1620777,311709,326244,32629,29722,170177,180153,7677,6865,53565,56728,1748863,1669927,332219,349901,49902,48231,192246,202530,13407,12522,1786052,1778508,1269721,1234884,287745,301885,17030,16738,165250,175561,5483,5144,40823,44296,1305049,1273065,302454,319833,28514,29608,184091,194754,10045,9698,491984,441981,432558,385893,23964,24359,15599,12984,4927,4592,2194,1721,12742,12432,443814,396862,29765,30068,21388,18623,8155,7776,3362,2824
R,10,2021,36,4506628,2280281,2226347,1711343,1628511,307217,324099,32179,29358,169737,181594,7619,6858,52186,55927,1756566,1677050,327013,346697,49761,47700,190905,204065,13173,12599,1786612,1783840,1276902,1241671,283751,300140,16301,16510,164961,176947,5407,5221,39290,43351,1310665,1279105,297794,316824,27845,29261,183031,196204,9840,9872,493669,442507,434441,386840,23466,23959,15878,12848,4776,4647,2212,1637,12896,12576,445901,397945,29219,29873,21916,18439,7874,7861,3333,2727
R,10,2021,37,4428160,2234949,2193211,1679642,1606089,296197,315842,31607,28914,170071,181729,7363,6573,50069,54064,1723098,1652883,314686,337182,48568,47046,190654,203804,12875,12217,1752040,1754985,1254180,1222484,273576,292461,16158,16153,165286,177290,5227,4917,37613,41680,1286577,1258409,286577,308050,27293,28664,182807,196146,9597,9424,482909,438226,425462,383605,22621,23381,15449,12761,4785,4439,2136,1656,12456,12384,436521,394474,28109,29132,21275,18382,7847,7658,3278,2793
R,10,2021,38,4439630,2240392,2199238,1689285,1612166,294577,315853,31957,29180,167878,181734,7408,6758,49287,53547,1731955,1658396,312746,336714,48856,47590,188103,203381,12736,12424,1755392,1758081,1261619,1226336,272003,292019,16134,16120,163119,177315,5358,5066,37159,41225,1293526,1261694,284757,307285,27376,28848,180330,195823,9592,9612,485000,441157,427666,385830,22574,23834,15823,13060,4759,4419,2050,1692,12128,12322,438429,396702,27989,29429,21480,18742,7773,7558,3144,2812
R,10,2021,39,4475904,2256289,2219615,1705583,1629546,295746,319273,31827,29036,166757,181968,7440,6849,48936,52943,1747963,1675220,313717,340090,48888,47419,186622,203110,12816,12424,1765305,1769723,1272356,1235607,273010,295059,16082,15896,161919,177279,5280,5083,36658,40799,1303825,1270595,285549,310312,27394,28678,178703,195302,9564,9567,490984,449892,433227,393939,22736,24214,15745,13140,4838,4689,2160,1766,12278,12144,444138,404625,28168,29778,21494,18741,7919,7808,3252,2857
R,10,2021,40,4396326,2212866,2183460,1680307,1609107,289503,313381,30525,28510,157905,174807,7184,6293,47442,51362,1721186,1653444,306694,333649,47447,46528,177050,195050,12440,11725,1737992,1743124,1261011,1223317,267628,289984,15300,15658,153276,170231,5124,4601,35653,39333,1291485,1257065,279666,304687,26589,28103,169497,187497,9292,8950,474874,440336,419296,385790,21875,23397,15225,12852,4629,4576,2060,1692,11789,12029,429701,396379,27028,28962,20858,18425,7553,7553,3148,2775
R,10,2021,41,4417052,2224058,2192994,1686664,1611911,296404,322186,31178,28460,155273,172733,7315,6503,47224,51201,1727365,1656018,313657,342415,48288,46736,174169,192677,12642,12036,1737364,1748382,1256876,1221982,274173,298539,15574,15672,150500,168175,5123,4823,35118,39191,1286868,1255444,286101,313181,26931,28388,166363,185178,9358,9318,486694,444612,429788,389929,22231,23647,15604,12788,4773,4558,2192,1680,12106,12010,440497,400574,27556,29234,21357,18348,7806,7499,3284,2718
R,10,2021,42,4232405,2123521,2108884,1613202,1550712,281206,309483,29254,27074,149438,167597,6459,6076,43962,47942,1651169,1591894,297059,328351,45337,44293,166912,186405,11374,11074,1668475,1685857,1211328,1179877,260255,286831,14730,14874,145084,163339,4534,4524,32544,36412,1239180,1210898,271139,300220,25327,26831,159778,179286,8402,8557,455046,423027,401874,370835,20951,22652,14524,12200,4354,4258,1925,1552,11418,11530,411989,380996,25920,28131,20010,17462,7134,7119,2972,2517
R,10,2021,43,4122156,2066312,2055844,1575301,1515656,270073,298792,28023,26510,144741,163383,6228,5677,41946,45826,1611351,1555032,285215,316464,43586,43338,161346,181281,10704,10448,1621502,1638783,1181443,1149852,249947,276723,14141,14341,140499,159052,4440,4172,31032,34643,1207788,1179349,260328,289232,24454,25926,154465,174253,7997,8008,444810,417061,393858,365804,20126,22069,13882,12169,4242,4331,1788,1505,10914,11183,403563,375683,24887,27232,19132,17412,6881,7028,2707,2440
R,10,2021,44,4088132,2044090,2044042,1563827,1511065,264496,294890,28117,26427,141332,161349,6036,5686,40282,44625,1598457,1549114,278787,312050,43311,43113,157293,178859,10467,10424,1603926,1627327,1173177,1144013,245368,273432,14381,14678,137005,157098,4282,4193,29713,33913,1198398,1172660,254999,285628,24536,26359,150370,171955,7777,7993,440164,416715,390650,367052,19128,21458,13736,11749,4327,4251,1754,1493,10569,10712,400059,376454,23788,26422,18775,16754,6923,6904,2690,2431
R,10,2021,45,3923907,1959881,1964026,1495257,1452378,251400,279689,27029,25110,141935,159760,5706,5380,38554,41709,1528460,1487856,264598,295447,41682,40849,157352,176314,10081,9825,1534105,1556593,1117078,1092646,232859,259182,13771,13730,137870,155568,4095,3956,28432,31511,1141260,1119143,241645,270244,23510,24662,150904,169578,7569,7558,425776,407433,378179,359732,18541,20507,13258,11380,4065,4192,1611,1424,10122,10198,387200,368713,22953,25203,18172,16187,6448,6736,2512,2267
R,10,2021,46,3941970,1969520,1972450,1506560,1460565,251322,281440,26544,25119,143472,160226,5608,5162,36014,39938,1537341,1494553,263746,296234,40469,40355,157877,176146,9555,9345,1549271,1569943,1131543,1104080,233809,261507,13469,13905,139485,156208,4060,3810,26905,30433,1154256,1129741,242245,271904,22985,24613,151710,169784,7224,7181,420249,402507,375017,356485,17513,19933,13075,11214,3987,4018,1548,1352,9109,9505,383085,364812,21501,24330,17484,15742,6167,6362,2331,2164
R,10,2021,47,3899696,1945800,1953896,1490210,1450363,247196,277367,26178,24555,142334,158392,5385,5040,34497,38179,1519569,1482665,258848,291441,39836,39419,156097,173509,9295,9042,1537537,1559505,1124827,1099561,230629,258684,13385,13635,138615,154531,3948,3759,26133,29335,1146842,1124086,238722,268723,22783,24226,150457,167556,7123,7008,408263,394391,365383,350802,16567,18683,12793,10920,3719,3861,1437,1281,8364,8844,372727,358579,20126,22718,17053,15193,5640,5953,2172,2034
R,10,2021,48,3906471,1946525,1959946,1491823,1454849,248546,280248,25495,24622,141571,157839,5179,4999,33911,37389,1520620,1486348,259739,293838,38898,39340,155333,172771,8989,8919,1550769,1574759,1137160,1112072,232642,262026,13232,13832,138025,154129,3819,3729,25891,28971,1158880,1136194,240367,271762,22639,24555,149923,167034,6947,6915,395756,385187,354663,342777,15904,18222,12263,10790,3546,3710,1360,1270,8020,8418,361740,350154,19372,22076,16259,14785,5410,5737,2042,2004
R,10,2021,49,4056649,2024007,2032642,1558179,1517451,258776,289532,26107,24755,142044,158652,5225,4912,33676,37340,1586633,1548937,269611,302789,40009,39916,155472,173351,9009,8882,1629875,1648842,1204756,1175470,243126,271549,13741,14089,138394,154962,3912,3663,25946,29109,1226399,1199708,250725,281143,23716,25175,150058,167755,6985,6950,394132,383800,353423,341981,15650,17983,12366,10666,3650,3690,1313,1249,7730,8231,360234,349229,18886,21646,16293,14741,5414,5596,2024,1932
R,10,2021,50,4300018,2149554,2150464,1675863,1626320,269252,302239,26339,25574,138202,153447,5253,4961,34645,37923,1705186,1658310,280253,315578,40931,41411,151804,167955,9232,9119,1757999,1769751,1324670,1287227,253667,284468,14368,14766,134502,149830,3901,3738,26891,29722,1347194,1312038,261395,294094,24993,26625,146323,162403,7190,7169,391555,380713,351193,339093,15585,17771,11971,10808,3700,3617,1352,1223,7754,8201,357992,346272,18858,21484,15938,14786,5481,5552,2042,1950
R,10,2021,51,4349398,2176125,2173273,1702591,1652597,271188,300368,26624,25136,136400,152491,5183,5114,34139,37567,1731449,1684046,282053,313467,41284,41191,149427,166872,9188,9343,1790213,1803879,1356579,1323585,255691,283066,14607,14841,132826,148876,3881,3883,26629,29628,1378818,1348118,263453,292687,25393,26948,144101,161274,7201,7412,385912,369394,346012,329012,15497,17302,12017,10295,3574,3615,1302,1231,7510,7939,352631,335928,18600,20780,15891,14243,5326,5598,1987,1931
R,10,2021,52,4161828,2078006,2083822,1634809,1594510,252780,281653,25015,24036,128580,144405,5015,4916,31807,34302,1661796,1623259,262509,293173,39048,39244,140701,157344,8730,8778,1712886,1732539,1307238,1281037,238255,265558,13887,14247,125207,140950,3802,3765,24497,26982,1327792,1303440,244904,273865,24170,25761,135688,152116,6850,6956,365120,351283,327571,313473,14525,16095,11128,9789,3373,3455,1213,1151,7310,7320,334004,319819,17605,19308,14878,13483,5013,5228,1880,1822
R,10,2021,53,4055021,2022236,2032785,1589053,1552724,249248,278529,24574,23445,124956,141024,4572,4655,29833,32408,1614178,1579664,258248,289381,38034,37999,136243,153114,8083,8477,1670535,1694375,1273554,1250690,234981,262737,13629,14104,121876,137841,3414,3528,23081,25475,1292756,1271588,241164,270527,23607,25188,131662,148358,6327,6722,351701,338410,315499,302034,14267,15792,10945,9341,3080,3183,1158,1127,6752,6933,321422,308076,17084,18854,14427,12811,4581,4756,1756,1755
R,10,2021,54,4046348,2010658,2035690,1591184,1567561,247830,279157,23656,23318,114807,129676,4713,4581,28468,31397,1615139,1593675,256276,289838,36876,37823,125373,140891,8043,8269,1672581,1706892,1287423,1273877,234165,263720,13510,14449,111815,126686,3564,3505,22104,24655,1305775,1294130,239944,271346,23398,25554,120974,136340,6385,6613,338077,328798,303761,293684,13665,15437,10146,8869,2992,2990,1149,1076,6364,6742,309364,299545,16332,18492,13478,12269,4399,4551,1658,1656
R,10,2021,55,4075243,2020453,2054790,1597776,1583569,252906,284902,23630,23355,113477,127586,4626,4654,28038,30724,1621053,1609042,261348,295160,36937,37900,123678,138501,8088,8289,1689689,1732687,1300751,1295885,239280,269933,13652,14618,110588,124555,3537,3606,21881,24090,1318631,1315621,245043,277249,23820,25772,119386,133923,6466,6636,330764,322103,297025,287684,13626,14969,9978,8737,2889,3031,1089,1048,6157,6634,302422,293421,16305,17911,13117,12128,4292,4578,1622,1653
R,10,2021,56,4232156,2091002,2141154,1659703,1656532,259840,295070,24389,24232,114011,128981,4723,4647,28336,31692,1683368,1682755,268127,305457,38105,39468,124211,140077,8177,8444,1763080,1820946,1365238,1370770,246391,279983,14543,15492,111104,125949,3674,3653,22130,25099,1383449,1391255,252104,287463,24942,27392,119952,135545,6576,6850,327922,320208,294465,285762,13449,15087,9846,8740,2907,3032,1049,994,6206,6593,299919,291500,16023,17994,13163,12076,4259,4532,1601,1594
R,10,2021,57,4359953,2146530,2213423,1715166,1725324,260774,297346,24285,24610,113482,129977,4518,4639,28305,31527,1738662,1751351,268751,307252,38415,40429,123605,140907,8024,8365,1833491,1900744,1434100,1445994,247836,282671,14780,16058,110776,127153,3525,3657,22474,25211,1452526,1466534,253411,289796,25794,28682,119590,136636,6472,6831,313039,312679,281066,279330,12938,14675,9505,8552,2706,2824,993,982,5831,6316,286136,284817,15340,17456,12621,11747,4015,4271,1552,1534
R,10,2021,58,4377582,2151965,2225617,1723360,1741378,256787,292546,23981,24059,115496,131647,4291,4552,28050,31435,1746753,1767303,264566,302400,38143,39867,125436,142349,7650,8298,1851940,1923604,1454164,1471728,244271,278521,14935,15770,112806,128836,3359,3602,22405,25147,1472651,1492186,249702,285661,26077,28407,121513,138074,6220,6763,300025,302013,269196,269650,12516,14025,9046,8289,2690,2811,932,950,5645,6288,274102,275117,14864,16739,12066,11460,3923,4275,1430,1535
R,10,2021,59,4380928,2148771,2232157,1731460,1759013,252983,290335,23325,23928,108885,123465,4433,4540,27685,30876,1754645,1784331,260390,300009,37244,39857,118779,133900,7866,8206,1860401,1941606,1472204,1499375,241199,277223,14687,15785,106386,120763,3536,3625,22389,24835,1490758,1519503,246395,284211,25818,28604,115079,129812,6490,6690,288370,290551,259256,259638,11784,13112,8638,8143,2499,2702,897,915,5296,6041,263887,264828,13995,15798,11426,11253,3700,4088,1376,1516
R,10,2021,60,4373177,2139899,2233278,1738333,1771212,247035,286384,22725,23857,100471,117297,4138,4216,27197,30312,1761017,1796052,254253,295734,36738,39815,110127,127386,7440,7852,1868418,1957215,1494454,1524448,235876,273791,14617,16322,98098,114728,3340,3376,22033,24550,1512610,1544324,241006,280638,25870,29300,106563,123477,6164,6446,271481,276063,243879,246764,11159,12593,8108,7535,2373,2569,798,840,5164,5762,248407,251728,13247,15096,10868,10515,3564,3909,1276,1406
R,10,2021,61,4341688,2120662,2221026,1715015,1754932,247967,286646,22411,23621,104119,122108,4229,4210,26921,29509,1737576,1779065,255101,295758,36370,39134,113527,131963,7415,7712,1854300,1949123,1475739,1511577,237134,274367,14380,16256,101745,119523,3401,3410,21901,23990,1493903,1530946,242209,281083,25640,28909,110041,128091,6093,6399,266362,271903,239276,243355,10833,12279,8031,7365,2374,2585,828,800,5020,5519,243673,248119,12892,14675,10730,10225,3486,3872,1322,1313
R,10,2021,62,4234470,2061020,2173450,1676189,1726400,237061,277552,21230,22265,97186,115119,3911,3905,25443,28209,1697444,1749603,243564,286050,34548,37547,106240,124264,6920,7117,1818087,1921767,1457880,1501368,227063,265983,13999,15375,95038,112759,3188,3193,20919,23089,1475231,1520141,231728,272275,24875,27948,103051,120760,5749,5931,242933,251683,218309,225032,9998,11569,7231,6890,2148,2360,723,712,4524,5120,222213,229462,11836,13775,9673,9599,3189,3504,1171,1186
R,10,2021,63,4165179,2019607,2145572,1647897,1710161,226860,267641,19665,21458,97277,115649,3687,3795,24221,26868,1668007,1732116,233174,275732,32599,36106,105669,124395,6479,6814,1793957,1907047,1445572,1496637,217185,256641,13083,15044,95251,113497,2995,3118,19871,22110,1461915,1514523,221693,262663,23719,27177,102663,121129,5372,5727,225650,238525,202325,213524,9675,11000,6582,6414,2026,2152,692,677,4350,4758,206092,217593,11481,13069,8880,8929,3006,3266,1107,1087
R,10,2021,64,4121208,1989737,2131471,1628212,1704723,220023,263674,19563,20907,94791,112345,3488,3628,23660,26194,1647901,1726235,226183,271525,32378,35682,102804,120393,6240,6594,1772737,1899783,1433353,1497053,210989,253074,12999,14807,92926,110386,2879,2943,19591,21520,1449495,1514530,215484,258872,23598,27120,100098,117378,5251,5461,217000,231688,194859,207670,9034,10600,6564,6100,1865,1959,609,685,4069,4674,198406,211705,10699,12653,8780,8562,2706,3015,989,1133
R,10,2021,65,3961376,1902071,2059305,1559807,1645834,207205,253687,18298,20080,91215,110910,3293,3457,22253,25337,1578375,1666636,212935,261216,30461,34435,98652,118758,5863,6309,1699927,1839631,1378459,1449210,198656,243578,12267,14260,89431,108830,2696,2900,18418,20853,1393688,1466142,202767,249117,22353,26258,96044,115670,4914,5344,202144,219674,181348,196624,8549,10109,6031,5820,1784,2080,597,557,3835,4484,184687,200494,10168,12099,8108,8177,2608,3088,949,965
R,10,2021,66,3835618,1832849,2002769,1507788,1606925,194553,240342,17360,18858,88877,109571,3098,3393,21173,23680,1525341,1626208,199990,247480,29046,32174,95917,116957,5572,6084,1640883,1791284,1335100,1416858,186537,230906,11784,13536,87188,107686,2592,2797,17682,19501,1349620,1432512,190478,236177,21575,24662,93504,114166,4739,5116,191966,211485,172688,190067,8016,9436,5576,5322,1689,1885,506,596,3491,4179,175721,193696,9512,11303,7471,7512,2413,2791,833,968
R,10,2021,67,3712586,1764381,1948205,1459662,1570428,181900,229609,16051,17839,84330,104739,2826,3205,19612,22385,1476000,1588652,186895,236200,27058,30643,90761,111537,5014,5796,1588523,1750844,1301063,1392609,174509,221048,11173,12999,82878,102937,2361,2645,16539,18606,1314713,1407547,178197,225960,20543,23811,88620,108933,4290,4899,175858,197361,158599,177819,7391,8561,4878,4840,1452,1802,465,560,3073,3779,161287,181105,8698,10240,6515,6832,2141,2604,724,897
R,10,2021,68,3548144,1677237,1870907,1396160,1518107,166326,214112,14831,16496,79002,98290,2683,2883,18235,21019,1411382,1535296,170792,220195,25240,28605,84886,104738,4751,5321,1516829,1687405,1251564,1352488,159540,206140,10360,12079,77678,96735,2277,2423,15410,17540,1264359,1366644,162779,210706,19231,22340,82963,102425,4094,4557,160408,183502,144596,165619,6786,7972,4471,4417,1324,1555,406,460,2825,3479,147023,168652,8013,9489,6009,6265,1923,2313,657,764
R,10,2021,69,3437659,1618812,1818847,1354437,1480393,154848,204199,13619,15603,76620,96467,2578,2823,16710,19362,1368355,1496288,158994,209743,23182,27044,81935,102155,4533,5062,1470020,1646987,1219992,1325134,148707,196731,9651,11497,75327,94964,2203,2385,14140,16276,1231654,1338338,151763,200953,17831,21285,80109,99954,3916,4311,148792,171860,134445,155259,6141,7468,3968,4106,1293,1503,375,438,2570,3086,136701,157950,7231,8790,5351,5759,1826,2201,617,751
R,10,2021,70,3253219,1522838,1730381,1278012,1409746,145167,195975,12777,14620,68929,89359,2268,2559,15685,18122,1291006,1424588,149010,201246,22035,25473,73789,94486,4113,4632,1383113,1568446,1151324,1263510,139495,188904,9197,10770,67790,87917,1948,2155,13359,15190,1162304,1275772,142380,192905,17153,20078,72152,92414,3580,3968,139725,161935,126688,146236,5672,7071,3580,3850,1139,1442,320,404,2326,2932,128702,148816,6630,8341,4882,5395,1637,2072,533,664
R,10,2021,71,3081321,1433975,1647346,1195518,1335959,138545,186397,12246,13858,70349,91377,2263,2419,15054,17336,1208041,1350020,142301,191534,21091,24050,75003,96558,4008,4443,1303507,1491448,1077495,1195078,133111,179500,8893,10248,69268,90008,1905,2067,12835,14547,1088096,1206745,135932,183383,16498,18989,73442,94524,3474,3810,130468,155898,118023,140881,5434,6897,3353,3610,1081,1369,358,352,2219,2789,119945,143275,6369,8151,4593,5061,1561,2034,534,633
R,10,2021,72,2987540,1386761,1600779,1165876,1309287,126769,174278,11511,12944,66500,85555,2187,2407,13918,16308,1177454,1322605,130091,179025,19839,22721,70744,90157,3827,4272,1266273,1456677,1056594,1178620,121926,168044,8446,9718,65503,84381,1867,2049,11937,13865,1066460,1189828,124439,171699,15694,18251,69288,88433,3304,3696,120488,144102,109282,130667,4843,6234,3065,3226,997,1174,320,358,1981,2443,110994,132777,5652,7326,4145,4470,1456,1724,523,576
R,10,2021,73,2910992,1348824,1562168,1141742,1287544,118705,164897,10652,12339,62729,79633,1966,2240,13030,15515,1152555,1300357,121923,169236,18454,21718,66626,84001,3470,3995,1236434,1425935,1039777,1164010,114117,159160,7915,9304,61817,78478,1680,1920,11128,13063,1048932,1174676,116568,162446,14679,17405,65283,82293,3017,3450,112390,136233,101965,123534,4588,5737,2737,3035,912,1155,286,320,1902,2452,103623,125681,5355,6790,3775,4313,1343,1708,453,545
R,10,2021,74,3057616,1423005,1634611,1225043,1375360,113059,155535,10790,11836,58940,74318,1881,1992,13292,15570,1236225,1388348,116182,159886,19083,21470,62632,78470,3394,3676,1315221,1503010,1126914,1255548,108966,150130,8065,9060,58105,73205,1615,1708,11556,13359,1136593,1266592,111385,153515,15406,17512,61389,76895,2966,3221,107784,131601,98129,119812,4093,5405,2725,2776,835,1113,266,284,1736,2211,99632,121756,4797,6371,3677,3958,1243,1575,428,455
R,10,2021,75,2335580,1075451,1260129,917628,1048282,86828,123926,8367,9605,50508,64036,1664,1714,10456,12566,926436,1058659,89284,127371,14627,17011,53578,67704,2943,3211,984797,1145581,835131,944177,83255,118982,6141,7260,49822,63085,1455,1478,8993,10599,842669,952836,85108,121590,11639,13641,52559,66313,2581,2815,90654,114548,82497,104105,3573,4944,2226,2345,686,951,209,236,1463,1967,83767,105823,4176,5781,2988,3370,1019,1391,362,396
R,10,2021,76,2049172,929202,1119970,788959,927902,77854,113799,7300,8709,44600,56841,1435,1596,9054,11123,796523,937098,80016,116859,12639,15296,47318,60048,2602,2912,848226,1015804,715149,832977,74775,109502,5398,6551,43950,56006,1229,1371,7725,9397,721549,840671,76389,111804,10031,12233,46361,58831,2264,2527,80976,104166,73810,94925,3079,4297,1902,2158,650,835,206,225,1329,1726,74974,96427,3627,5055,2608,3063,957,1217,338,385
R,10,2021,77,1978298,891373,1086925,761209,906694,71647,106701,6778,7992,41929,53316,1241,1471,8569,10751,768407,915587,73624,109744,11925,14394,44448,56350,2317,2777,819037,990644,695215,818855,68770,102856,5104,6037,41409,52500,1088,1262,7451,9134,701437,826341,70291,105189,9675,11621,43670,55159,2051,2430,72336,96281,65994,87839,2877,3845,1674,1955,520,816,153,209,1118,1617,66970,89246,3333,4555,2250,2773,778,1191,266,347
R,10,2021,78,2008993,898733,1110260,777763,939830,67679,103613,6259,7704,37958,47528,1152,1266,7922,10319,784492,948436,69454,106401,11143,13964,40112,50326,2162,2484,831647,1018428,716395,856053,65079,99870,4814,5831,37438,46834,1016,1090,6905,8750,722251,863314,66441,101951,9178,11294,39345,49277,1915,2177,67086,91832,61368,83777,2600,3743,1445,1873,520,694,136,176,1017,1569,62241,85122,3013,4450,1965,2670,767,1049,247,307
R,10,2021,79,1737108,769435,967673,660693,812495,59313,92302,5557,6799,35750,46016,965,1181,7157,8880,666677,819877,60965,94736,9961,12197,37781,48445,1814,2176,710178,885264,606526,737057,56989,89039,4272,5175,35320,45384,836,996,6235,7613,611722,743335,58266,90902,8179,9927,37143,47541,1589,1883,59257,82409,54167,75438,2324,3263,1285,1624,430,632,129,185,922,1267,54955,76542,2699,3834,1782,2270,638,904,225,293
R,10,2021,80,1533941,671238,862703,575664,723465,51647,83174,4999,6020,31820,40935,876,1018,6232,8091,580922,730204,53032,85351,8788,10963,33652,43173,1624,1917,617948,788372,526903,655329,49582,80277,3864,4648,31429,40352,775,856,5395,6910,531441,661049,50627,81951,7229,8975,33046,42300,1436,1652,53290,74331,48761,68136,2065,2897,1135,1372,391,583,101,162,837,1181,49481,69155,2405,3400,1559,1988,606,873,188,265
R,10,2021,81,1386300,597784,788516,509287,657747,47255,77830,4467,5619,30231,38975,846,999,5698,7346,514038,663862,48562,79856,7858,9985,31986,41015,1538,1890,548229,717802,463901,592984,45358,74991,3405,4312,29835,38441,746,822,4984,6252,468045,598138,46369,76534,6408,8115,31421,40248,1370,1608,49555,70714,45386,64763,1897,2839,1062,1307,396,534,100,177,714,1094,45993,65724,2193,3322,1450,1870,565,767,168,282
R,10,2021,82,1253735,534643,719092,457244,602716,41215,69369,3835,4955,26765,34410,642,916,4942,6726,461432,608289,42366,71168,6741,8954,28234,36336,1247,1744,490415,654852,416759,543821,39464,66790,2932,3787,26446,33928,544,787,4270,5739,420354,548572,40334,68134,5490,7281,27763,35615,1091,1502,44228,64240,40485,58895,1751,2579,903,1168,319,482,98,129,672,987,41078,59717,2032,3034,1251,1673,471,721,156,242
R,10,2021,83,1165674,490010,675664,420313,568611,36628,63586,3486,4719,24370,31928,671,839,4542,5981,424146,573605,37662,65200,6185,8220,25755,33660,1198,1542,450051,615943,383652,513876,35120,61164,2699,3650,24049,31494,577,684,3954,5075,386973,518089,35909,62390,5099,6707,25292,33003,1043,1294,39959,59721,36661,54735,1508,2422,787,1069,321,434,94,155,588,906,37173,55516,1753,2810,1086,1513,463,657,155,248
R,10,2021,84,1032053,426563,605490,365521,508616,31957,57240,2981,4128,21583,29256,546,744,3975,5506,368922,513195,32866,58752,5341,7304,22794,30847,993,1432,390967,551385,332774,459018,30617,55086,2298,3146,21337,28812,467,619,3474,4704,335735,462898,31313,56251,4405,5929,22423,30214,867,1228,35596,54105,32747,49598,1340,2154,683,982,246,444,79,125,501,802,33187,50297,1553,2501,936,1375,371,633,126,204
R,10,2021,85,926381,376720,549661,322506,461975,28453,52431,2642,3664,19134,26124,476,633,3509,4834,325463,465993,29241,53778,4663,6499,20237,27493,907,1183,344971,500961,293308,417206,27195,50514,2059,2799,18919,25773,411,545,3079,4124,295894,420602,27800,51543,3862,5263,19920,26990,795,1036,31749,48700,29198,44769,1258,1917,583,865,215,351,65,88,430,710,29569,45391,1441,2235,801,1236,317,503,112,147
R,10,2021,86,840371,334824,505547,287463,425499,24895,47763,2307,3346,16704,23857,408,565,3047,4517,290017,429226,25592,48969,4050,5958,17658,25204,815,1097,306560,460714,261390,384276,23864,46021,1782,2551,16499,23523,363,465,2662,3878,263612,387461,24405,46951,3337,4852,17347,24706,733,928,28264,44833,26073,41223,1031,1742,525,795,205,334,45,100,385,639,26405,41765,1187,2018,713,1106,311,498,82,169
R,10,2021,87,722977,283076,439901,243109,370988,20768,41172,1882,2797,14291,20645,395,499,2631,3800,245368,374177,21373,42210,3349,4966,15136,21793,712,947,259420,401607,221241,335693,19941,39730,1457,2119,14122,20355,341,432,2318,3278,223229,338431,20413,40537,2779,4024,14874,21371,626,829,23656,38294,21868,35295,827,1442,425,678,169,290,54,67,313,522,22139,35746,960,1673,570,942,262,422,86,118
R,10,2021,88,631469,241010,390459,207275,329295,17231,35922,1614,2435,12405,18973,327,432,2158,3402,209084,332117,17720,36838,2814,4387,13127,19970,597,874,221429,357349,189168,298744,16522,34650,1261,1887,12276,18743,286,375,1916,2950,190770,301176,16911,35366,2335,3616,12940,19636,530,772,19581,33110,18107,30551,709,1272,353,548,129,230,41,57,242,452,18314,30941,809,1472,479,771,187,334,67,102
R,10,2021,89,567657,210703,356954,181863,302533,14638,31748,1334,2142,10694,17044,282,381,1892,3106,183470,305118,15097,32612,2377,3919,11307,17939,528,771,193647,326995,166035,274841,14072,30645,1033,1644,10564,16838,246,336,1697,2691,167471,277068,14455,31345,1974,3213,11128,17626,470,677,17056,29959,15828,27692,566,1103,301,498,130,206,36,45,195,415,15999,28050,642,1267,403,706,179,313,58,94
R,10,2021,90,490468,177739,312729,154603,267462,11450,26137,1097,1812,8777,14470,222,300,1590,2548,155955,269590,11814,26852,1955,3265,9331,15212,425,604,163193,287152,141077,243791,10993,25230,829,1368,8693,14299,199,259,1402,2205,142269,245620,11286,25795,1590,2659,9189,14954,376,528,14546,25577,13526,23671,457,907,268,444,84,171,23,41,188,343,13686,23970,528,1057,365,606,142,258,49,76
R,10,2021,91,430346,150562,279784,130550,238358,9887,23573,930,1570,7683,13662,198,294,1314,2327,131665,240305,10192,24202,1671,2886,8097,14340,377,593,138204,256802,119040,217009,9489,22796,726,1203,7615,13519,179,255,1155,2020,120020,218687,9730,23283,1385,2373,7988,14122,338,518,12358,22982,11510,21349,398,777,204,367,68,143,19,39,159,307,11645,21618,462,919,286,513,109,218,39,75
R,10,2021,92,347208,116415,230793,101143,197268,7272,19137,736,1251,6022,10960,156,257,1086,1920,102059,198842,7530,19702,1353,2327,6366,11516,295,506,106946,212523,92376,180300,6949,18500,568,968,5961,10846,139,225,953,1684,93179,181679,7156,18955,1120,1926,6267,11345,259,448,9469,18270,8767,16968,323,637,168,283,61,114,17,32,133,236,8880,17163,374,747,233,401,99,171,36,58
R,10,2021,93,288547,92801,195746,80612,167409,5756,16054,588,1068,4867,9336,99,194,879,1685,81348,168810,5954,16531,1092,2026,5149,9822,218,417,85499,180824,73810,153644,5523,15496,457,821,4833,9237,86,168,790,1458,74472,154843,5690,15875,914,1671,5092,9668,189,368,7302,14922,6802,13765,233,558,131,247,34,99,13,26,89,227,6876,13967,264,656,178,355,57,154,29,49
R,10,2021,94,231049,71331,159718,61747,136689,4431,12938,412,872,3983,7714,87,154,671,1351,62307,137811,4595,13311,778,1668,4205,8088,173,322,65972,148082,56734,125930,4281,12503,333,681,3949,7636,77,135,598,1197,57233,126921,4417,12807,662,1403,4148,7971,152,281,5359,11636,5013,10759,150,435,79,191,34,78,10,19,73,154,5074,10890,178,504,116,265,57,117,21,41
R,10,2021,95,180206,53067,127139,45808,108829,3351,10228,337,682,2976,6199,58,139,537,1062,46258,109722,3492,10545,630,1288,3146,6480,131,267,49129,118225,42141,100587,3233,9901,271,538,2955,6134,51,123,478,942,42541,101379,3344,10162,536,1083,3108,6387,116,237,3938,8914,3667,8242,118,327,66,144,21,65,7,16,59,120,3717,8343,148,383,94,205,38,93,15,30
R,10,2021,96,136268,37977,98291,32603,83798,2356,7872,240,523,2369,5088,42,113,367,897,32912,84540,2444,8142,439,1011,2497,5342,93,232,35229,91563,30059,77574,2270,7629,188,407,2353,5046,37,104,322,803,30333,78242,2340,7858,364,853,2464,5270,81,206,2748,6728,2544,6224,86,243,52,116,16,42,5,9,45,94,2579,6298,104,284,75,158,33,72,12,26
R,10,2021,97,100767,26874,73893,22790,62987,1743,5906,170,409,1852,3882,29,75,290,634,23032,63504,1820,6102,332,779,1951,4056,61,151,24939,69027,20992,58467,1682,5731,140,338,1836,3850,27,68,262,573,21210,58935,1747,5900,288,678,1928,4004,54,137,1935,4866,1798,4520,61,175,30,71,16,32,2,7,28,61,1822,4569,73,202,44,101,23,52,7,14
R,10,2021,98,71847,18444,53403,15577,45460,1156,4234,125,279,1328,2875,26,55,232,500,15769,45872,1218,4398,252,565,1403,3006,62,127,17150,50125,14370,42430,1119,4109,106,226,1319,2855,23,48,213,457,14550,42804,1173,4253,224,492,1388,2976,54,113,1294,3278,1207,3030,37,125,19,53,9,20,3,7,19,43,1219,3068,45,145,28,73,15,30,8,14
R,10,2021,99,50669,12481,38188,10477,32450,792,3000,81,207,985,2142,14,50,132,339,10588,32724,829,3103,153,400,1032,2231,36,93,11647,35972,9709,30386,762,2928,68,176,977,2128,13,47,118,307,9808,30635,792,3018,133,354,1020,2207,31,85,834,2216,768,2064,30,72,13,31,8,14,1,3,14,32,780,2089,37,85,20,46,12,24,5,8
R,10,2021,100,82881,17347,65534,14007,53900,1158,5721,128,385,1766,4724,31,89,257,715,14212,54467,1242,5979,263,781,1851,4916,74,194,16309,61953,13058,50619,1125,5582,110,337,1758,4698,27,81,231,636,13244,51124,1199,5804,231,692,1835,4865,62,173,1038,3581,949,3281,33,139,18,48,8,26,4,8,26,79,968,3343,43,175,32,89,16,51,12,21
R,11,2021,999,332790066,164763065,168027001,125481266,126232471,21755949,23486181,2211483,2165791,9949950,10731791,443092,428738,4921325,4982029,129877975,130660070,24013439,25816462,3611999,3622763,11785768,12554695,869258,856890,132635994,136669840,97481648,98952394,20128545,21816364,1194247,1225834,9611902,10395711,318919,312590,3900733,3966947,100965965,102475474,21901567,23656456,2176889,2269474,11166807,11938669,652466,649240,32127071,31357161,27999618,27280077,1627404,1669817,1017236,939957,338048,336080,124173,116148,1020592,1015082,28912010,28184596,2111872,2160006,1435110,1353289,618961,616026,216792,207650
R,11,2021,0,3625084,1853189,1771895,1276769,1216954,302187,293509,33904,32551,106689,100740,7247,6787,126393,121354,1393013,1328542,372159,360843,57497,55263,153351,145390,15924,15034,1351146,1287272,871720,825596,263721,256165,12382,11873,98954,93368,4088,3901,100281,96369,964483,914711,320065,310432,27262,26239,137492,130280,10371,9890,502043,484623,405049,391358,38466,37344,21522,20678,7735,7372,3159,2886,26112,24985,428530,413831,52094,50411,30235,29024,15859,15110,5553,5144
R,11,2021,1,3666223,1874510,1791713,1292674,1232726,303306,293847,34802,33299,112194,105779,6993,6589,124541,119473,1407236,1342613,372358,360203,57927,55544,158166,149757,15516,14695,1375154,1311844,887217,843059,266882,258600,13221,12727,104461,98381,4244,3926,99129,95151,978910,931054,322635,312209,27892,26852,142554,134852,10463,9851,499356,479869,405457,389667,36424,35247,21581,20572,7733,7398,2749,2663,25412,24322,428326,411559,49723,47994,30035,28692,15612,14905,5053,4844
R,11,2021,2,3762838,1922244,1840594,1334400,1274357,303060,295503,35811,34413,117212,110271,7297,6850,124464,119200,1448805,1383920,371825,361574,58927,56676,163417,154244,15859,14952,1420414,1355816,925953,879259,267311,260850,14083,13681,109285,102767,4483,4212,99299,95047,1017698,967068,322865,314249,28842,27891,147726,139310,10798,10184,501830,484778,408447,395098,35749,34653,21728,20732,7927,7504,2814,2638,25165,24153,431107,416852,48960,47325,30085,28785,15691,14934,5061,4768
R,11,2021,3,3827329,1955626,1871703,1357455,1295608,306940,299566,36518,34933,121100,113971,7371,6965,126242,120660,1473482,1406494,376604,366388,60006,57472,167998,158529,16049,15178,1445674,1380280,941639,894394,271195,264989,14248,13785,113174,106438,4571,4314,100847,96360,1034799,983392,327542,319053,29245,28211,152280,143555,10976,10379,509952,491423,415816,401214,35745,34577,22270,21148,7926,7533,2800,2651,25395,24300,438683,423102,49062,47335,30761,29261,15718,14974,5073,4799
R,11,2021,4,3914781,2003461,1911320,1392164,1324978,311658,303182,36326,34525,127901,119766,7485,7094,127927,121775,1509684,1436893,381569,370400,60268,57435,175904,164764,16417,15456,1484024,1411564,964427,913571,276985,269523,15167,14388,120181,112333,4807,4462,102457,97287,1058980,1003406,333602,323934,30586,29097,160367,149828,11472,10636,519437,499756,427737,411407,34673,33659,21159,20137,7720,7433,2678,2632,25470,24488,450704,433487,47967,46466,29682,28338,15537,14936,4945,4820
R,11,2021,5,4032148,2061105,1971043,1446118,1377720,312246,305531,35898,34663,129916,122243,7512,7145,129415,123741,1565050,1491482,382335,373039,60478,58256,178705,168355,16599,15712,1527163,1457943,1003415,952310,277598,272006,15792,15289,122065,114848,4786,4521,103507,98969,1098982,1043735,334274,326652,31666,30529,162859,153357,11546,10875,533942,513100,442703,425410,34648,33525,20106,19374,7851,7395,2726,2624,25908,24772,466068,447747,48061,46387,28812,27727,15846,14998,5053,4837
R,11,2021,6,4076410,2083084,1993326,1466091,1397883,316686,309035,35207,34189,128583,121179,7399,7176,129118,123864,1584791,1511748,386558,376645,59957,57867,177030,167230,16457,15761,1546066,1475105,1018654,966618,282184,275524,16203,15426,120927,113864,4699,4535,103399,99138,1114150,1058189,338736,330296,32271,30733,161485,152361,11461,10935,537018,518221,447437,431265,34502,33511,19004,18763,7656,7315,2700,2641,25719,24726,470641,453559,47822,46349,27686,27134,15545,14869,4996,4826
R,11,2021,7,4090059,2091808,1998251,1473423,1401152,318050,310277,35459,34462,129309,122368,7217,6966,128350,123026,1591402,1514245,387216,377361,60205,58169,177620,167970,16315,15540,1557762,1484584,1028528,973677,283229,276583,16463,15891,121988,115416,4672,4515,102882,98502,1123543,1064644,339187,330937,32598,31283,162511,153558,11469,10924,534046,513667,444895,427475,34821,33694,18996,18571,7321,6952,2545,2451,25468,24524,467859,449601,48029,46424,27607,26886,15109,14412,4846,4616
R,11,2021,8,4052853,2072920,1979933,1460688,1390709,316899,308366,35624,34162,126375,119282,7009,6719,126325,120695,1576746,1501510,384647,374029,60151,57651,174072,164127,16132,15261,1544031,1471250,1019487,966431,282693,275455,16706,15978,119400,112506,4589,4334,101156,96546,1112858,1055477,337476,328621,32699,31281,159361,149953,11354,10619,528889,508683,441201,424278,34206,32911,18918,18184,6975,6776,2420,2385,25169,24149,463888,446033,47171,45408,27452,26370,14711,14174,4778,4642
R,11,2021,9,4069860,2080752,1989108,1468980,1400158,317130,307791,35799,34699,126853,120079,6966,6722,125024,119659,1583762,1509994,384020,372401,60359,58254,174045,164733,16023,15311,1548243,1475161,1023653,970395,283371,275296,16793,16172,119994,113374,4537,4340,99895,95584,1115775,1058537,337309,327464,32780,31520,159514,150681,11251,10693,532509,513947,445327,429763,33759,32495,19006,18527,6859,6705,2429,2382,25129,24075,467987,451457,46711,44937,27579,26734,14531,14052,4772,4618
R,11,2021,10,4108765,2107143,2001622,1496574,1417307,320615,309880,35576,34277,122329,115150,6812,6503,125237,118505,1611603,1526070,387847,373744,60457,57968,169130,159231,15851,15018,1561769,1479353,1037611,978237,287388,277828,17096,16137,115542,108695,4380,4176,99752,94280,1129648,1065169,341526,329224,33263,31496,154568,145404,11054,10434,545374,522269,458963,439070,33227,32052,18480,18140,6787,6455,2432,2327,25485,24225,481955,460901,46321,44520,27194,26472,14562,13827,4797,4584
R,11,2021,11,4182976,2143559,2039417,1532004,1453007,324440,312660,34442,33149,120565,114556,6561,6292,125547,119753,1647523,1563074,391673,377334,59762,57545,167011,158387,15553,14764,1581942,1501366,1053735,994910,293039,282073,17235,16795,114042,108483,4353,4192,99538,94913,1145721,1082508,346948,333887,33550,32574,152697,145000,10985,10436,561617,538051,478269,458097,31401,30587,17207,16354,6523,6073,2208,2100,26009,24840,501802,480566,44725,43447,26212,24971,14314,13387,4568,4328
R,11,2021,12,4239534,2170452,2069082,1558631,1478719,328744,318456,34542,33207,118622,113613,6601,6430,123312,118657,1672086,1587779,394924,383014,59404,56987,164058,156627,15204,14781,1602954,1525400,1073449,1014339,297353,287879,17838,17189,112242,107546,4507,4318,97565,94129,1163616,1101218,350524,339791,33728,32516,149988,143421,10847,10461,567498,543682,485182,464380,31391,30577,16704,16018,6380,6067,2094,2112,25747,24528,508470,486561,44400,43223,25676,24471,14070,13206,4357,4320
R,11,2021,13,4417586,2263313,2154273,1629015,1542955,344807,333690,35780,34003,122623,117274,6744,6562,124344,119789,1743223,1653051,411807,399128,60707,58048,167934,160290,15661,14843,1672956,1592244,1122709,1061266,312222,302608,18393,17779,116150,111124,4581,4411,98901,95056,1213853,1148980,366389,355505,34481,33133,154012,146965,11190,10505,590357,562029,506306,481689,32585,31082,17387,16224,6473,6150,2163,2151,25443,24733,529370,504071,45418,43623,26226,24915,13922,13325,4471,4338
R,11,2021,14,4454834,2281670,2173164,1649161,1564444,344925,333918,36468,35017,122949,116707,6735,6625,121432,116453,1760677,1671250,409971,397112,61475,58899,167121,158513,15481,14933,1686293,1604719,1137385,1076202,312772,302907,18595,18234,116540,110707,4589,4427,96412,92242,1226291,1161090,365296,353872,34714,33491,153308,145505,11065,10539,595377,568445,511776,488242,32153,31011,17873,16783,6409,6000,2146,2198,25020,24211,534386,510160,44675,43240,26761,25408,13813,13008,4416,4394
R,11,2021,15,4391098,2248150,2142948,1632791,1549758,336734,326242,36031,34207,120101,115087,6564,6372,115929,111282,1739160,1651816,398070,385856,60208,57385,162823,155339,14957,14306,1667418,1587289,1132387,1071164,306096,296371,18395,17783,113781,109308,4490,4277,92269,88386,1217360,1152489,355733,344739,33991,32676,149568,142907,10709,10138,580732,555659,500404,478594,30638,29871,17636,16424,6320,5779,2074,2095,23660,22896,521800,499327,42337,41117,26217,24709,13255,12432,4248,4168
R,11,2021,16,4335246,2217281,2117965,1620256,1536067,325983,317686,35134,34106,119729,117744,6574,6476,109605,105886,1720725,1632959,383297,373552,58563,56632,160239,156576,14414,14053,1651301,1577482,1131176,1069098,296394,289311,18137,17735,113906,112247,4490,4483,87198,84608,1211400,1146744,342843,334790,33250,32307,147881,144921,10298,10153,565980,540483,489080,466969,29589,28375,16997,16371,5823,5497,2084,1993,22407,21278,509325,486215,40454,38762,25313,24325,12358,11655,4116,3900
R,11,2021,17,4326407,2211597,2114810,1621130,1538590,321926,313466,34478,33059,122024,121203,6477,6170,105562,102322,1717732,1632135,376366,366606,57430,55360,161493,158981,14236,13620,1658892,1586032,1142158,1080808,293500,286159,18080,17239,116205,115663,4529,4316,84420,81847,1219698,1155839,337607,329434,33157,31904,149508,147527,10369,9884,552705,528778,478972,457782,28426,27307,16398,15820,5819,5540,1948,1854,21142,20475,498034,476296,38759,37172,24273,23456,11985,11454,3867,3736
R,11,2021,18,4324983,2210156,2114827,1625454,1542071,319152,312272,33835,32643,123764,123220,6340,6035,101611,98586,1718358,1632171,371070,362905,56585,54679,161555,159863,13880,13274,1666475,1593421,1153829,1089531,291188,285799,17670,17105,118119,117829,4451,4254,81218,78903,1228342,1161892,333400,327009,32637,31718,149959,148648,10101,9730,543681,521406,471625,452540,27964,26473,16165,15538,5645,5391,1889,1781,20393,19683,490016,470279,37670,35896,23948,22961,11596,11215,3779,3544
R,11,2021,19,4309310,2201209,2108101,1618042,1536668,321745,316043,33972,32196,124102,122295,6227,6055,97121,94844,1706611,1622992,370977,364734,56393,54233,160090,156977,13565,13099,1664001,1593950,1151125,1089359,294306,290046,17855,17192,118584,117164,4425,4270,77706,75919,1222184,1158723,334423,329691,32642,31826,148904,146353,10009,9619,537208,514151,466917,447309,27439,25997,16117,15004,5518,5131,1802,1785,19415,18925,484427,464269,36554,35043,23751,22407,11186,10624,3556,3480
R,11,2021,20,4343195,2217615,2125580,1627840,1549213,327518,321231,33610,31907,126680,124102,6086,5935,95881,93192,1715048,1634067,376100,368810,56296,54120,162072,158037,13291,12971,1686677,1618684,1166134,1107800,300287,295652,17924,17362,121379,119025,4306,4144,76647,74701,1235996,1176037,339744,334486,33048,32252,151271,147701,9777,9500,530938,506896,461706,441413,27231,25579,15686,14545,5301,5077,1780,1791,19234,18491,479052,458030,36356,34324,23248,21868,10801,10336,3514,3471
R,11,2021,21,4390468,2240855,2149613,1639605,1559657,336358,331385,34078,32576,130458,128573,6206,5975,94150,91447,1725290,1642536,383705,378004,57050,54814,165000,161764,13283,12941,1711462,1644502,1178508,1120045,309582,305672,18389,17666,125161,123520,4480,4222,75342,73377,1247185,1186735,348015,343682,33794,32777,154435,151530,9896,9515,529393,505111,461097,439612,26776,25713,15689,14910,5297,5053,1726,1753,18808,18070,478105,455801,35690,34322,23256,22037,10565,10234,3387,3426
R,11,2021,22,4298186,2192263,2105923,1608625,1533010,327334,322288,33070,31955,126741,125029,6124,5725,90369,87916,1690682,1612483,372873,367314,55645,54001,159188,156329,13191,12494,1680944,1616438,1162999,1106637,301429,297401,18095,17684,121635,120187,4410,4100,72376,70429,1228874,1170415,338506,334122,33441,32757,149048,146498,9809,9277,511319,489485,445626,426373,25905,24887,14975,14271,5106,4842,1714,1625,17993,17487,461808,442068,34367,33192,22204,21244,10140,9831,3382,3217
R,11,2021,23,4307671,2194121,2113550,1607027,1534850,328945,325022,32864,31973,130702,129625,6106,5781,88477,86299,1687043,1613076,373079,368681,55318,54113,162472,160118,13124,12362,1688753,1628656,1166420,1112166,303415,300553,17983,17613,125535,124754,4395,4139,71005,69431,1230745,1175240,339405,336276,33328,32927,152440,150486,9836,9241,505368,484894,440607,422684,25530,24469,14881,14360,5167,4871,1711,1642,17472,16868,456298,437836,33674,32405,21990,21186,10032,9632,3288,3121
R,11,2021,24,4276891,2176277,2100614,1591180,1523315,324965,321656,32221,31455,137182,135388,6093,5714,84636,83086,1667788,1598332,366537,362944,54338,53372,167830,165063,12698,12136,1679914,1624529,1157814,1107638,300357,298008,17582,17492,132175,130595,4421,4136,67565,66660,1219094,1167872,333948,331609,32732,32698,158060,155742,9519,9097,496363,476085,433366,415677,24608,23648,14639,13963,5007,4793,1672,1578,17071,16426,448694,430460,32589,31335,21606,20674,9770,9321,3179,3039
R,11,2021,25,4315177,2194475,2120702,1605308,1536670,323942,322901,32490,31187,143247,142600,6322,5824,83166,81520,1680484,1610012,363957,362911,54927,53151,173404,171959,12985,12450,1699239,1646608,1172749,1122305,299536,299795,17761,17214,138344,137757,4586,4212,66263,65325,1232761,1181146,331755,332325,33003,32378,163969,162604,9757,9401,495236,474094,432559,414365,24406,23106,14729,13973,4903,4843,1736,1612,16903,16195,447723,428866,32202,30586,21924,20773,9435,9355,3228,3049
R,11,2021,26,4384344,2230006,2154338,1625587,1556302,336244,332841,32776,31520,147530,147998,6450,6259,81419,79418,1698728,1627503,374903,371589,55576,53533,177162,176472,13144,12905,1731874,1676148,1190028,1138316,311473,308970,18135,17524,142616,143136,4704,4563,64918,63639,1248334,1195464,342613,340278,33932,32924,167797,167268,9935,9788,498132,478190,435559,417986,24771,23871,14641,13996,4914,4862,1746,1696,16501,15779,450394,432039,32290,31311,21644,20609,9365,9204,3209,3117
R,11,2021,27,4446632,2258795,2187837,1638274,1571318,350401,347548,32877,32170,151579,152250,6432,6451,79232,78100,1709046,1640946,387266,384967,55931,54752,180458,180318,13358,13016,1760235,1710525,1201944,1154185,325408,323633,18440,17889,146660,147500,4733,4742,63050,62576,1258226,1209954,354953,353887,34487,33839,171243,171326,10150,9915,498560,477312,436330,417133,24993,23915,14437,14281,4919,4750,1699,1709,16182,15524,450820,430992,32313,31080,21444,20913,9215,8992,3208,3101
R,11,2021,28,4544886,2309289,2235597,1671134,1599155,365097,361345,34116,33241,156452,159521,6727,6463,75763,75872,1738467,1666505,399593,397091,56518,55927,184662,186801,13468,13058,1803938,1754824,1228251,1178649,339584,337145,19233,18963,151641,154672,4897,4765,60332,60630,1281885,1232484,367097,365794,34913,35044,175663,177876,10192,9930,505351,480773,442883,420506,25513,24200,14883,14278,4811,4849,1830,1698,15431,15242,456582,434021,32496,31297,21605,20883,8999,8925,3276,3128
R,11,2021,29,4641243,2354669,2286574,1704476,1635930,372388,368991,35709,33885,160916,166747,6796,6611,74384,74410,1770321,1701760,404899,402704,58661,56535,188957,194362,13543,13277,1841855,1800233,1255312,1210324,346432,344251,20158,19516,156070,161837,4932,4851,58951,59454,1307442,1262910,371975,371101,36231,35607,180115,185462,10280,10062,512814,486341,449164,425606,25956,24740,15551,14369,4846,4910,1864,1760,15433,14956,462879,438850,32924,31603,22430,20928,8842,8900,3263,3215
R,11,2021,30,4722826,2384210,2338616,1725105,1668215,375730,380103,35980,33503,168723,176023,7584,6952,71088,73820,1787091,1732546,406154,413368,58011,55632,196412,204595,14667,14064,1874659,1858162,1280510,1250531,349048,353639,20217,19540,163605,170679,5521,5161,55758,58612,1328997,1301506,372580,379815,35434,35066,187211,195037,11123,10805,509551,480454,444595,417684,26682,26464,15763,13963,5118,5344,2063,1791,15330,15208,458094,431040,33574,33553,22577,20566,9201,9558,3544,3259
R,11,2021,31,4778345,2413315,2365030,1754825,1693181,373082,378947,35752,33038,174539,182445,7745,7247,67372,70172,1813552,1754566,400931,409984,56745,54482,201661,209574,14532,13954,1899982,1889419,1306769,1279937,346106,352143,19707,19279,169246,177148,5561,5416,52593,55496,1352409,1328346,367288,376400,34131,34257,192481,200306,10933,10738,513333,475611,448056,413244,26976,26804,16045,13759,5293,5297,2184,1831,14779,14676,461143,426220,33643,33584,22614,20225,9180,9268,3599,3216
R,11,2021,32,4656507,2352905,2303602,1715936,1647684,356996,366411,34564,31688,175031,185352,7800,6914,62578,65553,1770566,1704718,382450,395022,54340,51807,200153,211062,13986,13308,1858299,1849350,1284087,1252598,331048,340874,18833,18551,169966,180182,5684,5225,48681,51920,1326383,1297567,350202,363113,32339,32638,191566,202335,10624,10375,494606,454252,431849,395086,25948,25537,15731,13137,5065,5170,2116,1689,13897,13633,444183,407151,32248,31909,22001,19169,8587,8727,3362,2933
R,11,2021,33,4587966,2314584,2273382,1701704,1637454,336842,350158,34294,30929,174794,185498,7650,6996,59300,62347,1753207,1691782,360340,376937,52970,50135,199113,210185,13738,13084,1820412,1823254,1269218,1245737,311775,325018,18361,17697,169811,180452,5589,5273,45658,49077,1308709,1288381,329121,345490,30830,31112,190671,201635,10421,10149,494172,450128,432486,391717,25067,25140,15933,13232,4983,5046,2061,1723,13642,13270,444498,403401,31219,31447,22140,19023,8442,8550,3317,2935
R,11,2021,34,4491765,2271851,2219914,1684970,1608832,319919,333442,32898,29873,170559,181231,7704,6786,55801,59750,1733294,1660930,341911,358801,50845,48492,193379,204986,13610,12674,1783676,1778109,1256500,1223657,295862,309071,17329,17068,165733,176487,5534,5090,42718,46736,1293218,1264251,311942,328326,29269,29919,185305,196922,10270,9800,488175,441805,428470,385175,24057,24371,15569,12805,4826,4744,2170,1696,13083,13014,440076,396679,29969,30475,21576,18573,8074,8064,3340,2874
R,11,2021,35,4495982,2276160,2219822,1699573,1618915,312134,326885,32660,29710,170404,180422,7661,6860,53728,57030,1746316,1668354,332710,350741,50040,48270,192528,202932,13360,12509,1784524,1777584,1267393,1232890,288190,302508,17046,16719,165488,175822,5474,5130,40933,44515,1302823,1271280,302950,320604,28586,29588,184397,195131,10018,9682,491636,442238,432180,386025,23944,24377,15614,12991,4916,4600,2187,1730,12795,12515,443493,397074,29760,30137,21454,18682,8131,7801,3342,2827
R,11,2021,36,4512209,2283502,2228707,1712851,1629973,308200,324571,32277,29458,170177,181804,7651,6878,52346,56023,1758206,1678598,328106,347272,49836,47785,191427,204292,13229,12643,1788569,1785227,1277413,1242329,284560,300548,16342,16550,165379,177140,5434,5236,39441,43424,1311312,1279825,298690,317326,27882,29298,183510,196410,9873,9897,494933,443480,435438,387644,23640,24023,15935,12908,4798,4664,2217,1642,12905,12599,446894,398773,29416,29946,21954,18487,7917,7882,3356,2746
R,11,2021,37,4435733,2238824,2196909,1682065,1608183,297111,316728,31630,28984,170378,182215,7388,6590,50252,54209,1725667,1655091,315697,338192,48623,47109,191025,204327,12923,12233,1754802,1758054,1255679,1224129,274403,293258,16158,16172,165567,177763,5241,4922,37754,41810,1288186,1260160,287476,308933,27315,28680,183148,196656,9631,9438,484022,438855,426386,384054,22708,23470,15472,12812,4811,4452,2147,1668,12498,12399,437481,394931,28221,29259,21308,18429,7877,7671,3292,2795
R,11,2021,38,4434081,2237483,2196598,1686442,1609744,294209,315458,31844,29085,168312,182034,7390,6751,49286,53526,1729117,1655993,312396,336301,48707,47456,188561,203686,12717,12414,1753406,1755924,1259633,1224303,271669,291698,16087,16054,163568,177632,5332,5068,37117,41169,1291508,1259647,284419,306940,27287,28739,180785,196124,9558,9599,484077,440674,426809,385441,22540,23760,15757,13031,4744,4402,2058,1683,12169,12357,437609,396346,27977,29361,21420,18717,7776,7562,3159,2815
R,11,2021,39,4481557,2259364,2222193,1707187,1631160,296224,319373,31973,29180,167449,182439,7440,6862,49091,53179,1749707,1677045,314223,340257,49083,47649,187385,203696,12848,12448,1767110,1771770,1272833,1236831,273414,295118,16135,16001,162619,177753,5296,5099,36813,40968,1304442,1271954,285979,310404,27483,28832,179494,195887,9607,9596,492254,450423,434354,394329,22810,24255,15838,13179,4830,4686,2144,1763,12278,12211,445265,405091,28244,29853,21600,18817,7891,7809,3241,2852
R,11,2021,40,4395006,2212042,2182964,1678677,1607881,289298,313369,30528,28411,158860,175600,7210,6336,47469,51367,1719604,1652213,306511,333648,47454,46418,178014,195861,12437,11782,1737215,1742654,1259525,1222085,267379,289987,15282,15571,154237,171021,5139,4637,35653,39353,1290009,1255851,279433,304716,26562,28006,170463,188295,9282,8995,474827,440310,419152,385796,21919,23382,15246,12840,4623,4579,2071,1699,11816,12014,429595,396362,27078,28932,20892,18412,7551,7566,3155,2787
R,11,2021,41,4425194,2228235,2196959,1689980,1614964,296621,322296,31209,28583,155761,173340,7333,6491,47331,51285,1730781,1659154,313920,342536,48263,46861,174756,193358,12676,12001,1740970,1751333,1259641,1224192,274380,298566,15593,15739,150970,168770,5140,4812,35246,39254,1289749,1257726,286360,313215,26913,28456,166939,185830,9394,9282,487265,445626,430339,390772,22241,23730,15616,12844,4791,4570,2193,1679,12085,12031,441032,401428,27560,29321,21350,18405,7817,7528,3282,2719
R,11,2021,42,4244795,2130746,2114049,1618182,1554161,282363,310365,29430,27163,150019,168001,6521,6117,44231,48242,1656382,1595601,298335,329384,45637,44470,167557,186898,11472,11185,1672657,1689267,1213718,1181774,261244,287608,14757,14914,145639,163731,4569,4566,32730,36674,1241730,1213015,272199,301132,25438,26941,160374,179766,8474,8656,458089,424782,404464,372387,21119,22757,14673,12249,4380,4270,1952,1551,11501,11568,414652,382586,26136,28252,20199,17529,7183,7132,2998,2529
R,11,2021,43,4126541,2068119,2058422,1575652,1516772,270775,299495,28054,26523,145350,163998,6229,5696,42059,45938,1611807,1556248,285957,317229,43608,43350,162047,181973,10731,10477,1623249,1641169,1181800,1150878,250615,277373,14183,14359,141094,159653,4437,4184,31120,34722,1208231,1180449,261033,289926,24485,25935,155130,174909,8010,8030,444870,417253,393852,365894,20160,22122,13871,12164,4256,4345,1792,1512,10939,11216,403576,375799,24924,27303,19123,17415,6917,7064,2721,2447
R,11,2021,44,4093651,2046976,2046675,1565826,1513149,264951,295158,28170,26529,141474,161387,6069,5715,40486,44737,1600619,1551321,279348,312393,43442,43211,157506,178918,10510,10450,1605805,1629062,1174362,1145448,245741,273613,14376,14691,137162,157137,4310,4214,29854,33959,1199695,1174157,255453,285829,24558,26332,150600,172020,7811,8014,441171,417613,391464,367701,19210,21545,13794,11838,4312,4250,1759,1501,10632,10778,400924,377164,23895,26564,18884,16879,6906,6898,2699,2436
R,11,2021,45,3934597,1965177,1969420,1499690,1456091,251953,280623,27058,25159,142091,160151,5737,5369,38648,42027,1532975,1491848,265191,296515,41699,41012,157576,176810,10121,9847,1538499,1561340,1120676,1095865,233384,260018,13795,13792,138003,155967,4112,3939,28529,31759,1144945,1122579,242208,271185,23545,24820,151083,170054,7584,7562,426678,408080,379014,360226,18569,20605,13263,11367,4088,4184,1625,1430,10119,10268,388030,369269,22983,25330,18154,16192,6493,6756,2537,2285
R,11,2021,46,3936309,1966420,1969889,1502847,1457371,251460,281438,26595,25111,143689,160742,5584,5209,36245,40018,1533867,1491440,264002,296283,40610,40359,158149,176687,9534,9406,1545591,1566934,1127600,1100616,233774,261430,13497,13879,139695,156694,4038,3852,26987,30463,1150406,1126314,242247,271853,23040,24579,151943,170284,7204,7233,420829,402955,375247,356755,17686,20008,13098,11232,3994,4048,1546,1357,9258,9555,383461,365126,21755,24430,17570,15780,6206,6403,2330,2173
R,11,2021,47,3908870,1950622,1958248,1494495,1454142,247525,277872,26251,24599,142353,158225,5444,5038,34554,38372,1523894,1486624,259203,292020,39908,39536,156133,173417,9373,9036,1540582,1562560,1127519,1102246,230898,259103,13411,13648,138595,154369,3987,3747,26172,29447,1149566,1126875,239020,269167,22793,24271,150451,167458,7174,6994,410040,395688,366976,351896,16627,18769,12840,10951,3758,3856,1457,1291,8382,8925,374328,359749,20183,22853,17115,15265,5682,5959,2199,2042
R,11,2021,48,3893656,1940152,1953504,1486563,1449708,247355,278884,25415,24538,141755,158038,5175,5002,33889,37334,1515348,1481171,258581,292467,38810,39184,155480,172959,8975,8935,1544949,1568598,1132446,1107195,231462,260671,13154,13765,138216,154312,3820,3733,25851,28922,1154135,1131285,239193,270411,22551,24415,150080,167204,6945,6927,395203,384906,354117,342513,15893,18213,12261,10773,3539,3726,1355,1269,8038,8412,361213,349886,19388,22056,16259,14769,5400,5755,2030,2008
R,11,2021,49,4043120,2016461,2026659,1550645,1511103,258259,289324,26122,24792,142411,159134,5223,4951,33801,37355,1579243,1542594,269122,302625,40029,39925,155928,173865,9013,8918,1621137,1641516,1196155,1168000,242571,271253,13713,14065,138766,155420,3913,3691,26019,29087,1217899,1192207,250172,280858,23666,25126,150505,168226,6988,6977,395324,385143,354490,343103,15688,18071,12409,10727,3645,3714,1310,1260,7782,8268,361344,350387,18950,21767,16363,14799,5423,5639,2025,1941
R,11,2021,50,4270224,2134173,2136051,1663078,1614356,267243,299805,26195,25459,138032,153626,5266,4925,34359,37880,1692141,1646315,278159,313129,40622,41245,151567,168165,9195,9049,1743720,1756126,1312855,1275909,251694,282119,14259,14701,134337,150022,3907,3713,26668,29662,1335167,1300671,259378,291722,24757,26485,146105,162634,7156,7115,390453,379925,350223,338447,15549,17686,11936,10758,3695,3604,1359,1212,7691,8218,356974,345644,18781,21407,15865,14760,5462,5531,2039,1934
R,11,2021,51,4364670,2183755,2180915,1708055,1657585,272206,301970,26721,25275,137210,153248,5168,5115,34395,37722,1737149,1689183,283177,315134,41469,41368,150338,167669,9186,9367,1796104,1809698,1360493,1327007,256642,284557,14661,14872,133618,149621,3868,3872,26822,29769,1382915,1351678,264467,294234,25506,27019,144985,162057,7193,7408,387651,371217,347562,330578,15564,17413,12060,10403,3592,3627,1300,1243,7573,7953,354234,337505,18710,20900,15963,14349,5353,5612,1993,1959
R,11,2021,52,4172402,2082873,2089529,1637735,1597761,253997,283251,25073,24097,129023,144957,5068,4932,31977,34531,1664847,1626689,263815,294899,39132,39342,141220,158022,8833,8821,1715938,1736193,1308555,1282469,239402,267026,13890,14285,125629,141488,3841,3783,24621,27142,1329188,1304991,246128,275435,24168,25806,136174,152751,6936,7004,366935,353336,329180,315292,14595,16225,11183,9812,3394,3469,1227,1149,7356,7389,335659,321698,17687,19464,14964,13536,5046,5271,1897,1817
R,11,2021,53,4063800,2027031,2036769,1592334,1555971,249618,278303,24686,23437,125869,141791,4573,4693,29951,32574,1617562,1583081,258662,289205,38184,38064,137207,153940,8095,8509,1674437,1697453,1276049,1253156,235314,262475,13701,14071,122779,138583,3419,3554,23175,25614,1295334,1274195,241522,270299,23716,25213,132607,149157,6337,6744,352594,339316,316285,302815,14304,15828,10985,9366,3090,3208,1154,1139,6776,6960,322228,308886,17140,18906,14468,12851,4600,4783,1758,1765
R,11,2021,54,4038081,2006814,2031267,1587106,1562603,247638,278932,23614,23318,115204,130397,4695,4571,28557,31446,1611148,1588754,256114,289619,36834,37802,125834,141672,8028,8279,1668330,1701936,1283064,1268501,233909,263459,13438,14384,112207,127400,3543,3500,22169,24692,1301478,1288785,239712,271090,23314,25478,121425,137098,6366,6617,338484,329331,304042,294102,13729,15473,10176,8934,2997,2997,1152,1071,6388,6754,309670,299969,16402,18529,13520,12324,4409,4574,1662,1662
R,11,2021,55,4069528,2017242,2052286,1596003,1582112,251650,284140,23542,23290,113376,127340,4653,4633,28018,30771,1619294,1607617,260097,294459,36790,37816,123596,138261,8103,8268,1686381,1729951,1298752,1294170,238118,269154,13600,14589,110479,124322,3555,3584,21877,24132,1316656,1313932,243893,276514,23712,25719,119298,133714,6477,6620,330861,322335,297251,287942,13532,14986,9942,8701,2897,3018,1098,1049,6141,6639,302638,293685,16204,17945,13078,12097,4298,4547,1626,1648
R,11,2021,56,4212636,2082183,2130453,1651485,1646762,259238,293994,24362,24181,114108,129353,4707,4635,28283,31528,1675075,1672859,267526,304315,38041,39308,124296,140452,8163,8397,1753947,1810183,1356849,1361009,245671,278870,14460,15417,111222,126307,3659,3639,22086,24941,1375000,1381371,251377,286293,24845,27206,120057,135891,6562,6808,328236,320270,294636,285753,13567,15124,9902,8764,2886,3046,1048,996,6197,6587,300075,291488,16149,18022,13196,12102,4239,4561,1601,1589
R,11,2021,57,4354552,2143052,2211500,1711340,1722724,261036,298010,24283,24596,113526,129903,4538,4666,28329,31601,1734894,1748819,269050,308019,38391,40416,123649,140814,8030,8400,1828846,1897833,1429186,1442484,248111,283319,14782,16033,110783,127068,3547,3680,22437,25249,1447608,1463061,253688,290525,25744,28637,119589,136536,6482,6850,314206,313667,282154,280240,12925,14691,9501,8563,2743,2835,991,986,5892,6352,287286,285758,15362,17494,12647,11779,4060,4278,1548,1550
R,11,2021,58,4371596,2149266,2222330,1721122,1738295,256466,292213,23952,24080,115313,131761,4312,4565,28101,31416,1744552,1764201,264248,302028,38155,39849,125283,142513,7682,8329,1848247,1919657,1451010,1468125,243901,278116,14904,15745,112642,128944,3365,3609,22425,25118,1469509,1488557,249340,285210,26057,28341,121361,138228,6229,6788,301019,302673,270112,270170,12565,14097,9048,8335,2671,2817,947,956,5676,6298,275043,275644,14908,16818,12098,11508,3922,4285,1453,1541
R,11,2021,59,4378370,2146985,2231385,1728268,1756475,253183,290602,23349,23977,110157,124848,4412,4542,27616,30941,1751377,1781862,260614,300296,37211,39905,120023,135313,7832,8215,1857693,1939378,1468228,1495540,241341,277383,14662,15824,107620,122135,3513,3626,22329,24870,1486717,1515707,246549,284386,25749,28633,116295,131198,6458,6703,289292,292007,260040,260935,11842,13219,8687,8153,2537,2713,899,916,5287,6071,264660,266155,14065,15910,11462,11272,3728,4115,1374,1512
R,11,2021,60,4367922,2137618,2230304,1736331,1769043,246579,285861,22754,23815,100520,117060,4180,4223,27254,30302,1759063,1793881,253821,295255,36785,39741,110194,127146,7478,7837,1865519,1953795,1491895,1521876,235406,273276,14623,16253,98160,114490,3374,3384,22061,24516,1510082,1541730,240541,280134,25875,29198,106638,123239,6193,6429,272099,276509,244436,247167,11173,12585,8131,7562,2360,2570,806,839,5193,5786,248981,252151,13280,15121,10910,10543,3556,3907,1285,1408
R,11,2021,61,4346822,2122648,2224174,1716838,1757586,248113,286969,22442,23618,104111,122161,4211,4242,26933,29598,1739411,1781799,255239,296052,36393,39203,113525,132058,7418,7750,1855647,1951522,1476995,1513513,237236,274672,14379,16245,101729,119578,3391,3435,21917,24079,1495169,1532970,242311,281372,25635,28951,110047,128179,6101,6425,267001,272652,239843,244073,10877,12297,8063,7373,2382,2583,820,807,5016,5519,244242,248829,12928,14680,10758,10252,3478,3879,1317,1325
R,11,2021,62,4232618,2060349,2172269,1675007,1724704,236967,277616,21254,22334,97639,115430,3943,3917,25539,28268,1696335,1747940,243517,286189,34584,37570,106748,124621,6977,7168,1815970,1919433,1455432,1498695,226912,265971,13980,15406,95478,113062,3207,3196,20961,23103,1472809,1517458,231600,272313,24846,27928,103517,121094,5786,5965,244379,252836,219575,226009,10055,11645,7274,6928,2161,2368,736,721,4578,5165,223526,230482,11917,13876,9738,9642,3231,3527,1191,1203
R,11,2021,63,4165566,2019698,2145868,1646939,1709253,227717,268509,19714,21502,97388,115832,3692,3805,24248,26967,1667106,1731314,234025,276611,32668,36197,105771,124612,6478,6837,1793049,1906337,1443687,1494868,217988,257448,13126,15053,95352,113655,3002,3126,19894,22187,1460079,1512840,222488,263472,23771,27230,102759,121314,5373,5740,226649,239531,203252,214385,9729,11061,6588,6449,2036,2177,690,679,4354,4780,207027,218474,11537,13139,8897,8967,3012,3298,1105,1097
R,11,2021,64,4125895,1992272,2133623,1630197,1706400,220268,263605,19603,20969,94950,112729,3519,3649,23735,26271,1649922,1727959,226448,271473,32430,35738,103029,120854,6289,6628,1774393,1901093,1434520,1497961,211225,252994,13031,14829,93072,110764,2902,2963,19643,21582,1450683,1515466,215734,258805,23635,27123,100293,117834,5283,5502,217879,232530,195677,208439,9043,10611,6572,6140,1878,1965,617,686,4092,4689,199239,212493,10714,12668,8795,8615,2736,3020,1006,1126
R,11,2021,65,3970653,1906737,2063916,1563467,1649329,207797,254550,18354,20108,91507,111065,3305,3462,22307,25402,1582090,1670195,213557,262119,30539,34499,98960,118914,5879,6323,1703711,1843634,1381305,1452181,199228,244389,12283,14278,89720,108982,2707,2901,18468,20903,1396582,1469160,203369,249954,22385,26303,96358,115819,4933,5346,203026,220282,182162,197148,8569,10161,6071,5830,1787,2083,598,561,3839,4499,185508,201035,10188,12165,8154,8196,2602,3095,946,977
R,11,2021,66,3836855,1833179,2003676,1507589,1606997,194807,240829,17423,18962,89029,109711,3096,3398,21235,23779,1525222,1626365,200250,247981,29116,32357,96100,117116,5564,6091,1640665,1791553,1334514,1416460,186704,231347,11808,13571,87338,107808,2586,2794,17715,19573,1349082,1432185,190642,236627,21597,24761,93672,114293,4733,5110,192514,212123,173075,190537,8103,9482,5615,5391,1691,1903,510,604,3520,4206,176140,194180,9608,11354,7519,7596,2428,2823,831,981
R,11,2021,67,3724860,1770514,1954346,1463473,1574545,183221,230713,16165,17936,85006,105373,2878,3231,19771,22548,1479921,1592914,188258,237362,27241,30806,91508,112238,5106,5846,1593263,1755391,1303613,1395268,175808,222077,11243,13078,83529,103577,2407,2676,16663,18715,1317349,1410299,179522,227027,20654,23930,89343,109627,4364,4946,177251,198955,159860,179277,7413,8636,4922,4858,1477,1796,471,555,3108,3833,162572,182615,8736,10335,6587,6876,2165,2611,742,900
R,11,2021,68,3552246,1679599,1872647,1397785,1519003,166805,214646,14886,16552,79121,98485,2669,2901,18333,21060,1413102,1536220,171298,220744,25355,28691,85023,104930,4743,5333,1518344,1688603,1252416,1352933,159988,206651,10398,12103,77793,96914,2254,2434,15495,17568,1265290,1367110,163255,211218,19325,22382,83094,102608,4077,4567,161255,184044,145369,166070,6817,7995,4488,4449,1328,1571,415,467,2838,3492,147812,169110,8043,9526,6030,6309,1929,2322,666,766
R,11,2021,69,3448091,1623255,1824836,1357128,1484291,155621,205231,13711,15713,77403,97271,2598,2838,16794,19492,1371094,1500271,159790,210823,23294,27184,82790,103046,4564,5100,1473579,1651672,1221947,1327844,149398,197707,9692,11576,76111,95752,2226,2394,14205,16399,1233648,1341128,152463,201974,17894,21399,80946,100823,3947,4347,149676,173164,135181,156447,6223,7524,4019,4137,1292,1519,372,444,2589,3093,137446,159143,7327,8849,5400,5785,1844,2223,617,753
R,11,2021,70,3262759,1527612,1735147,1282858,1414857,145061,195707,12788,14636,68882,89180,2268,2566,15755,18201,1295914,1429790,148921,200991,22075,25549,73777,94311,4117,4636,1387677,1573069,1155983,1268513,139398,188595,9197,10791,67740,87752,1946,2160,13413,15258,1167010,1280852,142296,192598,17162,20156,72138,92255,3583,3964,139935,162078,126875,146344,5663,7112,3591,3845,1142,1428,322,406,2342,2943,128904,148938,6625,8393,4913,5393,1639,2056,534,672
R,11,2021,71,3085142,1435331,1649811,1196520,1337481,138895,187017,12280,13931,70273,91575,2273,2429,15090,17378,1209082,1351579,142653,192157,21124,24144,74937,96775,4021,4462,1303998,1493128,1077730,1195901,133408,180105,8916,10277,69174,90194,1918,2073,12852,14578,1088351,1207595,136213,183988,16529,19029,73356,94729,3483,3827,131333,156683,118790,141580,5487,6912,3364,3654,1099,1381,355,356,2238,2800,120731,143984,6440,8169,4595,5115,1581,2046,538,635
R,11,2021,72,2987121,1386266,1600855,1164470,1307955,127241,175051,11540,13002,66852,86087,2187,2410,13976,16350,1176094,1321299,130596,179816,19913,22805,71095,90702,3835,4287,1265237,1456012,1054715,1176664,122359,168773,8456,9757,65862,84893,1864,2047,11981,13878,1064616,1187870,124907,172436,15727,18292,69645,88955,3312,3705,121029,144843,109755,131291,4882,6278,3084,3245,990,1194,323,363,1995,2472,111478,133429,5689,7380,4186,4513,1450,1747,523,582
R,11,2021,73,2913114,1349365,1563749,1141097,1287787,119228,165469,10732,12380,63221,80277,1993,2253,13094,15583,1151958,1300638,122447,169872,18578,21769,67154,84672,3507,4011,1236793,1426972,1038963,1163761,114644,159700,7980,9333,62297,79111,1703,1931,11206,13136,1048183,1174476,117099,163038,14791,17463,65799,82948,3047,3464,112572,136777,102134,124026,4584,5769,2752,3047,924,1166,290,322,1888,2447,103775,126162,5348,6834,3787,4306,1355,1724,460,547
R,11,2021,74,3022733,1404790,1617943,1207706,1358925,112266,155029,10659,11795,59081,74642,1891,2007,13187,15545,1218789,1371873,115391,159368,18849,21403,62766,78819,3402,3695,1297042,1486390,1109650,1239206,108150,149589,7942,9007,58238,73544,1628,1722,11434,13322,1119211,1250197,110554,152965,15177,17424,61513,77251,2979,3234,107748,131553,98056,119719,4116,5440,2717,2788,843,1098,263,285,1753,2223,99578,121676,4837,6403,3672,3979,1253,1568,423,461
R,11,2021,75,2425435,1118908,1306527,956791,1089526,89457,127128,8668,9872,51534,65370,1676,1735,10782,12896,965888,1100199,91979,130654,15161,17519,54664,69088,2975,3256,1026435,1190338,872621,983914,85835,122149,6397,7496,50848,64393,1457,1493,9277,10893,880412,992835,87742,124821,12100,14097,53635,67667,2602,2848,92473,116189,84170,105612,3622,4979,2271,2376,686,977,219,242,1505,2003,85476,107364,4237,5833,3061,3422,1029,1421,373,408
R,11,2021,76,2045640,927281,1118359,786831,926126,77881,113933,7324,8694,44713,56863,1443,1617,9089,11126,794413,935321,80045,116989,12695,15278,47450,60079,2606,2938,845990,1013554,712741,830643,74767,109591,5404,6527,44063,56023,1242,1389,7773,9381,719170,838323,76390,111885,10075,12198,46498,58846,2274,2549,81291,104805,74090,95483,3114,4342,1920,2167,650,840,201,228,1316,1745,75243,96998,3655,5104,2620,3080,952,1233,332,389
R,11,2021,77,1978877,891599,1087278,760951,905938,71938,107274,6806,8061,42022,53720,1256,1484,8626,10801,768204,914871,73943,110328,11972,14487,44554,56775,2343,2798,818675,990484,694418,817627,69062,103413,5115,6079,41492,52909,1098,1277,7490,9179,700675,825153,70601,105749,9698,11679,43765,55589,2072,2450,72924,96794,66533,88311,2876,3861,1691,1982,530,811,158,207,1136,1622,67529,89718,3342,4579,2274,2808,789,1186,271,348
R,11,2021,78,1993314,891483,1101831,770415,931489,67597,103317,6256,7717,38110,47712,1160,1269,7945,10327,777157,940108,69356,106113,11156,13974,40290,50516,2180,2488,824305,1010092,708969,847760,64989,99603,4796,5860,37587,47013,1024,1096,6940,8760,714849,855027,66345,101698,9176,11320,39526,49466,1935,2186,67178,91739,61446,83729,2608,3714,1460,1857,523,699,136,173,1005,1567,62308,85081,3011,4415,1980,2654,764,1050,245,302
R,11,2021,79,1768564,783659,984905,673668,827977,60085,93518,5631,6880,36093,46310,975,1198,7207,9022,679707,835479,61762,95984,10072,12377,38122,48770,1821,2208,723817,901329,618962,751540,57729,90166,4347,5228,35660,45667,844,1012,6275,7716,624201,757909,59024,92047,8295,10059,37471,47839,1591,1915,59842,83576,54706,76437,2356,3352,1284,1652,433,643,131,186,932,1306,55506,77570,2738,3937,1777,2318,651,931,230,293
R,11,2021,80,1539174,673591,865583,577819,726048,51795,83290,5012,6046,31810,41043,881,1024,6274,8132,583098,732815,53208,85482,8811,11004,33654,43293,1639,1937,620201,791229,528978,657875,49730,80400,3865,4668,31415,40463,779,861,5434,6962,533535,663635,50800,82086,7238,9017,33048,42428,1450,1671,53390,74354,48841,68173,2065,2890,1147,1378,395,580,102,163,840,1170,49563,69180,2408,3396,1573,1987,606,865,189,266
R,11,2021,81,1391497,600074,791423,511401,660477,47195,77769,4491,5648,30400,39164,845,994,5742,7371,516197,666606,48500,79799,7912,10029,32171,41231,1544,1879,550270,720382,465789,595398,45285,74925,3428,4335,30010,38625,744,822,5014,6277,469965,600566,46289,76471,6454,8152,31603,40458,1372,1608,49804,71041,45612,65079,1910,2844,1063,1313,390,539,101,172,728,1094,46232,66040,2211,3328,1458,1877,568,773,172,271
R,11,2021,82,1253040,533988,719052,456296,601959,41281,69655,3847,4985,26896,34730,668,934,5000,6789,460527,607584,42441,71479,6784,9027,28395,36667,1278,1763,489653,654626,415721,542913,39524,67065,2944,3815,26565,34241,570,792,4329,5800,419362,547711,40403,68432,5533,7354,27909,35938,1122,1514,44335,64426,40575,59046,1757,2590,903,1170,331,489,98,142,671,989,41165,59873,2038,3047,1251,1673,486,729,156,249
R,11,2021,83,1169216,491439,677777,421497,570400,36754,63819,3519,4717,24469,31985,653,832,4547,6024,425333,575426,37786,65441,6237,8253,25845,33725,1178,1541,451284,617729,384655,515365,35237,61389,2726,3634,24156,31548,559,682,3951,5111,387973,519601,36021,62621,5138,6719,25386,33066,1026,1295,40155,60048,36842,55035,1517,2430,793,1083,313,437,94,150,596,913,37360,55825,1765,2820,1099,1534,459,659,152,246
R,11,2021,84,1034923,427966,606957,366454,509495,32171,57607,3009,4153,21768,29442,555,752,4009,5508,369882,514084,33101,59123,5383,7333,22983,31027,1008,1437,392268,552809,333624,459869,30833,55437,2318,3176,21516,29006,475,625,3502,4696,336607,463749,31543,56597,4437,5963,22609,30398,878,1231,35698,54148,32830,49626,1338,2170,691,977,252,436,80,127,507,812,33275,50335,1558,2526,946,1370,374,629,130,206
R,11,2021,85,926587,376682,549905,322558,462306,28246,52172,2648,3680,19226,26258,477,641,3527,4848,325534,466331,29037,53521,4681,6509,20342,27646,906,1197,344848,500939,293264,417285,26996,50247,2066,2812,19011,25902,413,552,3098,4141,295867,420694,27602,51281,3880,5274,20027,27136,799,1047,31834,48966,29294,45021,1250,1925,582,868,215,356,64,89,429,707,29667,45637,1435,2240,801,1235,315,510,107,150
R,11,2021,86,837828,333884,503944,286309,423710,24949,47698,2313,3357,16839,24079,419,573,3055,4527,288866,427453,25652,48911,4067,5970,17791,25423,821,1100,305585,459136,260224,382524,23896,45955,1790,2556,16638,23743,372,473,2665,3885,262447,385720,24439,46892,3354,4853,17485,24923,733,934,28299,44808,26085,41186,1053,1743,523,801,201,336,47,100,390,642,26419,41733,1213,2019,713,1117,306,500,88,166
R,11,2021,87,727048,284468,442580,244226,373348,20878,41344,1901,2826,14425,20707,392,497,2646,3858,246494,376571,21485,42400,3381,5038,15275,21873,715,955,260661,404008,222212,337801,20044,39893,1472,2139,14253,20418,339,428,2341,3329,224217,340570,20524,40716,2810,4083,15012,21453,630,834,23807,38572,22014,35547,834,1451,429,687,172,289,53,69,305,529,22277,36001,961,1684,571,955,263,420,85,121
R,11,2021,88,629071,240336,388735,206547,327597,17213,35853,1613,2420,12454,19023,332,428,2177,3414,208380,330431,17704,36770,2830,4372,13181,20031,604,869,220665,355482,188369,296916,16508,34579,1257,1866,12320,18788,289,374,1922,2959,189984,299357,16892,35297,2344,3594,12982,19691,531,768,19671,33253,18178,30681,705,1274,356,554,134,235,43,54,255,455,18396,31074,812,1473,486,778,199,340,73,101
R,11,2021,89,569161,211499,357662,182240,302622,14880,32170,1364,2180,10814,17209,281,387,1920,3094,183867,305201,15342,33031,2419,3946,11443,18100,527,778,194331,327606,166318,274854,14295,31048,1055,1681,10687,17000,249,340,1727,2683,167776,277080,14678,31745,2011,3246,11267,17784,476,681,17168,30056,15922,27768,585,1122,309,499,127,209,32,47,193,411,16091,28121,664,1286,408,700,176,316,51,97
R,11,2021,90,487991,176811,311180,153893,266141,11283,25897,1090,1803,8748,14460,224,305,1573,2574,155231,268291,11647,26611,1944,3273,9289,15206,425,619,162345,285727,140430,242572,10838,25003,830,1368,8665,14293,198,265,1384,2226,141606,244419,11134,25566,1582,2669,9150,14954,372,542,14466,25453,13463,23569,445,894,260,435,83,167,26,40,189,348,13625,23872,513,1045,362,604,139,252,53,77
R,11,2021,91,430513,150819,279694,130623,238215,9879,23473,942,1591,7829,13768,202,295,1344,2352,131760,240184,10188,24114,1698,2915,8263,14463,380,589,138382,256561,119058,216737,9470,22686,730,1215,7758,13627,181,255,1185,2041,120063,218434,9713,23185,1403,2390,8147,14245,341,516,12437,23133,11565,21478,409,787,212,376,71,141,21,40,159,311,11697,21750,475,929,295,525,116,218,39,73
R,11,2021,92,346177,116262,229915,100826,196234,7364,19222,740,1259,6082,11036,158,256,1092,1908,101750,197802,7624,19780,1355,2331,6431,11589,300,500,106759,211632,92017,179259,7048,18581,574,977,6023,10917,142,225,955,1673,92825,180631,7255,19029,1121,1933,6331,11410,264,443,9503,18283,8809,16975,316,641,166,282,59,119,16,31,137,235,8925,17171,369,751,234,398,100,179,36,57
R,11,2021,93,288943,93174,195769,80892,167305,5786,16065,592,1073,4920,9429,103,200,881,1697,81627,168716,5991,16551,1099,2039,5202,9915,217,424,85800,180764,74021,153465,5551,15504,461,823,4883,9331,91,172,793,1469,74682,154672,5725,15891,924,1681,5143,9763,192,370,7374,15005,6871,13840,235,561,131,250,37,98,12,28,88,228,6945,14044,266,660,175,358,59,152,25,54
R,11,2021,94,231659,71586,160073,61913,136896,4464,13023,423,879,4015,7763,86,154,685,1358,62489,138023,4628,13390,797,1681,4239,8140,177,329,66200,148383,56875,126082,4310,12593,340,684,3983,7683,76,135,616,1206,57392,127079,4449,12891,679,1413,4188,8022,157,288,5386,11690,5038,10814,154,430,83,195,32,80,10,19,69,152,5097,10944,179,499,118,268,51,118,20,41
R,11,2021,95,179293,52848,126445,45590,108115,3322,10191,335,690,3007,6241,57,140,537,1068,46042,109014,3456,10508,631,1291,3179,6529,130,272,48893,117496,41910,99839,3198,9862,272,547,2985,6176,51,125,477,947,42311,100634,3303,10123,539,1088,3137,6437,115,243,3955,8949,3680,8276,124,329,63,143,22,65,6,15,60,121,3731,8380,153,385,92,203,42,92,15,29
R,11,2021,96,136359,38152,98207,32677,83659,2396,7890,243,519,2409,5133,43,110,384,896,33001,84399,2493,8159,452,1017,2539,5382,94,224,35372,91448,30102,77407,2312,7643,192,409,2392,5090,38,100,336,799,30387,78070,2388,7870,375,862,2505,5307,81,198,2780,6759,2575,6252,84,247,51,110,17,43,5,10,48,97,2614,6329,105,289,77,155,34,75,13,26
R,11,2021,97,101429,27092,74337,23018,63361,1725,5917,175,416,1858,3913,29,79,287,651,23256,63893,1803,6116,335,793,1955,4091,64,162,25173,69460,21230,58835,1666,5741,143,340,1844,3881,28,71,262,592,21449,59319,1731,5913,291,688,1936,4040,59,147,1919,4877,1788,4526,59,176,32,76,14,32,1,8,25,59,1807,4574,72,203,44,105,19,51,5,15
R,11,2021,98,71390,18402,52988,15517,45048,1157,4178,124,277,1347,2933,26,56,231,496,15707,45455,1222,4340,247,562,1423,3066,62,124,17056,49690,14269,41997,1116,4054,103,226,1338,2913,23,50,207,450,14444,42364,1171,4196,216,489,1407,3033,50,108,1346,3298,1248,3051,41,124,21,51,9,20,3,6,24,46,1263,3091,51,144,31,73,16,33,12,16
R,11,2021,99,50076,12296,37780,10266,31956,798,3040,84,208,999,2177,13,48,136,351,10381,32240,835,3146,157,402,1049,2273,35,98,11470,35522,9508,29857,769,2964,71,177,989,2162,11,44,122,318,9612,30115,800,3056,137,356,1034,2249,29,88,826,2258,758,2099,29,76,13,31,10,15,2,4,14,33,769,2125,35,90,20,46,15,24,6,10
R,11,2021,100,82878,17417,65461,14026,53789,1162,5688,130,392,1806,4782,32,91,261,719,14233,54361,1245,5948,271,788,1892,4975,74,198,16364,61894,13064,50516,1129,5552,112,343,1797,4757,28,83,234,643,13253,51026,1201,5777,238,701,1873,4927,62,178,1053,3567,962,3273,33,136,18,49,9,25,4,8,27,76,980,3335,44,171,33,87,19,48,12,20
R,12,2021,999,332944016,164833541,168110475,125493660,126253555,21771900,23504392,2215212,2169373,9976025,10760291,443875,429671,4932869,4993193,129901100,130691483,24035732,25840782,3617494,3628113,11816456,12587678,870759,858519,132649625,136695333,97449521,98927445,20139966,21830053,1194325,1226086,9637106,10423328,319432,313215,3909275,3975206,100941847,102458224,21917645,23674614,2177710,2270493,11195864,11970052,653470,650367,32183916,31415142,28044139,27326110,1631934,1674339,1020887,943287,338919,336963,124443,116456,1023594,1017987,28959253,28233259,2118087,2166168,1439784,1357620,620592,617626,217289,208152
R,12,2021,0,3643297,1862175,1781122,1283767,1223970,302615,294224,34140,32723,107267,101367,7324,6892,127062,121946,1400626,1336102,372949,361875,57860,55546,154186,146240,16044,15181,1356178,1292914,875583,829764,263813,256559,12423,11884,99458,93951,4103,3926,100798,96830,968825,919305,320438,311075,27378,26317,138206,131046,10416,9943,505997,488208,408184,394206,38802,37665,21717,20839,7809,7416,3221,2966,26264,25116,431801,416797,52511,50800,30482,29229,15980,15194,5628,5238
R,12,2021,1,3649446,1865866,1783580,1283962,1224524,303915,294362,34682,33198,111918,105539,6985,6572,124404,119385,1398398,1334331,372887,360660,57786,55434,157838,149488,15498,14676,1366360,1303356,878602,834841,267278,258894,13061,12567,104215,98119,4238,3921,98966,95014,970147,922712,322937,312422,27700,26664,142249,134548,10441,9836,499506,480224,405360,389683,36637,35468,21621,20631,7703,7420,2747,2651,25438,24371,428251,411619,49950,48238,30086,28770,15589,14940,5057,4840
R,12,2021,2,3760797,1921452,1839345,1334416,1273904,302435,294900,35846,34457,117098,110172,7272,6832,124385,119080,1448759,1383360,371143,360883,58951,56707,163272,154110,15822,14921,1420193,1355458,926418,879591,266767,260363,14057,13644,109205,102687,4475,4200,99271,94973,1018148,967330,322300,313695,28811,27848,147632,139224,10783,10167,501259,483887,407998,394313,35668,34537,21789,20813,7893,7485,2797,2632,25114,24107,430611,416030,48843,47188,30140,28859,15640,14886,5039,4754
R,12,2021,3,3822023,1952882,1869141,1355541,1293744,306499,299198,36429,34914,120903,113783,7373,6964,126137,120538,1471478,1404521,376107,365934,59879,57427,167776,158317,16040,15164,1443221,1377761,940214,892793,270599,264451,14209,13770,112937,106228,4564,4308,100698,96211,1033243,981658,326853,318412,29169,28167,152002,143306,10958,10360,509661,491380,415327,400951,35900,34747,22220,21144,7966,7555,2809,2656,25439,24327,438235,422863,49254,47522,30710,29260,15774,15011,5082,4804
R,12,2021,4,3910944,2001213,1909731,1390111,1323579,311857,303289,36471,34503,127455,119444,7478,7081,127841,121835,1507547,1435556,381810,370605,60393,57403,175348,164416,16395,15437,1482042,1410190,962967,912459,277114,269590,15081,14349,119720,112007,4792,4454,102368,97331,1057436,1002343,333765,324086,30475,29041,159808,149479,11442,10621,519171,499541,427144,411120,34743,33699,21390,20154,7735,7437,2686,2627,25473,24504,450111,433213,48045,46519,29918,28362,15540,14937,4953,4816
R,12,2021,5,4026281,2058497,1967784,1442700,1374198,311948,305217,36000,34764,130835,122867,7547,7158,129467,123580,1561672,1487803,382034,372629,60554,58316,179712,168954,16644,15709,1525044,1454988,1000665,949380,277232,271605,15790,15217,122982,115453,4820,4528,103555,98805,1096269,1040646,333880,326149,31645,30411,163873,153939,11593,10868,533453,512796,442035,424818,34716,33612,20210,19547,7853,7414,2727,2630,25912,24775,465403,447157,48154,46480,28909,27905,15839,15015,5051,4841
R,12,2021,6,4074737,2082370,1992367,1465851,1397341,316468,308786,35320,34187,128217,120919,7405,7171,129109,123963,1584548,1511301,386348,376483,60071,57867,176644,166983,16461,15767,1544532,1473818,1017837,965842,282003,275279,16155,15404,120512,113579,4689,4529,103336,99185,1113282,1057462,338550,330106,32198,30707,161029,152071,11439,10929,537838,518549,448014,431499,34465,33507,19165,18783,7705,7340,2716,2642,25773,24778,471266,453839,47798,46377,27873,27160,15615,14912,5022,4838
R,12,2021,7,4092969,2092364,2000605,1473239,1402203,317964,310520,35452,34574,130015,123139,7246,7023,128448,123146,1591302,1515397,387194,377609,60199,58313,178379,168840,16334,15604,1558036,1485861,1028139,973895,283167,276845,16398,15857,122672,116129,4688,4545,102972,98590,1123229,1064936,339174,331190,32526,31256,163259,154369,11485,10965,534328,514744,445100,428308,34797,33675,19054,18717,7343,7010,2558,2478,25476,24556,468073,450461,48020,46419,27673,27057,15120,14471,4849,4639
R,12,2021,8,4054162,2074494,1979668,1462177,1390624,317319,308440,35786,34352,125790,118756,6987,6691,126435,120805,1578340,1501545,385197,374245,60372,57841,173437,163569,16102,15218,1544445,1470677,1020120,966308,283027,275449,16728,15965,118802,112015,4570,4322,101198,96618,1113535,1055435,337902,328730,32758,31257,158693,149425,11325,10599,530049,508991,442057,424316,34292,32991,19058,18387,6988,6741,2417,2369,25237,24187,464805,446110,47295,45515,27614,26584,14744,14144,4777,4619
R,12,2021,9,4076636,2083709,1992927,1469836,1401667,317497,308545,35714,34554,128238,121324,7019,6785,125405,120052,1584962,1511853,384528,373343,60283,58151,175687,166184,16113,15412,1550886,1478407,1024281,971460,283618,275909,16813,16178,121362,114565,4586,4384,100226,95911,1116701,1059894,337670,328233,32804,31553,161121,152050,11332,10768,532823,514520,445555,430207,33879,32636,18901,18376,6876,6759,2433,2401,25179,24141,468261,451959,46858,45110,27479,26598,14566,14134,4781,4644
R,12,2021,10,4101731,2102940,1998791,1492910,1414671,319869,309316,35795,34489,122561,115449,6808,6514,124997,118352,1607713,1523292,386965,373105,60612,58110,169298,159497,15829,15015,1559148,1477678,1035885,977048,286489,277169,17059,16126,115747,108967,4375,4176,99593,94192,1127776,1063903,340526,328512,33189,31442,154730,145663,11036,10426,543792,521113,457025,437623,33380,32147,18736,18363,6814,6482,2433,2338,25404,24160,479937,459389,46439,44593,27423,26668,14568,13834,4793,4589
R,12,2021,11,4184815,2144897,2039918,1532102,1452717,324907,313211,34439,33203,120970,114737,6625,6300,125854,119750,1647884,1562771,392279,377859,59794,57598,167621,158613,15642,14762,1583065,1501752,1053842,994765,293423,282440,17217,16760,114400,108658,4386,4197,99797,94932,1146045,1082362,347449,334246,33550,32545,153240,145224,11038,10442,561832,538166,478260,457952,31484,30771,17222,16443,6570,6079,2239,2103,26057,24818,501839,480409,44830,43613,26244,25053,14381,13389,4604,4320
R,12,2021,12,4233247,2167489,2065758,1555772,1475734,328203,317632,34546,33172,118841,113781,6562,6415,123565,119024,1669493,1585132,394565,382354,59385,57073,164378,156989,15202,14801,1600273,1522520,1070977,1011870,296788,287110,17805,17160,112458,107687,4468,4308,97777,94385,1161384,1098985,350088,339111,33702,32581,150266,143696,10837,10478,567216,543238,484795,463864,31415,30522,16741,16012,6383,6094,2094,2107,25788,24639,508109,486147,44477,43243,25683,24492,14112,13293,4365,4323
R,12,2021,13,4410483,2259464,2151019,1625787,1540260,344610,333429,35699,33933,122173,116949,6761,6597,124434,119851,1740105,1650432,411645,398859,60707,57939,167464,159990,15654,14917,1670190,1589616,1120588,1059214,311994,302324,18366,17726,115701,110791,4596,4436,98945,95125,1211778,1147035,366171,355224,34500,33037,153555,146667,11176,10542,589274,561403,505199,481046,32616,31105,17333,16207,6472,6158,2165,2161,25489,24726,528327,503397,45474,43635,26207,24902,13909,13323,4478,4375
R,12,2021,14,4454252,2281514,2172738,1648251,1563160,344794,333884,36443,35068,123601,117307,6765,6615,121660,116704,1759952,1670201,409984,397260,61442,58969,167917,159250,15510,14904,1686046,1604319,1136544,1075048,312591,302870,18552,18229,117169,111332,4611,4420,96579,92420,1225594,1160092,365208,353940,34647,33505,154082,146242,11103,10521,595468,568419,511707,488112,32203,31014,17891,16839,6432,5975,2154,2195,25081,24284,534358,510109,44776,43320,26795,25464,13835,13008,4407,4383
R,12,2021,15,4401083,2253312,2147771,1635417,1552661,338144,327288,36208,34290,120477,115235,6559,6406,116507,111891,1742321,1655286,399836,387317,60449,57573,163397,155608,15009,14398,1670240,1589906,1133142,1072418,307310,297207,18442,17768,114146,109399,4498,4298,92702,88816,1218522,1154148,357227,345906,34079,32708,150053,143075,10747,10192,583072,557865,502275,480243,30834,30081,17766,16522,6331,5836,2061,2108,23805,23075,523799,501138,42609,41411,26370,24865,13344,12533,4262,4206
R,12,2021,16,4338127,2218997,2119130,1621125,1536623,326335,318270,35205,34155,119668,117546,6565,6477,110099,106059,1722036,1633691,383952,374282,58715,56644,160351,156499,14466,14050,1651482,1577415,1130835,1068710,296709,289759,18135,17772,113815,112028,4461,4464,87527,84682,1211344,1146434,343365,335306,33283,32287,147939,144783,10316,10134,567515,541715,490290,467913,29626,28511,17070,16383,5853,5518,2104,2013,22572,21377,510692,487257,40587,38976,25432,24357,12412,11716,4150,3916
R,12,2021,17,4328972,2213048,2115924,1621003,1538468,322649,313911,34642,33159,122373,121425,6503,6190,105878,102771,1717908,1632407,377350,367391,57648,55514,161883,159298,14245,13656,1658600,1585774,1140693,1079604,294062,286490,18116,17221,116525,115884,4557,4343,84647,82232,1218463,1154976,338384,330045,33212,31911,149829,147854,10364,9934,554448,530150,480310,458864,28587,27421,16526,15938,5848,5541,1946,1847,21231,20539,499445,477431,38966,37346,24436,23603,12054,11444,3881,3722
R,12,2021,18,4332771,2214166,2118605,1627977,1544475,319734,312710,33868,32768,124193,123556,6345,6042,102049,99054,1721307,1635029,371871,363629,56673,54855,162184,160331,13902,13318,1669062,1595965,1155129,1091018,291733,286123,17671,17162,118540,118142,4460,4264,81529,79256,1229934,1163725,334102,327565,32654,31809,150550,149056,10137,9753,545104,522640,472848,453457,28001,26587,16197,15606,5653,5414,1885,1778,20520,19798,491373,471304,37769,36064,24019,23046,11634,11275,3765,3565
R,12,2021,19,4310177,2201666,2108511,1617659,1536064,321373,315875,34051,32303,124838,123247,6268,6078,97477,94944,1706546,1622518,370822,364568,56484,54275,161007,158064,13641,13126,1663416,1593325,1150033,1087913,293812,289850,17812,17221,119288,118107,4453,4285,78018,75949,1221369,1157341,334098,329458,32612,31785,149779,147417,10058,9629,538250,515186,467626,448151,27561,26025,16239,15082,5550,5140,1815,1793,19459,18995,485177,465177,36724,35110,23872,22490,11228,10647,3583,3497
R,12,2021,20,4336314,2214261,2122053,1625619,1546719,326814,320581,33727,31855,126132,123591,6095,5953,95874,93354,1712882,1631709,375419,368277,56378,54120,161461,157548,13279,12981,1682807,1614740,1163573,1105009,299559,294963,17915,17303,120865,118492,4311,4163,76584,74810,1233436,1173339,339016,333882,32973,32212,150679,147178,9776,9514,531454,507313,462046,441710,27255,25618,15812,14552,5267,5099,1784,1790,19290,18544,479446,458370,36403,34395,23405,21908,10782,10370,3503,3467
R,12,2021,21,4402426,2247247,2155179,1643601,1563289,336775,331527,34142,32651,131857,129845,6225,6022,94647,91845,1729715,1646552,384343,378345,57156,54932,166698,163232,13335,13000,1715937,1648448,1180919,1122335,309894,305724,18379,17671,126517,124784,4496,4252,75732,73682,1249927,1189330,348503,343865,33796,32806,156044,152962,9935,9543,531310,506731,462682,440954,26881,25803,15763,14980,5340,5061,1729,1770,18915,18163,479788,457222,35840,34480,23360,22126,10654,10270,3400,3457
R,12,2021,22,4300510,2193210,2107300,1608423,1533220,327616,322621,33179,32004,127444,125698,6121,5752,90427,88005,1690546,1612800,373275,367690,55760,53989,159869,157053,13155,12539,1680869,1616686,1161970,1105905,301638,297670,18111,17664,122340,120843,4399,4118,72411,70486,1227889,1169748,338797,334437,33434,32656,149758,147212,9767,9309,512341,490614,446453,427315,25978,24951,15068,14340,5104,4855,1722,1634,18016,17519,462657,443052,34478,33253,22326,21333,10111,9841,3388,3230
R,12,2021,23,4315123,2197786,2117337,1609898,1537570,329188,325486,32914,32081,130830,129844,6100,5767,88856,86589,1690310,1616039,373453,369314,55403,54290,162797,160474,13174,12374,1690649,1630579,1167852,1113309,303501,300923,17981,17618,125644,124966,4401,4129,71270,69634,1232476,1176550,339574,336756,33329,32972,152702,150803,9877,9254,507137,486758,442046,424261,25687,24563,14933,14463,5186,4878,1699,1638,17586,16955,457834,439489,33879,32558,22074,21318,10095,9671,3297,3120
R,12,2021,24,4276393,2176306,2100087,1590130,1522029,325220,321837,32360,31525,137565,135647,6114,5718,84917,83331,1666978,1597286,366979,363322,54509,53422,168291,165423,12736,12134,1679526,1623471,1156581,1105997,300575,298086,17594,17508,132515,130839,4440,4135,67821,66906,1218071,1166473,334350,331894,32784,32708,158465,156064,9547,9089,496780,476616,433549,416032,24645,23751,14766,14017,5050,4808,1674,1583,17096,16425,448907,430813,32629,31428,21725,20714,9826,9359,3189,3045
R,12,2021,25,4320167,2196775,2123392,1606902,1538201,324280,323217,32542,31335,143293,142950,6307,5822,83451,81867,1682350,1611882,364516,363436,54955,53331,173577,172404,12976,12456,1700141,1648308,1173111,1123147,299786,300000,17780,17285,138395,138113,4568,4210,66501,65553,1233350,1182215,332169,332661,32996,32461,164144,163043,9738,9391,496634,475084,433791,415054,24494,23217,14762,14050,4898,4837,1739,1612,16950,16314,449000,429667,32347,30775,21959,20870,9433,9361,3238,3065
R,12,2021,26,4378787,2227255,2151532,1623556,1554338,334898,331426,32739,31416,148012,148600,6442,6238,81608,79514,1696906,1625642,373675,370235,55559,53449,177707,177109,13120,12879,1728844,1673082,1187913,1136113,310113,307648,18049,17370,143086,143718,4699,4539,64984,63694,1246317,1193333,341324,338997,33817,32746,168284,167872,9917,9767,498411,478450,435643,418225,24785,23778,14690,14046,4926,4882,1743,1699,16624,15820,450589,432309,32351,31238,21742,20703,9423,9237,3203,3112
R,12,2021,27,4446158,2257925,2188233,1638263,1571761,349187,346870,32944,32206,151640,152637,6465,6460,79426,78299,1709262,1641591,386176,384458,55987,54768,180568,180780,13382,13014,1758815,1710173,1201588,1154033,324154,322866,18438,17896,146708,147887,4756,4761,63171,62730,1258030,1209953,353773,353256,34460,33815,171327,171783,10159,9919,499110,478060,436675,417728,25033,24004,14506,14310,4932,4750,1709,1699,16255,15569,451232,431638,32403,31202,21527,20953,9241,8997,3223,3095
R,12,2021,28,4537002,2305037,2231965,1667980,1596403,363727,360061,34031,33199,156574,159686,6691,6471,76034,76145,1735543,1664019,398464,396009,56454,55852,184845,187060,13448,13075,1799912,1750980,1225357,1175695,338224,335920,19159,18921,151748,154836,4867,4774,60557,60834,1279175,1229729,365962,364738,34841,34968,175803,178104,10166,9952,505125,480985,442623,420708,25503,24141,14872,14278,4826,4850,1824,1697,15477,15311,456368,434290,32502,31271,21613,20884,9042,8956,3282,3123
R,12,2021,29,4642070,2355413,2286657,1704230,1635524,372949,369114,35643,33910,161106,166938,6772,6590,74713,74581,1770408,1701552,405687,402982,58609,56598,189272,194536,13532,13266,1841958,1799382,1254449,1209055,347030,344396,20076,19478,156241,162024,4923,4836,59239,59593,1306875,1261799,372783,371382,36161,35589,180389,185645,10279,10066,513455,487275,449781,426469,25919,24718,15567,14432,4865,4914,1849,1754,15474,14988,463533,439753,32904,31600,22448,21009,8883,8891,3253,3200
R,12,2021,30,4714628,2379871,2334757,1721229,1664870,375358,379557,36046,33569,168448,175855,7528,6951,71262,73955,1783459,1729374,405963,412876,58136,55786,196064,204410,14547,14018,1870092,1853366,1276363,1246255,348694,353137,20240,19540,163384,170528,5477,5150,55934,58756,1325086,1297410,372374,379362,35502,35153,186953,194875,11038,10741,509779,481391,444866,418615,26664,26420,15806,14029,5064,5327,2051,1801,15328,15199,458373,431964,33589,33514,22634,20633,9111,9535,3509,3277
R,12,2021,31,4784370,2416793,2367577,1756423,1694296,373937,379622,35826,33140,175015,182764,7739,7225,67853,70530,1815541,1755949,402009,410874,56997,54623,202310,210091,14573,13997,1902116,1890640,1307252,1279912,346922,352794,19721,19291,169707,177465,5558,5393,52956,55785,1353177,1328536,368283,377234,34249,34289,193095,200785,10961,10767,514677,476937,449171,414384,27015,26828,16105,13849,5308,5299,2181,1832,14897,14745,462364,427413,33726,33640,22748,20334,9215,9306,3612,3230
R,12,2021,32,4671309,2359716,2311593,1719907,1652945,359131,368369,34776,31804,175068,185490,7844,6950,62990,66035,1774920,1710451,384798,397226,54608,52064,200362,211336,14078,13357,1862943,1854597,1286259,1255547,333017,342669,18944,18605,169977,180287,5717,5247,49029,52242,1328880,1300844,352367,365100,32510,32758,191717,202521,10686,10408,496773,456996,433648,397398,26114,25700,15832,13199,5091,5203,2127,1703,13961,13793,446040,409607,32431,32126,22098,19306,8645,8815,3392,2949
R,12,2021,33,4595332,2318679,2276653,1702678,1637922,338274,351240,34307,31043,176262,186901,7660,7014,59498,62533,1754363,1692388,361875,378117,53051,50288,200644,211695,13764,13103,1824396,1826160,1270237,1245972,313117,326015,18356,17791,171261,181814,5600,5297,45825,49271,1309884,1288757,330532,346578,30881,31252,192178,203111,10454,10179,494283,450493,432441,391950,25157,25225,15951,13252,5001,5087,2060,1717,13673,13262,444479,403631,31343,31539,22170,19036,8466,8584,3310,2924
R,12,2021,34,4500242,2275818,2224424,1686647,1611204,321076,334597,33008,30007,171187,181847,7705,6793,56195,59976,1735323,1663520,343260,360025,50995,48665,194190,205677,13663,12735,1786742,1781809,1257432,1225380,296963,310171,17430,17120,166342,177084,5544,5105,43031,46949,1294434,1266186,313197,329487,29385,30014,186071,197592,10316,9853,489076,442615,429215,385824,24113,24426,15578,12887,4845,4763,2161,1688,13164,13027,440889,397334,30063,30538,21610,18651,8119,8085,3347,2882
R,12,2021,35,4493391,2274249,2219142,1696845,1617047,312554,327528,32690,29694,170632,180690,7644,6854,53884,57329,1743739,1666773,333192,351576,50172,48301,192814,203336,13309,12495,1782985,1776655,1265063,1230903,288630,303132,17058,16699,165727,176081,5464,5116,41043,44724,1300593,1269495,303437,321364,28653,29559,184706,195504,9993,9658,491264,442487,431782,386144,23924,24396,15632,12995,4905,4609,2180,1738,12841,12605,443146,397278,29755,30212,21519,18742,8108,7832,3316,2837
R,12,2021,36,4517744,2286690,2231054,1714339,1631427,309175,325044,32377,29556,170617,182013,7681,6898,52501,56116,1759819,1680129,329190,347847,49912,47868,191949,204515,13280,12689,1790512,1786629,1277923,1242994,285363,300958,16383,16590,165796,177332,5460,5252,39587,43503,1311949,1280551,299577,317833,27914,29337,183986,196620,9905,9925,496178,444425,436416,388433,23812,24086,15994,12966,4821,4681,2221,1646,12914,12613,447870,399578,29613,30014,21998,18531,7963,7895,3375,2764
R,12,2021,37,4443260,2242666,2200594,1684469,1610271,298018,317615,31653,29051,170684,182701,7412,6606,50430,54350,1728212,1657291,316698,339199,48672,47169,191397,204846,12969,12248,1757552,1761131,1257179,1225781,275222,294057,16155,16189,165848,178235,5255,4926,37893,41943,1289795,1261920,288369,309820,27329,28698,183489,197169,9665,9454,485114,439463,427290,384490,22796,23558,15498,12862,4836,4466,2157,1680,12537,12407,438417,395371,28329,29379,21343,18471,7908,7677,3304,2794
R,12,2021,38,4428487,2234542,2193945,1683580,1607315,293834,315063,31730,28989,168749,182332,7370,6744,49279,53502,1726251,1653580,312035,335885,48556,47325,189019,203987,12698,12401,1751405,1753779,1257648,1222279,271329,291378,16038,15989,164018,177947,5305,5071,37067,41115,1289484,1257608,284068,306594,27195,28633,181240,196427,9525,9585,483137,440166,425932,385036,22505,23685,15692,13000,4731,4385,2065,1673,12212,12387,436767,395972,27967,29291,21361,18692,7779,7560,3173,2816
R,12,2021,39,4487164,2262406,2224758,1708771,1632768,296695,319474,32118,29320,168142,182910,7439,6875,49241,53411,1751428,1678860,314720,340425,49278,47870,188145,204284,12876,12470,1768902,1773824,1273309,1238063,273812,295178,16185,16105,163321,178226,5312,5114,36963,41138,1305058,1273324,286402,310501,27566,28987,180283,196474,9647,9624,493504,450934,435462,394705,22883,24296,15933,13215,4821,4684,2127,1761,12278,12273,446370,405536,28318,29924,21712,18883,7862,7810,3229,2846
R,12,2021,40,4393641,2211187,2182454,1677028,1606647,289087,313358,30530,28310,159816,176393,7234,6378,47492,51368,1718001,1650970,306319,333645,47459,46307,178979,196670,12431,11835,1736422,1742186,1258039,1220860,267124,289992,15262,15483,155199,171809,5153,4672,35645,39370,1288534,1254641,279190,304745,26529,27908,171425,189089,9267,9038,474765,440268,418989,385787,21963,23366,15268,12827,4617,4584,2081,1706,11847,11998,429467,396329,27129,28900,20930,18399,7554,7581,3164,2797
R,12,2021,41,4433292,2232380,2200912,1693276,1618010,296831,322408,31241,28703,156251,173947,7348,6479,47433,51365,1734170,1662278,314175,342660,48234,46980,175344,194036,12707,11967,1744560,1754292,1262407,1226409,274582,298595,15611,15805,151441,169363,5154,4802,35365,39318,1292621,1260013,286611,313257,26889,28521,167508,186479,9423,9250,487820,446620,430869,391601,22249,23813,15630,12898,4810,4584,2194,1677,12068,12047,441549,402265,27564,29403,21345,18459,7836,7557,3284,2717
R,12,2021,42,4257142,2137941,2119201,1623143,1557603,283512,311248,29607,27250,150601,168405,6582,6157,44496,48538,1661573,1599293,299600,330413,45934,44647,168203,187393,11571,11290,1676835,1692677,1216107,1183678,262227,288388,14785,14954,146196,164122,4604,4607,32916,36928,1244279,1215131,273254,302037,25549,27048,160974,180242,8551,8747,461106,426524,407036,373925,21285,22860,14822,12296,4405,4283,1978,1550,11580,11610,417294,384162,26346,28376,20385,17599,7229,7151,3020,2543
R,12,2021,43,4130887,2069899,2060988,1575984,1517880,271473,300198,28084,26535,145961,164611,6226,5715,42171,46049,1612241,1557454,286696,317991,43632,43365,162747,182665,10757,10506,1624988,1643573,1182157,1151909,251278,278024,14222,14378,141690,160252,4433,4196,31208,34814,1208669,1181563,261731,290623,24514,25953,155793,175570,8024,8058,444911,417415,393827,365971,20195,22174,13862,12157,4271,4359,1793,1519,10963,11235,403572,375891,24965,27368,19118,17412,6954,7095,2733,2448
R,12,2021,44,4099128,2049831,2049297,1567806,1515228,265398,295426,28224,26629,141617,161424,6099,5744,40687,44846,1602758,1553518,279898,312734,43572,43311,157720,178972,10549,10476,1607678,1630803,1175545,1146891,246107,273794,14371,14703,137319,157174,4338,4235,29998,34006,1200996,1175662,255899,286028,24581,26311,150834,172082,7849,8038,442153,418494,392261,368337,19291,21632,13853,11926,4298,4250,1761,1509,10689,10840,401762,377856,23999,26706,18991,17000,6886,6890,2700,2438
R,12,2021,45,3945249,1970446,1974803,1504106,1459797,252499,281558,27087,25205,142249,160542,5767,5357,38738,42344,1537468,1495829,265777,297586,41717,41172,157800,177303,10159,9871,1542882,1566091,1124274,1099090,233904,260856,13817,13853,138137,156365,4127,3922,28623,32005,1148626,1126019,242763,272132,23581,24977,151265,170527,7600,7566,427564,408712,379832,360707,18595,20702,13270,11352,4112,4177,1640,1435,10115,10339,388842,369810,23014,25454,18136,16195,6535,6776,2559,2305
R,12,2021,46,3930609,1963292,1967317,1499116,1454170,251591,281436,26647,25103,143906,161256,5558,5255,36474,40097,1530375,1488321,264255,296330,40752,40363,158415,177229,9512,9465,1541900,1563935,1123655,1097158,233732,261354,13523,13853,139905,157177,4016,3894,27069,30499,1146556,1122899,242245,271806,23095,24549,152172,170786,7182,7288,421392,403382,375461,357012,17859,20082,13124,11250,4001,4079,1542,1361,9405,9598,383819,365422,22010,24524,17657,15814,6243,6443,2330,2177
R,12,2021,47,3918006,1955417,1962589,1498761,1457914,247849,278378,26324,24642,142373,158057,5502,5036,34608,38562,1528198,1490572,259554,292600,39981,39652,156166,173319,9450,9032,1543626,1565621,1130210,1104938,231163,259525,13437,13661,138577,154205,4027,3734,26212,29558,1152287,1129670,239318,269613,22808,24316,150448,167356,7230,6981,411791,396968,368551,352976,16686,18853,12887,10981,3796,3852,1475,1302,8396,9004,375911,360902,20236,22987,17173,15336,5718,5963,2220,2051
R,12,2021,48,3880805,1933754,1947051,1481286,1444560,246159,277520,25335,24452,141939,158235,5169,5005,33866,37279,1510061,1475987,257416,291098,38720,39027,155626,173141,8963,8955,1539119,1562449,1127731,1102322,230278,259317,13074,13699,138408,154495,3822,3738,25806,28878,1149387,1126385,238010,269066,22458,24277,150231,167373,6946,6947,394635,384602,353555,342238,15881,18203,12261,10753,3531,3740,1347,1267,8060,8401,360674,349602,19406,22032,16262,14750,5395,5768,2017,2008
R,12,2021,49,4029552,2008887,2020665,1543092,1504748,257736,289118,26138,24827,142780,159615,5218,4990,33923,37367,1571832,1536242,268622,302461,40048,39932,156379,174377,9021,8951,1612382,1634199,1187552,1160536,242010,270960,13684,14042,139138,155877,3911,3719,26087,29065,1209396,1184712,249610,280578,23614,25082,150947,168695,6990,7004,396505,386466,355540,344212,15726,18158,12454,10785,3642,3738,1307,1271,7836,8302,362436,351530,19012,21883,16434,14850,5432,5682,2031,1947
R,12,2021,50,4240394,2118766,2121628,1650275,1602387,265229,297371,26050,25342,137865,153804,5277,4890,34070,37834,1679077,1634314,276062,310676,40307,41078,151334,168373,9155,8979,1729427,1742502,1301039,1264598,249717,279770,14149,14635,134174,150212,3911,3689,26437,29598,1323135,1289306,257351,289346,24515,26345,145887,162862,7111,7061,389339,379126,349236,337789,15512,17601,11901,10707,3691,3592,1366,1201,7633,8236,355942,345008,18711,21330,15792,14733,5447,5511,2044,1918
R,12,2021,51,4379908,2191360,2188548,1713503,1662569,273218,303573,26817,25411,138022,154004,5151,5116,34649,37875,1742828,1694316,284296,316802,41650,41538,151254,168463,9183,9394,1801989,1815528,1364406,1330437,257588,286048,14712,14902,134410,150365,3854,3861,27019,29915,1387007,1355251,265484,295783,25619,27085,145873,162841,7187,7411,389371,373020,349097,332132,15630,17525,12105,10509,3612,3639,1297,1255,7630,7960,355821,339065,18812,21019,16031,14453,5381,5622,1996,1983
R,12,2021,52,4182944,2087715,2095229,1640645,1601008,255208,284850,25131,24157,129468,145508,5120,4947,32143,34759,1667876,1630115,265113,296629,39214,39438,141738,158696,8937,8863,1718982,1739860,1309872,1283908,240544,268497,13893,14323,126051,142024,3878,3801,24744,27307,1330585,1306555,247345,277011,24165,25854,136658,153385,7020,7050,368733,355369,330773,317100,14664,16353,11238,9834,3417,3484,1242,1146,7399,7452,337291,323560,17768,19618,15049,13584,5080,5311,1917,1813
R,12,2021,53,4072548,2031801,2040747,1595599,1559215,249984,278078,24797,23427,126783,142558,4574,4730,30064,32739,1620926,1586494,259072,289030,38328,38127,138174,154765,8101,8539,1678326,1700544,1278544,1255630,235642,262216,13771,14038,123682,139324,3424,3580,23263,25756,1297910,1276813,241873,270080,23820,25238,133551,149959,6341,6768,353475,340203,317055,303585,14342,15862,11026,9389,3101,3234,1150,1150,6801,6983,323016,309681,17199,18950,14508,12889,4623,4806,1760,1771
R,12,2021,54,4029784,2002946,2026838,1583013,1557643,247441,278707,23571,23315,115602,131119,4677,4561,28642,31493,1607139,1583829,255940,289396,36787,37778,126296,142459,8015,8286,1664067,1696983,1278703,1263132,233648,263198,13365,14318,112600,128114,3521,3495,22230,24726,1297173,1283443,239469,270835,23228,25401,121879,137860,6348,6618,338879,329855,304310,294511,13793,15509,10206,8997,3002,3005,1156,1066,6412,6767,309966,300386,16471,18561,13559,12377,4417,4599,1667,1668
R,12,2021,55,4063783,2014007,2049776,1594216,1580653,250386,283379,23455,23223,113277,127092,4677,4614,27996,30815,1617518,1606188,258838,293754,36642,37727,123517,138024,8112,8246,1683062,1727221,1296751,1292463,236950,268376,13549,14560,110371,124088,3573,3563,21868,24171,1314677,1312248,242737,275780,23598,25663,119212,133507,6486,6604,330945,322555,297465,288190,13436,15003,9906,8663,2906,3004,1104,1051,6128,6644,302841,293940,16101,17974,13044,12064,4305,4517,1626,1642
R,12,2021,56,4193088,2073342,2119746,1643253,1636989,258630,292919,24335,24127,114205,129724,4690,4624,28229,31363,1666765,1662960,266922,303174,37976,39143,124380,140828,8151,8353,1744813,1799423,1348460,1351255,244945,277758,14375,15339,111340,126663,3644,3626,22049,24782,1366555,1371495,250650,285119,24750,27018,120163,136238,6555,6770,328529,320323,294793,285734,13685,15161,9960,8788,2865,3061,1046,998,6180,6581,300210,291465,16272,18055,13226,12125,4217,4590,1596,1583
R,12,2021,57,4349122,2139550,2209572,1707499,1720122,261292,298675,24281,24580,113569,129829,4558,4693,28351,31673,1731109,1746282,269343,308786,38366,40404,123692,140719,8035,8434,1824185,1894929,1424269,1438982,248380,283969,14782,16008,110790,126982,3571,3703,22393,25285,1442682,1459593,253957,291255,25690,28594,119581,136433,6490,6869,315365,314643,283230,281140,12912,14706,9499,8572,2779,2847,987,990,5958,6388,288427,286689,15386,17531,12676,11810,4111,4286,1545,1565
R,12,2021,58,4365584,2146544,2219040,1718870,1735212,256139,291881,23924,24099,115130,131873,4332,4579,28149,31396,1742336,1761097,263925,301660,38165,39831,125125,142670,7713,8363,1844545,1915716,1447855,1464531,243527,277712,14872,15720,112478,129051,3370,3617,22443,25085,1466364,1484936,248975,284757,26037,28274,121205,138378,6236,6814,301999,303324,271015,270681,12612,14169,9052,8379,2652,2822,962,962,5706,6311,275972,276161,14950,16903,12128,11557,3920,4292,1477,1549
R,12,2021,59,4375787,2145177,2230610,1725062,1753936,253376,290870,23373,24025,111431,126229,4389,4546,27546,31004,1748095,1779389,260829,300581,37177,39952,121269,136724,7797,8229,1854982,1937156,1464251,1491713,241479,277544,14637,15862,108855,123506,3490,3627,22270,24904,1482676,1511917,246697,284561,25680,28660,117512,132583,6428,6716,290195,293454,260811,262223,11897,13326,8736,8163,2576,2723,899,919,5276,6100,265419,267472,14132,16020,11497,11292,3757,4141,1369,1513
R,12,2021,60,4362642,2135314,2227328,1734315,1766875,246118,285340,22783,23770,100570,116823,4220,4229,27308,30291,1757093,1791711,253380,294774,36824,39666,110262,126904,7517,7821,1862608,1950391,1489334,1519314,234932,272764,14627,16181,98223,114253,3408,3392,22084,24487,1507549,1539150,240067,279633,25874,29100,106712,123001,6223,6418,272706,276937,244981,247561,11186,12576,8156,7589,2347,2570,812,837,5224,5804,249544,252561,13313,15141,10950,10566,3550,3903,1294,1403
R,12,2021,61,4351934,2124615,2227319,1718650,1760239,248253,287294,22472,23614,104105,122213,4191,4274,26944,29685,1741235,1784531,255373,296345,36414,39268,113526,132150,7417,7792,1856982,1953935,1478251,1515457,237334,274980,14377,16233,101715,119632,3380,3460,21925,24173,1496430,1535005,242405,281668,25625,28996,110049,128268,6104,6456,267633,273384,240399,244782,10919,12314,8095,7381,2390,2581,811,814,5019,5512,244805,249526,12968,14677,10789,10272,3477,3882,1313,1336
R,12,2021,62,4230746,2059658,2171088,1673814,1723010,236868,277680,21277,22401,98093,115743,3974,3928,25632,28326,1695214,1746276,243462,286327,34619,37596,107253,124979,7033,7217,1813843,1917106,1452983,1496033,226755,265961,13958,15436,95917,113364,3226,3199,21004,23113,1470391,1514782,231466,272351,24817,27909,103983,121424,5823,5995,245815,253982,220831,226977,10113,11719,7319,6965,2176,2379,748,729,4628,5213,224823,231494,11996,13976,9802,9687,3270,3555,1210,1222
R,12,2021,63,4165933,2019770,2146163,1645969,1708347,228570,269377,19762,21545,97499,116013,3698,3817,24272,27064,1666190,1730513,234874,277489,32734,36290,105870,124827,6478,6859,1792143,1905646,1441801,1493108,218787,258256,13166,15063,95454,113812,3009,3136,19926,22271,1458247,1511174,223289,264287,23824,27290,102860,121504,5380,5756,227627,240517,204168,215239,9783,11121,6596,6482,2045,2201,689,681,4346,4793,207943,219339,11585,13202,8910,9000,3010,3323,1098,1103
R,12,2021,64,4130564,1994790,2135774,1632173,1708079,220508,263537,19643,21028,95110,113114,3548,3670,23808,26346,1651930,1729681,226706,271426,32483,35789,103256,121310,6335,6665,1776037,1902412,1435686,1498877,211454,252915,13061,14848,93217,111143,2923,2982,19696,21647,1451868,1516415,215975,258744,23671,27123,100490,118292,5315,5544,218753,233362,196487,209202,9054,10622,6582,6180,1893,1971,625,688,4112,4699,200062,213266,10731,12682,8812,8666,2766,3018,1020,1121
R,12,2021,65,3979913,1911388,2068525,1567118,1652825,208384,255414,18410,20134,91799,111219,3318,3468,22359,25465,1585792,1673754,214175,263022,30623,34558,99269,119069,5890,6337,1707484,1847656,1384150,1455159,199796,245201,12298,14296,90009,109133,2718,2904,18513,20963,1399471,1472191,203966,250804,22418,26350,96668,115974,4946,5358,203904,220869,182968,197666,8588,10213,6112,5838,1790,2086,600,564,3846,4502,186321,201563,10209,12218,8205,8208,2601,3095,944,979
R,12,2021,66,3838078,1833495,2004583,1507381,1607070,195057,241316,17487,19066,89180,109849,3095,3404,21295,23878,1525090,1626525,200506,248488,29188,32537,96282,117277,5556,6095,1640438,1791834,1333929,1416070,186868,231790,11830,13608,87488,107930,2581,2792,17742,19644,1348536,1431866,190801,237081,21616,24858,93840,114422,4725,5101,193057,212749,173452,191000,8189,9526,5657,5458,1692,1919,514,612,3553,4234,176554,194659,9705,11407,7572,7679,2442,2855,831,994
R,12,2021,67,3737120,1776633,1960487,1467275,1578663,184538,231817,16278,18032,85684,106008,2929,3255,19929,22712,1483831,1597178,189614,238524,27427,30969,92258,112943,5197,5892,1598004,1759946,1306162,1397935,177103,223107,11312,13157,84181,104216,2451,2707,16795,18824,1319986,1413061,180844,228095,20771,24048,90074,110319,4440,4992,178629,200541,161113,180728,7435,8710,4966,4875,1503,1792,478,548,3134,3888,163845,184117,8770,10429,6656,6921,2184,2624,757,900
R,12,2021,68,3556334,1681947,1874387,1399401,1519901,167280,215181,14942,16607,79240,98680,2655,2919,18429,21099,1414812,1537143,171797,221297,25474,28772,85159,105121,4732,5344,1519850,1689812,1253266,1353388,160433,207163,10436,12128,77909,97093,2230,2445,15576,17595,1266222,1367587,163724,211732,19417,22424,83222,102793,4058,4578,162097,184575,146135,166513,6847,8018,4506,4479,1331,1587,425,474,2853,3504,148590,169556,8073,9565,6057,6348,1937,2328,674,766
R,12,2021,69,3458513,1627687,1830826,1359813,1488190,156391,206265,13803,15821,78186,98076,2618,2852,16876,19622,1373828,1504256,160584,211904,23407,27322,83643,103939,4593,5137,1477136,1656365,1223903,1330563,150086,198686,9732,11654,76894,96540,2247,2404,14274,16518,1235643,1343927,153165,202996,17963,21511,81787,101689,3975,4379,150551,174461,135910,157627,6305,7579,4071,4167,1292,1536,371,448,2602,3104,138185,160329,7419,8908,5444,5811,1856,2250,618,758
R,12,2021,70,3272289,1532376,1739913,1287698,1419969,144950,195441,12800,14650,68836,89000,2266,2573,15826,18280,1300819,1434994,148832,200737,22116,25624,73764,94138,4121,4637,1392240,1577700,1160642,1273522,139298,188287,9198,10811,67691,87586,1944,2166,13467,15328,1171718,1285940,142210,192296,17170,20230,72125,92099,3587,3962,140136,162213,127056,146447,5652,7154,3602,3839,1145,1414,322,407,2359,2952,129101,149054,6622,8441,4946,5394,1639,2039,534,675
R,12,2021,71,3088954,1436675,1652279,1197516,1339006,139241,187638,12313,14003,70200,91773,2281,2437,15124,17422,1210117,1353142,142998,192786,21153,24244,74879,96991,4027,4476,1304495,1494815,1077964,1196733,133701,180710,8940,10306,69082,90379,1930,2078,12878,14609,1088611,1208454,136494,184598,16562,19071,73278,94934,3493,3841,132180,157464,119552,142273,5540,6928,3373,3697,1118,1394,351,359,2246,2813,121506,144688,6504,8188,4591,5173,1601,2057,534,635
R,12,2021,72,2986691,1385760,1600931,1163058,1306625,127708,175824,11569,13060,67205,86618,2187,2414,14033,16390,1174730,1319991,131097,180603,19980,22887,71444,91245,3849,4306,1264195,1455346,1052834,1174714,122789,169502,8465,9796,66221,85404,1862,2046,12024,13884,1062774,1185913,125372,173170,15752,18330,70002,89472,3321,3711,121565,145585,110224,131911,4919,6322,3104,3264,984,1214,325,368,2009,2506,111956,134078,5725,7433,4228,4557,1442,1773,528,595
R,12,2021,73,2915228,1349897,1565331,1140448,1288032,119747,166042,10811,12421,63714,80920,2020,2266,13157,15650,1151359,1300922,122970,170508,18698,21817,67683,85342,3542,4027,1237154,1428010,1038150,1163518,115168,160241,8045,9361,62779,79742,1727,1942,11285,13206,1047438,1174280,117633,163631,14905,17517,66319,83602,3079,3478,112743,137321,102298,124514,4579,5801,2766,3060,935,1178,293,324,1872,2444,103921,126642,5337,6877,3793,4300,1364,1740,463,549
R,12,2021,74,2987842,1386564,1601278,1190362,1342493,111472,154523,10528,11754,59221,74965,1901,2022,13080,15521,1201347,1355400,114597,158852,18617,21333,62900,79168,3403,3719,1278850,1469783,1092384,1222871,107333,149048,7816,8955,58371,73882,1640,1737,11306,13290,1101824,1233812,109719,152420,14942,17337,61637,77609,2987,3255,107714,131495,97978,119622,4139,5475,2712,2799,850,1083,261,285,1774,2231,99523,121588,4878,6432,3675,3996,1263,1559,416,464
R,12,2021,75,2515288,1162360,1352928,995951,1130773,92085,130332,8967,10138,52562,66703,1688,1756,11107,13226,1005334,1141742,94673,133943,15694,18027,55752,70474,3008,3294,1068066,1235104,910111,1023659,88414,125317,6652,7731,51876,65701,1458,1508,9555,11188,918152,1032844,90372,128055,12557,14553,54711,69026,2616,2877,94294,117824,85840,107114,3671,5015,2315,2407,686,1002,230,248,1552,2038,87182,108898,4301,5888,3137,3474,1041,1448,392,417
R,12,2021,76,2042102,925354,1116748,784699,924350,77906,114069,7348,8677,44827,56885,1450,1638,9124,11129,792300,933547,80073,117124,12747,15257,47583,60108,2612,2964,843748,1011315,710332,828313,74758,109682,5409,6503,44176,56040,1255,1407,7818,9370,716790,835984,76389,111970,10112,12161,46633,58865,2282,2577,81606,105433,74367,96037,3148,4387,1939,2174,651,845,195,231,1306,1759,75510,97563,3684,5154,2635,3096,950,1243,330,387
R,12,2021,77,1979451,891819,1087632,760689,905184,72228,107846,6833,8130,42116,54125,1270,1496,8683,10851,767998,914155,74262,110912,12016,14580,44660,57204,2370,2817,818309,990336,693620,816404,69353,103970,5126,6122,41576,53319,1107,1292,7527,9229,699914,823969,70909,106311,9718,11744,43856,56025,2093,2473,73510,97296,67069,88780,2875,3876,1707,2008,540,806,163,204,1156,1622,68084,90186,3353,4601,2298,2836,804,1179,277,344
R,12,2021,78,1977629,884227,1093402,763063,923149,67512,103021,6255,7730,38261,47895,1168,1272,7968,10335,769819,931782,69252,105825,11177,13982,40464,50703,2198,2494,816952,1001757,701540,839472,64899,99336,4779,5888,37735,47191,1032,1101,6967,8769,707437,846746,66242,101448,9174,11341,39701,49652,1954,2191,67275,91645,61523,83677,2613,3685,1476,1842,526,704,136,171,1001,1566,62382,85036,3010,4377,2003,2641,763,1051,244,303
R,12,2021,79,1800018,797879,1002139,686642,843462,60856,94734,5703,6961,36438,46605,983,1214,7257,9163,692735,851084,62552,97232,10179,12553,38467,49091,1830,2246,737457,917403,631398,766028,58467,91294,4419,5281,36001,45950,850,1027,6322,7823,636689,772494,59778,93192,8410,10191,37807,48139,1596,1949,60422,84736,55244,77434,2389,3440,1284,1680,437,655,133,187,935,1340,56046,78590,2774,4040,1769,2362,660,952,234,297
R,12,2021,80,1544403,675940,868463,579971,728631,51943,83408,5024,6072,31800,41150,887,1031,6315,8171,585269,735426,53386,85615,8834,11048,33656,43407,1652,1955,622452,794095,531053,660426,49877,80525,3865,4688,31401,40573,783,866,5473,7017,535628,666227,50971,82229,7252,9066,33048,42553,1465,1690,53488,74368,48918,68205,2066,2883,1159,1384,399,577,104,165,842,1154,49641,69199,2415,3386,1582,1982,608,854,187,265
R,12,2021,81,1396692,602361,794331,513514,663209,47135,77708,4514,5676,30569,39353,843,989,5786,7396,518356,669352,48439,79739,7963,10071,32355,41447,1550,1870,552313,722956,467677,597817,45211,74858,3449,4356,30184,38809,741,823,5051,6293,471891,602994,46214,76403,6499,8182,31789,40664,1376,1603,50048,71375,45837,65392,1924,2850,1065,1320,385,544,102,166,735,1103,46465,66358,2225,3336,1464,1889,566,783,174,267
R,12,2021,82,1252342,533330,719012,455345,601201,41347,69942,3859,5014,27026,35052,694,951,5059,6852,459621,606881,42511,71791,6826,9097,28555,36999,1316,1783,488890,654405,414682,542007,39583,67342,2956,3843,26682,34555,597,797,4390,5861,418371,546856,40472,68734,5580,7426,28057,36263,1156,1523,44440,64607,40663,59194,1764,2600,903,1171,344,497,97,154,669,991,41250,60025,2039,3057,1246,1671,498,736,160,260
R,12,2021,83,1172757,492865,679892,422679,572189,36879,64054,3551,4715,24569,32041,635,824,4552,6069,426520,577252,37909,65688,6289,8289,25936,33785,1157,1542,452525,619517,385659,516858,35354,61615,2753,3618,24264,31600,542,680,3953,5146,388976,521121,36133,62855,5178,6728,25485,33122,1011,1298,40340,60375,37020,55331,1525,2439,798,1097,305,441,93,144,599,923,37544,56131,1776,2833,1111,1561,451,663,146,244
R,12,2021,84,1037788,429363,608425,367385,510377,32383,57973,3036,4178,21955,29629,564,760,4040,5508,370839,514972,33327,59492,5421,7362,23170,31207,1026,1440,393555,554234,334472,460724,31048,55788,2337,3208,21697,29200,482,631,3519,4683,337472,464597,31765,56941,4459,5996,22789,30585,888,1231,35808,54191,32913,49653,1335,2185,699,970,258,429,82,129,521,825,33367,50375,1562,2551,962,1366,381,622,138,209
R,12,2021,85,926793,376643,550150,322609,462637,28039,51913,2654,3696,19317,26394,478,648,3546,4862,325604,466669,28831,53265,4695,6523,20448,27797,910,1212,344726,500916,293222,417366,26798,49982,2072,2826,19102,26031,415,558,3117,4153,295839,420786,27404,51021,3895,5284,20134,27278,807,1056,31917,49234,29387,45271,1241,1931,582,870,215,363,63,90,429,709,29765,45883,1427,2244,800,1239,314,519,103,156
R,12,2021,86,835283,332940,502343,285153,421923,25002,47632,2319,3369,16975,24300,428,582,3063,4537,287715,425684,25708,48849,4079,5986,17926,25639,827,1107,304608,457563,259058,380774,23927,45888,1797,2562,16777,23963,379,482,2670,3894,261287,383982,24472,46830,3367,4860,17625,25139,734,945,28332,44780,26095,41149,1075,1744,522,807,198,337,49,100,393,643,26428,41702,1236,2019,712,1126,301,500,93,162
R,12,2021,87,731116,285857,445259,245341,375710,20988,41516,1919,2853,14560,20771,388,495,2661,3914,247616,378966,21599,42588,3411,5111,15412,21951,719,961,261901,406409,223183,339912,20147,40056,1488,2160,14385,20482,337,424,2361,3375,225199,342708,20637,40894,2835,4141,15146,21530,637,836,23956,38850,22158,35798,841,1460,431,693,175,289,51,71,300,539,22417,36258,962,1694,576,970,266,421,82,125
R,12,2021,88,626674,239660,387014,205819,325900,17194,35786,1613,2404,12502,19072,337,425,2195,3427,207676,328748,17687,36708,2846,4351,13230,20096,611,866,219912,353616,187571,295091,16494,34509,1254,1845,12363,18833,291,374,1939,2964,189210,297539,16883,35226,2357,3568,13028,19747,535,765,19748,33398,18248,30809,700,1277,359,559,139,239,46,51,256,463,18466,31209,804,1482,489,783,202,349,76,101
R,12,2021,89,570663,212293,358370,182614,302711,15122,32592,1393,2217,10935,17375,280,392,1949,3083,184260,305285,15587,33452,2459,3975,11580,18262,530,781,195012,328221,166599,274868,14520,31452,1076,1718,10811,17164,252,343,1754,2676,168077,277090,14902,32148,2046,3281,11402,17944,484,684,17281,30149,16015,27843,602,1140,317,499,124,211,28,49,195,407,16183,28195,685,1304,413,694,178,318,46,97
R,12,2021,90,485513,175881,309632,153182,264822,11116,25656,1082,1794,8721,14451,225,309,1555,2600,154507,266993,11480,26371,1929,3285,9247,15197,426,633,161500,284305,139782,241355,10682,24775,831,1369,8638,14286,195,270,1372,2250,140945,243222,10982,25337,1579,2686,9114,14951,371,556,14381,25327,13400,23467,434,881,251,425,83,165,30,39,183,350,13562,23771,498,1034,350,599,133,246,55,77
R,12,2021,91,430679,151075,279604,130696,238071,9871,23375,953,1610,7975,13876,205,295,1375,2377,131857,240064,10184,24027,1720,2944,8430,14583,385,586,138560,256318,119076,216466,9450,22578,734,1227,7900,13736,184,254,1216,2057,120105,218178,9698,23084,1420,2406,8308,14364,347,513,12515,23286,11620,21605,421,797,219,383,75,140,21,41,159,320,11752,21886,486,943,300,538,122,219,38,73
R,12,2021,92,345146,116109,229037,100510,195199,7455,19307,744,1267,6143,11113,160,255,1097,1896,101440,196758,7715,19859,1358,2334,6492,11662,311,497,106572,210746,91659,178219,7146,18664,579,986,6086,10988,144,225,958,1664,92471,179583,7351,19110,1123,1938,6393,11476,273,439,9537,18291,8851,16980,309,643,165,281,57,125,16,30,139,232,8969,17175,364,749,235,396,99,186,38,58
R,12,2021,93,289338,93547,195791,81170,167200,5817,16076,597,1077,4972,9524,107,206,884,1708,81905,168621,6029,16569,1103,2049,5257,10010,219,432,86095,180704,74232,153285,5579,15513,466,825,4933,9426,96,175,789,1480,74888,154504,5756,15906,926,1691,5192,9858,190,373,7452,15087,6938,13915,238,563,131,252,39,98,11,31,95,228,7017,14117,273,663,177,358,65,152,29,59
R,12,2021,94,232270,71840,160430,62080,137104,4496,13108,435,887,4047,7811,84,155,698,1365,62669,138235,4660,13472,816,1695,4272,8194,178,334,66418,148679,57016,126235,4339,12682,348,687,4015,7729,74,135,626,1211,57543,127236,4476,12976,693,1421,4220,8069,158,292,5422,11751,5064,10869,157,426,87,200,32,82,10,20,72,154,5126,10999,184,496,123,274,52,125,20,42
R,12,2021,95,178378,52628,125750,45372,107402,3292,10154,333,698,3038,6281,57,141,536,1074,45828,108310,3420,10471,628,1295,3210,6575,133,273,48657,116763,41678,99091,3162,9822,274,554,3015,6216,51,127,477,953,42085,99889,3263,10085,540,1091,3169,6485,114,247,3971,8987,3694,8311,130,332,59,144,23,65,6,14,59,121,3743,8421,157,386,88,204,41,90,19,26
R,12,2021,96,136451,38328,98123,32753,83520,2436,7909,245,513,2450,5180,43,107,401,894,33090,84256,2540,8177,466,1019,2581,5421,96,220,35516,91335,30147,77241,2353,7658,194,410,2432,5136,38,95,352,795,30444,77899,2437,7884,387,871,2548,5345,82,190,2812,6788,2606,6279,83,251,51,103,18,44,5,12,49,99,2646,6357,103,293,79,148,33,76,14,30
R,12,2021,97,102091,27310,74781,23247,63735,1707,5927,178,424,1865,3944,30,83,283,668,23480,64280,1782,6131,336,808,1964,4130,67,169,25398,69893,21468,59203,1648,5751,145,344,1853,3912,28,74,256,609,21681,59703,1710,5927,291,697,1943,4081,60,152,1912,4888,1779,4532,59,176,33,80,12,32,2,9,27,59,1799,4577,72,204,45,111,21,49,7,17
R,12,2021,98,70932,18360,52572,15457,44635,1158,4123,122,275,1367,2991,25,57,231,491,15647,45037,1226,4284,243,558,1445,3123,59,120,16970,49259,14168,41565,1113,4000,100,225,1358,2971,22,52,209,446,14344,41928,1171,4139,212,487,1430,3090,49,110,1390,3313,1289,3070,45,123,22,50,9,20,3,5,22,45,1303,3109,55,145,31,71,15,33,10,10
R,12,2021,99,49483,12112,37371,10056,31463,804,3080,86,209,1013,2211,13,47,140,361,10173,31754,840,3187,160,409,1067,2313,36,99,11297,35069,9308,29328,776,2999,74,178,1002,2196,11,42,126,326,9413,29591,808,3091,141,361,1049,2288,30,89,815,2302,748,2135,28,81,12,31,11,15,2,5,14,35,760,2163,32,96,19,48,18,25,6,10
R,12,2021,100,82875,17489,65386,14046,53677,1165,5655,132,400,1847,4839,33,93,266,722,14257,54250,1250,5915,277,796,1933,5035,77,199,16425,61831,13072,50411,1134,5522,114,350,1838,4815,29,86,238,647,13263,50923,1207,5748,245,710,1915,4988,65,181,1064,3555,974,3266,31,133,18,50,9,24,4,7,28,75,994,3327,43,167,32,86,18,47,12,18
