UNIVERSE,MONTH,YEAR,AGE,TOT_POP,TOT_MALE,TOT_FEMALE,WA_MALE,WA_FEMALE,BA_MALE,BA_FEMALE,IA_MALE,IA_FEMALE,AA_MALE,AA_FEMALE,NA_MALE,NA_FEMALE,TOM_MALE,TOM_FEMALE,WAC_MALE,WAC_FEMALE,BAC_MALE,BAC_FEMALE,IAC_MALE,IAC_FEMALE,AAC_MALE,AAC_FEMALE,NAC_MALE,NAC_FEMALE,NH_MALE,NH_FEMALE,NHWA_MALE,NHWA_FEMALE,NHBA_MALE,NHBA_FEMALE,NHIA_MALE,NHIA_FEMALE,NHAA_MALE,NHAA_FEMALE,NHNA_MALE,NHNA_FEMALE,NHTOM_MALE,NHTOM_FEMALE,NHWAC_MALE,NHWAC_FEMALE,NHBAC_MALE,NHBAC_FEMALE,NHIAC_MALE,NHIAC_FEMALE,NHAAC_MALE,NHAAC_FEMALE,NHNAC_MALE,NHNAC_FEMALE,H_MALE,H_FEMALE,HWA_MALE,HWA_FEMALE,HBA_MALE,HBA_FEMALE,HIA_MALE,HIA_FEMALE,HAA_MALE,HAA_FEMALE,HNA_MALE,HNA_FEMALE,HTOM_MALE,HTOM_FEMALE,HWAC_MALE,HWAC_FEMALE,HBAC_MALE,HBAC_FEMALE,HIAC_MALE,HIAC_FEMALE,HAAC_MALE,HAAC_FEMALE,HNAC_MALE,HNAC_FEMALE
R,1,2024,999,338427293,166072634,172354659,121678858,124631865,21771245,23849111,3452627,3362250,10865260,11874882,462438,463277,7842206,8173274,128884630,132128085,24803677,27054439,6710197,6867764,13312278,14329792,979349,979467,132353193,138404110,94956734,97636408,19727645,21761043,1149769,1185583,10412933,11415116,341540,341333,5764572,6064627,100258829,103203561,21894880,24077072,3343162,3605687,12351406,13360521,715570,715254,33719441,33950549,26722124,26995457,2043600,2088068,2302858,2176667,452327,459766,120898,121944,2077634,2108647,28625801,28924524,2908797,2977367,3367035,3262077,960872,969271,263779,264213
R,1,2024,0,3604022,1843219,1760803,1199256,1144222,293140,283750,46914,44709,114003,106884,6830,6659,183076,174579,1370716,1307456,382083,369280,98090,93604,178446,167908,17379,16680,1301002,1240731,811559,771786,246372,238846,11552,11237,103393,96682,4622,4438,123504,117742,927859,882525,306012,296436,40107,38332,150159,140936,11126,10462,542217,520072,387697,372436,46768,44904,35362,33472,10610,10202,2208,2221,59572,56837,442857,424931,76071,72844,57983,55272,28287,26972,6253,6218
R,1,2024,1,3713984,1896690,1817294,1232533,1177967,304559,295251,47200,45728,119713,113032,7241,6903,185444,178413,1406198,1344763,394576,382541,98771,95499,185216,175649,17898,17118,1349005,1288617,838855,798437,257894,250174,12109,11612,109007,102845,4788,4449,126352,121100,957802,912301,318777,309252,41236,39382,157069,148610,11444,10654,547685,528677,393678,379530,46665,45077,35091,34116,10706,10187,2453,2454,59092,57313,448396,432462,75799,73289,57535,56117,28147,27039,6454,6464
R,1,2024,2,3739486,1910042,1829444,1244679,1187595,307213,299477,44636,42753,120440,114450,6807,6532,186267,178637,1419118,1354591,397598,386792,96365,92418,186302,177321,17501,16738,1380801,1318261,863771,819306,262417,255962,12445,11834,110479,104807,4556,4326,127133,122026,983441,934017,323608,315379,41695,39754,158955,151088,11259,10586,529241,511183,380908,368289,44796,43515,32191,30919,9961,9643,2251,2206,59134,56611,435677,420574,73990,71413,54670,52664,27347,26233,6242,6152
R,1,2024,3,3707439,1894723,1812716,1230152,1172890,307944,298617,44755,43071,123265,116992,6664,6303,181943,174843,1400561,1336399,396406,384238,95060,91471,187596,178497,17086,16276,1375949,1313737,854078,811260,265719,257962,12983,12526,113708,107548,4669,4350,124792,120091,971553,924191,325906,316567,41597,39915,161263,153039,11234,10501,518774,498979,376074,361630,42225,40655,31772,30545,9557,9444,1995,1953,57151,54752,429008,412208,70500,67671,53463,51556,26333,25458,5852,5775
R,1,2024,4,3818639,1949915,1868724,1284702,1225038,302883,296541,46616,44638,125120,119124,7068,6698,183526,176685,1456561,1390242,391623,382639,97463,93710,190202,181361,17677,16752,1435141,1373010,909228,862790,262956,258273,14689,14217,115822,110062,4932,4760,127514,122908,1029212,978281,324132,317985,44114,42545,164489,156568,11730,11109,514774,495714,375474,362248,39927,38268,31927,30421,9298,9062,2136,1938,56012,53777,427349,411961,67491,64654,53349,51165,25713,24793,5947,5643
R,1,2024,5,3871329,1976092,1895237,1306392,1247488,308273,301032,47524,46092,124762,119300,7234,6839,181907,174486,1476721,1410605,395862,385445,98275,94793,189091,180882,17974,16917,1458072,1395376,927038,881152,268382,262841,15074,14682,115540,110347,5108,4892,126930,121462,1046434,995214,329261,321581,44419,42709,163847,156286,11983,11323,518020,499861,379354,366336,39891,38191,32450,31410,9222,8953,2126,1947,54977,53024,430287,415391,66601,63864,53856,52084,25244,24596,5991,5594
R,1,2024,6,3939113,2012750,1926363,1333570,1271749,314140,305478,48873,46643,128189,122512,7499,6763,180479,173218,1502309,1433533,400296,389141,100115,95789,191936,183146,18351,16899,1487093,1419044,945518,897316,274743,267247,15940,15232,119058,113662,5374,4808,126460,120779,1064270,1010720,334907,325597,45835,43521,167045,159018,12412,11212,525657,507319,388052,374433,39397,38231,32933,31411,9131,8850,2125,1955,54019,52439,438039,422813,65389,63544,54280,52268,24891,24128,5939,5687
R,1,2024,7,4032264,2059331,1972933,1373496,1310037,313518,306685,51129,49142,132214,125934,7542,7119,181432,174016,1542923,1472445,398840,389648,103721,99840,196260,186708,18516,17498,1519234,1452094,973788,924527,273592,267981,16410,15933,122815,117001,5361,5081,127268,121571,1093234,1038576,333267,326013,47101,45421,171088,162468,12426,11722,540097,520839,399708,385510,39926,38704,34719,33209,9399,8933,2181,2038,54164,52445,449689,433869,65573,63635,56620,54419,25172,24240,6090,5776
R,1,2024,8,4068551,2078824,1989727,1393358,1327245,317383,308965,51394,49972,129652,123803,7392,7149,179645,172593,1561236,1488295,401512,391013,104459,100754,192538,183646,18220,17506,1533477,1464156,987303,936357,277744,270304,16622,16157,120408,114906,5263,5072,126137,121360,1105750,1050158,336849,328259,47732,45877,167669,159900,12243,11739,545347,525571,406055,390888,39639,38661,34772,33815,9244,8897,2129,2077,53508,51233,455486,438137,64663,62754,56727,54877,24869,23746,5977,5767
R,1,2024,9,4085537,2087371,1998166,1400987,1334131,317779,309601,51765,50466,132549,126222,7370,7204,176921,170542,1566261,1493240,400080,390283,104789,101678,194327,184766,17925,17263,1545437,1475486,996079,944987,278406,271068,16851,16258,123480,117654,5284,5112,125337,120407,1113717,1057870,336699,328337,48326,46392,170347,161879,12209,11671,541934,522680,404908,389144,39373,38533,34914,34208,9069,8568,2086,2092,51584,50135,452544,435370,63381,61946,56463,55286,23980,22887,5716,5592
R,1,2024,10,4050782,2070796,1979986,1392630,1326910,316064,307103,52519,50283,129429,122966,7415,7045,172739,165679,1553930,1481392,395963,384918,105283,100965,189286,179619,17918,16994,1532273,1461226,989731,939067,277240,269202,16916,16193,120493,114494,5256,4938,122637,117332,1104789,1049026,334071,324757,48397,46302,165933,157253,12137,11416,538523,518760,402899,387843,38824,37901,35603,34090,8936,8472,2159,2107,50102,48347,449141,432366,61892,60161,56886,54663,23353,22366,5781,5578
R,1,2024,11,4096897,2093049,2003848,1407635,1343225,318462,309413,52913,50549,135623,128350,7586,7195,170830,165116,1566853,1497001,396910,385857,105959,102087,194811,184853,17971,17162,1549542,1479520,999441,948972,279312,271711,17154,16468,126744,119882,5362,5071,121529,117416,1113328,1058821,335221,326417,48869,47230,171814,162853,12208,11670,543507,524328,408194,394253,39150,37702,35759,34081,8879,8468,2224,2124,49301,47700,453525,438180,61689,59440,57090,54857,22997,22000,5763,5492
R,1,2024,12,4110809,2103090,2007719,1422231,1352771,320644,310354,53856,51802,130292,123347,7416,7108,168651,162337,1579429,1503936,397673,384956,107368,103296,187933,178595,17732,16995,1552578,1478686,1007379,954437,281254,272648,17118,16367,121281,114913,5222,4926,120324,115395,1120083,1062338,336529,326072,49389,47243,165147,156911,12065,11458,550512,529033,414852,398334,39390,37706,36738,35435,9011,8434,2194,2182,48327,46942,459346,441598,61144,58884,57979,56053,22786,21684,5667,5537
R,1,2024,13,4217265,2156984,2060281,1463447,1393002,330489,319281,54680,52359,129397,123396,7487,7211,171484,165032,1623313,1546720,408168,394969,110315,106003,187333,178571,17838,17133,1585260,1511427,1027981,975097,291669,281330,17210,16929,120550,115147,5303,5058,122547,117866,1142744,1085278,347453,335790,50810,49404,164857,157302,12261,11628,571724,548854,435466,417905,38820,37951,37470,35430,8847,8249,2184,2153,48937,47166,480569,461442,60715,59179,59505,56599,22476,21269,5577,5505
R,1,2024,14,4256303,2176893,2079410,1482763,1409981,333033,321978,54411,52013,128501,123395,7404,7103,170781,164940,1641816,1563549,410735,398380,109418,105014,186109,178066,17789,17174,1596566,1523369,1034975,981387,294724,284694,17661,17107,120097,115286,5156,4835,123953,120060,1150982,1093629,351625,340775,51633,50150,164705,157601,12199,11710,580327,556041,447788,428594,38309,37284,36750,34906,8404,8109,2248,2268,46828,44880,490834,469920,59110,57605,57785,54864,21404,20465,5590,5464
R,1,2024,15,4413749,2258517,2155232,1543824,1464789,346193,333975,56134,53783,131723,126541,7469,7207,173174,168937,1704919,1621915,424641,411602,113083,109740,189102,181526,18339,17414,1653430,1576782,1074459,1016723,306105,296266,18333,17680,123121,118226,5118,4864,126294,123023,1192312,1131677,364055,353637,53844,52544,167805,160800,12456,11792,605087,578450,469365,448066,40088,37709,37801,36103,8602,8315,2351,2343,46880,45914,512607,490238,60586,57965,59239,57196,21297,20726,5883,5622
R,1,2024,16,4452615,2278279,2174336,1562573,1484750,344732,332461,57903,55777,134409,127961,7505,7192,171157,166195,1721609,1639071,421638,407959,116024,111997,190638,182316,18053,17375,1665531,1587629,1086243,1029332,305135,294826,18508,17876,125664,119793,5079,4921,124902,120881,1202786,1142078,361683,350346,54913,52987,169560,161815,12367,11823,612748,586707,476330,455418,39597,37635,39395,37901,8745,8168,2426,2271,46255,45314,518823,496993,59955,57613,61111,59010,21078,20501,5686,5552
R,1,2024,17,4439414,2274716,2164698,1566854,1484085,341712,328437,59139,55257,132687,127336,7371,7118,166953,162465,1721860,1634939,415455,401156,116881,111151,187578,179973,17737,17088,1660898,1581840,1089427,1030436,302594,291093,18327,17594,124080,119205,4986,4801,121484,118711,1202693,1141176,356671,345094,54329,52741,166927,160123,12056,11578,613818,582858,477427,453649,39118,37344,40812,37663,8607,8131,2385,2317,45469,43754,519167,493763,58784,56062,62552,58410,20651,19850,5681,5510
R,1,2024,18,4409441,2261419,2148022,1565599,1475894,332474,321029,58938,55658,136012,132994,7478,7208,160918,155239,1714999,1619872,402147,389336,115887,110111,188809,183901,17306,16676,1653222,1574722,1091083,1028135,294403,284988,18083,17608,127735,125234,5065,4932,116853,113825,1200028,1134096,345345,335640,53787,51975,169069,165144,11770,11524,608197,573300,474516,447759,38071,36041,40855,38050,8277,7760,2413,2276,44065,41414,514971,485776,56802,53696,62100,58136,19740,18757,5536,5152
R,1,2024,19,4436495,2276126,2160369,1577334,1487422,332718,319416,59370,54435,142631,139745,7602,7110,156471,152241,1722405,1628537,399669,385726,115489,109076,194227,189059,17325,16405,1670922,1591009,1103165,1040932,295342,284143,18279,17101,134322,132076,5247,4974,114567,111783,1209791,1144859,344392,333255,54068,51954,174879,171016,11971,11417,605204,569360,474169,446490,37376,35273,41091,37334,8309,7669,2355,2136,41904,40458,512614,483678,55277,52471,61421,57122,19348,18043,5354,4988
R,1,2024,20,4442889,2279887,2163002,1586054,1493531,330703,319005,59019,53752,143769,141488,7690,7085,152652,148141,1727527,1630860,394725,382307,115282,107952,193674,189566,17200,16145,1680086,1599590,1115440,1050870,293997,284112,17891,17024,135867,133921,5256,4995,111635,108668,1219281,1151991,341131,330949,53651,51738,175201,171599,11846,11352,599801,563412,470614,442661,36706,34893,41128,36728,7902,7567,2434,2090,41017,39473,508246,478869,53594,51358,61631,56214,18473,17967,5354,4793
R,1,2024,21,4458471,2280595,2177876,1583271,1501212,336096,327938,59354,53872,147982,145351,7615,7190,146277,142313,1718694,1632584,396784,388404,114131,106653,195813,191385,16816,16032,1682487,1614807,1113132,1057671,298937,292777,17829,16966,140181,137883,5353,5077,107055,104433,1212442,1154418,343667,337570,52752,50733,177779,174161,11818,11252,598108,563069,470139,443541,37159,35161,41525,36906,7801,7468,2262,2113,39222,37880,506252,478166,53117,50834,61379,55920,18034,17224,4998,4780
R,1,2024,22,4630243,2349580,2280663,1626928,1569957,352100,350273,58506,53568,163568,160298,7777,7716,140701,138851,1756457,1697817,410670,409472,111025,104299,209608,205629,17115,16846,1748832,1711161,1153251,1119637,313695,313872,17710,17394,155847,152494,5504,5526,102825,102238,1248133,1213990,356635,357856,51189,49901,192161,188452,12078,12047,600748,569502,473677,450320,38405,36401,40796,36174,7721,7804,2273,2190,37876,36613,508324,483827,54035,51616,59836,54398,17447,17177,5037,4799
R,1,2024,23,4889547,2476145,2413402,1710949,1658801,372671,371595,59653,54664,186927,183320,8537,8341,137408,136681,1837061,1784122,429339,430103,110801,103763,232474,228780,17891,17499,1863794,1832398,1226806,1198116,333219,334050,18296,17788,178719,175199,6241,5987,100513,101258,1319244,1291177,374726,377517,50767,49396,214819,211539,12948,12531,612351,581004,484143,460685,39452,37545,41357,36876,8208,8121,2296,2354,36895,35423,517817,492945,54613,52586,60034,54367,17655,17241,4943,4968
R,1,2024,24,4725295,2396268,2329027,1669925,1611986,351098,352001,57013,51720,181581,176834,8296,7953,128355,128533,1787548,1729998,403917,406607,105458,98282,223593,219218,17104,16491,1809073,1772084,1203624,1169119,314028,316061,17459,16804,173775,169125,6113,5642,94074,95333,1290023,1256817,352851,356939,48286,46731,207291,203088,12382,11703,587195,556943,466301,442867,37070,35940,39554,34916,7806,7709,2183,2311,34281,33200,497525,473181,51066,49668,57172,51551,16302,16130,4722,4788
R,1,2024,25,4653008,2359315,2293693,1647838,1587447,342824,344096,55936,50970,179458,177577,8146,7873,125113,125730,1762488,1702927,393229,397103,103654,97391,220449,218528,16822,16107,1783718,1746996,1191001,1152470,306491,309299,16785,16072,171641,169799,5946,5618,91854,93738,1275311,1238810,343568,348921,47263,46254,204403,202810,12186,11570,575597,546697,456837,434977,36333,34797,39151,34898,7817,7778,2200,2255,33259,31992,487177,464117,49661,48182,56391,51137,16046,15718,4636,4537
R,1,2024,26,4476059,2270358,2205701,1584518,1522100,325811,326891,54042,48826,180424,180597,7855,7475,117708,119812,1692403,1631965,372756,376745,99510,93656,219097,219730,15793,15151,1716975,1681491,1144960,1104366,291410,294157,15822,15171,172832,173080,5718,5371,86233,89346,1224103,1186430,325615,331564,44871,44121,203853,204848,11439,10947,553383,524210,439558,417734,34401,32734,38220,33655,7592,7517,2137,2104,31475,30466,468300,445535,47141,45181,54639,49535,15244,14882,4354,4204
R,1,2024,27,4439765,2248612,2191153,1575103,1511408,317090,321410,53763,48549,180120,184769,7654,7281,114882,117736,1680131,1619309,362208,369568,98635,93386,217901,223081,15602,14989,1698540,1671146,1137495,1097598,283062,289042,15470,14737,172845,177372,5559,5360,84109,87037,1214610,1177516,315811,324848,43753,43411,203449,208343,11324,10918,550072,520007,437608,413810,34028,32368,38293,33812,7275,7397,2095,1921,30773,30699,465521,441793,46397,44720,54882,49975,14452,14738,4278,4071
R,1,2024,28,4456629,2252282,2204347,1578281,1520821,318967,324982,54311,48715,180792,187324,7672,7332,112259,115173,1680785,1625992,362640,371940,99028,93670,217390,224187,15555,15121,1704220,1682213,1143650,1105492,284555,291916,15398,14559,173271,179685,5616,5455,81730,85106,1218360,1183436,316038,326531,43743,43385,202778,209597,11351,11132,548062,522134,434631,415329,34412,33066,38913,34156,7521,7639,2056,1877,30529,30067,462425,442556,46602,45409,55285,50285,14612,14590,4204,3989
R,1,2024,29,4480340,2256691,2223649,1583171,1530578,322103,335673,53958,48958,179909,186593,7688,7454,109862,114393,1683265,1635095,364130,381580,98726,94549,215476,223056,15581,15156,1715079,1704087,1153496,1117578,288203,302176,15457,14868,172500,179300,5689,5510,79734,84655,1226190,1194926,318366,336016,43641,44386,201298,209029,11464,11154,541612,519562,429675,413000,33900,33497,38501,34090,7409,7293,1999,1944,30128,29738,457075,440169,45764,45564,55085,50163,14178,14027,4117,4002
R,1,2024,30,4514911,2270762,2244149,1594006,1541793,325908,343052,54131,49460,182498,189684,7661,7320,106558,112840,1690741,1644730,366230,388020,97632,95387,217430,225318,15558,14915,1735636,1727639,1168403,1131146,292604,310113,15687,15328,175334,182264,5598,5329,78010,83459,1239278,1207498,321715,342973,43335,45331,203810,211235,11407,10924,535126,516510,425603,410647,33304,32939,38444,34132,7164,7420,2063,1991,28548,29381,451463,437232,44515,45047,54297,50056,13620,14083,4151,3991
R,1,2024,31,4614228,2317459,2296769,1630384,1580894,331699,351392,55442,50855,185546,193599,7519,7350,106869,112679,1727558,1683701,371076,394767,100488,98259,220198,228984,15383,15009,1777815,1774498,1201098,1165826,298273,317677,16331,15786,178388,186300,5616,5348,78109,83561,1272140,1242147,326451,349309,45271,47087,206575,215301,11388,10969,539644,522271,429286,415068,33426,33715,39111,35069,7158,7299,1903,2002,28760,29118,455418,441554,44625,45458,55217,51172,13623,13683,3995,4040
R,1,2024,32,4663086,2332177,2330909,1646394,1606145,332170,358019,55286,50399,186948,196995,7795,7416,103584,111935,1740359,1707898,369837,400524,99749,98329,220254,232345,15530,15091,1800670,1815461,1224139,1197775,298638,323387,16653,16266,179925,189642,5812,5528,75503,82863,1292696,1273218,325337,354030,45114,47948,207128,218472,11597,11249,531507,515448,422255,408370,33532,34632,38633,34133,7023,7353,1983,1888,28081,29072,447663,434680,44500,46494,54635,50381,13126,13873,3933,3842
R,1,2024,33,4778997,2391715,2387282,1695351,1649386,337124,364367,56502,51682,191882,202787,7761,7610,103095,111450,1788703,1750975,373435,405559,101538,100795,225654,237506,15497,15283,1852903,1868021,1267023,1238176,303414,329735,16930,16604,184734,195560,5753,5616,75049,82330,1335068,1313361,328834,359170,45693,49109,212439,223992,11484,11310,538812,519261,428328,411210,33710,34632,39572,35078,7148,7227,2008,1994,28046,29120,453635,437614,44601,46389,55845,51686,13215,13514,4013,3973
R,1,2024,34,4690388,2343814,2346574,1663254,1620441,330173,358221,54391,50112,188916,202896,7616,7187,99464,107717,1753610,1718262,364468,397295,98443,98598,221139,236376,15048,14570,1830358,1846139,1254838,1223239,298044,325044,16564,16451,182211,196005,5755,5381,72946,80019,1321095,1295893,322072,353061,45240,49040,208811,223575,11377,11056,513456,500435,408416,397202,32129,33177,37827,33661,6705,6891,1861,1806,26518,27698,432515,422369,42396,44234,53203,49558,12328,12801,3671,3514
R,1,2024,35,4600206,2291226,2308980,1634302,1601898,313818,344552,53158,49870,187960,202534,7257,7174,94731,102952,1720097,1695366,345795,381257,95525,96992,218901,234579,14423,14178,1791161,1819996,1235620,1213353,283536,312503,16201,16246,181225,195857,5423,5367,69156,76670,1298206,1283046,305823,338481,43440,48110,206819,222371,10891,10703,500065,488984,398682,388545,30282,32049,36957,33624,6735,6677,1834,1807,25575,26282,421891,412320,39972,42776,52085,48882,12082,12208,3532,3475
R,1,2024,36,4513854,2248930,2264924,1615093,1579406,302910,333435,52019,48193,180500,196226,7185,6954,91223,100710,1697721,1671035,333334,368767,93703,95219,209789,227003,14182,13905,1760476,1786881,1224765,1198929,273490,302774,15723,15432,174008,189723,5357,5173,67133,74850,1285496,1267103,294840,327858,42958,47217,198358,215218,10738,10402,488454,478043,390328,380477,29420,30661,36296,32761,6492,6503,1828,1781,24090,25860,412225,403932,38494,40909,50745,48002,11431,11785,3444,3503
R,1,2024,37,4495431,2237483,2257948,1614002,1582996,298193,328967,51513,48466,177627,193077,7172,6873,88976,97569,1694582,1671478,326930,362727,93183,95425,206351,222631,14026,13423,1753156,1783257,1226738,1204913,269184,298758,15393,15324,171334,186696,5391,5064,65116,72502,1285665,1270641,289034,322640,42506,47176,195150,211203,10640,10065,484327,474691,387264,378083,29009,30209,36120,33142,6293,6381,1781,1809,23860,25067,408917,400837,37896,40087,50677,48249,11201,11428,3386,3358
R,1,2024,38,4538031,2259925,2278106,1636667,1603167,298303,328519,52261,48590,177381,194498,7050,6891,88263,96441,1716530,1690848,326623,360739,94453,95814,205372,223366,13795,13663,1771801,1803186,1246028,1223482,269620,299204,15147,15666,171116,188106,5326,5199,64564,71529,1304435,1288539,288972,321617,42912,48048,194346,212006,10395,10328,488124,474920,390639,379685,28683,29315,37114,32924,6265,6392,1724,1692,23699,24912,412095,402309,37651,39122,51541,47766,11026,11360,3400,3335
R,1,2024,39,4440810,2206274,2234536,1601530,1574305,286768,319615,50901,48171,175840,193196,6827,6698,84408,92551,1677854,1658043,312785,350165,91917,94609,202623,220653,13472,13212,1734840,1769158,1223650,1201933,259914,291234,14835,15283,169598,187108,5114,4996,61729,68604,1279407,1264052,277790,312419,41811,47046,191807,209788,10212,9993,471434,465378,377880,372372,26854,28381,36066,32888,6242,6088,1713,1702,22679,23947,398447,393991,34995,37746,50106,47563,10816,10865,3260,3219
R,1,2024,40,4384515,2174428,2210087,1582201,1558975,281766,315139,50429,47484,171457,190597,6635,6689,81940,91203,1656075,1641477,307079,344493,91091,94540,197006,217127,13052,13158,1710475,1748698,1210026,1188785,255077,287517,14767,14967,165706,184712,4984,5000,59915,67717,1263928,1249983,272390,308028,41686,47454,186800,206600,9888,9944,463953,461389,372175,370190,26689,27622,35662,32517,5751,5885,1651,1689,22025,23486,392147,391494,34689,36465,49405,47086,10206,10527,3164,3214
R,1,2024,41,4438351,2195623,2242728,1600656,1585905,285120,318645,51345,48750,170115,191076,6434,6665,81953,91687,1674773,1668785,310118,348024,92969,96985,194831,217144,12895,13032,1726471,1771864,1223626,1207391,258377,290766,15094,15432,164415,185078,4784,4965,60175,68232,1277951,1269039,275651,311296,42834,48954,184949,206584,9771,9844,469152,470864,377030,378514,26743,27879,36251,33318,5700,5998,1650,1700,21778,23455,396822,399746,34467,36728,50135,48031,9882,10560,3124,3188
R,1,2024,42,4327379,2136098,2191281,1564020,1554095,276449,311920,49365,46964,161345,183808,6333,6333,78586,88161,1634806,1633733,300213,340325,89933,93785,184747,208486,12335,12560,1685625,1734458,1202035,1186594,251030,284963,14282,14669,155828,178035,4694,4650,57756,65547,1253941,1245885,267528,304827,41489,47150,175226,198356,9310,9367,450473,456823,361985,367501,25419,26957,35083,32295,5517,5773,1639,1683,20830,22614,380865,387848,32685,35498,48444,46635,9521,10130,3025,3193
R,1,2024,43,4405405,2178496,2226909,1595097,1578502,287782,322855,51114,48403,159033,182331,6557,6469,78913,88349,1666173,1658274,311748,350890,92066,96227,182283,206541,12719,12557,1712406,1759028,1219360,1201359,262203,295436,14956,15171,153284,176436,4804,4832,57799,65794,1271297,1260710,278696,315177,42397,48626,172457,196374,9566,9446,466090,467881,375737,377143,25579,27419,36158,33232,5749,5895,1753,1637,21114,22555,394876,397564,33052,35713,49669,47601,9826,10167,3153,3111
R,1,2024,44,4228597,2087765,2140832,1530532,1518289,275326,310389,48362,46312,152421,175551,6093,6162,75031,84129,1598207,1594068,297740,337421,88182,91892,173847,198384,11769,12019,1647290,1694254,1174770,1158284,251426,284228,14134,14548,147149,170120,4578,4549,55233,62525,1224487,1214606,266820,302915,41124,46499,164973,188933,9009,9023,440475,446578,355762,360005,23900,26161,34228,31764,5272,5431,1515,1613,19798,21604,373720,379462,30920,34506,47058,45393,8874,9451,2760,2996
R,1,2024,45,4063700,2000812,2062888,1469143,1466041,262763,296077,46113,44794,146174,170354,5848,5751,70771,79871,1532854,1538044,283709,321238,84064,88467,166469,192008,11017,11179,1577311,1630561,1126215,1116885,240104,271275,13417,13821,141100,164816,4376,4199,52099,59565,1173042,1170536,254589,288825,39207,44549,157852,182694,8334,8372,423501,432327,342928,349156,22659,24802,32696,30973,5074,5538,1472,1552,18672,20306,359812,367508,29120,32413,44857,43918,8617,9314,2683,2807
R,1,2024,46,4035816,1983738,2052078,1464766,1466265,255922,290762,45886,44844,141994,165984,5568,5890,69602,78333,1527576,1536858,276360,315144,84015,88215,161527,187182,10666,11179,1565280,1620711,1124496,1116265,234518,266499,13635,14351,137076,160803,4173,4304,51382,58489,1170773,1168933,248462,283547,39654,44896,153429,178314,8092,8402,418458,431367,340270,350000,21404,24263,32251,30493,4918,5181,1395,1586,18220,19844,356803,367925,27898,31597,44361,43319,8098,8868,2574,2777
R,1,2024,47,3896917,1914604,1982313,1410767,1414521,244768,279018,44121,42498,142797,165741,5451,5377,66700,75158,1470759,1482191,263630,302012,80756,84875,161691,185848,10534,10373,1508984,1561538,1079990,1071303,224116,256066,13239,13472,138112,160636,4080,3978,49447,56083,1124349,1121689,237066,272068,38361,43332,153960,177304,8001,7835,405620,420775,330777,343218,20652,22952,30882,29026,4685,5105,1371,1399,17253,19075,346410,360502,26564,29944,42395,41543,7731,8544,2533,2538
R,1,2024,48,3874963,1904024,1970939,1402602,1406252,244112,277253,43291,42085,144567,167819,5153,5392,64299,72138,1460506,1471147,262438,299029,79441,82846,162004,187051,9658,10187,1504794,1557281,1076470,1067320,223870,255355,13003,13568,139925,162820,3907,4033,47619,54185,1119258,1116044,236462,270618,38052,42484,154401,178837,7410,7739,399230,413658,326132,338932,20242,21898,30288,28517,4642,4999,1246,1359,16680,17953,341248,355103,25976,28411,41389,40362,7603,8214,2248,2448
R,1,2024,49,3870578,1901958,1968620,1407826,1413808,240757,272668,42315,41405,143437,164655,5020,5143,62603,70941,1464134,1477732,258259,293564,77685,82176,160410,183395,9533,9591,1512111,1561734,1088122,1079617,221488,251594,13048,13411,138932,159910,3816,3803,46705,53399,1130062,1127588,233797,266317,37665,42558,153112,175562,7277,7234,389847,406886,319704,334191,19269,21074,29267,27994,4505,4745,1204,1340,15898,17542,334072,350144,24462,27247,40020,39618,7298,7833,2256,2357
R,1,2024,50,3798664,1861645,1937019,1375704,1387938,237341,269832,40275,39987,142819,165721,4867,5155,60639,68386,1430223,1449338,254055,289925,74745,79165,159395,183951,9125,9631,1489986,1545880,1070167,1065780,219255,249784,12527,13425,138615,161089,3707,3802,45715,52000,1111078,1112403,230919,264001,37012,41833,152580,176352,7065,7278,371659,391139,305537,322158,18086,20048,27748,26562,4204,4632,1160,1353,14924,16386,319145,336935,23136,25924,37733,37332,6815,7599,2060,2353
R,1,2024,51,3949459,1931789,2017670,1429993,1449086,248444,283382,41757,40467,144852,169845,4906,5144,61837,69746,1485656,1511739,264985,303664,77567,81026,161421,187912,9266,9720,1555749,1621401,1120482,1121966,230449,263009,13393,13796,140593,165225,3723,3829,47109,53576,1162737,1169941,242210,277580,39192,43571,154575,180496,7178,7449,376040,396269,309511,327120,17995,20373,28364,26671,4259,4620,1183,1315,14728,16170,322919,341798,22775,26084,38375,37455,6846,7416,2088,2271
R,1,2024,52,4109891,2011360,2098531,1514139,1531608,251077,287368,39806,40169,139253,162897,4954,4898,62131,71591,1570011,1596231,267581,307536,76385,82921,155367,180613,9322,9420,1646616,1712607,1212413,1212760,233701,267975,13568,14215,135037,158366,3724,3710,48173,55581,1255647,1262800,245654,282602,40548,46259,148790,173346,7230,7281,364744,385924,301726,318848,17376,19393,26238,25954,4216,4531,1230,1188,13958,16010,314364,333431,21927,24934,35837,36662,6577,7267,2092,2139
R,1,2024,53,4313031,2113556,2199475,1598266,1617082,263687,299379,40969,40308,141062,164731,4946,5074,64626,72901,1656535,1682680,280743,319837,79866,84526,156879,182240,9423,9818,1742754,1814191,1291738,1298225,245920,279811,14047,14740,136884,160267,3774,3881,50391,57267,1337094,1349595,258350,294975,43114,48466,150351,175020,7373,7689,370802,385284,306528,318857,17767,19568,26922,25568,4178,4464,1172,1193,14235,15634,319441,333085,22393,24862,36752,36060,6528,7220,2050,2129
R,1,2024,54,4137366,2022170,2115196,1540554,1565811,245800,281270,38091,38474,133267,156399,4716,4901,59742,68341,1594484,1627388,261165,300114,74339,80380,147969,172613,9041,9355,1670101,1745804,1248143,1259491,229261,262918,13205,14123,129398,152186,3639,3781,46455,53305,1289946,1307420,240358,276685,40310,45869,141917,165811,7138,7369,352069,369392,292411,306320,16539,18352,24886,24351,3869,4213,1077,1120,13287,15036,304538,319968,20807,23429,34029,34511,6052,6802,1903,1986
R,1,2024,55,4016987,1962267,2054720,1492495,1520450,240905,274447,37744,36787,130557,153723,4361,4802,56205,64511,1543127,1578497,255361,292136,72131,76876,144104,168545,8313,8954,1623761,1701918,1211361,1227170,225013,256951,13192,13914,127002,149735,3355,3659,43838,50489,1250769,1272485,235480,269759,39182,44655,138452,162246,6532,6989,338506,352802,281134,293280,15892,17496,24552,22873,3555,3988,1006,1143,12367,14022,292358,306012,19881,22377,32949,32221,5652,6299,1781,1965
R,1,2024,56,3946843,1921342,2025501,1472744,1507908,236475,274471,35388,35791,118505,140733,4418,4554,53812,62044,1521363,1563767,250039,291737,68935,74733,130923,154384,8114,8618,1598122,1685227,1203425,1224675,221474,257414,12848,13830,115005,136940,3421,3526,41949,48842,1241195,1268569,231271,270093,38224,43940,125513,148303,6446,6783,323220,340274,269319,283233,15001,17057,22540,21961,3500,3793,997,1028,11863,13202,280168,295198,18768,21644,30711,30793,5410,6081,1668,1835
R,1,2024,57,3980187,1933576,2046611,1487650,1531489,238817,278911,34758,35050,115343,135059,4484,4591,52524,61511,1534817,1586784,252381,295781,67747,74147,127247,148184,8172,8559,1615844,1714151,1221733,1253917,224344,262421,13034,14146,112037,131457,3460,3557,41236,48653,1258681,1297577,234177,274885,38250,44551,122078,142495,6474,6745,317732,332460,265917,277572,14473,16490,21724,20904,3306,3602,1024,1034,11288,12858,276136,289207,18204,20896,29497,29596,5169,5689,1698,1814
R,1,2024,58,4120014,1999017,2120997,1539803,1589063,248425,289669,35531,36163,117073,138966,4420,4734,53765,62402,1588023,1645046,262034,306717,69782,75949,128939,152390,8250,8750,1682425,1788600,1275247,1311772,233444,273140,13855,14999,113836,135372,3457,3676,42586,49641,1313323,1356217,243471,285749,40365,46155,123920,146668,6606,6945,316592,332397,264556,277291,14981,16529,21676,21164,3237,3594,963,1058,11179,12761,274700,288829,18563,20968,29417,29794,5019,5722,1644,1805
R,1,2024,59,4287506,2070122,2217384,1611301,1681219,250222,294812,34815,35399,115880,137819,4123,4653,53781,63482,1659788,1738355,263221,311688,69817,77001,127363,150673,7794,8604,1766513,1892906,1356513,1408894,236496,278863,14151,15542,112790,134469,3230,3662,43333,51476,1395504,1455146,246209,291675,41897,48958,122572,145395,6245,6927,303609,324478,254788,272325,13726,15949,20664,19857,3090,3350,893,991,10448,12006,264284,283209,17012,20013,27920,28043,4791,5278,1549,1677
R,1,2024,60,4291291,2069543,2221748,1615819,1692489,244771,287875,33704,34407,117770,139973,4030,4495,53449,62509,1663971,1748708,257565,304094,68947,75427,129003,152740,7558,8484,1778073,1908795,1371058,1429848,231388,272553,14304,15384,114887,136701,3208,3514,43228,50795,1409880,1475451,241047,284923,42335,48395,124519,147587,6126,6806,291470,312953,244761,262641,13383,15322,19400,19023,2883,3272,822,981,10221,11714,254091,273257,16518,19171,26612,27032,4484,5153,1432,1678
R,1,2024,61,4288033,2063172,2224861,1619856,1705791,240941,285997,32528,33561,114514,133731,4059,4517,51274,61264,1666084,1760956,253104,301831,66217,74272,125362,145949,7547,8288,1784222,1923058,1384884,1451476,228494,271747,13973,15423,111648,130565,3239,3621,41984,50226,1422660,1496613,237698,283945,41175,48557,121042,140987,6193,6724,278950,301803,234972,254315,12447,14250,18555,18138,2866,3166,820,896,9290,11038,243424,264343,15406,17886,25042,25715,4320,4962,1354,1564
R,1,2024,62,4250867,2040657,2210210,1622540,1715544,232102,278005,30716,32280,100794,120703,3961,4175,50544,59503,1668102,1769125,243917,293341,64394,72202,111309,132254,7184,7806,1780487,1927040,1403283,1476751,220522,264804,13770,15339,98293,117841,3185,3329,41434,48976,1440526,1520748,229562,276613,40967,47993,107438,127758,5914,6317,260170,283170,219257,238793,11580,13201,16946,16941,2501,2862,776,846,9110,10527,227576,248377,14355,16728,23427,24209,3871,4496,1270,1489
R,1,2024,63,4301379,2057764,2243615,1631518,1736769,237196,283392,30600,32477,104818,127534,3810,4257,49822,59186,1676541,1789938,249066,298495,63714,72177,114992,139076,7070,7885,1799173,1960303,1413329,1497561,225620,270436,13667,15423,102337,124641,3088,3424,41132,48818,1450418,1541372,234759,282128,40683,47906,111221,134546,5789,6406,258591,283312,218189,239208,11576,12956,16933,17054,2481,2893,722,833,8690,10368,226123,248566,14307,16367,23031,24271,3771,4530,1281,1479
R,1,2024,64,4168858,1987037,2181821,1585517,1698191,223897,272536,28483,30582,98798,121044,3518,3875,46824,55593,1627634,1748223,234639,286797,59720,67892,108683,131821,6567,7211,1750575,1919177,1385882,1476742,213356,260194,13101,14669,96477,118376,2869,3158,38890,46038,1420777,1518044,221709,271353,38673,45391,105118,127675,5429,5928,236462,262644,199635,221449,10541,12342,15382,15913,2321,2668,649,717,7934,9555,206857,230179,12930,15444,21047,22501,3565,4146,1138,1283
R,1,2024,65,4094486,1944925,2149561,1553920,1675184,218246,266245,26512,29179,98173,121420,3380,3719,44694,53814,1594193,1723589,228640,280030,56693,65500,107164,131707,6143,6862,1723507,1900485,1367051,1464596,208066,254810,12535,14391,96004,118869,2754,3057,37097,44762,1400383,1504754,216158,265663,37269,44438,103916,127739,5090,5637,221418,249076,186869,210588,10180,11435,13977,14788,2169,2551,626,662,7597,9052,193810,218835,12482,14367,19424,21062,3248,3968,1053,1225
R,1,2024,66,4072219,1925922,2146297,1546896,1683327,210485,260341,25864,27983,96227,119201,3207,3513,43243,51932,1585768,1730061,220460,273351,55014,63753,105052,128721,5943,6505,1713687,1904361,1366938,1477818,201234,249471,12369,13939,94267,116879,2663,2842,36216,43412,1399385,1516776,209101,259749,36524,43711,102044,125158,5000,5360,212235,241936,179958,205509,9251,10870,13495,14044,1960,2322,544,671,7027,8520,186383,213285,11359,13602,18490,20042,3008,3563,943,1145
R,1,2024,67,3941166,1855498,2085668,1494631,1636995,200238,252416,24204,26449,92666,117174,3022,3388,40737,49246,1531433,1681273,209650,265006,51739,60146,100806,126306,5595,6242,1656546,1856498,1325922,1442255,191513,241911,11646,13419,90780,114864,2504,2807,34181,41242,1356740,1479239,198916,251919,34510,41479,97963,122776,4669,5227,198952,229170,168709,194740,8725,10505,12558,13030,1886,2310,518,581,6556,8004,174693,202034,10734,13087,17229,18667,2843,3530,926,1015
R,1,2024,68,3803388,1785778,2017610,1443582,1589797,187900,238459,22883,25082,90213,114937,2827,3247,38373,46088,1478165,1631114,196690,250196,48829,56593,97864,123538,5277,5979,1597367,1798471,1283796,1403213,179434,228563,11086,12664,88430,112785,2342,2624,32279,38622,1312809,1437713,186350,237854,32721,38932,95176,120310,4436,4958,188411,219139,159786,186584,8466,9896,11797,12418,1783,2152,485,623,6094,7466,165356,193401,10340,12342,16108,17661,2688,3228,841,1021
R,1,2024,69,3711575,1734728,1976847,1408963,1566494,179116,229457,21222,23764,87253,110062,2744,3159,35430,43911,1440809,1605762,187377,240590,45228,53923,94245,118225,5018,5879,1559410,1769112,1259885,1389304,171391,220187,10506,12201,85643,108066,2275,2614,29710,36740,1286521,1422027,177877,228925,30412,37331,91839,115174,4230,4925,175318,207735,149078,177190,7725,9270,10716,11563,1610,1996,469,545,5720,7171,154288,183735,9500,11665,14816,16592,2406,3051,788,954
R,1,2024,70,3503900,1629271,1874629,1334759,1497087,161339,211648,19106,21385,79289,101226,2382,2792,32396,40491,1363953,1533466,168808,222003,41349,49099,85533,108568,4429,5199,1470374,1684023,1199131,1333877,154397,203182,9627,11266,77850,99429,1972,2314,27397,33955,1223793,1364277,160280,211369,28281,34429,83412,105838,3733,4397,158897,190606,135628,163210,6942,8466,9479,10119,1439,1797,410,478,4999,6536,140160,169189,8528,10634,13068,14670,2121,2730,696,802
R,1,2024,71,3409624,1578908,1830716,1299300,1466440,151664,203238,17675,20318,78169,100273,2309,2695,29791,37752,1326043,1500316,158700,212868,37968,46287,84006,107021,4239,5028,1430859,1649757,1172547,1310903,145097,195303,9065,10880,76881,98605,1961,2239,25308,31827,1195181,1339350,150730,203007,26211,32703,82060,104515,3618,4244,148049,180959,126753,155537,6567,7935,8610,9438,1288,1668,348,456,4483,5925,130862,160966,7970,9861,11757,13584,1946,2506,621,784
R,1,2024,72,3210095,1480707,1729388,1228030,1394731,139007,189552,15949,18551,67689,88861,2012,2411,28020,35282,1253235,1426418,145479,198659,35430,43224,72895,94771,3790,4472,1344298,1562658,1110623,1251247,133243,182272,8390,9960,66511,87400,1716,1986,23815,29793,1131949,1277891,138455,189484,24796,30871,71149,92544,3253,3762,136409,166730,117407,143484,5764,7280,7559,8591,1178,1461,296,425,4205,5489,121286,148527,7024,9175,10634,12353,1746,2227,537,710
R,1,2024,73,3055937,1402020,1653917,1155361,1324460,133773,184074,15179,17839,69444,92245,1974,2310,26289,32989,1178998,1353991,140024,192799,33206,40605,74299,98011,3636,4327,1271333,1490222,1042924,1183384,128103,176973,7978,9463,68305,90804,1677,1938,22346,27660,1062924,1208052,133099,183881,23239,28531,72611,95786,3135,3665,130687,163695,112437,141076,5670,7101,7201,8376,1139,1441,297,372,3943,5329,116074,145939,6925,8918,9967,12074,1688,2225,501,662
R,1,2024,74,2931393,1339367,1592026,1112751,1285339,121193,170580,13990,16160,65606,86964,1784,2063,24043,30920,1134434,1312995,126722,178627,30658,37690,69991,92133,3398,3982,1220515,1441685,1010177,1155217,116253,164160,7460,8803,64540,85581,1521,1725,20564,26199,1028661,1178549,120697,170661,21653,27054,68446,90110,2943,3389,118852,150341,102574,130122,4940,6420,6530,7357,1066,1383,263,338,3479,4721,105773,134446,6025,7966,9005,10636,1545,2023,455,593
R,1,2024,75,2840540,1293103,1547437,1081605,1260038,112651,159270,12881,15110,61604,81426,1690,2009,22672,29584,1101959,1286508,117915,167117,28695,35569,65747,86394,3184,3825,1183599,1406399,986723,1137815,108187,153398,7159,8360,60620,80095,1416,1699,19494,25032,1004170,1160133,112482,159685,20669,25675,64332,84408,2745,3273,109504,141038,94882,122223,4464,5872,5722,6750,984,1331,274,310,3178,4552,97789,126375,5433,7432,8026,9894,1415,1986,439,552
R,1,2024,76,2841582,1290267,1551315,1097914,1286837,100919,145293,12064,14088,55993,74407,1557,1797,21820,28893,1117676,1312843,105839,152679,27404,34528,59790,79015,2941,3473,1187423,1418312,1008551,1171133,96917,139706,6666,7864,55126,73295,1336,1523,18827,24791,1025580,1193375,100921,145738,19858,25386,58507,77359,2585,3024,102844,133003,89363,115704,4002,5587,5398,6224,867,1112,221,274,2993,4102,92096,119468,4918,6941,7546,9142,1283,1656,356,449
R,1,2024,77,2469453,1115153,1354300,949598,1124574,85007,124637,10371,12496,49873,66448,1360,1547,18944,24598,966794,1146762,89225,130859,23610,29585,53146,70512,2607,3123,1024540,1234348,870760,1020213,81419,119613,5800,7038,49151,65370,1151,1299,16259,20815,885514,1038920,84810,124584,17130,21539,52057,68909,2256,2669,90613,119952,78838,104361,3588,5024,4571,5458,722,1078,209,248,2685,3783,81280,107842,4415,6275,6480,8046,1089,1603,351,454
R,1,2024,78,1991690,889433,1102257,749651,905307,72142,108367,8519,10802,43190,56633,1144,1499,14787,19649,762946,922861,75555,113563,18628,24237,45961,60014,2251,2839,809371,993910,679715,810787,69007,103862,4624,5804,42483,55662,973,1243,12569,16552,690961,825494,71712,108029,13188,17111,44910,58623,1949,2412,80062,108347,69936,94520,3135,4505,3895,4998,707,971,171,256,2218,3097,71985,97367,3843,5534,5440,7126,1051,1391,302,427
R,1,2024,79,1900318,839627,1060691,712532,876364,65019,101133,7744,9979,39450,53141,1022,1298,13860,18776,725026,893075,68380,106355,17163,22772,41998,56256,2030,2624,768765,961860,650502,789849,62235,97222,4281,5431,38940,52301,881,1090,11926,15967,661223,804006,64955,101438,12372,16322,41208,55028,1779,2256,70862,98831,62030,86515,2784,3911,3463,4548,510,840,141,208,1934,2809,63803,89069,3425,4917,4791,6450,790,1228,251,368
R,1,2024,80,1862291,816011,1046280,699372,876668,60119,94763,7090,9299,35688,46483,890,1160,12852,17907,710979,892717,63096,99576,16095,21676,37885,49340,1852,2379,750902,953855,642211,795720,57634,91053,4044,5151,35143,45744,767,972,11103,15215,652224,809288,60045,94949,11829,15707,37106,48212,1607,2047,65109,92425,57161,80948,2485,3710,3046,4148,545,739,123,188,1749,2692,58755,83429,3051,4627,4266,5969,779,1128,245,332
R,1,2024,81,1726848,749157,977691,642115,819078,54574,88047,6278,8421,33935,45102,779,1080,11476,15963,652448,833369,57310,92410,14128,19450,36018,47657,1590,2124,690676,891847,590679,743833,52271,84558,3644,4617,33492,44400,656,894,9934,13545,599599,755900,54525,88086,10438,14010,35342,46620,1366,1822,58481,85844,51436,75245,2303,3489,2634,3804,443,702,123,186,1542,2418,52849,77469,2785,4324,3690,5440,676,1037,224,302
R,1,2024,82,1445335,618137,827198,527543,690008,45560,75825,5471,7278,29115,39355,713,935,9735,13797,536300,702313,47963,79561,12052,16823,30915,41648,1405,1832,567131,753355,482694,624923,43618,73020,3148,4102,28736,38757,614,778,8321,11775,490172,635389,45537,76036,8772,12274,30332,40742,1212,1567,51006,73843,44849,65085,1942,2805,2323,3176,379,598,99,157,1414,2022,46128,66924,2426,3525,3280,4549,583,906,193,265
R,1,2024,83,1296211,544582,751629,462167,624374,40431,69947,4896,6815,27751,37369,653,833,8684,12291,469968,635297,42572,73448,10755,15102,29424,39456,1249,1681,497478,680480,420662,561757,38611,67137,2819,3746,27388,36799,549,685,7449,10356,427338,570901,40336,69937,7796,10736,28883,38629,1070,1427,47104,71149,41505,62617,1820,2810,2077,3069,363,570,104,148,1235,1935,42630,64396,2236,3511,2959,4366,541,827,179,254
R,1,2024,84,1140802,472600,668202,401567,555833,34809,61847,4124,5934,24240,32826,502,787,7358,10975,408151,565554,36605,64903,9061,13355,25653,34684,1046,1577,431549,604956,365372,499969,33172,59298,2341,3324,23918,32311,406,648,6340,9406,371026,508254,34643,61782,6576,9725,25194,33942,897,1343,41051,63246,36195,55864,1637,2549,1783,2610,322,515,96,139,1018,1569,37125,57300,1962,3121,2485,3630,459,742,149,234
R,1,2024,85,1054207,431146,623061,368006,521425,30644,55826,3791,5614,21624,29657,443,649,6638,9890,373961,530224,32236,58674,8265,12208,22926,31297,916,1305,394484,564964,335556,470187,29277,53526,2205,3147,21350,29227,362,525,5734,8352,340693,477558,30544,55850,6078,8709,22503,30662,782,1108,36662,58097,32450,51238,1367,2300,1586,2467,274,430,81,124,904,1538,33268,52666,1692,2824,2187,3499,423,635,134,197
R,1,2024,86,916497,369074,547423,314417,456916,26381,49618,3119,4715,18967,26962,407,595,5783,8617,319662,464565,27899,52121,6953,10378,20037,28507,804,1216,337549,496838,286400,412168,25231,47596,1831,2677,18721,26572,350,490,5016,7335,290943,418632,26463,49635,5160,7525,19689,27924,697,1041,31525,50585,28017,44748,1150,2022,1288,2038,246,390,57,105,767,1282,28719,45933,1436,2486,1793,2853,348,583,107,175
R,1,2024,87,803671,317447,486224,270982,407622,21965,42946,2678,4187,16481,23518,309,533,5032,7418,275483,414118,23258,45175,5927,8972,17520,24913,720,1084,289943,440355,246491,366967,20970,41165,1567,2341,16290,23174,262,444,4363,6264,250372,372414,22023,43009,4361,6347,17231,24400,639,923,27504,45869,24491,40655,995,1781,1111,1846,191,344,47,89,669,1154,25111,41704,1235,2166,1566,2625,289,513,81,161
R,1,2024,88,707009,273822,433187,233596,362013,19284,38617,2319,3788,14138,21517,279,445,4206,6807,237367,368052,20392,40578,4987,8181,14991,22777,605,935,250120,392702,212560,326168,18387,37087,1351,2098,13971,21160,231,368,3620,5821,215792,331306,19308,38686,3631,5882,14740,22270,523,800,23702,40485,21036,35845,897,1530,968,1690,167,357,48,77,586,986,21575,36746,1084,1892,1356,2299,251,507,82,135
R,1,2024,89,614897,233384,381513,199808,320454,16014,33467,1938,3247,11846,18068,276,384,3502,5893,202947,325629,16949,35167,4123,7090,12593,19203,545,820,213301,346594,181840,289475,15287,32141,1154,1817,11708,17794,231,321,3081,5046,184589,293882,16072,33534,3059,5104,12389,18813,470,716,20083,34919,17968,30979,727,1326,784,1430,138,274,45,63,421,847,18358,31747,877,1633,1064,1986,204,390,75,104
R,1,2024,90,505562,188352,317210,161222,265591,12725,27750,1567,2592,9746,16098,206,313,2886,4866,163820,269809,13423,29169,3424,5697,10388,17077,427,727,172234,288092,146885,239663,12162,26598,919,1503,9616,15864,169,270,2483,4194,149108,243284,12737,27762,2493,4176,10201,16742,365,640,16118,29118,14337,25928,563,1152,648,1089,130,234,37,43,403,672,14712,26525,686,1407,931,1521,187,335,62,87
R,1,2024,91,453529,164489,289040,140760,242603,11218,25098,1343,2442,8405,14322,156,334,2607,4241,143087,246328,11908,26361,2931,5139,8990,15145,380,672,150683,263266,128444,219637,10719,24092,775,1455,8302,14108,142,282,2301,3692,130499,222869,11296,25158,2178,3811,8828,14837,345,586,13806,25774,12316,22966,499,1006,568,987,103,214,14,52,306,549,12588,23459,612,1203,753,1328,162,308,35,86
R,1,2024,92,369564,130608,238956,113332,203125,7720,18779,1013,1874,6413,11366,126,259,2004,3553,115114,206184,8282,19852,2221,4135,6875,12074,303,588,119653,218335,103511,184664,7374,18045,588,1107,6345,11222,103,215,1732,3082,105046,187301,7871,18930,1601,3073,6758,11857,255,507,10955,20621,9821,18461,346,734,425,767,68,144,23,44,272,471,10068,18883,411,922,620,1062,117,217,48,81
R,1,2024,93,323727,111175,212552,95528,179653,6963,16997,920,1661,5988,10782,120,218,1656,3241,97011,182455,7419,17952,1905,3723,6381,11438,263,490,101674,193469,87055,162636,6621,16265,537,949,5904,10663,101,184,1456,2772,88360,165001,6999,17053,1402,2699,6256,11259,230,430,9501,19083,8473,17017,342,732,383,712,84,119,19,34,200,469,8651,17454,420,899,503,1024,125,179,33,60
R,1,2024,94,251347,83049,168298,71331,142227,5197,13762,671,1220,4454,8461,81,180,1315,2448,72480,144341,5569,14527,1466,2730,4764,8961,225,403,76053,153957,65068,129442,4982,13192,404,728,4403,8319,68,159,1128,2117,66051,131249,5279,13841,1077,2022,4686,8765,193,364,6996,14341,6263,12785,215,570,267,492,51,142,13,21,187,331,6429,13092,290,686,389,708,78,196,32,39
R,1,2024,95,202752,64993,137759,55960,116626,4026,10931,543,1022,3396,6970,66,139,1002,2071,56837,118389,4334,11596,1155,2286,3632,7403,143,345,59477,126314,51023,106491,3835,10452,317,608,3360,6867,59,114,883,1782,51794,107993,4096,11016,857,1691,3577,7250,128,291,5516,11445,4937,10135,191,479,226,414,36,103,7,25,119,289,5043,10396,238,580,298,595,55,153,15,54
R,1,2024,96,157598,48313,109285,41378,92455,3056,8764,396,846,2604,5544,53,105,826,1571,42099,93787,3306,9227,868,1856,2791,5877,125,262,44402,100587,37885,84689,2928,8418,238,508,2583,5471,44,90,724,1411,38516,85884,3135,8811,647,1421,2758,5773,106,236,3911,8698,3493,7766,128,346,158,338,21,73,9,15,102,160,3583,7903,171,416,221,435,33,104,19,26
R,1,2024,97,114979,33840,81139,28890,68418,2165,6502,259,606,1906,4282,26,104,594,1227,29424,69471,2317,6908,603,1323,2060,4538,92,239,31038,74676,26374,62647,2066,6243,166,395,1882,4225,21,94,529,1072,26851,63554,2194,6595,475,1005,2023,4461,75,218,2802,6463,2516,5771,99,259,93,211,24,57,5,10,65,155,2573,5917,123,313,128,318,37,77,17,21
R,1,2024,98,85305,24363,60942,20441,51122,1684,4958,205,443,1536,3345,37,63,460,1011,20818,51960,1820,5314,468,1055,1665,3550,100,168,22380,56187,18676,46884,1621,4757,138,300,1517,3307,31,52,397,887,18998,47617,1734,5060,356,836,1635,3481,88,139,1983,4755,1765,4238,63,201,67,143,19,38,6,11,63,124,1820,4343,86,254,112,219,30,69,12,29
R,1,2024,99,61501,16655,44846,14008,37650,1107,3659,162,375,1094,2399,14,52,270,711,14233,38217,1187,3909,320,789,1166,2567,49,139,15360,41509,12864,34695,1059,3512,103,245,1084,2376,13,46,237,635,13064,35201,1127,3728,240,613,1149,2526,42,123,1295,3337,1144,2955,48,147,59,130,10,23,1,6,33,76,1169,3016,60,181,80,176,17,41,7,16
R,1,2024,100,103376,25843,77533,20397,62476,2157,7379,347,723,2210,5317,70,127,662,1511,20936,63682,2432,7948,672,1559,2410,5693,177,335,23311,71555,18213,57226,2061,7086,233,524,2175,5266,53,110,576,1343,18686,58294,2299,7586,510,1262,2349,5599,142,286,2532,5978,2184,5250,96,293,114,199,35,51,17,17,86,168,2250,5388,133,362,162,297,61,94,35,49
R,2,2024,999,338657924,166188907,172469017,121712721,124664254,21790994,23870145,3462869,3371076,10898652,11908831,463272,464141,7860399,8190570,128935490,132176653,24832368,27084073,6724963,6880838,13352545,14370242,981163,981282,132372850,138427595,94920671,97602388,19739722,21774861,1150313,1186169,10444730,11447458,342028,341835,5775386,6074884,100232895,103179159,21911880,24095650,3345425,3607900,12388305,13397658,716612,716269,33816057,34041422,26792050,27061866,2051272,2095284,2312556,2184907,453922,461373,121244,122306,2085013,2115686,28702595,28997494,2920488,2988423,3379538,3272938,964240,972584,264551,265013
R,2,2024,0,3606889,1844659,1762230,1200237,1145213,293260,283891,46946,44736,114133,107007,6833,6662,183250,174721,1371859,1308580,382289,369492,98172,93665,178635,168085,17395,16691,1301976,1241709,812227,772456,246446,238943,11563,11244,103511,96797,4622,4439,123607,117830,928625,883280,306132,296576,40142,38354,150316,141088,11133,10466,542683,520521,388010,372757,46814,44948,35383,33492,10622,10210,2211,2223,59643,56891,443234,425300,76157,72916,58030,55311,28319,26997,6262,6225
R,2,2024,1,3711950,1895438,1816512,1231330,1177055,304383,295019,47370,45919,119726,113160,7203,6929,185426,178430,1404976,1343865,394386,382316,98948,95712,185224,175774,17861,17149,1346772,1286904,837106,797072,257616,249870,12085,11607,108963,102907,4764,4475,126238,120973,955947,910815,318436,308882,41180,39345,156989,148633,11416,10675,548666,529608,394224,379983,46767,45149,35285,34312,10763,10253,2439,2454,59188,57457,449029,433050,75950,73434,57768,56367,28235,27141,6445,6474
R,2,2024,2,3752064,1916490,1835574,1247866,1190868,308269,300395,45113,43249,121317,115199,6900,6625,187025,179238,1423010,1358424,399025,387999,97053,93096,187449,178278,17638,16869,1382513,1319569,863605,819195,263024,256461,12452,11820,111224,105407,4612,4368,127596,122318,983711,934179,324430,316016,41802,39800,159888,151809,11336,10643,533977,516005,384261,371673,45245,43934,32661,31429,10093,9792,2288,2257,59429,56920,439299,424245,74595,71983,55251,53296,27561,26469,6302,6226
R,2,2024,3,3693133,1887526,1805607,1224616,1167227,307714,298643,44511,42866,122904,116557,6611,6244,181170,174070,1394289,1329998,395734,383838,94664,91103,186983,177803,16995,16176,1369433,1307111,849291,806102,265316,257802,12784,12353,113350,107145,4630,4294,124062,119415,966071,918383,325086,316029,41251,39612,160674,152415,11162,10413,518093,498496,375325,361125,42398,40841,31727,30513,9554,9412,1981,1950,57108,54655,428218,411615,70648,67809,53413,51491,26309,25388,5833,5763
R,2,2024,4,3821197,1951255,1869942,1284625,1225003,303068,296463,46738,44700,125510,119629,7067,6694,184247,177453,1457164,1390936,392274,383052,97708,93911,190842,182113,17685,16779,1434583,1372779,907923,861892,262962,258026,14676,14180,116173,110523,4924,4750,127925,123408,1028300,977870,324397,318043,44156,42566,164997,157227,11723,11105,516672,497163,376702,363111,40106,38437,32062,30520,9337,9106,2143,1944,56322,54045,428864,413066,67877,65009,53552,51345,25845,24886,5962,5674
R,2,2024,5,3870220,1975375,1894845,1306219,1247608,307603,300333,47457,45958,124848,119433,7208,6860,182040,174653,1476686,1410899,395258,384827,98207,94671,189225,181087,17948,16942,1457103,1394733,926484,880827,267752,262226,15093,14710,115649,110481,5090,4918,127035,121571,1045990,994996,328663,321020,44441,42756,164019,156458,11962,11356,518272,500112,379735,366781,39851,38107,32364,31248,9199,8952,2118,1942,55005,53082,430696,415903,66595,63807,53766,51915,25206,24629,5986,5586
R,2,2024,6,3939786,2012821,1926965,1333386,1271764,314163,305735,48935,46798,128131,122547,7499,6739,180707,173382,1502384,1433708,400488,389439,100183,95909,191979,183351,18337,16859,1486284,1418769,944931,896977,274685,267388,15844,15145,118959,113654,5363,4779,126502,120826,1063752,1010428,334912,325705,45708,43373,166978,159146,12384,11166,526537,508196,388455,374787,39478,38347,33091,31653,9172,8893,2136,1960,54205,52556,438632,423280,65576,63734,54475,52536,25001,24205,5953,5693
R,2,2024,7,4025391,2055995,1969396,1369927,1306375,313830,306776,51074,49100,132364,126018,7543,7116,181257,174011,1539156,1468778,399171,389895,103507,99714,196374,186742,18504,17489,1516318,1448653,970698,921216,273797,267980,16345,15855,122971,117077,5360,5074,127147,121451,1090001,1035154,333470,326060,46918,45237,171245,162483,12426,11702,539677,520743,399229,385159,40033,38796,34729,33245,9393,8941,2183,2042,54110,52560,449155,433624,65701,63835,56589,54477,25129,24259,6078,5787
R,2,2024,8,4070656,2079763,1990893,1393926,1327747,316987,308909,51511,50111,129949,124230,7416,7139,179974,172757,1562112,1488951,401255,390993,104607,100891,193026,184213,18292,17514,1533253,1464422,987236,936242,277243,270210,16577,16163,120681,115316,5279,5076,126237,121415,1105779,1050096,336366,328144,47657,45873,168060,160399,12273,11752,546510,526471,406690,391505,39744,38699,34934,33948,9268,8914,2137,2063,53737,51342,456333,438855,64889,62849,56950,55018,24966,23814,6019,5762
R,2,2024,9,4088461,2088844,1999617,1401032,1334638,318352,309982,51960,50545,132752,126260,7360,7209,177388,170983,1566741,1494147,400949,390936,105042,101796,194693,184995,17930,17297,1545533,1475550,995227,944515,278875,271335,16901,16258,123667,117665,5282,5113,125581,120664,1113098,1057626,337337,328751,48381,46385,170619,162029,12209,11676,543311,524067,405805,390123,39477,38647,35059,34287,9085,8595,2078,2096,51807,50319,453643,436521,63612,62185,56661,55411,24074,22966,5721,5621
R,2,2024,10,4054570,2072767,1981803,1393893,1327909,316300,307344,52390,50249,129644,123214,7420,7063,173120,166024,1555583,1482740,396427,385407,105174,100934,189637,179978,17927,17024,1533364,1461996,990310,939390,277383,269249,16878,16185,120648,114715,5256,4950,122889,117507,1105620,1049532,334348,324952,48356,46262,166206,157543,12142,11446,539403,519807,403583,388519,38917,38095,35512,34064,8996,8499,2164,2113,50231,48517,449963,433208,62079,60455,56818,54672,23431,22435,5785,5578
R,2,2024,11,4095866,2092367,2003499,1406710,1342512,318159,309265,53018,50765,135882,128586,7598,7185,171000,165186,1566090,1496354,396731,385811,106045,102264,195167,185135,17989,17132,1548436,1478838,998324,948264,279021,271535,17140,16423,126993,120110,5367,5066,121591,117440,1112280,1058145,334965,326283,48818,47136,172125,163114,12216,11641,543931,524661,408386,394248,39138,37730,35878,34342,8889,8476,2231,2119,49409,47746,453810,438209,61766,59528,57227,55128,23042,22021,5773,5491
R,2,2024,12,4109743,2102499,2007244,1421324,1352259,320391,310017,54005,51576,130621,123775,7405,7088,168753,162529,1578619,1503628,397498,384746,107457,103030,188346,179078,17736,16978,1551983,1478491,1006573,953847,281084,272410,17125,16389,121624,115365,5221,4921,120356,115559,1119308,1061919,336389,325935,49326,47249,165569,157428,12064,11467,550516,528753,414751,398412,39307,37607,36880,35187,8997,8410,2184,2167,48397,46970,459311,441709,61109,58811,58131,55781,22777,21650,5672,5511
R,2,2024,13,4200960,2148661,2052299,1457062,1386732,329265,318073,54739,52604,129429,123284,7473,7240,170693,164366,1616174,1539778,406582,393439,110021,105970,187212,178373,17789,17148,1579718,1505595,1024496,971435,290309,280106,17197,16864,120556,114953,5309,5074,121851,117163,1138603,1080930,345782,334239,50545,49083,164681,156956,12234,11609,568943,546704,432566,415297,38956,37967,37542,35740,8873,8331,2164,2166,48842,47203,477571,458848,60800,59200,59476,56887,22531,21417,5555,5539
R,2,2024,14,4260492,2179098,2081394,1483715,1410861,333436,322388,54457,52038,128860,123690,7414,7107,171216,165310,1643220,1564790,411363,398944,109606,105151,186566,178517,17805,17175,1597538,1524206,1035172,981488,294954,284973,17599,17083,120429,115572,5158,4837,124226,120253,1151448,1093921,351951,341088,51626,50137,165124,158035,12203,11702,581560,557188,448543,429373,38482,37415,36858,34955,8431,8118,2256,2270,46990,45057,491772,470869,59412,57856,57980,55014,21442,20482,5602,5473
R,2,2024,15,4396660,2249716,2146944,1537424,1458998,344512,332507,56070,53825,131520,126181,7453,7209,172737,168224,1698092,1615513,422797,409778,112878,109391,188813,181038,18253,17397,1646053,1569864,1069404,1012254,304591,294791,18227,17640,122921,117904,5112,4861,125798,122414,1186809,1126642,362328,351823,53572,52245,167487,160364,12409,11786,603663,577080,468020,446744,39921,37716,37843,36185,8599,8277,2341,2348,46939,45810,511283,488871,60469,57955,59306,57146,21326,20674,5844,5611
R,2,2024,16,4458646,2281138,2177508,1563409,1485677,345547,333360,58027,55770,134889,128567,7511,7195,171755,166939,1723023,1640692,422738,409300,116191,112202,191391,183116,18127,17409,1666961,1589481,1085962,1029409,305839,295622,18559,17848,126155,120325,5084,4919,125362,121358,1202928,1142616,362624,351479,54980,53054,170282,162469,12401,11832,614177,588027,477447,456268,39708,37738,39468,37922,8734,8242,2427,2276,46393,45581,520095,498076,60114,57821,61211,59148,21109,20647,5726,5577
R,2,2024,17,4452855,2281442,2171413,1570677,1487735,343084,329743,59480,55624,133158,127900,7428,7169,167615,163242,1726319,1639297,417257,402931,117294,111714,188280,180827,17844,17173,1664522,1585853,1091133,1032103,303596,292226,18394,17692,124519,119741,5001,4836,121879,119255,1204778,1143350,357937,346506,54407,52943,167519,160881,12104,11629,616920,585560,479544,455632,39488,37517,41086,37932,8639,8159,2427,2333,45736,43987,521541,495947,59320,56425,62887,58771,20761,19946,5740,5544
R,2,2024,18,4412499,2262801,2149698,1565568,1476350,333096,321846,59106,55649,136162,132785,7480,7203,161389,155865,1715413,1620929,403187,390531,116108,110194,189013,183843,17328,16706,1653289,1574999,1090246,1027567,294871,285664,18053,17575,127818,124998,5077,4926,117224,114269,1199549,1133963,346108,336624,53803,52016,169178,164987,11803,11531,609512,574699,475322,448783,38225,36182,41053,38074,8344,7787,2403,2277,44165,41596,515864,486966,57079,53907,62305,58178,19835,18856,5525,5175
R,2,2024,19,4436610,2276455,2160155,1576668,1486454,332764,319472,59559,54687,142919,139952,7604,7119,156941,152471,1722182,1627760,399870,385933,115783,109316,194781,189431,17341,16453,1669248,1589366,1101178,1039025,295234,284025,18261,17137,134599,132266,5237,4976,114739,111937,1207957,1143086,344347,333232,54014,51964,175356,171314,11968,11450,607207,570789,475490,447429,37530,35447,41298,37550,8320,7686,2367,2143,42202,40534,514225,484674,55523,52701,61769,57352,19425,18117,5373,5003
R,2,2024,20,4452708,2285105,2167603,1588899,1496215,331252,319609,59368,53979,144446,141951,7726,7125,153414,148724,1731080,1634153,395707,383222,115816,108343,194586,190143,17283,16185,1682763,1602105,1116454,1051989,294428,284584,17950,17080,136477,134385,5271,5015,112183,109052,1220817,1153507,341835,331595,53835,51843,175993,172216,11878,11360,602342,565498,472445,444226,36824,35025,41418,36899,7969,7566,2455,2110,41231,39672,510263,480646,53872,51627,61981,56500,18593,17927,5405,4825
R,2,2024,21,4450194,2278534,2171660,1581827,1497040,334908,325803,59578,53918,147810,145008,7620,7121,146791,142770,1717757,1628882,395902,386490,114466,106846,195790,191213,16808,15964,1679267,1608127,1110967,1053354,297691,290652,17830,16905,140040,137496,5352,5020,107387,104700,1210622,1150382,342618,335612,52817,50747,177749,173853,11789,11192,599267,563533,470860,443686,37217,35151,41748,37013,7770,7512,2268,2101,39404,38070,507135,478500,53284,50878,61649,56099,18041,17360,5019,4772
R,2,2024,22,4614647,2342453,2272194,1621136,1562916,350824,348995,58693,53836,162954,159687,7730,7680,141116,139080,1751131,1690986,409518,408319,111490,104751,209043,205037,17038,16786,1740491,1701759,1146628,1112219,312474,312540,17654,17343,155205,151902,5450,5488,103080,102267,1241804,1206608,355508,356529,51257,49942,191564,187820,12014,11977,601962,570435,474508,450697,38350,36455,41039,36493,7749,7785,2280,2192,38036,36813,509327,484378,54010,51790,60233,54809,17479,17217,5024,4809
R,2,2024,23,4888929,2475258,2413671,1709308,1658908,372402,371143,59837,54840,187498,183602,8522,8350,137691,136828,1835658,1784361,429305,429708,110920,103968,233183,229073,17969,17561,1861384,1830804,1224294,1196742,332699,333466,18269,17835,179279,175487,6220,6001,100623,101273,1316825,1289792,374313,376931,50698,49429,215442,211842,12967,12610,613874,582867,485014,462166,39703,37677,41568,37005,8219,8115,2302,2349,37068,35555,518833,494569,54992,52777,60222,54539,17741,17231,5002,4951
R,2,2024,24,4753065,2410519,2342546,1678000,1619540,353796,354796,57596,52188,183393,178487,8347,7990,129387,129545,1796589,1738507,407004,409856,106379,99038,225834,221270,17161,16554,1818448,1781466,1208009,1173549,316375,318596,17583,16865,175520,170727,6156,5651,94805,96078,1295090,1261964,355442,359807,48596,46948,209386,205013,12441,11720,592071,561080,469991,445991,37421,36200,40013,35323,7873,7760,2191,2339,34582,33467,501499,476543,51562,50049,57783,52090,16448,16257,4720,4834
R,2,2024,25,4667297,2366593,2300704,1652446,1592163,343520,344961,56267,51188,180599,178403,8196,7915,125565,126074,1767498,1707939,394168,398157,104128,97654,221779,219543,16898,16215,1788256,1751325,1193519,1155127,307037,309912,16878,16154,172743,170569,5979,5658,92100,93905,1278049,1241596,344250,349613,47420,46361,205627,203699,12234,11640,578337,549379,458927,437036,36483,35049,39389,35034,7856,7834,2217,2257,33465,32169,489449,466343,49918,48544,56708,51293,16152,15844,4664,4575
R,2,2024,26,4495161,2279931,2215230,1590593,1528217,327462,328413,54324,49194,181282,181517,7895,7559,118375,120330,1699111,1638534,374765,378574,99946,94104,220155,220851,15899,15276,1723394,1688089,1148444,1108189,292895,295496,15868,15233,173662,173960,5759,5429,86766,89782,1228069,1190647,327409,333140,44995,44230,204877,205922,11538,11047,556537,527141,442149,420028,34567,32917,38456,33961,7620,7557,2136,2130,31609,30548,471042,447887,47356,45434,54951,49874,15278,14929,4361,4229
R,2,2024,27,4442697,2250459,2192238,1575135,1511133,317846,321679,53948,48720,180797,185497,7656,7268,115077,117941,1680318,1619264,363099,369996,98916,93588,218643,223839,15582,14962,1698360,1670390,1136093,1095890,283622,289188,15456,14763,173496,178088,5560,5335,84133,87126,1213213,1175908,316425,325082,43780,43423,204094,209071,11299,10873,552099,521848,439042,415243,34224,32491,38492,33957,7301,7409,2096,1933,30944,30815,467105,443356,46674,44914,55136,50165,14549,14768,4283,4089
R,2,2024,28,4461783,2255200,2206583,1579876,1521891,319012,324841,54500,48832,181551,188259,7666,7335,112595,115425,1682729,1627351,362843,371846,99205,93842,218292,225255,15581,15105,1705059,1683234,1143565,1105605,284494,291755,15401,14561,174005,180595,5599,5455,81995,85263,1218570,1183728,316074,326396,43721,43417,203641,210603,11350,11116,550141,523349,436311,416286,34518,33086,39099,34271,7546,7664,2067,1880,30600,30162,464159,443623,46769,45450,55484,50425,14651,14652,4231,3989
R,2,2024,29,4484400,2259293,2225107,1584350,1531130,322084,335244,54275,49007,180687,187756,7713,7436,110184,114534,1684735,1635745,364346,381276,99060,94454,216409,224360,15598,15171,1715316,1703710,1152929,1116568,288046,301637,15450,14828,173242,180419,5701,5494,79948,84764,1225801,1194021,318373,335547,43650,44249,202135,210260,11465,11161,543977,521397,431421,414562,34038,33607,38825,34179,7445,7337,2012,1942,30236,29770,458934,441724,45973,45729,55410,50205,14274,14100,4133,4010
R,2,2024,30,4517979,2272253,2245726,1594278,1542352,325941,343105,54318,49573,182885,190240,7640,7337,107191,113119,1691630,1645561,366510,388215,98066,95523,218012,226008,15576,14981,1734840,1727152,1167035,1130182,292554,309949,15669,15294,175670,182796,5580,5355,78332,83576,1238223,1206635,321754,342924,43398,45229,204322,211849,11404,10971,537413,518574,427243,412170,33387,33156,38649,34279,7215,7444,2060,1982,28859,29543,453407,438926,44756,45291,54668,50294,13690,14159,4172,4010
R,2,2024,31,4609435,2314553,2294882,1626857,1577952,331749,351401,55464,50883,186231,194406,7591,7388,106661,112852,1723795,1680885,371256,395030,100249,98150,220822,229920,15439,15041,1774216,1771864,1197151,1162445,298138,317635,16259,15732,179065,187037,5667,5363,77936,83652,1268008,1238832,326416,349406,45000,46915,207197,216130,11434,10982,540337,523018,429706,415507,33611,33766,39205,35151,7166,7369,1924,2025,28725,29200,455787,442053,44840,45624,55249,51235,13625,13790,4005,4059
R,2,2024,32,4662209,2332699,2329510,1646323,1605347,331845,356993,55510,50602,187314,197216,7745,7383,103962,111969,1740709,1707188,369562,399606,100138,98509,220776,232491,15483,15033,1798706,1812296,1222013,1195436,298266,322377,16634,16240,180270,189906,5770,5500,75753,82837,1290843,1270899,325000,353117,45186,47854,207608,218679,11555,11188,533993,517214,424310,409911,33579,34616,38876,34362,7044,7310,1975,1883,28209,29132,449866,436289,44562,46489,54952,50655,13168,13812,3928,3845
R,2,2024,33,4774929,2390064,2384865,1692856,1646225,337104,364502,56651,51712,192283,203124,7789,7605,103381,111697,1786468,1748043,373640,405829,101727,100848,226090,237951,15550,15293,1850307,1864692,1263978,1234403,303299,329820,16922,16561,185086,195828,5780,5615,75242,82465,1332200,1309705,328899,359354,45700,49060,212802,224326,11529,11330,539757,520173,428878,411822,33805,34682,39729,35151,7197,7296,2009,1990,28139,29232,454268,438338,44741,46475,56027,51788,13288,13625,4021,3963
R,2,2024,34,4710288,2353927,2356361,1669669,1626638,331797,359852,54727,50488,190139,203829,7623,7273,99972,108281,1760455,1724970,366368,399196,98917,99110,222551,237530,15093,14712,1836045,1852200,1257729,1226675,299394,326335,16629,16495,183368,196889,5751,5438,73174,80368,1324178,1299673,323576,354469,45298,49126,210085,224631,11377,11134,517882,504161,411940,399963,32403,33517,38098,33993,6771,6940,1872,1835,26798,27913,436277,425297,42792,44727,53619,49984,12466,12899,3716,3578
R,2,2024,35,4608075,2296002,2312073,1636206,1602657,315170,345722,53223,49864,188927,203358,7301,7142,95175,103330,1722416,1696488,347384,382593,95708,97077,220061,235525,14501,14163,1794740,1822257,1236694,1213413,284696,313592,16188,16270,182175,196679,5457,5341,69530,76962,1299625,1283355,307154,339744,43556,48178,207910,223322,10951,10690,501262,489816,399512,389244,30474,32130,37035,33594,6752,6679,1844,1801,25645,26368,422791,413133,40230,42849,52152,48899,12151,12203,3550,3473
R,2,2024,36,4527526,2255511,2272015,1618454,1583451,304044,334740,52385,48423,181731,197387,7189,7002,91708,101012,1701552,1675313,334617,370283,94192,95475,211210,228324,14183,13975,1764381,1791747,1226142,1201274,274468,303858,15785,15475,175214,190864,5352,5204,67420,75072,1287161,1269634,295874,329073,43049,47268,199728,216462,10727,10464,491130,480268,392312,382177,29576,30882,36600,32948,6517,6523,1837,1798,24288,25940,414391,405679,38743,41210,51143,48207,11482,11862,3456,3511
R,2,2024,37,4497252,2238585,2258667,1613934,1582518,298674,329262,51645,48536,178084,193580,7185,6878,89063,97893,1694566,1671343,327535,363207,93281,95509,206841,223251,14037,13446,1753122,1782692,1225812,1203498,269562,298948,15413,15298,171794,187175,5385,5067,65156,72706,1284748,1269451,289515,322926,42467,47165,195652,211779,10636,10070,485463,475975,388122,379020,29112,30314,36232,33238,6290,6405,1800,1811,23907,25187,409818,401892,38020,40281,50814,48344,11189,11472,3401,3376
R,2,2024,38,4539287,2260428,2278859,1635783,1602559,298549,328982,52341,48625,178165,195139,7059,6884,88531,96670,1715935,1690425,326964,361385,94517,95844,206307,224140,13858,13655,1771549,1803213,1244624,1222430,269757,299513,15165,15651,171880,188731,5340,5182,64783,71706,1303267,1287626,289173,322067,42906,47997,195249,212739,10456,10316,488879,475646,391159,380129,28792,29469,37176,32974,6285,6408,1719,1702,23748,24964,412668,402799,37791,39318,51611,47847,11058,11401,3402,3339
R,2,2024,39,4451988,2212626,2239362,1605643,1577554,287851,320197,51041,48354,176539,193729,6861,6734,84691,92794,1682231,1661577,314048,350806,92130,94862,203448,221252,13469,13240,1739058,1772358,1226061,1203967,260835,291721,14848,15328,170272,187608,5136,5030,61906,68704,1281989,1266219,278794,312942,41855,47072,192584,210362,10198,10011,473568,467004,379582,373587,27016,28476,36193,33026,6267,6121,1725,1704,22785,24090,400242,395358,35254,37864,50275,47790,10864,10890,3271,3229
R,2,2024,40,4387174,2176454,2210720,1582706,1558585,282006,315441,50559,47495,172382,191153,6667,6710,82134,91336,1656746,1641198,307361,344925,91252,94491,198065,217768,13132,13194,1711057,1748927,1209494,1188123,255186,287732,14745,14975,166571,185228,5016,5012,60045,67857,1263501,1249448,272534,308321,41651,47422,187782,207209,9966,9976,465397,461793,373212,370462,26820,27709,35814,32520,5811,5925,1651,1698,22089,23479,393245,391750,34827,36604,49601,47069,10283,10559,3166,3218
R,2,2024,41,4438708,2195913,2242795,1600218,1585524,285143,318825,51370,48796,170578,191352,6437,6633,82167,91665,1674522,1668372,310229,348193,93039,96945,195388,217482,12888,13027,1726757,1771716,1223262,1206799,258399,290962,15110,15443,164885,185370,4781,4951,60320,68191,1277717,1268396,275721,311474,42883,48903,185484,206906,9742,9846,469156,471079,376956,378725,26744,27863,36260,33353,5693,5982,1656,1682,21847,23474,396805,399976,34508,36719,50156,48042,9904,10576,3146,3181
R,2,2024,42,4339198,2142227,2196971,1567651,1557338,277171,312468,49606,47207,162666,185084,6343,6381,78790,88493,1638612,1637255,301070,340971,90134,94166,186215,209891,12406,12619,1689075,1738005,1203551,1188224,251547,285347,14305,14693,157090,179281,4708,4685,57874,65775,1255550,1247700,268119,305250,41467,47253,176606,199724,9384,9424,453152,458966,364100,369114,25624,27121,35301,32514,5576,5803,1635,1696,20916,22718,383062,389555,32951,35721,48667,46913,9609,10167,3022,3195
R,2,2024,43,4395382,2172928,2222454,1590868,1575542,286385,321660,51022,48299,159220,182324,6519,6418,78914,88211,1661987,1655231,310315,349748,92011,95944,182444,206506,12642,12487,1708281,1755497,1216474,1199204,260821,294265,14935,15125,153500,176433,4767,4803,57784,65667,1268422,1258487,277299,314028,42385,48427,172653,196344,9489,9390,464647,466957,374394,376338,25564,27395,36087,33174,5720,5891,1752,1615,21130,22544,393565,396744,33016,35720,49626,47517,9791,10162,3153,3097
R,2,2024,44,4252071,2099416,2152655,1538496,1526172,277213,312216,48604,46648,153544,176673,6173,6255,75386,84691,1606450,1602456,299801,339393,88507,92519,175140,199696,11899,12167,1655316,1702611,1179726,1163508,253098,285828,14195,14636,148212,171166,4640,4600,55445,62873,1229596,1220129,268591,304627,41187,46735,166174,190120,9112,9116,444100,450044,358770,362664,24115,26388,34409,32012,5332,5507,1533,1655,19941,21818,376854,382327,31210,34766,47320,45784,8966,9576,2787,3051
R,2,2024,45,4074422,2006792,2067630,1472848,1468619,263745,297216,46428,44880,146760,170864,5880,5770,71131,80281,1536884,1540979,284800,322580,84596,88731,167116,192623,11105,11228,1582059,1634418,1129164,1118777,240973,272324,13475,13854,141674,165359,4399,4211,52374,59893,1176254,1172724,255518,289994,39418,44735,158487,183334,8405,8396,424733,433212,343684,349842,22772,24892,32953,31026,5086,5505,1481,1559,18757,20388,360630,368255,29282,32586,45178,43996,8629,9289,2700,2832
R,2,2024,46,4036491,1984203,2052288,1464523,1466166,256070,290694,45906,44798,142445,166165,5580,5862,69679,78603,1527416,1537023,276537,315111,83921,88282,162101,187470,10660,11174,1564956,1620508,1123753,1115950,234535,266384,13580,14303,137518,160945,4173,4283,51397,58643,1170062,1168777,248481,283424,39482,44922,153954,178509,8073,8401,419247,431780,340770,350216,21535,24310,32326,30495,4927,5220,1407,1579,18282,19960,357354,368246,28056,31687,44439,43360,8147,8961,2587,2773
R,2,2024,47,3909975,1921118,1988857,1415610,1418945,245907,280362,44292,42731,142898,166078,5471,5443,66940,75298,1475834,1486757,264971,303457,81063,85110,161794,186260,10542,10455,1513820,1566620,1083543,1074716,225119,257235,13281,13542,138191,160950,4089,4025,49597,56152,1128040,1125183,238196,273296,38503,43359,154036,177688,8009,7894,407298,422237,332067,344229,20788,23127,31011,29189,4707,5128,1382,1418,17343,19146,347794,361574,26775,30161,42560,41751,7758,8572,2533,2561
R,2,2024,48,3873823,1903006,1970817,1401744,1406267,243851,277174,43377,42080,144312,167508,5179,5402,64543,72386,1459858,1471365,262199,299071,79570,82956,161906,186795,9756,10223,1503119,1556299,1075136,1066682,223583,255199,12991,13528,139660,162489,3931,4031,47818,54370,1118103,1115545,236193,270560,38053,42537,154299,178546,7493,7759,399887,414518,326608,339585,20268,21975,30386,28552,4652,5019,1248,1371,16725,18016,341755,355820,26006,28511,41517,40419,7607,8249,2263,2464
R,2,2024,49,3875629,1904665,1970964,1409320,1415034,241070,272831,42442,41543,144010,165419,5030,5162,62793,70975,1465804,1478979,258672,293787,77895,82262,161048,184217,9539,9629,1513443,1563109,1088611,1080137,221676,251646,13036,13438,139496,160651,3815,3829,46809,53408,1130644,1128117,234020,266398,37709,42513,153710,176350,7275,7267,391222,407855,320709,334897,19394,21185,29406,28105,4514,4768,1215,1333,15984,17567,335160,350862,24652,27389,40186,39749,7338,7867,2264,2362
R,2,2024,50,3796869,1861208,1935661,1375331,1386785,237111,269532,40427,40113,142784,165521,4880,5153,60675,68557,1429882,1448377,253821,289675,74930,79400,159374,183809,9161,9626,1487974,1543063,1068515,1063531,218909,249386,12557,13412,138553,160893,3721,3796,45719,52045,1109438,1110222,230589,263602,37035,41839,152523,176201,7076,7267,373234,392598,306816,323254,18202,20146,27870,26701,4231,4628,1159,1357,14956,16512,320444,338155,23232,26073,37895,37561,6851,7608,2085,2359
R,2,2024,51,3931982,1922993,2008989,1422892,1441850,247474,282257,41548,40469,144549,169568,4903,5125,61627,69720,1478351,1504478,264007,302560,77138,80957,161115,187626,9244,9701,1547517,1613208,1113856,1115262,229435,261913,13334,13755,140293,164948,3722,3814,46877,53516,1155874,1163196,241170,276500,38912,43451,154259,180195,7174,7421,375476,395781,309036,326588,18039,20344,28214,26714,4256,4620,1181,1311,14750,16204,322477,341282,22837,26060,38226,37506,6856,7431,2070,2280
R,2,2024,52,4091746,2002025,2089721,1504665,1523066,250256,286491,39931,40113,140157,163785,4927,4914,62089,71352,1560524,1587449,266781,306611,76463,82621,156251,181546,9284,9432,1636550,1703034,1202453,1203590,232858,267015,13548,14126,135940,159226,3703,3712,48048,55365,1245595,1253408,244791,281613,40425,45935,149670,174250,7185,7284,365475,386687,302212,319476,17398,19476,26383,25987,4217,4559,1224,1202,14041,15987,314929,334041,21990,24998,36038,36686,6581,7296,2099,2148
R,2,2024,53,4309622,2111247,2198375,1596391,1615493,263419,299813,40903,40385,140926,164695,4971,5073,64637,72916,1654665,1681117,280477,320298,79716,84577,156859,182233,9453,9790,1740457,1811991,1289894,1295747,245650,280167,14026,14782,136746,160217,3792,3880,50349,57198,1335220,1347063,258043,295293,42992,48454,150305,174995,7391,7666,370790,386384,306497,319746,17769,19646,26877,25603,4180,4478,1179,1193,14288,15718,319445,334054,22434,25005,36724,36123,6554,7238,2062,2124
R,2,2024,54,4153630,2031120,2122510,1546141,1570320,247577,282631,38431,38619,134045,157232,4734,4916,60192,68792,1600438,1632294,263126,301620,74896,80749,148851,173580,9092,9415,1676732,1751294,1251957,1262514,230874,264146,13249,14142,130156,152986,3641,3792,46855,53714,1294094,1310796,242129,278047,40546,46087,142777,166739,7167,7418,354388,371216,294184,307806,16703,18485,25182,24477,3889,4246,1093,1124,13337,15078,306344,321498,20997,23573,34350,34662,6074,6841,1925,1997
R,2,2024,55,4025568,1965717,2059851,1495900,1524813,240526,274428,37619,36930,130845,154069,4376,4807,56451,64804,1546800,1583117,254993,292238,72167,77163,144463,168976,8340,8982,1626978,1706328,1214512,1231057,224617,256907,13166,13947,127264,150089,3366,3657,44053,50671,1254153,1276534,235106,269784,39274,44774,138782,162652,6556,6996,338739,353523,281388,293756,15909,17521,24453,22983,3581,3980,1010,1150,12398,14133,292647,306583,19887,22454,32893,32389,5681,6324,1784,1986
R,2,2024,56,3944654,1920540,2024114,1470720,1505224,236493,274334,35617,35892,119400,141892,4415,4587,53895,62185,1519389,1561207,250150,291651,69149,74824,131874,155657,8118,8656,1595487,1682171,1199975,1220656,221356,257203,12868,13817,115875,138061,3423,3554,41990,48880,1237758,1264585,231204,269894,38229,43832,126421,149538,6446,6824,325053,341943,270745,284568,15137,17131,22749,22075,3525,3831,992,1033,11905,13305,281631,296622,18946,21757,30920,30992,5453,6119,1672,1832
R,2,2024,57,3977880,1932496,2045384,1486914,1530530,238201,278177,34904,35145,115406,135407,4500,4572,52571,61553,1534163,1585901,251708,295026,67923,74249,127339,148566,8183,8534,1614158,1712223,1220593,1252451,223702,261622,13048,14125,112108,131799,3472,3535,41235,48691,1257571,1296175,233495,274074,38242,44542,122181,142860,6486,6715,318338,333161,266321,278079,14499,16555,21856,21020,3298,3608,1028,1037,11336,12862,276592,289726,18213,20952,29681,29707,5158,5706,1697,1819
R,2,2024,58,4103029,1990293,2112736,1531922,1581586,247693,289077,35394,36059,117187,138936,4417,4736,53680,62342,1580055,1637496,261340,306156,69544,75791,129050,152352,8254,8761,1673718,1780081,1267383,1304032,232747,272566,13762,14894,113925,135351,3453,3682,42448,49556,1305326,1348386,242771,285182,40152,46007,123998,146633,6596,6947,316575,332655,264539,277554,14946,16511,21632,21165,3262,3585,964,1054,11232,12786,274729,289110,18569,20974,29392,29784,5052,5719,1658,1814
R,2,2024,59,4272468,2063462,2209006,1605230,1673835,249697,294031,34861,35413,115791,137704,4139,4683,53744,63340,1653675,1730851,262713,310900,69772,76835,127307,150568,7800,8646,1758654,1883808,1349460,1401021,235890,278015,14115,15500,112691,134322,3231,3686,43267,51264,1388378,1447078,245612,290798,41743,48692,122513,145239,6243,6963,304808,325198,255770,272814,13807,16016,20746,19913,3100,3382,908,997,10477,12076,265297,283773,17101,20102,28029,28143,4794,5329,1557,1683
R,2,2024,60,4291012,2069036,2221976,1614982,1691941,245014,288175,33776,34511,117764,140183,4056,4491,53444,62675,1663119,1748307,257864,304461,68941,75639,128996,152990,7619,8482,1776742,1907893,1369616,1428362,231551,272770,14249,15423,114857,136913,3240,3503,43229,50922,1408431,1474083,241248,285176,42226,48527,124485,147821,6193,6792,292294,314083,245366,263579,13463,15405,19527,19088,2907,3270,816,988,10215,11753,254688,274224,16616,19285,26715,27112,4511,5169,1426,1690
R,2,2024,61,4283380,2061040,2222340,1617066,1702529,240711,285801,32618,33582,115118,134548,4037,4520,51490,61360,1663489,1757772,252905,301686,66447,74321,126033,146779,7528,8299,1781293,1919597,1381460,1447448,228203,271469,14030,15413,112256,131371,3218,3632,42126,50264,1419360,1492604,237438,283693,41329,48532,121680,141822,6163,6747,279747,302743,235606,255081,12508,14332,18588,18169,2862,3177,819,888,9364,11096,244129,265168,15467,17993,25118,25789,4353,4957,1365,1552
R,2,2024,62,4250464,2040380,2210084,1620951,1713819,232407,278503,30851,32406,101667,121561,3971,4197,50533,59598,1666511,1767502,244219,293844,64502,72363,112177,133154,7211,7806,1778547,1925472,1400261,1473858,220767,265210,13780,15325,99128,118671,3191,3339,41420,49069,1437501,1517955,229797,277036,40946,48011,108280,128623,5933,6317,261833,284612,220690,239961,11640,13293,17071,17081,2539,2890,780,858,9113,10529,229010,249547,14422,16808,23556,24352,3897,4531,1278,1489
R,2,2024,63,4292851,2053588,2239263,1628803,1734082,236210,282430,30548,32416,104377,126925,3817,4248,49833,59162,1673821,1787249,248059,297537,63692,72085,114584,138470,7066,7897,1795587,1956194,1411174,1495119,224653,269476,13670,15378,101910,124032,3093,3416,41087,48773,1448203,1538904,233755,281147,40678,47837,110803,133940,5798,6412,258001,283069,217629,238963,11557,12954,16878,17038,2467,2893,724,832,8746,10389,225618,248345,14304,16390,23014,24248,3781,4530,1268,1485
R,2,2024,64,4177567,1991360,2186207,1587385,1699836,225006,273711,28628,30782,99711,122028,3544,3910,47086,55940,1629743,1750157,235856,288066,60032,68332,109627,132880,6613,7250,1752884,1921635,1386078,1476791,214347,261254,13138,14748,97370,119340,2886,3178,39065,46324,1421136,1518332,222769,272490,38814,45664,106046,128689,5459,5956,238476,264572,201307,223045,10659,12457,15490,16034,2341,2688,658,732,8021,9616,208607,231825,13087,15576,21218,22668,3581,4191,1154,1294
R,2,2024,65,4097256,1945921,2151335,1554686,1676386,218146,266467,26687,29320,98090,121501,3399,3733,44913,53928,1595147,1724914,228612,280255,56972,65726,107143,131806,6190,6905,1723347,1901267,1366828,1464980,207953,255005,12583,14424,95920,118961,2769,3071,37294,44826,1400338,1505208,216097,265841,37411,44518,103881,127852,5124,5671,222574,250068,187858,211406,10193,11462,14104,14896,2170,2540,630,662,7619,9102,194809,219706,12515,14414,19561,21208,3262,3954,1066,1234
R,2,2024,66,4073680,1926748,2146932,1547070,1683195,210742,260559,25893,28057,96421,119445,3206,3518,43416,52158,1586118,1730117,220739,273705,55152,63882,105292,129061,5941,6519,1713844,1904304,1366609,1477184,201416,249648,12376,13962,94434,117078,2660,2849,36349,43583,1399193,1516287,209290,260039,36623,43754,102241,125442,4996,5371,212904,242628,180461,206011,9326,10911,13517,14095,1987,2367,546,669,7067,8575,186925,213830,11449,13666,18529,20128,3051,3619,945,1148
R,2,2024,67,3941904,1855979,2085925,1494459,1637171,200372,252370,24311,26499,92841,117206,3050,3394,40946,49285,1531439,1681489,209810,264909,52014,60245,101026,126326,5629,6254,1656351,1855783,1325212,1441587,191594,241829,11703,13412,90957,114912,2528,2806,34357,41237,1356178,1478568,199021,251782,34709,41494,98181,122808,4700,5223,199628,230142,169247,195584,8778,10541,12608,13087,1884,2294,522,588,6589,8048,175261,202921,10789,13127,17305,18751,2845,3518,929,1031
R,2,2024,68,3812097,1789739,2022358,1446180,1592647,188835,239695,22990,25245,90420,115113,2831,3266,38483,46392,1480867,1634265,197669,251485,48984,56955,98101,123803,5288,6017,1600485,1802360,1285650,1405375,180361,229711,11106,12798,88629,112936,2345,2651,32394,38889,1314773,1440148,187325,239033,32783,39246,95414,120533,4449,4995,189254,219998,160530,187272,8474,9984,11884,12447,1791,2177,486,615,6089,7503,166094,194117,10344,12452,16201,17709,2687,3270,839,1022
R,2,2024,69,3715784,1737001,1978783,1410094,1566991,179473,229939,21357,23844,87639,110789,2752,3164,35686,44056,1442176,1606372,187790,241161,45521,54061,94700,118982,5044,5873,1560639,1770299,1260220,1389176,171670,220647,10543,12186,86006,108789,2283,2614,29917,36887,1287052,1422017,178194,229482,30579,37372,92259,115929,4248,4920,176362,208484,149874,177815,7803,9292,10814,11658,1633,2000,469,550,5769,7169,155124,184355,9596,11679,14942,16689,2441,3053,796,953
R,2,2024,70,3514298,1633535,1880763,1337517,1501035,162017,212714,19234,21561,79859,101922,2402,2818,32506,40713,1366790,1537607,169545,223141,41520,49464,86125,109299,4452,5241,1473621,1688784,1201053,1336716,155033,204175,9674,11333,78402,100097,1989,2334,27470,34129,1225751,1367268,160963,212407,28360,34661,83977,106525,3754,4418,159914,191979,136464,164319,6984,8539,9560,10228,1457,1825,413,484,5036,6584,141039,170339,8582,10734,13160,14803,2148,2774,698,823
R,2,2024,71,3408834,1578461,1830373,1298470,1465857,151770,203056,17713,20396,78194,100401,2312,2697,30002,37966,1325414,1499943,158844,212708,38150,46496,84079,107193,4257,5034,1429910,1648807,1171289,1309881,145180,195079,9090,10895,76912,98728,1959,2242,25480,31982,1194091,1338479,150840,202792,26333,32797,82141,104681,3625,4256,148551,181566,127181,155976,6590,7977,8623,9501,1282,1673,353,455,4522,5984,131323,161464,8004,9916,11817,13699,1938,2512,632,778
R,2,2024,72,3223246,1486974,1736272,1232420,1399910,139804,190164,16074,18679,68454,89602,2037,2425,28185,35492,1257795,1431761,146302,199341,35658,43431,73677,95614,3827,4515,1349858,1568519,1114453,1255542,134001,182823,8453,10053,67255,88132,1735,1997,23961,29972,1135931,1282325,139233,190090,24953,31024,71917,93369,3283,3805,137116,167753,117967,144368,5803,7341,7621,8626,1199,1470,302,428,4224,5520,121864,149436,7069,9251,10705,12407,1760,2245,544,710
R,2,2024,73,3057823,1402816,1655007,1156450,1325456,133614,184407,15225,17877,69211,91810,1965,2328,26351,33129,1180123,1355139,139856,193143,33337,40794,74092,97538,3636,4342,1271910,1491363,1043854,1184442,127941,177326,7961,9492,68082,90374,1674,1949,22398,27780,1063883,1209238,132933,184249,23292,28699,72403,95321,3132,3671,130906,163644,112596,141014,5673,7081,7264,8385,1129,1436,291,379,3953,5349,116240,145901,6923,8894,10045,12095,1689,2217,504,671
R,2,2024,74,2936263,1341492,1594771,1113239,1285957,122082,171567,14081,16264,66146,87820,1802,2075,24142,31088,1135009,1313748,127682,179692,30747,37850,70576,93062,3416,3999,1221900,1443445,1010062,1155033,117086,165085,7517,8835,65063,86427,1537,1738,20635,26327,1028612,1178466,121587,171636,21694,27125,69005,91012,2965,3408,119592,151326,103177,130924,4996,6482,6564,7429,1083,1393,265,337,3507,4761,106397,135282,6095,8056,9053,10725,1571,2050,451,591
R,2,2024,75,2834668,1289842,1544826,1078121,1257006,112573,159401,12950,15129,61723,81644,1704,2020,22771,29626,1098564,1283520,117840,167226,28833,35672,65886,86594,3217,3852,1180019,1403415,983009,1134453,108109,153506,7161,8359,60743,80310,1425,1709,19572,25078,1000521,1156815,112392,159779,20735,25756,64471,84619,2767,3293,109823,141411,95112,122553,4464,5895,5789,6770,980,1334,279,311,3199,4548,98043,126705,5448,7447,8098,9916,1415,1975,450,559
R,2,2024,76,2826417,1283088,1543329,1090075,1277807,101281,146024,12083,14088,56288,74788,1555,1812,21806,28810,1109820,1303711,106206,153424,27380,34402,60110,79425,2933,3491,1179847,1409866,1000397,1161750,97237,140408,6683,7868,55409,73655,1333,1531,18788,24654,1017382,1183847,101249,146437,19806,25225,58813,77738,2575,3030,103241,133463,89678,116057,4044,5616,5400,6220,879,1133,222,281,3018,4156,92438,119864,4957,6987,7574,9177,1297,1687,358,461
R,2,2024,77,2538940,1146758,1392182,977833,1157725,87020,127263,10596,12809,50521,67478,1373,1560,19415,25347,995462,1180617,91308,133648,24227,30513,53864,71615,2636,3163,1054853,1270559,897831,1051916,83384,122181,5950,7224,49798,66398,1166,1311,16724,21529,913008,1071289,86843,127298,17666,22310,52774,70003,2291,2707,91905,121623,80002,105809,3636,5082,4646,5585,723,1080,207,249,2691,3818,82454,109328,4465,6350,6561,8203,1090,1612,345,456
R,2,2024,78,1988707,888122,1100585,748151,903326,72055,108274,8534,10829,43364,56918,1158,1507,14860,19731,761514,920956,75514,113517,18681,24270,46138,60338,2271,2855,807895,991911,678104,808561,68904,103741,4632,5797,42658,55942,981,1256,12616,16614,689404,823323,71644,107943,13215,17108,45083,58935,1959,2436,80227,108674,70047,94765,3151,4533,3902,5032,706,976,177,251,2244,3117,72110,97633,3870,5574,5466,7162,1055,1403,312,419
R,2,2024,79,1901725,840333,1061392,712506,876208,65343,101573,7780,10028,39749,53443,1036,1307,13919,18833,725052,892974,68685,106788,17232,22860,42330,56577,2060,2627,769002,962138,650067,789353,62546,97625,4296,5473,39223,52596,895,1091,11975,16000,660829,803542,65252,101835,12407,16380,41519,55343,1810,2252,71331,99254,62439,86855,2797,3948,3484,4555,526,847,141,216,1944,2833,64223,89432,3433,4953,4825,6480,811,1234,250,375
R,2,2024,80,1852661,811974,1040687,695009,870725,60088,94548,7178,9307,35933,47030,891,1168,12875,17909,706627,886747,63118,99371,16180,21679,38132,49898,1841,2400,746512,947923,637577,789444,57588,90837,4088,5162,35397,46278,765,981,11097,15221,647575,802994,60034,94745,11855,15711,37358,48758,1589,2069,65462,92764,57432,81281,2500,3711,3090,4145,536,752,126,187,1778,2688,59052,83753,3084,4626,4325,5968,774,1140,252,331
R,2,2024,81,1740646,755114,985532,647652,826296,54806,88547,6320,8483,33909,44966,786,1077,11641,16163,658133,840769,57565,92956,14287,19675,36021,47540,1620,2132,696256,899187,595909,750655,52485,85009,3652,4645,33454,44266,669,889,10087,13723,604968,762885,54755,88567,10552,14193,35333,46498,1402,1825,58858,86345,51743,75641,2321,3538,2668,3838,455,700,117,188,1554,2440,53165,77884,2810,4389,3735,5482,688,1042,218,307
R,2,2024,82,1458011,623656,834355,532186,695836,45925,76392,5504,7362,29485,39864,719,955,9837,13946,541041,708293,48329,80160,12182,17002,31296,42180,1415,1857,572290,759855,486992,630208,43968,73578,3181,4121,29105,39261,615,796,8429,11891,494569,640788,45898,76625,8898,12359,30714,41272,1219,1590,51366,74500,45194,65628,1957,2814,2323,3241,380,603,104,159,1408,2055,46472,67505,2431,3535,3284,4643,582,908,196,267
R,2,2024,83,1297817,545676,752141,463255,624797,40497,70002,4905,6808,27659,37345,654,836,8706,12353,471078,635774,42643,73512,10794,15147,29318,39443,1252,1681,498630,681177,421783,562325,38686,67200,2840,3762,27298,36777,553,688,7470,10425,428481,571537,40413,70010,7856,10812,28781,38609,1073,1424,47046,70964,41472,62472,1811,2802,2065,3046,361,568,101,148,1236,1928,42597,64237,2230,3502,2938,4335,537,834,179,257
R,2,2024,84,1146107,474587,671520,402816,558054,35140,62420,4182,6002,24492,33181,510,787,7447,11076,409484,567862,36949,65535,9181,13461,25918,35065,1058,1591,433170,607657,366309,501680,33495,59850,2377,3357,24169,32659,409,649,6411,9462,372031,510008,34969,62374,6659,9766,25458,34313,903,1356,41417,63863,36507,56374,1645,2570,1805,2645,323,522,101,138,1036,1614,37453,57854,1980,3161,2522,3695,460,752,155,235
R,2,2024,85,1053059,430782,622277,367486,520438,30697,55840,3794,5654,21699,29747,441,661,6665,9937,373473,529289,32313,58671,8267,12321,23010,31384,913,1318,394010,564076,334952,469117,29317,53526,2193,3180,21422,29313,360,535,5766,8405,340122,476545,30612,55829,6065,8821,22591,30747,784,1121,36772,58201,32534,51321,1380,2314,1601,2474,277,434,81,126,899,1532,33351,52744,1701,2842,2202,3500,419,637,129,197
R,2,2024,86,921688,371211,550477,316194,459579,26524,49770,3166,4752,19073,27123,412,596,5842,8657,321479,467264,28047,52277,7047,10440,20165,28675,814,1211,339504,499506,288025,414479,25361,47731,1865,2699,18827,26731,354,491,5072,7375,292609,420978,26597,49785,5240,7565,19812,28092,704,1035,31707,50971,28169,45100,1163,2039,1301,2053,246,392,58,105,770,1282,28870,46286,1450,2492,1807,2875,353,583,110,176
R,2,2024,87,803250,317347,485903,270615,406998,22039,43023,2690,4216,16638,23634,318,533,5047,7499,275133,413566,23339,45256,5957,9068,17665,25041,725,1092,289761,439952,246052,366271,21036,41250,1577,2353,16444,23291,273,440,4379,6347,249954,371791,22096,43099,4394,6435,17372,24525,643,928,27586,45951,24563,40727,1003,1773,1113,1863,194,343,45,93,668,1152,25179,41775,1243,2157,1563,2633,293,516,82,164
R,2,2024,88,708681,274703,433978,234313,362637,19353,38787,2333,3795,14174,21477,269,442,4261,6840,238138,368705,20472,40781,5033,8218,15053,22732,601,933,250954,393412,213228,326712,18467,37260,1359,2115,14004,21120,221,365,3675,5840,216514,331866,19392,38887,3670,5915,14796,22224,521,798,23749,40566,21085,35925,886,1527,974,1680,170,357,48,77,586,1000,21624,36839,1080,1894,1363,2303,257,508,80,135
R,2,2024,89,618615,235031,383584,201079,321809,16140,33749,1981,3306,12001,18357,281,392,3549,5971,204260,327060,17080,35469,4205,7181,12748,19512,555,835,214727,348298,182930,290519,15397,32400,1179,1847,11867,18078,238,329,3116,5125,185708,294998,16186,33809,3113,5174,12552,19116,483,731,20304,35286,18149,31290,743,1349,802,1459,134,279,43,63,433,846,18552,32062,894,1660,1092,2007,196,396,72,104
R,2,2024,90,506072,188577,317495,161271,265667,12794,27877,1588,2613,9779,16114,207,321,2938,4903,163913,269921,13518,29305,3466,5757,10432,17097,430,728,172284,288226,146767,239616,12222,26716,932,1519,9650,15879,170,274,2543,4222,149040,243266,12823,27885,2536,4226,10244,16759,367,640,16293,29269,14504,26051,572,1161,656,1094,129,235,37,47,395,681,14873,26655,695,1420,930,1531,188,338,63,88
R,2,2024,91,450409,163439,286970,139772,240685,11136,24918,1328,2437,8444,14344,158,326,2601,4260,142094,244421,11816,26187,2921,5144,9030,15172,384,671,149715,261256,127531,217786,10641,23915,779,1450,8339,14128,141,275,2284,3702,129569,221021,11210,24978,2173,3807,8870,14862,346,586,13724,25714,12241,22899,495,1003,549,987,105,216,17,51,317,558,12525,23400,606,1209,748,1337,160,310,38,85
R,2,2024,92,372196,131831,240365,114146,203979,7926,19103,1033,1905,6549,11517,124,262,2053,3599,115972,207079,8501,20188,2276,4195,7013,12233,302,590,120725,219506,104187,185302,7572,18356,600,1132,6476,11373,103,218,1787,3125,105771,187976,8076,19258,1656,3119,6893,12021,259,513,11106,20859,9959,18677,354,747,433,773,73,144,21,44,266,474,10201,19103,425,930,620,1076,120,212,43,77
R,2,2024,93,322017,110696,211321,95161,178558,6912,16916,915,1669,5911,10724,122,218,1675,3236,96665,181355,7372,17868,1914,3731,6311,11376,265,496,101234,192381,86715,161658,6576,16194,535,959,5832,10601,103,185,1473,2784,88034,164035,6963,16985,1408,2723,6192,11191,234,437,9462,18940,8446,16900,336,722,380,710,79,123,19,33,202,452,8631,17320,409,883,506,1008,119,185,31,59
R,2,2024,94,254172,84244,169928,72356,143505,5245,13867,697,1249,4540,8619,81,182,1325,2506,73513,145671,5619,14647,1500,2802,4848,9131,223,406,77125,155304,65975,130478,5022,13291,423,741,4488,8481,67,159,1150,2154,66973,132317,5326,13946,1112,2065,4773,8935,196,364,7119,14624,6381,13027,223,576,274,508,52,138,14,23,175,352,6540,13354,293,701,388,737,75,196,27,42
R,2,2024,95,201522,64645,136877,55582,115818,4031,10885,538,1009,3411,6952,65,141,1018,2072,56475,117586,4343,11545,1161,2272,3650,7392,147,344,59143,125432,50663,105661,3842,10409,317,603,3373,6847,57,119,891,1793,51446,107174,4104,10972,859,1687,3590,7240,127,296,5502,11445,4919,10157,189,476,221,406,38,105,8,22,127,279,5029,10412,239,573,302,585,60,152,20,48
R,2,2024,96,157671,48489,109182,41523,92298,3044,8722,403,855,2628,5594,57,107,834,1606,42250,93664,3292,9203,880,1875,2819,5931,135,266,44527,100430,37989,84494,2913,8373,243,519,2607,5520,48,92,727,1432,38623,85707,3116,8784,653,1437,2786,5823,112,238,3962,8752,3534,7804,131,349,160,336,21,74,9,15,107,174,3627,7957,176,419,227,438,33,108,23,28
R,2,2024,97,115968,34284,81684,29215,68836,2219,6534,267,611,1941,4361,27,101,615,1241,29763,69899,2387,6942,625,1346,2094,4617,92,236,31433,75145,26659,62996,2123,6267,166,397,1918,4304,22,90,545,1091,27145,63920,2263,6621,487,1026,2058,4543,75,214,2851,6539,2556,5840,96,267,101,214,23,57,5,11,70,150,2618,5979,124,321,138,320,36,74,17,22
R,2,2024,98,85374,24437,60937,20536,51046,1669,4980,208,462,1535,3367,37,63,452,1019,20906,51890,1800,5338,465,1074,1665,3582,100,171,22440,56156,18752,46790,1606,4782,140,307,1518,3327,31,53,393,897,19072,47530,1713,5081,355,845,1638,3512,88,143,1997,4781,1784,4256,63,198,68,155,17,40,6,10,59,122,1834,4360,87,257,110,229,27,70,12,28
R,2,2024,99,61081,16598,44483,13902,37268,1128,3635,158,374,1110,2429,16,52,284,725,14142,37848,1210,3895,327,797,1181,2598,51,138,15275,41126,12742,34293,1077,3488,102,250,1097,2405,13,47,244,643,12950,34807,1146,3712,245,622,1159,2556,41,122,1323,3357,1160,2975,51,147,56,124,13,24,3,5,40,82,1192,3041,64,183,82,175,22,42,10,16
R,2,2024,100,105173,26447,78726,20917,63456,2185,7478,354,739,2246,5383,69,129,676,1541,21468,64686,2459,8058,688,1591,2452,5763,178,341,23911,72700,18728,58165,2089,7183,240,534,2212,5331,53,112,589,1375,19212,59256,2326,7693,525,1290,2391,5669,144,290,2536,6026,2189,5291,96,295,114,205,34,52,16,17,87,166,2256,5430,133,365,163,301,61,94,34,51
R,3,2024,999,338913744,166318412,172595332,121759217,124708515,21812017,23891994,3472830,3379515,10932102,11942811,464128,465083,7878118,8207414,128998557,132236637,24862081,27114256,6739389,6893496,13392629,14410537,982982,983126,132406922,138464156,94897898,97580912,19753117,21789495,1150827,1186712,10476673,11479818,342516,342364,5785891,6084855,100219973,103167026,21930068,24114881,3347680,3610068,12425204,13434693,717656,717313,33911490,34131176,26861319,27127603,2058900,2102499,2322003,2192803,455429,462993,121612,122719,2092227,2122559,28778584,29069611,2932013,2999375,3391709,3283428,967425,975844,265326,265813
R,3,2024,0,3609938,1846200,1763738,1201322,1146293,293396,284041,46972,44759,114264,107130,6835,6665,183411,174850,1373094,1309782,382505,369701,98246,93724,178818,168252,17410,16704,1303069,1242795,813008,773224,246536,239051,11573,11251,103631,96910,4621,4440,123700,117919,929496,884133,306266,296725,40172,38384,150470,141235,11137,10480,543131,520943,388314,373069,46860,44990,35399,33508,10633,10220,2214,2225,59711,56931,443598,425649,76239,72976,58074,55340,28348,27017,6273,6224
R,3,2024,1,3710106,1894292,1815814,1230234,1176236,304225,294797,47535,46102,119738,113289,7166,6957,185394,178433,1403848,1343049,394208,382092,99122,95916,185222,175897,17824,17175,1344673,1285290,835476,795809,257356,249575,12059,11601,108920,102970,4740,4501,126122,120834,954207,909421,318115,308513,41128,39305,156910,148651,11388,10690,549619,530524,394758,380427,46869,45222,35476,34501,10818,10319,2426,2456,59272,57599,449641,433628,76093,73579,57994,56611,28312,27246,6436,6485
R,3,2024,2,3764842,1923047,1841795,1251165,1194239,309341,301322,45586,43739,122194,115950,6994,6717,187767,179828,1426999,1362345,400452,389211,97737,93768,188587,179234,17777,16997,1384371,1320994,863561,819190,263648,256968,12460,11806,111973,106007,4668,4408,128061,122615,984101,934449,325269,316662,41918,39854,160826,152534,11422,10702,538676,520801,387604,375049,45693,44354,33126,31933,10221,9943,2326,2309,59706,57213,442898,427896,75183,72549,55819,53914,27761,26700,6355,6295
R,3,2024,3,3679024,1880436,1798588,1219188,1161659,307502,298680,44262,42655,122543,116123,6558,6187,180383,173284,1388112,1323679,395075,383442,94261,90736,186359,177103,16903,16074,1363043,1300583,844622,801048,264932,257652,12584,12179,112994,106741,4592,4237,123319,118726,960697,912671,324280,315489,40900,39310,160080,151780,11091,10321,517393,498005,374566,360611,42570,41028,31678,30476,9549,9382,1966,1950,57064,54558,427415,411008,70795,67953,53361,51426,26279,25323,5812,5753
R,3,2024,4,3823966,1952710,1871256,1284665,1225070,303269,296394,46856,44758,125900,120133,7066,6692,184954,178209,1457871,1391721,392930,383469,97950,94108,191473,182859,17693,16806,1434167,1372669,906745,861105,262986,257790,14663,14143,116526,110984,4917,4742,128330,123905,1027510,977569,324672,318112,44199,42591,165500,157884,11722,11103,518543,498587,377920,363965,40283,38604,32193,30615,9374,9149,2149,1950,56624,54304,430361,414152,68258,65357,53751,51517,25973,24975,5971,5703
R,3,2024,5,3869329,1974777,1894552,1306167,1247831,306949,299645,47386,45818,124933,119568,7183,6882,182159,174808,1476761,1411285,394660,384212,98132,94541,189357,181290,17919,16971,1456276,1394211,926059,880615,267139,261623,15112,14738,115760,110617,5073,4944,127133,121674,1045667,994885,328076,320464,44464,42803,164191,156631,11947,11393,518501,500341,380108,367216,39810,38022,32274,31080,9173,8951,2110,1938,55026,53134,431094,416400,66584,63748,53668,51738,25166,24659,5972,5578
R,3,2024,6,3940680,2013014,1927666,1333324,1271884,314203,306003,48993,46948,128074,122580,7498,6717,180922,173534,1502571,1433974,400690,389738,100246,96028,192014,183545,18323,16822,1485611,1418615,944475,896754,274645,267540,15749,15057,118861,113644,5351,4753,126530,120867,1063358,1010245,334927,325818,45576,43228,166901,159263,12353,11123,527403,509051,388849,375130,39558,38463,33244,31891,9213,8936,2147,1964,54392,52667,439213,423729,65763,63920,54670,52800,25113,24282,5970,5699
R,3,2024,7,4018747,2052785,1965962,1366483,1302823,314160,306876,51017,49053,132513,126101,7544,7115,181068,173994,1535497,1465208,399513,390140,103291,99582,196480,186773,18491,17482,1513543,1445335,967744,918025,274021,267989,16280,15777,123127,117152,5359,5069,127012,121323,1086892,1031846,333689,326109,46730,45054,171396,162491,12423,11686,539242,520627,398739,384798,40139,38887,34737,33276,9386,8949,2185,2046,54056,52671,448605,433362,65824,64031,56561,54528,25084,24282,6068,5796
R,3,2024,8,4072994,2080831,1992163,1394623,1328360,316608,308861,51624,50245,130245,124657,7441,7132,180290,172908,1563106,1489708,401007,390975,104749,101023,193508,184775,18366,17522,1533182,1464813,987307,936246,276759,270125,16531,16170,120954,115727,5296,5080,126335,121465,1105944,1050148,335902,328037,47582,45874,168451,160900,12309,11763,547649,527350,407316,392114,39849,38736,35093,34075,9291,8930,2145,2052,53955,51443,457162,439560,65105,62938,57167,55149,25057,23875,6057,5759
R,3,2024,9,4091619,2090445,2001174,1401205,1335258,318944,310373,52150,50619,132955,126297,7351,7217,177840,171410,1567337,1495151,401828,391591,105287,101907,195048,185222,17935,17327,1545783,1475738,994513,944167,279364,271612,16951,16257,123857,117675,5281,5115,125817,120912,1112606,1057501,337991,329167,48438,46376,170889,162177,12213,11682,544662,525436,406692,391091,39580,38761,35199,34362,9098,8622,2070,2102,52023,50498,454731,437650,63837,62424,56849,55531,24159,23045,5722,5645
R,3,2024,10,4058593,2074869,1983724,1395285,1329020,316555,307594,52257,50208,129858,123464,7425,7083,173489,166355,1557355,1484185,396905,385897,105059,100896,189984,180331,17932,17053,1534615,1462885,991029,939834,277547,269304,16839,16177,120805,114938,5255,4962,123140,117670,1106586,1050148,334651,325147,48318,46221,166483,157830,12146,11472,540254,520839,404256,389186,39008,38290,35418,34031,9053,8526,2170,2121,50349,48685,450769,434037,62254,60750,56741,54675,23501,22501,5786,5581
R,3,2024,11,4095074,2091818,2003256,1405915,1341909,317875,309130,53118,50974,136141,128821,7610,7177,171159,165245,1565449,1495807,396563,385770,106128,102428,195519,185413,18004,17106,1547476,1478284,997349,947677,278750,271370,17124,16375,127245,120337,5372,5063,121636,117462,1111363,1057589,334720,326160,48760,47038,172431,163373,12215,11618,544342,524972,408566,394232,39125,37760,35994,34599,8896,8484,2238,2114,49523,47783,454086,438218,61843,59610,57368,55390,23088,22040,5789,5488
R,3,2024,12,4108917,2102042,2006875,1420549,1351858,320155,309690,54149,51345,130950,124202,7394,7069,168845,162711,1577934,1503421,397334,384538,107543,102758,188758,179560,17737,16958,1551549,1478419,1005908,953378,280932,272183,17132,16412,121969,115815,5220,4917,120388,115714,1118670,1061611,336267,325804,49269,47251,165993,157938,12066,11476,550493,528456,414641,398480,39223,37507,37017,34933,8981,8387,2174,2152,48457,46997,459264,441810,61067,58734,58274,55507,22765,21622,5671,5482
R,3,2024,13,4184899,2140472,2044427,1450811,1380579,328059,316874,54793,52843,129462,123172,7459,7271,169888,163688,1609152,1532940,405003,391912,109718,105932,187084,178169,17744,17161,1574330,1499889,1021154,967900,288968,278893,17182,16798,120565,114759,5313,5092,121148,116447,1134596,1076695,344124,332695,50280,48759,164506,156604,12210,11588,566142,544538,429657,412679,39091,37981,37611,36045,8897,8413,2146,2179,48740,47241,474556,456245,60879,59217,59438,57173,22578,21565,5534,5573
R,3,2024,14,4264929,2181440,2083489,1484801,1411856,333858,322810,54499,52055,129218,123987,7425,7112,171639,165669,1644747,1566137,412005,399516,109787,105284,187016,178963,17821,17172,1598679,1525166,1035514,981716,295204,285263,17538,17057,120762,115860,5161,4840,124500,120430,1152057,1094329,352301,341403,51625,50118,165546,158463,12213,11685,582761,558323,449287,430140,38654,37547,36961,34998,8456,8127,2264,2272,47139,45239,492690,471808,59704,58113,58162,55166,21470,20500,5608,5487
R,3,2024,15,4379828,2241057,2138771,1531162,1453326,342851,331049,56001,53861,131318,125822,7438,7212,172287,167501,1691393,1609223,420964,407961,112666,109037,188516,180545,18172,17379,1638843,1563082,1064500,1007914,303098,293326,18121,17601,122723,117583,5106,4857,125295,121801,1181452,1121738,360616,350014,53300,51952,167165,159928,12366,11778,602214,575689,466662,445412,39753,37723,37880,36260,8595,8239,2332,2355,46992,45700,509941,487485,60348,57947,59366,57085,21351,20617,5806,5601
R,3,2024,16,4464937,2284141,2180796,1564385,1486725,346381,334270,58146,55755,135370,129174,7517,7198,172342,167674,1724567,1642427,423846,410641,116349,112400,192143,183916,18206,17444,1668556,1591472,1085833,1029617,306563,296427,18611,17818,126647,120857,5088,4919,125814,121834,1203218,1143284,363575,352616,55044,53122,171001,163123,12436,11847,615585,589324,478552,457108,39818,37843,39535,37937,8723,8317,2429,2279,46528,45840,521349,499143,60271,58025,61305,59278,21142,20793,5770,5597
R,3,2024,17,4466556,2288311,2178245,1574640,1491506,344474,331061,59816,55984,133629,128464,7485,7221,168267,164009,1730909,1643768,419072,404713,117702,112271,188977,181671,17948,17261,1668322,1590010,1092992,1033903,304619,293369,18462,17790,124960,120276,5017,4871,122272,119801,1207015,1145658,359223,347930,54493,53150,168109,161637,12155,11686,619989,588235,481648,457603,39855,37692,41354,38194,8669,8188,2468,2350,45995,44208,523894,498110,59849,56783,63209,59121,20868,20034,5793,5575
R,3,2024,18,4415818,2264327,2151491,1565678,1476928,333736,322672,59270,55634,136312,132576,7482,7200,161849,156481,1715959,1622097,404242,391732,116322,110267,189215,183777,17344,16741,1653519,1575413,1089562,1027132,295360,286350,18023,17542,127902,124762,5089,4921,117583,114706,1199215,1133958,346886,337615,53817,52057,169286,164825,11833,11542,610808,576078,476116,449796,38376,36322,41247,38092,8410,7814,2393,2279,44266,41775,516744,488139,57356,54117,62505,58210,19929,18952,5511,5199
R,3,2024,19,4436991,2276930,2160061,1576144,1485608,332830,319540,59743,54933,143206,140158,7608,7130,157399,152692,1722089,1627097,400083,386146,116076,109543,195323,189803,17358,16504,1667746,1587858,1099346,1037251,295147,283919,18241,17171,134876,132456,5228,4978,114908,112083,1206275,1141438,344315,333214,53961,51968,175828,171611,11970,11484,609184,572203,476798,448357,37683,35621,41502,37762,8330,7702,2380,2152,42491,40609,515814,485659,55768,52932,62115,57575,19495,18192,5388,5020
R,3,2024,20,4462796,2290473,2172323,1591888,1499021,331821,320225,59712,54199,145123,142415,7763,7165,154166,149298,1734767,1637559,396699,384141,116349,108724,195494,190720,17368,16225,1685602,1604755,1117624,1053241,294879,285067,18008,17135,137087,134848,5286,5035,112718,109429,1222500,1155149,342549,332246,54018,51945,176775,172832,11905,11365,604871,567568,474264,445780,36942,35158,41704,37064,8036,7567,2477,2130,41448,39869,512267,482410,54150,51895,62331,56779,18719,17888,5463,4860
R,3,2024,21,4442188,2276622,2165566,1580527,1492993,333740,323680,59796,53956,147639,144667,7626,7052,147294,143218,1716952,1625298,395033,384580,114797,107026,195761,191044,16799,15894,1676216,1601587,1108958,1049174,296465,288539,17830,16841,139902,137110,5350,4962,107711,104961,1208953,1146483,341585,333658,52879,50751,177722,173546,11756,11132,600406,563979,471569,443819,37275,35141,41966,37115,7737,7557,2276,2090,39583,38257,507999,478815,53448,50922,61918,56275,18039,17498,5043,4762
R,3,2024,22,4599339,2335483,2263856,1615492,1556007,349570,347727,58876,54099,162338,159076,7684,7645,141523,139302,1745946,1684281,408383,407174,111947,105192,208478,204449,16959,16724,1732324,1692508,1140166,1104944,311275,311220,17597,17292,154564,151311,5398,5452,103324,102289,1235628,1199361,354398,355211,51316,49977,190966,187189,11943,11907,603159,571348,475326,451063,38295,36507,41279,36807,7774,7765,2286,2193,38199,37013,510318,484920,53985,51963,60631,55215,17512,17260,5016,4817
R,3,2024,23,4888621,2474538,2414083,1707826,1659157,372155,370705,60015,55008,188071,183885,8507,8360,137964,136968,1834406,1784736,429286,429326,111033,104166,233889,229361,18045,17623,1859160,1829376,1221953,1195523,332201,332896,18240,17881,179842,175777,6198,6015,100726,101284,1314567,1288563,373915,376355,50629,49461,216065,212144,12985,12688,615378,584707,485873,463634,39954,37809,41775,37127,8229,8108,2309,2345,37238,35684,519839,496173,55371,52971,60404,54705,17824,17217,5060,4935
R,3,2024,24,4781140,2424935,2356205,1686231,1627235,356515,357602,58174,52649,185205,180141,8400,8028,130410,130550,1805774,1747146,410102,413114,107296,99789,228075,223319,17218,16618,1828003,1790999,1212563,1178130,318745,321142,17706,16925,177269,172329,6201,5661,95519,96812,1300318,1267247,358043,362682,48900,47160,211479,206930,12494,11734,596932,565206,473668,449105,37770,36460,40468,35724,7936,7812,2199,2367,34891,33738,505456,479899,52059,50432,58396,52629,16596,16389,4724,4884
R,3,2024,25,4681886,2374035,2307851,1657208,1597015,344236,345838,56593,51400,181742,179230,8245,7959,126011,126409,1772656,1713080,395125,399215,104595,97908,223111,220559,16972,16323,1792976,1755798,1196204,1157931,307603,310538,16970,16235,173849,171339,6013,5697,92337,94058,1280947,1244519,344950,350313,47574,46465,206853,204585,12281,11702,581059,552053,461004,439084,36633,35300,39623,35165,7893,7891,2232,2262,33674,32351,491709,468561,50175,48902,57021,51443,16258,15974,4691,4621
R,3,2024,26,4514552,2289662,2224890,1596818,1534465,329132,329947,54602,49556,182140,182438,7935,7644,119035,120840,1705961,1645227,376786,380406,100376,94546,221212,221971,16006,15401,1729987,1694837,1152088,1112154,294401,296847,15913,15295,174494,174841,5801,5487,87290,90213,1232183,1195000,329221,334721,45117,44342,205903,206998,11636,11150,559675,530053,444730,422311,34731,33100,38689,34261,7646,7597,2134,2157,31745,30627,473778,450227,47565,45685,55259,50204,15309,14973,4370,4251
R,3,2024,27,4445916,2252462,2193454,1575315,1510988,318621,321960,54129,48885,181475,186225,7657,7256,115265,118140,1680648,1619344,364004,370432,99191,93786,219385,224596,15558,14933,1698351,1669781,1134850,1094324,284200,289346,15442,14788,174149,178804,5560,5310,84150,87209,1211972,1174438,317053,325328,43803,43433,204736,209799,11271,10826,554111,523673,440465,416664,34421,32614,38687,34097,7326,7421,2097,1946,31115,30931,468676,444906,46951,45104,55388,50353,14649,14797,4287,4107
R,3,2024,28,4467225,2258276,2208949,1581619,1523092,319075,324711,54685,48943,182312,189193,7660,7341,112925,115669,1684818,1628834,363062,371757,99376,94007,219190,226319,15611,15090,1706085,1684403,1143640,1105860,284454,291605,15404,14563,174743,181505,5581,5456,82263,85414,1218941,1184157,316135,326271,43701,43448,204506,211607,11354,11101,552191,524546,437979,417232,34621,33106,39281,34380,7569,7688,2079,1885,30662,30255,465877,444677,46927,45486,55675,50559,14684,14712,4257,3989
R,3,2024,29,4488753,2262055,2226698,1585680,1531815,322083,334827,54588,49050,181467,188919,7738,7418,110499,114669,1686348,1636524,364578,380980,99389,94352,217340,225660,15615,15185,1715729,1703477,1152524,1115701,287908,301109,15443,14786,173987,181537,5712,5478,80155,84866,1225567,1193250,318395,335087,43656,44110,202970,211488,11466,11165,546326,523221,433156,416114,34175,33718,39145,34264,7480,7382,2026,1940,30344,29803,460781,443274,46183,45893,55733,50242,14370,14172,4149,4020
R,3,2024,30,4521346,2273907,2247439,1594703,1543046,325994,343169,54500,49680,183272,190796,7620,7355,107818,113393,1692664,1646520,366810,388419,98496,95655,218588,226694,15595,15048,1734226,1726821,1165832,1129363,292524,309796,15650,15259,176009,183329,5563,5383,78648,83691,1237326,1205911,321809,342886,43457,45124,204833,212463,11400,11016,539681,520618,428871,413683,33470,33373,38850,34421,7263,7467,2057,1972,29170,29702,455338,440609,45001,45533,55039,50531,13755,14231,4195,4032
R,3,2024,31,4604948,2311813,2293135,1623487,1575149,331818,351422,55480,50906,186918,195214,7664,7426,106446,113018,1720181,1678199,371452,395304,100006,98033,221444,230853,15492,15072,1770805,1769397,1193371,1159214,298024,317606,16186,15679,179746,187774,5718,5378,77760,83746,1264037,1235667,326401,349525,44728,46747,207824,216962,11478,11001,541008,523738,430116,415935,33794,33816,39294,35227,7172,7440,1946,2048,28686,29272,456144,442532,45051,45779,55278,51286,13620,13891,4014,4071
R,3,2024,32,4661648,2333394,2328254,1646414,1604692,331538,355979,55730,50798,187682,197438,7695,7350,104335,111997,1741216,1706616,369305,398694,100520,98683,221294,232633,15442,14974,1796938,1809297,1220060,1193250,297914,321378,16616,16213,180618,190169,5727,5474,76003,82813,1289156,1268733,324684,352221,45263,47767,208091,218886,11515,11133,536456,518957,426354,411442,33624,34601,39114,34585,7064,7269,1968,1876,28332,29184,452060,437883,44621,46473,55257,50916,13203,13747,3927,3841
R,3,2024,33,4771190,2388590,2382600,1690529,1643212,337103,364652,56796,51734,192685,203463,7816,7600,103661,111939,1784397,1745254,373862,406112,101909,100890,226520,238399,15603,15301,1847903,1861520,1261111,1230789,303203,329919,16914,16517,185439,196096,5807,5614,75429,82585,1329507,1306198,328979,359546,45707,49001,213163,224655,11573,11344,540687,521080,429418,412423,33900,34733,39882,35217,7246,7367,2009,1986,28232,29354,454890,439056,44883,46566,56202,51889,13357,13744,4030,3957
R,3,2024,34,4730513,2364216,2366297,1676249,1632982,333440,361494,55059,50861,191363,204761,7631,7360,100474,108839,1767458,1731817,368285,401103,99386,99622,223961,238684,15139,14849,1841933,1858435,1260795,1230268,300764,327640,16694,16541,184528,197772,5748,5495,73404,80719,1327435,1303607,325099,355889,45361,49217,211364,225690,11383,11214,522283,507862,415454,402714,32676,33854,38365,34320,6835,6989,1883,1865,27070,28120,440023,428210,43186,45214,54025,50405,12597,12994,3756,3635
R,3,2024,35,4616266,2300953,2315313,1638274,1603561,316539,346904,53284,49852,189897,204183,7345,7111,95614,103702,1724893,1697748,348987,383939,95885,97159,221226,236464,14579,14149,1798515,1824678,1237943,1213627,285875,314693,16176,16293,183128,197501,5491,5316,69902,77248,1301216,1283815,308502,341013,43673,48249,209004,224267,11012,10680,502438,490635,400331,389934,30664,32211,37108,33559,6769,6682,1854,1795,25712,26454,423677,413933,40485,42926,52212,48910,12222,12197,3567,3469
R,3,2024,36,4541518,2262264,2279254,1621977,1587640,305196,336057,52746,48648,182963,198548,7194,7051,92188,101310,1705540,1679729,335917,371805,94677,95723,212624,229648,14188,14049,1768487,1796774,1227691,1203773,275465,304954,15847,15517,176424,192004,5349,5236,67711,75290,1289001,1272315,296933,330293,43145,47314,201101,217703,10721,10525,493777,482480,394286,383867,29731,31103,36899,33131,6539,6544,1845,1815,24477,26020,416539,407414,38984,41512,51532,48409,11523,11945,3467,3524
R,3,2024,37,4499390,2239859,2259531,1614028,1582184,299171,329568,51773,48600,178543,194083,7198,6885,89146,98211,1694706,1671347,328152,363691,93376,95587,207333,223867,14050,13470,1753273,1782289,1225058,1202236,269957,299148,15433,15272,172256,187655,5378,5072,65191,72906,1283996,1268407,290013,323217,42428,47154,196153,212352,10630,10077,486586,477242,388970,379948,29214,30420,36340,33328,6287,6428,1820,1813,23955,25305,410710,402940,38139,40474,50948,48433,11180,11515,3420,3393
R,3,2024,38,4540869,2261107,2279762,1635065,1602099,298812,329455,52416,48655,178952,195780,7068,6879,88794,96894,1715500,1690144,327319,362045,94576,95862,207238,224909,13926,13652,1771497,1803399,1243394,1221536,269913,299831,15182,15637,172648,189355,5354,5166,65006,71874,1302271,1286870,289394,322524,42901,47944,196158,213464,10523,10300,489610,476363,391671,380563,28899,29624,37234,33018,6304,6425,1714,1713,23788,25020,413229,403274,37925,39521,51675,47918,11080,11445,3403,3352
R,3,2024,39,4463486,2219149,2244337,1609917,1580948,288953,320790,51176,48533,177240,194261,6894,6772,84969,93033,1686765,1665254,315325,351454,92336,95111,204271,221848,13468,13272,1743466,1775722,1228643,1206156,261775,292220,14860,15374,170949,188107,5156,5064,62083,68801,1284745,1268534,279814,313473,41900,47098,193364,210934,10186,10030,475683,468615,381274,374792,27178,28570,36316,33159,6291,6154,1738,1708,22886,24232,402020,396720,35511,37981,50436,48013,10907,10914,3282,3242
R,3,2024,40,4390147,2178649,2211498,1583371,1558338,282263,315754,50685,47500,173307,191710,6699,6732,82324,91464,1657571,1641059,307659,345367,91408,94436,199122,218406,13213,13228,1711816,1749314,1209131,1187612,255310,287958,14721,14982,167436,185745,5047,5023,60171,67994,1263245,1249062,272692,308625,41614,47389,188763,207817,10042,10003,466833,462184,374240,370726,26953,27796,35964,32518,5871,5965,1652,1709,22153,23470,394326,391997,34967,36742,49794,47047,10359,10589,3171,3225
R,3,2024,41,4439385,2196374,2243011,1599942,1585291,285184,319014,51391,48837,171042,191629,6440,6603,82375,91637,1674430,1668099,310352,348366,93108,96895,195936,217822,12881,13025,1727229,1771740,1223071,1206363,258439,291169,15124,15455,165356,185663,4777,4937,60462,68153,1277654,1267907,275807,311663,42931,48853,186018,207236,9718,9853,469145,471271,376871,378928,26745,27845,36267,33382,5686,5966,1663,1666,21913,23484,396776,400192,34545,36703,50177,48042,9918,10586,3163,3172
R,3,2024,42,4351333,2148526,2202807,1571443,1560724,277909,313026,49841,47445,163988,186361,6354,6429,78991,88822,1642579,1640917,301947,341624,90324,94546,187679,211299,12479,12673,1692700,1741715,1205236,1190008,252080,285742,14326,14717,158355,180527,4723,4720,57980,66001,1257318,1249666,268722,305682,41435,47361,177978,201093,9453,9481,455826,461092,366207,370716,25829,27284,35515,32728,5633,5834,1631,1709,21011,22821,385261,391251,33225,35942,48889,47185,9701,10206,3026,3192
R,3,2024,43,4385677,2167530,2218147,1586799,1572729,285006,320476,50925,48189,159408,182317,6483,6367,78909,88069,1657954,1652333,308897,348617,91950,95656,182600,206469,12568,12411,1704343,1752131,1213758,1197205,259457,293104,14913,15077,153718,176429,4730,4774,57767,65542,1265714,1256419,275916,312892,42374,48224,172849,196315,9416,9331,463187,466016,373041,375524,25549,27372,36012,33112,5690,5888,1753,1593,21142,22527,392240,395914,32981,35725,49576,47432,9751,10154,3152,3080
R,3,2024,44,4275854,2111233,2164621,1546617,1534197,279116,314053,48842,46977,154668,177797,6254,6349,75736,85248,1614846,1610985,301874,341370,88831,93136,176429,201007,12028,12317,1663520,1711127,1184847,1168881,254786,287438,14256,14724,149276,172214,4702,4651,55653,63219,1234868,1225800,270379,306354,41251,46968,167377,191310,9213,9208,447713,453494,361770,365316,24330,26615,34586,32253,5392,5583,1552,1698,20083,22029,379978,385185,31495,35016,47580,46168,9052,9697,2815,3109
R,3,2024,45,4085441,2012932,2072509,1476703,1471331,264743,298366,46739,44959,147346,171375,5913,5790,71488,80688,1541061,1544045,285907,323929,85125,88989,167759,193232,11194,11282,1586973,1638430,1132271,1120812,241859,273385,13532,13887,142250,165904,4423,4224,52638,60218,1179615,1175048,256458,291173,39624,44923,159116,183971,8469,8425,425959,434079,344432,350519,22884,24981,33207,31072,5096,5471,1490,1566,18850,20470,361446,368997,29449,32756,45501,44066,8643,9261,2725,2857
R,3,2024,46,4037462,1984827,2052635,1464430,1466202,256232,290635,45923,44747,142896,166345,5592,5836,69754,78870,1527404,1537319,276730,315087,83821,88344,162674,187751,10655,11174,1564812,1620456,1123168,1115778,234566,266280,13524,14255,137962,161089,4173,4264,51419,58790,1169514,1168756,248518,283312,39313,44945,154486,178701,8057,8402,420015,432179,341262,350424,21666,24355,32399,30492,4934,5256,1419,1572,18335,20080,357890,368563,28212,31775,44508,43399,8188,9050,2598,2772
R,3,2024,47,3923318,1927785,1995533,1420595,1423497,247062,281716,44460,42960,142998,166416,5491,5509,67179,75435,1481052,1491446,266328,304912,81363,85343,161894,186669,10553,10538,1518819,1571852,1087249,1078268,226139,258414,13323,13613,138272,161264,4100,4071,49736,56222,1131875,1128809,239337,274537,38637,43392,154104,178072,8013,7954,408966,423681,333346,345229,20923,23302,31137,29347,4726,5152,1391,1438,17443,19213,349177,362637,26991,30375,42726,41951,7790,8597,2540,2584
R,3,2024,48,3872965,1902139,1970826,1401028,1406411,243605,277105,43459,42069,144059,167198,5205,5413,64783,72630,1459349,1471707,261969,299120,79691,83056,161812,186539,9854,10261,1501605,1555470,1073952,1066181,223312,255053,12978,13487,139397,162159,3953,4030,48013,54560,1117095,1115188,235935,270515,38051,42589,154196,178261,7574,7784,400534,415356,327076,340230,20293,22052,30481,28582,4662,5039,1252,1383,16770,18070,342254,356519,26034,28605,41640,40467,7616,8278,2280,2477
R,3,2024,49,3880967,1907527,1973440,1410959,1416391,241397,273002,42566,41676,144584,166184,5040,5182,62981,71005,1467620,1480352,259096,294019,78107,82339,161684,185038,9543,9666,1514942,1564632,1089254,1080795,221879,251705,13023,13464,140063,161394,3815,3855,46908,53419,1131377,1128787,234256,266488,37755,42469,154306,177142,7272,7301,392585,408808,321705,335596,19518,21297,29543,28212,4521,4790,1225,1327,16073,17586,336243,351565,24840,27531,40352,39870,7378,7896,2271,2365
R,3,2024,50,3795360,1860924,1934436,1375102,1385761,236895,269241,40575,40234,142750,165322,4895,5152,60707,68726,1429688,1447539,253599,289437,75111,79632,159350,183670,9199,9619,1486127,1540382,1067013,1061419,218577,248997,12585,13398,138493,160699,3734,3790,45725,52079,1107951,1108169,230273,263205,37057,41841,152469,176042,7088,7248,374797,394054,308089,324342,18318,20244,27990,26836,4257,4623,1161,1362,14982,16647,321737,339370,23326,26232,38054,37791,6881,7628,2111,2371
R,3,2024,51,3914802,1914354,2000448,1415938,1434750,246519,281142,41336,40467,144247,169291,4900,5106,61414,69692,1471190,1497349,263042,301470,76709,80883,160808,187338,9218,9680,1539459,1605166,1107385,1108704,228436,260828,13275,13714,139995,164670,3721,3800,46647,53450,1149168,1156591,240146,275430,38639,43326,153944,179889,7172,7394,374895,395282,308553,326046,18083,20314,28061,26753,4252,4621,1179,1306,14767,16242,322022,340758,22896,26040,38070,37557,6864,7449,2046,2286
R,3,2024,52,4073925,1992862,2081063,1495352,1514672,249450,285625,40053,40050,141063,164674,4900,4931,62044,71111,1551194,1578814,265992,305698,76539,82313,157133,182477,9249,9447,1626673,1693625,1192663,1194576,232030,266065,13530,14036,136845,160088,3681,3714,47924,55146,1235714,1244172,243946,280636,40307,45606,150550,175155,7145,7288,366189,387438,302689,320096,17420,19560,26523,26014,4218,4586,1219,1217,14120,15965,315480,334642,22046,25062,36232,36707,6583,7322,2104,2159
R,3,2024,53,4306559,2109123,2197436,1594689,1614062,263167,300257,40834,40457,140790,164659,4996,5075,64647,72926,1652967,1679707,280230,320764,79567,84622,156836,182227,9482,9760,1738360,1809966,1288230,1293436,245395,280533,14004,14825,136609,160168,3810,3881,50312,57123,1333526,1344692,257760,295614,42875,48440,150263,174970,7413,7641,370763,387470,306459,320626,17772,19724,26830,25632,4181,4491,1186,1194,14335,15803,319441,335015,22470,25150,36692,36182,6573,7257,2069,2119
R,3,2024,54,4170232,2040250,2129982,1551897,1574985,249368,284000,38769,38761,134825,158066,4751,4930,60640,69240,1606559,1637358,265102,303130,75447,81112,149736,174544,9141,9475,1683554,1756949,1255947,1265699,232502,265383,13293,14160,130917,153786,3643,3803,47252,54118,1298410,1314335,243915,279414,40782,46298,143639,167662,7193,7465,356696,373033,295950,309286,16866,18617,25476,24601,3908,4280,1108,1127,13388,15122,308149,323023,21187,23716,34665,34814,6097,6882,1948,2010
R,3,2024,55,4034478,1969341,2065137,1499470,1529327,240161,274419,37490,37069,131134,154416,4392,4812,56694,65094,1550635,1587884,254638,292350,72197,77449,144822,169407,8366,9004,1630374,1710914,1217833,1235104,224235,256873,13139,13981,127529,150442,3378,3654,44260,50860,1257697,1280749,234744,269825,39361,44895,139108,163063,6575,7005,338967,354223,281637,294223,15926,17546,24351,23088,3605,3974,1014,1158,12434,14234,292938,307135,19894,22525,32836,32554,5714,6344,1791,1999
R,3,2024,56,3942793,1919912,2022881,1468859,1502690,236525,274206,35843,35990,120296,143050,4412,4622,53977,62323,1517577,1558792,250275,291570,69363,74914,132828,156928,8119,8697,1593040,1679269,1196694,1216793,221252,257001,12888,13802,116746,139181,3426,3583,42034,48909,1234490,1260746,231149,269698,38239,43716,127333,150770,6450,6863,326872,343612,272165,285897,15273,17205,22955,22188,3550,3869,986,1039,11943,13414,283087,298046,19126,21872,31124,31198,5495,6158,1669,1834
R,3,2024,57,3975908,1931592,2044316,1486343,1529724,237599,277453,35047,35237,115470,135755,4516,4554,52617,61593,1533674,1585168,251049,294281,68096,74346,127431,148952,8194,8507,1612649,1710466,1219624,1251145,223075,260835,13061,14103,112181,132140,3484,3513,41224,48730,1256629,1294933,232821,273276,38227,44532,122279,143225,6490,6686,318943,333850,266719,278579,14524,16618,21986,21134,3289,3615,1032,1041,11393,12863,277045,290235,18228,21005,29869,29814,5152,5727,1704,1821
R,3,2024,58,4086393,1981752,2104641,1524213,1574271,246974,288495,35254,35951,117302,138905,4416,4739,53593,62280,1572259,1630104,260656,305604,69302,75628,129163,152315,8260,8770,1665205,1771737,1259696,1296459,232065,272003,13671,14788,114018,135330,3450,3688,42305,49469,1297510,1340719,242080,284623,39939,45855,124078,146598,6585,6945,316547,332904,264517,277812,14909,16492,21583,21163,3284,3575,966,1051,11288,12811,274749,289385,18576,20981,29363,29773,5085,5717,1675,1825
R,3,2024,59,4257806,2056997,2200809,1599343,1666625,249188,293260,34904,35424,115702,137589,4157,4714,53703,63197,1647743,1723518,262222,310122,69719,76671,127252,150462,7805,8687,1750999,1874907,1342597,1393330,235298,277178,14077,15458,112593,134177,3233,3711,43201,51053,1381442,1439192,245030,289931,41589,48427,122457,145086,6242,7001,305998,325902,256746,273295,13890,16082,20827,19966,3109,3412,924,1003,10502,12144,266301,284326,17192,20191,28130,28244,4795,5376,1563,1686
R,3,2024,60,4291113,2068727,2222386,1614330,1691570,245272,288484,33846,34611,117758,140395,4083,4489,53438,62837,1662453,1748077,258175,304831,68936,75847,128983,153244,7686,8481,1775613,1907183,1368366,1427058,231729,272998,14194,15461,114828,137126,3273,3492,43223,51048,1407169,1472898,241460,285438,42113,48659,124444,148055,6262,6777,293114,315203,245964,264512,13543,15486,19652,19150,2930,3269,810,997,10215,11789,255284,275179,16715,19393,26823,27188,4539,5189,1424,1704
R,3,2024,61,4279114,2059107,2220007,1614464,1699448,240495,285615,32707,33600,115724,135366,4015,4525,51702,61453,1661081,1754767,252722,301552,66679,74370,126698,147606,7505,8312,1778573,1916330,1378229,1443608,227927,271201,14088,15403,112865,132177,3196,3643,42268,50298,1416259,1488782,237196,283448,41490,48509,122320,142654,6132,6769,280534,303677,236235,255840,12568,14414,18619,18197,2859,3189,819,882,9434,11155,244822,265985,15526,18104,25189,25861,4378,4952,1373,1543
R,3,2024,62,4250452,2040304,2210148,1619553,1712278,232725,279011,30985,32529,102541,122420,3981,4220,50519,59690,1665107,1766059,244530,294357,64606,72521,113046,134047,7239,7810,1776819,1924096,1397435,1471155,221025,265626,13791,15310,99964,119501,3197,3349,41407,49155,1434676,1515345,230042,277468,40927,48026,109123,129478,5952,6317,263485,286052,222118,241123,11700,13385,17194,17219,2577,2919,784,871,9112,10535,230431,250714,14488,16889,23679,24495,3923,4569,1287,1493
R,3,2024,63,4284721,2049618,2235103,1626281,1731582,235238,281476,30493,32352,103939,126316,3824,4240,49843,59137,1671293,1784745,247070,296590,63669,71986,114176,137860,7061,7915,1792206,1952287,1409218,1492867,223700,268525,13674,15332,101486,123424,3096,3408,41032,48731,1446178,1536625,232761,280180,40674,47771,110382,133335,5797,6419,257412,282816,217063,238715,11538,12951,16819,17020,2453,2892,728,832,8811,10406,225115,248120,14309,16410,22995,24215,3794,4525,1264,1496
R,3,2024,64,4186668,1995884,2190784,1589443,1701664,226129,274897,28770,30979,100626,123011,3569,3947,47347,56286,1632040,1752270,237092,289348,60343,68770,110571,133936,6655,7293,1755403,1924289,1386468,1477029,215351,262324,13174,14827,98264,120304,2901,3199,39245,46606,1421690,1518805,223850,273636,38958,45938,106979,129701,5488,5985,240481,266495,202975,224635,10778,12573,15596,16152,2362,2707,668,748,8102,9680,210350,233465,13242,15712,21385,22832,3592,4235,1167,1308
R,3,2024,65,4100413,1947115,2153298,1555637,1677771,218061,266698,26860,29459,98008,121582,3418,3747,45131,54041,1596284,1726419,228598,280487,57251,65951,107123,131907,6238,6948,1723392,1902238,1366795,1465552,207854,255208,12629,14457,95837,119051,2783,3085,37494,44885,1400484,1505842,216049,266026,37555,44598,103849,127964,5158,5705,223723,251060,188842,212219,10207,11490,14231,15002,2171,2531,635,662,7637,9156,195800,220577,12549,14461,19696,21353,3274,3943,1080,1243
R,3,2024,66,4075529,1927772,2147757,1547431,1683247,211013,260786,25920,28129,96614,119690,3205,3522,43589,52383,1586656,1730357,221034,274066,55288,64005,105532,129397,5937,6538,1714212,1904448,1366472,1476741,201612,249834,12381,13986,94602,117278,2657,2855,36488,43754,1399196,1515988,209499,260340,36723,43800,102443,125724,4995,5390,213560,243309,180959,206506,9401,10952,13539,14143,2012,2412,548,667,7101,8629,187460,214369,11535,13726,18565,20205,3089,3673,942,1148
R,3,2024,67,3943021,1856654,2086367,1494469,1637526,200519,252333,24416,26548,93016,117238,3080,3399,41154,49323,1531625,1681885,209982,264824,52290,60340,101245,126343,5666,6265,1656347,1855266,1324687,1441104,191687,241757,11760,13406,91135,114960,2552,2804,34526,41235,1355796,1478082,199136,251657,34907,41509,98397,122841,4726,5226,200307,231101,169782,196422,8832,10576,12656,13142,1881,2278,528,595,6628,8088,175829,203803,10846,13167,17383,18831,2848,3502,940,1039
R,3,2024,68,3821175,1793888,2027287,1448954,1595672,189783,240939,23095,25407,90627,115289,2837,3285,38592,46695,1483744,1637592,198661,252784,49141,57323,98338,124064,5301,6052,1603788,1806432,1287684,1407716,181302,230868,11125,12932,88829,113085,2349,2677,32499,39154,1316910,1442759,188306,240220,32840,39567,95649,120750,4457,5031,190100,220855,161270,187956,8481,10071,11970,12475,1798,2204,488,608,6093,7541,166834,194833,10355,12564,16301,17756,2689,3314,844,1021
R,3,2024,69,3720355,1739456,1980899,1411397,1567663,179842,230428,21491,23922,88025,111517,2761,3169,35940,44200,1443715,1607158,188212,241739,45809,54196,95155,119742,5073,5865,1562061,1771676,1260730,1389226,171961,221114,10579,12171,86370,109513,2291,2613,30130,37039,1287762,1422189,178524,230050,30747,37414,92681,116691,4273,4919,177395,209223,150667,178437,7881,9314,10912,11751,1655,2004,470,556,5810,7161,155953,184969,9688,11689,15062,16782,2474,3051,800,946
R,3,2024,70,3525042,1637972,1887070,1340440,1505150,162705,213788,19361,21736,80430,102619,2421,2843,32615,40934,1369792,1541913,170292,224286,41687,49828,86718,110029,4474,5283,1477045,1693725,1203143,1339727,155679,205177,9721,11400,78955,100766,2006,2353,27541,34302,1227877,1370431,161659,213450,28437,34891,84544,107210,3779,4443,160927,193345,137297,165423,7026,8611,9640,10336,1475,1853,415,490,5074,6632,141915,171482,8633,10836,13250,14937,2174,2819,695,840
R,3,2024,71,3408384,1578184,1830200,1297801,1465438,151885,202882,17751,20473,78219,100528,2315,2701,30213,38178,1324946,1499730,158999,212555,38324,46707,84155,107362,4278,5042,1429138,1648031,1170195,1309027,145274,194863,9117,10909,76945,98850,1958,2247,25649,32135,1193161,1337777,150961,202584,26452,32893,82224,104844,3636,4265,149046,182169,127606,156411,6611,8019,8634,9564,1274,1678,357,454,4564,6043,131785,161953,8038,9971,11872,13814,1931,2518,642,777
R,3,2024,72,3236720,1493401,1743319,1236963,1405246,140610,190784,16198,18805,69219,90344,2061,2439,28350,35701,1262510,1437264,147134,200028,35881,43636,74462,96458,3861,4557,1355567,1574544,1118438,1259999,134767,183381,8516,10145,67999,88864,1754,2007,24093,30148,1140059,1286923,140010,190700,25102,31174,72680,94192,3308,3842,137834,168775,118525,145247,5843,7403,7682,8660,1220,1480,307,432,4257,5553,122451,150341,7124,9328,10779,12462,1782,2266,553,715
R,3,2024,73,3060014,1403762,1656252,1157683,1326602,133462,184746,15271,17913,68979,91375,1956,2348,26411,33268,1181392,1356438,139692,193488,33467,40981,73887,97066,3634,4362,1272648,1492665,1044929,1185653,127787,177685,7945,9520,67860,89946,1670,1961,22457,27900,1064993,1210578,132778,184620,23350,28865,72203,94860,3132,3677,131114,163587,112754,140949,5675,7061,7326,8393,1119,1429,286,387,3954,5368,116399,145860,6914,8868,10117,12116,1684,2206,502,685
R,3,2024,74,2941429,1343762,1597667,1113865,1286720,122979,172560,14170,16368,66688,88676,1821,2087,24239,31256,1135720,1314644,128652,180766,30831,38008,71162,93991,3435,4020,1223433,1445357,1010088,1154997,117927,166016,7574,8868,65588,87271,1553,1750,20703,26455,1028701,1178530,122484,172620,21732,27194,69566,91911,2986,3425,120329,152310,103777,131723,5052,6544,6596,7500,1100,1405,268,337,3536,4801,107019,136114,6168,8146,9099,10814,1596,2080,449,595
R,3,2024,75,2829084,1286722,1542362,1074771,1254117,112501,159537,13020,15147,61842,81863,1719,2030,22869,29668,1095302,1280676,117771,167339,28977,35772,66024,86803,3248,3872,1176584,1400579,979430,1131236,108038,153619,7165,8357,60867,80526,1436,1719,19648,25122,997008,1153642,112309,159876,20806,25831,64610,84835,2790,3310,110138,141783,95341,122881,4463,5918,5855,6790,975,1337,283,311,3221,4546,98294,127034,5462,7463,8171,9941,1414,1968,458,562
R,3,2024,76,2811548,1276054,1535494,1082374,1268924,101650,146760,12101,14086,56584,75169,1553,1828,21792,28727,1102102,1294728,106582,154175,27356,34271,60431,79836,2926,3514,1172423,1401581,992383,1152516,97563,141115,6700,7870,55693,74015,1329,1540,18755,24525,1009331,1174475,101590,147143,19762,25067,59122,78122,2566,3044,103631,133913,89991,116408,4087,5645,5401,6216,891,1154,224,288,3037,4202,92771,120253,4992,7032,7594,9204,1309,1714,360,470
R,3,2024,77,2608688,1178490,1430198,1006190,1191007,89036,129893,10823,13122,51169,68507,1386,1573,19886,26096,1024253,1214602,93391,136441,24846,31441,54582,72720,2670,3202,1085298,1306900,925024,1083751,85353,124752,6102,7409,50445,67425,1181,1323,17193,22240,940627,1103788,88882,130014,18206,23077,53494,71098,2329,2743,93192,123298,81166,107256,3683,5141,4721,5713,724,1082,205,250,2693,3856,83626,110814,4509,6427,6640,8364,1088,1622,341,459
R,3,2024,78,1985926,886907,1099019,746744,901448,71971,108185,8549,10855,43540,57204,1170,1514,14933,19813,760173,919153,75476,113475,18730,24302,46318,60663,2290,2872,806532,990011,676588,806440,68806,103623,4641,5789,42833,56221,988,1267,12676,16671,687948,821253,71588,107857,13248,17103,45265,59244,1972,2460,80375,109008,70156,95008,3165,4562,3908,5066,707,983,182,247,2257,3142,72225,97900,3888,5618,5482,7199,1053,1419,318,412
R,3,2024,79,1903326,841131,1062195,712568,876151,65673,102017,7815,10076,40049,53746,1050,1315,13976,18890,725164,892974,69001,107226,17298,22943,42658,56898,2090,2630,769330,962515,649723,788958,62862,98032,4309,5516,39506,52891,907,1091,12023,16027,660523,803176,65555,102233,12439,16433,41829,55659,1839,2245,71801,99680,62845,87193,2811,3985,3506,4560,543,855,143,224,1953,2863,64641,89798,3446,4993,4859,6510,829,1239,251,385
R,3,2024,80,1843224,808028,1035196,690735,864884,60060,94335,7265,9315,36179,47577,893,1175,12896,17910,702363,880878,63140,99164,16263,21677,38381,50459,1828,2420,742217,942097,633033,783272,57545,90623,4133,5172,35653,46810,762,990,11091,15230,643016,796807,60027,94544,11882,15715,37614,49306,1570,2089,65811,93099,57702,81612,2515,3712,3132,4143,526,767,131,185,1805,2680,59347,84071,3113,4620,4381,5962,767,1153,258,331
R,3,2024,81,1754627,761158,993469,653273,833607,55040,89051,6363,8543,33884,44831,792,1074,11806,16363,663903,848262,57826,93506,14446,19902,36029,47422,1645,2138,701925,906632,601223,757574,52702,85463,3660,4674,33415,44133,681,884,10244,13904,610427,769966,54994,89052,10669,14384,35329,46377,1435,1829,59233,86837,52050,76033,2338,3588,2703,3869,469,698,111,190,1562,2459,53476,78296,2832,4454,3777,5518,700,1045,210,309
R,3,2024,82,1470838,629245,841593,536896,701744,46293,76960,5537,7446,29855,40373,724,974,9940,14096,545851,714354,48696,80761,12312,17179,31679,42721,1425,1876,577517,766435,491357,635573,44322,74137,3214,4141,29474,39765,616,813,8534,12006,499035,646263,46261,77213,9022,12441,31092,41805,1223,1609,51728,75158,45539,66171,1971,2823,2323,3305,381,608,108,161,1406,2090,46816,68091,2435,3548,3290,4738,587,916,202,267
R,3,2024,83,1299556,546831,752725,464401,625290,40565,70058,4914,6802,27566,37320,655,839,8730,12416,472247,636318,42715,73580,10833,15197,29217,39424,1255,1685,499847,681964,422962,562965,38764,67265,2862,3780,27208,36755,559,691,7492,10508,429678,572253,40494,70092,7918,10900,28682,38596,1079,1432,46984,70761,41439,62325,1801,2793,2052,3022,358,565,96,148,1238,1908,42569,64065,2221,3488,2915,4297,535,828,176,253
R,3,2024,84,1151528,476626,674902,404115,560338,35473,62996,4239,6069,24746,33536,516,786,7537,11177,410868,570233,37295,66171,9305,13566,26185,35444,1066,1604,434847,610424,367295,503455,33819,60404,2414,3390,24420,33008,412,648,6487,9519,373086,511826,35299,62969,6751,9808,25727,34682,913,1367,41779,64478,36820,56883,1654,2592,1825,2679,326,528,104,138,1050,1658,37782,58407,1996,3202,2554,3758,458,762,153,237
R,3,2024,85,1052020,430467,621553,367013,519508,30752,55858,3796,5692,21774,29838,440,673,6692,9984,373032,528411,32396,58671,8268,12430,23093,31470,911,1335,393586,563252,334396,468107,29359,53529,2182,3212,21494,29400,358,545,5797,8459,339597,475595,30680,55811,6054,8931,22678,30830,781,1139,36881,58301,32617,51401,1393,2329,1614,2480,280,438,82,128,895,1525,33435,52816,1716,2860,2214,3499,415,640,130,196
R,3,2024,86,926973,373389,553584,318010,462294,26670,49925,3211,4788,19181,27282,417,597,5900,8698,323333,470015,28195,52441,7140,10503,20291,28838,829,1205,341494,502228,289689,416842,25492,47867,1898,2720,18935,26889,357,494,5123,7416,294311,423375,26733,49937,5317,7603,19931,28257,711,1035,31895,51356,28321,45452,1178,2058,1313,2068,246,393,60,103,777,1282,29022,46640,1462,2504,1823,2900,360,581,118,170
R,3,2024,87,802912,317282,485630,270283,406420,22114,43103,2702,4244,16795,23751,326,531,5062,7581,274821,413062,23418,45340,5987,9167,17810,25168,728,1097,289610,439597,245649,365622,21102,41337,1586,2365,16597,23408,283,435,4393,6430,249570,371214,22169,43193,4425,6523,17513,24649,646,927,27672,46033,24634,40798,1012,1766,1116,1879,198,343,43,96,669,1151,25251,41848,1249,2147,1562,2644,297,519,82,170
R,3,2024,88,710425,275614,434811,235058,363302,19424,38960,2348,3800,14208,21437,261,438,4315,6874,238934,369399,20556,40986,5076,8251,15114,22688,601,931,251825,394159,213925,327298,18550,37435,1367,2130,14036,21080,213,363,3734,5853,217264,332467,19484,39091,3710,5940,14851,22174,522,792,23789,40652,21133,36004,874,1525,981,1670,172,357,48,75,581,1021,21670,36932,1072,1895,1366,2311,263,514,79,139
R,3,2024,89,622396,236705,385691,202376,323199,16267,34034,2022,3363,12157,18647,286,400,3597,6048,205598,328521,17215,35774,4284,7269,12906,19822,565,850,216170,350035,184045,291600,15508,32660,1204,1875,12027,18363,245,337,3141,5200,186843,296145,16297,34084,3161,5237,12714,19420,492,746,20535,35656,18331,31599,759,1374,818,1488,130,284,41,63,456,848,18755,32376,918,1690,1123,2032,192,402,73,104
R,3,2024,90,506635,188823,317812,161341,265774,12864,28005,1608,2632,9812,16131,209,330,2989,4940,164025,270066,13612,29440,3503,5813,10477,17118,436,734,172352,288396,146670,239600,12283,26835,944,1533,9684,15896,172,278,2599,4254,148991,243282,12910,28011,2573,4276,10286,16781,370,638,16471,29416,14671,26174,581,1170,664,1099,128,235,37,52,390,686,15034,26784,702,1429,930,1537,191,337,66,96
R,3,2024,91,447334,162406,284928,138802,238795,11053,24739,1314,2432,8482,14366,161,319,2594,4277,141117,242541,11725,26010,2910,5150,9072,15199,385,669,148764,259277,126636,215964,10563,23738,783,1445,8376,14149,141,269,2265,3712,128655,219204,11125,24797,2166,3807,8911,14889,344,586,13642,25651,12166,22831,490,1001,531,987,106,217,20,50,329,565,12462,23337,600,1213,744,1343,161,310,41,83
R,3,2024,92,374868,133069,241799,114976,204857,8133,19428,1052,1935,6685,11667,122,266,2101,3646,116845,207997,8719,20527,2328,4254,7153,12394,300,592,121806,220703,104878,185963,7769,18667,611,1157,6607,11524,103,223,1838,3169,106511,188672,8276,19590,1707,3168,7026,12188,259,518,11263,21096,10098,18894,364,761,441,778,78,143,19,43,263,477,10334,19325,443,937,621,1086,127,206,41,74
R,3,2024,93,320341,110228,210113,94804,177484,6862,16836,911,1677,5834,10665,123,220,1694,3231,96327,180272,7327,17787,1924,3739,6239,11319,266,503,100800,191314,86386,160702,6533,16123,534,969,5759,10538,105,186,1483,2796,87716,163088,6926,16916,1413,2747,6124,11127,233,442,9428,18799,8418,16782,329,713,377,708,75,127,18,34,211,435,8611,17184,401,871,511,992,115,192,33,61
R,3,2024,94,257022,85448,171574,73389,144798,5293,13973,724,1277,4626,8777,80,184,1336,2565,74554,147016,5671,14767,1536,2870,4932,9302,221,414,78193,156672,66890,131529,5061,13391,442,753,4572,8644,65,161,1163,2194,67899,133405,5368,14053,1141,2108,4853,9107,192,368,7255,14902,6499,13269,232,582,282,524,54,133,15,23,173,371,6655,13611,303,714,395,762,79,195,29,46
R,3,2024,95,200313,64303,136010,55212,115024,4035,10840,534,996,3425,6934,64,143,1033,2073,56122,116796,4350,11498,1166,2259,3664,7375,152,347,58820,124560,50310,104845,3847,10367,316,597,3386,6827,54,123,907,1801,51109,106368,4115,10928,863,1682,3607,7225,132,301,5483,11450,4902,10179,188,473,218,399,39,107,10,20,126,272,5013,10428,235,570,303,577,57,150,20,46
R,3,2024,96,157760,48671,109089,41673,92152,3033,8678,409,865,2652,5644,60,109,844,1641,42406,93550,3284,9178,889,1901,2853,5984,141,266,44663,100285,38098,84308,2899,8327,247,532,2630,5569,53,94,736,1455,38736,85540,3105,8754,660,1459,2817,5874,121,238,4008,8804,3575,7844,134,351,162,333,22,75,7,15,108,186,3670,8010,179,424,229,442,36,110,20,28
R,3,2024,97,116968,34731,82237,29544,69263,2273,6566,274,616,1978,4439,27,99,635,1254,30108,70336,2452,6972,647,1368,2132,4694,88,235,31826,75622,26947,63354,2179,6292,166,399,1954,4384,22,86,558,1107,27442,64295,2327,6646,499,1047,2094,4622,73,209,2905,6615,2597,5909,94,274,108,217,24,55,5,13,77,147,2666,6041,125,326,148,321,38,72,15,26
R,3,2024,98,85452,24514,60938,20634,50977,1656,5001,210,482,1534,3389,36,64,444,1025,20999,51826,1781,5358,459,1096,1666,3612,98,175,22500,56133,18831,46703,1590,4807,140,315,1518,3347,30,53,391,908,19151,47454,1693,5104,354,857,1641,3541,87,150,2014,4805,1803,4274,66,194,70,167,16,42,6,11,53,117,1848,4372,88,254,105,239,25,71,11,25
R,3,2024,99,60667,16544,44123,13798,36891,1148,3611,156,371,1125,2460,17,53,300,737,14053,37482,1235,3877,338,803,1197,2628,51,139,15200,40742,12623,33896,1096,3462,103,254,1109,2436,14,47,255,647,12843,34412,1170,3691,254,629,1170,2583,40,122,1344,3381,1175,2995,52,149,53,117,16,24,3,6,45,90,1210,3070,65,186,84,174,27,45,11,17
R,3,2024,100,106981,27054,79927,21440,64443,2214,7579,360,754,2282,5449,69,132,689,1570,22001,65695,2486,8166,701,1624,2492,5837,183,346,24520,73854,19246,59113,2119,7281,247,542,2249,5397,53,115,606,1406,19742,60227,2355,7799,543,1316,2435,5742,149,297,2534,6073,2194,5330,95,298,113,212,33,52,16,17,83,164,2259,5468,131,367,158,308,57,95,34,49
R,4,2024,999,339176557,166451929,172724628,121808313,124754332,21833031,23913922,3482902,3388186,10966126,11977454,465014,466040,7896543,8224694,129064885,132298599,24892132,27144734,6754088,6906498,13433588,14451635,984827,985019,132442864,138502602,94876327,97560074,19766182,21804160,1151334,1187354,10509095,11512893,343053,342958,5796873,6095163,100208722,103155871,21948143,24134300,3349996,3612377,12462757,13472565,718741,718421,34009065,34222026,26931986,27194258,2066849,2109762,2331568,2200832,457031,464561,121961,123082,2099670,2129531,28856163,29142728,2943989,3010434,3404092,3294121,970831,979070,266086,266598
R,4,2024,0,3613088,1847802,1765286,1202437,1147392,293536,284193,47001,44784,114400,107257,6839,6670,183589,174990,1374377,1311012,382733,369920,98324,93786,179014,168431,17426,16718,1304194,1243894,813800,773999,246624,239158,11583,11258,103755,97030,4622,4442,123810,118007,930393,884990,306404,296873,40209,38408,150639,141391,11145,10485,543608,521392,388637,373393,46912,45035,35418,33526,10645,10227,2217,2228,59779,56983,443984,426022,76329,73047,58115,55378,28375,27040,6281,6233
R,4,2024,1,3708364,1893208,1815156,1229169,1175434,304069,294577,47701,46289,119759,113424,7128,6984,185382,178448,1402768,1342259,394041,381878,99299,96124,185239,176033,17787,17204,1342599,1283700,833855,794551,257092,249282,12034,11596,108884,103039,4717,4528,126017,120704,952487,908040,317795,308154,41076,39264,156838,148681,11360,10707,550609,531456,395314,380883,46977,45295,35667,34693,10875,10385,2411,2456,59365,57744,450281,434219,76246,73724,58223,56860,28401,27352,6427,6497
R,4,2024,2,3777721,1929667,1848054,1254495,1197626,310415,302251,46061,44232,123078,116706,7087,6811,188531,180428,1431041,1366291,401898,390428,98424,94446,189740,180199,17917,17128,1386241,1322430,863526,819190,264267,257476,12467,11793,112725,106614,4725,4451,128531,122906,984505,934723,326108,317306,42029,39901,161767,153261,11505,10758,543426,525624,390969,378436,46148,44775,33594,32439,10353,10092,2362,2360,60000,57522,446536,431568,75790,73122,56395,54545,27973,26938,6412,6370
R,4,2024,3,3665012,1873407,1791605,1213790,1156108,307292,298717,44015,42447,122189,115696,6506,6128,179615,172509,1381983,1317387,394426,383053,93865,90371,185754,176413,16811,15972,1356671,1294082,839963,795998,264543,257502,12383,12007,112643,106345,4553,4180,122586,118050,955343,906973,323472,314961,40550,39009,159495,151160,11017,10231,516736,497523,373827,360110,42749,41215,31632,30440,9546,9351,1953,1948,57029,54459,426640,410414,70954,68092,53315,51362,26259,25253,5794,5741
R,4,2024,4,3826837,1954228,1872609,1284736,1225155,303473,296326,46975,44819,126298,120644,7065,6690,185681,178975,1458626,1392533,393605,383892,98195,94308,192121,183618,17700,16835,1433775,1372575,905579,860323,263007,257553,14649,14108,116885,111452,4910,4733,128745,124406,1026742,977273,324953,318181,44240,42617,166014,158553,11716,11101,520453,500034,379157,364832,40466,38773,32326,30711,9413,9192,2155,1957,56936,54569,431884,415260,68652,65711,53955,51691,26107,25065,5984,5734
R,4,2024,5,3868538,1974240,1894298,1306146,1248073,306297,298958,47317,45682,125026,119708,7157,6905,182297,174972,1476884,1411699,394076,383605,98059,94418,189505,181497,17890,17001,1455472,1393711,925645,880410,266521,261019,15130,14768,115876,110758,5056,4970,127244,121786,1045368,994792,327493,319916,44484,42854,164374,156811,11929,11432,518768,500587,380501,367663,39776,37939,32187,30914,9150,8950,2101,1935,55053,53186,431516,416907,66583,63689,53575,51564,25131,24686,5961,5569
R,4,2024,6,3941677,2013269,1928408,1333294,1272023,314245,306272,49053,47102,128023,122620,7498,6694,181156,173697,1502806,1434272,400905,390045,100311,96149,192065,183753,18309,16784,1484973,1418484,944032,896537,274601,267692,15654,14971,118770,113642,5342,4726,126574,120916,1062989,1010078,334947,325937,45447,43084,166842,159398,12325,11082,528296,509924,389262,375486,39644,38580,33399,32131,9253,8978,2156,1968,54582,52781,439817,424194,65958,64108,54864,53065,25223,24355,5984,5702
R,4,2024,7,4012206,2049638,1962568,1363072,1299289,314492,306977,50960,49010,132671,126191,7545,7113,180898,173988,1531891,1461667,399866,390396,103080,99457,196601,186816,18479,17469,1510794,1442047,964803,914838,274240,267999,16215,15702,123289,117235,5358,5064,126889,121209,1083809,1028551,333903,326170,46548,44879,171555,162516,12420,11669,538844,520521,398269,384451,40252,38978,34745,33308,9382,8956,2187,2049,54009,52779,448082,433116,65963,64226,56532,54578,25046,24300,6059,5800
R,4,2024,8,4075437,2081963,1993474,1395354,1328992,316231,308816,51737,50381,130550,125090,7465,7125,180626,173070,1564153,1490493,400774,390962,104895,101162,194005,185346,18439,17533,1533134,1465226,987390,936257,276271,270041,16484,16176,121235,116146,5313,5086,126441,121520,1106128,1050215,335438,327931,47506,45871,168851,161407,12342,11777,548829,528248,407964,392735,39960,38775,35253,34205,9315,8944,2152,2039,54185,51550,458025,440278,65336,63031,57389,55291,25154,23939,6097,5756
R,4,2024,9,4094882,2092110,2002772,1401413,1335897,319536,310765,52342,50696,133166,126341,7341,7225,178312,171848,1567985,1496187,402719,392251,105533,102025,195425,185458,17939,17360,1546057,1475948,993813,943824,279847,271889,17001,16258,124051,117694,5280,5118,126065,121165,1112139,1057385,338645,329588,48492,46367,171169,162336,12216,11688,546053,526824,407600,392073,39689,38876,35341,34438,9115,8647,2061,2107,52247,50683,455846,438802,64074,62663,57041,55658,24256,23122,5723,5672
R,4,2024,10,4062719,2077034,1985685,1396710,1330148,316811,307847,52126,50171,130080,123719,7431,7103,173876,166697,1559175,1485658,397395,386396,104953,100864,190345,180695,17940,17083,1535884,1463797,991759,940283,277705,269361,16801,16170,120967,115166,5255,4974,123397,117843,1107571,1050779,334949,325351,48279,46181,166764,158123,12150,11499,541150,521888,404951,389865,39106,38486,35325,34001,9113,8553,2176,2129,50479,48854,451604,434879,62446,61045,56674,54683,23581,22572,5790,5584
R,4,2024,11,4094385,2091330,2003055,1405153,1341328,317592,308993,53220,51188,136408,129063,7624,7169,171333,165314,1564853,1495293,396403,385733,106216,102603,195887,185698,18020,17080,1546552,1477752,996385,947097,278474,271205,17109,16331,127502,120572,5378,5061,121704,117486,1110475,1057042,334481,326036,48714,46945,172754,163641,12220,11594,544778,525303,408768,394231,39118,37788,36111,34857,8906,8491,2246,2108,49629,47828,454378,438251,61922,59697,57502,55658,23133,22057,5800,5486
R,4,2024,12,4108194,2101646,2006548,1419808,1351477,319920,309365,54295,51117,131287,124637,7383,7050,168953,162902,1577298,1503244,397179,384338,107633,102493,189181,180049,17740,16941,1551140,1478372,1005255,952916,280776,271957,17139,16435,122321,116274,5219,4913,120430,115877,1118055,1061318,336147,325680,49211,47259,166430,158458,12068,11486,550506,528176,414553,398561,39144,37408,37156,34682,8966,8363,2164,2137,48523,47025,459243,441926,61032,58658,58422,55234,22751,21591,5672,5455
R,4,2024,13,4168942,2132346,2036596,1444595,1374446,326853,315676,54850,53086,129501,123065,7447,7303,169100,163020,1602183,1526134,403436,390390,109424,105898,186971,177976,17695,17176,1568962,1494214,1017824,964370,287622,277679,17169,16734,120578,114572,5319,5112,120450,115747,1130609,1072480,342466,331157,50018,48442,164337,156267,12182,11574,563384,542382,426771,410076,39231,37997,37681,36352,8923,8493,2128,2191,48650,47273,471574,453654,60970,59233,59406,57456,22634,21709,5513,5602
R,4,2024,14,4269472,2183847,2085625,1485924,1412872,334281,323232,54543,52077,129584,124289,7434,7118,172081,166037,1646329,1567513,412657,400089,109971,105419,187485,179420,17838,17175,1599846,1526153,1035870,981949,295449,285553,17476,17033,121100,116154,5163,4843,124788,120621,1152693,1094754,352649,341724,51621,50103,165983,158903,12223,11676,584001,559472,450054,430923,38832,37679,37067,35044,8484,8135,2271,2275,47293,45416,493636,472759,60008,58365,58350,55316,21502,20517,5615,5499
R,4,2024,15,4363103,2232463,2130640,1524938,1447676,341191,329592,55934,53900,131123,125470,7422,7215,171855,166787,1684746,1602962,419144,406145,112462,108689,188234,180063,18086,17361,1631653,1556331,1059608,1003582,301600,291862,18015,17563,122530,117270,5100,4855,124800,121199,1176116,1116847,358907,348212,53027,51663,166851,159503,12318,11775,600810,574309,465330,444094,39591,37730,37919,36337,8593,8200,2322,2360,47055,45588,508630,486115,60237,57933,59435,57026,21383,20560,5768,5586
R,4,2024,16,4471339,2287211,2184128,1565400,1487795,347217,335182,58266,55745,135859,129786,7523,7202,172946,168418,1726166,1644190,424968,411994,116513,112605,192909,184721,18280,17478,1670179,1593486,1085718,1029832,307283,297234,18662,17790,127146,121396,5094,4919,126276,122315,1203531,1143964,364532,353759,55108,53191,171731,163786,12469,11860,617032,590642,479682,457963,39934,37948,39604,37955,8713,8390,2429,2283,46670,46103,522635,500226,60436,58235,61405,59414,21178,20935,5811,5618
R,4,2024,17,4480368,2295248,2185120,1578643,1495299,345866,332380,60155,56348,134106,129035,7544,7273,168934,164785,1735554,1648269,420896,406500,118118,112834,189687,182526,18054,17349,1672145,1594185,1094865,1035709,305637,294513,18529,17889,125406,120820,5034,4907,122674,120347,1209273,1147971,360505,349353,54579,53355,168712,162401,12205,11742,623103,590935,483778,459590,40229,37867,41626,38459,8700,8215,2510,2366,46260,44438,526281,500298,60391,57147,63539,59479,20975,20125,5849,5607
R,4,2024,18,4419247,2265919,2153328,1565827,1477527,334377,323501,59437,55622,136468,132374,7485,7197,162325,157107,1716559,1623298,405305,392936,116544,110348,189425,183724,17366,16777,1653778,1575847,1088893,1026703,295843,287037,17993,17510,127992,124535,5103,4917,117954,115145,1198908,1133965,347665,338604,53833,52097,169403,164673,11866,11551,612141,577481,476934,450824,38534,36464,41444,38112,8476,7839,2382,2280,44371,41962,517651,489333,57640,54332,62711,58251,20022,19051,5500,5226
R,4,2024,19,4437479,2277468,2160011,1575658,1484785,332896,319608,59930,55183,143501,140373,7611,7140,157872,152922,1722048,1626465,400305,386362,116371,109784,195880,190183,17374,16553,1666268,1586379,1097526,1035486,295054,283813,18223,17208,135160,132655,5219,4981,115086,112236,1204613,1139806,344288,333201,53912,51978,176309,171916,11971,11518,611200,573632,478132,449299,37842,35795,41707,37975,8341,7718,2392,2159,42786,40686,517435,486659,56017,53161,62459,57806,19571,18267,5403,5035
R,4,2024,20,4472993,2295905,2177088,1594917,1501850,332389,320841,60058,54423,145809,142886,7799,7207,154933,149881,1738509,1640997,397701,385067,116884,109115,196416,191301,17451,16270,1688479,1607439,1118809,1054501,295325,285550,18067,17193,137704,135321,5302,5057,113272,109817,1224215,1156811,343269,332904,54205,52055,177577,173458,11940,11376,607426,569649,476108,447349,37064,35291,41991,37230,8105,7565,2497,2150,41661,40064,514294,484186,54432,52163,62679,57060,18839,17843,5511,4894
R,4,2024,21,4434287,2274773,2159514,1579265,1488967,332573,321558,60015,53999,147477,144332,7632,6985,147811,143673,1716199,1621743,394172,382676,115131,107214,195749,190880,16789,15827,1673193,1595074,1106962,1044999,295234,286427,17830,16780,139771,136732,5349,4906,108047,105230,1207307,1142591,340550,331710,52946,50767,177707,173252,11727,11075,601580,564440,472303,443968,37339,35131,42185,37219,7706,7600,2283,2079,39764,38443,508892,479152,53622,50966,62185,56447,18042,17628,5062,4752
R,4,2024,22,4584138,2328578,2255560,1609888,1549119,348316,346461,59060,54365,161733,158474,7637,7610,141944,139531,1740814,1677603,407256,406032,112410,105642,207929,203867,16880,16664,1724185,1683281,1133719,1097675,310071,309901,17540,17243,153931,150729,5346,5416,103578,102317,1229476,1192128,353289,353894,51378,50017,190382,186565,11872,11838,604393,572279,476169,451444,38245,36560,41520,37122,7802,7745,2291,2194,38366,37214,511338,485475,53967,52138,61032,55625,17547,17302,5008,4826
R,4,2024,23,4888427,2473885,2414542,1706385,1659430,371909,370268,60195,55181,188654,184177,8492,8371,138250,137115,1833207,1785142,429276,428947,111151,104371,234606,229663,18123,17686,1856964,1827977,1219628,1194313,331698,332326,18210,17929,180413,176076,6176,6030,100839,101303,1312338,1287346,373522,375789,50562,49499,216696,212456,13002,12770,616921,586565,486757,465117,40211,37942,41985,37252,8241,8101,2316,2341,37411,35812,520869,497796,55754,53158,60589,54872,17910,17207,5121,4916
R,4,2024,24,4809326,2439416,2369910,1694503,1634953,359234,360410,58754,53114,187027,181804,8453,8068,131445,131561,1815013,1755817,413208,416374,108217,100545,230325,225382,17278,16682,1837598,1800568,1217133,1182720,321108,323690,17830,16986,179025,173942,6247,5672,96255,97558,1305576,1272552,360652,365565,49213,47381,213586,208867,12555,11751,601818,569342,477370,452233,38126,36720,40924,36128,8002,7862,2206,2396,35190,34003,509437,483265,52556,50809,59004,53164,16739,16515,4723,4931
R,4,2024,25,4696584,2381541,2315043,1662010,1601890,344952,346716,56922,51616,182894,180066,8295,8003,126468,126752,1777864,1718251,396086,400281,105068,98172,224454,221584,17050,16430,1797722,1760302,1198904,1160743,308165,311164,17063,16318,174962,172119,6047,5737,92581,94221,1283865,1247457,345649,351016,47729,46574,208084,205480,12327,11768,583819,554741,463106,441147,36787,35552,39859,35298,7932,7947,2248,2266,33887,32531,493999,470794,50437,49265,57339,51598,16370,16104,4723,4662
R,4,2024,26,4534048,2299454,2234594,1603081,1540736,330802,331481,54881,49922,183009,183368,7976,7730,119705,121357,1712861,1651948,378814,382245,100809,94992,222280,223103,16115,15527,1736613,1701614,1155748,1116128,295901,298198,15958,15358,175336,175733,5844,5547,87826,90650,1236326,1199369,331030,336310,45244,44453,206941,208088,11738,11253,562841,532980,447333,424608,34901,33283,38923,34564,7673,7635,2132,2183,31879,30707,476535,452579,47784,45935,55565,50539,15339,15015,4377,4274
R,4,2024,27,4449237,2254526,2194711,1575532,1510864,319396,322241,54313,49054,182162,186963,7660,7244,115463,118345,1681025,1619452,364914,370874,99471,93988,220140,225359,15539,14906,1698372,1669196,1133622,1092763,284775,289503,15428,14814,174810,179531,5561,5287,84176,87298,1210755,1172978,317683,325576,43830,43447,205391,210539,11248,10781,556154,525515,441910,418101,34621,32738,38885,34240,7352,7432,2099,1957,31287,31047,470270,446474,47231,45298,55641,50541,14749,14820,4291,4125
R,4,2024,28,4472771,2261412,2211359,1583401,1524315,319138,324582,54872,49058,183083,190138,7654,7346,113264,115920,1686953,1630345,363284,371674,99552,94176,220101,227395,15640,15077,1707128,1685608,1143730,1106123,284408,291456,15407,14566,175488,182427,5563,5458,82532,85578,1219330,1184603,316190,326154,43679,43485,205380,212629,11354,11092,554284,525751,439671,418192,34730,33126,39465,34492,7595,7711,2091,1888,30732,30342,467623,445742,47094,45520,55873,50691,14721,14766,4286,3985
R,4,2024,29,4493209,2264876,2228333,1587047,1532522,322084,334411,54901,49096,182257,190093,7763,7402,110824,114809,1688008,1637327,364813,380691,99718,94255,218287,226971,15633,15203,1716169,1703283,1152133,1114842,287765,300582,15435,14746,174740,182667,5725,5463,80371,84983,1225357,1192499,318418,334636,43663,43976,203820,212734,11470,11177,548707,525050,434914,417680,34319,33829,39466,34350,7517,7426,2038,1939,30453,29826,462651,444828,46395,46055,56055,50279,14467,14237,4163,4026
R,4,2024,30,4524815,2275619,2249196,1595165,1543761,326046,343236,54684,49789,183670,191363,7600,7374,108454,113673,1693743,1647506,367111,388629,98931,95789,219180,227397,15614,15116,1733637,1726517,1164642,1128551,292489,309645,15631,15224,176356,183874,5546,5412,78973,83811,1236452,1205202,321862,342850,43522,45021,205357,213093,11402,11063,541982,522679,430523,415210,33557,33591,39053,34565,7314,7489,2054,1962,29481,29862,457291,442304,45249,45779,55409,50768,13823,14304,4212,4053
R,4,2024,31,4600563,2309131,2291432,1620154,1572369,331887,351444,55499,50931,187613,196033,7738,7464,106240,113191,1716613,1675544,371654,395582,99767,97918,222077,231800,15546,15105,1767415,1766945,1189605,1155990,297904,317577,16113,15625,180433,188522,5769,5393,77591,83838,1260090,1232508,326385,349638,44459,46573,208456,217804,11524,11012,541716,524487,430549,416379,33983,33867,39386,35306,7180,7511,1969,2071,28649,29353,456523,443036,45269,45944,55308,51345,13621,13996,4022,4093
R,4,2024,32,4661190,2334147,2327043,1646542,1604058,331231,354967,55952,50997,188059,197672,7646,7317,104717,112032,1741769,1706071,369050,397792,100909,98864,221831,232788,15395,14915,1795191,1806324,1218120,1191072,297557,320380,16598,16188,180974,190446,5685,5447,76257,82791,1287492,1266578,324363,351326,45339,47676,208586,219107,11473,11076,538956,520719,428422,412986,33674,34587,39354,34809,7085,7226,1961,1870,28460,29241,454277,439493,44687,46466,55570,51188,13245,13681,3922,3839
R,4,2024,33,4767553,2387176,2380377,1688239,1640220,337102,364801,56942,51761,193098,203813,7845,7596,103950,112186,1782372,1742492,374089,406397,102099,100942,226971,238861,15652,15305,1845525,1858388,1258259,1227181,303103,330018,16906,16476,185802,196376,5835,5613,75620,82724,1326831,1302708,329058,359746,45714,48957,213534,225006,11614,11362,541651,521989,429980,413039,33999,34783,40036,35285,7296,7437,2010,1983,28330,29462,455541,439784,45031,46651,56385,51985,13437,13855,4038,3943
R,4,2024,34,4750842,2374564,2376278,1682867,1639349,335084,363137,55392,51236,192597,205706,7639,7448,100985,109402,1774508,1738693,370209,403013,99859,100138,225382,239850,15185,14990,1847851,1864691,1263878,1233869,302130,328943,16759,16587,185697,198668,5745,5553,73642,81071,1330720,1307553,326625,357307,45428,49309,212652,226760,11389,11294,526713,511587,418989,405480,32954,34194,38633,34649,6900,7038,1894,1895,27343,28331,443788,431140,43584,45706,54431,50829,12730,13090,3796,3696
R,4,2024,35,4624557,2305959,2318598,1640378,1604487,317909,348087,53346,49844,190876,205020,7389,7079,96061,104081,1727415,1699037,350595,385287,96068,97243,222400,237424,14653,14134,1802310,1827130,1239206,1213851,287049,315795,16163,16318,184090,198336,5526,5291,70276,77539,1302825,1284290,309847,342283,43787,48319,210105,225230,11067,10667,503649,491468,401172,390636,30860,32292,37183,33526,6786,6684,1863,1788,25785,26542,424590,414747,40748,43004,52281,48924,12295,12194,3586,3467
R,4,2024,36,4555607,2269071,2286536,1625535,1591852,306349,337375,53108,48875,184205,199722,7200,7099,92674,101613,1709570,1684173,337220,373333,95160,95977,214054,230982,14191,14122,1772611,1801832,1229255,1206282,276458,306050,15909,15560,177642,193157,5346,5268,68001,75515,1290857,1275011,297989,331520,43237,47369,202481,218961,10713,10590,496460,484704,396280,385570,29891,31325,37199,33315,6563,6565,1854,1831,24673,26098,418713,409162,39231,41813,51923,48608,11573,12021,3478,3532
R,4,2024,37,4501625,2241187,2260438,1614158,1581872,299669,329875,51902,48668,179011,194597,7212,6891,89235,98535,1694891,1671378,328773,364181,93473,95669,207834,224497,14063,13495,1753446,1781912,1224319,1200984,270347,299349,15452,15246,172726,188145,5372,5076,65230,73112,1283264,1267380,290504,323515,42388,47142,196665,212940,10625,10083,487741,478526,389839,380888,29322,30526,36450,33422,6285,6452,1840,1815,24005,25423,411627,403998,38269,40666,51085,48527,11169,11557,3438,3412
R,4,2024,38,4542546,2261839,2280707,1634383,1601660,299074,329931,52493,48687,179748,196432,7077,6874,89064,97123,1715107,1689889,327677,362705,94636,95886,208182,225696,13992,13646,1771460,1803615,1242180,1220650,270063,300151,15199,15622,173423,189991,5368,5151,65227,72050,1301294,1286124,289609,322984,42893,47891,197072,214207,10585,10287,490379,477092,392203,381010,29011,29780,37294,33065,6325,6441,1709,1723,23837,25073,413813,403765,38068,39721,51743,47995,11110,11489,3407,3359
R,4,2024,39,4475079,2225727,2249352,1614228,1584363,290053,321383,51313,48715,177950,194804,6929,6811,85254,93276,1691341,1668953,316603,352105,92548,95366,205110,222457,13466,13303,1747895,1779104,1231241,1208352,262710,292719,14873,15421,171633,188618,5178,5100,62260,68894,1287516,1270855,280829,314004,41945,47123,194152,211516,10171,10047,477832,470248,382987,376011,27343,28664,36440,33294,6317,6186,1751,1711,22994,24382,403825,398098,35774,38101,50603,48243,10958,10941,3295,3256
R,4,2024,40,4393213,2180896,2212317,1584071,1558111,282519,316068,50813,47509,174242,192279,6731,6754,82520,91596,1658437,1640942,307958,345808,91569,94390,200192,219059,13291,13262,1712601,1749731,1208784,1187110,255431,288185,14698,14991,168309,186273,5078,5034,60301,68138,1263005,1248690,272847,308929,41579,47362,189752,208439,10117,10035,468295,462586,375287,371001,27088,27883,36115,32518,5933,6006,1653,1720,22219,23458,395432,392252,35111,36879,49990,47028,10440,10620,3174,3227
R,4,2024,41,4440155,2196888,2243267,1599700,1585077,285226,319205,51413,48882,171514,191916,6444,6572,82591,91615,1674378,1667853,310481,348545,93176,96853,196499,218175,12877,13018,1727731,1771782,1222895,1205935,258475,291377,15139,15468,165835,185966,4775,4923,60612,68113,1277612,1267431,275895,311854,42982,48803,186564,207574,9692,9854,469157,471485,376805,379142,26751,27828,36274,33414,5679,5950,1669,1649,21979,23502,396766,400422,34586,36691,50194,48050,9935,10601,3185,3164
R,4,2024,42,4363559,2154876,2208683,1575268,1564131,278648,313585,50079,47686,165318,187648,6365,6478,79198,89155,1646583,1644603,302824,342279,90521,94931,189158,212716,12551,12732,1696360,1745441,1206937,1191799,252610,286136,14348,14741,159627,181784,4739,4756,58099,66225,1259111,1251642,269327,306111,41412,47464,179367,202473,9526,9536,458516,463242,368331,372332,26038,27449,35731,32945,5691,5864,1626,1722,21099,22930,387472,392961,33497,36168,49109,47467,9791,10243,3025,3196
R,4,2024,43,4376062,2162183,2213879,1582764,1569935,283627,319293,50830,48082,159604,182321,6446,6316,78912,87932,1653965,1649457,307484,347488,91890,95373,182770,206442,12493,12340,1700423,1748788,1211057,1195212,258088,291944,14891,15032,153943,176437,4694,4746,57750,65417,1263028,1254360,274531,311755,42362,48027,173054,196296,9338,9272,461760,465091,371707,374723,25539,27349,35939,33050,5661,5884,1752,1570,21162,22515,390937,395097,32953,35733,49528,47346,9716,10146,3155,3068
R,4,2024,44,4299725,2123100,2176625,1554772,1542241,281018,315892,49082,47310,155800,178930,6335,6443,76093,85809,1623282,1619532,303951,343352,89157,93760,177732,202330,12156,12464,1671753,1719662,1189984,1174262,256470,289050,14317,14812,150347,173272,4765,4703,55870,63563,1240161,1231477,272168,308078,41318,47203,168589,192506,9317,9300,451347,456963,364788,367979,24548,26842,34765,32498,5453,5658,1570,1740,20223,22246,383121,388055,31783,35274,47839,46557,9143,9824,2839,3164
R,4,2024,45,4096545,2019120,2077425,1480592,1474062,265740,299517,47051,45042,147941,171895,5945,5810,71851,81099,1545278,1547134,287018,325285,85658,89252,168413,193853,11281,11333,1591910,1642466,1135394,1122855,242740,274446,13588,13921,142832,166458,4446,4237,52910,60549,1182999,1177388,257400,292357,39832,45112,159756,184622,8536,8452,427210,434959,345198,351207,23000,25071,33463,31121,5109,5437,1499,1573,18941,20550,362279,369746,29618,32928,45826,44140,8657,9231,2745,2881
R,4,2024,46,4038515,1985497,2053018,1464369,1466256,256394,290578,45941,44699,143354,166535,5606,5809,69833,79141,1527428,1537637,276921,315067,83725,88410,163256,188044,10653,11171,1564688,1620428,1122597,1115614,234594,266176,13468,14208,138413,161242,4175,4245,51441,58943,1168977,1168748,248547,283203,39145,44972,155023,178904,8040,8402,420809,432590,341772,350642,21800,24402,32473,30491,4941,5293,1431,1564,18392,20198,358451,368889,28374,31864,44580,43438,8233,9140,2613,2769
R,4,2024,47,3936742,1934497,2002245,1425612,1428070,248216,283070,44630,43191,143106,166764,5512,5574,67421,75576,1486304,1496161,267682,306371,81668,85577,162005,187090,10564,10618,1523839,1577102,1090969,1081827,227154,259592,13365,13684,138358,161588,4110,4118,49883,56293,1135732,1132447,240475,275776,38775,43422,154187,178464,8020,8014,410658,425143,334643,346243,21062,23478,31265,29507,4748,5176,1402,1456,17538,19283,350572,363714,27207,30595,42893,42155,7818,8626,2544,2604
R,4,2024,48,3872187,1901317,1970870,1400343,1406573,243358,277036,43543,42062,143813,166897,5232,5425,65028,72877,1458873,1472070,261740,299170,79819,83162,161725,186294,9955,10299,1500115,1554652,1072782,1065686,223037,254907,12966,13449,139141,161838,3976,4029,48213,54743,1116104,1114830,235680,270460,38051,42641,154103,177982,7658,7807,401202,416218,327561,340887,20321,22129,30577,28613,4672,5059,1256,1396,16815,18134,342769,357240,26060,28710,41768,40521,7622,8312,2297,2492
R,4,2024,49,3886384,1910432,1975952,1412629,1417767,241722,273174,42692,41813,145165,166958,5052,5201,63172,71039,1469466,1481747,259518,294249,78321,82424,162331,185871,9548,9703,1516460,1566175,1089910,1081461,222077,251766,13012,13491,140636,162145,3815,3882,47010,53430,1132125,1129462,234485,266575,37800,42427,154911,177942,7268,7335,393972,409777,322719,336306,19645,21408,29680,28322,4529,4813,1237,1319,16162,17609,337341,352285,25033,27674,40521,39997,7420,7929,2280,2368
R,4,2024,50,3793926,1860682,1933244,1374902,1384755,236677,268950,40726,40357,142722,165132,4910,5153,60745,68897,1429526,1446722,253376,289196,75296,79864,159338,183538,9237,9620,1484304,1537728,1065525,1059313,218242,248607,12614,13385,138439,160515,3749,3786,45735,52122,1106482,1106127,229954,262814,37082,41847,152423,175897,7103,7239,376378,395516,309377,325442,18435,20343,28112,26972,4283,4617,1161,1367,15010,16775,323044,340595,23422,26382,38214,38017,6915,7641,2134,2381
R,4,2024,51,3897698,1905757,1991941,1409014,1427668,245563,280028,41125,40467,143953,169024,4897,5088,61205,69666,1464062,1490240,262077,300378,76278,80814,160511,187061,9195,9659,1531416,1597148,1100927,1102152,227433,259744,13215,13674,139704,164404,3720,3787,46417,53387,1142475,1149997,239117,274359,38360,43205,153638,179597,7169,7369,374341,394793,308087,325516,18130,20284,27910,26793,4249,4620,1177,1301,14788,16279,321587,340243,22960,26019,37918,37609,6873,7464,2026,2290
R,4,2024,52,4056181,1983742,2072439,1486070,1506295,248643,284759,40176,39991,141975,165573,4874,4948,62004,70873,1541899,1570200,265205,304785,76619,82011,158029,183420,9209,9461,1616818,1684240,1182887,1185569,231198,265115,13510,13947,137756,160960,3661,3717,47806,54932,1225850,1234944,243094,279657,40189,45281,151444,176068,7104,7292,366924,388199,303183,320726,17445,19644,26666,26044,4219,4613,1213,1231,14198,15941,316049,335256,22111,25128,36430,36730,6585,7352,2105,2169
R,4,2024,53,4303576,2107042,2196534,1593019,1612650,262913,300704,40767,40531,140661,164632,5022,5076,64660,72941,1651303,1678321,279977,321235,79420,84668,156825,182228,9511,9737,1736280,1807967,1286582,1291134,245137,280900,13983,14866,136478,160128,3829,3882,50271,57057,1331843,1342338,257466,295946,42755,48426,150228,174956,7429,7621,370762,388567,306437,321516,17776,19804,26784,25665,4183,4504,1193,1194,14389,15884,319460,335983,22511,25289,36665,36242,6597,7272,2082,2116
R,4,2024,54,4186911,2049423,2137488,1557684,1579667,251159,285372,39107,38904,135611,158908,4769,4946,61093,69691,1612715,1642438,267078,304646,76001,81476,150627,175523,9196,9534,1690399,1762634,1259953,1268891,234126,266621,13337,14179,131683,154595,3646,3817,47654,54531,1302750,1317885,245697,280786,41018,46514,144506,168605,7225,7518,359024,374854,297731,310776,17033,18751,25770,24725,3928,4313,1123,1129,13439,15160,309965,324553,21381,23860,34983,34962,6121,6918,1971,2016
R,4,2024,55,4043464,1973007,2070457,1503069,1533859,239795,274410,37364,37211,131429,154771,4409,4819,56941,65387,1554504,1592674,254285,292462,72233,77738,145186,169846,8395,9033,1633793,1715507,1221169,1239158,223850,256840,13113,14015,127798,150805,3390,3653,44473,51036,1261261,1284962,234381,269860,39454,45010,139440,163476,6601,7008,339214,354950,281900,294701,15945,17570,24251,23196,3631,3966,1019,1166,12468,14351,293243,307712,19904,22602,32779,32728,5746,6370,1794,2025
R,4,2024,56,3941000,1919320,2021680,1467025,1500174,236557,274080,36069,36089,121199,144217,4408,4656,54062,62464,1515797,1556400,250403,291495,69569,75000,133789,158210,8122,8736,1590612,1676397,1193426,1212939,221145,256800,12906,13789,117623,140310,3428,3612,42084,48947,1231244,1256927,231097,269510,38244,43606,128255,152014,6456,6905,328708,345283,273599,287235,15412,17280,23163,22300,3576,3907,980,1044,11978,13517,284553,299473,19306,21985,31325,31394,5534,6196,1666,1831
R,4,2024,57,3974007,1930727,2043280,1485802,1528937,236996,276730,35191,35330,115539,136111,4533,4536,52666,61636,1533219,1584456,250386,293540,68269,74443,127532,149345,8207,8484,1611167,1708728,1218671,1249848,222443,260046,13074,14082,112259,132490,3498,3491,41222,48771,1255707,1293702,232145,272479,38215,44522,122390,143598,6503,6657,319560,334552,267131,279089,14553,16684,22117,21248,3280,3621,1035,1045,11444,12865,277512,290754,18241,21061,30054,29921,5142,5747,1704,1827
R,4,2024,58,4069825,1973249,2096576,1516532,1566973,246255,287913,35115,35845,117423,138884,4415,4742,53509,62219,1564493,1622729,259975,305052,69063,75469,129281,152289,8267,8775,1656708,1763412,1252023,1288894,231379,271439,13578,14684,114114,135318,3447,3695,42167,49382,1289706,1333056,241387,284065,39728,45709,124160,146573,6578,6944,316541,333164,264509,278079,14876,16474,21537,21161,3309,3566,968,1047,11342,12837,274787,289673,18588,20987,29335,29760,5121,5716,1689,1831
R,4,2024,59,4243215,2050572,2192643,1593486,1659432,248677,292490,34949,35437,115619,137482,4174,4745,53667,63057,1641846,1716207,261726,309347,69677,76507,127202,150363,7810,8731,1743364,1866021,1335750,1385646,234703,276341,14040,15417,112500,134039,3235,3737,43136,50841,1374525,1431316,244441,289068,41438,48162,122401,144938,6239,7036,307208,326622,257736,273786,13974,16149,20909,20020,3119,3443,939,1008,10531,12216,267321,284891,17285,20279,28239,28345,4801,5425,1571,1695
R,4,2024,60,4291284,2068457,2222827,1613708,1691216,245529,288795,33916,34714,117759,140613,4109,4487,53436,63002,1661819,1747868,258489,305210,68931,76056,128981,153499,7750,8481,1774501,1906488,1367133,1425763,231904,273226,14138,15500,114804,137347,3305,3483,43217,51169,1405926,1471720,241670,285699,41998,48787,124411,148295,6325,6761,293956,316339,246575,265453,13625,15569,19778,19214,2955,3266,804,1004,10219,11833,255893,276148,16819,19511,26933,27269,4570,5204,1425,1720
R,4,2024,61,4274918,2057214,2217704,1611892,1696383,240279,285430,32796,33621,116334,136191,3994,4529,51919,61550,1658705,1751782,252538,301419,66912,74413,127374,148446,7485,8329,1775877,1913084,1375017,1439775,227648,270934,14144,15395,113479,132991,3175,3654,42414,50335,1413175,1484970,236954,283201,41651,48480,122966,143498,6104,6794,281337,304620,236875,256608,12631,14496,18652,18226,2855,3200,819,875,9505,11215,245530,266812,15584,18218,25261,25933,4408,4948,1381,1535
R,4,2024,62,4250507,2040265,2210242,1618184,1710754,233041,279519,31120,32656,103419,123285,3993,4243,50508,59785,1663736,1764637,244839,294870,64717,72685,113918,134951,7269,7812,1775106,1922746,1394626,1468460,221280,266042,13801,15298,100804,120338,3204,3360,41391,49248,1431863,1512749,230281,277901,40905,48046,109969,130347,5972,6319,265159,287496,223558,242294,11761,13477,17319,17358,2615,2947,789,883,9117,10537,231873,251888,14558,16969,23812,24639,3949,4604,1297,1493
R,4,2024,63,4276658,2045683,2230975,1623787,1729100,234264,280523,30440,32291,103505,125713,3831,4233,49856,59115,1668798,1782262,246075,295645,63650,71895,113771,137257,7059,7933,1788859,1948400,1407278,1490626,222744,267574,13677,15288,101066,122823,3101,3402,40993,48687,1444182,1534357,231773,279211,40675,47701,109970,132737,5807,6428,256824,282575,216509,238474,11520,12949,16763,17003,2439,2890,730,831,8863,10428,224616,247905,14302,16434,22975,24194,3801,4520,1252,1505
R,4,2024,64,4195833,2000442,2195391,1591528,1703511,227250,276082,28913,31178,101545,124002,3595,3983,47611,56635,1634369,1754408,238324,290626,60654,69210,111519,135001,6701,7338,1757936,1926971,1386874,1477277,216351,263393,13210,14907,99163,121277,2918,3220,39420,46897,1422259,1519299,224923,274781,39097,46212,107911,130723,5517,6019,242506,268420,204654,226234,10899,12689,15703,16271,2382,2725,677,763,8191,9738,212110,235109,13401,15845,21557,22998,3608,4278,1184,1319
R,4,2024,65,4103632,1948342,2155290,1556616,1679174,217973,266929,27033,29599,97931,121671,3438,3762,45351,54155,1597452,1727943,228583,280722,57528,66179,107108,132013,6286,6990,1723458,1903239,1366780,1466134,207750,255412,12676,14491,95759,119150,2798,3100,37695,44952,1400647,1506495,216000,266216,37697,44683,103822,128085,5193,5739,224884,252051,189836,213040,10223,11517,14357,15108,2172,2521,640,662,7656,9203,196805,221448,12583,14506,19831,21496,3286,3928,1093,1251
R,4,2024,66,4077441,1928830,2148611,1547820,1683315,211281,261014,25948,28203,96812,119942,3205,3527,43764,52610,1587224,1730614,221322,274429,55429,64136,105777,129740,5936,6557,1714592,1904611,1366352,1476306,201803,250022,12386,14011,94774,117484,2655,2862,36622,43926,1399213,1515698,209696,260642,36824,43849,102644,126012,4989,5404,214238,244000,181468,207009,9478,10992,13562,14192,2038,2458,550,665,7142,8684,188011,214916,11626,13787,18605,20287,3133,3728,947,1153
R,4,2024,67,3944196,1857359,2086837,1494504,1637898,200663,252297,24522,26598,93196,117276,3110,3406,41364,49362,1531838,1682297,210151,264738,52566,60438,101470,126366,5703,6279,1656367,1854765,1324179,1440631,191777,241684,11818,13400,91318,115014,2577,2804,34698,41232,1355435,1477606,199245,251530,35107,41522,98617,122880,4754,5227,200992,232072,170325,197267,8886,10613,12704,13198,1878,2262,533,602,6666,8130,176403,204691,10906,13208,17459,18916,2853,3486,949,1052
R,4,2024,68,3830311,1798067,2032244,1451753,1598713,190730,242184,23200,25570,90839,115472,2842,3305,38703,47000,1486648,1640936,199654,254083,49295,57691,98577,124334,5316,6090,1607112,1810534,1289735,1410068,182239,232025,11143,13067,89033,113243,2352,2705,32610,39426,1319069,1445386,189288,241410,32898,39890,95890,120983,4470,5071,190955,221710,162018,188645,8491,10159,12057,12503,1806,2229,490,600,6093,7574,167579,195550,10366,12673,16397,17801,2687,3351,846,1019
R,4,2024,69,3724981,1741940,1983041,1412724,1568350,180209,230918,21624,24001,88416,112252,2770,3174,36197,44346,1445281,1607960,188634,242320,46103,54334,95612,120510,5100,5856,1563497,1773068,1261256,1389286,172249,221582,10616,12157,86739,110243,2299,2613,30338,37187,1288484,1422368,178852,230617,30914,37456,93105,117458,4290,4913,178443,209973,151468,179064,7960,9336,11008,11844,1677,2009,471,561,5859,7159,156797,185592,9782,11703,15189,16878,2507,3052,810,943
R,4,2024,70,3535839,1642437,1893402,1343384,1509280,163393,214862,19489,21912,81004,103322,2441,2869,32726,41157,1372816,1546236,171039,225433,41861,50193,87313,110771,4497,5324,1480489,1698679,1205248,1342746,156324,206178,9768,11468,79511,101441,2023,2373,27615,34473,1230021,1373601,162354,214494,28518,35122,85112,107903,3800,4464,161948,194723,138136,166534,7069,8684,9721,10444,1493,1881,418,496,5111,6684,142795,172635,8685,10939,13343,15071,2201,2868,697,860
R,4,2024,71,3407981,1577931,1830050,1297152,1465034,152000,202708,17787,20551,78249,100661,2318,2704,30425,38392,1324500,1499534,159154,212401,38502,46918,84232,107540,4296,5047,1428385,1647277,1169114,1308183,145365,194647,9142,10924,76982,98978,1957,2252,25825,32293,1192252,1337088,151081,202377,26575,32991,82312,105018,3651,4278,149546,182773,128038,156851,6635,8061,8645,9627,1267,1683,361,452,4600,6099,132248,162446,8073,10024,11927,13927,1920,2522,645,769
R,4,2024,72,3250242,1499854,1750388,1241527,1410596,141415,191405,16322,18932,69989,91090,2085,2453,28516,35912,1267245,1442782,147966,200717,36106,43840,75252,97307,3895,4601,1361303,1580589,1122439,1264465,135531,183940,8579,10237,68748,89601,1772,2018,24234,30328,1144209,1291531,140792,191314,25258,31326,73450,95025,3335,3882,138551,169799,119088,146131,5884,7465,7743,8695,1241,1489,313,435,4282,5584,123036,151251,7174,9403,10848,12514,1802,2282,560,719
R,4,2024,73,3062249,1404732,1657517,1158934,1327759,133311,185086,15316,17951,68750,90945,1948,2368,26473,33408,1182680,1357748,139534,193839,33595,41169,73686,96599,3633,4379,1273394,1493982,1046018,1186871,127631,178045,7928,9550,67641,89522,1667,1974,22509,28020,1066114,1211925,132619,184998,23401,29032,72001,94400,3126,3684,131338,163535,112916,140888,5680,7041,7388,8401,1109,1423,281,394,3964,5388,116566,145823,6915,8841,10194,12137,1685,2199,507,695
R,4,2024,74,2946637,1346055,1600582,1114510,1287495,123874,173553,14261,16472,67231,89538,1840,2099,24339,31425,1136454,1315553,129621,181838,30917,38167,71750,94928,3456,4039,1224980,1447282,1010127,1154968,118765,166947,7631,8901,66114,88123,1570,1763,20773,26580,1028804,1178600,123383,173599,21770,27263,70129,92819,3010,3442,121075,153300,104383,132527,5109,6606,6630,7571,1117,1415,270,336,3566,4845,107650,136953,6238,8239,9147,10904,1621,2109,446,597
R,4,2024,75,2823539,1283623,1539916,1071439,1251239,112428,159674,13090,15166,61963,82087,1735,2041,22968,29709,1092059,1277842,117701,167452,29120,35873,66163,87011,3282,3896,1173162,1397753,975865,1128026,107966,153732,7168,8356,60993,80746,1447,1728,19723,25165,993508,1150475,112225,159971,20874,25908,64748,85048,2811,3327,110461,142163,95574,123213,4462,5942,5922,6810,970,1341,288,313,3245,4544,98551,127367,5476,7481,8246,9965,1415,1963,471,569
R,4,2024,76,2796716,1269041,1527675,1074691,1260051,102017,147497,12120,14084,56881,75555,1552,1844,21780,28644,1094402,1285754,106956,154929,27335,34141,60753,80254,2921,3529,1165010,1393302,984383,1143288,97887,141822,6717,7873,55979,74380,1327,1549,18717,24390,1001286,1165107,101922,147848,19714,24907,59429,78508,2558,3051,104031,134373,90308,116763,4130,5675,5403,6211,902,1175,225,295,3063,4254,93116,120647,5034,7081,7621,9234,1324,1746,363,478
R,4,2024,77,2678478,1210244,1468234,1034566,1224303,91053,132523,11049,13435,51819,69541,1399,1587,20358,26845,1053063,1248600,95477,139236,25464,32374,55300,73822,2702,3243,1115757,1343267,952234,1115597,87322,127324,6253,7596,51094,68459,1197,1336,17657,22955,968260,1136301,90917,132731,18743,23853,54209,72197,2367,2783,94487,124967,82332,108706,3731,5199,4796,5839,725,1082,202,251,2701,3890,84803,112299,4560,6505,6721,8521,1091,1625,335,460
R,4,2024,78,1983173,885709,1097464,745350,899576,71887,108097,8564,10881,43717,57493,1183,1522,15008,19895,758847,917357,75441,113435,18782,24333,46498,60991,2312,2888,805169,988127,675081,804322,68707,103506,4649,5781,43010,56505,995,1279,12727,16734,686496,819191,71525,107777,13277,17099,45441,59561,1986,2485,80540,109337,70269,95254,3180,4591,3915,5100,707,988,188,243,2281,3161,72351,98166,3916,5658,5505,7234,1057,1430,326,403
R,4,2024,79,1904955,841944,1063011,712643,876102,66001,102461,7850,10125,40351,54051,1064,1325,14035,18947,725292,892979,69312,107659,17365,23029,42990,57224,2121,2636,769674,962905,649388,788569,63176,98439,4324,5558,39791,53190,920,1093,12075,16056,660231,802815,65858,102629,12475,16488,42141,55977,1869,2239,72270,100106,63255,87533,2825,4022,3526,4567,560,861,144,232,1960,2891,65061,90164,3454,5030,4890,6541,849,1247,252,397
R,4,2024,80,1833812,804095,1029717,686471,859049,60032,94123,7352,9323,36427,48128,895,1181,12918,17913,698110,875018,63161,98961,16346,21674,38632,51022,1817,2442,737924,936277,628496,777104,57502,90410,4177,5184,35910,47347,759,999,11080,15233,638461,790622,60015,94342,11904,15715,37867,49855,1550,2110,66171,93440,57975,81945,2530,3713,3175,4139,517,781,136,182,1838,2680,59649,84396,3146,4619,4442,5959,765,1167,267,332
R,4,2024,81,1768632,767214,1001418,658903,840927,55275,89554,6404,8605,33861,44698,799,1072,11972,16562,669681,855765,58087,94052,14603,20128,36035,47306,1677,2148,707603,914076,606545,764497,52919,85917,3668,4703,33379,44002,694,879,10398,14078,615891,777050,55230,89529,10783,14566,35325,46254,1474,1831,59611,87342,52358,76430,2356,3637,2736,3902,482,696,105,193,1574,2484,53790,78715,2857,4523,3820,5562,710,1052,203,317
R,4,2024,82,1483687,634845,848842,541616,707658,46660,77529,5570,7530,30227,40884,728,994,10044,14247,550669,720420,49067,81363,12441,17359,32066,43260,1432,1900,582756,773035,495730,640943,44674,74697,3246,4160,29845,40272,617,832,8644,12131,503506,651752,46626,77809,9145,12530,31479,42344,1231,1637,52089,75807,45886,66715,1986,2832,2324,3370,382,612,111,162,1400,2116,47163,68668,2441,3554,3296,4829,587,916,201,263
R,4,2024,83,1301313,547994,753319,465554,625790,40632,70114,4923,6796,27477,37298,655,842,8753,12479,473423,636871,42786,73646,10874,15246,29117,39411,1254,1687,501062,682744,424146,563610,38840,67330,2884,3797,27120,36735,563,694,7509,10578,430882,572966,40570,70166,7977,10978,28579,38580,1078,1431,46932,70575,41408,62180,1792,2784,2039,2999,357,563,92,148,1244,1901,42541,63905,2216,3480,2897,4268,538,831,176,256
R,4,2024,84,1156966,478674,678292,405420,562627,35807,63572,4296,6136,25000,33892,524,786,7627,11279,412258,572611,37641,66809,9427,13672,26456,35823,1076,1618,436525,613196,368287,505233,34144,60958,2449,3422,24673,33358,415,650,6557,9575,374145,513645,35626,63563,6836,9848,25992,35051,918,1379,42149,65096,37133,57394,1663,2614,1847,2714,327,534,109,136,1070,1704,38113,58966,2015,3246,2591,3824,464,772,158,239
R,4,2024,85,1050995,430158,620837,366545,518585,30806,55874,3800,5732,21849,29930,439,685,6719,10031,372594,527541,32476,58670,8268,12543,23180,31558,908,1348,393164,562429,333843,467101,29400,53530,2171,3245,21567,29488,357,555,5826,8510,339072,474648,30747,55791,6040,9041,22766,30913,783,1151,36994,58408,32702,51484,1406,2344,1629,2487,282,442,82,130,893,1521,33522,52893,1729,2879,2228,3502,414,645,125,197
R,4,2024,86,932272,375573,556699,319832,465015,26815,50079,3257,4824,19289,27444,421,598,5959,8739,325194,472773,28346,52601,7236,10566,20419,29003,836,1202,343492,504953,291357,419209,25622,48002,1931,2741,19042,27050,360,496,5180,7455,296017,425776,26869,50084,5398,7642,20054,28424,717,1031,32081,51746,28475,45806,1193,2077,1326,2083,247,394,61,102,779,1284,29177,46997,1477,2517,1838,2924,365,579,119,171
R,4,2024,87,802584,317222,485362,269955,405845,22189,43183,2714,4273,16953,23869,335,530,5076,7662,274510,412559,23498,45425,6018,9265,17957,25296,731,1102,289465,439252,245247,364975,21168,41424,1595,2378,16751,23526,292,431,4412,6518,249190,370643,22245,43289,4457,6616,17659,24776,651,933,27757,46110,24708,40870,1021,1759,1119,1895,202,343,43,99,664,1144,25320,41916,1253,2136,1561,2649,298,520,80,169
R,4,2024,88,712180,276530,435650,235808,363972,19495,39131,2362,3806,14244,21399,252,434,4369,6908,239737,370099,20638,41188,5122,8288,15173,22643,599,931,252692,394916,214626,327887,18632,37609,1374,2147,14069,21042,203,361,3788,5870,218019,333072,19571,39291,3748,5971,14903,22127,520,792,23838,40734,21182,36085,863,1522,988,1659,175,357,49,73,581,1038,21718,37027,1067,1897,1374,2317,270,516,79,139
R,4,2024,89,626185,238382,387803,203675,324593,16394,34318,2065,3421,12312,18939,291,406,3645,6126,206942,329990,17351,36076,4364,7356,13059,20134,575,864,217624,351777,185163,292684,15620,32921,1229,1905,12187,18649,253,344,3172,5274,187992,297300,16412,34359,3211,5299,12874,19722,505,758,20758,36026,18512,31909,774,1397,836,1516,125,290,38,62,473,852,18950,32690,939,1717,1153,2057,185,412,70,106
R,4,2024,90,507205,189074,318131,161414,265883,12934,28133,1628,2652,9846,16148,211,338,3041,4977,164142,270212,13709,29573,3540,5871,10524,17140,443,737,172428,288564,146576,239584,12343,26953,957,1548,9719,15912,173,282,2660,4285,148949,243298,12996,28134,2613,4324,10331,16801,376,639,16646,29567,14838,26299,591,1180,671,1104,127,236,38,56,381,692,15193,26914,713,1439,927,1547,193,339,67,98
R,4,2024,91,444266,161377,282889,137834,236906,10970,24561,1301,2427,8521,14388,163,312,2588,4295,140146,240662,11632,25837,2901,5155,9109,15226,392,668,147818,257299,125743,214143,10485,23562,789,1439,8413,14169,140,264,2248,3722,127747,217385,11038,24619,2163,3805,8950,14915,346,587,13559,25590,12091,22763,485,999,512,988,108,219,23,48,340,573,12399,23277,594,1218,738,1350,159,311,46,81
R,4,2024,92,377544,134309,243235,115807,205736,8340,19754,1071,1966,6822,11818,119,270,2150,3691,117720,208914,8940,20864,2379,4314,7294,12554,297,594,122894,221896,105571,186627,7967,18979,622,1182,6739,11676,102,227,1893,3205,107256,189365,8483,19914,1760,3212,7162,12350,262,522,11415,21339,10236,19109,373,775,449,784,83,142,17,43,257,486,10464,19549,457,950,619,1102,132,204,35,72
R,4,2024,93,318669,109763,208906,94451,176412,6810,16756,908,1685,5756,10607,126,220,1712,3226,95993,179192,7279,17707,1931,3747,6172,11259,267,506,100368,190242,86059,159747,6488,16052,534,979,5686,10475,108,186,1493,2803,87398,162141,6888,16847,1415,2769,6059,11058,232,443,9395,18664,8392,16665,322,704,374,706,70,132,18,34,219,423,8595,17051,391,860,516,978,113,201,35,63
R,4,2024,94,259877,86654,173223,74424,146094,5342,14079,750,1305,4712,8936,80,185,1346,2624,75596,148364,5723,14887,1570,2941,5018,9472,217,420,79270,158044,67807,132583,5102,13491,460,765,4657,8807,63,161,1181,2237,68829,134496,5413,14161,1175,2153,4939,9278,189,373,7384,15179,6617,13511,240,588,290,540,55,129,17,24,165,387,6767,13868,310,726,395,788,79,194,28,47
R,4,2024,95,199107,63962,135145,54842,114232,4040,10794,529,983,3440,6917,62,144,1049,2075,55769,116009,4357,11449,1169,2246,3684,7365,154,346,58495,123690,49958,104031,3853,10323,316,592,3399,6807,52,127,917,1810,50771,105565,4123,10883,864,1679,3624,7213,133,306,5467,11455,4884,10201,187,471,213,391,41,110,10,17,132,265,4998,10444,234,566,305,567,60,152,21,40
R,4,2024,96,157850,48852,108998,41823,92007,3021,8636,416,875,2677,5694,63,110,852,1676,42560,93439,3270,9155,900,1922,2885,6036,148,268,44796,100140,38207,84125,2884,8282,252,543,2655,5617,57,95,741,1478,38849,85377,3085,8726,667,1477,2849,5923,127,239,4056,8858,3616,7882,137,354,164,332,22,77,6,15,111,198,3711,8062,185,429,233,445,36,113,21,29
R,4,2024,97,117972,35180,82792,29874,69689,2327,6599,282,621,2014,4518,28,97,655,1268,30451,70770,2518,7008,669,1390,2168,4776,89,233,32226,76099,27237,63711,2236,6318,167,401,1990,4463,23,82,573,1124,27741,64668,2393,6674,513,1068,2129,4702,73,207,2954,6693,2637,5978,91,281,115,220,24,55,5,15,82,144,2710,6102,125,334,156,322,39,74,16,26
R,4,2024,98,85529,24591,60938,20731,50907,1642,5023,213,501,1532,3412,35,63,438,1032,21092,51763,1763,5381,454,1110,1668,3646,97,177,22563,56108,18908,46614,1574,4832,141,322,1518,3367,30,53,392,920,19230,47374,1674,5130,353,868,1646,3572,88,152,2028,4830,1823,4293,68,191,72,179,14,45,5,10,46,112,1862,4389,89,251,101,242,22,74,9,25
R,4,2024,99,60254,16491,43763,13694,36514,1170,3586,152,369,1141,2491,19,53,315,750,13966,37119,1262,3857,349,813,1209,2657,53,137,15127,40366,12505,33498,1115,3437,102,258,1122,2467,15,48,268,658,12739,34025,1194,3673,263,642,1182,2615,44,122,1364,3397,1189,3016,55,149,50,111,19,24,4,5,47,92,1227,3094,68,184,86,171,27,42,9,15
R,4,2024,100,108791,27663,81128,21965,65430,2242,7680,366,768,2319,5516,67,134,704,1600,22539,66706,2517,8276,715,1651,2537,5911,182,354,25122,75008,19765,60059,2147,7378,253,550,2286,5463,52,117,619,1441,20274,61203,2383,7907,557,1342,2478,5817,148,305,2541,6120,2200,5371,95,302,113,218,33,53,15,17,85,159,2265,5503,134,369,158,309,59,94,34,49
R,5,2024,999,339442711,166584949,172857762,121858768,124805077,21852802,23935602,3492884,3396669,11000246,12011875,465887,466939,7914362,8241600,129131999,132365122,24920655,27174788,6768533,6919207,13474417,14492377,986694,986839,132479771,138545919,94857094,97544857,19778296,21818645,1151809,1187958,10541662,11545776,343583,343504,5807327,6105179,100199305,103150063,21965013,24153383,3352130,3614588,12500279,13510126,719852,719469,34105178,34311843,27001674,27260220,2074506,2116957,2341075,2208711,458584,466099,122304,123435,2107035,2136421,28932694,29215059,2955642,3021405,3416403,3304619,974138,982251,266842,267370
R,5,2024,0,3614355,1848453,1765902,1203043,1147923,293474,284160,47002,44803,114457,107291,6841,6675,183636,175050,1375028,1311601,382696,369915,98341,93823,179086,168485,17429,16725,1304650,1244391,814245,774425,246551,239136,11587,11258,103803,97066,4624,4447,123840,118059,930864,885466,306349,296875,40220,38421,150698,141445,11149,10493,543803,521511,388798,373498,46923,45024,35415,33545,10654,10225,2217,2228,59796,56991,444164,426135,76347,73040,58121,55402,28388,27040,6280,6232
R,5,2024,1,3705564,1892207,1813357,1228361,1174234,303612,294056,47978,46546,119667,113198,7120,7012,185469,178311,1402038,1340931,393621,381288,99625,96361,185170,175747,17787,17232,1340521,1281002,832572,792916,256540,248684,11983,11609,108795,102794,4716,4538,125915,120461,951108,906176,317187,307432,41000,39220,156716,148349,11353,10708,551686,532355,395789,381318,47072,45372,35995,34937,10872,10404,2404,2474,59554,57850,450930,434755,76434,73856,58625,57141,28454,27398,6434,6524
R,5,2024,2,3773960,1927212,1846748,1252249,1196408,310060,301948,46277,44414,123469,116977,7121,6827,188036,180174,1428326,1364836,401296,390000,98510,94557,189958,180381,17923,17129,1381889,1319420,859855,816644,263738,257001,12400,11741,113024,106833,4747,4478,128125,122723,980451,932003,325375,316737,41865,39807,161925,153417,11508,10775,545323,527328,392394,379764,46322,44947,33877,32673,10445,10144,2374,2349,59911,57451,447875,432833,75921,73263,56645,54750,28033,26964,6415,6354
R,5,2024,3,3672987,1877629,1795358,1217079,1158771,307199,298615,44160,42620,122257,115933,6545,6177,180389,173242,1385997,1320729,394706,383301,94222,90756,186095,176916,16900,16064,1359042,1295580,842164,797385,264182,257081,12375,11970,112652,106508,4560,4196,123109,118440,958033,908723,323357,314717,40655,39051,159718,151490,11056,10265,518587,499778,374915,361386,43017,41534,31785,30650,9605,9425,1985,1981,57280,54802,427964,412006,71349,68584,53567,51705,26377,25426,5844,5799
R,5,2024,4,3821494,1951814,1869680,1281938,1222399,303869,296489,46886,44713,126678,120879,7010,6641,185433,178559,1455596,1389386,393896,383860,98043,94082,192403,183706,17629,16769,1430533,1369229,902280,857329,263214,257567,14490,13949,117248,111690,4878,4680,128423,124014,1023138,973910,325011,318007,43995,42349,166268,158657,11667,11030,521281,500451,379658,365070,40655,38922,32396,30764,9430,9189,2132,1961,57010,54545,432458,415476,68885,65853,54048,51733,26135,25049,5962,5739
R,5,2024,5,3867642,1973536,1894106,1304389,1246501,306617,299492,47508,45847,125312,120036,7158,6890,182552,175340,1475351,1410466,394625,384429,98303,94682,189847,181895,17878,16987,1452765,1391560,922628,877571,266647,261340,15129,14733,116088,111035,5041,4951,127232,121930,1042331,992092,327664,320376,44479,42842,164560,157120,11899,11399,520771,502546,381761,368930,39970,38152,32379,31114,9224,9001,2117,1939,55320,53410,433020,418374,66961,64053,53824,51840,25287,24775,5979,5588
R,5,2024,6,3940431,2012257,1928174,1331928,1271087,314267,306504,49111,47181,128090,122662,7475,6717,181386,174023,1501671,1433656,401125,390497,100344,96225,192201,183918,18290,16818,1483693,1417815,942741,895479,274486,267863,15536,14915,118869,113674,5325,4752,126736,121132,1061863,1009221,334966,326253,45284,43017,167024,159526,12311,11129,528564,510359,389187,375608,39781,38641,33575,32266,9221,8988,2150,1965,54650,52891,439808,424435,66159,64244,55060,53208,25177,24392,5979,5689
R,5,2024,7,4006187,2046541,1959646,1359976,1296429,314597,306907,50836,48971,132737,126386,7553,7091,180842,173862,1528777,1458687,399996,390314,102849,99286,196701,187005,18480,17424,1508064,1439265,961950,912209,274385,267884,16199,15668,123355,117414,5368,5047,126807,121043,1080892,1025762,334018,325983,46470,44733,171651,162684,12432,11629,538477,520381,398026,384220,40212,39023,34637,33303,9382,8972,2185,2044,54035,52819,447885,432925,65978,64331,56379,54553,25050,24321,6048,5795
R,5,2024,8,4075993,2081971,1994022,1395027,1329021,315897,308819,51796,50310,130894,125404,7470,7134,180887,173334,1564048,1490771,400604,391096,104949,101148,194475,185783,18453,17551,1532654,1465240,986772,935854,275926,270022,16473,16181,121557,116449,5315,5094,126611,121640,1105656,1049928,335209,327949,47474,45895,169263,161795,12349,11791,549317,528782,408255,393167,39971,38797,35323,34129,9337,8955,2155,2040,54276,51694,458392,440843,65395,63147,57475,55253,25212,23988,6104,5760
R,5,2024,9,4097178,2093274,2003904,1401758,1336354,319864,310996,52306,50745,133398,126526,7362,7214,178586,172069,1568583,1496862,403263,392620,105530,102036,195720,185783,17978,17358,1545925,1475913,993232,943424,280052,272003,16962,16235,124260,117855,5287,5111,126132,121285,1111615,1057104,338939,329775,48432,46304,171399,162599,12225,11683,547349,527991,408526,392930,39812,38993,35344,34510,9138,8671,2075,2103,52454,50784,456968,439758,64324,62845,57098,55732,24321,23184,5753,5675
R,5,2024,10,4070387,2081140,1989247,1399049,1331836,317392,308420,52205,50263,130653,124311,7433,7131,174408,167286,1562013,1487902,398227,387300,105086,101023,191198,181524,17966,17145,1538397,1466135,993008,941187,278085,269796,16821,16177,121510,115748,5264,5000,123709,118227,1109120,1052049,335449,325985,48299,46193,167514,158892,12172,11546,542743,523112,406041,390649,39307,38624,35384,34086,9143,8563,2169,2131,50699,49059,452893,435853,62778,61315,56787,54830,23684,22632,5794,5599
R,5,2024,11,4093355,2090893,2002462,1404531,1340893,317747,309140,53144,51003,136240,128846,7611,7158,171620,165422,1564528,1494963,396727,386003,106125,102377,195846,185529,18033,17075,1545966,1476824,995695,946364,278582,271244,17108,16328,127305,120331,5376,5053,121900,117504,1109976,1056329,334704,326141,48703,46907,172650,163411,12232,11575,544927,525638,408836,394529,39165,37896,36036,34675,8935,8515,2235,2105,49720,47918,454552,438634,62023,59862,57422,55470,23196,22118,5801,5500
R,5,2024,12,4105810,2099896,2005914,1417730,1350247,319748,309309,54384,51372,131662,124959,7392,7050,168980,162977,1575240,1502073,397083,384383,107643,102724,189605,180405,17737,16940,1549725,1477506,1003711,951745,280593,271902,17102,16434,122694,116590,5224,4922,120401,115913,1116488,1060176,335958,325680,49092,47215,166850,158805,12063,11497,550171,528408,414019,398502,39155,37407,37282,34938,8968,8369,2168,2128,48579,47064,458752,441897,61125,58703,58551,55509,22755,21600,5674,5443
R,5,2024,13,4165750,2130989,2034761,1443235,1372618,326301,315338,54869,53019,129935,123422,7458,7306,169191,163058,1600907,1524352,402965,390089,109389,105705,187489,178438,17729,17192,1567527,1492415,1016574,962879,286995,277215,17186,16654,120978,114889,5313,5091,120481,115687,1129387,1070952,341887,330658,49988,48243,164779,156642,12180,11554,563462,542346,426661,409739,39306,38123,37683,36365,8957,8533,2145,2215,48710,47371,471520,453400,61078,59431,59401,57462,22710,21796,5549,5638
R,5,2024,14,4263975,2180895,2083080,1483125,1410643,333625,322435,54810,52321,129931,124510,7425,7144,171979,166027,1643448,1565275,411909,399185,110265,105783,187816,179670,17822,17193,1597261,1523989,1034023,980568,294754,284776,17393,17024,121426,116366,5176,4871,124489,120384,1150575,1093152,351758,340732,51468,50126,166240,159043,12226,11665,583634,559091,449102,430075,38871,37659,37417,35297,8505,8144,2249,2273,47490,45643,492873,472123,60151,58453,58797,55657,21576,20627,5596,5528
R,5,2024,15,4352698,2227066,2125632,1520776,1443741,340386,328913,55844,53821,130902,125483,7401,7219,171757,166455,1680498,1598728,418277,405428,112258,108348,188052,179995,18028,17340,1627448,1552529,1056620,1000708,300845,291208,17950,17503,122310,117275,5080,4858,124643,120977,1173002,1113775,358039,347508,52854,51423,166631,159491,12265,11778,599618,573103,464156,443033,39541,37705,37894,36318,8592,8208,2321,2361,47114,45478,507496,484953,60238,57920,59404,56925,21421,20504,5763,5562
R,5,2024,16,4472463,2287878,2184585,1565283,1487362,347596,335583,58377,55794,135880,129969,7545,7196,173197,168681,1726293,1644023,425576,412622,116487,112563,193053,185026,18337,17440,1669825,1593435,1084927,1029221,307485,297489,18685,17789,127183,121538,5117,4899,126428,122499,1202885,1143526,364916,354184,55031,53107,171854,164035,12497,11833,618053,591150,480356,458141,40111,38094,39692,38005,8697,8431,2428,2297,46769,46182,523408,500497,60660,58438,61456,59456,21199,20991,5840,5607
R,5,2024,17,4482065,2296306,2185759,1578294,1495110,346373,332689,60276,56358,134602,129158,7560,7303,169201,165141,1735460,1648385,421685,407060,118277,112864,190191,182816,18066,17435,1672278,1594003,1093985,1034904,306044,294831,18498,17885,125863,120917,5047,4939,122841,120527,1208561,1147305,361102,349810,54575,53306,169149,162636,12224,11812,624028,591756,484309,460206,40329,37858,41778,38473,8739,8241,2513,2364,46360,44614,526899,501080,60583,57250,63702,59558,21042,20180,5842,5623
R,5,2024,18,4428659,2270682,2157977,1568234,1480108,335211,324473,59685,55778,137024,132738,7511,7179,163017,157701,1719625,1626459,406499,394186,116912,110632,190322,184283,17446,16826,1655998,1578059,1089383,1027569,296485,287765,18056,17526,128491,124847,5110,4899,118473,115453,1199884,1135161,348559,339496,53939,52154,170191,165071,11913,11553,614684,579918,478851,452539,38726,36708,41629,38252,8533,7891,2401,2280,44544,42248,519741,491298,57940,54690,62973,58478,20131,19212,5533,5273
R,5,2024,19,4442497,2279968,2162529,1576632,1485928,333403,320178,60218,55535,143626,140402,7619,7173,158470,153313,1723594,1627964,401218,387209,116868,110173,196071,190311,17405,16579,1666426,1586985,1097106,1035387,295333,284203,18195,17293,135261,132661,5208,5002,115323,112439,1204425,1139904,344784,333771,53897,51979,176422,171989,11958,11527,613542,575544,479526,450541,38070,35975,42023,38242,8365,7741,2411,2171,43147,40874,519169,488060,56434,53438,62971,58194,19649,18322,5447,5052
R,5,2024,20,4477070,2298134,2178936,1595609,1502403,332865,321173,60368,54622,146269,143306,7800,7209,155223,150223,1739465,1641839,398360,385717,117088,109272,197091,191889,17474,16328,1688619,1607380,1118029,1053585,295621,285712,18106,17220,138131,135740,5308,5051,113424,110072,1223573,1156083,343659,333310,54138,52091,178177,173995,11965,11400,609515,571556,477580,448818,37244,35461,42262,37402,8138,7566,2492,2158,41799,40151,515892,485756,54701,52407,62950,57181,18914,17894,5509,4928
R,5,2024,21,4443447,2279580,2163867,1582312,1491704,332484,321497,60313,54144,148293,145130,7671,7048,148507,144344,1719894,1625198,394419,382808,115635,107620,196801,191913,16883,15866,1675861,1597512,1108517,1046311,295065,286302,17830,16755,140556,137485,5351,4955,108542,105704,1209333,1144414,340590,331671,53060,50907,178715,174227,11764,11127,603719,566355,473795,445393,37419,35195,42483,37389,7737,7645,2320,2093,39965,38640,510561,480784,53829,51137,62575,56713,18086,17686,5119,4739
R,5,2024,22,4571052,2323761,2247291,1606302,1542910,346947,344533,59321,54493,161428,157978,7641,7564,142122,139813,1737451,1671654,405960,404251,112642,105964,207782,203378,16856,16604,1718337,1674702,1129461,1091443,308666,307918,17556,17188,153631,150252,5363,5383,103660,102518,1225349,1186099,351913,352000,51345,50102,190157,186063,11854,11786,605424,572589,476841,451467,38281,36615,41765,37305,7797,7726,2278,2181,38462,37295,512102,485555,54047,52251,61297,55862,17625,17315,5002,4818
R,5,2024,23,4869469,2465170,2404299,1699645,1651702,370158,368552,60183,55264,187896,183036,8403,8317,138885,137428,1827070,1777793,427803,427336,111445,104549,233981,228625,18014,17637,1847515,1817309,1212404,1186404,329952,330706,18135,17883,179678,174957,6102,5966,101244,101393,1305499,1279587,371960,374244,50684,49418,216058,211405,12896,12692,617655,586990,487241,465298,40206,37846,42048,37381,8218,8079,2301,2351,37641,36035,521571,498206,55843,53092,60761,55131,17923,17220,5118,4945
R,5,2024,24,4829188,2449029,2380159,1699308,1640438,361280,362416,59223,53567,188568,183334,8491,8104,132159,132300,1820503,1761914,415567,418787,108950,101286,232076,227172,17380,16788,1843142,1806921,1218924,1185273,322860,325395,17907,17086,180501,175421,6266,5714,96684,98032,1307775,1275500,362564,367441,49410,47662,215220,210551,12631,11851,605887,573238,480384,455165,38420,37021,41316,36481,8067,7913,2225,2390,35475,34268,512728,486414,53003,51346,59540,53624,16856,16621,4749,4937
R,5,2024,25,4707046,2386913,2320133,1664442,1604676,345831,347501,57140,51848,184198,180965,8328,8012,126974,127131,1780793,1721383,397245,401207,105378,98449,225982,222691,17123,16452,1800459,1762985,1199251,1161761,308863,311751,17081,16341,176228,172999,6063,5727,92973,94406,1284593,1248637,346542,351727,47839,46566,209531,206484,12367,11759,586454,557148,465191,442915,36968,35750,40059,35507,7970,7966,2265,2285,34001,32725,496200,472746,50703,49480,57539,51883,16451,16207,4756,4693
R,5,2024,26,4554499,2309729,2244770,1609929,1547426,332371,333183,55326,50280,183729,184259,8028,7769,120346,121853,1720266,1659149,380677,384210,101489,95444,223165,224113,16202,15626,1743312,1708504,1159998,1120298,297146,299622,16076,15473,176024,176552,5875,5555,88193,91004,1240899,1203927,332474,337886,45447,44654,207728,208977,11795,11293,566417,536266,449931,427128,35225,33561,39250,34807,7705,7707,2153,2214,32153,30849,479367,455222,48203,46324,56042,50790,15437,15136,4407,4333
R,5,2024,27,4463221,2261255,2201966,1579082,1515433,320966,323628,54603,49186,182973,187700,7681,7307,115950,118712,1685061,1624321,366736,372495,99856,94210,221121,226234,15587,14988,1702755,1674227,1135473,1095532,286180,290734,15468,14813,175564,180238,5582,5329,84488,87581,1212906,1175981,319248,326961,43942,43514,206256,211359,11286,10837,558500,527739,443609,419901,34786,32894,39135,34373,7409,7462,2099,1978,31462,31131,472155,448340,47488,45534,55914,50696,14865,14875,4301,4151
R,5,2024,28,4473764,2261861,2211903,1583132,1523691,318547,324315,55058,49195,183883,191095,7653,7327,113588,116280,1686995,1630100,362890,371560,99795,94369,221044,228563,15633,15033,1706339,1684862,1142512,1104515,283825,291151,15385,14585,176312,183394,5560,5446,82745,85771,1218331,1183197,315730,325952,43648,43477,206314,213752,11342,11058,555522,527041,440620,419176,34722,33164,39673,34610,7571,7701,2093,1881,30843,30509,468664,446903,47160,45608,56147,50892,14730,14811,4291,3975
R,5,2024,29,4498761,2268007,2230754,1588743,1533863,322377,334094,55143,49280,182895,191148,7763,7409,111086,114960,1689959,1638792,365298,380523,99928,94418,219061,228064,15629,15226,1716852,1703779,1151942,1114690,287883,300169,15438,14773,175305,183672,5717,5470,80567,85005,1225363,1192370,318639,334283,43648,43944,204512,213751,11447,11192,551155,526975,436801,419173,34494,33925,39705,34507,7590,7476,2046,1939,30519,29955,464596,446422,46659,46240,56280,50474,14549,14313,4182,4034
R,5,2024,30,4531441,2279414,2252027,1597226,1545148,326420,343138,54772,49890,184487,192410,7618,7393,108891,114048,1696219,1649263,367646,388654,99178,95925,220145,228654,15651,15142,1734911,1727324,1164696,1128299,292700,309428,15622,15157,177148,184876,5573,5420,79172,84144,1236697,1205264,322174,342739,43561,44992,206226,214295,11446,11090,544503,524703,432530,416849,33720,33710,39150,34733,7339,7534,2045,1973,29719,29904,459522,443999,45472,45915,55617,50933,13919,14359,4205,4052
R,5,2024,31,4598286,2308609,2289677,1618776,1570350,331822,351107,55699,50962,188098,196592,7751,7466,106463,113200,1715439,1673524,371732,395405,99962,97893,222672,232338,15582,15110,1765359,1764452,1187186,1153486,297744,317172,16071,15578,180903,189076,5772,5397,77683,83743,1257758,1229905,326321,349338,44317,46389,209032,218328,11540,11020,543250,525225,431590,416864,34078,33935,39628,35384,7195,7516,1979,2069,28780,29457,457681,443619,45411,46067,55645,51504,13640,14010,4042,4090
R,5,2024,32,4664430,2336901,2327529,1647425,1603372,331722,355095,56056,51189,188795,198253,7624,7310,105279,112310,1743214,1705683,369804,397983,101206,99063,222697,233485,15387,14923,1795519,1804575,1217002,1188497,297924,320439,16572,16184,181676,190990,5654,5438,76691,83027,1286805,1264263,324905,351439,45476,47721,209375,219751,11441,11060,541382,522954,430423,414875,33798,34656,39484,35005,7119,7263,1970,1872,28588,29283,456409,441420,44899,46544,55730,51342,13322,13734,3946,3863
R,5,2024,33,4764188,2385230,2378958,1685593,1638467,337165,364553,56988,51873,193505,204225,7876,7606,104103,112234,1779804,1740711,374319,406396,102112,100815,227463,239418,15697,15336,1842664,1856121,1255013,1224829,303014,329690,16892,16478,186199,196751,5867,5629,75679,82744,1323591,1300327,329093,359589,45652,48755,214002,225492,11651,11395,542566,522837,430580,413638,34151,34863,40096,35395,7306,7474,2009,1977,28424,29490,456213,440384,45226,46807,56460,52060,13461,13926,4046,3941
R,5,2024,34,4765268,2381685,2383583,1687142,1643966,336030,364292,55746,51404,193772,206479,7675,7492,101320,109950,1779070,1743874,371292,404402,100216,100571,226790,240698,15278,15037,1851554,1869225,1265411,1236347,302892,329923,16786,16587,186802,199427,5755,5581,73908,81360,1332485,1310339,327476,358406,45470,49439,213946,227554,11437,11307,530131,514358,421731,407619,33138,34369,38960,34817,6970,7052,1920,1911,27412,28590,446585,433535,43816,45996,54746,51132,12844,13144,3841,3730
R,5,2024,35,4634727,2311716,2323011,1643202,1606169,319426,349562,53549,49982,191633,205725,7404,7096,96502,104477,1730669,1701055,352381,386938,96489,97434,223182,238323,14673,14228,1805971,1829849,1240556,1214303,288377,317074,16186,16317,184825,199009,5547,5301,70480,77845,1304384,1284994,311302,343712,43891,48353,210846,226057,11095,10732,505745,493162,402646,391866,31049,32488,37363,33665,6808,6716,1857,1795,26022,26632,426285,416061,41079,43226,52598,49081,12336,12266,3578,3496
R,5,2024,36,4562904,2272624,2290280,1626740,1593667,307077,338065,53377,49116,185183,200570,7221,7101,93026,101761,1711103,1686130,338041,374146,95492,96210,215246,231887,14243,14116,1774099,1803855,1228987,1206842,277026,306567,15942,15614,178594,193992,5354,5268,68196,75572,1290785,1275627,298591,332099,43265,47375,203592,219834,10723,10593,498525,486425,397753,386825,30051,31498,37435,33502,6589,6578,1867,1833,24830,26189,420318,410503,39450,42047,52227,48835,11654,12053,3520,3523
R,5,2024,37,4507969,2244594,2263375,1615477,1582820,300354,330543,52058,48659,180026,195504,7211,6913,89468,98936,1696427,1672722,329685,365042,93625,95676,208897,225610,14055,13550,1755554,1783594,1224642,1200978,270959,299916,15492,15277,173694,188997,5374,5079,65393,73347,1283718,1267622,291292,324174,42416,47115,197672,213968,10632,10106,489040,479781,390835,381842,29395,30627,36566,33382,6332,6507,1837,1834,24075,25589,412709,405100,38393,40868,51209,48561,11225,11642,3423,3444
R,5,2024,38,4542379,2261894,2280485,1633636,1601015,299053,329998,52567,48787,180284,196689,7101,6875,89253,97121,1714510,1689204,327755,362859,94716,95930,208837,225942,14023,13615,1770531,1802563,1240674,1219364,269898,300141,15222,15587,173946,190246,5374,5145,65417,72080,1299953,1284839,289531,323093,42932,47822,197695,214450,10605,10257,491363,477922,392962,381651,29155,29857,37345,33200,6338,6443,1727,1730,23836,25041,414557,404365,38224,39766,51784,48108,11142,11492,3418,3358
R,5,2024,39,4491158,2234081,2257077,1619773,1589143,291630,322865,51546,48805,178536,195576,6957,6832,85639,93856,1697256,1674296,318350,353836,92877,95644,205851,223409,13540,13347,1753678,1785160,1234782,1211878,264091,293970,14878,15457,172230,189353,5202,5135,62495,69367,1291279,1274825,282289,315438,41990,47329,194880,212423,10224,10096,480403,471917,384991,377265,27539,28895,36668,33348,6306,6223,1755,1697,23144,24489,405977,399471,36061,38398,50887,48315,10971,10986,3316,3251
R,5,2024,40,4394242,2181542,2212700,1583725,1558096,282534,315952,50876,47603,175077,192707,6733,6741,82597,91601,1658162,1640954,308043,345711,91590,94356,201095,219598,13270,13251,1712381,1749291,1207782,1186388,255410,288093,14704,15010,169097,186694,5071,5018,60317,68088,1262020,1247941,272858,308818,41516,47260,190616,208928,10096,10023,469161,463409,375943,371708,27124,27859,36172,32593,5980,6013,1662,1723,22280,23513,396142,393013,35185,36893,50074,47096,10479,10670,3174,3228
R,5,2024,41,4440826,2197740,2243086,1599806,1584407,285227,319099,51472,48884,172020,192347,6478,6609,82737,91740,1674625,1667286,310541,348498,93175,96834,197160,218693,12909,13066,1728043,1771498,1222662,1205435,258420,291170,15080,15447,166319,186381,4806,4948,60756,68117,1277514,1266936,275860,311646,42909,48671,187178,208091,9722,9880,469697,471588,377144,378972,26807,27929,36392,33437,5701,5966,1672,1661,21981,23623,397111,400350,34681,36852,50266,48163,9982,10602,3187,3186
R,5,2024,42,4377582,2161812,2215770,1579527,1568544,279646,314818,50330,47840,166423,188562,6403,6513,79483,89493,1651165,1649333,303900,343636,90891,95225,190354,213761,12614,12788,1701018,1750535,1209373,1194469,253446,287269,14476,14781,160724,182670,4765,4786,58234,66560,1261714,1254613,270200,307354,41556,47676,180517,203456,9572,9584,460794,465235,370154,374075,26200,27549,35854,33059,5699,5892,1638,1727,21249,22933,389451,394720,33700,36282,49335,47549,9837,10305,3042,3204
R,5,2024,43,4371582,2159839,2211743,1581208,1568738,282486,318069,50677,48023,160092,182680,6421,6305,78955,87928,1652390,1648245,306381,346272,91681,95238,183320,206852,12488,12330,1698736,1746843,1210166,1194236,256914,290717,14752,15000,154416,176796,4686,4721,57802,65373,1262157,1253338,273371,310500,42180,47896,173605,196712,9335,9263,461103,464900,371042,374502,25572,27352,35925,33023,5676,5884,1735,1584,21153,22555,390233,394907,33010,35772,49501,47342,9715,10140,3153,3067
R,5,2024,44,4316939,2131816,2185123,1560633,1547984,282252,317270,49471,47553,156532,179623,6385,6466,76543,86227,1629572,1625692,305345,344878,89806,94220,178598,203138,12230,12516,1677504,1725888,1193656,1178128,257491,290301,14416,14910,151012,173932,4785,4734,56144,63883,1244090,1235658,273287,309456,41582,47446,169336,193256,9353,9346,454312,459235,366977,369856,24761,26969,35055,32643,5520,5691,1600,1732,20399,22344,385482,390034,32058,35422,48224,46774,9262,9882,2877,3170
R,5,2024,45,4111379,2026280,2085099,1485447,1479237,266779,300794,47212,45140,148735,172660,5984,5865,72123,81403,1550382,1552592,288199,326689,85810,89442,169342,194710,11383,11423,1597592,1648493,1139087,1126860,243645,275540,13668,13916,143617,167207,4466,4278,53109,60692,1186864,1181534,258384,293485,39878,45112,160682,185440,8618,8519,428688,436606,346360,352377,23134,25254,33544,31224,5118,5453,1518,1587,19014,20711,363518,371058,29815,33204,45932,44330,8660,9270,2765,2904
R,5,2024,46,4038036,1985934,2052102,1464091,1464881,256625,290502,45925,44753,143764,167014,5614,5794,69915,79158,1527206,1536250,277159,315052,83699,88391,163727,188568,10663,11143,1564240,1619387,1121630,1114298,234695,266082,13406,14136,138834,161698,4195,4236,51480,58937,1168033,1167396,248677,283166,39073,44829,155476,179417,8058,8384,421694,432715,342461,350583,21930,24420,32519,30617,4930,5316,1419,1558,18435,20221,359173,368854,28482,31886,44626,43562,8251,9151,2605,2759
R,5,2024,47,3953675,1942528,2011147,1431756,1434232,249508,284684,44873,43404,143199,167048,5532,5625,67660,76154,1492686,1502861,269134,308148,82013,86083,162162,187540,10576,10726,1530525,1584626,1096157,1087019,228372,261048,13438,13807,138401,161864,4114,4151,50043,56737,1141095,1138067,241776,277324,38915,43796,154267,178845,8005,8074,412003,426521,335599,347213,21136,23636,31435,29597,4798,5184,1418,1474,17617,19417,351591,364794,27358,30824,43098,42287,7895,8695,2571,2652
R,5,2024,48,3868465,1899822,1968643,1399017,1404823,242982,276598,43603,42111,143693,166740,5241,5428,65286,72943,1457784,1470388,261405,298820,79998,83252,161716,186133,10010,10293,1497721,1551562,1070830,1063436,222576,254317,12953,13399,139026,161666,3982,4026,48354,54718,1114277,1112563,235219,269911,38069,42566,154085,177806,7699,7805,402101,417081,328187,341387,20406,22281,30650,28712,4667,5074,1259,1402,16932,18225,343507,357825,26186,28909,41929,40686,7631,8327,2311,2488
R,5,2024,49,3891436,1912410,1979026,1413685,1419149,242350,274137,42648,41960,145315,167330,5088,5211,63324,71239,1470642,1483303,260179,295282,78332,82622,162548,186316,9602,9749,1517553,1568167,1090296,1082055,222569,252654,12996,13510,140754,162484,3849,3890,47089,53574,1132562,1130176,234988,267492,37790,42481,155085,178342,7319,7376,394857,410859,323389,337094,19781,21483,29652,28450,4561,4846,1239,1321,16235,17665,338080,353127,25191,27790,40542,40141,7463,7974,2283,2373
R,5,2024,50,3797945,1862793,1935152,1376397,1386319,236615,268872,40961,40342,143040,165355,4896,5164,60884,69100,1431151,1448478,253391,289194,75574,79960,159688,183777,9229,9633,1484846,1538374,1065793,1059806,218085,248443,12638,13368,138752,160719,3737,3793,45841,52245,1106858,1106719,229848,262725,37148,41880,152762,176114,7099,7257,377947,396778,310604,326513,18530,20429,28323,26974,4288,4636,1159,1371,15043,16855,324293,341759,23543,26469,38426,38080,6926,7663,2130,2376
R,5,2024,51,3886560,1900339,1986221,1404565,1423253,244784,279080,41024,40470,143976,168803,4915,5081,61075,69534,1459494,1485694,261325,299445,76028,80676,160527,186897,9204,9634,1525771,1591102,1096372,1097466,226603,258750,13133,13678,139725,164171,3726,3788,46212,53249,1137745,1145188,238265,273331,38086,43091,153655,179398,7158,7348,374568,395119,308193,325787,18181,20330,27891,26792,4251,4632,1189,1293,14863,16285,321749,340506,23060,26114,37942,37585,6872,7499,2046,2286
R,5,2024,52,4043740,1977423,2066317,1479268,1499649,248607,284739,40346,39977,142374,166302,4854,4972,61974,70678,1535052,1563353,265183,304769,76684,81806,158468,184149,9202,9493,1609549,1677203,1175356,1178182,231097,265001,13511,13908,138162,161691,3650,3723,47773,54698,1218257,1227336,243032,279521,40104,45029,151865,176803,7103,7291,367874,389114,303912,321467,17510,19738,26835,26069,4212,4611,1204,1249,14201,15980,316795,336017,22151,25248,36580,36777,6603,7346,2099,2202
R,5,2024,53,4288512,2099549,2188963,1586535,1606047,262027,299881,40718,40600,140680,164467,5038,5063,64551,72905,1644723,1671711,279050,320398,79314,84611,156866,182106,9531,9727,1728830,1799759,1280152,1284068,244268,280050,13964,14772,136466,159961,3832,3868,50148,57040,1325307,1335277,256523,295085,42666,48233,150236,174844,7424,7616,370719,389204,306383,321979,17759,19831,26754,25828,4214,4506,1206,1195,14403,15865,319416,336434,22527,25313,36648,36378,6630,7262,2107,2111
R,5,2024,54,4197647,2054390,2143257,1560488,1582838,252040,286467,39272,39080,136463,159918,4785,4959,61342,69995,1615758,1645872,268057,305889,76259,81764,151530,176644,9224,9572,1694422,1767464,1262169,1271446,234885,267649,13348,14267,132509,155579,3662,3825,47849,54698,1305158,1320576,246549,281923,41094,46617,145367,169666,7253,7541,359968,375793,298319,311392,17155,18818,25924,24813,3954,4339,1123,1134,13493,15297,310600,325296,21508,23966,35165,35147,6163,6978,1971,2031
R,5,2024,55,4048886,1975700,2073186,1505437,1535941,239527,274266,37410,37393,131563,155000,4439,4820,57324,65766,1557233,1595142,254156,292379,72454,78135,145455,170199,8429,9034,1635295,1716795,1222525,1240166,223537,256593,13143,14029,127927,150997,3418,3661,44745,51349,1262874,1286296,234151,269640,39565,45177,139703,163781,6635,7014,340405,356391,282912,295775,15990,17673,24267,23364,3636,4003,1021,1159,12579,14417,294359,308846,20005,22739,32889,32958,5752,6418,1794,2020
R,5,2024,56,3947204,1922444,2024760,1468191,1501489,236989,274358,36204,36065,122481,145576,4415,4673,54164,62599,1517023,1557808,250854,291764,69729,75045,135162,159690,8155,8773,1592349,1678357,1193455,1213226,221503,257060,12901,13779,118903,141664,3427,3612,42160,49016,1231318,1257244,231474,269732,38266,43651,129602,153466,6468,6918,330095,346403,274736,288263,15486,17298,23303,22286,3578,3912,988,1061,12004,13583,285705,300564,19380,22032,31463,31394,5560,6224,1687,1855
R,5,2024,57,3968787,1928008,2040779,1483592,1526733,236366,276051,35147,35354,115622,136387,4510,4559,52771,61695,1531160,1582325,249762,292939,68281,74445,127628,149634,8174,8512,1608142,1705547,1216279,1247183,221797,259282,13041,14031,112298,132749,3476,3511,41251,48791,1253384,1291058,231499,271776,38168,44419,122445,143878,6478,6684,319866,335232,267313,279550,14569,16769,22106,21323,3324,3638,1034,1048,11520,12904,277776,291267,18263,21163,30113,30026,5183,5756,1696,1828
R,5,2024,58,4058426,1968055,2090371,1512333,1561917,245399,286999,35116,35820,117417,138774,4411,4726,53379,62135,1560164,1617623,259080,304089,68965,75405,129265,152142,8238,8751,1651167,1756945,1247516,1283652,230489,270526,13531,14614,114112,135197,3441,3683,42078,49273,1285105,1327744,240458,283098,39636,45574,124140,146415,6556,6925,316888,333426,264817,278265,14910,16473,21585,21206,3305,3577,970,1043,11301,12862,275059,289879,18622,20991,29329,29831,5125,5727,1682,1826
R,5,2024,59,4228165,2043332,2184833,1586284,1651909,248455,292037,34955,35474,115809,137629,4217,4756,53612,63028,1634579,1708624,261550,308976,69541,76403,127438,150552,7891,8743,1734994,1857294,1327697,1377383,234370,275858,13997,15391,112671,134171,3272,3745,42987,50746,1366321,1422963,244126,288622,41183,47970,122613,145085,6302,7029,308338,327539,258587,274526,14085,16179,20958,20083,3138,3458,945,1011,10625,12282,268258,285661,17424,20354,28358,28433,4825,5467,1589,1714
R,5,2024,60,4289674,2067774,2221900,1612705,1689725,245779,289297,34034,34822,117651,140553,4099,4502,53506,63001,1660890,1746388,258788,305696,69057,76182,128906,153467,7748,8490,1772516,1904366,1365033,1423273,232091,273623,14152,15494,114695,137310,3289,3497,43256,51169,1403870,1469216,241882,286077,42016,48789,124326,148298,6310,6781,295258,317534,247672,266452,13688,15674,19882,19328,2956,3243,810,1005,10250,11832,257020,277172,16906,19619,27041,27393,4580,5169,1438,1709
R,5,2024,61,4275483,2057305,2218178,1611265,1695830,240330,285494,32894,33680,116795,137038,3980,4502,52041,61634,1658161,1751285,252653,301539,67094,74473,127839,149335,7466,8308,1775447,1913059,1374044,1438944,227657,270925,14158,15393,113930,133810,3168,3621,42490,50366,1412251,1484156,236999,283235,41701,48459,123429,144333,6097,6765,281858,305119,237221,256886,12673,14569,18736,18287,2865,3228,812,881,9551,11268,245910,267129,15654,18304,25393,26014,4410,5002,1369,1543
R,5,2024,62,4249332,2039495,2209837,1615628,1708747,233541,279872,31225,32742,104469,124238,4020,4299,50612,59939,1661297,1762778,245354,295265,64838,72812,115009,135965,7319,7913,1772897,1920516,1390899,1464856,221683,266340,13794,15277,101838,121268,3227,3410,41456,49365,1428214,1509258,230694,278226,40909,48049,111029,131336,6010,6405,266598,289321,224729,243891,11858,13532,17431,17465,2631,2970,793,889,9156,10574,233083,253520,14660,17039,23929,24763,3980,4629,1309,1508
R,5,2024,63,4275202,2045088,2230114,1624356,1729132,233532,280166,30368,32300,103083,125116,3843,4210,49906,59190,1669403,1782369,245368,295254,63622,72029,113367,136654,7072,7902,1788406,1947728,1407979,1490943,222014,267153,13651,15311,100630,122227,3101,3380,41031,48714,1444916,1534701,231040,278758,40684,47806,109541,132127,5806,6389,256682,282386,216377,238189,11518,13013,16717,16989,2453,2889,742,830,8875,10476,224487,247668,14328,16496,22938,24223,3826,4527,1266,1513
R,5,2024,64,4199330,2002137,2197193,1591430,1703492,227800,276459,29154,31317,102320,125019,3604,4020,47829,56886,1634494,1754587,238914,291140,61042,69444,112313,136095,6730,7409,1757683,1926745,1385177,1475521,216788,263718,13282,14944,99931,122267,2927,3250,39578,47045,1420721,1517656,225376,275183,39293,46287,108690,131770,5541,6073,244454,270448,206253,227971,11012,12741,15872,16373,2389,2752,677,770,8251,9841,213773,236931,13538,15957,21749,23157,3623,4325,1189,1336
R,5,2024,65,4104542,1948756,2155786,1556400,1678946,218283,267526,27201,29713,97920,121494,3450,3770,45502,54337,1597361,1727895,228909,281352,57795,66409,107173,131870,6301,7004,1722405,1902354,1365325,1464769,208054,255929,12691,14506,95725,118943,2808,3104,37802,45103,1399284,1505280,216323,266760,37768,44800,103847,127916,5205,5758,226351,253432,191075,214177,10229,11597,14510,15207,2195,2551,642,666,7700,9234,198077,222615,12586,14592,20027,21609,3326,3954,1096,1246
R,5,2024,66,4073410,1927002,2146408,1545842,1680940,211003,260592,25853,28261,97288,120405,3221,3544,43795,52666,1585289,1728300,221069,274029,55334,64190,106251,130254,5952,6565,1712921,1902480,1364518,1474121,201466,249547,12389,14048,95257,117947,2660,2878,36631,43939,1397404,1513545,209362,260161,36808,43851,103135,126505,4994,5400,214081,243928,181324,206819,9537,11045,13464,14213,2031,2458,561,666,7164,8727,187885,214755,11707,13868,18526,20339,3116,3749,958,1165
R,5,2024,67,3961628,1865661,2095967,1501384,1645224,201503,253341,24735,26786,93356,117509,3136,3429,41547,49678,1538856,1689903,211052,265876,52886,60877,101693,126621,5730,6318,1663510,1862607,1330096,1446898,192581,242680,11898,13456,91463,115245,2609,2812,34863,41516,1361473,1484124,200103,252616,35281,41808,98825,123123,4799,5245,202151,233360,171288,198326,8922,10661,12837,13330,1893,2264,527,617,6684,8162,177383,205779,10949,13260,17605,19069,2868,3498,931,1073
R,5,2024,68,3828593,1796965,2031628,1450271,1597619,190666,242300,23244,25529,91039,115697,2852,3294,38893,47189,1485353,1640022,199616,254235,49454,57808,98814,124557,5344,6073,1605635,1809536,1287998,1408601,182192,232115,11138,13083,89219,113454,2358,2707,32730,39576,1317452,1444068,189250,241536,32958,40039,96094,121183,4481,5067,191330,222092,162273,189018,8474,10185,12106,12446,1820,2243,494,587,6163,7613,167901,195954,10366,12699,16496,17769,2720,3374,863,1006
R,5,2024,69,3729105,1743829,1985276,1413537,1569358,180707,231429,21773,24153,88610,112643,2763,3184,36439,44509,1446289,1609133,189184,242844,46429,54541,95856,121002,5127,5888,1564228,1774180,1261114,1389436,172686,222013,10662,12199,86931,110620,2290,2620,30545,37292,1288509,1422622,179344,231036,31113,37516,93338,117929,4313,4935,179601,211096,152423,179922,8021,9416,11111,11954,1679,2023,473,564,5894,7217,157780,186511,9840,11808,15316,17025,2518,3073,814,953
R,5,2024,70,3549186,1648888,1900298,1347768,1513623,164521,216167,19582,22098,81642,104178,2467,2903,32908,41329,1377390,1550706,172221,226801,42076,50493,87986,111635,4522,5381,1486000,1704527,1208861,1346209,157364,207449,9813,11539,80154,102278,2050,2397,27758,34655,1233787,1377206,163419,215825,28650,35313,85785,108755,3826,4511,162888,195771,138907,167414,7157,8718,9769,10559,1488,1900,417,506,5150,6674,143603,173500,8802,10976,13426,15180,2201,2880,696,870
R,5,2024,71,3411184,1579377,1831807,1297844,1466072,152336,203140,17949,20582,78296,100583,2322,2707,30630,38723,1325382,1500881,159501,212945,38815,47160,84309,107545,4299,5060,1428883,1648221,1169045,1308543,145701,195023,9208,10954,76993,98906,1953,2252,25983,32543,1192332,1337672,151417,202833,26762,33180,82352,105008,3648,4287,150494,183586,128799,157529,6635,8117,8741,9628,1303,1677,369,455,4647,6180,133050,163209,8084,10112,12053,13980,1957,2537,651,773
R,5,2024,72,3250981,1500176,1750805,1240877,1409848,141383,191378,16349,19004,70894,92207,2117,2480,28556,35888,1266615,1442004,147978,200639,36093,43879,76223,98457,3944,4641,1361331,1580361,1121572,1263164,135441,183896,8577,10248,69646,90701,1798,2045,24297,30307,1143383,1290211,140742,191223,25246,31300,74408,96161,3372,3914,138845,170444,119305,146684,5942,7482,7772,8756,1248,1506,319,435,4259,5581,123232,151793,7236,9416,10847,12579,1815,2296,572,727
R,5,2024,73,3079395,1412690,1666705,1166408,1336216,133853,185770,15386,18043,68509,90672,1948,2374,26586,33630,1190264,1366401,140106,194597,33768,41429,73434,96339,3635,4388,1280841,1502826,1053026,1195098,128166,178712,7989,9589,67397,89236,1670,1975,22593,28216,1073203,1220319,133184,185723,23537,29226,71749,94127,3134,3693,131849,163879,113382,141118,5687,7058,7397,8454,1112,1436,278,399,3993,5414,117061,146082,6922,8874,10231,12203,1685,2212,501,695
R,5,2024,74,2949736,1347439,1602297,1114614,1287815,124340,174218,14335,16566,67704,89999,1844,2109,24602,31590,1136778,1316030,130146,182556,31203,38348,72282,95465,3466,4061,1225679,1447986,1009697,1154441,119172,167540,7652,8972,66595,88574,1571,1773,20992,26686,1028551,1178172,123830,174226,21956,27376,70666,93327,3015,3465,121760,154311,104917,133374,5168,6678,6683,7594,1109,1425,273,336,3610,4904,108227,137858,6316,8330,9247,10972,1616,2138,451,596
R,5,2024,75,2829181,1285917,1543264,1073020,1253392,112810,160156,13189,15264,62102,82553,1746,2042,23050,29857,1093734,1280130,118091,167956,29250,36078,66323,87501,3302,3903,1174854,1400547,976943,1129703,108315,154183,7187,8397,61112,81223,1460,1727,19837,25314,994708,1152293,112580,160443,20963,26061,64894,85553,2837,3332,111063,142717,96077,123689,4495,5973,6002,6867,990,1330,286,315,3213,4543,99026,127837,5511,7513,8287,10017,1429,1948,465,571
R,5,2024,76,2780584,1261272,1519312,1066203,1250609,102375,147957,12127,14174,57283,76071,1556,1866,21728,28635,1085856,1276299,107304,155373,27284,34199,61167,80778,2936,3566,1156907,1384462,975602,1133475,98221,142278,6732,7895,56386,74881,1324,1568,18642,24365,992420,1155258,102252,148280,19647,24893,59854,79019,2565,3080,104365,134850,90601,117134,4154,5679,5395,6279,897,1190,232,298,3086,4270,93436,121041,5052,7093,7637,9306,1313,1759,371,486
R,5,2024,77,2721740,1230118,1491622,1052237,1244762,92242,134382,11262,13548,52262,70037,1420,1608,20695,27285,1071020,1269446,96766,141242,25912,32829,55797,74367,2739,3259,1134611,1365466,969041,1134994,88492,129156,6382,7668,51514,68944,1216,1355,17966,23349,985333,1156049,92183,134697,19088,24228,54668,72722,2399,2799,95507,126156,83196,109768,3750,5226,4880,5880,748,1093,204,253,2729,3936,85687,113397,4583,6545,6824,8601,1129,1645,340,460
R,5,2024,78,1995043,891050,1103993,749954,904977,72013,108336,8628,10953,44065,58057,1201,1524,15189,20146,763637,922998,75594,113713,18976,24600,46878,61593,2323,2902,810132,994079,679363,809295,68797,103675,4685,5843,43361,57064,1012,1281,12914,16921,690969,824346,71634,107962,13452,17308,45834,60152,2004,2493,80918,109914,70591,95682,3216,4661,3943,5110,704,993,189,243,2275,3225,72668,98652,3960,5751,5524,7292,1044,1441,319,409
R,5,2024,79,1908352,843751,1064601,713777,876953,66302,102829,7890,10161,40577,54351,1061,1334,14144,18973,726526,893859,69621,108007,17514,23061,43224,57547,2124,2649,770885,963978,650043,788934,63455,98770,4336,5597,40002,53486,914,1104,12135,16087,660940,803212,66135,102944,12551,16531,42356,56292,1865,2253,72866,100623,63734,88019,2847,4059,3554,4564,575,865,147,230,2009,2886,65586,90647,3486,5063,4963,6530,868,1255,259,396
R,5,2024,80,1828963,801873,1027090,683798,855712,60091,94171,7369,9386,36750,48663,910,1195,12955,17963,695466,871724,63237,99061,16338,21762,38991,51567,1839,2450,735601,933385,625741,773571,57540,90458,4172,5191,36245,47874,776,1008,11127,15283,635738,787135,60080,94436,11886,15741,38237,50399,1580,2114,66272,93705,58057,82141,2551,3713,3197,4195,505,789,134,187,1828,2680,59728,84589,3157,4625,4452,6021,754,1168,259,336
R,5,2024,81,1779711,772280,1007431,663600,846309,55437,89932,6462,8668,33919,44706,805,1078,12057,16738,674460,861301,58275,94489,14724,20287,36101,47339,1689,2177,712214,919659,610834,769530,53079,86267,3710,4744,33427,44006,698,888,10466,14224,620251,782210,55400,89922,10882,14694,35369,46276,1479,1862,60066,87772,52766,76779,2358,3665,2752,3924,492,700,107,190,1591,2514,54209,79091,2875,4567,3842,5593,732,1063,210,315
R,5,2024,82,1491342,638354,852988,544512,711100,46885,77680,5591,7599,30506,41324,725,1002,10135,14283,553641,723894,49299,81507,12542,17467,32356,43705,1434,1911,585913,776613,498311,643910,44880,74813,3261,4186,30122,40705,615,836,8724,12163,506153,654743,46844,77918,9230,12595,31768,42784,1233,1647,52441,76375,46201,67190,2005,2867,2330,3413,384,619,110,166,1411,2120,47488,69151,2455,3589,3312,4872,588,921,201,264
R,5,2024,83,1307449,550593,756856,467794,628549,40809,70502,4953,6844,27547,37473,661,839,8829,12649,475741,639792,42984,74058,10952,15431,29200,39615,1266,1707,503492,686023,426259,566152,39010,67732,2905,3822,27191,36910,569,694,7558,10713,433047,575639,40748,70586,8027,11110,28663,38777,1088,1448,47101,70833,41535,62397,1799,2770,2048,3022,356,563,92,145,1271,1936,42694,64153,2236,3472,2925,4321,537,838,178,259
R,5,2024,84,1162816,481310,681506,407498,565141,36006,63908,4381,6195,25181,34133,536,792,7708,11337,414403,575178,37880,67146,9571,13798,26652,36066,1091,1607,438918,616055,370160,507461,34349,61277,2501,3448,24849,33598,425,652,6634,9619,376084,515915,35868,63890,6938,9923,26180,35288,930,1363,42392,65451,37338,57680,1657,2631,1880,2747,332,535,111,140,1074,1718,38319,59263,2012,3256,2633,3875,472,778,161,244
R,5,2024,85,1051344,430594,620750,366697,518326,30900,55854,3817,5700,21999,30097,442,692,6739,10081,372758,527314,32561,58676,8302,12522,23331,31745,925,1373,393330,562079,333769,466556,29470,53510,2167,3234,21719,29647,361,567,5844,8565,339008,474143,30814,55794,6050,9049,22918,31094,800,1178,37264,58671,32928,51770,1430,2344,1650,2466,280,450,81,125,895,1516,33750,53171,1747,2882,2252,3473,413,651,125,195
R,5,2024,86,936821,377276,559545,321342,467307,26843,50334,3259,4914,19393,27545,421,598,6018,8847,326752,475165,28369,52889,7281,10731,20535,29115,840,1209,344943,507393,292620,421176,25643,48242,1950,2792,19146,27152,358,491,5226,7540,297317,427825,26883,50346,5451,7756,20168,28531,718,1030,32333,52152,28722,46131,1200,2092,1309,2122,247,393,63,107,792,1307,29435,47340,1486,2543,1830,2975,367,584,122,179
R,5,2024,87,805571,318547,487024,270951,406965,22382,43456,2751,4288,16993,24024,339,542,5131,7749,275566,413767,23707,45720,6101,9332,18006,25469,733,1119,290651,440743,246154,365976,21353,41667,1610,2394,16785,23674,295,440,4454,6592,250145,371717,22435,43546,4515,6674,17698,24942,649,947,27896,46281,24797,40989,1029,1789,1141,1894,208,350,44,102,677,1157,25421,42050,1272,2174,1586,2658,308,527,84,172
R,5,2024,88,713088,277145,435943,236147,364064,19571,39202,2383,3832,14365,21495,256,439,4423,6911,240122,370185,20728,41257,5179,8333,15301,22744,607,931,253163,395037,214836,327823,18700,37677,1389,2161,14189,21141,209,365,3840,5870,218275,333001,19651,39355,3796,5998,15029,22230,530,792,23982,40906,21311,36241,871,1525,994,1671,176,354,47,74,583,1041,21847,37184,1077,1902,1383,2335,272,514,77,139
R,5,2024,89,627732,238814,388918,203932,325442,16438,34404,2075,3449,12396,19051,288,408,3685,6164,207230,330867,17413,36162,4395,7424,13156,20231,578,871,217926,352571,185297,293249,15662,33002,1244,1920,12265,18756,248,343,3210,5301,188154,297883,16474,34443,3247,5351,12964,19811,506,760,20888,36347,18635,32193,776,1402,831,1529,131,295,40,65,475,863,19076,32984,939,1719,1148,2073,192,420,72,111
R,5,2024,90,508741,189761,318980,161866,266483,13024,28258,1640,2682,9973,16175,216,337,3042,5045,164590,270885,13796,29736,3558,5924,10648,17189,448,736,173015,289300,146941,240098,12433,27075,961,1558,9849,15938,178,283,2653,4348,149303,243882,13083,28282,2615,4356,10458,16844,382,637,16746,29680,14925,26385,591,1183,679,1124,124,237,38,54,389,697,15287,27003,713,1454,943,1568,190,345,66,99
R,5,2024,91,445442,162211,283231,138563,237168,10986,24499,1325,2428,8552,14499,164,311,2621,4326,140917,240946,11659,25770,2941,5180,9146,15352,384,673,148543,257559,126382,214309,10494,23508,805,1449,8443,14283,140,263,2279,3747,128423,217572,11054,24560,2200,3830,8980,15044,337,589,13668,25672,12181,22859,492,991,520,979,109,216,24,48,342,579,12494,23374,605,1210,741,1350,166,308,47,84
R,5,2024,92,377765,134318,243447,115607,205520,8436,19965,1089,2004,6879,11951,124,273,2183,3734,117549,208747,9030,21098,2419,4368,7366,12689,313,599,122848,221926,105334,186271,8057,19173,632,1204,6796,11798,107,228,1922,3252,107045,189059,8572,20132,1785,3258,7233,12473,275,525,11470,21521,10273,19249,379,792,457,800,83,153,17,45,261,482,10504,19688,458,966,634,1110,133,216,38,74
R,5,2024,93,317882,109641,208241,94333,175805,6815,16760,903,1683,5753,10543,124,220,1713,3230,95873,178579,7287,17723,1934,3746,6164,11192,267,510,100209,189601,85903,159165,6493,16051,532,980,5681,10416,106,187,1494,2802,87244,161550,6890,16857,1420,2766,6048,10998,232,448,9432,18640,8430,16640,322,709,371,703,72,127,18,33,219,428,8629,17029,397,866,514,980,116,194,35,62
R,5,2024,94,260724,87025,173699,74644,146373,5388,14119,765,1340,4775,9014,83,188,1370,2665,75841,148683,5770,14928,1591,3013,5091,9558,221,426,79581,158391,67977,132738,5145,13531,464,790,4723,8886,68,163,1204,2283,69025,134694,5461,14199,1184,2221,5015,9366,192,378,7444,15308,6667,13635,243,588,301,550,52,128,15,25,166,382,6816,13989,309,729,407,792,76,192,29,48
R,5,2024,95,199928,64473,135455,55237,114364,4069,10866,542,980,3500,6997,65,146,1060,2102,56170,116167,4389,11530,1196,2269,3741,7437,163,347,58942,123915,50297,104096,3881,10394,324,591,3458,6886,54,128,928,1820,51116,105640,4151,10964,889,1687,3681,7282,142,303,5531,11540,4940,10268,188,472,218,389,42,111,11,18,132,282,5054,10527,238,566,307,582,60,155,21,44
R,5,2024,96,158159,49038,109121,41976,92088,3034,8635,422,880,2688,5723,63,110,855,1685,42718,93520,3287,9158,907,1929,2898,6076,146,272,44925,100179,38309,84132,2892,8275,259,540,2667,5646,55,95,743,1491,38954,85389,3101,8724,675,1476,2862,5964,126,242,4113,8942,3667,7956,142,360,163,340,21,77,8,15,112,194,3764,8131,186,434,232,453,36,112,20,30
R,5,2024,97,118661,35406,83255,30077,70059,2314,6655,287,638,2027,4527,28,95,673,1281,30673,71154,2513,7061,680,1413,2184,4794,88,234,32453,76578,27437,64099,2225,6376,175,413,2006,4471,23,81,587,1138,27957,65069,2388,6729,523,1091,2149,4717,72,208,2953,6677,2640,5960,89,279,112,225,21,56,5,14,86,143,2716,6085,125,332,157,322,35,77,16,26
R,5,2024,98,85627,24711,60916,20813,50850,1662,5035,213,501,1540,3422,36,69,447,1039,21186,51714,1784,5391,465,1114,1672,3653,97,185,22641,56023,18960,46491,1592,4846,140,325,1523,3380,31,58,395,923,19288,47255,1691,5143,359,869,1646,3584,88,160,2070,4893,1853,4359,70,189,73,176,17,42,5,11,52,116,1898,4459,93,248,106,245,26,69,9,25
R,5,2024,99,60944,16746,44198,13898,36824,1186,3650,159,369,1151,2521,18,52,334,782,14183,37458,1280,3941,364,834,1230,2685,57,134,15369,40742,12692,33763,1133,3496,108,259,1133,2493,15,47,288,684,12938,34315,1215,3749,278,661,1204,2636,48,116,1377,3456,1206,3061,53,154,51,110,18,28,3,5,46,98,1245,3143,65,192,86,173,26,49,9,18
R,5,2024,100,108569,27593,80976,21847,65186,2246,7661,372,787,2354,5586,67,135,707,1621,22425,66480,2524,8260,722,1686,2572,5988,181,357,25027,74799,19621,59768,2149,7357,255,566,2322,5534,52,117,628,1457,20137,60926,2392,7888,562,1371,2518,5894,151,307,2566,6177,2226,5418,97,304,117,221,32,52,15,18,79,164,2288,5554,132,372,160,315,54,94,30,50
R,6,2024,999,339725075,166727784,172997291,121916377,124860212,21873821,23957742,3503407,3405545,11034549,12046633,466774,467900,7932856,8259259,129206890,132436741,24950691,27205628,6783736,6932519,13515680,14533759,988607,988749,132523903,138593137,94843233,97532421,19791453,21833401,1152304,1188593,10574415,11578973,344120,344053,5818378,6115696,100195791,103147504,21983213,24172986,3354469,3616968,12538188,13548198,720970,720540,34203881,34404154,27073144,27327791,2082368,2124341,2351103,2216952,460134,467660,122654,123847,2114478,2143563,29011099,29289237,2967478,3032642,3429267,3315551,977492,985561,267637,268209
R,6,2024,0,3615818,1849220,1766598,1203720,1148499,293430,284133,47011,44827,114515,107329,6845,6682,183699,175128,1375765,1312251,382685,369928,98364,93867,179166,168553,17438,16733,1305182,1244920,814736,774872,246492,239116,11591,11258,103853,97105,4628,4452,123882,118117,931394,885970,306311,296884,40232,38435,150764,141504,11158,10498,544038,521678,388984,373627,46938,45017,35420,33569,10662,10224,2217,2230,59817,57011,444371,426281,76374,73044,58132,55432,28402,27049,6280,6235
R,6,2024,1,3702964,1891324,1811640,1227625,1173080,303175,293541,48261,46809,119578,112976,7113,7041,185572,178193,1401397,1339665,393229,380713,99957,96609,185110,175473,17790,17261,1338523,1278334,831337,791304,256002,248088,11931,11623,108709,102552,4715,4548,125829,120219,949792,904340,316602,306714,40925,39174,156606,148021,11346,10702,552801,533306,396288,381776,47173,45453,36330,35186,10869,10424,2398,2493,59743,57974,451605,435325,76627,73999,59032,57435,28504,27452,6444,6559
R,6,2024,2,3770401,1924878,1845523,1250078,1195234,309724,301654,46501,44601,123861,117251,7156,6845,187558,179938,1425704,1363442,400726,389589,98606,94674,190185,180576,17928,17132,1377610,1316449,856233,814121,263222,256529,12332,11689,113324,107054,4769,4506,127730,122550,976454,929316,324660,316178,41704,39712,162087,153580,11507,10795,547268,529074,393845,381113,46502,45125,34169,32912,10537,10197,2387,2339,59828,57388,449250,434126,76066,73411,56902,54962,28098,26996,6421,6337
R,6,2024,3,3681157,1881967,1799190,1220441,1161478,307124,298522,44312,42798,122327,116173,6584,6227,181179,173992,1390100,1324132,395010,383566,94590,91153,186448,177426,16984,16156,1361490,1297122,844414,798795,263835,256665,12368,11932,112664,106672,4567,4212,123642,118846,960781,910512,323254,314487,40765,39100,159947,151829,11092,10304,520477,502068,376027,362683,43289,41857,31944,30866,9663,9501,2017,2015,57537,55146,429319,413620,71756,69079,53825,52053,26501,25597,5892,5852
R,6,2024,4,3816355,1949522,1866833,1279218,1219690,304283,296657,46804,44613,127059,121118,6956,6592,185202,178163,1452657,1386304,394213,383846,97901,93868,192692,183805,17562,16704,1427364,1365920,899034,854359,263435,257583,14330,13792,117612,111930,4847,4626,128106,123630,1019598,970581,325082,317837,43745,42083,166520,158767,11612,10955,522158,500913,380184,365331,40848,39074,32474,30821,9447,9188,2109,1966,57096,54533,433059,415723,69131,66009,54156,51785,26172,25038,5950,5749
R,6,2024,5,3866949,1972952,1893997,1302708,1244977,306956,300033,47705,46017,125601,120368,7161,6875,182821,175727,1473907,1409299,395196,385271,98556,94951,190200,182308,17866,16973,1450126,1389447,919663,874758,266787,261665,15128,14699,116302,111315,5025,4930,127221,122080,1039350,989428,327851,320845,44472,42828,164748,157434,11860,11359,522826,504550,383045,370219,40169,38368,32577,31318,9299,9053,2136,1945,55600,53647,434557,419871,67345,64426,54084,52123,25452,24874,6006,5614
R,6,2024,6,3939392,2011368,1928024,1330640,1270199,314307,306744,49179,47266,128158,122706,7451,6742,181633,174367,1500629,1433107,401371,390967,100387,96309,192346,184091,18270,16857,1482498,1417179,941503,894447,274387,268037,15421,14858,118970,113708,5309,4778,126908,121351,1060798,1008399,335007,326574,45122,42948,167212,159656,12296,11172,528870,510845,389137,375752,39920,38707,33758,32408,9188,8998,2142,1964,54725,53016,439831,424708,66364,64393,55265,53361,25134,24435,5974,5685
R,6,2024,7,4000378,2043570,1956808,1356960,1293618,314720,306844,50720,48936,132805,126586,7563,7070,180802,173754,1525758,1455773,400150,390247,102627,99125,196810,187212,18486,17375,1505419,1436524,959152,909606,274545,267771,16183,15634,123424,117598,5378,5030,126737,120885,1078042,1023007,334154,325802,46392,44586,171754,162867,12442,11586,538151,520284,397808,384012,40175,39073,34537,33302,9381,8988,2185,2040,54065,52869,447716,432766,65996,64445,56235,54539,25056,24345,6044,5789
R,6,2024,8,4076763,2082107,1994656,1394782,1329100,315582,308829,51863,50245,131240,125723,7475,7142,181165,173617,1564040,1491114,400465,391250,105014,101142,194954,186230,18465,17573,1532268,1465292,986209,935477,275597,270006,16462,16186,121883,116755,5319,5101,126798,121767,1105251,1049671,335007,327979,47446,45918,169687,162186,12359,11803,549839,529364,408573,393623,39985,38823,35401,34059,9357,8968,2156,2041,54367,51850,458789,441443,65458,63271,57568,55224,25267,24044,6106,5770
R,6,2024,9,4099687,2094567,2005120,1402185,1336860,320212,311234,52278,50801,133632,126713,7383,7205,178877,172307,1569280,1497602,403836,393002,105541,102055,196022,186120,18017,17358,1545876,1475918,992707,943050,280273,272121,16923,16212,124471,118019,5293,5104,126209,121412,1111155,1056853,339251,329973,48372,46241,171634,162868,12230,11676,548691,529202,409478,393810,39939,39113,35355,34589,9161,8694,2090,2101,52668,50895,458125,440749,64585,63029,57169,55814,24388,23252,5787,5682
R,6,2024,10,4078268,2085375,1992893,1401472,1333573,317992,309001,52290,50360,131231,124907,7433,7160,174957,167892,1564952,1490211,399086,388221,105236,101191,192059,182363,17989,17209,1541005,1468520,994313,942118,278480,270234,16841,16184,122056,116334,5272,5027,124043,118623,1110745,1053355,335976,326633,48329,46205,168272,159664,12197,11598,544370,524373,407159,391455,39512,38767,35449,34176,9175,8573,2161,2133,50914,49269,454207,436856,63110,61588,56907,54986,23787,22699,5792,5611
R,6,2024,11,4092538,2090584,2001954,1403992,1340509,317921,309294,53076,50823,136075,128632,7598,7148,171922,165548,1564298,1494703,397077,386287,106044,102159,195814,185370,18047,17073,1545463,1475942,995061,945658,278704,271287,17108,16325,127111,120094,5374,5047,122105,117531,1109544,1055654,334945,326256,48692,46869,172549,163188,12240,11558,545121,526012,408931,394851,39217,38007,35968,34498,8964,8538,2224,2101,49817,48017,454754,439049,62132,60031,57352,55290,23265,22182,5807,5515
R,6,2024,12,4103639,2098274,2005365,1415737,1349069,319593,309260,54483,51632,132038,125285,7401,7051,169022,163068,1573285,1500970,397009,384443,107666,102964,190032,180771,17735,16938,1548407,1476683,1002225,950601,280424,271851,17065,16432,123069,116911,5230,4932,120394,115956,1114998,1059068,335798,325686,48982,47174,167280,159162,12063,11507,549867,528682,413512,398468,39169,37409,37418,35200,8969,8374,2171,2119,48628,47112,458287,441902,61211,58757,58684,55790,22752,21609,5672,5431
R,6,2024,13,4162777,2129762,2033015,1441962,1370843,325767,315006,54897,52960,130370,123783,7472,7308,169294,163115,1599730,1522642,402516,389802,109363,105528,188015,178908,17763,17211,1566181,1490672,1015383,961417,286384,276756,17204,16577,121380,115209,5309,5069,120521,115644,1128235,1069467,341330,330176,49961,48052,165227,157026,12181,11536,563581,542343,426579,409426,39383,38250,37693,36383,8990,8574,2163,2239,48773,47471,471495,453175,61186,59626,59402,57476,22788,21882,5582,5675
R,6,2024,14,4258699,2178076,2080623,1480413,1408468,332988,321645,55085,52570,130282,124735,7416,7171,171892,166034,1640669,1563108,411182,398295,110576,106151,188159,179933,17803,17216,1594770,1521870,1032233,979216,294074,284002,17311,17015,121756,116581,5189,4898,124207,120158,1148531,1091589,350885,339752,51320,50147,166510,159192,12232,11655,583306,558753,448180,429252,38914,37643,37774,35555,8526,8154,2227,2273,47685,45876,492138,471519,60297,58543,59256,56004,21649,20741,5571,5561
R,6,2024,15,4342518,2221807,2120711,1516705,1439861,339601,328239,55763,53749,130683,125500,7379,7225,171676,166137,1676355,1594562,417441,404719,112067,108017,187877,179937,17972,17321,1623321,1548761,1053691,997861,300104,290556,17884,17444,122091,117283,5059,4860,124492,120757,1169953,1110737,357189,346807,52679,51177,166412,159484,12208,11776,598486,571950,463014,442000,39497,37683,37879,36305,8592,8217,2320,2365,47184,45380,506402,483825,60252,57912,59388,56840,21465,20453,5764,5545
R,6,2024,16,4473819,2288687,2185132,1565260,1486986,347995,335989,58498,55851,135904,130155,7567,7192,173463,168959,1726526,1643926,426212,413259,116470,112531,193206,185340,18398,17404,1669562,1593436,1084200,1028639,307703,297746,18709,17791,127221,121684,5139,4880,126590,122696,1202314,1143131,365321,354613,54952,53027,171981,164292,12522,11809,619125,591696,481060,458347,40292,38243,39789,38060,8683,8471,2428,2312,46873,46263,524212,500795,60891,58646,61518,59504,21225,21048,5876,5595
R,6,2024,17,4483997,2297507,2186490,1578040,1494976,346901,333006,60406,56376,135101,129285,7576,7332,169483,165515,1735473,1648572,422502,407638,118452,112908,190704,183114,18078,17524,1672513,1593864,1093168,1034127,306469,295153,18467,17883,126323,121016,5059,4971,123027,120714,1207923,1146677,361725,350275,54579,53262,169601,162872,12250,11883,624994,592626,484872,460849,40432,37853,41939,38493,8778,8269,2517,2361,46456,44801,527550,501895,60777,57363,63873,59646,21103,20242,5828,5641
R,6,2024,18,4438300,2275584,2162716,1570734,1482744,336065,325452,59942,55941,137581,133106,7538,7162,163724,158311,1722802,1629689,407718,395449,117293,110926,191226,184851,17528,16882,1658305,1580320,1089935,1028463,297142,288498,18118,17543,128992,125162,5119,4882,118999,115772,1200934,1136392,349471,340399,54044,52213,170982,165482,11959,11559,617279,582396,480799,454281,38923,36954,41824,38398,8589,7944,2419,2280,44725,42539,521868,493297,58247,55050,63249,58713,20244,19369,5569,5323
R,6,2024,19,4447743,2282606,2165137,1577698,1487127,333929,320756,60518,55894,143752,140434,7627,7207,159082,153719,1725244,1629531,402161,388070,117379,110570,196270,190450,17432,16608,1666681,1587645,1096748,1035318,295628,284598,18169,17377,135365,132671,5198,5023,115573,112658,1204309,1140039,345306,334354,53889,51983,176543,172077,11944,11540,615925,577492,480950,451809,38301,36158,42349,38517,8387,7763,2429,2184,43509,41061,520935,489492,56855,53716,63490,58587,19727,18373,5488,5068
R,6,2024,20,4481378,2300504,2180874,1596396,1503013,333361,321511,60687,54827,146732,143730,7800,7212,155528,150581,1740533,1642757,399044,386377,117308,109443,197772,192489,17499,16386,1688861,1607368,1117312,1052699,295933,285876,18144,17247,138560,136162,5313,5046,113599,110338,1223014,1155401,344075,333719,54083,52129,178791,174537,11998,11424,611643,573506,479084,450314,37428,35635,42543,37580,8172,7568,2487,2166,41929,40243,517519,487356,54969,52658,63225,57314,18981,17952,5501,4962
R,6,2024,21,4452832,2284525,2168307,1585451,1494497,332415,321443,60621,54295,149111,145932,7711,7112,149216,145028,1723694,1628720,394694,382956,116153,108033,197861,192955,16976,15905,1678621,1599992,1110134,1047653,294912,286181,17830,16730,141343,138242,5353,5004,109049,106182,1211434,1146269,340653,331638,53179,51046,179729,175208,11797,11176,605904,568315,475317,446844,37503,35262,42791,37565,7768,7690,2358,2108,40167,38846,512260,482451,54041,51318,62974,56987,18132,17747,5179,4729
R,6,2024,22,4558198,2319087,2239111,1602813,1536758,345597,342611,59593,54628,161125,157487,7646,7519,142313,140108,1734198,1665776,404686,402478,112891,106296,207640,202902,16839,16545,1712584,1666167,1125268,1085241,307277,305939,17573,17134,153333,149780,5380,5349,103753,102724,1221294,1180104,350559,350107,51320,50187,189933,185569,11839,11732,606503,572944,477545,451517,38320,36672,42020,37494,7792,7707,2266,2170,38560,37384,512904,485672,54127,52371,61571,56109,17707,17333,5000,4813
R,6,2024,23,4850754,2456601,2394153,1693007,1644038,368428,366844,60181,55352,187141,181899,8314,8265,139530,137755,1821044,1770523,426353,425742,111751,104733,233361,227598,17907,17591,1838161,1806696,1205249,1178530,328221,329089,18059,17835,178944,173843,6027,5902,101661,101497,1298740,1271871,370415,372711,50810,49341,215426,210364,12791,12620,618440,587457,487758,465508,40207,37755,42122,37517,8197,8056,2287,2363,37869,36258,522304,498652,55938,53031,60941,55392,17935,17234,5116,4971
R,6,2024,24,4849289,2458786,2390503,1704213,1645984,363347,364431,59701,54026,190112,184868,8530,8143,132883,133051,1826101,1768087,417951,421215,109693,102038,233835,228974,17482,16892,1848791,1813334,1220783,1187862,324629,327105,17985,17185,181980,176906,6286,5757,97128,98519,1310053,1278496,364503,369333,49614,47946,216868,212246,12709,11949,609995,577169,483430,458122,38718,37326,41716,36841,8132,7962,2244,2386,35755,34532,516048,489591,53448,51882,60079,54092,16967,16728,4773,4943
R,6,2024,25,4717741,2392428,2325313,1666972,1607521,346730,348292,57367,52086,185506,181870,8361,8022,127492,127522,1783832,1724585,398430,402148,105700,98735,227520,223804,17197,16478,1803289,1765709,1199665,1162812,309579,312341,17100,16364,177498,173884,6079,5715,93368,94593,1285390,1249849,347456,352445,47945,46553,210982,207492,12404,11744,589139,559604,467307,444709,37151,35951,40267,35722,8008,7986,2282,2307,34124,32929,498442,474736,50974,49703,57755,52182,16538,16312,4793,4734
R,6,2024,26,4575174,2320140,2255034,1616873,1554173,333957,334892,55781,50644,184452,185155,8081,7810,120996,122360,1727775,1666421,382557,386186,102181,95902,224055,225133,16293,15727,1750108,1715442,1164314,1124501,298405,301050,16195,15588,176715,177377,5906,5564,88573,91362,1245549,1208526,333936,339473,45658,44853,208523,209876,11856,11330,570032,539592,452559,429672,35552,33842,39586,35056,7737,7778,2175,2246,32423,30998,482226,457895,48621,46713,56523,51049,15532,15257,4437,4397
R,6,2024,27,4477426,2268119,2209307,1582727,1520057,322554,325023,54902,49323,183786,188442,7703,7372,116447,119090,1689203,1629256,368577,374128,100252,94441,222114,227118,15633,15072,1707225,1679309,1137388,1098333,287600,291970,15508,14812,176320,180951,5604,5371,84805,87872,1215128,1179022,320829,328354,44057,43582,207131,212186,11321,10893,560894,529998,445339,421724,34954,33053,39394,34511,7466,7491,2099,2001,31642,31218,474075,450234,47748,45774,56195,50859,14983,14932,4312,4179
R,6,2024,28,4474977,2262445,2212532,1582957,1523122,317973,324055,55255,49338,184685,192057,7653,7310,113922,116650,1687139,1629921,362516,371458,100053,94569,221991,229737,15631,14993,1705640,1684174,1141358,1102938,283257,290851,15365,14604,177138,184367,5556,5435,82966,85979,1217401,1181834,315289,325765,43621,43475,207253,214889,11332,11024,556805,528358,441599,420184,34716,33204,39890,34734,7547,7690,2097,1875,30956,30671,469738,448087,47227,45693,56432,51094,14738,14848,4299,3969
R,6,2024,29,4504535,2271273,2233262,1590534,1535260,322689,333784,55393,49471,183537,192208,7763,7417,111357,115122,1692010,1640325,365806,380365,100148,94591,219838,229169,15631,15250,1717626,1704335,1151816,1114571,288016,299760,15441,14801,175874,184682,5709,5477,80770,85044,1225439,1192288,318881,333941,43635,43918,205207,214780,11428,11207,553647,528927,438718,420689,34673,34024,39952,34670,7663,7526,2054,1940,30587,30078,466571,448037,46925,46424,56513,50673,14631,14389,4203,4043
R,6,2024,30,4538289,2283342,2254947,1599380,1546593,326813,343047,54870,49996,185306,193464,7636,7413,109337,114434,1698797,1651089,368202,388688,99434,96072,221115,229920,15690,15173,1736287,1728170,1164815,1128080,292927,309214,15614,15089,177942,185883,5602,5427,79387,84477,1237016,1205361,322510,342631,43603,44963,207105,215502,11501,11111,547055,526777,434565,418513,33886,33833,39256,34907,7364,7581,2034,1986,29950,29957,461781,445728,45692,46057,55831,51109,14010,14418,4189,4062
R,6,2024,31,4596232,2308222,2288010,1617493,1568389,331776,350776,55909,51000,188584,197157,7765,7469,106695,113219,1714368,1671570,371835,395237,100169,97874,223273,232886,15617,15121,1763405,1762005,1184833,1151014,297601,316771,16029,15532,181376,189636,5775,5401,77791,83651,1255502,1227342,326283,349041,44181,46204,209621,218857,11558,11027,544817,526005,432660,417375,34175,34005,39880,35468,7208,7521,1990,2068,28904,29568,458866,444228,45552,46196,55988,51670,13652,14029,4059,4094
R,6,2024,32,4667897,2339793,2328104,1648406,1602745,332231,355229,56169,51387,189535,198841,7601,7303,105851,112599,1744766,1705363,370575,398188,101514,99272,223574,234194,15382,14931,1795955,1802878,1215953,1185955,298306,320501,16548,16180,182381,191540,5623,5428,77144,83274,1286208,1261987,325467,351559,45626,47774,210176,220406,11419,11047,543838,525226,432453,416790,33925,34728,39621,35207,7154,7301,1978,1875,28707,29325,458558,443376,45108,46629,55888,51498,13398,13788,3963,3884
R,6,2024,33,4761051,2383423,2377628,1683046,1636774,337246,364311,57043,51991,193916,204644,7907,7616,104265,112292,1777342,1738999,374571,406405,102138,100697,227964,239983,15740,15369,1839898,1853916,1251836,1222512,302940,329366,16880,16482,186599,197132,5899,5644,75744,82780,1320421,1297990,329144,359448,45592,48564,214475,225988,11686,11433,543525,523712,431210,414262,34306,34945,40163,35509,7317,7512,2008,1972,28521,29512,456921,441009,45427,46957,56546,52133,13489,13995,4054,3936
R,6,2024,34,4779923,2388945,2390978,1691517,1648645,336996,365453,56108,51577,194952,207260,7710,7536,101662,110507,1783738,1749125,372398,405800,100583,101008,228198,241562,15374,15083,1855351,1873811,1267016,1238862,303671,330905,16812,16587,187911,200192,5763,5609,74178,81656,1334327,1313166,328350,359511,45508,49570,215240,228358,11485,11322,533594,517167,424501,409783,33325,34548,39296,34990,7041,7068,1947,1927,27484,28851,449411,435959,44048,46289,55075,51438,12958,13204,3889,3761
R,6,2024,35,4645119,2317608,2327511,1646123,1607908,320961,351045,53760,50126,192395,206437,7418,7112,96951,104883,1734026,1703138,354190,388601,96925,97633,223971,239238,14687,14318,1809733,1832622,1241976,1214790,289721,318358,16210,16316,185565,199689,5567,5311,70694,78158,1306022,1285740,312780,345147,43998,48387,211596,226897,11117,10793,507875,494889,404147,393118,31240,32687,37550,33810,6830,6748,1851,1801,26257,26725,428004,417398,41410,43454,52927,49246,12375,12341,3570,3525
R,6,2024,36,4570420,2276309,2294111,1628042,1595542,307822,338760,53655,49363,186163,201424,7242,7103,93385,101919,1712738,1688154,338881,374970,95835,96462,216438,232797,14298,14108,1775675,1805928,1228789,1207438,277608,307087,15974,15668,179549,194833,5362,5268,68393,75634,1290787,1276283,299211,332685,43294,47385,204703,220713,10730,10595,500634,488183,399253,388104,30214,31673,37681,33695,6614,6591,1880,1835,24992,26285,421951,411871,39670,42285,52541,49077,11735,12084,3568,3513
R,6,2024,37,4514529,2248132,2266397,1616891,1583824,301055,331218,52223,48656,181045,196417,7209,6935,89709,99347,1698067,1674129,330614,365917,93788,95695,209970,226734,14046,13604,1757755,1785320,1225034,1201007,271584,300487,15533,15308,174664,189853,5376,5081,65564,73584,1284249,1267900,292094,324842,42444,47087,198686,214999,10640,10127,490377,481077,391857,382817,29471,30731,36690,33348,6381,6564,1833,1854,24145,25763,413818,406229,38520,41075,51344,48608,11284,11735,3406,3477
R,6,2024,38,4542428,2262079,2280349,1632985,1600428,299048,330073,52651,48892,180822,196951,7126,6877,89447,97128,1714013,1688587,327847,363023,94804,95980,209502,226202,14053,13584,1769693,1801567,1239237,1218113,269747,300135,15245,15552,174471,190506,5380,5139,65613,72122,1298680,1283596,289466,323212,42972,47759,198328,214702,10626,10231,492386,478782,393748,382315,29301,29938,37406,33340,6351,6445,1746,1738,23834,25006,415333,404991,38381,39811,51832,48221,11174,11500,3427,3353
R,6,2024,39,4507451,2242566,2264885,1625414,1593978,293222,324355,51787,48900,179127,196355,6984,6852,86032,94445,1703274,1679703,320116,355577,93211,95929,206601,224371,13619,13394,1759544,1791258,1238391,1215438,265485,295225,14884,15493,172830,190094,5224,5168,62730,69840,1295113,1278832,283762,316876,42031,47532,195612,213334,10273,10141,483022,473627,387023,378540,27737,29130,36903,33407,6297,6261,1760,1684,23302,24605,408161,400871,36354,38701,51180,48397,10989,11037,3346,3253
R,6,2024,40,4395479,2182314,2213165,1583471,1558137,282566,315841,50947,47704,175915,193141,6734,6729,82681,91613,1657986,1641028,308144,345623,91625,94333,202003,220145,13246,13239,1712250,1748893,1206849,1185700,255403,288005,14710,15030,169888,187121,5063,5001,60337,68036,1261109,1247226,272888,308707,41452,47159,191483,209420,10071,10005,470064,464272,376622,372437,27163,27836,36237,32674,6027,6020,1671,1728,22344,23577,396877,393802,35256,36916,50173,47174,10520,10725,3175,3234
R,6,2024,41,4441708,2198720,2242988,1600006,1583796,285245,318996,51540,48893,172527,192784,6513,6647,82889,91872,1674971,1666783,310618,348455,93183,96827,197828,219219,12941,13114,1728453,1771257,1222499,1204970,258380,290966,15021,15427,166805,186801,4839,4972,60909,68121,1277494,1266477,275845,311440,42837,48539,187802,208613,9757,9902,470267,471731,377507,378826,26865,28030,36519,33466,5722,5983,1674,1675,21980,23751,397477,400306,34773,37015,50346,48288,10026,10606,3184,3212
R,6,2024,42,4391814,2168875,2222939,1583878,1573013,280662,316056,50588,48000,167531,189481,6441,6550,79775,89839,1655844,1654125,304998,345004,91272,95531,191554,214814,12677,12845,1705768,1755684,1211877,1197172,254296,288406,14604,14822,161824,183562,4792,4817,58375,66905,1264388,1257625,271093,308607,41704,47894,181672,204455,9619,9637,463107,467255,372001,375841,26366,27650,35984,33178,5707,5919,1649,1733,21400,22934,391456,396500,33905,36397,49568,47637,9882,10359,3058,3208
R,6,2024,43,4367309,2157621,2209688,1579744,1567598,281361,316851,50532,47968,160583,183045,6396,6296,79005,87930,1650912,1647096,305298,345066,91478,95109,183877,207266,12486,12325,1697144,1744939,1209343,1193293,255755,289492,14614,14968,154892,177161,4678,4696,57862,65329,1261360,1252351,272231,309248,41999,47762,174166,197134,9334,9252,460477,464749,370401,374305,25606,27359,35918,33000,5691,5884,1718,1600,21143,22601,389552,394745,33067,35818,49479,47347,9711,10132,3152,3073
R,6,2024,44,4334357,2140657,2193700,1566587,1553781,283501,318656,49869,47802,157266,180320,6434,6490,77000,86651,1635961,1631909,306760,346413,90467,94691,179468,203954,12302,12565,1683348,1732159,1197397,1182028,258526,291558,14514,15006,151678,174595,4804,4765,56429,64207,1248100,1239873,274427,310841,41850,47690,170084,194013,9391,9391,457309,461541,369190,371753,24975,27098,35355,32796,5588,5725,1630,1725,20571,22444,387861,392036,32333,35572,48617,47001,9384,9941,2911,3174
R,6,2024,45,4126408,2033559,2092849,1490391,1484466,267833,302075,47380,45245,149532,173430,6023,5919,72400,81714,1555582,1558112,289395,328102,85970,89637,170276,195570,11485,11516,1603358,1654571,1142845,1130898,244563,276636,13747,13912,144405,167960,4486,4318,53312,60847,1190797,1185725,259386,294623,39923,45116,161612,186265,8703,8589,430201,438278,347546,353568,23270,25439,33633,31333,5127,5470,1537,1601,19088,20867,364785,372387,30009,33479,46047,44521,8664,9305,2782,2927
R,6,2024,46,4037750,1986487,2051263,1463900,1463558,256871,290432,45916,44813,144177,167497,5623,5779,70000,79184,1527075,1534925,277411,315054,83682,88382,164203,189092,10671,11117,1563873,1618392,1120729,1113014,234808,265992,13343,14064,139257,162159,4214,4228,51522,58935,1167158,1166083,248816,283139,39004,44690,155933,179931,8075,8366,422614,432871,343171,350544,22063,24440,32573,30749,4920,5338,1409,1551,18478,20249,359917,368842,28595,31915,44678,43692,8270,9161,2596,2751
R,6,2024,47,3970793,1950672,2020121,1437984,1440446,250813,286303,45124,43622,143293,167336,5553,5677,67905,76737,1499157,1509619,270600,309930,82366,86595,162326,187996,10590,10833,1537294,1592183,1101407,1092242,229600,262506,13512,13930,138447,162143,4119,4184,50209,57178,1146520,1143716,243086,278867,39058,44170,154352,179225,7993,8129,413378,427938,336577,348204,21213,23797,31612,29692,4846,5193,1434,1493,17696,19559,352637,365903,27514,31063,43308,42425,7974,8771,2597,2704
R,6,2024,48,3864926,1898440,1966486,1397774,1403122,242619,276165,43672,42165,143575,166588,5251,5432,65549,73014,1456781,1468761,261087,298476,80189,83348,161710,185982,10069,10284,1495411,1548510,1068940,1061215,222127,253730,12941,13349,138913,161498,3989,4023,48501,54695,1112517,1110325,234777,269362,38086,42494,154072,177635,7743,7796,403029,417976,328834,341907,20492,22435,30731,28816,4662,5090,1262,1409,17048,18319,344264,358436,26310,29114,42103,40854,7638,8347,2326,2488
R,6,2024,49,3896672,1914499,1982173,1414825,1420583,242992,275105,42611,42112,145466,167707,5125,5221,63480,71445,1471906,1484915,260856,296320,78353,82825,162765,186770,9655,9797,1518726,1570193,1090745,1082681,223072,253546,12980,13528,140875,162826,3884,3898,47170,53714,1133061,1130919,235503,268407,37782,42531,155259,178742,7370,7414,395773,411980,324080,337902,19920,21559,29631,28584,4591,4881,1241,1323,16310,17731,338845,353996,25353,27913,40571,40294,7506,8028,2285,2383
R,6,2024,50,3802142,1865013,1937129,1377974,1387931,236564,268800,41204,40331,143359,165581,4884,5178,61028,69308,1432866,1450287,253418,289204,75864,80063,160042,184017,9222,9649,1485462,1539056,1066122,1060328,217939,248281,12663,13351,139066,160929,3726,3801,45946,52366,1107301,1107339,229751,262640,37211,41912,153103,176333,7090,7274,379551,398073,311852,327603,18625,20519,28541,26980,4293,4652,1158,1377,15082,16942,325565,342948,23667,26564,38653,38151,6939,7684,2132,2375
R,6,2024,51,3875604,1895031,1980573,1400197,1418889,244020,278136,40929,40477,144002,168588,4932,5075,60951,69408,1455013,1481207,260592,298519,75787,80541,160548,186743,9212,9612,1520212,1585097,1091878,1092812,225786,257759,13050,13683,139750,163943,3732,3788,46016,53112,1133080,1140412,237432,272310,37818,42972,153680,179203,7150,7324,374819,395476,308319,326077,18234,20377,27879,26794,4252,4645,1200,1287,14935,16296,321933,340795,23160,26209,37969,37569,6868,7540,2062,2288
R,6,2024,52,4031486,1971217,2060269,1472552,1493055,248584,284725,40523,39968,142776,167036,4833,4995,61949,70490,1528293,1556563,265176,304763,76761,81606,158914,184892,9190,9522,1602361,1670213,1167890,1170828,231008,264892,13513,13869,138570,162425,3638,3729,47742,54470,1210730,1219766,242981,279397,40021,44779,152291,177547,7098,7291,368856,390056,304662,322227,17576,19833,27010,26099,4206,4611,1195,1266,14207,16020,317563,336797,22195,25366,36740,36827,6623,7345,2092,2231
R,6,2024,53,4273644,2092177,2181467,1580142,1599499,261156,299063,40676,40674,140701,164306,5054,5051,64448,72874,1638237,1665159,278136,319567,79218,84562,156918,181984,9550,9722,1721482,1791597,1273794,1277038,243413,279205,13946,14679,136457,159799,3835,3855,50037,57021,1318848,1328251,255596,294228,42583,48037,150253,174731,7423,7615,370695,389870,306348,322461,17743,19858,26730,25995,4244,4507,1219,1196,14411,15853,319389,336908,22540,25339,36635,36525,6665,7253,2127,2107
R,6,2024,54,4208575,2059476,2149099,1563385,1586064,252934,287566,39444,39262,137315,160932,4803,4971,61595,70304,1618895,1649366,269048,307142,76526,82058,152436,177772,9255,9604,1698533,1772346,1264457,1274037,235655,268680,13360,14355,133336,156566,3680,3832,48045,54876,1307638,1323314,247406,283074,41167,46725,146227,170736,7289,7567,360943,376753,298928,312027,17279,18886,26084,24907,3979,4366,1123,1139,13550,15428,311257,326052,21642,24068,35359,35333,6209,7036,1966,2037
R,6,2024,55,4054495,1978508,2075987,1507895,1538076,239271,274126,37462,37579,131698,155235,4471,4821,57711,66150,1560056,1597668,254043,292301,72686,78537,145723,170562,8464,9036,1636882,1718130,1223951,1241209,223234,256349,13175,14044,128057,151195,3447,3668,45018,51665,1264560,1287667,233933,269427,39678,45344,139961,164094,6669,7020,341626,357857,283944,296867,16037,17777,24287,23535,3641,4040,1024,1153,12693,14485,295496,310001,20110,22874,33008,33193,5762,6468,1795,2016
R,6,2024,56,3953587,1925679,2027908,1469442,1502854,237435,274643,36345,36044,123763,146939,4422,4690,54272,62738,1518340,1559270,251322,292039,69899,75091,136535,161175,8190,8814,1594173,1680372,1193552,1213547,221873,257324,12894,13768,120184,143022,3427,3611,42243,49100,1231465,1257603,231865,269960,38290,43703,130952,154929,6482,6943,331506,347536,275890,289307,15562,17319,23451,22276,3579,3917,995,1079,12029,13638,286875,301667,19457,22079,31609,31388,5583,6246,1708,1871
R,6,2024,57,3963749,1925402,2038347,1481469,1524580,235750,275377,35108,35381,115706,136667,4488,4583,52881,61759,1529194,1580250,249153,292344,68304,74450,127728,149931,8141,8543,1605212,1702406,1213958,1244553,221162,258521,13007,13981,112339,133013,3456,3531,41290,48807,1251139,1288449,230866,271072,38126,44314,122508,144161,6453,6710,320190,335941,267511,280027,14588,16856,22101,21400,3367,3654,1032,1052,11591,12952,278055,291801,18287,21272,30178,30136,5220,5770,1688,1833
R,6,2024,58,4047209,1962974,2084235,1508221,1556913,244558,286091,35121,35797,117412,138668,4409,4712,53253,62054,1555923,1612573,258202,303133,68873,75347,129253,151999,8212,8726,1645711,1750527,1243078,1278446,229612,269617,13484,14543,114112,135081,3437,3672,41988,49168,1280571,1322472,239541,282139,39544,45443,124119,146265,6531,6906,317263,333708,265143,278467,14946,16474,21637,21254,3300,3587,972,1040,11265,12886,275352,290101,18661,20994,29329,29904,5134,5734,1681,1820
R,6,2024,59,4213305,2036210,2177095,1579175,1644442,248247,291589,34965,35513,116002,137780,4260,4768,53561,63003,1627409,1701101,261386,308608,69418,76304,127680,150743,7967,8758,1726713,1848620,1319719,1369159,234049,275377,13954,15364,112844,134307,3308,3754,42839,50659,1358198,1414657,243823,288181,40928,47780,122825,145235,6358,7030,309497,328475,259456,275283,14198,16212,21011,20149,3158,3473,952,1014,10722,12344,269211,286444,17563,20427,28490,28524,4855,5508,1609,1728
R,6,2024,60,4288256,2067211,2221045,1611796,1688289,246043,289804,34157,34934,117545,140497,4089,4516,53581,63005,1660063,1744967,259100,306191,69191,76313,128835,153437,7748,8500,1770620,1902294,1363011,1420821,232290,274025,14167,15488,114587,137276,3272,3511,43293,51173,1401892,1466755,242105,286465,42036,48790,124242,148303,6289,6801,296591,318751,248785,267468,13753,15779,19990,19446,2958,3221,817,1005,10288,11832,258171,278212,16995,19726,27155,27523,4593,5134,1459,1699
R,6,2024,61,4276239,2057514,2218725,1610732,1695332,240394,285563,32996,33743,117258,137889,3967,4475,52167,61723,1657715,1750848,252782,301668,67284,74544,128311,150226,7445,8286,1775121,1913082,1373149,1438152,227678,270920,14173,15393,114383,134633,3163,3587,42575,50397,1411411,1483379,237063,283268,41758,48445,123902,145174,6094,6738,282393,305643,237583,257180,12716,14643,18823,18350,2875,3256,804,888,9592,11326,246304,267469,15719,18400,25526,26099,4409,5052,1351,1548
R,6,2024,62,4248344,2038841,2209503,1613165,1706796,234054,280229,31333,32831,105522,125196,4048,4355,50719,60096,1658953,1760977,245881,295670,64966,72944,116109,136989,7367,8006,1770790,1918337,1387250,1461293,222098,266640,13787,15258,102875,122202,3251,3459,41529,49485,1424650,1505813,231121,278555,40917,48056,112097,132333,6050,6486,268051,291166,225915,245503,11956,13589,17546,17573,2647,2994,797,896,9190,10611,234303,255164,14760,17115,24049,24888,4012,4656,1317,1520
R,6,2024,63,4273935,2044610,2229325,1625020,1729220,232813,279814,30298,32312,102665,124522,3854,4188,49960,59269,1670105,1782533,244678,294872,63598,72167,112969,136055,7083,7873,1788051,1947118,1408760,1491302,221296,266735,13623,15334,100198,121634,3100,3359,41074,48754,1445729,1535089,230325,278316,40697,47917,109119,131525,5803,6357,256559,282207,216260,237918,11517,13079,16675,16978,2467,2888,754,829,8886,10515,224376,247444,14353,16556,22901,24250,3850,4530,1280,1516
R,6,2024,64,4203012,2003946,2199066,1591425,1703528,228362,276840,29399,31459,103095,126040,3614,4058,48051,57141,1634717,1754825,239516,291655,61434,69684,113109,137199,6762,7480,1757534,1926574,1383559,1473806,217236,264047,13354,14983,100701,123261,2937,3280,39747,47197,1419269,1516060,225847,275586,39492,46370,109478,132823,5571,6126,246412,272492,207866,229722,11126,12793,16045,16476,2394,2779,677,778,8304,9944,215448,238765,13669,16069,21942,23314,3631,4376,1191,1354
R,6,2024,65,4105630,1949279,2156351,1556273,1678774,218605,268126,27373,29831,97910,121320,3463,3778,45655,54522,1597361,1727906,229247,281987,58067,66642,107236,131733,6318,7014,1721450,1901518,1363946,1463448,208370,256448,12707,14522,95692,118738,2819,3108,37916,45254,1398004,1504114,216664,267305,37843,44914,103872,127743,5221,5775,227829,254833,192327,215326,10235,11678,14666,15309,2218,2582,644,670,7739,9268,199357,223792,12583,14682,20224,21728,3364,3990,1097,1239
R,6,2024,66,4069558,1925285,2144273,1543956,1678617,210735,260175,25761,28322,97766,120872,3236,3560,43831,52727,1583450,1726042,220825,273635,55243,64247,106733,130776,5969,6575,1711338,1900406,1362761,1471977,201138,249077,12392,14085,95743,118412,2665,2894,36639,43961,1395668,1511437,209035,259686,36790,43856,103631,127009,4998,5401,213947,243867,181195,206640,9597,11098,13369,14237,2023,2460,571,666,7192,8766,187782,214605,11790,13949,18453,20391,3102,3767,971,1174
R,6,2024,67,3979232,1874068,2105164,1508351,1652602,202354,254389,24950,26978,93518,117743,3162,3454,41733,49998,1545965,1697564,211966,267017,53208,61324,101919,126881,5758,6360,1670741,1870509,1336087,1453205,193393,243680,11978,13512,91610,115478,2641,2820,35032,41814,1367591,1490694,200971,253713,35458,42102,99034,123377,4843,5270,203327,234655,172264,199397,8961,10709,12972,13466,1908,2265,521,634,6701,8184,178374,206870,10995,13304,17750,19222,2885,3504,915,1090
R,6,2024,68,3827039,1795964,2031075,1448871,1596575,190614,242421,23289,25491,91242,115924,2860,3283,39088,47381,1484148,1639161,199595,254394,49614,57927,99052,124784,5373,6054,1604247,1808584,1286333,1407174,182156,232208,11133,13099,89408,113668,2363,2709,32854,39726,1315917,1442789,189227,241663,33021,40188,96299,121387,4493,5059,191717,222491,162538,189401,8458,10213,12156,12392,1834,2256,497,574,6234,7655,168231,196372,10368,12731,16593,17739,2753,3397,880,995
R,6,2024,69,3733391,1745817,1987574,1414433,1570417,181214,231943,21925,24307,88805,113037,2756,3194,36684,44676,1447385,1610361,189743,243365,46758,54752,96103,121501,5154,5924,1565041,1775345,1261044,1389626,173130,222446,10708,12241,87124,111000,2281,2627,30754,37405,1288612,1422924,179840,231456,31313,37578,93573,118404,4333,4960,180776,212229,153389,180791,8084,9497,11217,12066,1681,2037,475,567,5930,7271,158773,187437,9903,11909,15445,17174,2530,3097,821,964
R,6,2024,70,3562685,1655431,1907254,1352228,1518015,165659,217475,19678,22285,82282,105037,2492,2939,33092,41503,1382041,1555224,173413,228171,42296,50796,88664,112503,4544,5442,1491592,1710421,1212541,1349709,158413,208723,9857,11610,80798,103119,2077,2421,27906,34839,1237620,1380851,164495,217161,28785,35505,86464,109611,3850,4561,163839,196833,139687,168306,7246,8752,9821,10675,1484,1918,415,518,5186,6664,144421,174373,8918,11010,13511,15291,2200,2892,694,881
R,6,2024,71,3414532,1580911,1833621,1298610,1467158,152680,203574,18113,20616,78345,100507,2326,2710,30837,39056,1326341,1502280,159858,213489,39134,47407,84385,107552,4300,5071,1429462,1649210,1169041,1308942,146045,195400,9274,10985,77007,98835,1949,2252,26146,32796,1192481,1338305,151768,203290,26956,33377,82392,104998,3646,4291,151449,184411,129569,158216,6635,8174,8839,9631,1338,1672,377,458,4691,6260,133860,163975,8090,10199,12178,14030,1993,2554,654,780
R,6,2024,72,3251861,1500584,1751277,1240299,1409144,141358,191353,16379,19078,71800,93326,2149,2509,28599,35867,1266059,1441271,147998,200565,36085,43926,77192,99609,3998,4683,1361433,1580180,1120770,1261897,135359,183855,8577,10260,70545,91804,1824,2073,24358,30291,1142623,1288925,140702,191140,25236,31281,75361,97302,3409,3949,139151,171097,119529,147247,5999,7498,7802,8818,1255,1522,325,436,4241,5576,123436,152346,7296,9425,10849,12645,1831,2307,589,734
R,6,2024,73,3096671,1420726,1675945,1173948,1344715,134403,186457,15457,18136,68269,90402,1949,2381,26700,33854,1197915,1375096,140684,195359,33949,41691,73179,96081,3639,4401,1288352,1511714,1060093,1203359,128708,179381,8049,9629,67153,88953,1673,1977,22676,28415,1080353,1228753,133754,186453,23675,29424,71492,93856,3141,3705,132374,164231,113855,141356,5695,7076,7408,8507,1116,1449,276,404,4024,5439,117562,146343,6930,8906,10274,12267,1687,2225,498,696
R,6,2024,74,2952959,1348897,1604062,1114782,1288178,124812,174883,14410,16663,68178,90463,1850,2119,24865,31756,1137165,1316551,130675,183273,31487,38534,72815,95998,3480,4087,1226448,1448732,1009324,1153949,119584,168134,7674,9044,67078,89028,1574,1783,21214,26794,1028360,1177781,124282,174853,22147,27494,71206,93838,3022,3491,122449,155330,105458,134229,5228,6749,6736,7619,1100,1435,276,336,3651,4962,108805,138770,6393,8420,9340,11040,1609,2160,458,596
R,6,2024,75,2834943,1288285,1546658,1074663,1255584,113199,160640,13288,15364,62242,83019,1757,2044,23136,30007,1095473,1282459,118490,168460,29380,36284,66488,87994,3324,3910,1176602,1403373,978076,1131411,108671,154635,7206,8437,61232,81702,1474,1727,19943,25461,995957,1154142,112938,160915,21046,26206,65035,86060,2856,3335,111683,143285,96587,124173,4528,6005,6082,6927,1010,1317,283,317,3193,4546,99516,128317,5552,7545,8334,10078,1453,1934,468,575
R,6,2024,76,2764569,1253574,1510995,1057777,1241207,102739,148419,12135,14264,57685,76589,1561,1890,21677,28626,1077374,1266885,107656,155815,27235,34253,61579,81306,2954,3605,1148863,1375655,966877,1123694,98560,142735,6747,7918,56794,75385,1322,1589,18563,24334,983607,1145437,102582,148708,19579,24873,60274,79532,2574,3110,104711,135340,90900,117513,4179,5684,5388,6346,891,1204,239,301,3114,4292,93767,121448,5074,7107,7656,9380,1305,1774,380,495
R,6,2024,77,2765119,1250062,1515057,1069970,1265259,93435,136243,11478,13663,52705,70535,1441,1630,21033,27727,1089037,1290332,98061,143250,26366,33289,56289,74912,2778,3280,1153518,1387713,985904,1154424,89667,130990,6511,7742,51934,69431,1235,1374,18267,23752,1002456,1175834,93449,136667,19433,24613,55116,73252,2430,2826,96544,127344,84066,110835,3768,5253,4967,5921,771,1104,206,256,2766,3975,86581,114498,4612,6583,6933,8676,1173,1660,348,454
R,6,2024,78,2006996,896440,1110556,754600,910407,72144,108577,8691,11025,44416,58623,1217,1525,15372,20399,768470,928670,75751,113994,19169,24866,47263,62199,2332,2914,815123,1000052,683683,814291,68891,103845,4720,5905,43714,57625,1027,1282,13088,17104,695476,829524,71741,108149,13614,17514,46220,60741,2015,2494,81317,110504,70917,96116,3253,4732,3971,5120,702,998,190,243,2284,3295,72994,99146,4010,5845,5555,7352,1043,1458,317,420
R,6,2024,79,1911830,845605,1066225,714952,877833,66607,103198,7931,10198,40805,54653,1057,1343,14253,19000,727803,894770,69935,108356,17668,23099,43458,57869,2121,2662,772135,965074,650735,789323,63737,99101,4348,5636,40214,53782,906,1113,12195,16119,661688,803634,66414,103261,12630,16580,42573,56604,1852,2265,73470,101151,64217,88510,2870,4097,3583,4562,591,871,151,230,2058,2881,66115,91136,3521,5095,5038,6519,885,1265,269,397
R,6,2024,80,1824189,799697,1024492,681163,852401,60155,94220,7386,9450,37074,49199,926,1210,12993,18012,692859,868455,63319,99160,16333,21851,39351,52110,1864,2459,733316,930521,623022,770059,57582,90507,4165,5198,36581,48402,793,1018,11173,15337,633049,783672,60145,94533,11866,15771,38608,50947,1608,2121,66381,93971,58141,82342,2573,3713,3221,4252,493,797,133,192,1820,2675,59810,84783,3174,4627,4467,6080,743,1163,256,338
R,6,2024,81,1790867,777389,1013478,668335,851718,55604,90314,6520,8731,33978,44714,810,1084,12142,16917,679280,866865,58468,94933,14843,20449,36164,47375,1700,2206,716870,925265,615160,774587,53243,86618,3751,4784,33476,44010,702,898,10538,14368,624654,787391,55580,90310,10983,14820,35416,46298,1486,1895,60519,88213,53175,77131,2361,3696,2769,3947,502,704,108,186,1604,2549,54626,79474,2888,4623,3860,5629,748,1077,214,311
R,6,2024,82,1499058,641897,857161,547438,714565,47113,77832,5613,7668,30784,41765,722,1011,10227,14320,556645,727391,49533,81651,12644,17578,32647,44151,1435,1924,589107,780210,500919,646897,45089,74930,3275,4212,30400,41139,614,840,8810,12192,508831,657752,47068,78026,9315,12661,32064,43225,1236,1656,52790,76951,46519,67668,2024,2902,2338,3456,384,626,108,171,1417,2128,47814,69639,2465,3625,3329,4917,583,926,199,268
R,6,2024,83,1313639,553223,760416,470060,631327,40989,70891,4983,6893,27618,37649,667,836,8906,12820,478085,642733,43186,74476,11028,15622,29284,39820,1282,1721,505952,689331,428395,568710,39183,68136,2925,3848,27263,37086,575,695,7611,10856,435234,578335,40934,71014,8078,11248,28748,38977,1103,1465,47271,71085,41665,62617,1806,2755,2058,3045,355,563,92,141,1295,1964,42851,64398,2252,3462,2950,4374,536,843,179,256
R,6,2024,84,1168715,483973,684742,409598,567673,36208,64244,4467,6255,25362,34375,548,799,7790,11396,416570,577765,38121,67484,9715,13928,26852,36305,1105,1602,441332,618939,372054,509703,34557,61595,2553,3475,25026,33839,435,654,6707,9673,378045,518204,36113,64217,7035,10006,26368,35528,937,1356,42641,65803,37544,57970,1651,2649,1914,2780,336,536,113,145,1083,1723,38525,59561,2008,3267,2680,3922,484,777,168,246
R,6,2024,85,1051735,431052,620683,366869,518084,30996,55835,3835,5667,22148,30266,445,701,6759,10130,372943,527103,32649,58682,8338,12501,23479,31934,940,1398,393515,561746,333713,466025,29540,53492,2163,3223,21870,29808,365,579,5864,8619,338964,473654,30882,55799,6064,9057,23071,31274,818,1203,37537,58937,33156,52059,1456,2343,1672,2444,278,458,80,122,895,1511,33979,53449,1767,2883,2274,3444,408,660,122,195
R,6,2024,86,941409,379001,562408,322871,469613,26873,50591,3260,5004,19499,27645,419,599,6079,8956,328334,477572,28395,53178,7329,10898,20650,29225,843,1218,346417,509853,293900,423154,25665,48483,1969,2843,19250,27253,355,487,5278,7633,298639,429890,26900,50613,5509,7876,20285,28640,722,1033,32584,52555,28971,46459,1208,2108,1291,2161,249,392,64,112,801,1323,29695,47682,1495,2565,1820,3022,365,585,121,185
R,6,2024,87,808591,319890,488701,271962,408097,22576,43729,2789,4305,17032,24180,345,553,5186,7837,276635,414989,23919,46015,6187,9399,18051,25645,739,1137,291855,442245,247075,366986,21538,41910,1626,2410,16820,23823,298,449,4498,6667,251114,372802,22627,43805,4576,6732,17739,25113,649,962,28035,46456,24887,41111,1038,1819,1163,1895,212,357,47,104,688,1170,25521,42187,1292,2210,1611,2667,312,532,90,175
R,6,2024,88,714025,277775,436250,236499,364167,19648,39275,2405,3858,14486,21590,259,444,4478,6916,240523,370284,20821,41330,5237,8378,15426,22844,615,932,253642,395173,215057,327768,18769,37747,1405,2176,14308,21240,213,371,3890,5871,218542,332938,19734,39423,3844,6028,15151,22333,536,794,24133,41077,21442,36399,879,1528,1000,1682,178,350,46,73,588,1045,21981,37346,1087,1907,1393,2350,275,511,79,138
R,6,2024,89,629303,239258,390045,204201,326302,16483,34491,2084,3478,12480,19162,286,409,3724,6203,207531,331754,17476,36250,4423,7494,13250,20326,582,875,218234,353380,185441,293825,15704,33084,1257,1936,12344,18863,243,343,3245,5329,188327,298477,16532,34525,3277,5404,13052,19904,507,761,21024,36665,18760,32477,779,1407,827,1542,136,299,43,66,479,874,19204,33277,944,1725,1146,2090,198,422,75,114
R,6,2024,90,510298,190461,319837,162327,267091,13115,28383,1653,2712,10102,16202,220,337,3044,5112,165050,271568,13888,29896,3576,5977,10775,17238,453,734,173613,290043,147315,240618,12524,27196,966,1568,9979,15963,180,284,2649,4414,149671,244475,13173,28430,2617,4391,10587,16888,385,639,16848,29794,15012,26473,591,1187,687,1144,123,239,40,53,395,698,15379,27093,715,1466,959,1586,188,350,68,95
R,6,2024,91,446636,163054,283582,139300,237437,11002,24439,1350,2430,8584,14609,163,310,2655,4357,141697,241238,11685,25705,2984,5205,9179,15475,377,680,149286,257834,127029,214482,10503,23455,823,1459,8474,14396,140,263,2317,3779,129114,217769,11071,24507,2243,3861,9015,15173,336,597,13768,25748,12271,22955,499,984,527,971,110,213,23,47,338,578,12583,23469,614,1198,741,1344,164,302,41,83
R,6,2024,92,378002,134335,243667,115413,205310,8534,20176,1107,2044,6936,12083,128,276,2217,3778,117383,208584,9126,21334,2460,4423,7438,12829,327,602,122818,221961,105103,185920,8149,19367,641,1228,6853,11919,111,230,1961,3297,106844,188755,8670,20348,1818,3301,7311,12597,291,525,11517,21706,10310,19390,385,809,466,816,83,164,17,46,256,481,10539,19829,456,986,642,1122,127,232,36,77
R,6,2024,93,317106,109524,207582,94220,175203,6819,16765,899,1681,5750,10479,123,220,1713,3234,95757,177974,7290,17740,1936,3744,6158,11128,269,508,100052,188963,85751,158588,6498,16052,531,981,5677,10356,103,188,1492,2798,87089,160963,6891,16867,1426,2761,6038,10939,228,446,9472,18619,8469,16615,321,713,368,700,73,123,20,32,221,436,8668,17011,399,873,510,983,120,189,41,62
R,6,2024,94,261582,87402,174180,74870,146657,5434,14158,779,1375,4840,9094,85,190,1394,2706,76087,149005,5819,14965,1613,3085,5169,9649,221,430,79900,158741,68151,132897,5187,13570,467,814,4789,8965,72,164,1234,2331,69222,134897,5514,14233,1196,2289,5095,9458,198,381,7502,15439,6719,13760,247,588,312,561,51,129,13,26,160,375,6865,14108,305,732,417,796,74,191,23,49
R,6,2024,95,200757,64988,135769,55635,114500,4098,10937,555,978,3561,7077,66,147,1073,2130,56576,116330,4420,11612,1226,2291,3803,7511,167,347,59393,124144,50640,104164,3910,10464,334,591,3517,6966,56,129,936,1830,51463,105718,4174,11043,914,1696,3739,7353,146,302,5595,11625,4995,10336,188,473,221,387,44,111,10,18,137,300,5113,10612,246,569,312,595,64,158,21,45
R,6,2024,96,158473,49226,109247,42130,92173,3049,8633,428,885,2699,5754,61,110,859,1692,42878,93604,3304,9158,914,1935,2911,6116,143,276,45061,100216,38413,84143,2902,8267,266,537,2678,5675,53,94,749,1500,39063,85403,3117,8717,683,1475,2876,6001,124,244,4165,9031,3717,8030,147,366,162,348,21,79,8,16,110,192,3815,8201,187,441,231,460,35,115,19,32
R,6,2024,97,119357,35636,83721,30282,70429,2303,6713,291,656,2040,4534,28,94,692,1295,30896,71535,2513,7122,694,1438,2197,4811,89,236,32690,77062,27640,64488,2215,6435,183,425,2021,4477,23,81,608,1156,28181,65475,2390,6788,537,1115,2167,4733,75,212,2946,6659,2642,5941,88,278,108,231,19,57,5,13,84,139,2715,6060,123,334,157,323,30,78,14,24
R,6,2024,98,85727,24831,60896,20896,50793,1681,5048,212,502,1548,3433,38,73,456,1047,21280,51667,1806,5403,473,1119,1677,3662,97,190,22722,55941,19012,46370,1608,4861,140,328,1529,3393,33,62,400,927,19348,47141,1708,5160,368,872,1647,3595,85,167,2109,4955,1884,4423,73,187,72,174,19,40,5,11,56,120,1932,4526,98,243,105,247,30,67,12,23
R,6,2024,99,61635,17001,44634,14103,37136,1201,3713,166,370,1163,2551,16,51,352,813,14399,37798,1300,4018,379,855,1248,2715,60,131,15605,41124,12879,34029,1150,3555,114,261,1145,2520,13,46,304,713,13135,34609,1236,3821,292,681,1223,2661,50,113,1396,3510,1224,3107,51,158,52,109,18,31,3,5,48,100,1264,3189,64,197,87,174,25,54,10,18
R,6,2024,100,108353,27526,80827,21732,64943,2248,7644,380,806,2388,5654,68,136,710,1644,22312,66257,2528,8246,731,1722,2608,6063,182,363,24930,74590,19478,59479,2150,7337,259,581,2357,5603,54,118,632,1472,19996,60651,2397,7866,568,1397,2553,5968,153,310,2596,6237,2254,5464,98,307,121,225,31,51,14,18,78,172,2316,5606,131,380,163,325,55,95,29,53
