UNIVERSE,MONTH,YEAR,AGE,TOT_POP,TOT_MALE,TOT_FEMALE,WA_MALE,WA_FEMALE,BA_MALE,BA_FEMALE,IA_MALE,IA_FEMALE,AA_MALE,AA_FEMALE,NA_MALE,NA_FEMALE,TOM_MALE,TOM_FEMALE,WAC_MALE,WAC_FEMALE,BAC_MALE,BAC_FEMALE,IAC_MALE,IAC_FEMALE,AAC_MALE,AAC_FEMALE,NAC_MALE,NAC_FEMALE,NH_MALE,NH_FEMALE,NHWA_MALE,NHWA_FEMALE,NHBA_MALE,NHBA_FEMALE,NHIA_MALE,NHIA_FEMALE,NHAA_MALE,NHAA_FEMALE,NHNA_MALE,NHNA_FEMALE,NHTOM_MALE,NHTOM_FEMALE,NHWAC_MALE,NHWAC_FEMALE,NHBAC_MALE,NHBAC_FEMALE,NHIAC_MALE,NHIAC_FEMALE,NHAAC_MALE,NHAAC_FEMALE,NHNAC_MALE,NHNAC_FEMALE,H_MALE,H_FEMALE,HWA_MALE,HWA_FEMALE,HBA_MALE,HBA_FEMALE,HIA_MALE,HIA_FEMALE,HAA_MALE,HAA_FEMALE,HNA_MALE,HNA_FEMALE,HTOM_MALE,HTOM_FEMALE,HWAC_MALE,HWAC_FEMALE,HBAC_MALE,HBAC_FEMALE,HIAC_MALE,HIAC_FEMALE,HAAC_MALE,HAAC_FEMALE,HNAC_MALE,HNAC_FEMALE
R,7,2023,999,336806231,166706095,170100136,126092877,126912511,22129843,23891699,2316830,2262816,10535243,11362302,462478,449119,5168824,5221689,130718418,131561544,24520890,26351523,3758458,3759621,12470456,13281108,903998,892109,133239729,137424346,97057264,98602032,20395769,22118872,1199551,1233281,10176928,11005803,331370,325408,4078847,4138950,100706921,102284707,22262677,24049546,2198910,2293200,11814662,12628590,675439,672209,33466366,32675790,29035613,28310479,1734074,1772827,1117279,1029535,358315,356499,131108,123711,1089977,1082739,30011497,29276837,2258213,2301977,1559548,1466421,655794,652518,228559,219900
R,7,2023,0,3653650,1866311,1787339,1282926,1226175,301058,291802,36632,35515,110929,104316,8042,7665,126724,121866,1399466,1338214,371144,359343,60313,58414,157778,149169,16744,15961,1331528,1271053,852212,810814,259949,251961,12136,11623,102476,96395,4407,4047,100348,96213,945026,899773,316262,306076,27008,25942,141130,133324,10695,10030,534783,516286,430714,415361,41109,39841,24496,23892,8453,7921,3635,3618,26376,25653,454440,438441,54882,53267,33305,32472,16648,15845,6049,5931
R,7,2023,1,3720079,1899313,1820766,1301827,1244964,307234,299064,36490,34915,116813,110097,8066,7679,128883,124047,1420331,1358995,378369,367620,60565,58183,164602,155965,16904,16103,1363134,1303447,870203,828341,265882,259027,12338,11709,108259,102037,4505,4257,101947,98076,964466,918992,322920,313983,27395,26250,147746,139941,10902,10363,536179,517319,431624,416623,41352,40037,24152,23206,8554,8060,3561,3422,26936,25971,455865,440003,55449,53637,33170,31933,16856,16024,6002,5740
R,7,2023,2,3642354,1862524,1779830,1273571,1212120,305498,296607,34914,33668,115599,109678,7168,6732,125774,121025,1389215,1323357,374886,363457,58392,56330,162282,154502,15780,14947,1355003,1290069,863948,816948,267056,259335,12405,11929,107831,102067,4257,3962,99506,95828,955950,905505,322663,312961,27079,26115,146457,139195,10501,9931,507521,489761,409623,395172,38442,37272,22509,21739,7768,7611,2911,2770,26268,25197,433265,417852,52223,50496,31313,30215,15825,15307,5279,5016
R,7,2023,3,3778530,1931132,1847398,1332416,1271830,305884,296718,36779,35263,122617,116018,7238,6855,126198,120714,1448460,1382819,375626,363519,60185,57739,169462,160703,15873,15029,1419146,1355611,916752,872069,269163,261608,13743,13261,114681,108449,4488,4156,100319,96068,1009478,960847,325264,315431,28517,27466,153633,145648,10823,10166,511986,491787,415664,399761,36721,35110,23036,22002,7936,7569,2750,2699,25879,24646,438982,421972,50362,48088,31668,30273,15829,15055,5050,4863
R,7,2023,4,3837784,1959408,1878376,1355815,1295350,308031,301073,37723,36115,124137,117881,7485,7013,126217,120944,1471813,1406500,377726,368002,61241,58784,170983,162537,16112,15206,1438469,1375850,932352,886087,271071,265526,14313,13848,115907,110073,4625,4330,100201,95986,1024898,974741,327001,319302,29160,28142,154873,147172,10976,10354,520939,502526,423463,409263,36960,35547,23410,22267,8230,7808,2860,2683,26016,24958,446915,431759,50725,48700,32081,30642,16110,15365,5136,4852
R,7,2023,5,3924020,2005530,1918490,1387125,1322914,314653,307356,38307,36136,129421,121985,7590,7104,128434,122995,1505156,1435931,385208,375275,62255,59223,177347,167471,16435,15471,1477619,1410096,956135,907389,278506,272428,14334,13841,121456,114274,4806,4447,102382,97717,1050676,997608,335378,327044,29501,28415,161509,152155,11354,10613,527911,508394,430990,415525,36147,34928,23973,22295,7965,7711,2784,2657,26052,25278,454480,438323,49830,48231,32754,30808,15838,15316,5081,4858
R,7,2023,6,4000239,2046447,1953792,1421044,1352311,315118,307018,37345,36142,135798,127689,7774,7269,129368,123363,1539839,1465653,385207,374584,61737,59585,184789,173570,16859,15775,1510020,1436987,979024,926979,279593,272469,15408,14775,127821,120099,4999,4610,103175,98055,1074176,1017476,335975,326777,30990,29653,168876,158358,11778,10886,536427,516805,442020,425332,35525,34549,21937,21367,7977,7590,2775,2659,26193,25308,465663,448177,49232,47807,30747,29932,15913,15212,5081,4889
R,7,2023,7,4101661,2095661,2006000,1471461,1401996,315806,310141,36929,35468,133255,125963,7612,7301,130598,125131,1591468,1517008,386366,378267,61917,59459,182481,172612,16759,15958,1546596,1477587,1015629,963399,280901,276092,15937,15334,125247,118444,4835,4662,104047,99656,1111676,1055423,337731,330948,31925,30667,166360,157396,11620,11081,549065,528413,455832,438597,34905,34049,20992,20134,8008,7519,2777,2639,26551,25475,479792,461585,48635,47319,29992,28792,16121,15216,5139,4877
R,7,2023,8,4135609,2112347,2023262,1480789,1413486,321960,314369,36462,35522,135298,127585,7484,7306,130354,124994,1600573,1528371,392426,382382,61523,59550,184264,174146,16619,15939,1564490,1493663,1025080,973752,286574,279720,16287,15601,127656,120224,4813,4686,104080,99680,1121140,1065786,343314,334553,32439,31002,168716,159173,11640,11124,547857,529599,455709,439734,35386,34649,20175,19921,7642,7361,2671,2620,26274,25314,479433,462585,49112,47829,29084,28548,15548,14973,4979,4815
R,7,2023,9,4122524,2111155,2011369,1484113,1407404,322966,313792,36599,35446,131388,124518,7157,6951,128932,123258,1602633,1520684,392219,381024,61550,59247,180025,170183,16317,15574,1566141,1489109,1030690,973496,287148,279245,16636,15902,124078,117571,4664,4526,102925,98369,1125744,1064318,342868,333520,32777,31239,164841,155728,11474,10931,545014,522260,453423,433908,35818,34547,19963,19544,7310,6947,2493,2425,26007,24889,476889,456366,49351,47504,28773,28008,15184,14455,4843,4643
R,7,2023,10,4106729,2098847,2007882,1473985,1406328,320802,312154,36370,35103,133420,126053,7159,6901,127111,121343,1590693,1517669,388626,377762,61082,58822,181770,171465,16395,15527,1558487,1486481,1023235,971556,285942,278444,16787,16038,126284,119141,4710,4479,101529,96823,1116861,1060797,340534,331322,32809,31409,166845,157121,11567,10837,540360,521401,450750,434772,34860,33710,19583,19065,7136,6912,2449,2422,25582,24520,473832,456872,48092,46440,28273,27413,14925,14344,4828,4690
R,7,2023,11,4111654,2104493,2007161,1484659,1412771,321610,310996,37510,35979,128453,121392,6934,6695,125327,119328,1599705,1522290,388731,375374,62231,59614,175646,165854,15967,15268,1559069,1482745,1029165,974339,287282,278118,16853,16165,121400,114771,4505,4333,99864,95019,1121247,1061951,341196,329906,32857,31450,160908,151894,11197,10658,545424,524416,455494,438432,34328,32878,20657,19814,7053,6621,2429,2362,25463,24309,478458,460339,47535,45468,29374,28164,14738,13960,4770,4610
R,7,2023,12,4155465,2131657,2023808,1513247,1432746,323804,312331,36051,34607,125920,118561,6881,6555,125754,119008,1628782,1541986,391025,376379,61136,58586,173055,162729,15973,15065,1572215,1487660,1040595,980594,291088,280288,17149,16213,119058,112113,4500,4246,99825,94206,1132700,1067446,344999,331506,33342,31638,158345,148863,11204,10489,559442,536148,472652,452152,32716,32043,18902,18394,6862,6448,2381,2309,25929,24802,496082,474540,46026,44873,27794,26948,14710,13866,4769,4576
R,7,2023,13,4240124,2171676,2068448,1551312,1471425,328462,316899,35618,34310,123902,118212,6662,6492,125720,121110,1667098,1582709,395867,382381,60919,59020,170316,162450,15550,14993,1595990,1517271,1061225,1002329,296310,285914,17324,16985,117352,112073,4515,4310,99264,95660,1153033,1090576,350131,338098,33449,32905,155931,148909,11069,10526,575686,551177,490087,469096,32152,30985,18294,17325,6550,6139,2147,2182,26456,25450,514065,492133,45736,44283,27470,26115,14385,13541,4481,4467
R,7,2023,14,4329689,2216606,2113083,1589686,1507920,337327,326870,35894,34386,122904,118091,6724,6642,124071,119174,1703679,1617570,404032,391615,61081,58159,168267,161232,15402,15002,1632288,1554816,1090604,1031444,304957,295455,17883,17303,116287,111901,4569,4484,97988,94229,1180999,1118512,358354,347400,33934,32385,154046,147918,10974,10657,584318,558267,499082,476476,32370,31415,18011,17083,6617,6190,2155,2158,26083,24945,522680,499058,45678,44215,27147,25774,14221,13314,4428,4345
R,7,2023,15,4494279,2302096,2192183,1654546,1567414,349810,339281,37610,35910,128250,122654,6971,6698,124909,120226,1769222,1677779,416884,404913,62860,60231,173861,165844,15960,15006,1693779,1613783,1133157,1072679,316419,307172,18688,18061,121748,116400,4763,4448,99004,95023,1224383,1160208,370434,359919,34872,33473,159831,152352,11380,10585,608317,578400,521389,494735,33391,32109,18922,17849,6502,6254,2208,2250,25905,25203,544839,517571,46450,44994,27988,26758,14030,13492,4580,4421
R,7,2023,16,4489876,2300741,2189135,1660257,1573991,348304,335878,38237,36136,126688,120175,6857,6793,120398,116162,1770815,1680432,412654,398607,63084,60175,170639,161971,15526,15131,1694234,1611530,1140371,1078590,315369,304459,18565,18076,120088,114068,4713,4559,95128,91778,1228089,1162963,366977,354967,34438,33332,156644,148919,11123,10693,606507,577605,519886,495401,32935,31419,19672,18060,6600,6107,2144,2234,25270,24384,542726,517469,45677,43640,28646,26843,13995,13052,4403,4438
R,7,2023,17,4424149,2264436,2159713,1643472,1558414,335523,327490,37517,35573,126196,121862,6742,6566,114986,109808,1748993,1659133,396073,385871,61839,58596,168523,161910,15004,14417,1671956,1595690,1134213,1073484,304083,297041,18297,17756,119884,116028,4604,4462,90875,86919,1217866,1153468,352711,344158,33754,32420,155310,149446,10721,10236,592480,564023,509259,484930,31440,30449,19220,17817,6312,5834,2138,2104,24111,22889,531127,505665,43362,41713,28085,26176,13213,12464,4283,4181
R,7,2023,18,4393823,2248344,2145479,1634318,1549366,329460,319845,37344,35304,130655,128749,6851,6626,109716,105589,1734740,1645820,386433,375182,61172,57940,171401,167608,14753,14199,1667978,1595739,1135017,1075648,298932,290677,18063,17612,124602,123036,4724,4684,86640,84082,1214584,1152669,344557,335477,33191,32127,158813,155806,10583,10371,580366,549740,499301,473718,30528,29168,19281,17692,6053,5713,2127,1942,23076,21507,520156,493151,41876,39705,27981,25813,12588,11802,4170,3828
R,7,2023,19,4425946,2263486,2162460,1651174,1565441,327281,319630,36873,34468,135235,133719,6751,6476,106172,102726,1748388,1659408,381573,372818,60202,56976,175007,171792,14507,13959,1693001,1619871,1159023,1096418,297734,291470,17972,17411,129275,128141,4746,4597,84251,81834,1236427,1171457,341418,334467,33034,32193,162761,160238,10555,10161,570485,542589,492151,469023,29547,28160,18901,17057,5960,5578,2005,1879,21921,20892,511961,487951,40155,38351,27168,24783,12246,11554,3952,3798
R,7,2023,20,4386078,2242092,2143986,1638746,1553729,323256,317806,36451,33630,135850,134277,6719,6477,101070,98067,1730966,1643331,374634,367838,59331,55893,173590,170744,14310,13598,1682116,1610612,1155000,1091572,294141,290631,17609,17047,130155,128756,4726,4650,80485,77956,1228651,1163033,335618,330922,32508,31624,162040,159452,10425,10060,559976,533374,483746,462157,29115,27175,18842,16583,5695,5521,1993,1827,20585,20111,502315,480298,39016,36916,26823,24269,11550,11292,3885,3538
R,7,2023,21,4364745,2228866,2135879,1627512,1546587,326748,321902,35946,33374,134979,132579,6465,6291,97216,95146,1716191,1633103,375898,370778,58573,55845,171041,167223,13712,13382,1677829,1611788,1150770,1092329,298053,294836,17763,17143,129471,127310,4619,4504,77153,75666,1221339,1161374,337692,334232,32417,31948,159815,156460,10132,9891,551037,524091,476742,454258,28695,27066,18183,16231,5508,5269,1846,1787,20063,19480,494852,471729,38206,36546,26156,23897,11226,10763,3580,3491
R,7,2023,22,4447974,2270103,2177871,1651330,1572665,334240,329680,35539,33880,145468,141703,6350,6280,97176,93663,1739641,1657839,383119,377259,58719,56132,181577,176075,13658,13398,1720736,1654516,1175475,1118497,305694,302943,17973,17485,139945,136542,4599,4418,77050,74631,1245589,1186547,344910,341417,33230,32273,170465,165615,10116,9816,549367,523355,475855,454168,28546,26737,17566,16395,5523,5161,1751,1862,20126,19032,494052,471292,38209,35842,25489,23859,11112,10460,3542,3582
R,7,2023,23,4455385,2272629,2182756,1650117,1571631,338534,334213,36010,34248,147502,144662,6461,6140,94005,91862,1735631,1654738,385768,381175,59320,56830,181644,177867,13526,13103,1729402,1664930,1178893,1122475,310652,307554,18423,17755,142028,139515,4689,4377,74717,73254,1246974,1188889,348660,345478,33849,32922,170979,167531,10099,9675,543227,517826,471224,449156,27882,26659,17587,16493,5474,5147,1772,1763,19288,18608,488657,465849,37108,35697,25471,23908,10665,10336,3427,3428
R,7,2023,24,4389265,2236059,2153206,1626034,1553550,330756,327101,34974,33765,146301,143962,6434,5982,91560,88846,1709121,1633936,376405,372101,57917,56182,179544,175869,13697,12809,1708855,1647346,1168759,1114678,303677,301079,18010,17586,140864,138815,4662,4256,72883,70932,1235010,1178947,340498,337599,33451,32842,168951,165642,10235,9502,527204,505860,457275,438872,27079,26022,16964,16179,5437,5147,1772,1726,18677,17914,474111,454989,35907,34502,24466,23340,10593,10227,3462,3307
R,7,2023,25,4382227,2228817,2153410,1618002,1548038,331805,328864,34711,33681,149442,150331,6434,6082,88423,86414,1697971,1626290,375578,372153,57370,55790,181345,181279,13298,12657,1709103,1654964,1166549,1114982,305545,303534,17785,17735,144193,145176,4724,4331,70307,69206,1230218,1177769,340827,338622,33006,32902,171179,171414,10033,9402,519714,498446,451453,433056,26260,25330,16926,15946,5249,5155,1710,1751,18116,17208,467753,448521,34751,33531,24364,22888,10166,9865,3265,3255
R,7,2023,26,4391431,2227794,2163637,1616976,1553514,330237,329007,34302,32929,154011,157539,6407,6040,85861,84608,1694645,1629755,371975,370833,57004,55376,185261,187905,13169,12698,1711971,1669084,1168709,1123291,304340,304425,17629,17327,148816,152440,4675,4387,67802,67214,1230161,1183874,337555,338008,32834,32603,175228,178134,9861,9519,515823,494553,448267,430223,25897,24582,16673,15602,5195,5099,1732,1653,18059,17394,464484,445881,34420,32825,24170,22773,10033,9771,3308,3179
R,7,2023,27,4420485,2242516,2177969,1628926,1562156,329748,330152,34210,32516,158953,164731,6465,6265,84214,82149,1704962,1636147,369989,370080,57095,54935,189748,194540,13174,12878,1729393,1684789,1182305,1132429,304190,305746,17734,17226,153870,159594,4694,4570,66600,65224,1242496,1191230,336257,337677,33131,32497,179999,184835,9906,9760,513123,493180,446621,429727,25558,24406,16476,15290,5083,5137,1771,1695,17614,16925,462466,444917,33732,32403,23964,22438,9749,9705,3268,3118
R,7,2023,28,4496301,2278756,2217545,1648378,1583572,345295,344738,34482,33123,161671,169151,6599,6552,82331,80409,1722174,1655466,384037,383660,57697,55622,191853,198219,13511,13254,1762611,1721734,1198881,1151642,319248,319662,18164,17654,156423,164074,4809,4803,65086,63899,1257162,1208798,349997,350755,34035,33224,182121,188701,10169,10067,516145,495811,449497,431930,26047,25076,16318,15469,5248,5077,1790,1749,17245,16510,465012,446668,34040,32905,23662,22398,9732,9518,3342,3187
R,7,2023,29,4587778,2326260,2261518,1675212,1606406,362144,360801,35045,34034,167190,174240,6688,6706,79981,79331,1746522,1677037,398858,398418,58352,57133,196877,202964,13692,13462,1804703,1763050,1220130,1172061,335750,335511,18753,18344,162099,169099,4928,4964,63043,63071,1276268,1228184,364734,365575,34727,34469,187304,193464,10391,10236,521557,498468,455082,434345,26394,25290,16292,15690,5091,5141,1760,1742,16938,16260,470254,448853,34124,32843,23625,22664,9573,9500,3301,3226
R,7,2023,30,4658544,2361862,2296682,1696896,1628595,373881,370487,36404,34816,171049,179556,6959,6732,76673,76496,1765015,1696448,408294,405955,59309,57766,199861,207537,13758,13432,1837404,1798633,1239223,1194126,346921,345292,19470,19101,166074,174385,5104,4961,60612,60768,1293046,1247993,373987,373366,35256,35163,190761,198301,10484,10222,524458,498049,457673,434469,26960,25195,16934,15715,4975,5171,1855,1771,16061,15728,471969,448455,34307,32589,24053,22603,9100,9236,3274,3210
R,7,2023,31,4759307,2406437,2352870,1731260,1668930,378502,379754,37658,35338,176779,186000,7228,6874,75010,75974,1797477,1735844,410823,413987,60862,58155,205445,214832,14155,13793,1875664,1850331,1268634,1231605,351053,353079,20241,19644,171669,180666,5214,5086,58853,60251,1320491,1284647,376006,379936,36225,35648,196211,205314,10700,10469,530773,502539,462626,437325,27449,26675,17417,15694,5110,5334,2014,1788,16157,15723,476986,451197,34817,34051,24637,22507,9234,9518,3455,3324
R,7,2023,32,4824773,2434986,2389787,1753335,1694514,380330,385525,37422,34530,184484,193856,7859,7316,71556,74046,1815606,1759082,410512,418767,59580,56656,212972,222775,14977,14413,1908158,1896994,1295723,1267687,352183,357890,19927,19385,179041,188259,5734,5460,55550,58313,1343832,1318373,375067,383697,34961,34716,203408,212910,11328,11114,526828,492793,457612,426827,28147,27635,17495,15145,5443,5597,2125,1856,16006,15733,471774,440709,35445,35070,24619,21940,9564,9865,3649,3299
R,7,2023,33,4833503,2437154,2396349,1762606,1702572,374551,383949,36893,33918,188141,198410,8026,7412,66937,70088,1821030,1763808,402051,414725,57483,55332,215345,225692,14700,14090,1912793,1911554,1306128,1282748,346871,356293,19401,19058,182706,193014,5801,5564,51886,54877,1351177,1330483,367513,379845,33372,33779,206023,216388,11073,10879,524361,484795,456478,419824,27680,27656,17492,14860,5435,5396,2225,1848,15051,15211,469853,433325,34538,34880,24111,21553,9322,9304,3627,3211
R,7,2023,34,4694268,2368812,2325456,1720952,1654449,353556,366057,35550,32363,188338,200123,7867,7045,62549,65419,1775513,1711431,378780,394329,55228,52276,213699,226107,14090,13383,1863218,1861896,1280567,1252522,327124,339625,18472,18065,183146,194780,5845,5351,48064,51553,1322293,1297209,345658,361359,31582,31908,204910,217178,10817,10416,505594,463560,440385,401927,26432,26432,17078,14298,5192,5343,2022,1694,14485,13866,453220,414222,33122,32970,23646,20368,8789,8929,3273,2967
R,7,2023,35,4605627,2323885,2281742,1705203,1639558,332729,346324,35037,31713,183747,194965,7831,6972,59338,62210,1756755,1693825,356004,372959,53642,50768,208334,219762,13994,13079,1818009,1822457,1263046,1240633,307409,320584,17915,17462,178712,189953,5694,5276,45233,48549,1302125,1282859,324280,340619,30093,30541,199796,211249,10560,10184,505876,459285,442157,398925,25320,25740,17122,14251,5035,5012,2137,1696,14105,13661,454630,410966,31724,32340,23549,20227,8538,8513,3434,2895
R,7,2023,36,4549695,2300317,2249378,1700976,1624791,321000,335108,33897,30656,180970,191602,7713,6895,55761,60326,1749472,1677435,342855,360605,51743,49565,203940,215638,13407,12731,1799740,1794958,1262306,1229460,296293,310048,17292,16890,175936,186702,5526,5100,42387,46758,1298895,1270066,311969,329062,29033,29779,195679,207382,10104,9753,500577,454420,438670,395331,24707,25060,16605,13766,5034,4900,2187,1795,13374,13568,450577,407369,30886,31543,22710,19786,8261,8256,3303,2978
R,7,2023,37,4553624,2303886,2249738,1713860,1634102,313818,329741,33418,30352,180520,191054,7831,7018,54439,57471,1761141,1683914,334581,353554,51087,48828,202989,214038,13614,12790,1799520,1796532,1271523,1238969,289004,304889,16573,16560,175535,186239,5590,5289,41295,44586,1307165,1277404,303770,322651,28197,29336,194785,205932,10210,9937,504366,453206,442337,395133,24814,24852,16845,13792,4985,4815,2241,1729,13144,12885,453976,406510,30811,30903,22890,19492,8204,8106,3404,2853
R,7,2023,38,4543628,2295409,2248219,1715234,1637272,308621,326002,32614,29952,178655,191661,7736,6992,52549,56340,1760841,1686188,328316,348658,50031,48430,200367,214458,13395,12710,1792664,1796065,1273551,1242673,284599,301366,16114,16382,173692,186957,5460,5298,39248,43389,1307319,1280123,298269,317870,27379,29091,192219,206547,9947,9886,502745,452154,441683,394599,24022,24636,16500,13570,4963,4704,2276,1694,13301,12951,453522,406065,30047,30788,22652,19339,8148,7911,3448,2824
R,7,2023,39,4445062,2241657,2203405,1678454,1605879,295602,316364,32141,29572,177686,190307,7433,6783,50341,54500,1722093,1653125,314299,337692,49104,47814,198564,212656,12830,12469,1750496,1756538,1246627,1215374,272338,292590,15895,15981,172704,185768,5307,5082,37625,41743,1278977,1251352,285295,307982,26938,28465,190496,204839,9575,9625,491161,446867,431827,390505,23264,23774,16246,13591,4982,4539,2126,1701,12716,12757,443116,401773,29004,29710,22166,19349,8068,7817,3255,2844
R,7,2023,40,4503766,2269181,2234585,1705829,1633149,297818,320256,32742,30085,174971,189707,7468,6907,50353,54481,1749515,1680206,316305,341467,49850,48740,195711,211797,12900,12624,1772052,1779755,1268111,1236045,274505,295590,16050,16208,170134,185020,5366,5194,37886,41698,1300697,1271828,287367,310913,27420,28969,187807,203922,9683,9763,497129,454830,437718,397104,23313,24666,16692,13877,4837,4687,2102,1713,12467,12783,448818,408378,28938,30554,22430,19771,7904,7875,3217,2861
R,7,2023,41,4488828,2259166,2229662,1703147,1633289,295385,319863,32182,29161,172065,187674,7498,6814,48889,52861,1745509,1678850,313248,340708,49281,47565,191922,208785,12850,12359,1764817,1773589,1267914,1233874,272136,295650,15746,15545,167276,182882,5352,5039,36393,40599,1299155,1268650,284471,310805,26947,28276,184035,200898,9592,9497,494349,456073,435233,399415,23249,24213,16436,13616,4789,4792,2146,1775,12496,12262,446354,410200,28777,29903,22334,19289,7887,7887,3258,2862
R,7,2023,42,4418389,2221766,2196623,1682706,1614041,290339,316263,31101,28780,162497,179613,7249,6356,47874,51570,1723962,1658609,307826,336709,48008,46814,181899,199867,12526,11775,1738261,1748453,1256453,1221582,268029,292245,15111,15649,157697,174956,5148,4678,35823,39343,1287066,1255329,280146,306941,26307,28054,174185,192259,9331,9069,483505,448170,426253,392459,22310,24018,15990,13131,4800,4657,2101,1678,12051,12227,436896,403280,27680,29768,21701,18760,7714,7608,3195,2706
R,7,2023,43,4393938,2207611,2186327,1669289,1602240,294255,321359,31179,28529,159055,176860,7204,6548,46629,50791,1709571,1645977,311267,341477,48201,46635,177616,196714,12392,11973,1720806,1739208,1240327,1210558,271684,297361,15176,15522,154267,172267,5016,4903,34336,38597,1269712,1243499,283240,311749,26348,28043,169786,189103,9130,9258,486805,447119,428962,391682,22571,23998,16003,13007,4788,4593,2188,1645,12293,12194,439859,402478,28027,29728,21853,18592,7830,7611,3262,2715
R,7,2023,44,4210400,2109086,2101314,1598529,1541470,278058,307777,29187,26933,153151,171405,6452,6042,43709,47687,1636233,1582525,293933,326415,45015,44049,170584,190077,11341,11040,1654968,1675274,1197540,1168685,257109,284706,14555,14430,148815,167073,4574,4437,32375,35943,1225174,1199369,267904,297777,24970,26146,163578,182921,8456,8457,454118,426040,400989,372785,20949,23071,14632,12503,4336,4332,1878,1605,11334,11744,411059,383156,26029,28638,20045,17903,7006,7156,2885,2583
R,7,2023,45,4112029,2057866,2054163,1568123,1513910,266752,295856,28151,26690,146961,166112,6178,5728,41701,45867,1603952,1553191,281674,313589,43490,43514,163719,184177,10614,10466,1609092,1632192,1170675,1143672,246596,273697,13948,14334,142746,161714,4443,4227,30684,34548,1196718,1172970,256674,286097,24040,25892,156816,177073,7949,8050,448774,421971,397448,370238,20156,22159,14203,12356,4215,4398,1735,1501,11017,11319,407234,380221,25000,27492,19450,17622,6903,7104,2665,2416
R,7,2023,46,4056477,2024244,2032233,1544036,1497913,260965,292336,27973,26141,145335,165815,6046,5734,39889,44294,1578429,1535735,275111,309255,42972,42609,161136,183298,10406,10455,1584909,1612948,1154622,1128859,241579,270497,14117,14456,140999,161540,4287,4197,29305,33399,1179570,1157105,250983,282320,24114,25876,154243,176297,7708,7963,439335,419285,389414,369054,19386,21839,13856,11685,4336,4275,1759,1537,10584,10895,398859,378630,24128,26935,18858,16733,6893,7001,2698,2492
R,7,2023,47,3914596,1953145,1961451,1487718,1446902,249493,279437,26802,24966,145363,163456,5641,5414,38128,41276,1520574,1482062,262586,294987,41276,40583,160676,179839,9861,9746,1526286,1551371,1108594,1084959,230878,258373,13406,13553,141278,159255,4081,3984,28049,31247,1132481,1111303,239502,269267,23051,24461,154206,173160,7423,7480,426859,410080,379124,361943,18615,21064,13396,11413,4085,4201,1560,1430,10079,10029,388093,370759,23084,25720,18225,16122,6470,6679,2438,2266
R,7,2023,48,3951481,1969355,1982126,1504906,1467003,250169,281461,26279,25082,146604,163680,5733,5190,35664,39710,1535295,1500772,262366,296142,40149,40234,160887,179525,9722,9290,1549272,1577192,1129937,1107939,232587,261784,13269,13750,142596,159678,4182,3879,26701,30162,1152407,1133285,240901,271987,22689,24339,154807,173292,7402,7195,420083,404934,374969,359064,17582,19677,13010,11332,4008,4002,1551,1311,8963,9548,382888,367487,21465,24155,17460,15895,6080,6233,2320,2095
R,7,2023,49,3872335,1927752,1944583,1474228,1440291,243595,275323,25785,24425,144781,161322,5244,5095,34119,38127,1503290,1472524,255123,289377,39166,39200,158490,176473,9088,9124,1523556,1550634,1112519,1090025,227070,256479,13064,13506,141167,157557,3878,3801,25858,29266,1134306,1114466,234949,266433,22357,24045,152981,170618,7014,7071,404196,393949,361709,350266,16525,18844,12721,10919,3614,3765,1366,1294,8261,8861,368984,358058,20174,22944,16809,15155,5509,5855,2074,2053
R,7,2023,50,3919695,1949031,1970664,1490543,1460225,249922,282116,25439,24717,143974,161186,5262,4983,33891,37437,1519331,1491830,261020,295737,38888,39491,157738,176124,9032,8878,1552947,1582214,1135824,1114701,233827,263655,13126,13797,140390,157377,3921,3740,25859,28944,1157538,1138838,241439,273392,22551,24524,152349,170269,7000,6921,396084,388450,354719,345524,16095,18461,12313,10920,3584,3809,1341,1243,8032,8493,361793,352992,19581,22345,16337,14967,5389,5855,2032,1957
R,7,2023,51,4103372,2043715,2059657,1576691,1540498,258982,291508,26071,24750,142948,160389,5219,4972,33804,37540,1605284,1572151,269846,304788,39965,40072,156422,175137,9016,8965,1650582,1675127,1224347,1197964,243200,273413,13743,14099,139289,156756,3896,3692,26107,29203,1246152,1222294,250830,282914,23750,25336,150994,169610,6995,6974,393133,384530,352344,342534,15782,18095,12328,10651,3659,3633,1323,1280,7697,8337,359132,349857,19016,21874,16215,14736,5428,5527,2021,1991
R,7,2023,52,4341884,2167260,2174624,1691163,1645425,269372,303740,26464,25672,140272,156338,5248,5048,34741,38401,1720649,1677822,280427,317202,41124,41679,153854,171068,9250,9296,1775886,1792635,1340309,1305663,253689,285622,14419,14704,136578,152695,3898,3790,26993,30161,1362979,1330833,261427,295358,25141,26725,148378,165457,7170,7316,391374,381989,350854,339762,15683,18118,12045,10968,3694,3643,1350,1258,7748,8240,357670,346989,19000,21844,15983,14954,5476,5611,2080,1980
R,7,2023,53,4268472,2128307,2140165,1665053,1626957,262773,293456,25697,24926,136134,153297,5235,5060,33415,36469,1693304,1657473,273400,306121,39996,40564,148901,167261,9227,9209,1748277,1773399,1324614,1300228,247382,276375,13909,14628,132605,149673,3943,3875,25824,28620,1346174,1323927,254801,285582,24353,26355,143630,161680,7257,7314,380030,366766,340439,326729,15391,17081,11788,10298,3529,3624,1292,1185,7591,7849,347130,333546,18599,20539,15643,14209,5271,5581,1970,1895
R,7,2023,54,4105207,2042944,2062263,1606285,1576741,246381,276740,24551,23805,129827,146287,4802,4800,31098,33890,1632674,1605168,255829,288172,38320,38820,141676,159018,8368,8550,1684956,1714775,1284940,1267146,231956,260497,13751,14030,126623,142912,3640,3644,24046,26546,1305139,1289184,238418,268596,23878,25366,136916,153964,6579,6754,357988,347488,321345,309595,14425,16243,10800,9775,3204,3375,1162,1156,7052,7344,327535,315984,17411,19576,14442,13454,4760,5054,1789,1796
R,7,2023,55,4013363,1993609,2019754,1566605,1541901,246102,277653,23823,23179,123322,140094,4677,4697,29080,32230,1591055,1568701,254874,288471,36995,37650,134371,152102,8048,8543,1645244,1681241,1254052,1239749,231736,261764,13215,13966,120273,136967,3498,3569,22470,25226,1272671,1260446,237720,269419,23005,24989,129842,147342,6320,6785,348365,338513,312553,302152,14366,15889,10608,9213,3049,3127,1179,1128,6610,7004,318384,308255,17154,19052,13990,12661,4529,4760,1728,1758
R,7,2023,56,4022084,1989348,2032736,1575371,1565151,243289,277893,23213,23155,114594,130639,4712,4682,28169,31216,1599082,1591131,251683,288566,36281,37529,125025,141764,8075,8312,1655759,1705479,1275583,1273115,229854,262417,13277,14250,111590,127648,3569,3576,21886,24473,1293761,1293216,235574,270025,23069,25209,120627,137271,6418,6635,333589,327257,299788,292036,13435,15476,9936,8905,3004,2991,1143,1106,6283,6743,305321,297915,16109,18541,13212,12320,4398,4493,1657,1677
R,7,2023,57,4075094,2012149,2062945,1590771,1586691,250081,285840,23518,23398,115385,131526,4595,4625,27799,30865,1613870,1612313,258413,296050,36760,38069,125441,142495,7986,8257,1683752,1741302,1296047,1299714,236371,270703,13642,14596,112514,128474,3545,3637,21633,24178,1313741,1319530,242024,277918,23752,25904,121187,137889,6404,6673,328397,321643,294724,286977,13710,15137,9876,8802,2871,3052,1050,988,6166,6687,300129,292783,16389,18132,13008,12165,4254,4606,1582,1584
R,7,2023,58,4225213,2074928,2150285,1648299,1665309,255457,293490,23899,24145,114462,130996,4734,4829,28077,31516,1671738,1691372,263576,303843,37525,39438,124606,141903,8191,8570,1753449,1830846,1359676,1379989,242159,278476,14305,15606,111626,128044,3709,3821,21974,24910,1377759,1400327,247723,285883,24671,27575,120456,137443,6603,6965,321479,319439,288623,285320,13298,15014,9594,8539,2836,2952,1025,1008,6103,6606,293979,291045,15853,17960,12854,11863,4150,4460,1588,1605
R,7,2023,59,4319158,2118016,2201142,1693064,1715523,253408,292051,23733,24155,115275,133376,4460,4657,28076,31380,1716462,1741464,261367,301838,37760,39826,125255,144293,7920,8406,1810394,1890916,1417157,1438579,240414,277319,14527,15664,112587,130624,3497,3671,22212,25059,1435443,1458991,245919,284337,25449,28159,121263,140097,6406,6839,307622,310226,275907,276944,12994,14732,9206,8491,2688,2752,963,986,5864,6321,281019,282473,15448,17501,12311,11667,3992,4196,1514,1567
R,7,2023,60,4314139,2109157,2204982,1690169,1725757,248070,287296,23281,23762,115780,132610,4268,4511,27589,31046,1713189,1751295,255643,297077,37092,39461,125642,143165,7578,8175,1817369,1907639,1428118,1460294,236006,273539,14501,15594,113163,129809,3374,3598,22207,24805,1446455,1480437,241294,280542,25473,28131,121832,138944,6230,6698,291788,297343,262051,265463,12064,13757,8780,8168,2617,2801,894,913,5382,6241,266734,270858,14349,16535,11619,11330,3810,4221,1348,1477
R,7,2023,61,4320928,2108259,2212669,1702782,1745948,244309,285137,22774,23742,106816,122656,4364,4480,27214,30706,1725585,1771184,251598,294780,36536,39526,116505,133018,7704,8130,1827184,1925949,1450191,1489669,232772,272238,14389,15738,104391,119996,3517,3571,21924,24737,1468383,1509768,237850,279191,25389,28502,112877,128996,6362,6648,281075,286720,252591,256279,11537,12899,8385,8004,2425,2660,847,909,5290,5969,257202,261416,13748,15589,11147,11024,3628,4022,1342,1482
R,7,2023,62,4304335,2094245,2210090,1700176,1751376,238943,281343,21941,23379,102289,120050,4141,4234,26755,29708,1722512,1775766,246047,290362,35756,39036,111736,130003,7356,7757,1830267,1937198,1463203,1507410,228079,268861,14058,15945,99930,117477,3326,3420,21671,24085,1481081,1526942,233069,275462,25162,28679,108235,126125,6054,6391,263978,272892,236973,243966,10864,12482,7883,7434,2359,2573,815,814,5084,5623,241431,248824,12978,14900,10594,10357,3501,3878,1302,1366
R,7,2023,63,4218008,2047811,2170197,1655170,1711653,236876,279140,21656,22987,103918,123081,4088,4165,26103,29171,1677052,1735470,243691,288235,35165,38357,113155,132754,7233,7621,1790657,1904440,1424347,1474222,226071,266965,14013,15692,101656,120562,3302,3370,21268,23629,1441997,1493258,230901,273640,24932,28207,109826,128923,5974,6291,257154,265757,230823,237431,10805,12175,7643,7295,2262,2519,786,795,4835,5542,235055,242212,12790,14595,10233,10150,3329,3831,1259,1330
R,7,2023,64,4128449,1994166,2134283,1622299,1694084,225695,269909,19992,21811,97672,117198,3817,3839,24691,27442,1642917,1716713,232088,278122,33028,36698,106318,126093,6647,6955,1759424,1886695,1411459,1472628,215868,258541,13179,15000,95587,114883,3109,3157,20222,22486,1428225,1490986,220417,264563,23817,27311,103203,122675,5516,5838,234742,247588,210840,221456,9827,11368,6813,6811,2085,2315,708,682,4469,4956,214692,225727,11671,13559,9211,9387,3115,3418,1131,1117
R,7,2023,65,4083526,1966084,2117442,1606156,1690001,215803,259329,19120,21052,97482,116740,3598,3767,23925,26553,1626119,1711753,221988,267358,31850,35591,105782,125304,6364,6732,1747354,1882310,1409807,1479520,206485,248485,12860,14783,95562,114673,2945,3080,19695,21769,1426089,1497175,210902,254401,23357,26787,102946,122143,5299,5619,218730,235132,196349,210481,9318,10844,6260,6269,1920,2067,653,687,4230,4784,200030,214578,11086,12957,8493,8804,2836,3161,1065,1113
R,7,2023,66,3999549,1916752,2082797,1571451,1665258,207146,255355,18767,20253,93077,112753,3505,3571,22806,25607,1590421,1686313,213103,263000,31167,34743,100804,120561,6104,6502,1708551,1856223,1384676,1462304,198335,244899,12477,14253,91260,110756,2904,2934,18899,21077,1400246,1479423,202647,250547,22755,26362,98168,117558,5161,5438,208201,226574,186775,202954,8811,10456,6290,6000,1817,1997,601,637,3907,4530,190175,206890,10456,12453,8412,8381,2636,3003,943,1064
R,7,2023,67,3813241,1814921,1998320,1488875,1597225,193182,242423,17456,19365,90759,111410,3132,3437,21517,24460,1506866,1617252,198696,249706,29101,33192,97975,119015,5643,6158,1620040,1782810,1314162,1404116,184903,232516,11582,13847,89028,109358,2581,2886,17784,20087,1328892,1420390,188830,237851,21208,25397,95460,115974,4754,5197,194881,215510,174713,193109,8279,9907,5874,5518,1731,2052,551,551,3733,4373,177974,196862,9866,11855,7893,7795,2515,3041,889,961
R,7,2023,68,3714323,1759422,1954901,1448543,1568198,183007,231939,16582,18257,87806,109987,2975,3346,20509,23174,1465517,1587125,188285,238838,27916,31213,94645,117266,5390,6007,1575249,1748665,1282782,1382621,175210,222889,11340,13110,86220,108133,2484,2787,17213,19125,1296906,1398010,179080,227992,20906,23950,92350,114534,4588,5086,184173,206236,165761,185577,7797,9050,5242,5147,1586,1854,491,559,3296,4049,168611,189115,9205,10846,7010,7263,2295,2732,802,921
R,7,2023,69,3570487,1681162,1889325,1394006,1524910,167818,219108,15119,17125,82722,103515,2742,3102,18755,21565,1409714,1542484,172536,225502,25780,29536,88770,109993,4793,5605,1514617,1698351,1243847,1352819,160680,210831,10555,12427,81390,101806,2314,2576,15831,17892,1257003,1367216,164117,215568,19652,22900,86813,107516,4126,4758,166545,190974,150159,172091,7138,8277,4564,4698,1332,1709,428,526,2924,3673,152711,175268,8419,9934,6128,6636,1957,2477,667,847
R,7,2023,70,3408740,1596815,1811925,1330887,1470521,153196,203557,14037,15918,78659,98654,2626,2866,17410,20409,1345403,1487250,157438,209460,23887,27709,84340,104868,4614,5195,1443933,1633756,1192985,1309698,146799,195752,9869,11676,77332,97144,2229,2393,14719,17093,1205164,1323533,149892,200200,18293,21712,82424,102614,3967,4433,152882,178169,137902,160823,6397,7805,4168,4242,1327,1510,397,473,2691,3316,140239,163717,7546,9260,5594,5997,1916,2254,647,762
R,7,2023,71,3265369,1523352,1742017,1276473,1418493,142040,192985,12808,14885,73557,94298,2425,2728,16049,18628,1289807,1433788,145991,198286,22042,25878,78690,99792,4345,4872,1382447,1576150,1149031,1268729,136200,185644,9124,10989,72351,92867,2078,2286,13663,15635,1160296,1281406,139146,189633,17043,20411,76978,97712,3756,4142,140905,165867,127442,149764,5840,7341,3684,3896,1206,1431,347,442,2386,2993,129511,152382,6845,8653,4999,5467,1712,2080,589,730
R,7,2023,72,3093641,1431534,1662107,1198634,1350631,135304,187340,12232,14127,68094,89866,2174,2455,15096,17688,1211204,1365075,139020,192567,21086,24643,72770,94942,3929,4480,1298880,1504547,1078512,1208431,129808,180441,8828,10338,66986,88447,1877,2070,12869,14820,1089138,1220368,132580,184405,16468,19340,71190,92889,3445,3827,132654,157560,120122,142200,5496,6899,3404,3789,1108,1419,297,385,2227,2868,122066,144707,6440,8162,4618,5303,1580,2053,484,653
R,7,2023,73,2932619,1351359,1581260,1126746,1281263,126720,176587,11676,13320,69543,90852,2199,2405,14475,16833,1138757,1294931,130295,181546,20235,23202,74013,95859,3886,4389,1227960,1431161,1015055,1145574,121574,169915,8529,9941,68540,89538,1857,2052,12405,14141,1025292,1156918,124293,173668,15910,18428,72552,93916,3365,3794,123399,150099,111691,135689,5146,6672,3147,3379,1003,1314,342,353,2070,2692,113465,138013,6002,7878,4325,4774,1461,1943,521,595
R,7,2023,74,2835261,1301422,1533839,1095671,1256548,115493,163506,10923,12446,63934,83217,2109,2325,13292,15797,1106741,1269540,118660,168055,18844,21947,67996,87649,3686,4096,1188589,1395444,993370,1131062,110971,157588,7995,9329,62990,82065,1808,1988,11455,13412,1002855,1141997,113361,161050,14930,17618,66630,85974,3197,3538,112833,138395,102301,125486,4522,5918,2928,3117,944,1152,301,337,1837,2385,103886,127543,5299,7005,3914,4329,1366,1675,489,558
R,7,2023,75,2752274,1261818,1490456,1070781,1232318,106413,152229,10095,11639,60095,77006,1869,2137,12565,15127,1081284,1244818,109443,156448,17641,20724,63819,81284,3333,3862,1155805,1359096,974500,1113083,102177,146726,7489,8789,59250,75872,1601,1827,10788,12799,983436,1123532,104498,149936,14058,16670,62584,79642,2916,3347,106013,131360,96281,119235,4236,5503,2606,2850,845,1134,268,310,1777,2328,97848,121286,4945,6512,3583,4054,1235,1642,417,515
R,7,2023,76,2875511,1324845,1550666,1143180,1306576,100672,143590,10196,11329,56446,72218,1766,1911,12585,15042,1153777,1319129,103619,147775,17970,20628,59968,76264,3219,3529,1223901,1424614,1051282,1191842,96829,138398,7659,8701,55679,71153,1528,1640,10924,12880,1060442,1202485,99106,141653,14562,16849,58785,74738,2810,3088,100944,126052,91898,114734,3843,5192,2537,2628,767,1065,238,271,1661,2162,93335,116644,4513,6122,3408,3779,1183,1526,409,441
R,7,2023,77,2012365,907635,1104730,768972,912577,74387,111210,7373,8726,46094,59136,1531,1696,9278,11385,776755,921989,76597,114352,12867,15386,48905,62487,2659,3057,826013,997622,694701,815295,71124,106563,5394,6526,45480,58258,1329,1471,7985,9509,701377,823075,72775,108893,10200,12203,48006,61186,2331,2678,81622,107108,74271,97282,3263,4647,1979,2200,614,878,202,225,1293,1876,75378,98914,3822,5459,2667,3183,899,1301,328,379
R,7,2023,78,1908861,853126,1055735,723783,873421,69788,106319,6805,8228,42667,55444,1282,1541,8801,10782,731172,882349,71844,109279,12071,14562,45247,58588,2413,2836,778531,957359,655815,783729,66927,102278,5066,6248,42050,54633,1103,1327,7570,9144,662115,791233,68480,104514,9670,11743,44361,57398,2112,2476,74595,98376,67968,89692,2861,4041,1739,1980,617,811,179,214,1231,1638,69057,91116,3364,4765,2401,2819,886,1190,301,360
R,7,2023,79,1831093,811498,1019595,693565,851879,63411,97869,6250,7646,39194,50629,1190,1342,7888,10230,700207,860354,65190,100745,10978,13776,41510,53462,2199,2576,745086,928518,632926,768694,60772,94301,4717,5790,38733,49868,1048,1166,6890,8699,638690,775850,62160,96503,8934,11121,40813,52374,1956,2262,66412,91077,60639,83185,2639,3568,1533,1856,461,761,142,176,998,1531,61517,84504,3030,4242,2044,2655,697,1088,243,314
R,7,2023,80,1819677,799989,1019688,691129,861669,58824,94312,5726,7166,35833,45625,1021,1217,7456,9699,697441,869769,60511,96962,10327,13077,37887,48235,1927,2331,739097,933648,635436,783305,56435,90680,4444,5420,35356,44965,907,1047,6519,8231,640962,790135,57724,92647,8573,10607,37180,47242,1708,2042,60892,86040,55693,78364,2389,3632,1282,1746,477,660,114,170,937,1468,56479,79634,2787,4315,1754,2470,707,993,219,289
R,7,2023,81,1528747,663120,865627,567835,725055,50119,81616,4997,6222,32797,43373,869,1114,6503,8247,573275,731925,51631,83823,8966,11223,34679,45655,1637,2034,609900,790033,519094,655796,48058,78713,3892,4708,32411,42786,761,936,5684,7094,523824,661657,49238,80413,7431,9112,34100,44810,1443,1770,53220,75594,48741,69259,2061,2903,1105,1514,386,587,108,178,819,1153,49451,70268,2393,3410,1535,2111,579,845,194,264
R,7,2023,82,1342587,573501,769086,489097,641474,43966,74649,4450,5599,29486,38909,809,939,5693,7516,493900,647710,45250,76678,7886,10113,31166,41059,1502,1841,525616,699714,445237,577824,42131,71942,3450,4341,29136,38376,719,800,4943,6431,449387,583134,43099,73499,6498,8293,30639,40269,1335,1600,47885,69372,43860,63650,1835,2707,1000,1258,350,533,90,139,750,1085,44513,64576,2151,3179,1388,1820,527,790,167,241
R,7,2023,83,1199925,504209,695716,427455,578000,39444,68645,4061,5184,27319,36057,737,944,5193,6886,431812,583717,40624,70537,7123,9283,28934,38004,1368,1739,460534,631173,387492,518967,37778,66023,3123,3965,26968,35556,631,778,4542,5884,391299,523812,38687,67470,5835,7542,28422,37274,1200,1482,43675,64543,39963,59033,1666,2622,938,1219,351,501,106,166,651,1002,40513,59905,1937,3067,1288,1741,512,730,168,257
R,7,2023,84,1084358,450647,633711,384221,530610,33964,59881,3373,4552,24043,31748,601,838,4445,6082,387982,535675,34973,61505,6016,8157,25379,33482,1145,1588,411794,575187,348615,476937,32419,57529,2586,3506,23765,31298,523,719,3886,5198,351884,481259,33201,58751,4935,6667,24965,32820,1022,1369,38853,58524,35606,53673,1545,2352,787,1046,278,450,78,119,559,884,36098,54416,1772,2754,1081,1490,414,662,123,219
R,7,2023,85,983642,400956,582686,342010,487831,29770,55132,3028,4252,21543,29267,542,752,4063,5452,345433,492361,30704,56633,5454,7409,22755,30848,1006,1404,366479,529306,310309,438969,28490,52947,2391,3279,21294,28882,461,607,3534,4622,313272,442779,29196,54089,4547,6031,22386,30267,869,1173,34477,53380,31701,48862,1280,2185,637,973,249,385,81,145,529,830,32161,49582,1508,2544,907,1378,369,581,137,231
R,7,2023,86,849221,340367,508854,289498,425288,25524,48265,2596,3609,18757,26098,491,667,3501,4927,292501,429417,26327,49591,4637,6451,19850,27538,884,1264,310505,461848,262106,382150,24357,46398,2022,2783,18537,25725,427,556,3056,4236,264714,385673,24961,47417,3853,5282,19521,27007,778,1086,29862,47006,27392,43138,1167,1867,574,826,220,373,64,111,445,691,27787,43744,1366,2174,784,1169,329,531,106,178
R,7,2023,87,756519,298328,458191,253617,382574,22532,43978,2271,3290,16445,23426,412,558,3051,4365,256175,386193,23226,45188,4018,5859,17418,24681,800,1037,271967,416073,229345,343858,21525,42370,1784,2537,16263,23113,362,475,2688,3720,231599,346925,22057,43300,3349,4771,17146,24213,707,898,26361,42118,24272,38716,1007,1608,487,753,182,313,50,83,363,645,24576,39268,1169,1888,669,1088,272,468,93,139
R,7,2023,88,669473,257704,411769,219390,344953,18995,38675,1950,2921,14371,20807,374,495,2624,3918,221602,348183,19598,39726,3446,5176,15189,21964,722,972,234914,373870,198324,310120,18170,37219,1550,2206,14205,20524,331,417,2334,3384,200284,312891,18657,38040,2908,4203,14942,21550,647,832,22790,37899,21066,34833,825,1456,400,715,166,283,43,78,290,534,21318,35292,941,1686,538,973,247,414,75,140
R,7,2023,89,552627,208702,343925,177311,287549,15328,32363,1534,2334,12025,17899,326,424,2178,3356,179155,290369,15825,33287,2750,4220,12740,18942,601,821,190300,312845,160305,258947,14693,31169,1191,1779,11901,17660,281,372,1929,2918,161936,261393,15089,31889,2283,3451,12545,18589,529,724,18402,31080,17006,28602,635,1194,343,555,124,239,45,52,249,438,17219,28976,736,1398,467,769,195,353,72,97
R,7,2023,90,488736,180673,308063,154007,257982,12902,28186,1350,2081,10288,16574,257,355,1869,2885,155600,260373,13327,28959,2377,3724,10921,17437,476,736,165410,281127,139911,233083,12343,27190,1079,1639,10176,16378,227,312,1674,2525,141331,235165,12691,27813,2015,3106,10752,17153,427,656,15263,26936,14096,24899,559,996,271,442,112,196,30,43,195,360,14269,25208,636,1146,362,618,169,284,49,80
R,7,2023,91,419662,150256,269406,128688,226919,10211,23762,1081,1779,8494,14077,221,306,1561,2563,130013,229061,10571,24476,1934,3232,9016,14805,435,629,137348,246070,116687,205344,9797,22899,846,1396,8406,13915,197,270,1415,2246,117888,207208,10100,23482,1618,2696,8892,14571,395,552,12908,23336,12001,21575,414,863,235,383,88,162,24,36,146,317,12125,21853,471,994,316,536,124,234,40,77
R,7,2023,92,354940,123540,231400,106151,195618,8047,19627,844,1467,7042,12272,184,262,1272,2154,107230,197401,8338,20235,1555,2692,7467,12902,351,535,112865,211558,96208,177257,7712,18909,665,1135,6981,12152,164,230,1135,1875,97168,178799,7947,19393,1308,2219,7368,12710,313,478,10675,19842,9943,18361,335,718,179,332,61,120,20,32,137,279,10062,18602,391,842,247,473,99,192,38,57
R,7,2023,93,294832,99121,195711,84590,164792,6541,16721,760,1285,6001,10818,155,237,1074,1858,85493,166341,6790,17236,1352,2350,6362,11365,296,461,90513,179032,76587,149320,6257,16152,597,1015,5958,10710,143,207,971,1628,77406,150674,6466,16552,1133,1973,6289,11196,270,405,8608,16679,8003,15472,284,569,163,270,43,108,12,30,103,230,8087,15667,324,684,219,377,73,169,26,56
R,7,2023,94,232277,75299,156978,64346,132326,4855,13283,562,921,4589,8713,111,196,836,1539,65038,133597,5055,13730,1049,1805,4848,9144,225,393,68929,144120,58439,120450,4650,12818,452,722,4547,8613,100,174,741,1343,59053,121550,4813,13184,893,1507,4777,8996,198,349,6370,12858,5907,11876,205,465,110,199,42,100,11,22,95,196,5985,12047,242,546,156,298,71,148,27,44
R,7,2023,95,186056,57640,128416,49216,108423,3620,10579,430,808,3636,7176,74,146,664,1284,49776,109485,3775,10939,782,1536,3862,7547,168,327,52928,118359,44831,99152,3470,10213,353,634,3612,7092,66,128,596,1140,45334,100085,3601,10507,672,1290,3819,7430,151,288,4712,10057,4385,9271,150,366,77,174,24,84,8,18,68,144,4442,9400,174,432,110,246,43,117,17,39
R,7,2023,96,142628,42332,100296,35895,84470,2695,8319,322,659,2840,5733,54,113,526,1002,36338,85310,2826,8591,616,1229,3006,6022,120,244,39050,92943,32822,77693,2601,8041,276,535,2825,5675,48,100,478,899,33223,78445,2713,8266,544,1055,2977,5936,105,219,3282,7353,3073,6777,94,278,46,124,15,58,6,13,48,103,3115,6865,113,325,72,174,29,86,15,25
R,7,2023,97,103996,29666,74330,24934,62166,1951,6286,220,480,2137,4510,42,98,382,790,25252,62816,2052,6514,435,920,2258,4737,94,205,27300,68811,22745,57042,1873,6098,183,394,2120,4476,39,88,340,713,23027,57630,1952,6295,377,801,2229,4680,84,181,2366,5519,2189,5124,78,188,37,86,17,34,3,10,42,77,2225,5186,100,219,58,119,29,57,10,24
R,7,2023,98,76827,20839,55988,17318,46682,1377,4666,172,365,1646,3558,24,75,302,642,17568,47211,1451,4880,337,746,1745,3709,69,142,19280,52075,15879,43072,1331,4516,146,310,1634,3527,21,69,269,581,16102,43551,1389,4703,296,662,1723,3658,59,127,1559,3913,1439,3610,46,150,26,55,12,31,3,6,33,61,1466,3660,62,177,41,84,22,51,10,15
R,7,2023,99,53274,13839,39435,11410,32857,892,3182,111,266,1209,2650,26,54,191,426,11568,33213,948,3308,215,502,1270,2778,54,114,12817,36920,10462,30537,859,3089,93,223,1204,2635,24,49,175,387,10609,30862,906,3198,190,441,1261,2750,46,103,1022,2515,948,2320,33,93,18,43,5,15,2,5,16,39,959,2351,42,110,25,61,9,28,8,11
R,7,2023,100,89843,20998,68845,16332,55131,1473,6094,212,529,2548,6013,37,117,396,961,16652,55893,1591,6417,418,1067,2691,6277,104,261,19533,64708,14991,51315,1425,5938,187,472,2532,5986,33,109,365,888,15287,52018,1531,6226,376,974,2666,6229,93,242,1465,4137,1341,3816,48,156,25,57,16,27,4,8,31,73,1365,3875,60,191,42,93,25,48,11,19
R,8,2023,999,337103895,166852555,170251340,126154094,126975678,22155009,23918240,2324179,2269451,10572564,11402539,463716,450342,5182993,5235090,130792681,131637046,24553538,26385137,3768294,3768646,12513521,13326750,906140,894138,133301518,137493955,97053392,98601702,20414365,22139213,1199962,1233805,10212988,11044746,332149,326169,4088662,4148320,100712120,102293021,22286247,24074599,2200223,2294657,11855479,12672057,676813,673534,33551037,32757385,29100702,28373976,1740644,1779027,1124217,1035646,359576,357793,131567,124173,1094331,1086770,30080561,29344025,2267291,2310538,1568071,1473989,658042,654693,229327,220604
R,8,2023,0,3644520,1861657,1782863,1279719,1223094,300323,291079,36536,35406,110708,104115,8017,7641,126354,121528,1395915,1334820,370205,358426,60151,58242,157419,148849,16689,15912,1328103,1267840,849959,808707,259323,251341,12102,11593,102276,96217,4393,4036,100050,95946,942496,897416,315466,305301,26933,25872,140818,133051,10662,10005,533554,515023,429760,414387,41000,39738,24434,23813,8432,7898,3624,3605,26304,25582,453419,437404,54739,53125,33218,32370,16601,15798,6027,5907
R,8,2023,1,3717013,1897688,1819325,1300518,1243960,306683,298266,36677,35199,116913,110275,8112,7728,128785,123897,1418932,1357852,377755,366733,60731,58444,164677,156092,16944,16143,1359496,1300169,867255,825955,265212,258175,12301,11695,108334,102170,4535,4246,101859,97928,961438,916471,322189,313040,27340,26211,147799,140025,10924,10344,538192,519156,433263,418005,41471,40091,24376,23504,8579,8105,3577,3482,26926,25969,457494,441381,55566,53693,33391,32233,16878,16067,6020,5799
R,8,2023,2,3655284,1868803,1786481,1278086,1217142,306018,297118,35062,33808,116050,110055,7256,6812,126331,121546,1394238,1328858,375698,364234,58653,56570,162949,155087,15907,15062,1358835,1294144,866772,820021,267262,259568,12388,11911,108239,102425,4273,4001,99901,96218,959134,908935,323073,313394,27116,26151,147036,139725,10539,9996,509968,492337,411314,397121,38756,37550,22674,21897,7811,7630,2983,2811,26430,25328,435104,419923,52625,50840,31537,30419,15913,15362,5368,5066
R,8,2023,3,3771425,1927566,1843859,1328066,1267419,306642,297407,36747,35244,122617,116050,7225,6851,126269,120888,1444176,1378570,376418,364289,60181,57761,169483,160806,15865,15035,1414045,1350578,911356,866714,269675,262014,13623,13146,114650,108443,4468,4135,100273,96126,1004044,955549,325749,315857,28382,27348,153588,145682,10793,10145,513521,493281,416710,400705,36967,35393,23124,22098,7967,7607,2757,2716,25996,24762,440132,423021,50669,48432,31799,30413,15895,15124,5072,4890
R,8,2023,4,3837143,1959177,1877966,1354762,1294349,308294,301220,37736,36116,124692,118317,7498,7020,126195,120944,1470733,1405493,377927,368114,61238,58776,171589,163015,16140,15219,1438530,1375548,931695,885281,271316,265661,14245,13810,116463,110502,4640,4337,100171,95957,1024206,973900,327178,319386,29074,28082,155482,147639,11004,10365,520647,502418,423067,409068,36978,35559,23491,22306,8229,7815,2858,2683,26024,24987,446527,431593,50749,48728,32164,30694,16107,15376,5136,4854
R,8,2023,5,3916047,2001149,1914898,1383887,1320076,313848,306629,38381,36305,129189,121959,7598,7097,128246,122832,1501739,1432938,384334,374455,62302,59366,177023,167396,16421,15445,1473409,1406767,953424,905136,277531,271580,14320,13828,121173,114228,4794,4438,102167,97557,1047762,995200,334309,326095,29455,28373,161132,152072,11315,10596,527740,508131,430463,414940,36317,35049,24061,22477,8016,7731,2804,2659,26079,25275,453977,437738,50025,48360,32847,30993,15891,15324,5106,4849
R,8,2023,6,3994512,2043655,1950857,1417848,1349123,315451,307385,37539,36162,135644,127560,7767,7261,129406,123366,1536685,1462467,385665,375033,61905,59570,184572,173400,16835,15753,1507428,1434443,976259,924365,279918,272823,15358,14661,127688,119955,5001,4606,103204,98033,1071445,1014842,336421,327188,30904,29499,168685,158174,11767,10869,536227,516414,441589,424758,35533,34562,22181,21501,7956,7605,2766,2655,26202,25333,465240,447625,49244,47845,31001,30071,15887,15226,5068,4884
R,8,2023,7,4100908,2095260,2005648,1469564,1400296,316217,310382,37122,35693,134037,126736,7641,7312,130679,125229,1589642,1515402,386828,378551,62105,59693,183315,173439,16793,15974,1545967,1477096,1013995,962001,281132,276174,15895,15345,126010,119200,4859,4673,104076,99703,1110061,1054072,337966,331040,31861,30671,167175,158198,11648,11089,549293,528552,455569,438295,35085,34208,21227,20348,8027,7536,2782,2639,26603,25526,479581,461330,48862,47511,30244,29022,16140,15241,5145,4885
R,8,2023,8,4136041,2112784,2023257,1481263,1413413,321837,314345,36497,35578,135216,127550,7501,7330,130470,125041,1601159,1528339,392323,382390,61570,59610,184264,174131,16644,15969,1563848,1492624,1024640,972877,286457,279687,16280,15550,127523,120145,4816,4693,104132,99672,1120752,1064904,343192,334520,32423,30931,168640,159103,11646,11133,548936,530633,456623,440536,35380,34658,20217,20028,7693,7405,2685,2637,26338,25369,480407,463435,49131,47870,29147,28679,15624,15028,4998,4836
R,8,2023,9,4129956,2114440,2015516,1485872,1409774,323086,314201,36658,35554,132411,125465,7207,6992,129206,123530,1604637,1523308,392503,381542,61640,59409,181166,171258,16381,15614,1568238,1491792,1031522,974745,287241,279537,16603,15911,125052,118474,4693,4557,103127,98568,1126753,1065752,343074,333877,32751,31272,165922,156747,11518,10973,546202,523724,454350,435029,35845,34664,20055,19643,7359,6991,2514,2435,26079,24962,477884,457556,49429,47665,28889,28137,15244,14511,4863,4641
R,8,2023,10,4106672,2099104,2007568,1473927,1405805,321092,312435,36540,35182,133168,125841,7150,6903,127227,121402,1590756,1517208,389018,378144,61251,58896,181529,171223,16375,15523,1558250,1486017,1023078,971084,286099,278653,16754,16024,126014,118918,4699,4474,101606,96864,1116791,1060371,340767,331622,32764,31381,166581,156861,11543,10824,540854,521551,450849,434721,34993,33782,19786,19158,7154,6923,2451,2429,25621,24538,473965,456837,48251,46522,28487,27515,14948,14362,4832,4699
R,8,2023,11,4112857,2104495,2008362,1483678,1412629,321592,311052,37472,36037,129352,122317,6966,6730,125435,119597,1598824,1522394,388725,375573,62194,59702,176640,166907,16014,15312,1558992,1483347,1028224,973894,287184,278054,16826,16163,122275,115656,4531,4355,99952,95225,1120387,1061694,341105,329941,32829,31466,161868,152891,11233,10689,545503,525015,455454,438735,34408,32998,20646,19874,7077,6661,2435,2375,25483,24372,478437,460700,47620,45632,29365,28236,14772,14016,4781,4623
R,8,2023,12,4159269,2133591,2025678,1513360,1432986,324524,313014,36335,34877,126479,119008,6909,6587,125984,119206,1629092,1542398,391935,377163,61439,58855,173687,163301,16007,15122,1573850,1489509,1041164,981390,291436,280750,17144,16189,119578,112525,4507,4258,100021,94397,1133439,1068415,345489,332070,33350,31608,158934,149384,11219,10519,559741,536169,472196,451596,33088,32264,19191,18688,6901,6483,2402,2329,25963,24809,495653,473983,46446,45093,28089,27247,14753,13917,4788,4603
R,8,2023,13,4236947,2170209,2066738,1549250,1469659,328418,316646,35743,34359,124242,118549,6671,6487,125885,121038,1665153,1580880,395875,382034,61102,59041,170747,162818,15602,15008,1594857,1515715,1059656,1000903,296315,285597,17302,16931,117667,112394,4506,4304,99411,95586,1151575,1089092,350152,337695,33488,32804,156337,149263,11090,10545,575352,551023,489594,468756,32103,31049,18441,17428,6575,6155,2165,2183,26474,25452,513578,491788,45723,44339,27614,26237,14410,13555,4512,4463
R,8,2023,14,4318175,2210541,2107634,1584720,1503340,336067,325766,35941,34453,123001,118165,6764,6631,124048,119279,1698728,1613045,402694,390579,61098,58282,168484,161372,15422,14998,1627200,1549854,1086637,1027543,303756,294315,17879,17275,116410,111984,4620,4463,97898,94274,1176980,1114614,357060,346249,33876,32409,154250,148051,11003,10624,583341,557780,498083,475797,32311,31451,18062,17178,6591,6181,2144,2168,26150,25005,521748,498431,45634,44330,27222,25873,14234,13321,4419,4374
R,8,2023,15,4488033,2299182,2188851,1651834,1564418,349595,338913,37543,35794,128275,122641,6949,6693,124986,120392,1766587,1674968,416772,404637,62731,60125,173910,165898,15939,14998,1691604,1611352,1131329,1070539,316149,306858,18595,17985,121730,116381,4742,4460,99059,95129,1222602,1158195,370226,359670,34735,33395,159836,152391,11374,10586,607578,577499,520505,493879,33446,32055,18948,17809,6545,6260,2207,2233,25927,25263,543985,516773,46546,44967,27996,26730,14074,13507,4565,4412
R,8,2023,16,4497134,2304277,2192857,1662204,1575929,348713,336704,38293,36313,127180,120604,6865,6811,121022,116496,1773345,1682703,413424,399675,63293,60383,171281,162485,15577,15160,1695773,1613478,1140639,1079235,315639,305088,18591,18128,120601,114475,4707,4565,95596,91987,1228787,1163826,367536,355727,34549,33386,157269,149374,11143,10704,608504,579379,521565,496694,33074,31616,19702,18185,6579,6129,2158,2246,25426,24509,544558,518877,45888,43948,28744,26997,14012,13111,4434,4456
R,8,2023,17,4432662,2269371,2163291,1645301,1560113,337215,328387,37783,35710,126680,122022,6754,6574,115638,110485,1751411,1661446,398167,387211,62199,58850,169252,162263,15068,14452,1674648,1597281,1134513,1073728,305576,297767,18315,17769,120296,116151,4614,4453,91334,87413,1218592,1154158,354470,345217,33810,32495,155927,149736,10763,10251,594723,566010,510788,486385,31639,30620,19468,17941,6384,5871,2140,2121,24304,23072,532819,507288,43697,41994,28389,26355,13325,12527,4305,4201
R,8,2023,18,4402055,2252647,2149408,1636745,1551291,330229,320870,37582,35514,131041,128982,6879,6691,110171,106060,1737633,1648221,387511,376509,61440,58223,171903,167999,14777,14288,1669666,1597196,1135464,1075573,299458,291559,18082,17648,124986,123265,4739,4719,86937,84432,1215348,1152950,345327,336594,33204,32208,159260,156152,10583,10416,582981,552212,501281,475718,30771,29311,19500,17866,6055,5717,2140,1972,23234,21628,522285,495271,42184,39915,28236,26015,12643,11847,4194,3872
R,8,2023,19,4423664,2262474,2161190,1649053,1563439,327325,319601,37105,34513,135702,134194,6804,6521,106485,102922,1746529,1657568,381832,372864,60454,57032,175639,172372,14600,14015,1690312,1617659,1155697,1093842,297673,291318,17982,17370,129711,128560,4772,4632,84477,81937,1233285,1168961,341459,334352,33043,32111,163364,160750,10621,10208,572162,543531,493356,469597,29652,28283,19123,17143,5991,5634,2032,1889,22008,20985,513244,488607,40373,38512,27411,24921,12275,11622,3979,3807
R,8,2023,20,4394542,2246521,2148021,1641358,1555991,323619,318097,36642,33810,136456,135036,6746,6478,101700,98609,1734201,1646080,375333,368478,59607,56089,174435,171758,14348,13654,1684359,1612934,1156054,1092598,294329,290751,17623,17054,130723,129505,4740,4654,80890,78372,1230124,1164429,336041,331306,32539,31634,162778,160410,10434,10098,562162,535087,485304,463393,29290,27346,19019,16756,5733,5531,2006,1824,20810,20237,504077,481651,39292,37172,27068,24455,11657,11348,3914,3556
R,8,2023,21,4377602,2235745,2141857,1632208,1550626,327085,322321,36221,33584,136011,133434,6516,6347,97704,95545,1721324,1637516,376441,371393,58937,56052,172283,168267,13824,13450,1681797,1614991,1153100,1094027,298265,295152,17799,17162,130453,128147,4660,4555,77520,75948,1223991,1163339,338061,334682,32504,31936,160975,157452,10214,9950,553948,526866,479108,456599,28820,27169,18422,16422,5558,5287,1856,1792,20184,19597,497333,474177,38380,36711,26433,24116,11308,10815,3610,3500
R,8,2023,22,4448770,2270586,2178184,1651490,1572810,333888,329196,35695,33956,145765,141955,6382,6286,97366,93981,1739975,1658309,382918,376981,58884,56301,181928,176406,13704,13405,1719910,1653781,1174752,1117926,305192,302354,17949,17471,140225,136755,4603,4432,77189,74843,1245001,1186198,344529,340963,33190,32295,170784,165888,10129,9836,550676,524403,476738,454884,28696,26842,17746,16485,5540,5200,1779,1854,20177,19138,494974,472111,38389,36018,25694,24006,11144,10518,3575,3569
R,8,2023,23,4466411,2278402,2188009,1652959,1574026,339299,335183,36183,34420,149047,146073,6474,6183,94440,92124,1738888,1657407,386719,382185,59521,56981,183468,179476,13561,13177,1732636,1667888,1179739,1123048,311247,308365,18393,17735,143550,140887,4709,4397,74998,73456,1248084,1189679,349359,346320,33802,32881,172723,169079,10132,9717,545766,520121,473220,450978,28052,26818,17790,16685,5497,5186,1765,1786,19442,18668,490804,467728,37360,35865,25719,24100,10745,10397,3429,3460
R,8,2023,24,4395794,2239734,2156060,1627920,1554935,331186,327265,35198,33917,147257,144868,6448,6006,91725,89069,1711171,1635487,376989,372480,58173,56343,180500,176849,13693,12842,1710404,1648621,1168940,1114812,304000,301127,18021,17642,141828,139734,4693,4270,72922,71036,1235242,1179149,340904,337751,33434,32868,169899,166623,10237,9505,529330,507439,458980,440123,27186,26138,17177,16275,5429,5134,1755,1736,18803,18033,475929,456338,36085,34729,24739,23475,10601,10226,3456,3337
R,8,2023,25,4393199,2234396,2158803,1621349,1551456,332539,329553,34930,33800,150149,150992,6457,6112,88972,86890,1701797,1630169,376650,373144,57677,56009,182246,182068,13391,12716,1712268,1657956,1168113,1116539,306054,304021,17826,17688,144838,145819,4724,4345,70713,69544,1232132,1179653,341580,339344,33082,32897,171991,172143,10085,9446,522128,500847,453236,434917,26485,25532,17104,16112,5311,5173,1733,1767,18259,17346,469665,450516,35070,33800,24595,23112,10255,9925,3306,3270
R,8,2023,26,4391982,2228237,2163745,1616872,1552889,330113,328890,34334,33073,154500,158121,6398,6061,86020,84711,1694706,1629268,371981,370748,56993,55496,185848,188569,13139,12683,1711297,1667926,1167620,1121656,304188,304209,17595,17367,149295,153001,4668,4400,67931,67293,1229201,1182342,337508,337793,32770,32632,175782,178785,9845,9504,516940,495819,449252,431233,25925,24681,16739,15706,5205,5120,1730,1661,18089,17418,465505,446926,34473,32955,24223,22864,10066,9784,3294,3179
R,8,2023,27,4422286,2242853,2179433,1628570,1562337,329491,330148,34357,32626,159474,165555,6492,6235,84469,82532,1704858,1636639,369848,370312,57266,55050,190364,195528,13224,12887,1728418,1685264,1181025,1131861,303847,305745,17712,17201,154356,160388,4720,4552,66758,65517,1241383,1190893,335971,337891,33077,32441,180580,185766,9943,9767,514435,494169,447545,430476,25644,24403,16645,15425,5118,5167,1772,1683,17711,17015,463475,445746,33877,32421,24189,22609,9784,9762,3281,3120
R,8,2023,28,4498738,2280033,2218705,1649235,1584164,344589,343919,34644,33198,162281,170166,6601,6560,82683,80698,1723394,1656380,383536,383020,57874,55692,192617,199332,13495,13285,1762288,1721263,1198483,1150942,318436,318715,18162,17664,157052,165040,4808,4813,65347,64089,1257037,1208327,349349,349919,34017,33191,182876,189756,10159,10089,517745,497442,450752,433222,26153,25204,16482,15534,5229,5126,1793,1747,17336,16609,466357,448053,34187,33101,23857,22501,9741,9576,3336,3196
R,8,2023,29,4577980,2320732,2257248,1670706,1603064,360543,359345,35013,33983,167454,174698,6661,6707,80355,79451,1742387,1673830,397528,397071,58397,57062,197203,203465,13676,13441,1799408,1758888,1216127,1168971,334120,334082,18615,18186,162323,169560,4905,4956,63318,63133,1272533,1225169,363312,364214,34614,34269,187600,193968,10377,10221,521324,498360,454579,434093,26423,25263,16398,15797,5131,5138,1756,1751,17037,16318,469854,448661,34216,32857,23783,22793,9603,9497,3299,3220
R,8,2023,30,4659294,2362412,2296882,1697013,1627787,373408,370475,36380,34888,171730,180231,6976,6718,76905,76783,1765359,1695909,407990,406192,59236,57875,200667,208260,13785,13420,1836953,1797903,1238540,1192700,346433,345182,19378,19059,166729,175038,5112,4957,60761,60967,1292518,1246761,373616,373449,35120,35142,191484,198970,10486,10210,525459,498979,458473,435087,26975,25293,17002,15829,5001,5193,1864,1761,16144,15816,472841,449148,34374,32743,24116,22733,9183,9290,3299,3210
R,8,2023,31,4754395,2405179,2349216,1729833,1666023,378194,378635,37749,35399,176945,186330,7177,6868,75281,75961,1796348,1733020,410711,412863,60999,58246,205672,215070,14074,13732,1873397,1845778,1266362,1227706,350704,352141,20220,19589,171847,181020,5191,5069,59073,60253,1318464,1280818,375821,379009,36220,35619,196456,205606,10647,10410,531782,503438,463471,438317,27490,26494,17529,15810,5098,5310,1986,1799,16208,15708,477884,452202,34890,33854,24779,22627,9216,9464,3427,3322
R,8,2023,32,4826448,2435133,2391315,1752048,1694230,380835,386301,37602,34659,184832,194311,7866,7284,71950,74530,1814695,1759206,411271,419778,59845,56877,213379,223430,15022,14436,1907187,1896638,1293549,1265874,352670,358543,19981,19414,179399,188703,5741,5435,55847,58669,1341959,1316861,375771,384511,35063,34784,203783,213527,11368,11124,527946,494677,458499,428356,28165,27758,17621,15245,5433,5608,2125,1849,16103,15861,472736,442345,35500,35267,24782,22093,9596,9903,3654,3312
R,8,2023,33,4844157,2442912,2401245,1765781,1705675,375663,384385,37106,34101,188879,199080,8003,7445,67480,70559,1824687,1767385,403413,415407,57879,55634,216292,226519,14734,14142,1916155,1914058,1307407,1283915,347813,356555,19462,19109,183425,193644,5785,5587,52263,55248,1352793,1332037,368611,380324,33530,33910,206918,217127,11097,10907,526757,487187,458374,421760,27850,27830,17644,14992,5454,5436,2218,1858,15217,15311,471894,435348,34802,35083,24349,21724,9374,9392,3637,3235
R,8,2023,34,4705503,2374907,2330596,1723596,1656613,355777,367767,35689,32628,188969,200764,7908,7047,62968,65777,1778553,1713885,381205,396267,55488,52659,214489,226848,14130,13425,1867694,1865371,1281920,1253351,329214,341263,18514,18193,183761,195417,5857,5355,48428,51792,1323970,1298223,347932,363141,31721,32095,205686,217907,10829,10459,507213,465225,441676,403262,26563,26504,17175,14435,5208,5347,2051,1692,14540,13985,454583,415662,33273,33126,23767,20564,8803,8941,3301,2966
R,8,2023,35,4623209,2331824,2291385,1708789,1644454,335199,349101,35280,31876,184987,196301,7829,7026,59740,62627,1760702,1699092,358691,375932,53982,51048,209723,221251,13989,13144,1824264,1829833,1265369,1243708,309703,323214,18035,17499,179902,191228,5711,5312,45544,48872,1304736,1286214,326740,343395,30276,30671,201112,212645,10568,10219,507560,461552,443420,400746,25496,25887,17245,14377,5085,5073,2118,1714,14196,13755,455966,412878,31951,32537,23706,20377,8611,8606,3421,2925
R,8,2023,36,4551070,2300744,2250326,1699473,1623842,321746,335779,33958,30749,181768,192512,7762,6899,56037,60545,1748157,1676677,343729,361402,51879,49626,204861,216689,13527,12763,1799552,1795409,1260459,1228178,296932,310651,17239,16916,176744,187606,5561,5116,42617,46942,1297197,1268945,312729,329770,29027,29777,196593,208411,10194,9797,501192,454917,439014,395664,24814,25128,16719,13833,5024,4906,2201,1783,13420,13603,450960,407732,31000,31632,22852,19849,8268,8278,3333,2966
R,8,2023,37,4556633,2305437,2251196,1713778,1634238,314566,330112,33501,30469,181207,191690,7833,7021,54552,57666,1761194,1684229,335393,354046,51096,49021,203787,214721,13616,12781,1800555,1797253,1271066,1238617,289679,305143,16668,16599,176184,186873,5591,5272,41367,44749,1306808,1277197,304459,323017,28231,29410,195521,206626,10203,9907,504882,453943,442712,395621,24887,24969,16833,13870,5023,4817,2242,1749,13185,12917,454386,407032,30934,31029,22865,19611,8266,8095,3413,2874
R,8,2023,38,4550094,2299167,2250927,1717120,1638436,309347,326707,32787,30018,179274,192160,7750,7028,52889,56578,1763022,1687571,329240,349496,50327,48517,201075,215048,13397,12772,1794959,1797817,1274318,1243078,285215,302037,16120,16390,174302,187414,5476,5333,39528,43565,1308326,1280693,299053,318631,27465,29110,192926,207065,9961,9951,504208,453110,442802,395358,24132,24670,16667,13628,4972,4746,2274,1695,13361,13013,454696,406878,30187,30865,22862,19407,8149,7983,3436,2821
R,8,2023,39,4456219,2247066,2209153,1681678,1609769,296654,317324,32247,29651,178378,190922,7458,6781,50651,54706,1725623,1657188,315438,338797,49268,47914,199384,213369,12914,12472,1754328,1761051,1248559,1218272,273308,293434,15930,16007,173389,186351,5310,5086,37832,41901,1281115,1254395,286316,308920,26988,28494,191292,205517,9626,9627,492738,448102,433119,391497,23346,23890,16317,13644,4989,4571,2148,1695,12819,12805,444508,402793,29122,29877,22280,19420,8092,7852,3288,2845
R,8,2023,40,4496858,2265970,2230888,1702517,1629634,297466,319705,32757,30079,175511,190108,7472,6896,50247,54466,1746096,1676691,315947,340913,49817,48698,196230,212214,12878,12609,1769132,1776704,1265204,1233106,274087,295119,16025,16155,170657,185445,5381,5186,37778,41693,1297688,1268885,286929,310448,27339,28895,188316,204359,9676,9755,496838,454184,437313,396528,23379,24586,16732,13924,4854,4663,2091,1710,12469,12773,448408,407806,29018,30465,22478,19803,7914,7855,3202,2854
R,8,2023,41,4496211,2263178,2233033,1705308,1634941,295954,320371,32333,29321,172954,188455,7503,6862,49126,53083,1747884,1680718,313940,341285,49443,47748,192945,209686,12874,12424,1766825,1775600,1268351,1234478,272611,295994,15797,15638,168123,183646,5344,5085,36599,40759,1299776,1269406,285028,311191,27018,28379,185015,201762,9606,9558,496353,457433,436957,400463,23343,24377,16536,13683,4831,4809,2159,1777,12527,12324,448108,411312,28912,30094,22425,19369,7930,7924,3268,2866
R,8,2023,42,4420629,2222674,2197955,1682707,1614807,290266,315864,31154,28819,163382,180447,7257,6371,47908,51647,1724006,1659433,307732,336314,48084,46868,182799,200771,12529,11800,1739386,1749316,1256758,1221975,267898,291870,15117,15624,158613,175768,5158,4683,35842,39396,1287396,1255771,279995,306569,26323,28031,175106,193126,9338,9063,483288,448639,425949,392832,22368,23994,16037,13195,4769,4679,2099,1688,12066,12251,436610,403662,27737,29745,21761,18837,7693,7645,3191,2737
R,8,2023,43,4409540,2216026,2193514,1675456,1607492,295055,322143,31356,28605,159927,177651,7262,6560,46970,51063,1716017,1651480,312218,342358,48412,46797,178685,197597,12495,12025,1726866,1744306,1244367,1213994,272432,298041,15252,15532,155111,173025,5066,4900,34638,38814,1273994,1247129,284104,312500,26457,28101,170822,189961,9216,9300,489160,449208,431089,393498,22623,24102,16104,13073,4816,4626,2196,1660,12332,12249,442023,404351,28114,29858,21955,18696,7863,7636,3279,2725
R,8,2023,44,4224256,2116169,2108087,1603420,1546171,279168,308762,29338,27087,153826,172072,6476,6085,43941,47910,1641353,1587400,295111,327551,45253,44263,171361,190839,11376,11088,1659668,1680433,1200491,1171923,258082,285629,14564,14542,149458,167732,4585,4486,32488,36121,1228253,1202742,268906,298801,25018,26322,164276,183651,8464,8511,456501,427654,402929,374248,21086,23133,14774,12545,4368,4340,1891,1599,11453,11789,413100,384658,26205,28750,20235,17941,7085,7188,2912,2577
R,8,2023,45,4120488,2062243,2058245,1570226,1515585,267812,297093,28199,26717,147910,167085,6216,5758,41880,46007,1606224,1555042,282863,314875,43603,43568,164675,185166,10668,10515,1612932,1635700,1172494,1145096,247523,274759,13951,14307,143669,162681,4468,4233,30827,34624,1198667,1174507,257696,287189,24091,25858,157756,178045,7991,8061,449311,422545,397732,370489,20289,22334,14248,12410,4241,4404,1748,1525,11053,11383,407557,380535,25167,27686,19512,17710,6919,7121,2677,2454
R,8,2023,46,4070736,2031618,2039118,1549846,1503022,261988,293411,28076,26273,145544,166119,6064,5756,40100,44537,1584401,1541044,276224,310467,43135,42827,161445,183686,10446,10488,1590428,1618681,1158793,1133026,242544,271486,14140,14496,141198,161829,4308,4220,29445,33624,1183845,1161457,252011,283429,24160,25990,154520,176687,7747,8001,441190,420437,391053,369996,19444,21925,13936,11777,4346,4290,1756,1536,10655,10913,400556,379587,24213,27038,18975,16837,6925,6999,2699,2487
R,8,2023,47,3920347,1955536,1964811,1489070,1449217,249873,279726,26888,25008,145668,163901,5693,5438,38344,41521,1522116,1484582,263039,295391,41411,40665,161066,180400,9968,9809,1527808,1553768,1109322,1086462,231142,258653,13459,13580,141570,159685,4114,4006,28201,31382,1133334,1112906,239816,269604,23115,24483,154581,173681,7501,7538,427728,411043,379748,362755,18731,21073,13429,11428,4098,4216,1579,1432,10143,10139,388782,371676,23223,25787,18296,16182,6485,6719,2467,2271
R,8,2023,48,3949151,1968425,1980726,1503574,1464973,250136,281495,26322,25105,146852,164030,5708,5217,35833,39906,1534150,1498932,262442,296273,40191,40295,161219,179959,9677,9347,1547423,1574938,1127945,1105382,232448,261594,13265,13767,142833,160014,4158,3891,26774,30290,1150509,1130872,240793,271859,22687,24379,155087,173669,7353,7226,421002,405788,375629,359591,17688,19901,13057,11338,4019,4016,1550,1326,9059,9616,383641,368060,21649,24414,17504,15916,6132,6290,2324,2121
R,8,2023,49,3880937,1931992,1948945,1477129,1443409,244345,275967,25858,24498,145101,161714,5296,5105,34263,38252,1506319,1475771,255935,290087,39301,39314,158850,176898,9155,9130,1525871,1553383,1113799,1091777,227685,257065,13102,13511,141446,157911,3909,3813,25930,29306,1135656,1116266,235617,267041,22396,24048,153291,170997,7049,7076,406121,395562,363330,351632,16660,18902,12756,10987,3655,3803,1387,1292,8333,8946,370663,359505,20318,23046,16905,15266,5559,5901,2106,2054
R,8,2023,50,3913283,1945724,1967559,1488038,1457671,248951,281354,25422,24694,144137,161338,5252,5009,33924,37493,1516862,1489316,260098,294998,38821,39447,157944,176319,9028,8910,1549315,1578932,1133061,1112036,232814,262849,13085,13768,140568,157554,3903,3751,25884,28974,1154797,1136195,240456,272580,22476,24476,152553,170493,6993,6930,396409,388627,354977,345635,16137,18505,12337,10926,3569,3784,1349,1258,8040,8519,362065,353121,19642,22418,16345,14971,5391,5826,2035,1980
R,8,2023,51,4083578,2033394,2050184,1566714,1531458,258111,290525,26067,24737,143493,160961,5240,4969,33769,37534,1595279,1563118,268969,303820,39922,39990,156995,175744,9026,8954,1639673,1664872,1213901,1188279,242291,272350,13665,14045,139835,157305,3918,3688,26063,29205,1235670,1212613,249902,281879,23628,25211,151572,170191,7004,6977,393721,385312,352813,343179,15820,18175,12402,10692,3658,3656,1322,1281,7706,8329,359609,350505,19067,21941,16294,14779,5423,5553,2022,1977
R,8,2023,52,4321176,2156034,2165142,1681112,1637020,268244,302748,26361,25637,140376,156430,5261,5028,34680,38279,1710530,1669325,279281,316187,40954,41572,153973,171120,9245,9244,1764704,1782717,1330331,1296829,252546,284638,14322,14671,136678,152787,3908,3776,26919,30016,1352925,1321890,260262,294327,24973,26612,148494,165515,7178,7267,391330,382425,350781,340191,15698,18110,12039,10966,3698,3643,1353,1252,7761,8263,357605,347435,19019,21860,15981,14960,5479,5605,2067,1977
R,8,2023,53,4286987,2137742,2149245,1671849,1633093,264268,295158,25876,25011,136935,154062,5217,5079,33597,36842,1700263,1663937,274969,307982,40243,40768,149772,168174,9205,9249,1756167,1780833,1329957,1305027,248819,277917,14057,14645,133394,150436,3922,3881,26018,28927,1351689,1328989,256320,287241,24567,26471,144488,162581,7227,7342,381575,368412,341892,328066,15449,17241,11819,10366,3541,3626,1295,1198,7579,7915,348574,334948,18649,20741,15676,14297,5284,5593,1978,1907
R,8,2023,54,4114878,2047668,2067210,1609727,1580060,247188,277723,24545,23874,130063,146658,4875,4835,31270,34060,1636269,1608631,256716,289213,38345,38933,141994,159483,8481,8618,1687802,1717789,1286761,1268661,232685,261458,13704,14048,126811,143255,3701,3683,24140,26684,1307038,1290818,239186,269617,23839,25417,137164,154369,6669,6817,359866,349421,322966,311399,14503,16265,10841,9826,3252,3403,1174,1152,7130,7376,329231,317813,17530,19596,14506,13516,4830,5114,1812,1801
R,8,2023,55,4017250,1995813,2021437,1567718,1542517,245716,277276,23926,23238,124533,141383,4647,4693,29273,32330,1592354,1569409,254550,288137,37142,37714,135656,153449,8054,8528,1646813,1682361,1254630,1239965,231343,261337,13258,13953,121485,138237,3476,3563,22621,25306,1273408,1260732,237370,269029,23065,24968,131125,148687,6318,6768,349000,339076,313088,302552,14373,15939,10668,9285,3048,3146,1171,1130,6652,7024,318946,308677,17180,19108,14077,12746,4531,4762,1736,1760
R,8,2023,56,4018481,1987993,2030488,1573445,1562365,243126,277559,23227,23173,115264,131439,4716,4669,28215,31283,1597201,1588407,251534,288244,36293,37560,125732,142614,8056,8314,1653454,1702311,1272861,1269503,229605,262024,13256,14254,112264,128445,3573,3570,21895,24515,1291050,1289649,235322,269621,23032,25228,121335,138096,6402,6639,334539,328177,300584,292862,13521,15535,9971,8919,3000,2994,1143,1099,6320,6768,306151,298758,16212,18623,13261,12332,4397,4518,1654,1675
R,8,2023,57,4061242,2005077,2056165,1584911,1581377,249113,284605,23400,23327,115234,131378,4609,4662,27810,30816,1608025,1606959,257469,294842,36610,37930,125318,142337,8009,8288,1676657,1734238,1290155,1294125,235424,269480,13542,14533,112352,128334,3551,3656,21633,24110,1307851,1313892,241085,276708,23617,25754,121046,137735,6418,6680,328420,321927,294756,287252,13689,15125,9858,8794,2882,3044,1058,1006,6177,6706,300174,293067,16384,18134,12993,12176,4272,4602,1591,1608
R,8,2023,58,4210585,2068615,2141970,1642489,1657368,254724,292865,23892,24074,114721,131328,4731,4797,28058,31538,1665923,1683465,262875,303228,37477,39308,124854,142289,8171,8547,1746105,1822206,1352971,1371878,241365,277783,14270,15485,111866,128354,3704,3794,21929,24912,1371025,1392220,246946,285190,24591,27387,120673,137809,6585,6947,322510,319764,289518,285490,13359,15082,9622,8589,2855,2974,1027,1003,6129,6626,294898,291245,15929,18038,12886,11921,4181,4480,1586,1600
R,8,2023,59,4312986,2114285,2198701,1689539,1712895,253416,292446,23740,24184,115071,133143,4482,4667,28037,31366,1712886,1738818,261357,302264,37723,39852,125064,144048,7939,8400,1806069,1887663,1413062,1435177,240434,277689,14487,15708,112380,130372,3513,3682,22193,25035,1431317,1455578,245928,284716,25376,28197,121073,139829,6421,6841,308216,311038,276477,277718,12982,14757,9253,8476,2691,2771,969,985,5844,6331,281569,283240,15429,17548,12347,11655,3991,4219,1518,1559
R,8,2023,60,4313150,2108969,2204181,1689281,1724188,248305,287484,23328,23740,116147,133132,4277,4531,27631,31106,1712343,1749808,255926,297275,37174,39419,126005,143721,7588,8209,1815700,1905440,1426018,1457484,236114,273619,14517,15560,113505,130332,3375,3607,22171,24838,1444329,1477675,241419,280636,25477,28076,122164,139484,6220,6712,293269,298741,263263,266704,12191,13865,8811,8180,2642,2800,902,924,5460,6268,268014,272133,14507,16639,11697,11343,3841,4237,1368,1497
R,8,2023,61,4316498,2106026,2210472,1699277,1742719,244361,285143,22773,23698,107985,123695,4379,4502,27251,30715,1722116,1767953,251667,294791,36501,39475,117710,134078,7733,8148,1823918,1922761,1445747,1485598,232794,272179,14352,15658,105541,121026,3518,3591,21966,24709,1463975,1505666,237878,279118,25324,28387,114067,130040,6383,6656,282108,287711,253530,257121,11567,12964,8421,8040,2444,2669,861,911,5285,6006,258141,262287,13789,15673,11177,11088,3643,4038,1350,1492
R,8,2023,62,4300536,2092291,2208245,1698642,1749681,238616,281151,22000,23442,102138,119894,4128,4234,26767,29843,1720992,1774176,245734,290265,35789,39139,111610,129882,7354,7783,1827309,1934556,1460750,1505058,227682,268636,14103,15967,99788,117321,3322,3409,21664,24165,1478624,1524652,232682,275287,25181,28726,108106,125993,6064,6401,264982,273689,237892,244623,10934,12515,7897,7475,2350,2573,806,825,5103,5678,242368,249524,13052,14978,10608,10413,3504,3889,1290,1382
R,8,2023,63,4230090,2053562,2176528,1659906,1716954,237355,279566,21668,23113,104301,123530,4121,4184,26211,29181,1681885,1740800,244233,288635,35231,38465,113540,133237,7261,7641,1794949,1909067,1427741,1477905,226543,267360,13982,15775,102018,120982,3327,3388,21338,23657,1445453,1496986,231413,274013,24936,28278,110184,129389,5987,6320,258613,267461,232165,239049,10812,12206,7686,7338,2283,2548,794,796,4873,5524,236432,243814,12820,14622,10295,10187,3356,3848,1274,1321
R,8,2023,64,4132605,1996810,2135795,1624188,1694994,226114,270232,20161,21858,97712,117262,3834,3857,24801,27592,1644913,1717737,232507,278512,33204,36808,106449,126209,6705,6989,1760995,1887321,1412363,1472822,216255,258802,13301,15014,95622,114931,3126,3168,20328,22584,1429227,1491241,220807,264879,23943,27351,103331,122764,5572,5854,235815,248474,211825,222172,9859,11430,6860,6844,2090,2331,708,689,4473,5008,215686,226496,11700,13633,9261,9457,3118,3445,1133,1135
R,8,2023,65,4077807,1963347,2114460,1603214,1686258,215990,259781,19071,21061,97562,117029,3614,3776,23896,26555,1623132,1708002,222190,267807,31786,35568,105849,125622,6372,6745,1743974,1878747,1406387,1475283,206600,248897,12786,14758,95626,114940,2953,3095,19622,21774,1422588,1492934,211009,254810,23249,26742,102978,122433,5298,5644,219373,235713,196827,210975,9390,10884,6285,6303,1936,2089,661,681,4274,4781,200544,215068,11181,12997,8537,8826,2871,3189,1074,1101
R,8,2023,66,4005047,1919405,2085642,1572589,1667228,207814,255659,18811,20318,93763,113176,3485,3589,22943,25672,1591685,1688336,213801,263335,31254,34822,101542,121024,6116,6515,1709959,1857994,1384657,1463265,198967,245171,12500,14316,91950,111195,2886,2940,18999,21107,1400321,1480413,203302,250830,22803,26423,98909,118024,5164,5436,209446,227648,187932,203963,8847,10488,6311,6002,1813,1981,599,649,3944,4565,191364,207923,10499,12505,8451,8399,2633,3000,952,1079
R,8,2023,67,3826690,1821969,2004721,1494506,1601795,194196,243637,17531,19447,90954,111777,3167,3444,21615,24621,1512576,1621979,199746,250960,29249,33367,98203,119429,5680,6192,1626320,1788515,1319103,1408129,185857,233686,11661,13866,89220,109713,2606,2895,17873,20226,1333907,1424534,189811,239050,21360,25493,95678,116372,4776,5234,195649,216206,175403,193666,8339,9951,5870,5581,1734,2064,561,549,3742,4395,178669,197445,9935,11910,7889,7874,2525,3057,904,958
R,8,2023,68,3717575,1761244,1956331,1449652,1568849,183190,232242,16643,18316,88183,110336,3001,3366,20575,23222,1466699,1587806,188478,239182,27994,31315,95044,117615,5419,6023,1576139,1749142,1283105,1382498,175359,223092,11344,13137,86578,108468,2510,2798,17243,19149,1297266,1397903,179219,228218,20905,24006,92732,114867,4612,5094,185105,207189,166547,186351,7831,9150,5299,5179,1605,1868,491,568,3332,4073,169433,189903,9259,10964,7089,7309,2312,2748,807,929
R,8,2023,69,3578983,1685473,1893510,1396514,1527118,168840,220047,15224,17230,83261,104252,2760,3134,18874,21729,1412301,1544828,173604,226478,25901,29696,89387,110808,4836,5650,1517561,1701254,1245102,1353906,161672,211703,10621,12502,81906,102515,2324,2600,15936,18028,1258320,1368408,165159,216466,19730,23018,87395,108296,4161,4793,167912,192256,151412,173212,7168,8344,4603,4728,1355,1737,436,534,2938,3701,153981,176420,8445,10012,6171,6678,1992,2512,675,857
R,8,2023,70,3415118,1599757,1815361,1332702,1472744,154062,204511,14115,15974,78714,98753,2634,2863,17530,20516,1347328,1489555,158333,210449,24062,27798,84417,105020,4629,5217,1446112,1636280,1194142,1311130,147592,196669,9908,11702,77402,97237,2237,2393,14831,17149,1206432,1325002,150701,201128,18411,21747,82522,102759,3990,4452,153645,179081,138560,161614,6470,7842,4207,4272,1312,1516,397,470,2699,3367,140896,164553,7632,9321,5651,6051,1895,2261,639,765
R,8,2023,71,3280504,1530327,1750177,1281551,1424432,142930,194077,12914,14992,74346,95138,2453,2751,16133,18787,1294969,1439864,146904,199434,22171,26067,79510,100680,4368,4914,1388522,1583247,1153351,1273696,137039,186718,9185,11060,73122,93694,2101,2306,13724,15773,1164673,1286494,139994,190761,17126,20546,77779,98576,3779,4176,141805,166930,128200,150736,5891,7359,3729,3932,1224,1444,352,445,2409,3014,130296,153370,6910,8673,5045,5521,1731,2104,589,738
R,8,2023,72,3103265,1436635,1666630,1203676,1354929,135273,187537,12254,14175,68086,89757,2180,2477,15166,17755,1216285,1369449,138992,192756,21154,24742,72801,94838,3951,4506,1303346,1508546,1082927,1212254,129770,180607,8841,10391,66981,88341,1880,2083,12947,14870,1093603,1224245,132555,184559,16521,19437,71224,92790,3460,3847,133289,158084,120749,142675,5503,6930,3413,3784,1105,1416,300,394,2219,2885,122682,145204,6437,8197,4633,5305,1577,2048,491,659
R,8,2023,73,2937060,1353008,1584052,1127873,1283353,127268,177083,11712,13389,69426,90937,2196,2392,14533,16898,1139946,1297074,130864,182069,20277,23302,73927,95979,3886,4375,1228969,1433045,1015624,1146878,122092,170371,8538,9949,68411,89616,1854,2043,12450,14188,1025906,1158264,124818,174139,15927,18460,72456,94022,3369,3772,124039,151007,112249,136475,5176,6712,3174,3440,1015,1321,342,349,2083,2710,114040,138810,6046,7930,4350,4842,1471,1957,517,603
R,8,2023,74,2837849,1302557,1535292,1095853,1256521,115917,164277,10977,12492,64336,83803,2110,2335,13364,15864,1106982,1269542,119100,168861,18946,22010,68422,88271,3691,4125,1188882,1396087,992795,1130310,111354,158299,8030,9363,63390,82648,1808,1995,11505,13472,1002320,1141265,113758,161796,14997,17667,67048,86588,3197,3567,113675,139205,103058,126211,4563,5978,2947,3129,946,1155,302,340,1859,2392,104662,128277,5342,7065,3949,4343,1374,1683,494,558
R,8,2023,75,2753394,1261747,1491647,1069531,1231452,107170,153547,10135,11741,60449,77592,1876,2158,12586,15157,1080030,1243979,110228,157780,17675,20847,64197,81885,3340,3877,1155398,1359874,972996,1111887,102889,148021,7515,8863,59598,76454,1607,1849,10793,12800,981921,1122341,105224,151233,14074,16749,62949,80226,2920,3358,106349,131773,96535,119565,4281,5526,2620,2878,851,1138,269,309,1793,2357,98109,121638,5004,6547,3601,4098,1248,1659,420,519
R,8,2023,76,2876494,1324198,1552296,1141377,1306744,101431,144600,10230,11360,56710,72558,1777,1938,12673,15096,1152049,1319345,104398,148807,18076,20687,60256,76613,3232,3561,1222877,1425722,1049143,1191534,97574,139392,7670,8717,55934,71486,1535,1664,11021,12929,1058383,1202224,99873,142659,14637,16889,59075,75081,2827,3118,101321,126574,92234,115210,3857,5208,2560,2643,776,1072,242,274,1652,2167,93666,117121,4525,6148,3439,3798,1181,1532,405,443
R,8,2023,77,2069721,935768,1133953,794361,938436,75729,112853,7560,8897,47033,60406,1550,1703,9535,11658,802375,948073,77986,116063,13222,15731,49896,63830,2710,3093,852849,1025632,718920,840033,72427,108161,5540,6680,46404,59512,1350,1477,8208,9769,725796,848022,74118,110558,10503,12526,48971,62512,2375,2716,82919,108321,75441,98403,3302,4692,2020,2217,629,894,200,226,1327,1889,76579,100051,3868,5505,2719,3205,925,1318,335,377
R,8,2023,78,1907417,852328,1055089,722877,872708,69797,106236,6829,8270,42767,55543,1308,1547,8750,10785,730214,881637,71855,109198,12036,14620,45352,58677,2436,2833,777228,956054,654440,782447,66920,102159,5080,6262,42151,54727,1125,1333,7512,9126,660686,789933,68470,104388,9625,11754,44461,57483,2129,2470,75100,99035,68437,90261,2877,4077,1749,2008,616,816,183,214,1238,1659,69528,91704,3385,4810,2411,2866,891,1194,307,363
R,8,2023,79,1828466,810390,1018076,691953,849514,63504,98182,6285,7646,39489,51082,1183,1367,7976,10285,698665,858033,65312,101081,11070,13787,41834,53955,2196,2610,743596,926602,630978,766010,60844,94571,4749,5785,39021,50309,1041,1184,6963,8743,636801,773194,62249,96790,9014,11130,41128,52844,1951,2292,66794,91474,60975,83504,2660,3611,1536,1861,468,773,142,183,1013,1542,61864,84839,3063,4291,2056,2657,706,1111,245,318
R,8,2023,80,1824857,802219,1022638,692960,864031,59091,94620,5765,7230,35889,45771,1041,1218,7473,9768,699295,872186,60774,97277,10374,13168,37941,48412,1964,2348,740882,936111,636854,785180,56692,91013,4469,5466,35412,45108,922,1049,6533,8295,642396,792064,57980,92991,8601,10670,37232,47416,1741,2063,61337,86527,56106,78851,2399,3607,1296,1764,477,663,119,169,940,1473,56899,80122,2794,4286,1773,2498,709,996,223,285
R,8,2023,81,1542070,669202,872868,572958,730976,50630,82442,5048,6300,33096,43705,878,1125,6592,8320,578472,737901,52159,84686,9077,11344,34998,46003,1656,2056,615559,796500,523854,661026,48547,79481,3922,4774,32708,43115,766,948,5762,7156,528653,666933,49738,81207,7510,9218,34417,45156,1459,1789,53643,76368,49104,69950,2083,2961,1126,1526,388,590,112,177,830,1164,49819,70968,2421,3479,1567,2126,581,847,197,267
R,8,2023,82,1351696,577882,773814,493133,645857,44134,74806,4502,5622,29562,39007,808,951,5743,7571,497979,652148,45424,76848,7971,10191,31258,41152,1503,1838,529789,704331,449088,582120,42287,72098,3495,4355,29211,38468,718,809,4990,6481,453279,587476,43261,73668,6578,8356,30727,40352,1338,1595,48093,69483,44045,63737,1847,2708,1007,1267,351,539,90,142,753,1090,44700,64672,2163,3180,1393,1835,531,800,165,243
R,8,2023,83,1206965,507462,699503,430242,581157,39679,68955,4066,5214,27504,36338,749,943,5222,6896,434614,586888,40867,70851,7153,9313,29126,38279,1385,1753,463490,634582,389987,521767,38000,66320,3127,3990,27153,35837,649,777,4574,5891,393811,526620,38919,67771,5866,7568,28614,37554,1222,1493,43972,64921,40255,59390,1679,2635,939,1224,351,501,100,166,648,1005,40803,60268,1948,3080,1287,1745,512,725,163,260
R,8,2023,84,1085324,450958,634366,384193,530561,34135,60321,3408,4575,24157,31919,593,843,4472,6147,387978,535672,35158,61964,6056,8218,25499,33679,1140,1600,411981,575689,348485,476770,32584,57957,2618,3511,23880,31471,512,723,3902,5257,351767,481135,33371,59191,4970,6706,25084,33018,1013,1379,38977,58677,35708,53791,1551,2364,790,1064,277,448,81,120,570,890,36211,54537,1787,2773,1086,1512,415,661,127,221
R,8,2023,85,987118,402742,584376,343469,489283,29889,55163,3063,4280,21671,29406,561,761,4089,5483,346916,493848,30827,56664,5500,7463,22900,30997,1030,1413,368135,530781,311674,440213,28596,52975,2411,3309,21412,29019,481,615,3561,4650,314661,444057,29307,54114,4578,6085,22520,30411,896,1180,34607,53595,31795,49070,1293,2188,652,971,259,387,80,146,528,833,32255,49791,1520,2550,922,1378,380,586,134,233
R,8,2023,86,854500,342645,511855,291491,427716,25630,48480,2613,3654,18890,26359,489,672,3532,4974,294518,431874,26441,49830,4683,6517,19982,27811,887,1282,312549,464461,263859,384237,24471,46597,2038,2815,18674,25979,424,558,3083,4275,266492,387781,25083,47636,3892,5333,19657,27271,777,1101,30096,47394,27632,43479,1159,1883,575,839,216,380,65,114,449,699,28026,44093,1358,2194,791,1184,325,540,110,181
R,8,2023,87,758175,299064,459111,254135,383378,22562,43997,2288,3288,16587,23509,415,561,3077,4378,256720,387011,23258,45212,4054,5860,17564,24762,800,1049,272578,416853,229757,344529,21538,42371,1802,2536,16405,23197,364,481,2712,3739,232034,347611,22071,43304,3384,4773,17293,24306,709,915,26486,42258,24378,38849,1024,1626,486,752,182,312,51,80,365,639,24686,39400,1187,1908,670,1087,271,456,91,134
R,8,2023,88,671967,259002,412965,220454,345685,19124,38898,1967,2946,14443,20974,370,497,2644,3965,222678,348955,19729,39960,3477,5230,15267,22153,725,973,236035,374873,199239,310683,18291,37430,1558,2232,14276,20688,329,416,2342,3424,201205,313487,18774,38259,2921,4252,15016,21733,650,832,22967,38092,21215,35002,833,1468,409,714,167,286,41,81,302,541,21473,35468,955,1701,556,978,251,420,75,141
R,8,2023,89,558010,211098,346912,179389,290110,15495,32629,1562,2378,12103,18014,331,428,2218,3353,181277,292926,16001,33549,2799,4273,12826,19045,608,825,192469,315489,162168,261188,14850,31431,1220,1811,11975,17770,287,375,1969,2914,163842,263629,15254,32147,2336,3489,12626,18688,537,727,18629,31423,17221,28922,645,1198,342,567,128,244,44,53,249,439,17435,29297,747,1402,463,784,200,357,71,98
R,8,2023,90,487167,180052,307115,153357,256998,12874,28212,1355,2087,10336,16551,263,360,1867,2907,154939,259406,13297,28992,2382,3747,10968,17417,489,742,164733,280135,139206,232079,12315,27201,1083,1642,10229,16355,233,316,1667,2542,140615,234174,12656,27825,2012,3125,10805,17131,435,660,15319,26980,14151,24919,559,1011,272,445,107,196,30,44,200,365,14324,25232,641,1167,370,622,163,286,54,82
R,8,2023,91,420746,150820,269926,128975,227061,10347,23948,1092,1787,8605,14227,224,311,1577,2592,130314,229222,10718,24668,1958,3262,9127,14970,436,638,137870,246426,116945,205338,9928,23082,858,1402,8513,14063,199,275,1427,2266,118156,207217,10238,23669,1641,2716,8998,14725,393,560,12950,23500,12030,21723,419,866,234,385,92,164,25,36,150,326,12158,22005,480,999,317,546,129,245,43,78
R,8,2023,92,354887,123903,230984,106416,195294,8080,19600,863,1479,7070,12208,182,257,1292,2146,107512,197076,8375,20205,1577,2699,7511,12836,351,525,113182,211185,96439,176977,7743,18885,677,1143,7009,12084,163,226,1151,1870,97416,178521,7982,19368,1319,2227,7406,12642,312,467,10721,19799,9977,18317,337,715,186,336,61,124,19,31,141,276,10096,18555,393,837,258,472,105,194,39,58
R,8,2023,93,297096,100191,196905,85530,165712,6638,16852,755,1281,6037,10945,156,237,1075,1878,86436,167279,6888,17367,1353,2351,6391,11495,299,471,91488,180080,77434,150099,6354,16277,599,1011,5993,10837,143,208,965,1648,78247,151468,6559,16678,1138,1975,6315,11330,272,416,8703,16825,8096,15613,284,575,156,270,44,108,13,29,110,230,8189,15811,329,689,215,376,76,165,27,55
R,8,2023,94,233117,75664,157453,64656,132698,4849,13317,569,948,4625,8741,114,199,851,1550,65364,133974,5053,13771,1061,1830,4891,9182,226,398,69225,144495,58689,120721,4637,12854,457,747,4583,8642,103,177,756,1354,59320,121831,4803,13222,903,1531,4821,9035,201,352,6439,12958,5967,11977,212,463,112,201,42,99,11,22,95,196,6044,12143,250,549,158,299,70,147,25,46
R,8,2023,95,186492,57957,128535,49445,108368,3657,10674,439,815,3664,7227,74,147,678,1304,50015,109449,3814,11040,807,1554,3892,7605,168,326,53192,118400,45011,99036,3505,10302,359,642,3641,7140,66,129,610,1151,45524,99980,3637,10601,694,1306,3850,7483,151,288,4765,10135,4434,9332,152,372,80,173,23,87,8,18,68,153,4491,9469,177,439,113,248,42,122,17,38
R,8,2023,96,143046,42690,100356,36176,84433,2721,8346,320,658,2889,5789,57,115,527,1015,36619,85278,2854,8624,609,1243,3057,6079,126,244,39348,92901,33052,77559,2627,8065,272,535,2871,5731,51,101,475,910,33451,78315,2739,8296,536,1068,3024,5991,110,216,3342,7455,3124,6874,94,281,48,123,18,58,6,14,52,105,3168,6963,115,328,73,175,33,88,16,28
R,8,2023,97,105340,30181,75159,25380,62917,1982,6321,233,487,2147,4542,43,100,396,792,25710,63572,2087,6551,452,933,2272,4765,100,204,27794,69631,23170,57793,1907,6127,194,400,2132,4506,39,90,352,715,23463,58385,1990,6323,392,811,2246,4707,87,181,2387,5528,2210,5124,75,194,39,87,15,36,4,10,44,77,2247,5187,97,228,60,122,26,58,13,23
R,8,2023,98,77042,20974,56068,17450,46702,1371,4672,174,368,1658,3601,26,78,295,647,17696,47234,1445,4879,335,738,1758,3769,67,152,19400,52136,15997,43071,1324,4524,146,308,1647,3573,23,72,263,588,16216,43556,1383,4706,292,653,1738,3721,60,137,1574,3932,1453,3631,47,148,28,60,11,28,3,6,32,59,1480,3678,62,173,43,85,20,48,7,15
R,8,2023,99,53651,14028,39623,11524,32938,927,3245,114,272,1239,2679,23,53,201,436,11691,33297,986,3377,226,521,1303,2805,49,112,12987,37030,10557,30541,894,3150,97,231,1232,2662,22,48,185,398,10711,30871,943,3263,200,460,1293,2776,45,102,1041,2593,967,2397,33,95,17,41,7,17,1,5,16,38,980,2426,43,114,26,61,10,29,4,10
R,8,2023,100,92118,21744,70374,17010,56491,1502,6178,217,540,2568,6069,39,118,408,978,17340,57271,1623,6507,433,1087,2712,6334,105,267,20251,66197,15644,52637,1452,6022,192,481,2552,6041,36,110,375,906,15951,53358,1558,6318,392,994,2685,6285,93,247,1493,4177,1366,3854,50,156,25,59,16,28,3,8,33,72,1389,3913,65,189,41,93,27,49,12,20
R,9,2023,999,337409418,167002776,170406642,126217942,127041236,22180781,23945506,2331577,2276181,10610196,11443183,464944,451575,5197336,5248961,130869743,131715387,24586875,26419730,3778255,3777797,12556918,13372992,908240,896243,133365355,137565602,97050544,98602172,20433433,22160147,1200338,1234319,10249385,11084105,332930,326913,4098725,4157946,100718525,102302377,22310425,24100445,2201626,2296092,11896673,12716034,678223,674865,33637421,32841040,29167398,28439064,1747348,1785359,1131239,1041862,360811,359078,132014,124662,1098611,1091015,30151218,29413010,2276450,2319285,1576629,1481705,660245,656958,230017,221378
R,9,2023,0,3635499,1857054,1778445,1276545,1220042,299596,290367,36442,35300,110490,103915,7992,7618,125989,121203,1392406,1331468,369275,357529,59983,58073,157067,148534,16639,15867,1324711,1264646,847716,806606,258703,250729,12069,11562,102080,96041,4380,4026,99763,95682,939985,895071,314682,304535,26855,25797,140515,132778,10634,9978,532343,513799,428829,413436,40893,39638,24373,23738,8410,7874,3612,3592,26226,25521,452421,436397,54593,52994,33128,32276,16552,15756,6005,5889
R,9,2023,1,3714057,1896115,1817942,1299243,1242984,306141,297480,36864,35484,117017,110457,8157,7778,128693,123759,1417569,1356747,377157,365862,60904,58708,164754,156231,16983,16184,1355888,1296922,864316,823575,264546,257332,12264,11680,108412,102307,4565,4236,101785,97792,958428,913961,321473,312114,27294,26172,147856,140121,10951,10324,540227,521020,434927,419409,41595,40148,24600,23804,8605,8150,3592,3542,26908,25967,459141,442786,55684,53748,33610,32536,16898,16110,6032,5860
R,9,2023,2,3668322,1875132,1793190,1282633,1222193,306547,297640,35211,33950,116503,110436,7344,6892,126894,122079,1399301,1334399,376523,365027,58910,56811,163620,155682,16036,15182,1362691,1298243,869604,823101,267474,259808,12370,11892,108650,102785,4290,4038,100303,96619,962337,912384,323496,313839,27151,26189,147622,140266,10584,10061,512441,494947,413029,399092,39073,37832,22841,22058,7853,7651,3054,2854,26591,25460,436964,422015,53027,51188,31759,30622,15998,15416,5452,5121
R,9,2023,3,3764429,1924049,1840380,1323748,1263038,307410,298107,36716,35228,122620,116086,7211,6846,126344,121075,1439925,1374360,377219,365081,60179,57787,169509,160918,15854,15043,1408970,1345564,905969,861366,270192,262428,13503,13031,114622,108439,4448,4113,100236,96187,998625,950261,326244,316296,28248,27228,153551,145715,10766,10121,515079,494816,417779,401672,37218,35679,23213,22197,7998,7647,2763,2733,26108,24888,441300,424099,50975,48785,31931,30559,15958,15203,5088,4922
R,9,2023,4,3836611,1958996,1877615,1353742,1293379,308565,301376,37750,36121,125251,118756,7511,7028,126177,120955,1469693,1404529,378140,368243,61234,58775,172201,163500,16165,15232,1438613,1375275,931046,884483,271566,265802,14177,13773,117023,110934,4655,4343,100146,95940,1023527,973080,327364,319484,28990,28031,156096,148113,11031,10379,520383,502340,422696,408896,36999,35574,23573,22348,8228,7822,2856,2685,26031,25015,446166,431449,50776,48759,32244,30744,16105,15387,5134,4853
R,9,2023,5,3908187,1996820,1911367,1380683,1317268,313052,305912,38457,36478,128959,121937,7605,7090,128064,122682,1498361,1429987,383476,373651,62350,59520,176703,167325,16403,15423,1469220,1403457,950722,902890,276563,270741,14305,13817,120893,114186,4783,4428,101954,97395,1044861,992799,333249,325159,29402,28331,160754,151986,11277,10569,527600,507910,429961,414378,36489,35171,24152,22661,8066,7751,2822,2662,26110,25287,453500,437188,50227,48492,32948,31189,15949,15339,5126,4854
R,9,2023,6,3988898,2040916,1947982,1414685,1345967,315794,307761,37734,36183,135494,127437,7760,7251,129449,123383,1533569,1459327,386134,375500,62076,59555,184362,173241,16811,15732,1504864,1431926,973504,921757,280249,273184,15309,14546,127559,119817,5002,4600,103241,98022,1068729,1012222,336874,327614,30824,29343,168498,157999,11756,10853,536052,516056,441181,424210,35545,34577,22425,21637,7935,7620,2758,2651,26208,25361,464840,447105,49260,47886,31252,30212,15864,15242,5055,4879
R,9,2023,7,4100270,2094913,2005357,1467702,1398628,316639,310633,37316,35920,134823,127514,7668,7322,130765,125340,1587857,1513839,387304,378854,62292,59932,184154,174275,16825,15987,1545359,1476632,1012372,960611,281370,276265,15850,15356,126775,119961,4882,4683,104110,99756,1108468,1052734,338211,331148,31793,30676,167991,159003,11673,11100,549554,528725,455330,438017,35269,34368,21466,20564,8048,7553,2786,2639,26655,25584,479389,461105,49093,47706,30499,29256,16163,15272,5152,4887
R,9,2023,8,4136590,2113277,2023313,1481774,1413372,321723,314331,36533,35637,135136,127518,7520,7354,130591,125101,1601786,1528350,392235,382415,61622,59676,184269,174125,16666,15998,1563232,1491610,1024212,972009,286347,279662,16273,15499,127395,120071,4820,4700,104185,99669,1120379,1064033,343078,334500,32409,30858,168569,159040,11648,11142,550045,531703,457562,441363,35376,34669,20260,20138,7741,7447,2700,2654,26406,25432,481407,464317,49157,47915,29213,28818,15700,15085,5018,4856
R,9,2023,9,4137504,2117780,2019724,1487668,1412178,323213,314619,36720,35665,133438,126414,7256,7035,129485,123813,1606680,1525978,392800,382078,61739,59568,182311,172340,16439,15660,1570361,1494499,1032365,976003,287338,279835,16571,15919,126031,119381,4721,4589,103335,98772,1127778,1067198,343289,334246,32731,31302,167010,157775,11559,11016,547419,525225,455303,436175,35875,34784,20149,19746,7407,7033,2535,2446,26150,25041,478902,458780,49511,47832,29008,28266,15301,14565,4880,4644
R,9,2023,10,4106731,2099417,2007314,1473904,1405313,321393,312727,36711,35262,132920,125632,7140,6906,127349,121474,1590857,1516790,389425,378541,61429,58974,181293,170988,16354,15525,1558045,1485572,1022931,970619,286263,278869,16720,16008,125748,118699,4687,4471,101696,96906,1116740,1059958,341012,331925,32723,31351,166326,156606,11520,10811,541372,521742,450973,434694,35130,33858,19991,19254,7172,6933,2453,2435,25653,24568,474117,456832,48413,46616,28706,27623,14967,14382,4834,4714
R,9,2023,11,4114174,2104551,2009623,1482733,1412519,321583,311118,37434,36096,130255,123248,6998,6764,125548,119878,1597985,1522542,388734,375787,62157,59787,177638,167972,16061,15358,1558938,1483982,1027293,973457,287091,277999,16798,16161,123153,116547,4557,4376,100046,95442,1119541,1061452,341025,329990,32801,31479,162831,153900,11270,10722,545613,525641,455440,439062,34492,33119,20636,19935,7102,6701,2441,2388,25502,24436,478444,461090,47709,45797,29356,28308,14807,14072,4791,4636
R,9,2023,12,4163190,2135579,2027611,1513510,1433261,325253,313706,36621,35150,127041,119459,6937,6620,126217,119415,1629441,1542856,392859,377968,61737,59125,174321,163879,16042,15183,1575506,1491389,1041745,982195,291790,281219,17139,16164,120102,112942,4514,4271,100216,94598,1134194,1069404,345988,332648,33352,31579,159523,149915,11231,10552,560073,536222,471765,451066,33463,32487,19482,18986,6939,6517,2423,2349,26001,24817,495247,473452,46871,45320,28385,27546,14798,13964,4811,4631
R,9,2023,13,4233889,2168799,2065090,1547225,1467927,328383,316403,35871,34410,124585,118889,6679,6482,126056,120979,1663252,1579098,395895,381704,61293,59070,171182,163196,15652,15020,1593756,1514193,1058098,999485,296328,285287,17282,16877,117985,112719,4497,4299,99566,95526,1150137,1087623,350185,337310,33533,32714,156745,149629,11110,10568,575043,550897,489127,468442,32055,31116,18589,17533,6600,6170,2182,2183,26490,25453,513115,491475,45710,44394,27760,26356,14437,13567,4542,4452
R,9,2023,14,4306780,2204532,2102248,1579792,1498797,334817,324671,35990,34522,123101,118243,6803,6620,124029,119395,1693821,1608568,401366,389558,61119,58409,168708,161521,15436,14993,1622135,1544923,1082681,1023650,302561,293182,17874,17247,116536,112072,4670,4441,97813,94331,1172979,1110737,355771,345111,33820,32437,154461,148193,11028,10597,582397,557325,497111,475147,32256,31489,18116,17275,6565,6171,2133,2179,26216,25064,520842,497831,45595,44447,27299,25972,14247,13328,4408,4396
R,9,2023,15,4481912,2296328,2185584,1649163,1561459,349390,338555,37476,35680,128305,122633,6926,6686,125068,120571,1763996,1672205,416676,404376,62603,60021,173966,165967,15914,14988,1689456,1608949,1129513,1068408,315886,306552,18502,17908,121716,116366,4721,4470,99118,95245,1220835,1156201,370026,359439,34599,33317,159847,152438,11368,10588,606872,576635,519650,493051,33504,32003,18974,17772,6589,6267,2205,2216,25950,25326,543161,516004,46650,44937,28004,26704,14119,13529,4546,4400
R,9,2023,16,4504517,2307873,2196644,1664193,1577904,349132,337540,38350,36491,127675,121038,6872,6829,121651,116842,1775921,1685021,414209,400763,63508,60595,171921,163008,15628,15189,1697335,1615452,1140919,1079889,315915,305724,18615,18180,121117,114887,4701,4572,96068,92200,1229502,1164701,368106,356502,34660,33439,157893,149834,11161,10713,610538,581192,523274,498015,33217,31816,19735,18311,6558,6151,2171,2257,25583,24642,546419,520320,46103,44261,28848,27156,14028,13174,4467,4476
R,9,2023,17,4441297,2274364,2166933,1647170,1561849,338917,329293,38049,35848,127167,122187,6768,6582,116293,111174,1753870,1663807,400274,388567,62560,59108,169984,162625,15133,14488,1677366,1598905,1134826,1073982,307075,298500,18333,17783,120713,116279,4624,4444,91795,87917,1219330,1154861,356236,346290,33863,32573,156551,150034,10807,10270,596998,568028,512344,487867,31842,30793,19716,18065,6454,5908,2144,2138,24498,23257,534540,508946,44038,42277,28697,26535,13433,12591,4326,4218
R,9,2023,18,4410407,2257008,2153399,1639211,1553250,331007,321906,37821,35725,131431,129219,6907,6756,110631,106543,1740568,1650667,388600,377855,61709,58503,172413,168398,14802,14384,1671377,1598680,1135923,1075507,299990,292449,18101,17684,125375,123498,4754,4755,87234,84787,1216121,1153247,346102,337724,33213,32280,159712,156502,10581,10462,585631,554719,503288,477743,31017,29457,19720,18041,6056,5721,2153,2001,23397,21756,524447,497420,42498,40131,28496,26223,12701,11896,4221,3922
R,9,2023,19,4421500,2261518,2159982,1646972,1561472,327376,319582,37339,34561,136172,134674,6858,6565,106801,103128,1744712,1655772,382096,372925,60711,57092,176274,172960,14694,14072,1687652,1615472,1152383,1091275,297618,291173,17992,17330,130151,128984,4799,4666,84709,82044,1230158,1166478,341508,334245,33058,32026,163972,161267,10691,10253,573866,544510,494589,470197,29758,28409,19347,17231,6021,5690,2059,1899,22092,21084,514554,489294,40588,38680,27653,25066,12302,11693,4003,3819
R,9,2023,20,4403123,2251007,2152116,1644009,1558288,323991,318397,36834,33993,137066,135799,6772,6479,102335,99160,1737480,1648873,376050,369134,59887,56288,175282,172776,14382,13713,1686628,1615279,1157120,1093633,294524,290877,17637,17061,131295,130257,4754,4658,81298,78793,1231612,1165841,336475,331700,32573,31641,163518,161372,10442,10142,564379,536837,486889,464655,29467,27520,19197,16932,5771,5542,2018,1821,21037,20367,505868,483032,39575,37434,27314,24647,11764,11404,3940,3571
R,9,2023,21,4390576,2242681,2147895,1636942,1554699,327432,322749,36497,33797,137048,134292,6567,6403,98195,95955,1726495,1641975,376999,372024,59306,56263,173529,169319,13935,13518,1685794,1618214,1155443,1095733,298485,295476,17834,17181,131440,128987,4700,4606,77892,76231,1226660,1165316,338440,335140,32596,31922,162138,158447,10296,10005,556887,529681,481499,458966,28947,27273,18663,16616,5608,5305,1867,1797,20303,19724,499835,476659,38559,36884,26710,24341,11391,10872,3639,3513
R,9,2023,22,4449682,2271124,2178558,1651689,1572990,333544,328723,35852,34032,146067,142213,6412,6292,97560,94308,1740353,1658823,382723,376718,59050,56462,182287,176750,13747,13418,1719115,1653078,1174042,1117364,304697,301773,17925,17457,140510,136974,4606,4447,77335,75063,1244434,1185869,344155,340519,33149,32316,171113,166170,10141,9861,552009,525480,477647,455626,28847,26950,17927,16575,5557,5239,1806,1845,20225,19245,495919,472954,38568,36199,25901,24146,11174,10580,3606,3557
R,9,2023,23,4477554,2284231,2193323,1655840,1576456,340073,336164,36356,34592,150598,147491,6485,6224,94879,92396,1742188,1660121,387683,383213,59721,57134,185297,181099,13594,13245,1735901,1670860,1180598,1123631,311849,309184,18363,17714,145079,142264,4728,4416,75284,73651,1249209,1190476,350071,347167,33757,32831,174477,170629,10163,9749,548330,522463,475242,452825,28224,26980,17993,16878,5519,5227,1757,1808,19595,18745,492979,469645,37612,36046,25964,24303,10820,10470,3431,3496
R,9,2023,24,4402437,2243463,2158974,1629843,1556355,331625,327438,35424,34071,148217,145779,6461,6031,91893,89300,1713260,1637079,377582,372875,58426,56505,181468,177840,13685,12876,1711987,1649926,1169134,1114955,304331,301184,18032,17697,142797,140658,4725,4283,72968,71149,1235493,1179367,341322,337919,33417,32892,170858,167618,10241,9513,531476,509048,460709,441400,27294,26254,17392,16374,5420,5121,1736,1748,18925,18151,477767,457712,36260,34956,25009,23613,10610,10222,3444,3363
R,9,2023,25,4404284,2240030,2164254,1624733,1554907,333282,330252,35151,33921,150859,151659,6480,6141,89525,87374,1705664,1634088,377735,374148,57992,56233,183147,182869,13483,12771,1715463,1660978,1169689,1118105,306570,304517,17867,17642,145486,146468,4724,4359,71127,69887,1234061,1181550,342347,340078,33165,32894,172809,172879,10139,9489,524567,503276,455044,436802,26712,25735,17284,16279,5373,5191,1756,1782,18398,17487,471603,452538,35388,34070,24827,23339,10338,9990,3344,3282
R,9,2023,26,4392645,2228734,2163911,1616805,1552299,329997,328782,34368,33219,154993,158707,6390,6084,86181,84820,1694805,1628819,371999,370679,56983,55613,186436,189242,13111,12670,1710647,1666788,1166544,1120031,304044,304000,17561,17406,149779,153566,4662,4412,68057,67373,1228253,1180822,337469,337588,32702,32658,176338,179439,9829,9487,518087,497123,450261,432268,25953,24782,16807,15813,5214,5141,1728,1672,18124,17447,466552,447997,34530,33091,24281,22955,10098,9803,3282,3183
R,9,2023,27,4424201,2243245,2180956,1628251,1562551,329244,330154,34504,32738,160001,166385,6517,6205,84728,82923,1704795,1637171,369720,370560,57438,55165,190985,196528,13272,12897,1727480,1685769,1179758,1131303,303512,305751,17691,17177,154847,161189,4746,4534,66926,65815,1240291,1190571,335700,338113,33026,32384,181167,186707,9984,9775,515765,495187,448493,431248,25732,24403,16813,15561,5154,5196,1771,1671,17802,17108,464504,446600,34020,32447,24412,22781,9818,9821,3288,3122
R,9,2023,28,4501289,2281364,2219925,1650129,1584791,343891,343110,34809,33273,162894,171188,6604,6568,83037,80995,1724656,1657335,383040,382396,58057,55760,193385,200460,13477,13315,1761995,1720819,1198096,1150251,317632,317775,18161,17674,157685,166012,4808,4824,65613,64283,1256924,1207867,348710,349094,34001,33154,183636,190817,10153,10112,519369,499106,452033,434540,26259,25335,16648,15599,5209,5176,1796,1744,17424,16712,467732,449468,34330,33302,24056,22606,9749,9643,3324,3203
R,9,2023,29,4568297,2315260,2253037,1666237,1599755,358952,357899,34981,33935,167723,175161,6635,6709,80732,79578,1738292,1670663,396210,395734,58441,56995,197530,203978,13668,13421,1794149,1754753,1212137,1165889,332498,332662,18478,18029,162554,170026,4883,4949,63599,63198,1268816,1222164,361905,362863,34507,34069,187902,194478,10369,10208,521111,498284,454100,433866,26454,25237,16503,15906,5169,5135,1752,1760,17133,16380,469476,448499,34305,32871,23934,22926,9628,9500,3299,3213
R,9,2023,30,4660161,2363017,2297144,1697169,1627015,372945,370474,36357,34962,172414,180912,6995,6704,77137,77077,1765743,1695413,407693,406447,59159,57986,201479,208991,13813,13410,1836525,1797201,1237871,1191286,345952,345081,19286,19017,167388,175697,5120,4952,60908,61168,1292002,1245545,373254,373545,34978,35121,192211,199646,10487,10193,526492,499943,459298,435729,26993,25393,17071,15945,5026,5215,1875,1752,16229,15909,473741,449868,34439,32902,24181,22865,9268,9345,3326,3217
R,9,2023,31,4749601,2403978,2345623,1728445,1663150,377895,377528,37841,35461,177117,186666,7125,6862,75555,75956,1795263,1730236,410606,411753,61139,58338,205905,215320,13994,13673,1871165,1841263,1264103,1223817,350364,351213,20199,19533,172030,181382,5168,5054,59301,60264,1316454,1277006,375654,378095,36217,35590,196710,205909,10597,10358,532813,504360,464342,439333,27531,26315,17642,15928,5087,5284,1957,1808,16254,15692,478809,453230,34952,33658,24922,22748,9195,9411,3397,3315
R,9,2023,32,4828241,2435338,2392903,1750801,1693979,381349,387089,37783,34789,185185,194774,7874,7252,72346,75020,1813828,1759370,412039,420806,60109,57101,213793,224098,15070,14455,1906233,1896318,1291389,1264069,353163,359207,20034,19443,179763,189156,5748,5408,56136,59035,1340096,1315368,376477,385343,35156,34855,204160,214165,11404,11136,529105,496585,459412,429910,28186,27882,17749,15346,5422,5618,2126,1844,16210,15985,473732,444002,35562,35463,24953,22246,9633,9933,3666,3319
R,9,2023,33,4854930,2448729,2406201,1768995,1708811,376786,384832,37319,34286,189622,199757,7980,7478,68027,71037,1828386,1771002,404790,416104,58278,55936,217249,227358,14765,14197,1919562,1916588,1308700,1285091,348763,356827,19522,19161,184150,194281,5770,5609,52657,55619,1354433,1333598,369722,380811,33699,34039,207831,217873,11130,10930,529167,489613,460295,423720,28023,28005,17797,15125,5472,5476,2210,1869,15370,15418,473953,437404,35068,35293,24579,21897,9418,9485,3635,3267
R,9,2023,34,4716850,2381057,2335793,1726278,1658810,358006,369488,35830,32895,189605,201411,7949,7050,63389,66139,1781634,1716377,383639,398218,55750,53047,215283,227591,14170,13468,1872195,1868877,1283286,1254191,331311,342911,18556,18321,184382,196061,5869,5359,48791,52034,1325662,1299247,350207,364931,31861,32284,206466,218643,10836,10501,508862,466916,442992,404619,26695,26577,17274,14574,5223,5350,2080,1691,14598,14105,455972,417130,33432,33287,23889,20763,8817,8948,3334,2967
R,9,2023,35,4640905,2339818,2301087,1712415,1649384,337678,351888,35523,32041,186232,197644,7828,7080,60142,63050,1764688,1704398,361383,378918,54323,51336,211118,222742,13983,13215,1830552,1837241,1267706,1246795,312003,325852,18154,17536,181099,192509,5730,5347,45860,49202,1307364,1289587,329205,346184,30460,30809,202439,214048,10581,10257,509266,463846,444709,402589,25675,26036,17369,14505,5133,5135,2098,1733,14282,13848,457324,414811,32178,32734,23863,20527,8679,8694,3402,2958
R,9,2023,36,4552554,2301224,2251330,1698007,1622926,322500,336459,34020,30844,182572,193429,7812,6902,56313,60770,1746881,1675957,344611,362214,52013,49689,205793,217746,13644,12796,1799389,1795888,1258625,1226905,297577,311262,17187,16943,177558,188516,5596,5132,42846,47130,1295511,1267834,313493,330492,29022,29778,197519,209445,10282,9840,501835,455442,439382,396021,24923,25197,16833,13901,5014,4913,2216,1770,13467,13640,451370,408123,31118,31722,22991,19911,8274,8301,3362,2956
R,9,2023,37,4559751,2307042,2252709,1713735,1634406,315322,330494,33585,30586,181900,192334,7833,7024,54667,57865,1761290,1684580,336210,354551,51103,49209,204595,215413,13616,12775,1801617,1798000,1270622,1238276,290359,305405,16762,16637,176839,187516,5591,5255,41444,44911,1306469,1276999,305158,323389,28264,29476,196267,207327,10195,9877,505425,454709,443113,396130,24963,25089,16823,13949,5061,4818,2242,1769,13223,12954,454821,407581,31052,31162,22839,19733,8328,8086,3421,2898
R,9,2023,38,4556669,2302980,2253689,1719045,1639632,310082,327421,32961,30085,179897,192666,7764,7066,53231,56819,1765241,1688991,330175,350341,50629,48606,201785,215645,13398,12837,1797280,1799601,1275100,1243494,285837,302716,16124,16399,174917,187880,5492,5368,39810,43744,1309344,1281276,299847,319403,27551,29128,193636,207595,9973,10018,505700,454088,443945,396138,24245,24705,16837,13686,4980,4786,2272,1698,13421,13075,455897,407715,30328,30938,23078,19478,8149,8050,3425,2819
R,9,2023,39,4467484,2252528,2214956,1684940,1613691,297715,318295,32353,29730,179076,191544,7481,6780,50963,54916,1729194,1661284,316589,339916,49432,48017,200209,214089,12994,12477,1758191,1765594,1250504,1221179,274285,294287,15963,16033,174081,186941,5311,5090,38047,42064,1283274,1257445,287349,309872,27040,28523,192094,206205,9675,9633,494337,449362,434436,392512,23430,24008,16390,13697,4995,4603,2170,1690,12916,12852,445920,403839,29240,30044,22392,19494,8115,7884,3319,2844
R,9,2023,40,4490058,2262812,2227246,1699244,1626150,297120,319165,32773,30073,176056,190518,7477,6884,50142,54456,1742719,1673209,315595,340374,49790,48662,196748,212639,12859,12594,1766227,1773685,1262309,1230177,273674,294657,16001,16101,171185,185878,5397,5177,37661,41695,1294683,1265960,286492,309993,27258,28825,188823,204808,9666,9747,496585,453561,436935,395973,23446,24508,16772,13972,4871,4640,2080,1707,12481,12761,448036,407249,29103,30381,22532,19837,7925,7831,3193,2847
R,9,2023,41,4503700,2267242,2236458,1707505,1636626,296532,320889,32484,29481,173848,189243,7509,6911,49364,53308,1750297,1682622,314641,341872,49606,47929,193974,210594,12897,12492,1768852,1777629,1268801,1235092,273093,296345,15847,15729,168976,184418,5336,5131,36799,40914,1300406,1270171,285589,311583,27085,28473,185996,202632,9619,9613,498390,458829,438704,401534,23439,24544,16637,13752,4872,4825,2173,1780,12565,12394,449891,412451,29052,30289,22521,19456,7978,7962,3278,2879
R,9,2023,42,4422976,2223634,2199342,1682745,1615605,290201,315475,31209,28859,164272,181288,7264,6386,47943,51729,1724087,1660294,307645,335931,48160,46923,183708,201687,12530,11827,1740538,1750199,1257076,1222379,267774,291502,15123,15598,159533,176588,5167,4686,35865,39446,1287744,1256228,279848,306205,26340,28004,176037,193997,9343,9057,483096,449143,425669,393226,22427,23973,16086,13261,4739,4700,2097,1700,12078,12283,436343,404066,27797,29726,21820,18919,7671,7690,3187,2770
R,9,2023,43,4425245,2224491,2200754,1681659,1612777,295863,322936,31533,28682,160804,178449,7320,6572,47312,51338,1722501,1657020,313173,343250,48622,46956,179760,198487,12599,12078,1732952,1749438,1248420,1217441,273186,298728,15327,15541,155960,173791,5118,4896,34941,39041,1278297,1250781,284974,313263,26567,28158,171860,190830,9308,9343,491539,451316,433239,395336,22677,24208,16206,13141,4844,4658,2202,1676,12371,12297,444204,406239,28199,29987,22055,18798,7900,7657,3291,2735
R,9,2023,44,4238214,2123301,2114913,1608347,1550903,280287,309758,29488,27241,154507,172745,6499,6128,44173,48138,1646507,1592310,296296,328698,45491,44477,172142,191612,11410,11137,1664389,1685617,1203455,1175172,259061,286560,14571,14654,150106,168397,4596,4535,32600,36299,1231343,1206127,269911,299833,25063,26496,164977,184391,8471,8564,458912,429296,404892,375731,21226,23198,14917,12587,4401,4348,1903,1593,11573,11839,415164,386183,26385,28865,20428,17981,7165,7221,2939,2573
R,9,2023,45,4129044,2066668,2062376,1572363,1517290,268878,298338,28249,26745,148862,168064,6254,5788,42062,46151,1608534,1556929,284059,316173,43718,43621,165639,186166,10720,10560,1616798,1639238,1174325,1146529,248456,275828,13955,14279,144597,163653,4495,4238,30970,34711,1200633,1176059,258720,288299,24142,25827,158703,179031,8033,8074,449870,423138,398038,370761,20422,22510,14294,12466,4265,4411,1759,1550,11092,11440,407901,380870,25339,27874,19576,17794,6936,7135,2687,2486
R,9,2023,46,4085091,2039040,2046051,1555691,1508160,263018,294495,28180,26406,145756,166429,6082,5777,40313,44784,1590409,1546388,277347,311692,43301,43044,161759,184080,10485,10519,1595978,1624437,1162977,1137201,243514,272483,14163,14536,141401,162124,4330,4242,29593,33851,1188136,1165823,253047,284552,24209,26101,154810,177082,7788,8035,443062,421614,392714,370959,19504,22012,14017,11870,4355,4305,1752,1535,10720,10933,402273,380565,24300,27140,19092,16943,6949,6998,2697,2484
R,9,2023,47,3926192,1957972,1968220,1490455,1451563,250260,280022,26976,25052,145976,164351,5747,5463,38558,41769,1523689,1487137,263496,295801,41550,40748,161461,180968,10070,9875,1529345,1556186,1110062,1087975,231412,258940,13512,13607,141865,160120,4148,4028,28346,31516,1134196,1114517,240130,269945,23171,24500,154959,174208,7574,7596,428627,412034,380393,363588,18848,21082,13464,11445,4111,4231,1599,1435,10212,10253,389493,372620,23366,25856,18379,16248,6502,6760,2496,2279
R,9,2023,48,3946915,1967540,1979375,1502275,1462973,250109,281538,26367,25128,147105,164387,5682,5244,36002,40105,1533040,1497124,262523,296415,40230,40356,161554,180405,9636,9403,1545600,1572706,1125965,1102834,232313,261410,13261,13782,143074,160357,4133,3902,26854,30421,1148626,1128470,240689,271740,22688,24417,155372,174054,7310,7255,421940,406669,376310,360139,17796,20128,13106,11346,4031,4030,1549,1342,9148,9684,384414,368654,21834,24675,17542,15939,6182,6351,2326,2148
R,9,2023,49,3889629,1936276,1953353,1480061,1446556,245103,276617,25930,24574,145425,162111,5349,5115,34408,38380,1509379,1479049,256756,290803,39439,39431,159213,177334,9223,9134,1528213,1556156,1115091,1093537,228306,257655,13137,13516,141729,158270,3941,3825,26009,29353,1137021,1118079,236292,267652,22439,24052,153606,171387,7091,7082,408063,397197,364970,353019,16797,18962,12793,11058,3696,3841,1408,1290,8399,9027,372358,360970,20464,23151,17000,15379,5607,5947,2132,2052
R,9,2023,50,3906962,1942461,1964501,1485564,1455145,247987,280600,25405,24673,144306,161495,5240,5036,33959,37552,1514427,1486830,259184,294271,38753,39403,158152,176519,9027,8947,1545704,1575668,1130310,1109381,231806,262050,13045,13738,140751,157737,3883,3763,25909,28999,1152070,1133556,239483,271773,22402,24420,152758,170716,6987,6941,396757,388833,355254,345764,16181,18550,12360,10935,3555,3758,1357,1273,8050,8553,362357,353274,19701,22498,16351,14983,5394,5803,2040,2006
R,9,2023,51,4063875,2023117,2040758,1556769,1522446,257247,289552,26064,24724,144041,161540,5261,4966,33735,37530,1585304,1554114,268104,302863,39879,39908,157566,176356,9039,8946,1628779,1654626,1203468,1178603,241387,271295,13585,13991,140385,157859,3940,3682,26014,29196,1225196,1202935,248978,280846,23502,25077,152146,170771,7010,6969,394338,386132,353301,343843,15860,18257,12479,10733,3656,3681,1321,1284,7721,8334,360108,351179,19126,22017,16377,14831,5420,5585,2029,1977
R,9,2023,52,4300561,2144854,2155707,1671095,1628644,267123,301765,26257,25604,140484,156526,5275,5008,34620,38160,1700447,1660862,278143,315185,40787,41464,154089,171175,9244,9192,1753541,1772819,1320367,1288004,251408,283662,14223,14638,136783,152883,3918,3763,26842,29869,1342885,1312952,259100,293303,24804,26498,148608,165578,7183,7217,391313,382888,350728,340640,15715,18103,12034,10966,3701,3643,1357,1245,7778,8291,357562,347910,19043,21882,15983,14966,5481,5597,2061,1975
R,9,2023,53,4305595,2147222,2158373,1678679,1639259,265770,296868,26055,25097,137740,154834,5198,5097,33780,37218,1707255,1670433,276546,309853,40492,40972,150647,169094,9178,9290,1764089,1788298,1335314,1309837,250262,279467,14204,14663,134189,151204,3902,3886,26218,29241,1357221,1334064,257853,288918,24786,26586,145354,163491,7199,7371,383133,370075,343365,329422,15508,17401,11851,10434,3551,3630,1296,1211,7562,7977,350034,336369,18693,20935,15706,14386,5293,5603,1979,1919
R,9,2023,54,4124637,2052436,2072201,1613201,1583406,248002,278714,24538,23945,130304,147033,4947,4870,31444,34233,1639897,1612124,257616,290262,38369,39047,142317,159955,8592,8687,1690667,1720822,1288597,1270186,233419,262425,13656,14067,127005,143602,3760,3723,24230,26819,1308950,1292462,239958,270641,23797,25465,137414,154776,6751,6880,361769,351379,324604,313220,14583,16289,10882,9878,3299,3431,1187,1147,7214,7414,330947,319662,17658,19621,14572,13582,4903,5179,1841,1807
R,9,2023,55,4021222,1998059,2023163,1568862,1543159,245335,276907,24030,23299,125747,142678,4618,4688,29467,32432,1593686,1570146,254231,287809,37292,37780,136943,154803,8062,8513,1648410,1683500,1255220,1240190,230956,260917,13301,13941,122701,139511,3455,3555,22777,25386,1274159,1261030,237030,268643,23129,24944,132415,150033,6322,6750,349649,339663,313642,302969,14379,15990,10729,9358,3046,3167,1163,1133,6690,7046,319527,309116,17201,19166,14163,12836,4528,4770,1740,1763
R,9,2023,56,4014963,1986679,2028284,1571548,1559605,242971,277234,23241,23191,115937,132244,4720,4655,28262,31355,1595350,1585710,251393,287937,36305,37599,126445,143468,8035,8315,1651173,1699175,1270153,1265902,229363,261639,13235,14257,112941,129248,3577,3564,21904,24565,1288354,1286095,235080,269232,22995,25253,122045,138928,6386,6644,335506,329109,301395,293703,13608,15595,10006,8934,2996,2996,1143,1091,6358,6790,306996,299615,16313,18705,13310,12346,4400,4540,1649,1671
R,9,2023,57,4047471,1998045,2049426,1579080,1576090,248152,283376,23282,23257,115086,131237,4622,4698,27823,30768,1602211,1601633,256532,293641,36460,37791,125200,142184,8033,8320,1669593,1727201,1284276,1288546,234482,268262,13439,14471,112193,128199,3557,3673,21646,24050,1301983,1308265,240157,275509,23486,25610,120915,137589,6441,6692,328452,322225,294804,287544,13670,15114,9843,8786,2893,3038,1065,1025,6177,6718,300228,293368,16375,18132,12974,12181,4285,4595,1592,1628
R,9,2023,58,4196042,2062343,2133699,1636709,1649456,253999,292247,23885,24004,114982,131665,4730,4765,28038,31562,1660137,1675587,262179,302621,37430,39181,125102,142682,8153,8522,1738789,1813593,1346281,1363779,240577,277097,14233,15364,112111,128670,3700,3767,21887,24916,1364305,1384127,246174,284506,24510,27202,120899,138183,6571,6929,323554,320106,290428,285677,13422,15150,9652,8640,2871,2995,1030,998,6151,6646,295832,291460,16005,18115,12920,11979,4203,4499,1582,1593
R,9,2023,59,4306898,2110595,2196303,1686044,1710294,253430,292849,23747,24215,114872,132914,4504,4678,27998,31353,1709337,1736203,261349,302696,37691,39888,124878,143805,7957,8391,1801771,1884447,1408982,1431788,240460,278068,14447,15752,112178,130125,3529,3694,22175,25020,1427207,1452181,245942,285109,25304,28244,120885,139573,6433,6848,308824,311856,277062,278506,12970,14781,9300,8463,2694,2789,975,984,5823,6333,282130,284022,15407,17587,12387,11644,3993,4232,1524,1543
R,9,2023,60,4312244,2108822,2203422,1688424,1722646,248546,287680,23376,23719,116517,133657,4286,4553,27673,31167,1711527,1748347,256214,297480,37263,39378,126369,144279,7595,8248,1814044,1903277,1423933,1454685,236227,273707,14532,15526,113850,130859,3376,3617,22126,24883,1442212,1474928,241542,280744,25481,28030,122491,140034,6205,6737,294778,300145,264491,267961,12319,13973,8844,8193,2667,2798,910,936,5547,6284,269315,273419,14672,16736,11782,11348,3878,4245,1390,1511
R,9,2023,61,4312150,2103833,2208317,1695801,1739516,244420,285158,22771,23654,109159,124740,4394,4523,27288,30726,1718676,1764753,251743,294813,36469,39426,118914,135144,7763,8162,1820680,1919596,1441318,1481539,232822,272128,14315,15578,106696,122061,3519,3610,22010,24680,1459579,1501577,237912,279054,25266,28274,115259,131087,6407,6658,283153,288721,254483,257977,11598,13030,8456,8076,2463,2679,875,913,5278,6046,259097,263176,13831,15759,11203,11152,3655,4057,1356,1504
R,9,2023,62,4296817,2090375,2206442,1697138,1748012,238294,280967,22058,23506,101991,119742,4114,4235,26780,29980,1719503,1772612,245426,290177,35824,39244,111487,129767,7349,7811,1824381,1931946,1458312,1502719,227289,268417,14147,15990,99651,117169,3318,3398,21664,24253,1476187,1522379,232302,275126,25200,28777,107986,125870,6075,6417,265994,274496,238826,245293,11005,12550,7911,7516,2340,2573,796,837,5116,5727,243316,250233,13124,15051,10624,10467,3501,3897,1274,1394
R,9,2023,63,4242249,2059350,2182899,1664669,1722280,237840,280002,21681,23239,104686,123983,4155,4203,26319,29192,1686747,1746155,244777,289047,35296,38570,113932,133723,7288,7662,1799265,1913715,1431149,1481600,227020,267763,13952,15857,102383,121406,3352,3406,21409,23683,1448927,1500722,231927,274395,24942,28349,110546,129856,6002,6344,260085,269184,233520,240680,10820,12239,7729,7382,2303,2577,803,797,4910,5509,237820,245433,12850,14652,10354,10221,3386,3867,1286,1318
R,9,2023,64,4136836,1999490,2137346,1626105,1695928,226538,270563,20330,21906,97755,117331,3851,3874,24911,27744,1646934,1718788,232934,278913,33378,36919,106583,126325,6761,7024,1762588,1887965,1413283,1473028,216647,259070,13422,15028,95661,114984,3144,3178,20431,22677,1430242,1491507,221201,265203,24064,27389,103462,122854,5623,5871,236902,249381,212822,222900,9891,11493,6908,6878,2094,2347,707,696,4480,5067,216692,227281,11733,13710,9314,9530,3121,3471,1138,1153
R,9,2023,65,4072160,1960645,2111515,1600297,1682539,216184,260240,19023,21071,97643,117323,3631,3784,23867,26558,1620169,1704274,222398,268266,31724,35546,105918,125942,6379,6757,1740619,1875208,1402982,1471057,206722,249315,12711,14733,95691,115211,2962,3110,19551,21782,1419107,1488704,211122,255230,23141,26696,103013,122725,5298,5672,220026,236307,197315,211482,9462,10925,6312,6338,1952,2112,669,674,4316,4776,201062,215570,11276,13036,8583,8850,2905,3217,1081,1085
R,9,2023,66,4010617,1922093,2088524,1573752,1669220,208488,255972,18856,20383,94451,113602,3466,3608,23080,25739,1592975,1690382,214507,263681,31344,34901,102280,121491,6129,6530,1711382,1859788,1384653,1464237,199604,245450,12522,14380,92643,111638,2868,2947,19092,21136,1400401,1481413,203960,251124,22850,26485,99646,118495,5168,5436,210711,228736,189099,204983,8884,10522,6334,6003,1808,1964,598,661,3988,4603,192574,208969,10547,12557,8494,8416,2634,2996,961,1094
R,9,2023,67,3840206,1829049,2011157,1500161,1606386,195213,244859,17607,19528,91151,112148,3203,3453,21714,24783,1518310,1626725,200798,252224,29401,33541,98435,119845,5717,6232,1632624,1794246,1324057,1412152,186814,234862,11740,13884,89416,110074,2632,2904,17965,20370,1338939,1428691,190796,240257,21515,25591,95903,116775,4803,5275,196425,216911,176104,194234,8399,9997,5867,5644,1735,2074,571,549,3749,4413,179371,198034,10002,11967,7886,7950,2532,3070,914,957
R,9,2023,68,3720891,1763096,1957795,1450783,1569522,183379,232552,16703,18375,88563,110688,3028,3386,20640,23272,1467901,1588508,188675,239535,28071,31414,95452,117970,5444,6039,1577053,1749637,1283441,1382386,175511,223301,11346,13164,86939,108807,2537,2811,17279,19168,1297643,1397801,179359,228445,20905,24061,93123,115202,4639,5097,186043,208158,167342,187136,7868,9251,5357,5211,1624,1881,491,575,3361,4104,170258,190707,9316,11090,7166,7353,2329,2768,805,942
R,9,2023,69,3587541,1689814,1897727,1399044,1529346,169866,220993,15329,17335,83803,104992,2779,3167,18993,21894,1414908,1547195,174672,227454,26023,29856,90007,111627,4884,5701,1520518,1704172,1246370,1355003,162668,212580,10687,12576,82425,103228,2334,2625,16034,18160,1259649,1369608,166196,217364,19806,23135,87976,109078,4191,4828,169296,193555,152674,174343,7198,8413,4642,4759,1378,1764,445,542,2959,3734,155259,177587,8476,10090,6217,6721,2031,2549,693,873
R,9,2023,70,3421553,1602727,1818826,1334536,1474985,154933,205471,14193,16030,78772,98856,2641,2861,17652,20623,1349275,1491880,159236,211444,24232,27887,84497,105182,4650,5234,1448311,1638830,1195312,1312572,148390,197593,9946,11728,77474,97334,2245,2394,14944,17209,1207713,1326487,151521,202064,18526,21784,82621,102913,4013,4473,154416,179996,139224,162413,6543,7878,4247,4302,1298,1522,396,467,2708,3414,141562,165393,7715,9380,5706,6103,1876,2269,637,761
R,9,2023,71,3295695,1537328,1758367,1286649,1430389,143822,195174,13020,15100,75137,95982,2482,2775,16218,18947,1300153,1445958,147821,200586,22300,26259,80326,101575,4396,4957,1394612,1590365,1157684,1278672,137881,187798,9246,11133,73896,94525,2126,2325,13779,15912,1169057,1291589,140846,191892,17206,20683,78575,99445,3801,4209,142716,168002,128965,151717,5941,7376,3774,3967,1241,1457,356,450,2439,3035,131096,154369,6975,8694,5094,5576,1751,2130,595,748
R,9,2023,72,3112939,1441759,1671180,1208734,1359244,135247,187740,12277,14223,68078,89651,2187,2499,15236,17823,1221384,1373840,138968,192952,21223,24839,72832,94734,3973,4535,1307824,1512568,1087352,1216088,129737,180779,8854,10444,66976,88239,1884,2097,13021,14921,1098079,1228134,132536,184721,16574,19532,71255,92698,3473,3872,133935,158612,121382,143156,5510,6961,3423,3779,1102,1412,303,402,2215,2902,123305,145706,6432,8231,4649,5307,1577,2036,500,663
R,9,2023,73,2941552,1354681,1586871,1129018,1285459,127819,177584,11748,13458,69312,91027,2191,2378,14593,16965,1141156,1299237,131434,182596,20319,23406,73844,96104,3888,4361,1229993,1434942,1016205,1148190,122613,170831,8546,9957,68285,89697,1849,2033,12495,14234,1026532,1159619,125346,174612,15942,18491,72361,94127,3374,3748,124688,151929,112813,137269,5206,6753,3202,3501,1027,1330,342,345,2098,2731,114624,139618,6088,7984,4377,4915,1483,1977,514,613
R,9,2023,74,2840482,1303713,1536769,1096050,1256509,116344,165053,11030,12538,64741,84392,2112,2347,13436,15930,1107238,1269558,119541,169672,19048,22072,68851,88899,3699,4153,1189192,1396749,992229,1129566,111740,159015,8066,9397,63793,83233,1809,2004,11555,13534,1001792,1140547,114154,162548,15065,17717,67470,87206,3203,3597,114521,140020,103821,126943,4604,6038,2964,3141,948,1159,303,343,1881,2396,105446,129011,5387,7124,3983,4355,1381,1693,496,556
R,9,2023,75,2754560,1261696,1492864,1068297,1230603,107929,154869,10177,11843,60804,78180,1883,2181,12606,15188,1078793,1243157,111012,159116,17714,20973,64576,82487,3343,3897,1155005,1360676,971502,1110702,103603,149319,7542,8937,59946,77039,1613,1872,10799,12807,980418,1121166,105953,152533,14093,16833,63314,80817,2918,3375,106691,132188,96795,119901,4326,5550,2635,2906,858,1141,270,309,1807,2381,98375,121991,5059,6583,3621,4140,1262,1670,425,522
R,9,2023,76,2877519,1323571,1553948,1139589,1306928,102193,145614,10264,11390,56976,72900,1788,1966,12761,15150,1150334,1319578,105179,149840,18183,20739,60546,76964,3247,3597,1221865,1426849,1047014,1191236,98322,140389,7682,8734,56191,71822,1541,1690,11115,12978,1056331,1201974,100640,143668,14713,16924,59368,75429,2844,3152,101706,127099,92575,115692,3871,5225,2582,2656,785,1078,247,276,1646,2172,94003,117604,4539,6172,3470,3815,1178,1535,403,445
R,9,2023,77,2127113,963919,1163194,819762,964306,77075,114500,7748,9068,47972,61678,1568,1710,9794,11932,828007,974168,79380,117776,13581,16077,50887,65174,2762,3132,879710,1053647,743147,864778,73733,109762,5684,6834,47329,60769,1370,1482,8447,10022,750226,872973,75472,112219,10814,12847,49944,63836,2428,2750,84209,109547,76615,99528,3342,4738,2064,2234,643,909,198,228,1347,1910,77781,101195,3908,5557,2767,3230,943,1338,334,382
R,9,2023,78,1906005,851544,1054461,721980,872007,69809,106156,6852,8311,42871,55645,1333,1554,8699,10788,729264,880937,71869,109119,12004,14673,45464,58774,2452,2833,775941,954761,653072,781172,66917,102043,5094,6275,42256,54823,1145,1338,7457,9110,659262,788642,68465,104268,9583,11764,44569,57575,2142,2465,75603,99700,68908,90835,2892,4113,1758,2036,615,822,188,216,1242,1678,70002,92295,3404,4851,2421,2909,895,1199,310,368
R,9,2023,79,1825866,809295,1016571,690350,847159,63599,98499,6320,7644,39785,51539,1175,1391,8066,10339,697134,855721,65443,101416,11163,13798,42155,54449,2194,2644,742116,924693,629035,763332,60917,94844,4780,5778,39311,50753,1034,1199,7039,8787,634919,770545,62347,97075,9094,11140,41446,53318,1950,2320,67179,91878,61315,83827,2682,3655,1540,1866,474,786,141,192,1027,1552,62215,85176,3096,4341,2069,2658,709,1131,244,324
R,9,2023,80,1830068,804462,1025606,694802,866405,59361,94931,5802,7294,35947,45917,1060,1220,7490,9839,701160,874618,61042,97596,10415,13262,37997,48587,2000,2370,742677,938575,638280,787063,56951,91348,4492,5510,35469,45253,938,1052,6547,8349,643836,793995,58239,93330,8627,10729,37288,47586,1773,2080,61785,87031,56522,79342,2410,3583,1310,1784,478,664,122,168,943,1490,57324,80623,2803,4266,1788,2533,709,1001,227,290
R,9,2023,81,1555417,675293,880124,578089,736907,51141,83270,5098,6380,33397,44038,887,1134,6681,8395,583679,743891,52687,85554,9183,11469,35317,46354,1678,2073,621221,802965,528619,666261,49037,80251,3952,4839,33007,43444,773,959,5833,7211,533481,672213,50233,82001,7587,9321,34730,45501,1475,1801,54072,77159,49470,70646,2104,3019,1146,1541,390,594,114,175,848,1184,50198,71678,2454,3553,1596,2148,587,853,203,272
R,9,2023,82,1360825,582272,778553,497176,650247,44302,74967,4554,5643,29639,39107,807,965,5794,7624,502066,656592,45594,77019,8057,10264,31352,41249,1507,1835,533963,708952,452943,586421,42443,72256,3540,4368,29287,38563,717,818,5033,6526,457176,591822,43419,73834,6659,8418,30810,40439,1338,1588,48309,69601,44233,63826,1859,2711,1014,1275,352,544,90,147,761,1098,44890,64770,2175,3185,1398,1846,542,810,169,247
R,9,2023,83,1214026,510724,703302,433037,584321,39913,69267,4072,5245,27691,36621,760,940,5251,6908,437425,590068,41111,71166,7184,9345,29320,38559,1398,1765,466458,638004,392486,524571,38221,66620,3132,4016,27339,36118,666,775,4614,5904,396331,529438,39154,68077,5900,7596,28815,37840,1246,1505,44266,65298,40551,59750,1692,2647,940,1229,352,503,94,165,637,1004,41094,60630,1957,3089,1284,1749,505,719,152,260
R,9,2023,84,1086306,451276,635030,384170,530519,34307,60763,3443,4597,24273,32093,584,846,4499,6212,387982,535677,35345,62421,6098,8278,25615,33879,1136,1609,412174,576195,348359,476607,32751,58386,2651,3516,23996,31646,500,726,3917,5314,351656,481014,33547,59629,5005,6743,25202,33212,1003,1387,39102,58835,35811,53912,1556,2377,792,1081,277,447,84,120,582,898,36326,54663,1798,2792,1093,1535,413,667,133,222
R,9,2023,85,990610,404536,586074,344934,490742,30009,55194,3097,4309,21801,29546,580,770,4115,5513,348406,495341,30950,56695,5545,7519,23047,31148,1054,1417,369792,532260,313043,441459,28704,53004,2430,3340,21532,29157,500,623,3583,4677,316052,445334,29417,54141,4609,6145,22652,30556,918,1186,34744,53814,31891,49283,1305,2190,667,969,269,389,80,147,532,836,32354,50007,1533,2554,936,1374,395,592,136,231
R,9,2023,86,859793,344930,514863,293489,430149,25738,48697,2630,3698,19023,26622,486,677,3564,5020,296542,434335,26558,50069,4731,6582,20114,28087,888,1297,314601,467075,265615,386327,24585,46799,2054,2846,18810,26235,421,560,3116,4308,268271,389892,25206,47857,3938,5382,19791,27533,782,1111,30329,47788,27874,43822,1153,1898,576,852,213,387,65,117,448,712,28271,44443,1352,2212,793,1200,323,554,106,186
R,9,2023,87,759844,299807,460037,254658,384186,22592,44018,2306,3286,16728,23592,420,565,3103,4390,257271,387832,23291,45238,4091,5855,17709,24850,804,1059,273194,417627,230172,345201,21552,42374,1820,2535,16547,23280,367,486,2736,3751,232470,348292,22091,43311,3421,4769,17440,24398,710,926,26613,42410,24486,38985,1040,1644,486,751,181,312,53,79,367,639,24801,39540,1200,1927,670,1086,269,452,94,133
R,9,2023,88,674472,260304,414168,221521,346422,19253,39122,1984,2972,14517,21141,365,498,2664,4013,223757,349733,19862,40194,3508,5285,15352,22339,720,976,237166,375880,200156,311250,18414,37642,1566,2259,14348,20852,327,415,2355,3462,202127,314092,18897,38476,2940,4301,15097,21912,651,831,23138,38288,21365,35172,839,1480,418,713,169,289,38,83,309,551,21630,35641,965,1718,568,984,255,427,69,145
R,9,2023,89,563403,213498,349905,181470,292675,15663,32895,1589,2423,12182,18129,335,432,2259,3351,183401,295489,16180,33810,2848,4326,12916,19154,612,828,194641,318135,164034,263430,15008,31693,1247,1844,12049,17881,291,378,2012,2909,165753,265863,15420,32408,2389,3526,12711,18792,544,729,18857,31770,17436,29245,655,1202,342,579,133,248,44,54,247,442,17648,29626,760,1402,459,800,205,362,68,99
R,9,2023,90,485604,179433,306171,152708,256017,12846,28239,1361,2093,10385,16528,268,366,1865,2928,154280,258443,13267,29025,2391,3768,11014,17394,500,750,164064,279150,138502,231078,12288,27214,1087,1646,10282,16333,237,321,1668,2558,139905,233186,12628,27838,2019,3141,10861,17110,446,666,15369,27021,14206,24939,558,1025,274,447,103,195,31,45,197,370,14375,25257,639,1187,372,627,153,284,54,84
R,9,2023,91,421837,151387,270450,129265,227207,10484,24134,1102,1795,8716,14377,228,316,1592,2621,130617,229390,10865,24862,1981,3292,9235,15131,440,647,138397,246791,117205,205333,10059,23265,870,1408,8620,14212,201,281,1442,2292,118427,207233,10382,23861,1668,2740,9102,14882,394,570,12990,23659,12060,21874,425,869,232,387,96,165,27,35,150,329,12190,22157,483,1001,313,552,133,249,46,77
R,9,2023,92,354840,124267,230573,106684,194975,8112,19573,881,1491,7099,12144,181,253,1310,2137,107794,196754,8410,20172,1597,2710,7553,12770,350,513,113504,210816,96672,176700,7774,18860,689,1152,7038,12017,163,221,1168,1866,97662,178244,8015,19340,1331,2242,7448,12571,313,453,10763,19757,10012,18275,338,713,192,339,61,127,18,32,142,271,10132,18510,395,832,266,468,105,199,37,60
R,9,2023,93,299366,101262,198104,86471,166635,6735,16983,751,1276,6073,11073,157,238,1075,1899,87380,168222,6984,17499,1355,2354,6420,11629,300,479,92469,181128,78282,150880,6452,16402,602,1006,6027,10965,143,209,963,1666,79098,152263,6656,16808,1146,1976,6344,11463,273,422,8793,16976,8189,15755,283,581,149,270,46,108,14,29,112,233,8282,15959,328,691,209,378,76,166,27,57
R,9,2023,94,233959,76030,157929,64966,133071,4843,13351,576,975,4661,8770,118,202,866,1560,65692,134352,5048,13811,1076,1856,4935,9217,228,403,69518,144871,58940,120992,4624,12890,463,771,4619,8671,106,180,766,1367,59583,122112,4790,13262,912,1555,4863,9071,200,358,6512,13058,6026,12079,219,461,113,204,42,99,12,22,100,193,6109,12240,258,549,164,301,72,146,28,45
R,9,2023,95,186933,58276,128657,49675,108314,3695,10769,447,822,3693,7278,74,149,692,1325,50256,109412,3852,11142,835,1576,3920,7662,170,329,53459,118447,45192,98921,3541,10390,364,651,3670,7190,65,131,627,1164,45717,99874,3675,10693,720,1326,3880,7537,151,294,4817,10210,4483,9393,154,379,83,171,23,88,9,18,65,161,4539,9538,177,449,115,250,40,125,19,35
R,9,2023,96,143466,43047,100419,36455,84398,2749,8373,316,657,2939,5845,60,116,528,1030,36897,85255,2880,8655,604,1261,3112,6133,129,246,39653,92859,33281,77425,2654,8089,268,534,2918,5787,54,102,478,922,33682,78190,2765,8322,532,1086,3075,6046,115,216,3394,7560,3174,6973,95,284,48,123,21,58,6,14,50,108,3215,7065,115,333,72,175,37,87,14,30
R,9,2023,97,106684,30695,75989,25825,63670,2014,6355,244,494,2159,4575,42,101,411,794,26167,64332,2125,6588,468,947,2290,4791,99,201,28288,70448,23594,58545,1942,6155,204,407,2145,4536,38,91,365,714,23897,59142,2027,6350,406,819,2263,4732,87,180,2407,5541,2231,5125,72,200,40,87,14,39,4,10,46,80,2270,5190,98,238,62,128,27,59,12,21
R,9,2023,98,77259,21110,56149,17583,46722,1366,4678,174,372,1671,3644,28,80,288,653,17823,47260,1439,4880,330,733,1770,3825,70,162,19515,52198,16117,43071,1317,4533,145,306,1660,3618,25,74,251,596,16328,43564,1370,4711,284,642,1747,3780,61,147,1595,3951,1466,3651,49,145,29,66,11,26,3,6,37,57,1495,3696,69,169,46,91,23,45,9,15
R,9,2023,99,54028,14217,39811,11637,33018,962,3309,119,278,1268,2708,21,52,210,446,11811,33382,1021,3446,236,539,1340,2832,45,110,13152,37147,10650,30545,929,3213,102,240,1259,2690,19,47,193,412,10810,30880,980,3335,210,483,1327,2805,40,102,1065,2664,987,2473,33,96,17,38,9,18,2,5,17,34,1001,2502,41,111,26,56,13,27,5,8
R,9,2023,100,94395,22492,71903,17688,57850,1531,6264,222,549,2588,6125,42,120,421,995,18030,58647,1656,6601,446,1106,2733,6395,112,268,20975,67683,16298,53959,1480,6107,198,489,2573,6097,38,111,388,920,16617,54693,1591,6409,406,1012,2705,6344,97,247,1517,4220,1390,3891,51,157,24,60,15,28,4,9,33,75,1413,3954,65,192,40,94,28,51,15,21
R,10,2023,999,337703191,167146459,170556732,126278025,127104027,22204907,23971487,2338752,2282601,10647554,11483427,466110,452759,5211111,5262431,130942496,131790540,24618255,26452863,3787817,3786576,12599921,13418683,910264,898287,133424402,137633829,97045053,98600960,20451125,22179965,1200699,1234810,10285525,11123071,333707,327666,4108293,4167357,100721898,102309847,22332962,24125043,2202840,2297495,11937485,12759547,679559,676194,33722057,32922903,29232972,28503067,1753782,1791522,1138053,1047791,362029,360356,132403,125093,1102818,1095074,30220598,29480693,2285293,2327820,1584977,1489081,662436,659136,230705,222093
R,10,2023,0,3626322,1852363,1773959,1273331,1216961,298847,289637,36342,35187,110268,103714,7967,7592,125608,120868,1388841,1328078,368312,356610,59811,57896,156705,148217,16586,15816,1321254,1261421,845450,804492,258066,250104,12034,11533,101881,95862,4368,4014,99455,95416,937433,892709,313868,303756,26771,25729,140201,132503,10601,9950,531109,512538,427881,412469,40781,39533,24308,23654,8387,7852,3599,3578,26153,25452,451408,435369,54444,52854,33040,32167,16504,15714,5985,5866
R,10,2023,1,3710941,1894451,1816490,1297927,1241980,305574,296675,37047,35764,117118,110635,8201,7825,128584,123611,1416151,1355606,376519,364970,61065,58963,164826,156358,17021,16225,1352218,1293634,861353,821181,263863,256474,12227,11666,108488,102440,4595,4226,101692,97647,955376,911432,320728,311169,27238,26132,147910,140208,10976,10308,542233,522856,436574,420799,41711,40201,24820,24098,8630,8195,3606,3599,26892,25964,460775,444174,55791,53801,33827,32831,16916,16150,6045,5917
R,10,2023,2,3681204,1881372,1799832,1287141,1227215,307052,298146,35355,34086,116954,110812,7430,6970,127440,122603,1404307,1339905,377313,365801,59163,57047,164282,156266,16160,15297,1366499,1302305,872413,826169,267667,260036,12352,11873,109059,103142,4306,4076,100702,97009,965509,915810,323895,314269,27190,26222,148206,140794,10629,10122,514873,497527,414728,401046,39385,38110,23003,22213,7895,7670,3124,2894,26738,25594,438798,424095,53418,51532,31973,30825,16076,15472,5531,5175
R,10,2023,3,3757274,1920444,1836830,1319390,1258626,308153,298791,36681,35205,122619,116117,7196,6842,126405,121249,1435621,1370106,377990,365845,60171,57804,169523,161021,15844,15051,1403835,1340514,900558,856003,270691,262829,13383,12916,114592,108431,4428,4091,100183,96244,993169,944953,326708,316716,28111,27110,153507,145748,10735,10100,516609,496316,418832,402623,37462,35962,23298,22289,8027,7686,2768,2751,26222,25005,442452,425153,51282,49129,32060,30694,16016,15273,5109,4951
R,10,2023,4,3835921,1958727,1877194,1352681,1292377,308813,301517,37759,36118,125808,119191,7522,7035,126144,120956,1468594,1403522,378320,368352,61224,58763,172807,163979,16189,15244,1438634,1374957,930374,883670,271798,265930,14108,13734,117581,111362,4668,4350,100105,95911,1022809,972232,327518,319562,28901,27973,156703,148580,11056,10389,520093,502237,422307,408707,37015,35587,23651,22384,8227,7829,2854,2685,26039,25045,445785,431290,50802,48790,32323,30790,16104,15399,5133,4855
R,10,2023,5,3900163,1992399,1907764,1377436,1314430,312232,305178,38528,36642,128727,121911,7610,7083,127866,122520,1494925,1426993,382580,372825,62391,59660,176376,167247,16384,15399,1464981,1400112,947994,900630,275576,269887,14291,13804,120610,114141,4771,4419,101739,97231,1041928,990381,332166,324203,29356,28288,160381,151901,11243,10549,527418,507652,429442,413800,36656,35291,24237,22838,8117,7770,2839,2664,26127,25289,452997,436612,50414,48622,33035,31372,15995,15346,5141,4850
R,10,2023,6,3983120,2038085,1945035,1411480,1342779,316113,308120,37924,36199,135340,127308,7752,7242,129476,123387,1530395,1456143,386571,375943,62238,59530,184140,173074,16786,15707,1502239,1429368,970723,919134,280562,273532,15258,14433,127428,119674,5004,4596,103264,97999,1065977,1009580,337301,328018,30736,29185,168302,157816,11745,10835,535846,515667,440757,423645,35551,34588,22666,21766,7912,7634,2748,2646,26212,25388,464418,446563,49270,47925,31502,30345,15838,15258,5041,4872
R,10,2023,7,4099468,2094473,2004995,1465796,1396927,317036,310867,37506,36141,135605,128287,7694,7333,130836,125440,1586014,1512233,387746,379132,62475,60164,184983,175103,16854,16004,1544697,1476130,1010723,959205,281589,276342,15807,15367,127538,120718,4905,4694,104135,99804,1106838,1051376,338431,331235,31728,30682,168802,159804,11700,11111,549776,528865,455073,437722,35447,34525,21699,20774,8067,7569,2789,2639,26701,25636,479176,460857,49315,47897,30747,29482,16181,15299,5154,4893
R,10,2023,8,4136970,2113674,2023296,1482237,1413298,321585,314300,36565,35688,135055,127483,7536,7378,130696,125149,1602350,1528317,392111,382413,61664,59730,184268,174114,16688,16028,1562558,1490554,1023754,971125,286218,279622,16267,15447,127264,119993,4823,4707,104232,99660,1119969,1063138,342941,334458,32396,30784,168495,158971,11653,11151,551116,532742,458483,442173,35367,34678,20298,20241,7791,7490,2713,2671,26464,25489,482381,465179,49170,47955,29268,28946,15773,15143,5035,4877
R,10,2023,9,4144885,2121025,2023860,1489418,1414548,323317,315020,36776,35770,134461,127360,7305,7076,129748,124086,1608663,1528604,393063,382590,61826,59723,183445,173415,16500,15702,1572427,1497177,1033181,977245,287417,280120,16538,15928,127006,120285,4750,4620,103535,98979,1128768,1068632,343480,334601,32708,31337,168089,158802,11606,11058,548598,526683,456237,437303,35900,34900,20238,19842,7455,7075,2555,2456,26213,25107,479895,459972,49583,47989,29118,28386,15356,14613,4894,4644
R,10,2023,10,4106624,2099636,2006988,1473837,1404788,321668,313001,36878,35338,132669,125418,7128,6908,127456,121535,1590901,1516330,389797,378918,61596,59045,181051,170745,16329,15521,1557770,1485095,1022757,970138,286408,279071,16686,15994,125478,118476,4675,4467,101766,96949,1116647,1059524,341227,332218,32675,31324,166059,156352,11494,10798,541866,521893,451080,434650,35260,33930,20192,19344,7191,6942,2453,2441,25690,24586,474254,456806,48570,46700,28921,27721,14992,14393,4835,4723
R,10,2023,11,4115326,2104515,2010811,1481743,1412376,321549,311166,37394,36149,131153,124174,7029,6798,125647,120148,1597087,1522647,388708,375980,62118,59869,178627,169023,16107,15402,1558830,1484565,1026335,973003,286979,277928,16771,16158,124028,117434,4584,4398,100133,95644,1118662,1061184,340918,330017,32774,31491,163789,154896,11309,10753,545685,526246,455408,439373,34570,33238,20623,19991,7125,6740,2445,2400,25514,24504,478425,461463,47790,45963,29344,28378,14838,14127,4798,4649
R,10,2023,12,4166944,2137474,2029470,1513614,1433501,325957,314381,36902,35416,127601,119906,6964,6652,126436,119614,1629732,1543269,393747,378745,62030,59388,174949,164450,16078,15242,1577108,1493222,1042297,982982,292125,281674,17133,16140,120623,113355,4520,4284,100410,94787,1134913,1070362,346468,333203,33359,31548,160115,150435,11248,10583,560366,536248,471317,450519,33832,32707,19769,19276,6978,6551,2444,2368,26026,24827,494819,472907,47279,45542,28671,27840,14834,14015,4830,4659
R,10,2023,13,4230663,2167294,2063369,1545154,1466160,328323,316142,35995,34457,124925,119225,6685,6476,126212,120909,1661292,1577271,395881,381347,61474,59093,171610,163564,15700,15033,1592588,1512624,1056512,998051,296321,284964,17260,16823,118299,113039,4487,4293,99709,95454,1148657,1086133,350193,336902,33570,32619,157147,149983,11129,10586,574706,550745,488642,468109,32002,31178,18735,17634,6626,6186,2198,2183,26503,25455,512635,491138,45688,44445,27904,26474,14463,13581,4571,4447
R,10,2023,14,4295215,2198427,2096788,1574816,1494217,333542,323560,36034,34584,123198,118319,6842,6607,123995,119501,1688852,1604045,400005,388518,61133,58525,168921,161661,15452,14988,1617016,1539952,1078696,1019740,301346,292036,17869,17218,116661,112157,4722,4419,97722,94382,1168940,1106836,354461,343957,33765,32464,154668,148329,11059,10566,581411,556836,496120,474477,32196,31524,18165,17366,6537,6162,2120,2188,26273,25119,519912,497209,45544,44561,27368,26061,14253,13332,4393,4422
R,10,2023,15,4475614,2293374,2182240,1646441,1558462,349159,338180,37406,35560,128331,122620,6901,6679,125136,120739,1761342,1669394,416544,404096,62466,59912,174018,166018,15886,14979,1687248,1606500,1127667,1066259,315602,306231,18408,17830,121699,116347,4700,4481,99172,95352,1219035,1154182,369805,359186,34462,33238,159858,152475,11363,10588,606126,575740,518774,492203,33557,31949,18998,17730,6632,6273,2201,2198,25964,25387,542307,515212,46739,44910,28004,26674,14160,13543,4523,4391
R,10,2023,16,4511724,2311369,2200355,1666132,1579842,349523,338357,38404,36665,128167,121466,6878,6847,122265,117178,1778434,1687294,414954,401827,63718,60802,172561,163520,15671,15217,1698832,1617382,1141169,1080525,316170,306345,18639,18232,121630,115293,4695,4579,96529,92408,1230178,1165554,368647,357259,34773,33491,158517,150285,11176,10721,612537,582973,524963,499317,33353,32012,19765,18433,6537,6173,2183,2268,25736,24770,548256,521740,46307,44568,28945,27311,14044,13235,4495,4496
R,10,2023,17,4449758,2279259,2170499,1648988,1563547,340594,330182,38311,35981,127651,122348,6779,6589,116936,111852,1756267,1666118,402348,389902,62910,59358,170710,162977,15198,14523,1680018,1600484,1135108,1074217,308554,299219,18350,17796,121126,116402,4634,4434,92246,88416,1220028,1155544,357977,347344,33911,32652,157163,150323,10852,10287,599241,570015,513880,489330,32040,30963,19961,18185,6525,5946,2145,2155,24690,23436,536239,510574,44371,42558,28999,26706,13547,12654,4346,4236
R,10,2023,18,4418589,2261273,2157316,1641629,1555173,331760,322924,38055,35932,131818,129452,6933,6818,111078,107017,1743445,1653066,389655,379176,61971,58784,172917,168789,14822,14472,1673025,1600119,1136352,1075422,300501,293325,18119,17720,125761,123726,4768,4789,87524,85137,1216859,1153517,346851,338836,33220,32358,160161,156845,10579,10506,588248,557197,505277,479751,31259,29599,19936,18212,6057,5726,2165,2029,23554,21880,526586,499549,42804,40340,28751,26426,12756,11944,4243,3966
R,10,2023,19,4419167,2260467,2158700,1644841,1559468,327402,319547,37569,34603,136639,135149,6911,6608,107105,103325,1742834,1653930,382332,372966,60956,57142,176902,173538,14788,14129,1684929,1613239,1149039,1088689,297543,291015,18002,17288,130589,129403,4826,4700,84930,82144,1226993,1163976,341534,334124,33064,31937,164576,161774,10757,10298,575538,545461,495802,470779,29859,28532,19567,17315,6050,5746,2085,1908,22175,21181,515841,489954,40798,38842,27892,25205,12326,11764,4031,3831
R,10,2023,20,4411538,2255399,2156139,1646610,1560549,324339,318680,37022,34170,137673,136557,6797,6480,102958,99703,1740698,1651623,376734,369768,60159,56480,176124,173786,14416,13773,1688840,1617583,1158155,1094649,294699,290989,17651,17067,131864,131005,4768,4663,81703,79210,1233066,1167227,336885,332078,32606,31648,164253,162327,10454,10186,566559,538556,488455,465900,29640,27691,19371,17103,5809,5552,2029,1817,21255,20493,507632,484396,39849,37690,27553,24832,11871,11459,3962,3587
R,10,2023,21,4403384,2249522,2153862,1641626,1558736,327754,323160,36770,34004,138080,135147,6617,6459,98675,96356,1731606,1646389,377523,372633,59670,56467,174769,170366,14042,13586,1689734,1621404,1157755,1097422,298684,295786,17869,17201,132422,129824,4742,4657,78262,76514,1229294,1167270,338797,335585,32687,31912,163300,159440,10381,10062,559788,532458,483871,461314,29070,27374,18901,16803,5658,5323,1875,1802,20413,19842,502312,479119,38726,37048,26983,24555,11469,10926,3661,3524
R,10,2023,22,4450426,2271568,2178858,1651837,1573133,333176,328231,36004,34105,146366,142466,6442,6297,97743,94626,1740669,1659289,382500,376433,59209,56626,182639,177085,13790,13422,1718250,1652327,1173299,1116783,304182,301177,17900,17443,140792,137187,4610,4461,77467,75276,1243822,1185515,343757,340057,33103,32339,171431,166446,10154,9880,553318,526531,478538,456350,28994,27054,18104,16662,5574,5279,1832,1836,20276,19350,496847,473774,38743,36376,26106,24287,11208,10639,3636,3542
R,10,2023,23,4488530,2289967,2198563,1658671,1578849,340822,337125,36526,34761,152144,148903,6497,6264,95307,92661,1745428,1662790,388614,384215,59918,57283,187120,182714,13627,13314,1739090,1673795,1181425,1124193,312430,309987,18333,17694,146603,143636,4748,4435,75551,73850,1250293,1191255,350750,347999,33707,32786,176216,172174,10188,9787,550877,524768,477246,454656,28392,27138,18193,17067,5541,5267,1749,1829,19756,18811,495135,471535,37864,36216,26211,24497,10904,10540,3439,3527
R,10,2023,24,4408917,2247100,2161817,1631716,1557738,332040,327593,35646,34221,149173,146684,6474,6056,92051,89525,1715290,1638630,378146,373251,58674,56663,182426,178821,13680,12911,1713504,1651192,1169295,1115079,304642,301226,18042,17754,143762,141578,4757,4298,73006,71257,1235701,1179560,341718,338069,33396,32918,171810,168605,10245,9522,533596,510625,462421,442659,27398,26367,17604,16467,5411,5106,1717,1758,19045,18268,479589,459070,36428,35182,25278,23745,10616,10216,3435,3389
R,10,2023,25,4415204,2245571,2169633,1628066,1558322,334001,330933,35368,34037,151566,152320,6502,6169,90068,87852,1709471,1637967,378788,375130,58298,56450,184049,183661,13572,12826,1718592,1663951,1171231,1119651,307067,304997,17907,17595,146131,147111,4724,4373,71532,70224,1235952,1183426,343086,340790,33242,32888,173623,173609,10189,9527,526979,505682,456835,438671,26934,25936,17461,16442,5435,5209,1778,1796,18536,17628,473519,454541,35702,34340,25056,23562,10426,10052,3383,3299
R,10,2023,26,4393147,2229140,2164007,1616689,1551672,329857,328657,34398,33360,155482,159289,6381,6104,86333,84925,1694845,1628330,371989,370588,56969,55729,187018,189910,13080,12654,1709934,1665611,1165437,1118387,303879,303777,17526,17446,150260,154127,4656,4424,68176,67450,1227268,1179284,337406,337366,32633,32681,176886,180089,9808,9469,519206,498396,451252,433285,25978,24880,16872,15914,5222,5162,1725,1680,18157,17475,467577,449046,34583,33222,24336,23048,10132,9821,3272,3185
R,10,2023,27,4425952,2243544,2182408,1627882,1562730,328972,330142,34649,32846,160523,167208,6542,6175,84976,83307,1704671,1637661,369562,370785,57608,55278,191596,197515,13317,12907,1726467,1686226,1178458,1130726,303157,305742,17669,17152,155333,161983,4771,4516,67079,66107,1239150,1190224,335399,338316,32973,32328,181745,187633,10018,9782,517077,496182,449424,432004,25815,24400,16980,15694,5190,5225,1771,1659,17897,17200,465521,447437,34163,32469,24635,22950,9851,9882,3299,3125
R,10,2023,28,4503674,2282603,2221071,1650974,1585380,343168,342284,34969,33344,163505,172204,6605,6574,83382,81285,1725859,1658245,382515,381748,58233,55824,194151,201577,13455,13343,1761635,1720327,1197678,1149541,316805,316821,18159,17684,158314,166979,4806,4833,65873,64469,1256775,1207384,348045,348251,33985,33117,184391,191872,10140,10129,520968,500744,453296,435839,26363,25463,16810,15660,5191,5225,1799,1741,17509,16816,469084,450861,34470,33497,24248,22707,9760,9705,3315,3214
R,10,2023,29,4558448,2309695,2248753,1661719,1596410,357335,356435,34945,33880,167989,175618,6607,6710,81100,79700,1734139,1667454,394862,394382,58482,56922,197852,204481,13654,13397,1788817,1750571,1208116,1162788,330853,331225,18339,17870,162781,170487,4859,4942,63869,63259,1265062,1219135,360465,361495,34396,33867,188196,194982,10355,10194,520878,498182,453603,433622,26482,25210,16606,16010,5208,5131,1748,1768,17231,16441,469077,448319,34397,32887,24086,23055,9656,9499,3299,3203
R,10,2023,30,4660858,2363527,2297331,1697272,1626204,372455,370454,36332,35031,173094,181587,7011,6690,77363,77365,1766066,1694871,407368,406679,59084,58091,202283,209714,13837,13401,1836033,1796454,1237167,1189850,345449,344964,19194,18975,168043,176349,5128,4948,61052,61368,1291448,1244304,372867,373622,34840,35103,192932,200311,10489,10178,527494,500877,460105,436354,27006,25490,17138,16056,5051,5238,1883,1742,16311,15997,474618,450567,34501,33057,24244,22988,9351,9403,3348,3223
R,10,2023,31,4744634,2402680,2341954,1727004,1660239,377569,376400,37929,35519,177284,186997,7072,6854,75822,75945,1794117,1727409,410476,410620,61269,58428,206136,215558,13909,13612,1868864,1836691,1261809,1219906,350000,350267,20177,19478,172209,181738,5145,5037,59524,60265,1314402,1273164,375459,377158,36213,35561,196959,206200,10546,10297,533816,505263,465195,440333,27569,26133,17752,16041,5075,5259,1927,1817,16298,15680,479715,454245,35017,33462,25056,22867,9177,9358,3363,3315
R,10,2023,32,4829859,2435444,2394415,1749500,1693692,381836,387855,37960,34916,185533,195229,7881,7220,72734,75503,1812898,1759489,412777,421807,60365,57321,214200,224755,15115,14474,1905221,1895945,1289194,1262244,353633,359852,20087,19472,180123,189600,5757,5382,56427,59395,1338194,1313846,377162,386150,35251,34927,204536,214788,11445,11146,530223,498470,460306,431448,28203,28003,17873,15444,5410,5629,2124,1838,16307,16108,474704,445643,35615,35657,25114,22394,9664,9967,3670,3328
R,10,2023,33,4865529,2454448,2411081,1772157,1711910,377880,385258,37530,34466,190359,200427,7956,7512,68566,71508,1832029,1774572,406135,416774,58668,56234,218195,228189,14796,14250,1922890,1919074,1309958,1286247,349688,357081,19583,19212,184870,194912,5755,5633,53036,55989,1356031,1335138,370805,381280,33858,34168,208728,218615,11156,10959,531558,492007,462199,425663,28192,28177,17947,15254,5489,5515,2201,1879,15530,15519,475998,439434,35330,35494,24810,22066,9467,9574,3640,3291
R,10,2023,34,4728031,2387113,2340918,1728908,1660971,360210,371189,35967,33157,190235,202052,7990,7052,63803,66497,1784655,1718827,386044,400148,56006,53429,216066,228328,14213,13512,1876634,1872336,1284618,1255009,333386,344540,18598,18448,184998,196698,5882,5363,49152,52278,1327319,1300251,352461,366711,32004,32471,207240,219373,10852,10547,510479,468582,444290,405962,26824,26649,17369,14709,5237,5354,2108,1689,14651,14219,457336,418576,33583,33437,24002,20958,8826,8955,3361,2965
R,10,2023,35,4658436,2347719,2310717,1715988,1654276,340131,354659,35764,32199,187472,198981,7826,7133,60538,63469,1768618,1709665,364049,381889,54660,51612,212507,224231,13973,13279,1836780,1844594,1270008,1249861,314283,328475,18275,17572,182290,193785,5748,5382,46176,49519,1309957,1292933,331652,348953,30648,30935,203763,215439,10594,10287,510939,466123,445980,404415,25848,26184,17489,14627,5182,5196,2078,1751,14362,13950,458661,416732,32397,32936,24012,20677,8744,8792,3379,2992
R,10,2023,36,4553879,2301613,2252266,1696490,1621975,323230,337122,34079,30934,183371,194339,7860,6905,56583,60991,1745546,1675198,345464,363005,52146,49750,206713,218794,13760,12831,1799165,1796317,1256757,1225613,298202,311857,17135,16969,178367,189420,5631,5147,43073,47311,1293787,1266699,314236,331191,29016,29778,198435,210470,10368,9884,502448,455949,439733,396362,25028,25265,16944,13965,5004,4919,2229,1758,13510,13680,451759,408499,31228,31814,23130,19972,8278,8324,3392,2947
R,10,2023,37,4562709,2308557,2254152,1713639,1634537,316055,330858,33666,30699,182587,192971,7834,7026,54776,58061,1761328,1684889,337004,355036,51110,49395,205390,216099,13619,12768,1802616,1798709,1270142,1237912,291020,305651,16856,16675,177489,188152,5591,5237,41518,45082,1306092,1276782,305834,323750,28300,29548,197004,208029,10191,9855,505941,455443,443497,396625,25035,25207,16810,14024,5098,4819,2243,1789,13258,12979,455236,408107,31170,31286,22810,19847,8386,8070,3428,2913
R,10,2023,38,4563085,2306703,2256382,1720918,1640792,310792,328118,33132,30148,180516,193165,7777,7101,53568,57058,1767405,1690372,331084,351174,50921,48685,202494,216236,13398,12900,1799544,1801338,1275846,1243888,286439,303380,16130,16407,175529,188338,5509,5403,40091,43922,1310330,1281837,300620,320161,27637,29146,194347,208113,9990,10084,507159,455044,445072,396904,24353,24738,17002,13741,4987,4827,2268,1698,13477,13136,457075,408535,30464,31013,23284,19539,8147,8123,3408,2816
R,10,2023,39,4478593,2257903,2220690,1688150,1617577,298755,319248,32454,29806,179771,192158,7503,6778,51270,55123,1732708,1665343,317717,341014,49585,48115,201034,214801,13074,12481,1761991,1770089,1252415,1224065,275244,295124,15996,16058,174769,187524,5313,5095,38254,42223,1285390,1260475,288357,310805,27087,28550,192893,206884,9723,9639,495912,450601,435735,393512,23511,24124,16458,13748,5002,4634,2190,1683,13016,12900,447318,404868,29360,30209,22498,19565,8141,7917,3351,2842
R,10,2023,40,4483102,2259567,2223535,1695919,1622631,296753,318606,32786,30064,176596,190920,7481,6872,50032,54442,1739284,1669688,315218,339812,49759,48616,197260,213062,12839,12578,1763261,1770617,1259381,1227227,273243,294179,15976,16047,171709,186304,5413,5169,37539,41691,1291646,1263007,286036,309518,27171,28751,189323,205250,9658,9738,496306,452918,436538,395404,23510,24427,16810,14017,4887,4616,2068,1703,12493,12751,447638,406681,29182,30294,22588,19865,7937,7812,3181,2840
R,10,2023,41,4511034,2271218,2239816,1709651,1638275,297088,321389,32632,29639,174738,190024,7513,6958,49596,53531,1752652,1684488,315320,342442,49762,48106,194998,211496,12915,12559,1770817,1779620,1269216,1235686,273556,296681,15897,15821,169825,185182,5328,5176,36995,41074,1300999,1270920,286132,311958,27152,28571,186976,203498,9628,9678,500401,460196,440435,402589,23532,24708,16735,13818,4913,4842,2185,1782,12601,12457,451653,413568,29188,30484,22610,19535,8022,7998,3287,2881
R,10,2023,42,4425169,2224508,2200661,1682732,1616368,290115,315068,31260,28895,165157,182123,7271,6401,47973,51806,1724114,1661112,307535,335528,48231,46974,184607,202594,12533,11854,1741624,1751034,1257360,1222761,267632,291119,15129,15571,160449,177401,5177,4690,35877,39492,1288051,1256652,279678,305822,26352,27976,176954,194864,9346,9046,482884,449627,425372,393607,22483,23949,16131,13324,4708,4722,2094,1711,12096,12314,436063,404460,27857,29706,21879,18998,7653,7730,3187,2808
R,10,2023,43,4440798,2232871,2207927,1687812,1618026,296649,323712,31706,28755,161678,179240,7376,6583,47650,51611,1728930,1662521,314107,344126,48827,47111,180831,199370,12700,12131,1738976,1754522,1252439,1220866,273921,299400,15402,15550,156806,174549,5168,4893,35240,39264,1282559,1254407,285825,314012,26674,28213,172892,191690,9394,9389,493895,453405,435373,397160,22728,24312,16304,13205,4872,4691,2208,1690,12410,12347,446371,408114,28282,30114,22153,18898,7939,7680,3306,2742
R,10,2023,44,4252024,2130351,2121673,1613225,1555601,281384,310736,29637,27392,155182,173412,6522,6171,44401,48361,1651613,1597183,297458,329828,45727,44684,172919,192374,11439,11186,1669050,1690757,1206385,1178401,260023,287477,14578,14766,150749,169056,4607,4584,32708,36473,1234397,1209490,270899,300852,25110,26668,165674,185120,8471,8616,461301,430916,406840,377200,21361,23259,15059,12626,4433,4356,1915,1587,11693,11888,417216,387693,26559,28976,20617,18016,7245,7254,2968,2570
R,10,2023,45,4137459,2071014,2066445,1574454,1518961,269924,299569,28295,26768,149812,169039,6291,5816,42238,46292,1610792,1558776,285233,317455,43829,43669,166595,187160,10771,10606,1620612,1642730,1176125,1147944,249372,276884,13958,14250,145523,164621,4520,4243,31114,34788,1202564,1177584,259732,289389,24195,25791,159646,180005,8074,8083,450402,423715,398329,371017,20552,22685,14337,12518,4289,4418,1771,1573,11124,11504,408228,381192,25501,28066,19634,17878,6949,7155,2697,2523
R,10,2023,46,4099307,2046384,2052923,1561489,1513265,264028,295563,28282,26536,145964,166732,6099,5799,40522,45028,1596367,1551694,278448,312901,43461,43257,162068,184466,10524,10555,1601472,1630148,1167129,1141357,244467,273465,14186,14575,141601,162413,4352,4265,29737,34073,1192395,1170162,254066,285657,24254,26206,155092,177471,7828,8071,444912,422775,394360,371908,19561,22098,14096,11961,4363,4319,1747,1534,10785,10955,403972,381532,24382,27244,19207,17051,6976,6995,2696,2484
R,10,2023,47,3931902,1960333,1971569,1491794,1453875,250629,280305,27060,25092,146282,164795,5798,5486,38770,42016,1525213,1489655,263936,296200,41683,40830,161851,181532,10174,9935,1530832,1558571,1110770,1089469,231666,259215,13565,13633,142157,160550,4180,4050,28494,31654,1135025,1116112,240432,270278,23235,24519,155334,174734,7650,7654,429501,412998,381024,364406,18963,21090,13495,11459,4125,4245,1618,1436,10276,10362,390188,373543,23504,25922,18448,16311,6517,6798,2524,2281
R,10,2023,48,3944543,1966580,1977963,1500930,1460940,250063,281565,26410,25149,147353,164738,5657,5270,36167,40301,1531878,1495279,262581,296542,40269,40415,161886,180838,9593,9460,1543722,1570435,1123954,1100267,232164,261214,13258,13799,143312,160693,4109,3913,26925,30549,1146707,1126046,240567,271610,22687,24457,155652,174427,7263,7284,422858,407528,376976,360673,17899,20351,13152,11350,4041,4045,1548,1357,9242,9752,385171,369233,22014,24932,17582,15958,6234,6411,2330,2176
R,10,2023,49,3898190,1940488,1957702,1482950,1449671,245842,277254,26000,24645,145747,162503,5399,5124,34550,38505,1512394,1482293,257557,291500,39571,39543,159574,177765,9287,9137,1530496,1558892,1116353,1095279,228911,258233,13173,13520,142009,158623,3971,3836,26079,29401,1138351,1119876,236949,268253,22478,24058,153914,171772,7124,7089,409992,398810,366597,354392,16931,19021,12827,11125,3738,3880,1428,1288,8471,9104,374043,362417,20608,23247,17093,15485,5660,5993,2163,2048
R,10,2023,50,3900510,1939126,1961384,1483046,1452587,247005,279832,25386,24647,144470,161647,5229,5063,33990,37608,1511945,1484312,258248,293526,38680,39353,158359,176719,9025,8980,1542041,1572369,1127529,1106706,230783,261238,13004,13708,140930,157915,3865,3774,25930,29028,1149309,1130902,238487,270955,22321,24369,152960,170943,6982,6950,397085,389015,355517,345881,16222,18594,12382,10939,3540,3732,1364,1289,8060,8580,362636,353410,19761,22571,16359,14984,5399,5776,2043,2030
R,10,2023,51,4044037,2012765,2031272,1546778,1513401,256363,288562,26060,24709,144586,162113,5280,4962,33698,37525,1575280,1545078,267214,301892,39834,39823,158136,176961,9051,8937,1617834,1644358,1193001,1168907,240466,270227,13506,13938,140930,158409,3960,3678,25971,29199,1214693,1193243,248036,279811,23381,24954,152720,171352,7025,6971,394931,386914,353777,344494,15897,18335,12554,10771,3656,3704,1320,1284,7727,8326,360587,351835,19178,22081,16453,14869,5416,5609,2026,1966
R,10,2023,52,4279805,2133595,2146210,1661027,1620234,265983,300765,26152,25567,140589,156618,5287,4987,34557,38039,1690308,1652360,276985,314165,40617,41356,154203,171225,9241,9139,1742322,1762887,1310366,1279158,250255,282671,14126,14606,136884,152974,3927,3749,26764,29729,1332808,1303996,257922,292268,24634,26389,148718,165638,7187,7173,391273,383323,350661,341076,15728,18094,12026,10961,3705,3644,1360,1238,7793,8310,357500,348364,19063,21897,15983,14967,5485,5587,2054,1966
R,10,2023,53,4324062,2156624,2167438,1685458,1645389,267253,298564,26232,25179,138542,155600,5179,5114,33960,37592,1714195,1676889,278105,311709,40735,41174,151519,170006,9153,9329,1771946,1795713,1340634,1314623,251688,281002,14351,14678,134980,151967,3882,3890,26411,29553,1362713,1339112,259364,290575,25000,26700,146210,164393,7170,7403,384678,371725,344824,330766,15565,17562,11881,10501,3562,3633,1297,1224,7549,8039,351482,337777,18741,21134,15735,14474,5309,5613,1983,1926
R,10,2023,54,4134263,2057129,2077134,1616627,1586719,248797,279691,24531,24012,130541,147404,5019,4905,31614,34403,1643474,1615582,258491,291297,38389,39159,142637,160422,8705,8754,1693482,1723809,1290398,1271689,234138,263379,13609,14084,127194,143945,3820,3761,24323,26951,1310824,1294083,240718,271651,23757,25513,137661,155179,6840,6938,363647,353325,326229,315030,14659,16312,10922,9928,3347,3459,1199,1144,7291,7452,332650,321499,17773,19646,14632,13646,4976,5243,1865,1816
R,10,2023,55,4025064,2000232,2024832,1569960,1543768,244936,276524,24132,23356,126958,143968,4588,4683,29658,32533,1594966,1570850,253895,287469,37438,37839,138227,156152,8068,8499,1649943,1684609,1255776,1240395,230552,260485,13344,13929,123913,140782,3434,3549,22924,25469,1274871,1261307,236670,268248,23189,24923,133698,151381,6322,6734,350289,340223,314184,303373,14384,16039,10788,9427,3045,3186,1154,1134,6734,7064,320095,309543,17225,19221,14249,12916,4529,4771,1746,1765
R,10,2023,56,4011315,1985292,2026023,1569605,1556814,242797,276893,23254,23207,116606,133044,4724,4642,28306,31423,1593449,1582979,251231,287612,36317,37631,127149,144315,8015,8319,1648838,1695996,1267410,1262280,229105,261239,13214,14261,113616,130046,3581,3558,21912,24612,1285621,1282517,234819,268826,22959,25277,122752,139755,6369,6654,336454,330027,302195,294534,13692,15654,10040,8946,2990,2998,1143,1084,6394,6811,307828,300462,16412,18786,13358,12354,4397,4560,1646,1665
R,10,2023,57,4033571,1990942,2042629,1573203,1570769,247173,282134,23162,23183,114935,131091,4635,4734,27834,30718,1596348,1596271,255576,292427,36309,37644,125080,142028,8055,8350,1662459,1720120,1278362,1282944,233524,267032,13338,14408,112031,128061,3563,3691,21641,23984,1296069,1302615,239200,274295,23349,25460,120773,137439,6452,6701,328483,322509,294841,287825,13649,15102,9824,8775,2904,3030,1072,1043,6193,6734,300279,293656,16376,18132,12960,12184,4307,4589,1603,1649
R,10,2023,58,4181367,2055999,2125368,1630882,1641507,253255,291615,23876,23932,115242,131997,4726,4733,28018,31584,1654305,1667671,261466,301999,37380,39050,125352,143068,8132,8500,1731412,1804933,1339554,1355654,239773,276398,14197,15243,112353,128981,3695,3740,21840,24917,1357548,1376008,245388,283806,24426,27012,121119,138549,6553,6908,324587,320435,291328,285853,13482,15217,9679,8689,2889,3016,1031,993,6178,6667,296757,291663,16078,18193,12954,12038,4233,4519,1579,1592
R,10,2023,59,4300675,2106830,2193845,1682500,1707658,253426,293237,23753,24243,114668,132680,4525,4689,27958,31338,1705740,1733549,261327,303112,37653,39913,124685,143561,7976,8384,1797414,1881173,1404863,1428374,240470,278432,14407,15796,111972,129872,3545,3705,22157,24994,1423058,1448755,245944,285479,25230,28279,120697,139306,6442,6848,309416,312672,277637,279284,12956,14805,9346,8447,2696,2808,980,984,5801,6344,282682,284794,15383,17633,12423,11634,3988,4255,1534,1536
R,10,2023,60,4311205,2108600,2202605,1687517,1721070,248770,287861,23422,23695,116884,134179,4295,4573,27712,31227,1710658,1746851,256484,297671,37346,39335,126728,144832,7604,8285,1812339,1901065,1421809,1451863,236325,273780,14547,15492,114192,131383,3378,3626,22088,24921,1440058,1472158,241657,280834,25487,27977,122821,140578,6195,6754,296261,301540,265708,269207,12445,14081,8875,8203,2692,2796,917,947,5624,6306,270600,274693,14827,16837,11859,11358,3907,4254,1409,1531
R,10,2023,61,4307669,2101566,2206103,1692276,1736278,244461,285158,22768,23607,110330,125780,4408,4545,27323,30735,1715184,1761514,251804,294816,36431,39371,120118,136206,7791,8181,1817378,1916393,1436850,1477455,232835,272064,14277,15497,107847,123092,3520,3630,22049,24655,1455144,1497463,237931,278977,25198,28159,116449,132133,6430,6667,284188,289710,255426,258823,11626,13094,8491,8110,2483,2688,888,915,5274,6080,260040,264051,13873,15839,11233,11212,3669,4073,1361,1514
R,10,2023,62,4292967,2088387,2204580,1695584,1746308,237957,280768,22115,23567,101839,119587,4102,4235,26790,30115,1717958,1771014,245100,290075,35857,39345,111363,129645,7346,7837,1821392,1929287,1455835,1500354,226882,268185,14189,16012,99509,117013,3314,3387,21663,24336,1473709,1520080,231907,274950,25222,28823,107863,125736,6086,6427,266995,275293,239749,245954,11075,12583,7926,7555,2330,2574,788,848,5127,5779,244249,250934,13193,15125,10635,10522,3500,3909,1260,1410
R,10,2023,63,4254279,2065066,2189213,1669385,1727573,238308,280422,21692,23363,105069,124432,4188,4222,26424,29201,1691558,1751474,245305,289441,35360,38671,114314,134208,7315,7682,1803518,1918330,1434519,1485271,227482,268152,13921,15939,102746,121827,3376,3425,21474,23716,1452356,1504437,232428,274766,24942,28421,110902,130329,6012,6378,261548,270883,234866,242302,10826,12270,7771,7424,2323,2605,812,797,4950,5485,239202,247037,12877,14675,10418,10250,3412,3879,1303,1304
R,10,2023,64,4140943,2002102,2138841,1627975,1696829,226947,270879,20498,21952,97795,117395,3867,3892,25020,27894,1648911,1719802,233343,279296,33553,37026,106709,126438,6820,7061,1764115,1888570,1414165,1473209,217025,259324,13543,15042,95697,115032,3161,3190,20524,22773,1431213,1491746,221576,265509,24183,27428,103584,122939,5674,5889,237987,250271,213810,223620,9922,11555,6955,6910,2098,2363,706,702,4496,5121,217698,228056,11767,13787,9370,9598,3125,3499,1146,1172
R,10,2023,65,4066392,1957876,2108516,1597335,1678787,216362,260686,18973,21078,97722,117612,3648,3793,23836,26560,1617160,1700514,222591,268711,31657,35520,105984,126257,6388,6771,1737206,1871622,1399539,1466806,206829,249721,12635,14707,95754,115478,2971,3126,19478,21784,1415585,1484446,211221,255635,23031,26647,103043,123010,5300,5696,220670,236894,197796,211981,9533,10965,6338,6371,1968,2134,677,667,4358,4776,201575,216068,11370,13076,8626,8873,2941,3247,1088,1075
R,10,2023,66,4016068,1924715,2091353,1574870,1671180,209146,256270,18900,20447,95138,114024,3445,3627,23216,25805,1594217,1692396,215196,264011,31434,34980,103019,121954,6138,6544,1712760,1861536,1384611,1465184,200227,245717,12545,14443,93333,112077,2850,2953,19194,21162,1400450,1482388,204607,251401,22902,26544,100389,118962,5173,5429,211955,229817,190259,205996,8919,10553,6355,6004,1805,1947,595,674,4022,4643,193767,210008,10589,12610,8532,8436,2630,2992,965,1115
R,10,2023,67,3853608,1836066,2017542,1505773,1610946,196216,246068,17682,19609,91345,112514,3239,3460,21811,24945,1524002,1631446,201836,253473,29550,33715,98666,120257,5750,6267,1638876,1799946,1328974,1416152,187759,236028,11819,13903,89610,110430,2658,2914,18056,20519,1343934,1432834,191770,241457,21667,25690,96130,117178,4827,5317,197190,217596,176799,194794,8457,10040,5863,5706,1735,2084,581,546,3755,4426,180068,198612,10066,12016,7883,8025,2536,3079,923,950
R,10,2023,68,3724099,1764890,1959209,1451873,1570162,183555,232852,16761,18432,88941,111036,3056,3407,20704,23320,1469061,1589179,188863,239878,28145,31514,95853,118319,5475,6055,1577916,1750095,1283743,1382249,175652,223500,11349,13189,87299,109142,2564,2823,17309,19192,1297984,1397677,179487,228670,20904,24119,93509,115538,4665,5105,186974,209114,168130,187913,7903,9352,5412,5243,1642,1894,492,584,3395,4128,171077,191502,9376,11208,7241,7395,2344,2781,810,950
R,10,2023,69,3595993,1694097,1901896,1401533,1531545,170880,221927,15434,17439,84343,105729,2796,3198,19111,22058,1417472,1549529,175729,228425,26143,30014,90629,112442,4926,5744,1523432,1707060,1247604,1356078,163653,213447,10753,12650,82941,103937,2344,2650,16137,18298,1260943,1370790,167230,218259,19883,23257,88559,109857,4223,4864,170665,194836,153929,175467,7227,8480,4681,4789,1402,1792,452,548,2974,3760,156529,178739,8499,10166,6260,6757,2070,2585,703,880
R,10,2023,70,3427892,1605644,1822248,1336334,1477199,155792,206420,14271,16085,78827,98955,2648,2859,17772,20730,1351184,1494176,160126,212429,24404,27975,84575,105338,4664,5255,1450457,1641334,1196450,1313993,149178,198505,9984,11754,77544,97426,2254,2395,15047,17261,1208959,1327945,152324,202983,18636,21816,82717,103056,4027,4491,155187,180914,139884,163206,6614,7915,4287,4331,1283,1529,394,464,2725,3469,142225,166231,7802,9446,5768,6159,1858,2282,637,764
R,10,2023,71,3310791,1544277,1766514,1291709,1436319,144704,196262,13126,15205,75927,96824,2510,2797,16301,19107,1305297,1452028,148723,201730,22431,26448,81146,102466,4418,4998,1400657,1597440,1161984,1283627,138714,188868,9308,11203,74669,95353,2150,2343,13832,16046,1173410,1296664,141682,193011,17287,20815,79373,100309,3820,4239,143620,169074,129725,152692,5990,7394,3818,4002,1258,1471,360,454,2469,3061,131887,155364,7041,8719,5144,5633,1773,2157,598,759
R,10,2023,72,3122525,1446835,1675690,1213758,1363534,135211,187934,12298,14269,68071,89541,2193,2522,15304,17890,1226445,1378206,138934,193138,21290,24932,72862,94630,3994,4564,1312264,1516553,1091748,1219901,129695,180941,8867,10496,66971,88134,1887,2111,13096,14970,1102524,1232002,132507,184870,16626,19625,71285,92603,3485,3896,134571,159137,122010,143633,5516,6993,3431,3773,1100,1407,306,411,2208,2920,123921,146204,6427,8268,4664,5307,1577,2027,509,668
R,10,2023,73,2945959,1356308,1589651,1130131,1287541,128361,178075,11783,13527,69196,91113,2187,2365,14650,17030,1142330,1301370,131993,183115,20359,23506,73760,96224,3888,4350,1230973,1436815,1016758,1149483,123125,171283,8554,9966,68157,89775,1845,2023,12534,14285,1027126,1160956,125860,175080,15952,18526,72265,94234,3376,3731,125335,152836,113373,138058,5236,6792,3229,3561,1039,1338,342,342,2116,2745,115204,140414,6133,8035,4407,4980,1495,1990,512,619
R,10,2023,74,2843036,1304827,1538209,1096217,1256474,116763,165819,11082,12584,65144,84977,2114,2358,13507,15997,1107463,1269551,119977,170474,19146,22133,69282,89521,3703,4183,1189463,1397383,991636,1128803,112118,159723,8101,9431,64194,83816,1810,2013,11604,13597,1001238,1139807,114545,163292,15132,17767,67890,87824,3205,3627,115364,140826,104581,127671,4645,6096,2981,3153,950,1161,304,345,1903,2400,106225,129744,5432,7182,4014,4366,1392,1697,498,556
R,10,2023,75,2755648,1261605,1494043,1067032,1229729,108681,156184,10217,11944,61159,78765,1890,2203,12626,15218,1077523,1242309,111790,160445,17753,21094,64954,83087,3348,3914,1154578,1361438,969982,1109496,104311,150609,7569,9010,60295,77620,1619,1895,10802,12808,978884,1119965,106675,153823,14112,16911,63677,81401,2918,3387,107027,132605,97050,120233,4370,5575,2648,2934,864,1145,271,308,1824,2410,98639,122344,5115,6622,3641,4183,1277,1686,430,527
R,10,2023,76,2878468,1322903,1555565,1137770,1307087,102948,146620,10297,11421,57240,73240,1800,1993,12848,15204,1148590,1319786,105953,150867,18286,20797,60834,77312,3264,3632,1220814,1427951,1044858,1190917,99063,141379,7693,8751,56446,72155,1548,1714,11206,13035,1054253,1201707,101399,144673,14784,16968,59657,75780,2861,3187,102089,127614,92912,116170,3885,5241,2604,2670,794,1085,252,279,1642,2169,94337,118079,4554,6194,3502,3829,1177,1532,403,445
R,10,2023,77,2184445,992037,1192408,845139,990159,78414,116140,7935,9238,48912,62948,1585,1717,10052,12206,853616,1000247,80767,119482,13936,16422,51875,66520,2816,3168,906531,1081645,767353,889509,75034,111356,5830,6987,48254,62023,1389,1488,8671,10282,774631,897915,76816,113879,11114,13170,50906,65163,2475,2785,85506,110763,77786,100650,3380,4784,2105,2251,658,925,196,229,1381,1924,78985,102332,3951,5603,2822,3252,969,1357,341,383
R,10,2023,78,1904540,850732,1053808,721063,871289,69816,106071,6875,8352,42971,55744,1360,1560,8647,10792,728294,880221,71875,109035,11971,14731,45569,58863,2475,2834,774622,953449,651685,779883,66908,101921,5108,6287,42358,54917,1166,1344,7397,9097,657823,787336,68447,104143,9540,11774,44669,57664,2156,2462,76110,100359,69378,91406,2908,4150,1767,2065,613,827,194,216,1250,1695,70471,92885,3428,4892,2431,2957,900,1199,319,372
R,10,2023,79,1823216,808173,1015043,688728,844789,63689,98809,6354,7643,40080,51993,1168,1416,8154,10393,695583,853394,65563,101750,11254,13808,42478,54942,2191,2675,740602,922758,627075,760642,60986,95111,4810,5772,39599,51195,1027,1216,7105,8822,633015,767879,62431,97358,9167,11143,41756,53783,1943,2344,67571,92285,61653,84147,2703,3698,1544,1871,481,798,141,200,1049,1571,62568,85515,3132,4392,2087,2665,722,1159,248,331
R,10,2023,80,1835229,806680,1028549,696625,868761,59625,95238,5840,7357,36003,46063,1080,1220,7507,9910,703007,877029,61302,97912,10461,13357,38050,48763,2038,2387,744454,941021,639688,788931,57205,91680,4517,5554,35525,45396,954,1054,6565,8406,645260,795912,58496,93670,8658,10789,37346,47757,1810,2098,62226,87528,56937,79830,2420,3558,1323,1803,478,667,126,166,942,1504,57747,81117,2806,4242,1803,2568,704,1006,228,289
R,10,2023,81,1568721,681363,887358,583204,742823,51648,84094,5149,6458,33696,44370,897,1145,6769,8468,588869,749863,53210,86417,9292,11595,35637,46698,1698,2093,626866,809423,533369,671484,49522,81017,3982,4905,33304,43774,779,971,5910,7272,538300,677483,50727,82793,7667,9431,35047,45846,1490,1820,54497,77935,49835,71339,2126,3077,1167,1553,392,596,118,174,859,1196,50569,72380,2483,3624,1625,2164,590,852,208,273
R,10,2023,82,1369918,586645,783273,501206,654624,44467,75123,4606,5666,29715,39205,806,978,5845,7677,506142,661020,45765,77186,8143,10342,31449,41343,1506,1831,538127,713558,456787,590711,42596,72410,3585,4382,29363,38655,716,827,5080,6573,461064,596155,43577,73998,6739,8482,30901,40523,1337,1583,48518,69715,44419,63913,1871,2713,1021,1284,352,550,90,151,765,1104,45078,64865,2188,3188,1404,1860,548,820,169,248
R,10,2023,83,1221054,513970,707084,435820,587474,40145,69576,4076,5275,27877,36901,772,939,5280,6919,440223,593237,41352,71478,7211,9372,29512,38839,1417,1779,469399,641408,394974,527365,38440,66915,3135,4041,27525,36398,683,775,4642,5914,398836,532244,39382,68374,5923,7622,29007,38123,1265,1521,44571,65676,40846,60109,1705,2661,941,1234,352,503,89,164,638,1005,41387,60993,1970,3104,1288,1750,505,716,152,258
R,10,2023,84,1087260,451580,635680,384137,530466,34476,61201,3478,4620,24387,32265,576,850,4526,6278,387974,535673,35525,62876,6141,8342,25736,34078,1131,1620,412349,576692,348222,476436,32914,58812,2683,3522,24110,31819,488,730,3932,5373,351534,480888,33713,60064,5040,6784,25323,33408,992,1397,39231,58988,35915,54030,1562,2389,795,1098,277,446,88,120,594,905,36440,54785,1812,2812,1101,1558,413,670,139,223
R,10,2023,85,994074,406316,587758,346388,492191,30126,55223,3132,4336,21929,29686,600,779,4141,5543,349884,496822,31069,56721,5592,7572,23192,31298,1082,1427,371441,533729,314402,442698,28809,53029,2450,3370,21650,29295,519,630,3611,4707,317438,446608,29526,54164,4642,6200,22786,30703,945,1193,34875,54029,31986,49493,1317,2194,682,966,279,391,81,149,530,836,32446,50214,1543,2557,950,1372,406,595,137,234
R,10,2023,86,865063,347204,517859,295478,432574,25844,48910,2647,3742,19156,26884,483,683,3596,5066,298557,436786,26669,50305,4778,6649,20254,28361,887,1314,316639,469676,267364,388409,24698,46997,2069,2877,18947,26490,417,563,3144,4340,270044,391989,25328,48074,3978,5430,19931,27794,778,1122,30565,48183,28114,44165,1146,1913,578,865,209,394,66,120,452,726,28513,44797,1341,2231,800,1219,323,567,109,192
R,10,2023,87,761492,300539,460953,255173,384987,22621,44036,2323,3285,16870,23674,423,568,3129,4403,257812,388648,23320,45261,4126,5858,17855,24931,808,1069,273801,418398,230580,345868,21563,42374,1837,2534,16690,23363,368,492,2763,3767,232902,348972,22104,43314,3458,4771,17589,24487,712,940,26738,42555,24593,39119,1058,1662,486,751,180,311,55,76,366,636,24910,39676,1216,1947,668,1087,266,444,96,129
R,10,2023,88,676959,261598,415361,222582,347152,19381,39343,2001,2998,14589,21307,361,501,2684,4060,224830,350503,19992,40424,3537,5339,15431,22528,724,980,238288,376880,201068,311810,18535,37851,1574,2287,14419,21016,325,415,2367,3501,203044,314687,19016,38692,2954,4353,15173,22092,655,833,23310,38481,21514,35342,846,1492,427,711,170,291,36,86,317,559,21786,35816,976,1732,583,986,258,436,69,147
R,10,2023,89,568780,215890,352890,183545,295236,15830,33159,1616,2466,12260,18245,341,436,2298,3348,185519,298045,16354,34069,2894,4377,13004,19260,619,833,196799,320779,165894,265669,15165,31953,1275,1876,12124,17992,297,380,2044,2909,167651,268100,15581,32669,2437,3564,12793,18897,548,732,19091,32111,17651,29567,665,1206,341,590,136,253,44,56,254,439,17868,29945,773,1400,457,813,211,363,71,101
R,10,2023,90,484029,178809,305220,152055,255030,12818,28265,1366,2100,10434,16504,273,372,1863,2949,153614,257473,13237,29057,2398,3793,11068,17369,506,758,163390,278163,137796,230072,12261,27226,1090,1650,10335,16309,241,326,1667,2580,139189,232198,12597,27855,2021,3163,10919,17090,452,673,15419,27057,14259,24958,557,1039,276,450,99,195,32,46,196,369,14425,25275,640,1202,377,630,149,279,54,85
R,10,2023,91,422916,151949,270967,129551,227349,10619,24319,1113,1803,8828,14526,231,322,1607,2648,130915,229549,11010,25054,2001,3320,9348,15290,443,658,138919,247146,117461,205325,10189,23446,883,1413,8727,14360,203,287,1456,2315,118693,207242,10522,24047,1690,2763,9209,15036,396,582,13030,23821,12090,22024,430,873,230,390,101,166,28,35,151,333,12222,22307,488,1007,311,557,139,254,47,76
R,10,2023,92,354785,124629,230156,106949,194650,8144,19545,900,1503,7127,12081,179,248,1330,2129,108077,196427,8445,20138,1618,2720,7596,12706,351,503,113822,210443,96903,176419,7804,18836,701,1161,7066,11949,162,216,1186,1862,97911,177963,8050,19312,1345,2252,7487,12502,313,442,10807,19713,10046,18231,340,709,199,342,61,132,17,32,144,267,10166,18464,395,826,273,468,109,204,38,61
R,10,2023,93,301628,102330,199298,87410,167555,6831,17113,745,1271,6111,11201,158,238,1075,1920,88321,169160,7081,17629,1352,2357,6449,11764,307,488,93444,182169,79127,151657,6549,16526,604,1001,6063,11091,142,210,959,1684,79941,153056,6750,16933,1152,1976,6371,11595,276,432,8886,17129,8283,15898,282,587,141,270,48,110,16,28,116,236,8380,16104,331,696,200,381,78,169,31,56
R,10,2023,94,234795,76393,158402,65273,133441,4838,13386,583,1001,4697,8799,120,205,882,1570,66015,134726,5048,13852,1087,1878,4978,9255,231,410,69809,145247,59188,121261,4611,12927,467,795,4654,8700,109,182,780,1382,59846,122390,4781,13303,919,1579,4903,9111,205,364,6584,13155,6085,12180,227,459,116,206,43,99,11,23,102,188,6169,12336,267,549,168,299,75,144,26,46
R,10,2023,95,187368,58593,128775,49904,108258,3731,10863,457,829,3720,7330,74,149,707,1346,50494,109375,3891,11244,865,1594,3947,7722,171,328,53721,118487,45371,98804,3576,10478,370,659,3699,7239,65,132,640,1175,45906,99768,3711,10787,744,1342,3908,7591,149,294,4872,10288,4533,9454,155,385,87,170,21,91,9,17,67,171,4588,9607,180,457,121,252,39,131,22,34
R,10,2023,96,143883,43404,100479,36734,84361,2777,8399,312,656,2988,5901,64,117,529,1045,37174,85226,2910,8688,597,1279,3165,6189,134,246,39951,92819,33511,77290,2681,8112,263,534,2965,5843,58,104,473,936,33907,78064,2791,8351,523,1103,3122,6103,118,216,3453,7660,3223,7071,96,287,49,122,23,58,6,13,56,109,3267,7162,119,337,74,176,43,86,16,30
R,10,2023,97,108026,31208,76818,26269,64421,2047,6389,255,502,2170,4607,43,103,424,796,26623,65089,2163,6625,484,958,2305,4819,101,202,28782,71270,24017,59296,1977,6184,213,414,2158,4566,38,92,379,718,24332,59899,2067,6382,421,831,2280,4759,90,180,2426,5548,2252,5125,70,205,42,88,12,41,5,11,45,78,2291,5190,96,243,63,127,25,60,11,22
R,10,2023,98,77474,21244,56230,17715,46743,1361,4683,174,375,1683,3688,30,82,281,659,17951,47285,1433,4879,323,727,1783,3883,70,173,19632,52253,16235,43071,1310,4540,144,304,1673,3664,27,76,243,598,16442,43566,1362,4708,276,632,1760,3835,61,155,1612,3977,1480,3672,51,143,30,71,10,24,3,6,38,61,1509,3719,71,171,47,95,23,48,9,18
R,10,2023,99,54403,14405,39998,11750,33099,997,3372,122,284,1297,2736,19,52,220,455,11933,33465,1059,3516,245,555,1372,2859,43,107,13319,37250,10744,30548,963,3274,106,248,1287,2717,18,46,201,417,10910,30883,1015,3401,220,499,1357,2828,40,96,1086,2748,1006,2551,34,98,16,36,10,19,1,6,19,38,1023,2582,44,115,25,56,15,31,3,11
R,10,2023,100,96669,23239,73430,18365,59208,1561,6349,227,559,2608,6181,45,121,433,1012,18716,60018,1690,6693,461,1128,2753,6453,117,269,21697,69167,16951,55280,1509,6192,203,497,2593,6153,41,112,400,933,17280,56027,1624,6499,420,1028,2727,6401,102,245,1542,4263,1414,3928,52,157,24,62,15,28,4,9,33,79,1436,3991,66,194,41,100,26,52,15,24
R,11,2023,999,337986543,167287527,170699016,126334546,127159692,22229217,23996746,2346350,2289247,10685118,11523610,467253,453937,5225043,5275784,131011869,131858491,24649898,26485178,3797833,3795573,12643117,13464290,912288,900296,133480374,137694507,97036093,98593250,20468806,22198951,1201125,1235300,10321873,11161994,334441,328406,4118036,4176606,100721926,102310647,22355592,24148733,2204167,2298903,11978545,12802930,680914,677503,33807153,33004509,29298453,28566442,1760411,1797795,1145225,1053947,363245,361616,132812,125531,1107007,1099178,30289943,29547844,2294306,2336445,1593666,1496670,664572,661360,231374,222793
R,11,2023,0,3619215,1848679,1770536,1270841,1214713,298212,288949,36252,35114,110108,103582,7954,7570,125312,120608,1386079,1325591,367512,355776,59663,57773,156439,147991,16553,15777,1318557,1258901,843711,802924,257511,249506,12011,11504,101738,95750,4361,4005,99225,95212,935483,890958,313180,303043,26714,25666,139971,132317,10582,9926,530122,511635,427130,411789,40701,39443,24241,23610,8370,7832,3593,3565,26087,25396,450596,434633,54332,52733,32949,32107,16468,15674,5971,5851
R,11,2023,1,3712456,1895465,1816991,1298370,1241971,305516,296501,37328,36102,117398,110851,8236,7867,128617,123699,1416624,1355672,376472,364839,61358,59334,165120,156605,17058,16275,1351423,1292231,860505,819946,263671,256118,12218,11675,108749,102644,4597,4230,101683,97618,954520,910169,320523,310793,27226,26135,148175,140408,10977,10309,544042,524760,437865,422025,41845,40383,25110,24427,8649,8207,3639,3637,26934,26081,462104,445503,55949,54046,34132,33199,16945,16197,6081,5966
R,11,2023,2,3700962,1891155,1809807,1294513,1234613,307619,298954,35652,34311,117697,111598,7511,7082,128163,123249,1412343,1347895,378267,366950,59596,57399,165301,157304,16291,15449,1371940,1308316,876396,830462,267862,260491,12394,11885,109720,103874,4323,4105,101245,97499,969993,920554,324382,314982,27304,26305,149091,141735,10680,10178,519215,501491,418117,404151,39757,38463,23258,22426,7977,7724,3188,2977,26918,25750,442350,427341,53885,51968,32292,31094,16210,15569,5611,5271
R,11,2023,3,3742142,1912650,1829492,1311073,1250828,308910,299415,36625,35165,122526,116034,7195,6829,126321,121221,1427229,1362281,378694,366439,60109,57762,169399,160939,15832,15041,1395493,1332411,892077,847915,271197,263201,13225,12757,114520,108314,4429,4089,100045,96135,984564,936765,327131,317015,27925,26922,153390,145607,10719,10090,517157,497081,418996,402913,37713,36214,23400,22408,8006,7720,2766,2740,26276,25086,442665,425516,51563,49424,32184,30840,16009,15332,5113,4951
R,11,2023,4,3835505,1958770,1876735,1353105,1292320,308330,301021,37860,36226,125864,119257,7502,7020,126109,120891,1468994,1403409,377806,367793,61326,58876,172847,164033,16157,15220,1438822,1374996,930956,884127,271361,265529,14086,13700,117662,111439,4665,4340,100092,95861,1023388,972644,327071,319100,28874,27936,156776,148667,11045,10376,519948,501739,422149,408193,36969,35492,23774,22526,8202,7818,2837,2680,26017,25030,445606,430765,50735,48693,32452,30940,16071,15366,5112,4844
R,11,2023,5,3896368,1990432,1905936,1375937,1312940,311912,304904,38509,36686,128659,121878,7618,7082,127797,122446,1493370,1425437,382225,372490,62343,59688,176296,167207,16380,15391,1462867,1397966,946681,899155,275067,269425,14253,13791,120496,114076,4767,4413,101603,97106,1040497,988794,331570,323647,29279,28248,160234,151813,11228,10535,527565,507970,429256,413785,36845,35479,24256,22895,8163,7802,2851,2669,26194,25340,452873,436643,50655,48843,33064,31440,16062,15394,5152,4856
R,11,2023,6,3980732,2036573,1944159,1409826,1341729,316423,308327,38127,36247,135015,127136,7752,7231,129430,123489,1528693,1455191,386938,376269,62430,59582,183725,172896,16774,15687,1500579,1428350,969373,918142,280771,273674,15172,14395,127080,119492,4993,4589,103190,98058,1064553,1008648,337546,328248,30623,29136,167871,157623,11717,10818,535994,515809,440453,423587,35652,34653,22955,21852,7935,7644,2759,2642,26240,25431,464140,446543,49392,48021,31807,30446,15854,15273,5057,4869
R,11,2023,7,4095038,2092581,2002457,1462756,1393751,316834,310663,37668,36303,136661,129071,7735,7350,130927,125319,1583049,1508938,387558,378854,62617,60301,186146,175869,16906,16008,1542935,1473540,1008097,956391,281294,276023,15806,15297,128585,121476,4943,4704,104210,99649,1104273,1048411,338120,330819,31710,30564,169963,160542,11753,11106,549646,528917,454659,437360,35540,34640,21862,21006,8076,7595,2792,2646,26717,25670,478776,460527,49438,48035,30907,29737,16183,15327,5153,4902
R,11,2023,8,4136666,2113646,2023020,1482357,1413087,321459,314165,36735,35734,134827,127369,7547,7380,130721,125285,1602500,1528237,392007,382387,61839,59789,184037,174025,16698,16044,1561380,1489611,1023065,970451,286104,279459,16221,15426,126983,119846,4816,4707,104191,99722,1119251,1062526,342828,334356,32326,30761,168189,158828,11635,11154,552266,533409,459292,442636,35355,34706,20514,20308,7844,7523,2731,2673,26530,25563,483249,465711,49179,48031,29513,29028,15848,15197,5063,4890
R,11,2023,9,4149155,2122289,2026866,1489602,1415915,323342,315377,36814,35927,135295,128260,7338,7139,129898,124248,1608976,1530110,393174,382972,61874,59923,184357,174436,16528,15774,1573064,1498783,1032909,977569,287440,280462,16476,15895,127815,121120,4769,4654,103655,99083,1128596,1069045,343567,334941,32638,31311,168980,159748,11627,11102,549225,528083,456693,438346,35902,34915,20338,20032,7480,7140,2569,2485,26243,25165,480380,461065,49607,48031,29236,28612,15377,14688,4901,4672
R,11,2023,10,4109277,2101922,2007355,1475698,1405028,322219,313175,37079,35575,132209,125015,7108,6882,127609,121680,1592906,1516720,390502,379250,61857,59285,180557,170329,16307,15479,1558529,1484836,1023490,970128,286837,279132,16709,15981,124996,118100,4657,4456,101840,97039,1117453,1059609,341761,332402,32732,31301,165528,155952,11473,10780,543393,522519,452208,434900,35382,34043,20370,19594,7213,6915,2451,2426,25769,24641,475453,457111,48741,46848,29125,27984,15029,14377,4834,4699
R,11,2023,11,4123295,2108092,2015203,1482941,1414208,322013,311983,37355,36049,132632,125527,7087,6864,126064,120572,1598661,1524862,389328,376997,62096,59822,180378,170595,16204,15505,1561745,1488078,1027058,974169,287293,278580,16792,16164,125482,118730,4634,4444,100486,95991,1119703,1062664,341351,330834,32802,31527,165494,156381,11394,10828,546347,527125,455883,440039,34720,33403,20563,19885,7150,6797,2453,2420,25578,24581,478958,462198,47977,46163,29294,28295,14884,14214,4810,4677
R,11,2023,12,4161053,2133860,2027193,1510263,1431198,325290,313868,37182,35672,127928,120296,6965,6663,126232,119496,1626188,1540856,392961,378174,62256,59584,175231,164825,16059,15239,1574748,1491807,1040666,981903,291277,281051,17099,16130,120916,113713,4519,4284,100271,94726,1133154,1069226,345524,332537,33290,31502,160378,150799,11235,10577,559112,535386,469597,449295,34013,32817,20083,19542,7012,6583,2446,2379,25961,24770,493034,471630,47437,45637,28966,28082,14853,14026,4824,4662
R,11,2023,13,4233607,2169157,2064450,1545521,1466208,328860,316752,36050,34562,125419,119494,6754,6485,126553,120949,1661952,1577345,396574,381954,61571,59207,172321,163893,15798,15033,1593945,1513271,1056694,998018,296754,285372,17244,16790,118741,113294,4525,4296,99987,95501,1149072,1086119,350751,337314,33572,32598,157785,150303,11191,10593,575212,551179,488827,468190,32106,31380,18806,17772,6678,6200,2229,2189,26566,25448,512880,491226,45823,44640,27999,26609,14536,13590,4607,4440
R,11,2023,14,4290070,2196020,2094050,1572262,1491553,333082,322809,36094,34601,123497,118572,6809,6598,124276,119917,1686589,1601760,399739,387949,61171,58672,169334,162138,15460,15018,1614575,1537330,1076304,1017362,300849,291317,17838,17191,116952,112379,4687,4408,97945,94673,1166798,1104720,354092,343340,33737,32539,155030,148711,11053,10589,581445,556720,495958,474191,32233,31492,18256,17410,6545,6193,2122,2190,26331,25244,519791,497040,45647,44609,27434,26133,14304,13427,4407,4429
R,11,2023,15,4469734,2290162,2179572,1643576,1556081,349064,338002,37374,35538,127963,122380,6922,6717,125263,120854,1758622,1667139,416506,403935,62522,59865,173639,165822,15888,15059,1684765,1604121,1125651,1064298,315451,306003,18383,17779,121328,116094,4717,4506,99235,95441,1217084,1152348,369669,358967,34482,33145,159488,152269,11355,10628,605397,575451,517925,491783,33613,31999,18991,17759,6635,6286,2205,2211,26028,25413,541538,514791,46837,44968,28040,26720,14151,13553,4533,4431
R,11,2023,16,4512426,2311927,2200499,1665605,1578865,349508,338398,38441,36765,128915,122155,6915,6840,122543,117476,1778139,1686595,415107,402073,63760,60928,173470,164363,15716,15198,1698885,1617232,1140440,1079459,316063,306365,18597,18227,122349,116004,4720,4571,96716,92606,1229611,1164663,368637,357394,34712,33504,159394,151119,11221,10705,613042,583267,525165,499406,33445,32033,19844,18538,6566,6151,2195,2269,25827,24870,548528,521932,46470,44679,29048,27424,14076,13244,4495,4493
R,11,2023,17,4461192,2285235,2175957,1652030,1566803,342139,331313,38578,36116,128150,122590,6781,6628,117557,112507,1759883,1669979,404276,391472,63255,59612,171416,163353,15258,14627,1683182,1603392,1135985,1075588,309848,300116,18400,17783,121610,116583,4645,4458,92694,88864,1221325,1157332,359558,348580,34007,32689,157776,150591,10895,10348,602053,572565,516045,491215,32291,31197,20178,18333,6540,6007,2136,2170,24863,23643,538558,512647,44718,42892,29248,26923,13640,12762,4363,4279
R,11,2023,18,4423220,2263940,2159280,1642959,1556153,332232,323597,38239,36041,131943,129421,6934,6825,111633,107243,1745275,1654272,390457,380018,62253,58869,173239,168903,14884,14478,1673600,1600450,1136133,1075182,300879,293825,18119,17758,125848,123669,4744,4773,87877,85243,1216945,1153381,347445,339418,33257,32344,160415,156893,10601,10493,590340,558830,506826,480971,31353,29772,20120,18283,6095,5752,2190,2052,23756,22000,528330,500891,43012,40600,28996,26525,12824,12010,4283,3985
R,11,2023,19,4423928,2263170,2160758,1645328,1559853,328324,320121,37857,34768,137218,135567,6950,6638,107493,103811,1743689,1654739,383550,373897,61314,57370,177554,174076,14813,14171,1685245,1613484,1147764,1087679,298256,291438,18042,17272,131132,129814,4861,4735,85190,82546,1225976,1163318,342476,334830,33122,31946,165144,162307,10762,10352,577925,547274,497564,472174,30068,28683,19815,17496,6086,5753,2089,1903,22303,21265,517713,491421,41074,39067,28192,25424,12410,11769,4051,3819
R,11,2023,20,4421368,2260540,2160828,1649676,1563434,325078,319237,37172,34355,138341,137098,6818,6496,103455,100208,1744245,1654997,377719,370624,60382,56726,177008,174481,14462,13819,1691960,1620614,1159626,1096318,295356,291389,17655,17124,132513,131516,4783,4679,82027,79588,1234842,1169266,337700,332718,32622,31742,165086,162951,10496,10210,568580,540214,490050,467116,29722,27848,19517,17231,5828,5582,2035,1817,21428,20620,509403,485731,40019,37906,27760,24984,11922,11530,3966,3609
R,11,2023,21,4406527,2251220,2155307,1641936,1558672,327507,323125,36966,34182,139060,136344,6673,6487,99078,96497,1732277,1646490,377521,372619,59889,56585,175945,171723,14134,13622,1689703,1621330,1156884,1096167,298262,295684,17828,17229,133368,131007,4780,4676,78581,76567,1228708,1166094,338543,335453,32654,31871,164424,160762,10438,10080,561517,533977,485052,462505,29245,27441,19138,16953,5692,5337,1893,1811,20497,19930,503569,480396,38978,37166,27235,24714,11521,10961,3696,3542
R,11,2023,22,4445782,2269348,2176434,1650166,1571188,332596,327735,36213,34129,146117,142232,6462,6321,97794,94829,1739108,1657520,381973,376077,59399,56708,182352,176883,13788,13445,1714915,1648990,1170866,1114199,303530,300599,17894,17389,140571,136925,4627,4486,77427,75392,1241408,1183033,343114,339568,33032,32301,171152,166195,10166,9900,554433,527444,479300,456989,29066,27136,18319,16740,5546,5307,1835,1835,20367,19437,497700,474487,38859,36509,26367,24407,11200,10688,3622,3545
R,11,2023,23,4503085,2297825,2205260,1663412,1583026,341430,337400,36676,34917,153920,150494,6523,6320,95864,93103,1750649,1667393,389477,384711,60123,57489,189216,184518,13692,13382,1744381,1678354,1184112,1126675,312881,310121,18329,17700,148326,145211,4769,4470,75964,74177,1253326,1194061,351390,348275,33715,32820,178208,173932,10239,9823,553444,526906,479300,456351,28549,27279,18347,17217,5594,5283,1754,1850,19900,18926,497323,473332,38087,36436,26408,24669,11008,10586,3453,3559
R,11,2023,24,4414160,2249752,2164408,1632463,1558552,332514,328063,35848,34351,150288,147683,6482,6091,92157,89668,1716143,1639600,378763,373782,58903,56745,183535,179899,13651,12972,1714391,1652096,1168663,1114555,304996,301579,18054,17740,144869,142555,4752,4320,73057,71347,1235125,1179129,342159,338476,33387,32830,172934,169665,10208,9568,535361,512312,463800,443997,27518,26484,17794,16611,5419,5128,1730,1771,19100,18321,481018,460471,36604,35306,25516,23915,10601,10234,3443,3404
R,11,2023,25,4425519,2250843,2174676,1631709,1561704,334463,331527,35537,34217,152104,152868,6508,6165,90522,88195,1713580,1641638,379416,375923,58517,56718,184815,184359,13639,12853,1721401,1666541,1172948,1121035,307314,305448,17917,17604,146644,147642,4740,4367,71838,70445,1238006,1184992,343427,341357,33259,32939,174313,174257,10244,9544,529442,508135,458761,440669,27149,26079,17620,16613,5460,5226,1768,1798,18684,17750,475574,456646,35989,34566,25258,23779,10502,10102,3395,3309
R,11,2023,26,4395400,2230660,2164740,1616418,1551021,330308,328990,34632,33503,156219,159894,6413,6118,86670,85214,1694864,1627960,372653,371143,57257,55866,187853,190631,13130,12660,1710359,1665261,1164494,1116992,304251,303960,17538,17464,150943,154706,4681,4428,68452,67711,1226549,1178146,337965,337761,32686,32692,177652,180759,9843,9463,520301,499479,451924,434029,26057,25030,17094,16039,5276,5188,1732,1690,18218,17503,468315,449814,34688,33382,24571,23174,10201,9872,3287,3197
R,11,2023,27,4433522,2247158,2186364,1630204,1564882,329441,330615,34787,33052,160884,167924,6534,6184,85308,83707,1707307,1640201,370272,371494,57731,55527,192107,198344,13320,12929,1728021,1688690,1179053,1131822,303492,306079,17695,17221,155688,162691,4757,4519,67336,66358,1239993,1191564,335904,338798,32969,32411,182243,188440,10007,9783,519137,497674,451151,433060,25949,24536,17092,15831,5196,5233,1777,1665,17972,17349,467314,448637,34368,32696,24762,23116,9864,9904,3313,3146
R,11,2023,28,4500889,2281282,2219607,1649758,1584077,342009,341036,35017,33298,164279,173198,6605,6555,83614,81443,1724890,1657104,381493,380584,58319,55818,195002,202630,13439,13322,1759367,1718053,1195880,1147587,315577,315628,18074,17529,159070,167942,4806,4811,65960,64556,1255095,1205531,346894,347104,33875,32943,185179,192880,10125,10111,521915,501554,453878,436490,26432,25408,16943,15769,5209,5256,1799,1744,17654,16887,469795,451573,34599,33480,24444,22875,9823,9750,3314,3211
R,11,2023,29,4560816,2310299,2250517,1662529,1597517,356304,355944,35114,33974,168333,176409,6645,6720,81374,79953,1735246,1668814,393994,394077,58661,57006,198277,205370,13691,13407,1788163,1751064,1208058,1162912,329724,330603,18347,17881,163109,171266,4887,4961,64038,63441,1265201,1219436,359432,361014,34387,33845,188589,195850,10375,10203,522136,499453,454471,434605,26580,25341,16767,16093,5224,5143,1758,1759,17336,16512,470045,449378,34562,33063,24274,23161,9688,9520,3316,3204
R,11,2023,30,4655713,2360699,2295014,1694919,1624071,371271,369369,36331,35055,173492,182140,6983,6695,77703,77684,1764008,1693044,406450,405813,59131,58100,202767,210379,13831,13417,1832750,1793414,1234566,1187146,344225,343895,19121,18937,168420,176887,5105,4954,61313,61595,1289063,1241817,371878,372728,34777,35037,193368,200928,10473,10197,527949,501600,460353,436925,27046,25474,17210,16118,5072,5253,1878,1741,16390,16089,474945,451227,34572,33085,24354,23063,9399,9451,3358,3220
R,11,2023,31,4748190,2404834,2343356,1727555,1660472,378308,376687,37946,35611,177769,187579,7050,6834,76206,76173,1795051,1727891,411462,411086,61312,58570,206777,216156,13902,13606,1869751,1836669,1261268,1218926,350735,350542,20097,19443,172668,182307,5139,5022,59844,60429,1314183,1272364,376412,377574,36149,35545,197551,206786,10552,10304,535083,506687,466287,441546,27573,26145,17849,16168,5101,5272,1911,1812,16362,15744,480868,455527,35050,33512,25163,23025,9226,9370,3350,3302
R,11,2023,32,4824294,2432536,2391758,1746434,1690949,381647,387472,38110,35046,185552,195390,7830,7218,72963,75683,1810123,1756959,412786,421501,60584,57541,214175,224916,15011,14434,1901444,1891867,1285380,1258225,353407,359471,20116,19472,180189,189767,5716,5371,56636,59561,1334641,1310026,377092,385824,35327,35012,204589,214958,11376,11085,531092,499891,461054,432724,28240,28001,17994,15574,5363,5623,2114,1847,16327,16122,475482,446933,35694,35677,25257,22529,9586,9958,3635,3349
R,11,2023,33,4874313,2459446,2414867,1774588,1713639,378933,386124,37689,34635,191162,201044,7953,7495,69121,71930,1834912,1776625,407446,417885,59029,56459,219202,229029,14844,14302,1925892,1921056,1310796,1286513,350652,357870,19606,19230,185650,195519,5755,5615,53433,56309,1357183,1335645,371962,382262,33987,34210,209682,219405,11188,10995,533554,493811,463792,427126,28281,28254,18083,15405,5512,5525,2198,1880,15688,15621,477729,440980,35484,35623,25042,22249,9520,9624,3656,3307
R,11,2023,34,4745430,2395347,2350083,1733665,1666781,362544,373322,36266,33340,190569,202518,8038,7094,64265,67028,1789842,1725153,388611,402548,56365,53767,216606,228956,14314,13567,1882081,1878311,1287097,1258209,335519,346466,18715,18504,185299,197124,5918,5389,49533,52619,1330150,1303796,354802,368831,32181,32594,207707,219903,10918,10585,513266,471772,446568,408572,27025,26856,17551,14836,5270,5394,2120,1705,14732,14409,459692,421357,33809,33717,24184,21173,8899,9053,3396,2982
R,11,2023,35,4668332,2353139,2315193,1717683,1655332,341755,355910,35839,32372,189221,200704,7845,7159,60796,63716,1770547,1710908,365800,383263,54814,51831,214352,226094,14013,13316,1841528,1848263,1271316,1250356,315782,329610,18267,17672,184012,195459,5765,5413,46386,49753,1311451,1293601,333236,350193,30702,31084,205573,217253,10644,10329,511611,466930,446367,404976,25973,26300,17572,14700,5209,5245,2080,1746,14410,13963,459096,417307,32564,33070,24112,20747,8779,8841,3369,2987
R,11,2023,36,4564678,2306802,2257876,1698829,1624921,324537,338418,34262,31118,184279,195240,7867,6918,57028,61261,1748283,1678400,346980,364392,52384,49985,207831,219796,13824,12892,1802914,1800667,1257947,1227562,299424,313066,17243,17026,179247,190296,5646,5165,43407,47552,1295287,1268882,315609,332468,29141,29880,199488,211443,10418,9939,503888,457209,440882,397359,25113,25352,17019,14092,5032,4944,2221,1753,13621,13709,452996,409518,31371,31924,23243,20105,8343,8353,3406,2953
R,11,2023,37,4562450,2307942,2254508,1711594,1633206,316683,331643,33759,30732,183108,193492,7821,7027,54977,58408,1759476,1683892,337708,356037,51314,49486,205991,216770,13573,12767,1801841,1798406,1268094,1236154,291623,306386,16872,16660,178016,188660,5585,5225,41651,45321,1304166,1275256,306490,324633,28371,29529,197620,208667,10168,9839,506101,456102,443500,397052,25060,25257,16887,14072,5092,4832,2236,1802,13326,13087,455310,408636,31218,31404,22943,19957,8371,8103,3405,2928
R,11,2023,38,4570756,2311128,2259628,1723085,1642733,311952,328697,33298,30284,181197,193601,7811,7121,53785,57192,1769756,1692426,332377,351872,51076,48812,203288,216710,13458,12945,1802212,1803250,1276636,1244749,287395,303867,16181,16451,176184,188748,5540,5415,40276,44020,1311280,1282777,301675,320749,27686,29186,195089,208560,10031,10110,508916,456378,446449,397984,24557,24830,17117,13833,5013,4853,2271,1706,13509,13172,458476,409649,30702,31123,23390,19626,8199,8150,3427,2835
R,11,2023,39,4488130,2262859,2225271,1691145,1620164,299831,320216,32539,29914,180296,192864,7536,6798,51512,55315,1735901,1668089,318908,342125,49713,48228,201654,215564,13136,12504,1765360,1773680,1254132,1225937,276197,295980,15997,16078,175261,188207,5332,5101,38441,42377,1287255,1262476,289395,311754,27113,28572,193478,207619,9767,9654,497499,451591,437013,394227,23634,24236,16542,13836,5035,4657,2204,1697,13071,12938,448646,405613,29513,30371,22600,19656,8176,7945,3369,2850
R,11,2023,40,4479487,2257766,2221721,1693714,1620654,296527,318309,32725,30017,177251,191415,7468,6867,50081,54459,1737129,1667761,315030,339514,49666,48538,197973,213584,12828,12575,1761866,1768955,1257647,1225384,273009,293934,15932,15984,172371,186806,5388,5172,37519,41675,1289899,1261177,285799,309265,27081,28654,190015,205763,9626,9734,495900,452766,436067,395270,23518,24375,16793,14033,4880,4609,2080,1695,12562,12784,447230,406584,29231,30249,22585,19884,7958,7821,3202,2841
R,11,2023,41,4518469,2275297,2243172,1711848,1640331,297674,321614,32838,29818,175641,190646,7512,6972,49784,53791,1755019,1686777,315947,342742,50021,48377,195988,212247,12950,12583,1773215,1782136,1269971,1237109,274045,296847,15956,15928,170731,185802,5343,5193,37169,41257,1301913,1272492,286649,312164,27251,28730,187986,204242,9670,9705,502082,461036,441877,403222,23629,24767,16882,13890,4910,4844,2169,1779,12615,12534,453106,414285,29298,30578,22770,19647,8002,8005,3280,2878
R,11,2023,42,4425494,2224621,2200873,1681619,1615546,290044,315172,31319,28827,166301,183056,7299,6446,48039,51826,1723083,1660297,307507,335650,48304,46898,185775,203559,12535,11912,1741386,1750981,1256113,1221696,267482,291222,15113,15488,161591,178325,5193,4725,35894,39525,1286830,1255615,279547,305955,26328,27886,178111,195809,9338,9093,483235,449892,425506,393850,22562,23950,16206,13339,4710,4731,2106,1721,12145,12301,436253,404682,27960,29695,21976,19012,7664,7750,3197,2819
R,11,2023,43,4450399,2237841,2212558,1691589,1621468,296974,323924,31774,28905,162330,179990,7394,6571,47780,51700,1732826,1666049,314486,344357,48843,47265,181592,200196,12735,12093,1743059,1757840,1255427,1223217,274215,299512,15417,15621,157436,175277,5185,4883,35379,39330,1285672,1256831,286169,314137,26653,28285,173637,192476,9430,9353,494782,454718,436162,398251,22759,24412,16357,13284,4894,4713,2209,1688,12401,12370,447154,409218,28317,30220,22190,18980,7955,7720,3305,2740
R,11,2023,44,4265821,2138294,2127527,1618625,1559481,282648,311713,29852,27504,155895,173945,6584,6215,44690,48669,1657261,1601329,298848,330960,46065,44892,173709,192999,11543,11296,1673687,1694522,1208980,1180463,261103,288328,14612,14805,151433,169570,4644,4627,32915,36729,1237169,1211767,272057,301830,25229,26778,166418,185719,8553,8711,464607,433005,409645,379018,21545,23385,15240,12699,4462,4375,1940,1588,11775,11940,420092,389562,26791,29130,20836,18114,7291,7280,2990,2585
R,11,2023,45,4143117,2073508,2069609,1575213,1520447,270721,300345,28359,26798,150546,169766,6296,5839,42373,46414,1611672,1560372,286077,318297,43894,43702,167430,187968,10804,10638,1622746,1645441,1176654,1149116,250116,277593,14002,14268,146240,165329,4523,4257,31211,34878,1203181,1178837,260513,290143,24229,25804,160442,180776,8093,8111,450762,424168,398559,371331,20605,22752,14357,12530,4306,4437,1773,1582,11162,11536,408491,381535,25564,28154,19665,17898,6988,7192,2711,2527
R,11,2023,46,4106104,2049978,2056126,1563965,1515696,264545,295909,28368,26656,146216,166869,6134,5833,40750,45163,1599026,1554271,279083,313330,43630,43379,162400,184633,10570,10588,1603761,1632201,1168549,1142938,244882,273703,14184,14592,141864,162545,4384,4288,29898,34135,1193943,1171817,254569,285920,24286,26190,155440,177640,7874,8101,446217,423925,395416,372758,19663,22206,14184,12064,4352,4324,1750,1545,10852,11028,405083,382454,24514,27410,19344,17189,6960,6993,2696,2487
R,11,2023,47,3943782,1966284,1977498,1496631,1457927,251273,281309,27120,25151,146541,165283,5833,5477,38886,42351,1530156,1494000,264630,297344,41736,41003,162187,182137,10215,9964,1535576,1563617,1114542,1092834,232257,260103,13591,13695,142389,161043,4201,4033,28596,31909,1138890,1119700,241063,271271,23270,24676,155618,175312,7666,7659,430708,413881,382089,365093,19016,21206,13529,11456,4152,4240,1632,1444,10290,10442,391266,374300,23567,26073,18466,16327,6569,6825,2549,2305
R,11,2023,48,3940201,1964197,1976004,1497701,1458141,250298,281634,26486,25154,147654,165362,5636,5318,36422,40395,1528909,1492577,262948,296664,40440,40433,162251,181497,9578,9523,1540468,1567796,1120264,1097004,232205,261189,13287,13775,143599,161286,4090,3956,27023,30586,1143126,1122830,240652,271610,22745,24425,155972,175040,7247,7338,423729,408208,377437,361137,18093,20445,13199,11379,4055,4076,1546,1362,9399,9809,385783,369747,22296,25054,17695,16008,6279,6457,2331,2185
R,11,2023,49,3908540,1945944,1962596,1487622,1453785,246277,277830,26092,24705,145864,162436,5460,5127,34629,38713,1517126,1486601,258029,292162,39667,39680,159716,177777,9369,9135,1533960,1562293,1119263,1098142,229266,258709,13202,13537,142085,158559,4012,3828,26132,29518,1141301,1122850,237337,268758,22495,24106,154014,171775,7179,7078,411984,400303,368359,355643,17011,19121,12890,11168,3779,3877,1448,1299,8497,9195,375825,363751,20692,23404,17172,15574,5702,6002,2190,2057
R,11,2023,50,3888967,1933471,1955496,1478272,1447794,245918,278552,25323,24579,144751,161930,5226,5071,33981,37570,1507172,1479496,257201,292249,38610,39222,158607,176992,9015,9003,1536714,1566600,1123121,1102044,229682,259953,12930,13647,141215,158181,3867,3782,25899,28993,1144879,1126216,237393,269683,22238,24242,153212,171200,6982,6972,396757,388896,355151,345750,16236,18599,12393,10932,3536,3749,1359,1289,8082,8577,362293,353280,19808,22566,16372,14980,5395,5792,2033,2031
R,11,2023,51,4031891,2006004,2025887,1539790,1507455,255956,288435,26098,24759,145039,162677,5281,5003,33840,37558,1568451,1539150,266837,301816,39883,39850,158682,177566,9064,8973,1609662,1637444,1184767,1161685,240002,269995,13485,13922,141387,158948,3962,3707,26059,29187,1206572,1185998,247579,279593,23345,24918,153261,171908,7030,6993,396342,388443,355023,345770,15954,18440,12613,10837,3652,3729,1319,1296,7781,8371,361879,353152,19258,22223,16538,14932,5421,5658,2034,1980
R,11,2023,52,4251457,2119011,2132446,1648795,1608726,264086,298428,26027,25464,140517,156865,5299,4950,34287,38013,1677830,1640834,275012,311816,40329,41208,154071,171511,9206,9068,1728607,1749721,1298908,1268139,248379,280403,14025,14543,136814,153233,3932,3723,26549,29680,1321147,1292937,256003,289977,24405,26254,148600,165941,7150,7118,390404,382725,349887,340587,15707,18025,12002,10921,3703,3632,1367,1227,7738,8333,356683,347897,19009,21839,15924,14954,5471,5570,2056,1950
R,11,2023,53,4340372,2164845,2175527,1691319,1650685,268354,300226,26344,25334,139433,156403,5164,5115,34231,37764,1720303,1682352,279316,313445,40943,41371,152519,170853,9153,9357,1778226,1801817,1344778,1318223,252709,282543,14407,14712,135850,152756,3868,3878,26614,29705,1367045,1342860,260451,292173,25119,26777,147179,165226,7162,7402,386619,373710,346541,332462,15645,17683,11937,10622,3583,3647,1296,1237,7617,8059,353258,339492,18865,21272,15824,14594,5340,5627,1991,1955
R,11,2023,54,4145835,2062575,2083260,1619984,1590259,250075,281340,24599,24087,131050,148007,5073,4923,31794,34644,1646962,1619314,259863,293081,38488,39274,143222,161152,8811,8802,1696927,1727757,1291987,1273312,235334,264890,13617,14124,127679,144533,3858,3780,24452,27118,1312495,1295833,241992,273264,23761,25561,138214,155865,6927,6987,365648,355503,327997,316947,14741,16450,10982,9963,3371,3474,1215,1143,7342,7526,334467,323481,17871,19817,14727,13713,5008,5287,1884,1815
R,11,2023,55,4034940,2005659,2029281,1573686,1547330,245396,276364,24254,23353,127941,144806,4593,4721,29789,32707,1598807,1574588,254404,287363,37598,37916,139271,157051,8085,8529,1654294,1688036,1258564,1243074,230959,260285,13418,13899,124885,141592,3442,3575,23026,25611,1277747,1264130,237103,268083,23301,24954,134719,152253,6332,6756,351365,341245,315122,304256,14437,16079,10836,9454,3056,3214,1151,1146,6763,7096,321060,310458,17301,19280,14297,12962,4552,4798,1753,1773
R,11,2023,56,4004327,1982215,2022112,1566102,1552193,242697,276740,23224,23211,117076,133846,4711,4638,28405,31484,1590042,1578407,251160,287467,36289,37615,127687,145186,8011,8335,1645166,1691414,1263476,1257125,228928,261044,13146,14197,114077,130838,3562,3556,21977,24654,1281752,1277397,234661,268637,22876,25202,123277,140600,6354,6659,337049,330698,302626,295068,13769,15696,10078,9014,2999,3008,1149,1082,6428,6830,308290,301010,16499,18830,13413,12413,4410,4586,1657,1676
R,11,2023,57,4029205,1988486,2040719,1571989,1569695,246011,281465,23092,23129,114907,130936,4661,4721,27826,30773,1595155,1595238,254427,291820,36184,37574,125074,141883,8070,8337,1659722,1717836,1276766,1281492,232448,266336,13292,14384,111989,127917,3581,3674,21646,24033,1294504,1301196,238143,273646,23251,25412,120759,137325,6467,6690,328764,322883,295223,288203,13563,15129,9800,8745,2918,3019,1080,1047,6180,6740,300651,294042,16284,18174,12933,12162,4315,4558,1603,1647
R,11,2023,58,4163391,2048048,2115343,1623323,1632181,252770,290647,23864,23893,115395,132454,4711,4726,27985,31442,1646688,1658240,260993,300974,37342,38907,125497,143535,8122,8462,1722982,1794721,1331684,1346231,239161,275385,14121,15177,112524,129423,3682,3731,21810,24774,1349628,1366477,244776,282739,24344,26842,121282,138986,6545,6875,325066,320622,291639,285950,13609,15262,9743,8716,2871,3031,1029,995,6175,6668,297060,291763,16217,18235,12998,12065,4215,4549,1577,1587
R,11,2023,59,4296813,2104265,2192548,1679388,1705496,253798,294004,23768,24233,114767,132680,4548,4719,27996,31416,1702695,1731458,261740,303983,37653,39907,124792,143540,7987,8421,1793540,1878770,1400546,1425194,240845,279176,14417,15775,112033,129860,3570,3730,22129,25035,1418742,1445610,246323,286305,25194,28242,120751,139279,6458,6869,310725,313778,278842,280302,12953,14828,9351,8458,2734,2820,978,989,5867,6381,283953,285848,15417,17678,12459,11665,4041,4261,1529,1552
R,11,2023,60,4306663,2106694,2199969,1685904,1718441,248551,287632,23404,23722,116747,134367,4317,4586,27771,31221,1709090,1744213,256270,297413,37370,39326,126621,145072,7640,8319,1809310,1897635,1419168,1448602,236048,273469,14522,15472,114074,131564,3384,3633,22114,24895,1437436,1468874,241388,280479,25476,27918,122715,140806,6206,6779,297384,302334,266736,269839,12503,14163,8882,8250,2673,2803,933,953,5657,6326,271654,275339,14882,16934,11894,11408,3906,4266,1434,1540
R,11,2023,61,4306604,2100606,2205998,1689728,1734224,244758,285527,22805,23662,111657,127227,4386,4550,27272,30808,1712575,1759536,252130,295208,36417,39429,121427,137685,7757,8193,1815360,1914684,1433396,1473974,233068,272316,14263,15539,109133,124528,3498,3633,22002,24694,1451636,1494022,238177,279246,25145,28194,117722,133586,6401,6682,285246,291314,256332,260250,11690,13211,8542,8123,2524,2699,888,917,5270,6114,260939,265514,13953,15962,11272,11235,3705,4099,1356,1511
R,11,2023,62,4289142,2086948,2202194,1694239,1744544,237602,280343,22156,23537,101946,119405,4143,4242,26862,30123,1716676,1769265,244770,289700,35919,39290,111494,129462,7389,7826,1819200,1926365,1453820,1498106,226504,267766,14202,15950,99627,116829,3347,3396,21700,24318,1471733,1517822,231532,274546,25236,28738,107998,125556,6119,6415,267748,275829,240419,246438,11098,12577,7954,7587,2319,2576,796,846,5162,5805,244943,251443,13238,15154,10683,10552,3496,3906,1270,1411
R,11,2023,63,4260737,2067805,2192932,1671808,1730636,238531,280803,21736,23372,105117,124560,4168,4254,26445,29307,1694002,1754630,245525,289799,35398,38758,114375,134386,7315,7721,1805491,1921191,1436260,1487524,227650,268510,13929,15935,102784,121954,3365,3449,21503,23819,1454117,1506786,232600,275116,24951,28476,110967,130495,6025,6407,262314,271741,235548,243112,10881,12293,7807,7437,2333,2606,803,805,4942,5488,239885,247844,12925,14683,10447,10282,3408,3891,1290,1314
R,11,2023,64,4140589,2002258,2138331,1627443,1695619,226953,271030,20533,22033,98304,117786,3899,3902,25126,27961,1648461,1718630,233398,279524,33606,37069,107278,126876,6875,7111,1762697,1886810,1412261,1470943,216959,259393,13531,15081,96190,115409,3179,3192,20577,22792,1429348,1489474,221537,265627,24168,27422,104111,123348,5707,5921,239561,251521,215182,224676,9994,11637,7002,6952,2114,2377,720,710,4549,5169,219113,229156,11861,13897,9438,9647,3167,3528,1168,1190
R,11,2023,65,4068202,1958812,2109390,1597053,1678305,217303,261622,19033,21130,97894,117866,3656,3802,23873,26665,1616942,1700145,223530,269662,31736,35624,106153,126543,6392,6792,1737023,1871405,1398217,1465387,207709,250588,12685,14720,95916,115705,2979,3134,19517,21871,1414321,1483122,212102,256510,23096,26712,103211,123268,5306,5711,221789,237985,198836,212918,9594,11034,6348,6410,1978,2161,677,668,4356,4794,202621,217023,11428,13152,8640,8912,2942,3275,1086,1081
R,11,2023,66,4022147,1928064,2094083,1577519,1673287,209463,256269,18950,20518,95353,114464,3476,3649,23303,25896,1596912,1694559,215537,264037,31500,35054,103306,122471,6188,6580,1715112,1863315,1386342,1466430,200527,245699,12583,14471,93534,112510,2872,2973,19254,21232,1402209,1483671,204921,251401,22948,26558,100642,119473,5206,5469,212952,230768,191177,206857,8936,10570,6367,6047,1819,1954,604,676,4049,4664,194703,210888,10616,12636,8552,8496,2664,2998,982,1111
R,11,2023,67,3864008,1841288,2022720,1509833,1614855,196894,247018,17749,19645,91684,112722,3251,3465,21877,25015,1528125,1635422,202547,254465,29647,33789,99026,120468,5766,6280,1643138,1804419,1332159,1419440,188412,236922,11842,13927,89945,110633,2668,2915,18112,20582,1347169,1436176,192451,242387,21709,25748,96491,117384,4844,5326,198150,218301,177674,195415,8482,10096,5907,5718,1739,2089,583,550,3765,4433,180956,199246,10096,12078,7938,8041,2535,3084,922,954
R,11,2023,68,3726581,1765964,1960617,1452272,1570597,183904,233407,16833,18539,89127,111238,3053,3411,20775,23425,1469546,1589702,189221,240451,28227,31701,96074,118547,5466,6058,1578354,1750792,1283686,1382142,175909,224008,11377,13230,87483,109325,2557,2820,17342,19267,1297972,1397643,179740,229187,20929,24222,93712,115729,4654,5097,187610,209825,168586,188455,7995,9399,5456,5309,1644,1913,496,591,3433,4158,171574,192059,9481,11264,7298,7479,2362,2818,812,961
R,11,2023,69,3609354,1700816,1908538,1405825,1536012,172237,223118,15556,17540,85073,106416,2847,3222,19278,22230,1421881,1554149,177129,229678,26339,30183,91431,113203,5019,5791,1528674,1712036,1250567,1359026,164977,214558,10827,12733,83646,104628,2388,2679,16269,18412,1263998,1373835,168581,219409,20005,23379,89340,110606,4298,4908,172142,196502,155258,176986,7260,8560,4729,4807,1427,1788,459,543,3009,3818,157883,180314,8548,10269,6334,6804,2091,2597,721,883
R,11,2023,70,3433119,1608607,1824512,1338482,1478472,156282,207024,14334,16147,79004,99214,2631,2877,17874,20778,1353432,1495481,160641,213053,24530,28070,84772,105595,4654,5265,1452488,1642984,1197749,1314749,149632,199085,10027,11783,77716,97667,2229,2407,15135,17293,1210344,1328725,152804,203566,18737,21864,82904,103305,4010,4502,156119,181528,140733,163723,6650,7939,4307,4364,1288,1547,402,470,2739,3485,143088,166756,7837,9487,5793,6206,1868,2290,644,763
R,11,2023,71,3322210,1549283,1772927,1294876,1440508,145512,197357,13225,15320,76750,97682,2530,2812,16390,19248,1308519,1456310,149559,202877,22551,26595,82040,103416,4448,5038,1404717,1602485,1164354,1286571,139435,189904,9354,11287,75492,96194,2172,2355,13910,16174,1175828,1299693,142420,194096,17364,20934,80252,101230,3855,4276,144566,170442,130522,153937,6077,7453,3871,4033,1258,1488,358,457,2480,3074,132691,156617,7139,8781,5187,5661,1788,2186,593,762
R,11,2023,72,3132618,1451937,1680681,1218824,1368769,135157,187720,12319,14289,68063,89403,2192,2529,15382,17971,1231583,1383532,138902,192936,21340,25010,72890,94504,4001,4566,1317101,1521361,1096579,1224987,129648,180688,8873,10519,66960,88009,1886,2117,13155,15041,1107409,1237167,132475,184620,16640,19703,71315,92487,3491,3891,134836,159320,122245,143782,5509,7032,3446,3770,1103,1394,306,412,2227,2930,124174,146365,6427,8316,4700,5307,1575,2017,510,675
R,11,2023,73,2950687,1358220,1592467,1131588,1289328,128754,178734,11824,13605,69168,91344,2195,2374,14691,17082,1143830,1303200,132391,183783,20402,23612,73745,96478,3897,4365,1231977,1438792,1017399,1150529,123464,171924,8583,9999,68111,89994,1857,2029,12563,14317,1027794,1162028,126191,175725,15994,18569,72230,94473,3388,3744,126243,153675,114189,138799,5290,6810,3241,3606,1057,1350,338,345,2128,2765,116036,141172,6200,8058,4408,5043,1515,2005,509,621
R,11,2023,74,2843689,1304970,1538719,1095395,1255516,117250,166614,11122,12645,65519,85535,2114,2362,13570,16047,1106693,1268625,120498,171289,19230,22221,69656,90096,3715,4201,1189011,1397100,990294,1127177,112567,160471,8116,9473,64574,84352,1808,2012,11652,13615,999936,1138184,115029,164049,15168,17812,68270,88369,3215,3636,115959,141619,105101,128339,4683,6143,3006,3172,945,1183,306,350,1918,2432,106757,130441,5469,7240,4062,4409,1386,1727,500,565
R,11,2023,75,2758936,1262852,1496084,1067038,1230373,109230,156787,10305,11987,61667,79431,1917,2217,12695,15289,1077582,1242996,112346,161108,17885,21147,65497,83781,3385,3934,1155582,1362876,969765,1109594,104860,151178,7637,9040,60792,78273,1643,1907,10885,12884,978734,1120116,107236,154441,14231,16971,64214,82079,2949,3406,107270,133208,97273,120779,4370,5609,2668,2947,875,1158,274,310,1810,2405,98848,122880,5110,6667,3654,4176,1283,1702,436,528
R,11,2023,76,2846262,1306319,1539943,1121945,1291607,102234,146167,10179,11385,57402,73590,1809,2006,12750,15188,1132671,1304271,105241,150407,18068,20738,60991,77690,3271,3652,1204202,1412326,1029053,1175483,98323,140890,7576,8703,56600,72521,1560,1727,11090,13002,1038337,1186223,100642,144176,14563,16888,59802,76163,2873,3200,102117,127617,92892,116124,3911,5277,2603,2682,802,1069,249,279,1660,2186,94334,118048,4599,6231,3505,3850,1189,1527,398,452
R,11,2023,77,2269960,1033041,1236919,882046,1029652,80871,119216,8230,9501,49925,64278,1596,1737,10373,12535,890804,1040034,83288,122641,14464,16927,52950,67898,2845,3210,945754,1124529,802624,927509,77442,114396,6080,7219,49266,63328,1390,1502,8952,10575,810151,936174,79277,116985,11568,13621,51966,66516,2494,2816,87287,112390,79422,102143,3429,4820,2150,2282,659,950,206,235,1421,1960,80653,103860,4011,5656,2896,3306,984,1382,351,394
R,11,2023,78,1902259,849560,1052699,719590,869930,69900,106255,6904,8340,43109,55797,1367,1581,8690,10796,726845,878863,71963,109215,12031,14716,45732,58927,2482,2858,773090,951674,649893,777937,66956,102059,5117,6266,42494,54964,1179,1362,7451,9086,656064,785380,68507,104274,9584,11742,44832,57711,2168,2487,76470,101025,69697,91993,2944,4196,1787,2074,615,833,188,219,1239,1710,70781,93483,3456,4941,2447,2974,900,1216,314,371
R,11,2023,79,1824857,809016,1015841,689049,844445,64000,99394,6384,7715,40187,52413,1182,1429,8214,10445,695963,853090,65902,102345,11301,13909,42600,55383,2218,2697,740839,923013,626838,759794,61295,95680,4824,5817,39696,51618,1036,1232,7150,8872,632820,767072,62759,97931,9194,11210,41867,54228,1967,2369,68177,92828,62211,84651,2705,3714,1560,1898,491,795,146,197,1064,1573,63143,86018,3143,4414,2107,2699,733,1155,251,328
R,11,2023,80,1821488,800529,1020959,690304,861170,59590,95006,5843,7375,36168,46262,1087,1225,7537,9921,696705,869455,61253,97688,10485,13367,38243,48971,2053,2396,738163,933470,633251,781346,57161,91471,4503,5584,35687,45591,962,1061,6599,8417,638847,788335,58444,93477,8661,10813,37537,47962,1827,2104,62366,87489,57053,79824,2429,3535,1340,1791,481,671,125,164,938,1504,57858,81120,2809,4211,1824,2554,706,1009,226,292
R,11,2023,81,1598939,694982,903957,595599,757690,52387,85275,5225,6541,34045,44681,906,1160,6820,8610,601319,764851,53972,87631,9405,11773,35982,47039,1707,2126,639880,824855,545203,685347,50230,82113,4058,4958,33650,44072,786,986,5953,7379,550183,691443,51453,83908,7784,9563,35384,46161,1493,1851,55102,79102,50396,72343,2157,3162,1167,1583,395,609,120,174,867,1231,51136,73408,2519,3723,1621,2210,598,878,214,275
R,11,2023,82,1375202,589071,786131,503400,657141,44628,75268,4621,5695,29722,39323,810,984,5890,7720,508359,663568,45958,77345,8170,10386,31465,41473,1520,1852,540412,716358,458870,593160,42756,72558,3588,4403,29364,38775,719,832,5115,6630,463164,598648,43760,74161,6749,8529,30912,40660,1348,1603,48659,69773,44530,63981,1872,2710,1033,1292,358,548,91,152,775,1090,45195,64920,2198,3184,1421,1857,553,813,172,249
R,11,2023,83,1226589,516473,710116,438092,590266,40120,69563,4104,5306,28061,37100,770,934,5326,6947,442542,596045,41325,71469,7271,9421,29711,39064,1421,1769,471625,644067,396995,529812,38401,66895,3160,4064,27712,36591,680,775,4677,5930,400894,534700,39337,68350,5976,7656,29205,38336,1267,1513,44848,66049,41097,60454,1719,2668,944,1242,349,509,90,159,649,1017,41648,61345,1988,3119,1295,1765,506,728,154,256
R,11,2023,84,1087435,451462,635973,383709,530041,34554,61488,3492,4654,24521,32582,600,867,4586,6341,387591,535300,35609,63188,6185,8419,25900,34401,1165,1640,412103,576776,347679,475837,32984,59088,2696,3551,24232,32129,514,736,3998,5435,351042,480339,33797,60368,5086,6857,25477,33726,1028,1408,39359,59197,36030,54204,1570,2400,796,1103,289,453,86,131,588,906,36549,54961,1812,2820,1099,1562,423,675,137,232
R,11,2023,85,998221,408094,590127,347892,494182,30270,55490,3166,4340,22034,29755,582,772,4150,5588,351395,498848,31212,56998,5646,7610,23290,31374,1063,1430,373002,535740,315701,444363,28942,53287,2479,3358,21763,29360,502,627,3615,4745,318737,448301,29657,54432,4686,6213,22890,30775,930,1195,35092,54387,32191,49819,1328,2203,687,982,271,395,80,145,535,843,32658,50547,1555,2566,960,1397,400,599,133,235
R,11,2023,86,868172,348765,519407,296575,433517,26053,49287,2676,3769,19338,27072,492,692,3631,5070,299683,437743,26897,50683,4823,6683,20438,28543,903,1319,318070,471166,268355,389306,24908,47359,2090,2909,19123,26685,424,570,3170,4337,271059,392891,25547,48430,4009,5470,20112,27985,789,1127,30695,48241,28220,44211,1145,1928,586,860,215,387,68,122,461,733,28624,44852,1350,2253,814,1213,326,558,114,192
R,11,2023,87,762585,300985,461600,255648,385636,22465,43853,2333,3302,16963,23812,425,576,3151,4421,258308,389308,23167,45082,4149,5873,17962,25087,811,1084,274128,418752,230934,346242,21414,42181,1846,2548,16783,23496,371,499,2780,3786,233271,349360,21957,43127,3475,4785,17694,24635,718,951,26857,42848,24714,39394,1051,1672,487,754,180,316,54,77,371,635,25037,39948,1210,1955,674,1088,268,452,93,133
R,11,2023,88,675359,261116,414243,221867,345810,19443,39313,2009,3010,14732,21528,371,508,2694,4074,224121,349180,20057,40399,3556,5358,15573,22746,732,983,237747,375750,200318,310469,18576,37821,1583,2293,14565,21234,332,422,2373,3511,202299,313358,19059,38666,2973,4361,15319,22309,657,839,23369,38493,21549,35341,867,1492,426,717,167,294,39,86,321,563,21822,35822,998,1733,583,997,254,437,75,144
R,11,2023,89,572762,217300,355462,184687,297482,15931,33335,1634,2497,12396,18308,337,434,2315,3406,186670,300327,16460,34266,2924,4451,13145,19339,622,838,198058,323070,166888,267664,15259,32120,1291,1897,12257,18055,295,377,2068,2957,168659,270123,15684,32853,2467,3621,12931,18975,553,737,19242,32392,17799,29818,672,1215,343,600,139,253,42,57,247,449,18011,30204,776,1413,457,830,214,364,69,101
R,11,2023,90,482837,178681,304156,151837,253930,12823,28239,1368,2087,10492,16568,278,368,1883,2964,153421,256389,13244,29035,2416,3782,11128,17444,515,755,163170,276935,137497,228821,12269,27197,1089,1632,10387,16368,244,325,1684,2592,138912,230958,12608,27828,2037,3146,10973,17158,457,672,15511,27221,14340,25109,554,1042,279,455,105,200,34,43,199,372,14509,25431,636,1207,379,636,155,286,58,83
R,11,2023,91,425185,153055,272130,130263,227903,10842,24729,1140,1842,8943,14687,231,328,1636,2641,131649,230102,11234,25463,2041,3354,9480,15449,443,664,139882,248184,118054,205769,10394,23838,903,1449,8845,14519,206,291,1480,2318,119304,207691,10722,24442,1724,2802,9338,15196,399,587,13173,23946,12209,22134,448,891,237,393,98,168,25,37,156,323,12345,22411,512,1021,317,552,142,253,44,77
R,11,2023,92,353217,124061,229156,106570,193815,7999,19354,895,1496,7101,12082,180,252,1316,2157,107689,195615,8303,19949,1609,2731,7554,12711,352,518,113311,209528,96561,175645,7669,18656,703,1162,7041,11953,161,221,1176,1891,97559,177213,7922,19134,1343,2269,7453,12514,313,459,10750,19628,10009,18170,330,698,192,334,60,129,19,31,140,266,10130,18402,381,815,266,462,101,197,39,59
R,11,2023,93,302356,102781,199575,87667,167731,6836,17063,758,1292,6253,11305,161,238,1106,1946,88603,169359,7088,17592,1381,2388,6613,11879,310,485,93800,182273,79315,151688,6542,16466,609,1014,6202,11196,145,209,987,1700,80152,153102,6745,16880,1170,1993,6527,11709,279,428,8981,17302,8352,16043,294,597,149,278,51,109,16,29,119,246,8451,16257,343,712,211,395,86,170,31,57
R,11,2023,94,234296,76398,157898,65129,132773,4919,13480,587,1008,4751,8871,123,203,889,1563,65880,134056,5130,13943,1090,1883,5035,9322,241,406,69783,144720,59005,120576,4699,13017,472,803,4710,8765,112,181,785,1378,59670,121704,4868,13391,921,1587,4963,9172,214,363,6615,13178,6124,12197,220,463,115,205,41,106,11,22,104,185,6210,12352,262,552,169,296,72,150,27,43
R,11,2023,95,188291,59106,129185,50326,108520,3761,10896,462,835,3770,7421,78,154,709,1359,50917,109647,3926,11282,870,1611,3998,7815,171,334,54157,118805,45723,98984,3603,10509,374,663,3747,7330,70,135,640,1184,46258,99956,3743,10822,749,1354,3957,7682,150,295,4949,10380,4603,9536,158,387,88,172,23,91,8,19,69,175,4659,9691,183,460,121,257,41,133,21,39
R,11,2023,96,144767,43717,101050,36965,84778,2808,8494,323,665,3016,5944,64,117,541,1052,37417,85647,2937,8778,617,1290,3195,6237,137,253,40237,93335,33717,77650,2709,8210,271,538,2994,5884,57,104,489,949,34126,78432,2818,8448,541,1112,3156,6151,121,226,3480,7715,3248,7128,99,284,52,127,22,60,7,13,52,103,3291,7215,119,330,76,178,39,86,16,27
R,11,2023,97,107429,31059,76370,26126,63937,2019,6375,254,509,2196,4641,42,104,422,804,26481,64612,2129,6613,482,965,2331,4858,101,205,28614,70778,23858,58769,1944,6167,215,421,2182,4600,37,94,378,727,24175,59377,2030,6369,423,837,2305,4800,88,186,2445,5592,2268,5168,75,208,39,88,14,41,5,10,44,77,2306,5235,99,244,59,128,26,58,13,19
R,11,2023,98,77820,21457,56363,17835,46813,1398,4710,177,372,1720,3729,31,79,296,660,18081,47356,1475,4907,339,737,1818,3916,73,167,19818,52354,16326,43109,1349,4564,148,307,1709,3704,27,73,259,597,16542,43603,1409,4734,290,644,1796,3868,64,149,1639,4009,1509,3704,49,146,29,65,11,25,4,6,37,63,1539,3753,66,173,49,93,22,48,9,18
R,11,2023,99,55127,14621,40506,11977,33543,979,3386,126,291,1303,2761,19,55,217,470,12155,33922,1039,3534,250,564,1377,2890,44,116,13540,37755,10977,30991,946,3287,109,251,1294,2742,18,49,196,435,11138,31344,995,3417,221,508,1361,2859,41,105,1081,2751,1000,2552,33,99,17,40,9,19,1,6,21,35,1017,2578,44,117,29,56,16,31,3,11
R,11,2023,100,95835,23061,72774,18115,58446,1565,6321,230,565,2668,6299,44,122,439,1021,18470,59265,1695,6664,465,1140,2819,6575,114,271,21477,68464,16664,54469,1512,6163,205,504,2652,6271,40,113,404,944,16993,55226,1628,6472,423,1042,2790,6524,100,250,1584,4310,1451,3977,53,158,25,61,16,28,4,9,35,77,1477,4039,67,192,42,98,29,51,14,21
R,12,2023,999,338259155,167421964,170837191,126385872,127211004,22253192,24022568,2353569,2295836,10722455,11563772,468384,455121,5238492,5288890,131075622,131921895,24680980,26517925,3807416,3804472,12685932,13509760,914167,902295,133531746,137752181,97023290,98582047,20486379,22218660,1201516,1235788,10357996,11200912,335167,329137,4127398,4185637,100717772,102307809,22377896,24172988,2205465,2300241,12019228,12846237,682151,678763,33890218,33085010,29362582,28628957,1766813,1803908,1152053,1060048,364459,362860,133217,125984,1111094,1103253,30357850,29614086,2303084,2344937,1601951,1504231,666704,663523,232016,223532
R,12,2023,0,3611982,1844914,1767068,1268298,1212424,297571,288265,36154,35039,109945,103451,7941,7548,125005,120341,1383256,1323055,366700,354940,59505,57648,156167,147765,16518,15736,1315809,1256364,841937,801328,256954,248917,11987,11475,101593,95638,4355,3996,98983,95010,933488,889170,312485,302337,26650,25609,139739,132131,10558,9905,529105,510704,426361,411096,40617,39348,24167,23564,8352,7813,3586,3552,26022,25331,449768,433885,54215,52603,32855,32039,16428,15634,5960,5831
R,12,2023,1,3713843,1896397,1817446,1298759,1241919,305451,296332,37602,36438,117675,111068,8271,7908,128639,123781,1417033,1355690,376412,364705,61645,59701,165407,156851,17094,16326,1350577,1290811,859623,818680,263479,255771,12209,11685,109006,102850,4598,4234,101662,97591,953621,908874,320311,310422,27213,26141,148429,140611,10975,10312,545820,526635,439136,423239,41972,40561,25393,24753,8669,8218,3673,3674,26977,26190,463412,446816,56101,54283,34432,33560,16978,16240,6119,6014
R,12,2023,2,3720594,1900857,1819737,1301833,1241969,308179,299767,35942,34536,118436,112383,7591,7194,128876,123888,1420320,1355838,379208,368101,60023,57747,166316,158338,16416,15601,1377343,1314303,880344,834725,268055,260954,12435,11898,110378,104605,4341,4133,101790,97988,974445,925267,324867,315701,27421,26387,149979,142674,10731,10238,523514,505434,421489,407244,40124,38813,23507,22638,8058,7778,3250,3061,27086,25900,445875,430571,54341,52400,32602,31360,16337,15664,5685,5363
R,12,2023,3,3726882,1904773,1822109,1302701,1242988,309660,300043,36563,35124,122431,115951,7192,6816,126226,121187,1418773,1354410,379387,367030,60037,57725,169270,160851,15815,15030,1387104,1324286,883561,839796,271701,263580,13068,12598,114446,108198,4428,4087,99900,96027,975917,928544,327550,317320,27739,26737,153274,145469,10701,10080,517669,497823,419140,403192,37959,36463,23495,22526,7985,7753,2764,2729,26326,25160,442856,425866,51837,49710,32298,30988,15996,15382,5114,4950
R,12,2023,4,3834958,1958729,1876229,1353473,1292218,307842,300531,37953,36334,125918,119322,7480,7005,126063,120819,1469329,1403242,377279,367237,61415,58986,172881,164085,16127,15193,1438952,1375005,931501,884553,270921,265137,14062,13666,117739,111514,4659,4330,100070,95805,1023920,973017,326612,318646,28843,27899,156846,148749,11033,10359,519777,501224,421972,407665,36921,35394,23891,22668,8179,7808,2821,2675,25993,25014,445409,430225,50667,48591,32572,31087,16035,15336,5094,4834
R,12,2023,5,3892442,1988380,1904062,1374381,1311405,311587,304637,38482,36727,128588,121844,7626,7082,127716,122367,1491747,1423830,381855,372158,62290,59715,176209,167163,16374,15384,1460710,1395787,945331,897648,274558,268972,14215,13777,120379,114013,4764,4408,101463,96969,1039022,987165,330972,323092,29206,28202,160085,151720,11217,10517,527670,508275,429050,413757,37029,35665,24267,22950,8209,7831,2862,2674,26253,25398,452725,436665,50883,49066,33084,31513,16124,15443,5157,4867
R,12,2023,6,3978208,2034972,1943236,1408113,1340635,316727,308540,38323,36293,134687,126965,7751,7219,129371,123584,1526923,1454191,387293,376599,62615,59627,183303,172713,16753,15667,1498865,1427306,967985,917119,280977,273824,15086,14356,126729,119311,4982,4581,103106,98115,1063085,1007684,337783,328487,30510,29082,167434,157432,11687,10806,536107,515930,440128,423516,35750,34716,23237,21937,7958,7654,2769,2638,26265,25469,463838,446507,49510,48112,32105,30545,15869,15281,5066,4861
R,12,2023,7,4090471,2090600,1999871,1459657,1390529,316625,310465,37823,36463,137713,129855,7778,7367,131004,125192,1580016,1505590,387354,378577,62750,60432,187296,176636,16960,16014,1541123,1470930,1005432,953543,280997,275711,15805,15227,129629,122233,4982,4714,104278,99502,1101660,1045416,337801,330410,31694,30452,171116,161288,11808,11109,549477,528941,454225,436986,35628,34754,22018,21236,8084,7622,2796,2653,26726,25690,478356,460174,49553,48167,31056,29980,16180,15348,5152,4905
R,12,2023,8,4136223,2113528,2022695,1482415,1412828,321327,314036,36898,35779,134598,127255,7557,7381,130733,125416,1602574,1528103,391891,382365,62009,59846,183800,173936,16704,16058,1560151,1488634,1022335,969743,285989,279304,16174,15406,126699,119699,4808,4706,104146,99776,1118485,1061875,342710,334257,32256,30736,167878,158680,11618,11151,553377,534061,460080,443085,35338,34732,20724,20373,7899,7556,2749,2675,26587,25640,484089,466228,49181,48108,29753,29110,15922,15256,5086,4907
R,12,2023,9,4153286,2123462,2029824,1489723,1417235,323362,315740,36844,36083,136127,129159,7371,7202,130035,124405,1609215,1531564,393276,383354,61911,60119,185259,175455,16554,15850,1573644,1500367,1032597,977860,287462,280812,16412,15862,128622,121956,4787,4688,103764,99189,1128374,1069425,343644,335287,32567,31286,169862,160696,11648,11147,549818,529457,457126,439375,35900,34928,20432,20221,7505,7203,2584,2514,26271,25216,480841,462139,49632,48067,29344,28833,15397,14759,4906,4703
R,12,2023,10,4111792,2104119,2007673,1477499,1405220,322762,313355,37275,35811,131745,124611,7088,6857,127750,121819,1594842,1517057,391190,379587,62114,59522,180055,169908,16282,15438,1559226,1484548,1024182,970083,287262,279202,16733,15969,124510,117724,4640,4446,101899,97124,1118203,1059656,342279,332589,32792,31280,164985,155552,11450,10760,544893,523125,453317,435137,35500,34153,20542,19842,7235,6887,2448,2411,25851,24695,476639,457401,48911,46998,29322,28242,15070,14356,4832,4678
R,12,2023,11,4131127,2111580,2019547,1484078,1415993,322470,312806,37310,35946,134108,126882,7144,6928,126470,120992,1600165,1527026,389938,378019,62068,59768,182115,172163,16301,15613,1564605,1491560,1027740,975302,287604,279240,16813,16170,126933,120028,4684,4489,100831,96331,1120693,1064102,341779,331654,32828,31557,167190,157863,11479,10905,546975,527987,456338,440691,34866,33566,20497,19776,7175,6854,2460,2439,25639,24661,479472,462924,48159,46365,29240,28211,14925,14300,4822,4708
R,12,2023,12,4155022,2130155,2024867,1506848,1428847,324618,313360,37454,35927,128254,120686,6965,6675,126016,119372,1622569,1538388,392168,377604,62466,59778,175507,165196,16040,15240,1572328,1490369,1038992,980790,290428,280438,17063,16120,121208,114073,4516,4284,100121,94664,1131341,1068054,344579,331883,33218,31455,160636,151164,11217,10574,557827,534498,467856,448057,34190,32922,20391,19807,7046,6613,2449,2391,25895,24708,491228,470334,47589,45721,29248,28323,14871,14032,4823,4666
R,12,2023,13,4236411,2170928,2065483,1545823,1466208,329393,317368,36097,34666,125911,119762,6823,6494,126881,120985,1662540,1577369,397254,382562,61657,59318,173024,164223,15893,15033,1595237,1513877,1056834,997951,297185,285789,17226,16756,119181,113550,4563,4299,100248,95532,1149433,1086064,351296,337725,33569,32565,158413,150618,11246,10594,575691,551606,488989,468257,32208,31579,18871,17910,6730,6212,2260,2195,26633,25453,513107,491305,45958,44837,28088,26753,14611,13605,4647,4439
R,12,2023,14,4284781,2193519,2091262,1569641,1488840,332617,322065,36147,34617,123794,118825,6775,6587,124545,120328,1684249,1599423,399461,387386,61198,58817,169744,162614,15463,15042,1612085,1534668,1073868,1014948,300350,290608,17807,17163,117242,112600,4653,4396,98165,94953,1164608,1102560,353720,342729,33710,32608,155394,149087,11049,10605,581434,556594,495773,473892,32267,31457,18340,17454,6552,6225,2122,2191,26380,25375,519641,496863,45741,44657,27488,26209,14350,13527,4414,4437
R,12,2023,15,4463705,2286855,2176850,1640642,1553646,348963,337831,37336,35516,127593,122139,6942,6756,125379,120962,1755822,1664823,416456,403778,62571,59816,173261,165626,15883,15136,1682223,1601711,1123591,1062299,315298,305785,18357,17729,120956,115840,4734,4530,99287,95528,1215075,1150474,369525,358756,34501,33053,159117,152067,11342,10664,604632,575139,517051,491347,33665,32046,18979,17787,6637,6299,2208,2226,26092,25434,540747,514349,46931,45022,28070,26763,14144,13559,4541,4472
R,12,2023,16,4512980,2312389,2200591,1665009,1577834,349488,338447,38471,36865,129661,122842,6951,6835,122809,117768,1777762,1685837,415251,402326,63796,61059,174372,165199,15755,15179,1698877,1617048,1139666,1078355,315954,306397,18554,18222,123066,116714,4744,4564,96893,92796,1228988,1163726,368625,357532,34649,33519,160261,151950,11263,10690,613512,583543,525343,499479,33534,32050,19917,18643,6595,6128,2207,2271,25916,24972,548774,522111,46626,44794,29147,27540,14111,13249,4492,4489
R,12,2023,17,4472477,2291116,2181361,1655003,1570006,343677,332450,38838,36250,128647,122833,6782,6666,118169,113156,1763424,1673781,406190,393045,63589,59865,172120,163729,15317,14726,1686278,1606272,1136816,1076920,311140,301023,18449,17769,122092,116765,4655,4481,93126,89314,1222561,1159082,361129,349823,34092,32728,158378,150861,10936,10412,604838,575089,518187,493086,32537,31427,20389,18481,6555,6068,2127,2185,25043,23842,540863,514699,45061,43222,29497,27137,13742,12868,4381,4314
R,12,2023,18,4427705,2266515,2161190,1644222,1557079,332699,324276,38416,36149,132066,129391,6934,6831,112178,107464,1747026,1655419,391252,380861,62527,58953,173554,169014,14947,14483,1674112,1600743,1135870,1074902,301254,294335,18118,17798,125932,123613,4718,4756,88220,85339,1216977,1153198,348031,340004,33289,32330,160661,156936,10619,10472,592403,560447,508352,482177,31445,29941,20298,18351,6134,5778,2216,2075,23958,22125,530049,502221,43221,40857,29238,26623,12893,12078,4328,4011
R,12,2023,19,4428543,2265780,2162763,1645747,1560186,329241,320702,38137,34933,137795,135984,6989,6666,107871,104292,1744465,1655494,384760,374833,61664,57593,178195,174606,14839,14215,1685506,1613699,1146444,1086629,298967,291871,18081,17254,131673,130223,4897,4769,85444,82953,1224910,1162627,343412,335550,33182,31956,165704,162840,10767,10415,580274,549064,499303,473557,30274,28831,20056,17679,6122,5761,2092,1897,22427,21339,519555,492867,41348,39283,28482,25637,12491,11766,4072,3800
R,12,2023,20,4431055,2265589,2165466,1652675,1566266,325812,319802,37316,34539,139004,137638,6841,6513,103941,100708,1747714,1658313,378692,371487,60594,56969,177886,175171,14510,13869,1695022,1623609,1161052,1097948,296011,291799,17657,17181,133159,132026,4799,4695,82344,79960,1236566,1171261,338508,333362,32637,31835,165912,163572,10540,10234,570567,541857,491623,468318,29801,28003,19659,17358,5845,5612,2042,1818,21597,20748,511148,487052,40184,38125,27957,25134,11974,11599,3970,3635
R,12,2023,21,4409525,2252824,2156701,1642177,1558557,327254,323096,37157,34359,140037,137541,6728,6515,99471,96633,1732871,1646537,377504,372606,60101,56705,177110,173078,14226,13653,1689610,1621227,1155966,1094874,297838,295592,17787,17258,134310,132190,4817,4696,78892,76617,1228070,1164876,338281,335329,32617,31832,165540,162082,10494,10094,563214,535474,486211,463683,29416,27504,19370,17101,5727,5351,1911,1819,20579,20016,504801,481661,39223,37277,27484,24873,11570,10996,3732,3559
R,12,2023,22,4440994,2267035,2173959,1648427,1569191,332011,327246,36416,34153,145865,141998,6482,6343,97834,95028,1737469,1655695,381433,375724,59578,56794,182058,176681,13786,13461,1711519,1645625,1168387,1111576,302875,300030,17887,17336,140346,136661,4643,4510,77381,75512,1238948,1180515,342466,339087,32958,32269,170864,165947,10176,9919,555516,528334,480040,457615,29136,27216,18529,16817,5519,5337,1839,1833,20453,19516,498521,475180,38967,36637,26620,24525,11194,10734,3610,3542
R,12,2023,23,4517498,2305591,2211907,1668084,1587150,342033,337681,36821,35073,155692,152084,6549,6376,96412,93543,1755798,1671940,390329,385209,60323,57699,191299,186323,13759,13450,1749608,1682881,1186752,1129117,313331,310264,18324,17708,150045,146787,4791,4506,76365,74499,1256305,1196821,352019,348553,33724,32852,180188,175688,10285,9860,555983,529026,481332,458033,28702,27417,18497,17365,5647,5297,1758,1870,20047,19044,499493,475119,38310,36656,26599,24847,11111,10635,3474,3590
R,12,2023,24,4419260,2252311,2166949,1633141,1559314,332983,328541,36044,34479,151400,148682,6489,6127,92254,89806,1716922,1640516,379368,374321,59120,56817,184639,180979,13621,13032,1715220,1652966,1167983,1113991,305348,301941,18065,17725,145973,143533,4747,4343,73104,71433,1234498,1178660,342597,338891,33375,32735,174057,170724,10175,9609,537091,513983,465158,445323,27635,26600,17979,16754,5427,5149,1742,1784,19150,18373,482424,461856,36771,35430,25745,24082,10582,10255,3446,3423
R,12,2023,25,4435693,2256025,2179668,1635285,1565032,334920,332128,35700,34397,152639,153416,6513,6160,90968,88535,1717615,1645252,380032,376722,58728,56987,185578,185054,13705,12878,1724157,1669099,1174617,1122378,307558,305910,17926,17615,147154,148173,4756,4361,72146,70662,1240010,1186512,343769,341935,33279,32991,175000,174902,10303,9560,531868,510569,460668,442654,27362,26218,17774,16782,5485,5243,1757,1799,18822,17873,477605,458740,36263,34787,25449,23996,10578,10152,3402,3318
R,12,2023,26,4397513,2232090,2165423,1616081,1550319,330754,329329,34860,33646,156952,160499,6445,6132,86998,85498,1694809,1627532,373309,371698,57536,56001,188679,191349,13178,12669,1710722,1664880,1163506,1115558,304620,304152,17547,17483,151623,155285,4706,4431,68720,67971,1225784,1176964,338518,338162,32735,32705,178412,181429,9874,9460,521368,500543,452575,434761,26134,25177,17313,16163,5329,5214,1739,1701,18278,17527,469025,450568,34791,33536,24801,23296,10267,9920,3304,3209
R,12,2023,27,4440953,2250683,2190270,1632460,1566981,329904,331096,34921,33258,161240,168638,6527,6193,85631,84104,1709871,1642688,370969,372211,57850,55774,192608,199167,13323,12952,1729523,1691116,1179603,1132879,303825,306427,17721,17289,156038,163398,4744,4523,67592,66600,1240789,1192860,336407,339286,32965,32489,182734,189240,9999,9781,521160,499154,452857,434102,26079,24669,17200,15969,5202,5240,1783,1670,18039,17504,469082,449828,34562,32925,24885,23285,9874,9927,3324,3171
R,12,2023,28,4497963,2279871,2218092,1648474,1582718,340843,339797,35060,33251,165050,174192,6605,6537,83839,81597,1723846,1655906,380457,379427,58399,55809,195851,203683,13424,13301,1757047,1715741,1194036,1145591,314347,314446,17989,17375,159823,168906,4806,4789,66046,64634,1253366,1203633,345736,345963,33768,32763,185966,193885,10110,10089,522824,502351,454438,437127,26496,25351,17071,15876,5227,5286,1799,1748,17793,16963,470480,452273,34721,33464,24631,23046,9885,9798,3314,3212
R,12,2023,29,4563042,2310811,2252231,1663269,1598570,355268,355462,35278,34066,168673,177200,6684,6730,81639,80203,1736276,1670117,393114,393782,58837,57091,198694,206261,13727,13410,1787452,1751526,1207952,1162996,328593,329992,18355,17892,163433,172047,4915,4980,64204,63619,1265290,1219692,358391,360544,34381,33826,188978,196717,10397,10210,523359,500705,455317,435574,26675,25470,16923,16174,5240,5153,1769,1750,17435,16584,470986,450425,34723,33238,24456,23265,9716,9544,3330,3200
R,12,2023,30,4650423,2357778,2292645,1692495,1621882,370082,368293,36325,35079,173886,182692,6954,6701,78036,77998,1761875,1691160,405521,404950,59167,58107,203250,211041,13823,13433,1829403,1790335,1231915,1184400,343000,342838,19048,18900,168791,177424,5081,4961,61568,61812,1286621,1239285,370883,371839,34712,34969,193797,201538,10452,10214,528375,502310,460580,437482,27082,25455,17277,16179,5095,5268,1873,1740,16468,16186,475254,451875,34638,33111,24455,23138,9453,9503,3371,3219
R,12,2023,31,4751599,2406895,2344704,1728035,1660649,379042,376983,37958,35701,178248,188162,7029,6812,76583,76397,1795908,1728316,412445,411557,61344,58709,207410,216747,13895,13600,1870576,1836610,1260677,1217903,351468,350828,20017,19406,173123,182876,5133,5006,60158,60591,1313908,1271521,377360,377999,36084,35527,198139,207374,10556,10308,536319,508094,467358,442746,27574,26155,17941,16295,5125,5286,1896,1806,16425,15806,482000,456795,35085,33558,25260,23182,9271,9373,3339,3292
R,12,2023,32,4818583,2429534,2389049,1743297,1688150,381452,387097,38254,35176,185566,195550,7780,7216,73185,75860,1807271,1754373,412785,421199,60799,57764,214141,225076,14904,14393,1897602,1887754,1281517,1254161,353179,359100,20144,19472,180252,189933,5676,5360,56834,59728,1331032,1306161,377013,385507,35402,35101,204634,215130,11299,11027,531932,501295,461780,433989,28273,27997,18110,15704,5314,5617,2104,1856,16351,16132,476239,448212,35772,35692,25397,22663,9507,9946,3605,3366
R,12,2023,33,4882947,2464347,2418600,1776944,1715311,379980,386997,37844,34805,191959,201660,7952,7479,69668,72348,1837715,1778617,408747,419000,59387,56686,220202,229868,14887,14353,1928835,1923006,1311580,1286734,351615,358671,19629,19250,186426,196126,5757,5596,53828,56629,1358280,1336108,373116,383256,34120,34255,210633,220196,11221,11029,535512,495594,465364,428577,28365,28326,18215,15555,5533,5534,2195,1883,15840,15719,479435,442509,35631,35744,25267,22431,9569,9672,3666,3324
R,12,2023,34,4762684,2403487,2359197,1738350,1672536,364874,375465,36559,33521,190898,202983,8087,7138,64719,67554,1794950,1731422,391170,404952,56718,54098,217135,229578,14413,13630,1887464,1884250,1289526,1261367,337650,348403,18831,18559,185596,197550,5954,5416,49907,52955,1332930,1307295,357133,370957,32362,32710,208165,220430,10986,10626,516023,474947,448824,411169,27224,27062,17728,14962,5302,5433,2133,1722,14812,14599,462020,424127,34037,33995,24356,21388,8970,9148,3427,3004
R,12,2023,35,4678085,2358469,2319616,1719308,1656330,343374,357170,35907,32544,190966,202427,7865,7185,61049,63960,1772405,1712093,367545,384647,54963,52050,216189,227957,14052,13348,1846208,1851894,1272575,1250807,317280,330757,18258,17771,185730,197132,5782,5443,46583,49984,1312894,1294223,334808,351444,30752,31233,207372,219068,10682,10370,512261,467722,446733,405523,26094,26413,17649,14773,5236,5295,2083,1742,14466,13976,459511,417870,32737,33203,24211,20817,8817,8889,3370,2978
R,12,2023,36,4575336,2311900,2263436,1701098,1627812,325840,339723,34439,31302,185182,196139,7874,6932,57467,61528,1750941,1681544,348490,365785,52616,50219,208939,220789,13887,12960,1806611,1804969,1259087,1229469,300645,314286,17351,17082,180122,191171,5662,5183,43744,47778,1296730,1271014,316986,333749,29272,29977,200534,212404,10474,9989,505289,458467,442011,398343,25195,25437,17088,14220,5060,4968,2212,1749,13723,13750,454211,410530,31504,32036,23344,20242,8405,8385,3413,2971
R,12,2023,37,4562048,2307236,2254812,1709478,1631820,317305,332434,33848,30766,183625,194013,7807,7026,55173,58753,1757547,1682840,338405,357045,51515,49578,206582,217444,13526,12756,1801006,1798065,1265995,1234352,292224,307131,16889,16647,178538,189167,5578,5212,41782,45556,1302186,1273683,307142,325527,28446,29513,198228,209305,10146,9817,506230,456747,443483,397468,25081,25303,16959,14119,5087,4846,2229,1814,13391,13197,455361,409157,31263,31518,23069,20065,8354,8139,3380,2939
R,12,2023,38,4578285,2315464,2262821,1725182,1644617,313107,329285,33458,30418,181875,194036,7844,7140,53998,57325,1772032,1694423,333662,352580,51223,48938,204080,217176,13519,12992,1804825,1805127,1277377,1245565,288349,304365,16232,16493,176837,189158,5570,5428,40460,44118,1312180,1283676,302722,321345,27737,29228,195831,208999,10072,10135,510639,457694,447805,399052,24758,24920,17226,13925,5038,4878,2274,1712,13538,13207,459852,410747,30940,31235,23486,19710,8249,8177,3447,2857
R,12,2023,39,4497528,2267728,2229800,1694070,1622695,300902,321191,32618,30021,180820,193569,7567,6820,51751,55504,1739021,1670776,320094,343241,49832,48344,202280,216325,13193,12527,1768671,1777241,1255800,1227764,277149,296844,15997,16098,175751,188890,5349,5108,38625,42537,1289071,1264435,290429,312714,27136,28598,194064,208361,9810,9674,499057,452559,438270,394931,23753,24347,16621,13923,5069,4679,2218,1712,13126,12967,449950,406341,29665,30527,22696,19746,8216,7964,3383,2853
R,12,2023,40,4475731,2255875,2219856,1691439,1618623,296295,318018,32659,29970,177903,191910,7455,6861,50124,54474,1734897,1665777,314830,339221,49569,48457,198678,214110,12818,12569,1760411,1767242,1255862,1223498,272774,293697,15887,15921,173030,187308,5363,5175,37495,41643,1288099,1259296,285558,309008,26990,28550,190701,206271,9595,9723,495464,452614,435577,395125,23521,24321,16772,14049,4873,4602,2092,1686,12629,12831,446798,406481,29272,30213,22579,19907,7977,7839,3223,2846
R,12,2023,41,4525764,2279286,2246478,1713974,1642331,298255,321847,33040,29997,176540,191268,7510,6985,49967,54050,1757309,1689009,316570,343050,50273,48645,196975,212999,12978,12609,1775557,1784616,1270675,1238489,274533,297023,16016,16034,171632,186422,5358,5209,37343,41439,1302775,1274022,287169,312379,27351,28883,188992,204985,9712,9733,503729,461862,443299,403842,23722,24824,17024,13963,4908,4846,2152,1776,12624,12611,454534,414987,29401,30671,22922,19762,7983,8014,3266,2876
R,12,2023,42,4425679,2224645,2201034,1680436,1614670,289968,315282,31373,28759,167440,183989,7327,6490,48101,51844,1721979,1659427,307470,335777,48372,46821,186936,204523,12536,11968,1741088,1750887,1254814,1220588,267331,291334,15097,15404,162729,179248,5209,4760,35908,39553,1285558,1254533,279419,306096,26304,27791,179261,196747,9328,9136,483557,450147,425622,394082,22637,23948,16276,13355,4711,4741,2118,1730,12193,12291,436421,404894,28051,29681,22068,19030,7675,7776,3208,2832
R,12,2023,43,4459861,2242724,2217137,1695296,1624855,297296,324143,31836,29055,162978,180739,7412,6559,47906,51786,1736646,1669519,314864,344592,48855,47413,182345,201018,12768,12059,1747084,1761122,1258366,1225525,274508,299633,15431,15692,158062,176005,5202,4872,35515,39395,1288732,1259211,286514,314273,26631,28355,174375,193262,9463,9318,495640,456015,436930,399330,22788,24510,16405,13363,4916,4734,2210,1687,12391,12391,447914,410308,28350,30319,22224,19058,7970,7756,3305,2741
R,12,2023,44,4279486,2146155,2133331,1623960,1563308,283907,312697,30064,27615,156602,174478,6648,6259,44974,48974,1662842,1605416,300233,332097,46401,45096,174492,193623,11643,11407,1678259,1698260,1211528,1182484,262182,289189,14646,14845,152112,170084,4681,4671,33110,36987,1239885,1214001,273207,302823,25346,26888,167150,186320,8626,8808,467896,435071,412432,380824,21725,23508,15418,12770,4490,4394,1967,1588,11864,11987,422957,391415,27026,29274,21055,18208,7342,7303,3017,2599
R,12,2023,45,4148647,2075922,2072725,1575908,1521881,271514,301129,28418,26827,151278,170492,6299,5862,42505,46534,1612488,1561917,286916,319147,43950,43734,168264,188770,10834,10671,1624833,1648115,1177137,1150248,250859,278311,14046,14285,146954,166037,4524,4272,31313,34962,1203755,1180050,261296,290907,24268,25813,161237,181543,8114,8136,451089,424610,398771,371633,20655,22818,14372,12542,4324,4455,1775,1590,11192,11572,408733,381867,25620,28240,19682,17921,7027,7227,2720,2535
R,12,2023,46,4112774,2053492,2059282,1566376,1518074,265060,296263,28449,26775,146464,167006,6169,5869,40974,45295,1601617,1556792,279707,313766,43790,43505,162732,184796,10617,10622,1605987,1634216,1169923,1144478,245295,273951,14180,14609,142123,162678,4416,4311,30050,34189,1195441,1173426,255060,286187,24306,26172,155782,177803,7914,8123,447505,425066,396453,373596,19765,22312,14269,12166,4341,4328,1753,1558,10924,11106,406176,383366,24647,27579,19484,17333,6950,6993,2703,2499
R,12,2023,47,3955539,1972159,1983380,1501406,1461928,251913,282321,27175,25209,146798,165771,5868,5466,38999,42685,1535033,1498293,265320,298499,41785,41176,162518,182735,10258,9992,1540271,1568635,1118270,1096160,232848,261001,13618,13757,142619,161535,4221,4017,28695,32165,1142707,1123248,241691,272276,23305,24836,155897,175885,7684,7668,431888,414745,383136,365768,19065,21320,13557,11452,4179,4236,1647,1449,10304,10520,392326,375045,23629,26223,18480,16340,6621,6850,2574,2324
R,12,2023,48,3935737,1961738,1973999,1494410,1455292,250530,281709,26558,25159,147951,165986,5614,5366,36675,40487,1525877,1489821,263313,296790,40608,40456,162608,182151,9561,9588,1537158,1565128,1116531,1093702,232244,261171,13316,13752,143882,161877,4071,3999,27114,30627,1139495,1119573,240732,271617,22802,24401,156283,175652,7227,7393,424580,408871,377879,361590,18286,20538,13242,11407,4069,4109,1543,1367,9561,9860,386382,370248,22581,25173,17806,16055,6325,6499,2334,2195
R,12,2023,49,3918770,1951325,1967445,1492233,1457849,246709,278414,26178,24763,145979,162369,5522,5129,34704,38921,1521793,1490861,258495,292829,39755,39814,159858,177789,9451,9135,1537366,1565655,1122130,1100966,229620,259194,13231,13554,142158,158495,4053,3819,26174,29627,1144205,1125780,237718,269264,22505,24150,154109,171774,7230,7063,413959,401790,370103,356883,17089,19220,12947,11209,3821,3874,1469,1310,8530,9294,377588,365081,20777,23565,17250,15664,5749,6015,2221,2072
R,12,2023,50,3877303,1927741,1949562,1473436,1442951,244828,277278,25256,24511,145028,162212,5224,5079,33969,37531,1502332,1474632,256147,290977,38538,39088,158852,177265,9006,9027,1531335,1560794,1118667,1097341,228580,258677,12855,13587,141495,158447,3870,3790,25868,28952,1140401,1121489,236295,268413,22157,24111,153463,171456,6985,6990,396406,388768,354769,345610,16248,18601,12401,10924,3533,3765,1354,1289,8101,8579,361931,353143,19852,22564,16381,14977,5389,5809,2021,2037
R,12,2023,51,4019620,1999165,2020455,1532737,1501457,255546,288315,26132,24808,145488,163241,5283,5044,33979,37590,1561553,1533169,266457,301748,39925,39878,159228,178169,9075,9010,1601430,1630498,1176485,1154421,239537,269772,13463,13906,141840,159487,3965,3736,26140,29176,1198397,1178712,247115,279387,23304,24882,153795,172466,7033,7021,397735,389957,356252,347036,16009,18543,12669,10902,3648,3754,1318,1308,7839,8414,363156,354457,19342,22361,16621,14996,5433,5703,2042,1989
R,12,2023,52,4222975,2104344,2118631,1636494,1597162,262185,296098,25899,25360,140441,157112,5311,4913,34014,37986,1665279,1629254,273034,309477,40041,41057,153935,171795,9168,8998,1714839,1736518,1287397,1257075,246501,278143,13924,14481,136740,153492,3937,3698,26340,29629,1309433,1281831,254086,287698,24183,26121,148481,166244,7116,7066,389505,382113,349097,340087,15684,17955,11975,10879,3701,3620,1374,1215,7674,8357,355846,347423,18948,21779,15858,14936,5454,5551,2052,1932
R,12,2023,53,4356549,2172983,2183566,1697111,1655924,269451,301897,26451,25488,140323,157206,5148,5116,34499,37935,1726337,1687756,280525,315191,41145,41566,153518,171705,9148,9381,1784444,1807875,1348868,1321776,253727,284094,14464,14746,136718,153545,3853,3865,26814,29849,1371316,1346555,261538,293780,25240,26845,148145,166057,7151,7396,388539,375691,348243,334148,15724,17803,11987,10742,3605,3661,1295,1251,7685,8086,355021,341201,18987,21411,15905,14721,5373,5648,1997,1985
R,12,2023,54,4157277,2067941,2089336,1623273,1593745,251351,282997,24662,24162,131557,148608,5127,4942,31971,34882,1650381,1622990,261229,294870,38580,39389,143808,161879,8913,8849,1700317,1731670,1293525,1274891,236531,266410,13624,14163,128161,145119,3896,3799,24580,27288,1314116,1297544,243264,274888,23769,25611,138763,156551,7012,7034,367624,357666,329748,318854,14820,16587,11038,9999,3396,3489,1231,1143,7391,7594,336265,325446,17965,19982,14811,13778,5045,5328,1901,1815
R,12,2023,55,4044692,2011009,2033683,1577349,1550840,245852,276211,24373,23350,128922,145643,4597,4759,29916,32880,1602580,1578276,254906,287267,37754,37988,140313,157947,8096,8559,1658584,1691428,1261304,1245711,231365,260094,13492,13870,125853,142402,3449,3601,23121,25750,1280575,1266911,237532,267927,23409,24981,135734,153120,6340,6775,352425,342255,316045,305129,14487,16117,10881,9480,3069,3241,1148,1158,6795,7130,322005,311365,17374,19340,14345,13007,4579,4827,1756,1784
R,12,2023,56,3997214,1979062,2018152,1562535,1547519,242593,276593,23192,23215,117543,134648,4697,4634,28502,31543,1586570,1573780,251086,287325,36260,37596,128220,146059,8002,8350,1641441,1686795,1259491,1251927,228751,260857,13078,14133,114535,131630,3543,3555,22043,24693,1277826,1272235,234505,268455,22795,25123,123796,141440,6339,6666,337621,331357,303044,295592,13842,15736,10114,9082,3008,3018,1154,1079,6459,6850,308744,301545,16581,18870,13465,12473,4424,4619,1663,1684
R,12,2023,57,4024715,1985956,2038759,1570711,1568565,244847,280805,23018,23073,114876,130781,4688,4708,27816,30827,1593896,1594147,253274,291224,36056,37500,125069,141739,8083,8322,1656924,1715516,1275121,1279994,231372,265650,13246,14360,111945,127774,3600,3658,21640,24080,1292881,1299727,237080,273007,23144,25362,120738,137210,6474,6679,329032,323243,295590,288571,13475,15155,9772,8713,2931,3007,1088,1050,6176,6747,301015,294420,16194,18217,12912,12138,4331,4529,1609,1643
R,12,2023,58,4145286,2040019,2105267,1615697,1622798,252282,289687,23848,23853,115548,132911,4694,4720,27950,31298,1639003,1648750,260511,299957,37298,38764,125645,144002,8111,8424,1714493,1784460,1323760,1336759,238547,274381,14045,15110,112693,129865,3667,3721,21781,24624,1341656,1356891,244158,281676,24260,26667,121445,139420,6539,6836,325526,320807,291937,286039,13735,15306,9803,8743,2855,3046,1027,999,6169,6674,297347,291859,16353,18281,13038,12097,4200,4582,1572,1588
R,12,2023,59,4292818,2101619,2191199,1676208,1703274,254166,294779,23780,24223,114864,132680,4569,4750,28032,31493,1699581,1729305,262152,304862,37644,39901,124896,143517,7996,8464,1789604,1876332,1396172,1421963,241218,279930,14426,15755,112091,129848,3594,3756,22103,25080,1414370,1442421,246704,287139,25158,28208,120806,139252,6470,6897,312015,314867,280036,281311,12948,14849,9354,8468,2773,2832,975,994,5929,6413,285211,286884,15448,17723,12486,11693,4090,4265,1526,1567
R,12,2023,60,4301986,2104707,2197279,1684220,1715752,248330,287412,23383,23747,116608,134555,4340,4599,27826,31214,1707446,1741514,256052,297161,37394,39318,126510,145308,7674,8354,1806220,1894165,1416469,1445289,235771,273167,14496,15451,113953,131746,3391,3640,22140,24872,1434751,1465541,241119,280133,25469,27858,122605,141034,6217,6807,298487,303114,267751,270463,12559,14245,8887,8296,2655,2809,949,959,5686,6342,272695,275973,14933,17028,11925,11460,3905,4274,1457,1547
R,12,2023,61,4305406,2099567,2205839,1687111,1732109,245052,285904,22840,23717,112982,128674,4364,4554,27218,30881,1709895,1757499,252451,295605,36404,39487,122728,139165,7725,8205,1813278,1912933,1429885,1470441,233300,272578,14249,15581,110416,125964,3475,3635,21953,24734,1448067,1490534,238420,279523,25093,28228,118988,135038,6373,6697,286289,292906,257226,261668,11752,13326,8591,8136,2566,2710,889,919,5265,6147,261828,266965,14031,16082,11311,11259,3740,4127,1352,1508
R,12,2023,62,4285183,2085428,2199755,1692824,1742722,237245,279924,22195,23508,102050,119223,4184,4249,26930,30129,1715318,1767457,244440,289331,35976,39236,111623,129282,7425,7811,1816944,1923396,1451747,1495806,226125,267355,14215,15888,99741,116644,3380,3404,21736,24299,1469698,1515514,231160,274152,25251,28650,108130,125376,6146,6401,268484,276359,241077,246916,11120,12569,7980,7620,2309,2579,804,845,5194,5830,245620,251943,13280,15179,10725,10586,3493,3906,1279,1410
R,12,2023,63,4267063,2070466,2196597,1674164,1733638,238750,281193,21778,23380,105162,124689,4149,4285,26463,29412,1696374,1757725,245741,290168,35435,38844,114430,134560,7315,7761,1807390,1924010,1437944,1489725,227817,268878,13937,15931,102820,122082,3354,3473,21518,23921,1455810,1509084,232764,275475,24954,28531,111023,130661,6025,6435,263076,272587,236220,243913,10933,12315,7841,7449,2342,2607,795,812,4945,5491,240564,248641,12977,14693,10481,10313,3407,3899,1290,1326
R,12,2023,64,4140106,2002339,2137767,1626846,1694350,226956,271189,20565,22112,98811,118176,3930,3914,25231,28026,1647943,1717396,233451,279757,33658,37112,107837,127313,6934,7161,1761217,1885008,1410301,1468624,216892,259470,13519,15119,96680,115788,3198,3196,20627,22811,1427420,1487147,221495,265751,24154,27417,104628,123759,5746,5958,241122,252759,216545,225726,10064,11719,7046,6993,2131,2388,732,718,4604,5215,220523,230249,11956,14006,9504,9695,3209,3554,1188,1203
R,12,2023,65,4069887,1959676,2110211,1596707,1677764,218242,262566,19090,21179,98064,118122,3663,3811,23910,26769,1616663,1699716,224466,270621,31818,35726,106318,126831,6393,6812,1736778,1871138,1396840,1463914,208588,251464,12735,14732,96076,115933,2988,3141,19551,21954,1413003,1481741,212977,257391,23161,26774,103373,123526,5311,5723,222898,239073,199867,213850,9654,11102,6355,6447,1988,2189,675,670,4359,4815,203660,217975,11489,13230,8657,8952,2945,3305,1082,1089
R,12,2023,66,4028101,1931340,2096761,1580105,1675337,209776,256275,18998,20588,95567,114904,3505,3670,23389,25987,1599541,1696668,215874,264067,31566,35126,103587,122989,6238,6616,1717407,1865047,1388018,1467625,200824,245687,12622,14498,93734,112942,2893,2993,19316,21302,1403914,1484904,205233,251404,22995,26570,100894,119985,5237,5509,213933,231714,192087,207712,8952,10588,6376,6090,1833,1962,612,677,4073,4685,195627,211764,10641,12663,8571,8556,2693,3004,1001,1107
R,12,2023,67,3874288,1846441,2027847,1513833,1618709,197569,247973,17813,19682,92022,112929,3263,3470,21941,25084,1532187,1639342,203256,255461,29738,33867,99384,120671,5782,6295,1647343,1808841,1335292,1422678,189063,237824,11865,13952,90279,110835,2679,2916,18165,20636,1350352,1439466,193132,243320,21752,25804,96850,117582,4860,5330,199098,219006,178541,196031,8506,10149,5948,5730,1743,2094,584,554,3776,4448,181835,199876,10124,12141,7986,8063,2534,3089,922,965
R,12,2023,68,3728949,1766974,1961975,1452612,1570976,184252,233970,16903,18643,89311,111442,3051,3415,20845,23529,1469970,1590171,189578,241032,28311,31884,96294,118775,5458,6065,1578744,1751435,1283579,1381983,176165,224522,11406,13268,87666,109509,2551,2815,17377,19338,1297913,1397553,179994,229708,20956,24321,93915,115919,4645,5086,188230,210540,169033,188993,8087,9448,5497,5375,1645,1933,500,600,3468,4191,172057,192618,9584,11324,7355,7563,2379,2856,813,979
R,12,2023,69,3622602,1707471,1915131,1410059,1540425,173592,224316,15678,17640,85801,107104,2896,3245,19445,22401,1426231,1558714,178527,230938,26534,30354,92232,113959,5111,5838,1533862,1716971,1253479,1361925,166301,215676,10901,12815,84348,105319,2431,2707,16402,18529,1267001,1376833,169931,220569,20126,23505,90116,111355,4372,4954,173609,198160,156580,178500,7291,8640,4777,4825,1453,1785,465,538,3043,3872,159230,181881,8596,10369,6408,6849,2116,2604,739,884
R,12,2023,70,3438241,1611510,1826731,1340575,1479693,156772,207635,14394,16208,79180,99473,2615,2896,17974,20826,1355621,1496735,161161,213684,24653,28164,84968,105854,4640,5278,1454472,1644593,1199001,1315458,150087,199672,10070,11812,77888,97907,2205,2418,15221,17326,1211678,1329458,153288,204157,18837,21914,83091,103550,3989,4513,157038,182138,141574,164235,6685,7963,4324,4396,1292,1566,410,478,2753,3500,143943,167277,7873,9527,5816,6250,1877,2304,651,765
R,12,2023,71,3333525,1554231,1779294,1297989,1444645,146318,198458,13323,15434,77573,98540,2549,2828,16479,19389,1311685,1460542,150393,204030,22674,26745,82935,104366,4478,5078,1408722,1607490,1166676,1289468,140156,190947,9400,11371,76315,97035,2193,2367,13982,16302,1178192,1302674,143156,195185,17439,21056,81133,102152,3884,4313,145509,171804,131313,155177,6162,7511,3923,4063,1258,1505,356,461,2497,3087,133493,157868,7237,8845,5235,5689,1802,2214,594,765
R,12,2023,72,3142613,1456984,1685629,1223841,1373957,135101,187511,12338,14309,68054,89264,2191,2537,15459,18051,1236668,1388812,138869,192736,21393,25092,72917,94377,4004,4567,1321883,1526137,1101365,1230030,129600,180441,8879,10541,66947,87883,1884,2124,13208,15118,1112245,1242294,132439,184378,16656,19787,71334,92376,3490,3891,135101,159492,122476,143927,5501,7070,3459,3768,1107,1381,307,413,2251,2933,124423,146518,6430,8358,4737,5305,1583,2001,514,676
R,12,2023,73,2955324,1360081,1595243,1133000,1291070,129146,179398,11863,13682,69138,91575,2204,2385,14730,17133,1145283,1304985,132784,184457,20442,23715,73729,96732,3908,4384,1232934,1440738,1018000,1151534,123802,172571,8611,10031,68062,90213,1870,2036,12589,14353,1028422,1163062,126514,176376,16033,18612,72194,94717,3400,3763,127147,154505,115000,139536,5344,6827,3252,3651,1076,1362,334,349,2141,2780,116861,141923,6270,8081,4409,5103,1535,2015,508,621
R,12,2023,74,2844252,1305063,1539189,1094528,1254515,117737,167413,11160,12706,65892,86093,2115,2366,13631,16096,1105877,1267657,121018,172106,19311,22312,70027,90668,3728,4219,1188523,1396780,988912,1125511,113016,161225,8130,9514,64953,84888,1807,2011,11705,13631,998596,1136520,115518,164812,15209,17855,68651,88915,3229,3645,116540,142409,105616,129004,4721,6188,3030,3192,939,1205,308,355,1926,2465,107281,131137,5500,7294,4102,4457,1376,1753,499,574
R,12,2023,75,2762138,1264052,1498086,1067001,1230975,109779,157392,10390,12032,62174,80097,1945,2230,12763,15360,1077597,1243638,112901,161778,18018,21201,66040,84476,3419,3952,1156545,1364278,969510,1109653,105408,151750,7704,9072,61288,78925,1667,1917,10968,12961,978547,1120224,107793,155067,14351,17032,64747,82756,2979,3423,107507,133808,97491,121322,4371,5642,2686,2960,886,1172,278,313,1795,2399,99050,123414,5108,6711,3667,4169,1293,1720,440,529
R,12,2023,76,2813961,1289684,1524277,1106072,1276081,101520,145717,10060,11350,57562,73940,1819,2019,12651,15170,1116706,1288709,104527,149949,17852,20680,61149,78066,3274,3671,1187545,1396666,1013206,1160005,97585,140404,7460,8655,56752,72887,1572,1740,10970,12975,1022377,1170699,99889,143686,14343,16810,59948,76553,2881,3219,102139,127611,92866,116076,3935,5313,2600,2695,810,1053,247,279,1681,2195,94329,118010,4638,6263,3509,3870,1201,1513,393,452
R,12,2023,77,2355410,1074009,1281401,918921,1069113,83328,122295,8523,9763,50937,65609,1607,1758,10693,12863,927962,1079790,85810,125803,14988,17427,54019,69280,2875,3251,984945,1167383,837867,965480,79851,117439,6329,7451,50278,64634,1391,1516,9229,10863,845640,974402,81739,120089,12019,14067,53027,67871,2513,2846,89064,114018,81054,103633,3477,4856,2194,2312,659,975,216,242,1464,2000,82322,105388,4071,5714,2969,3360,992,1409,362,405
R,12,2023,78,1899918,848355,1051563,718088,868540,69982,106443,6933,8328,43246,55851,1375,1601,8731,10800,725367,877475,72045,109398,12095,14704,45891,58989,2488,2883,771529,949880,648075,775965,67004,102201,5127,6246,42630,55011,1192,1378,7501,9079,654278,783402,68559,104411,9634,11715,44993,57765,2178,2509,76826,101683,70013,92575,2978,4242,1806,2082,616,840,183,223,1230,1721,71089,94073,3486,4987,2461,2989,898,1224,310,374
R,12,2023,79,1826440,809829,1016611,689343,844070,64310,99983,6413,7787,40293,52833,1197,1441,8273,10497,696315,852758,66240,102947,11350,14005,42722,55828,2244,2716,741040,923242,626576,758917,61602,96253,4837,5860,39792,52041,1045,1247,7188,8924,632593,766239,63083,98511,9218,11275,41975,54678,1987,2391,68789,93369,62767,85153,2708,3730,1576,1927,501,792,152,194,1085,1573,63722,86519,3157,4436,2132,2730,747,1150,257,325
R,12,2023,80,1807687,794348,1013339,683954,853546,59554,94777,5847,7394,36332,46462,1094,1229,7567,9931,690374,861847,61201,97470,10511,13384,38436,49174,2071,2401,731844,925899,626788,773732,57116,91268,4491,5614,35847,45786,969,1067,6633,8432,632410,780733,58387,93293,8669,10841,37727,48166,1842,2115,62504,87440,57166,79814,2438,3509,1356,1780,485,676,125,162,934,1499,57964,81114,2814,4177,1842,2543,709,1008,229,286
R,12,2023,81,1629109,708576,920533,607971,772531,53127,86459,5301,6625,34393,44990,913,1176,6871,8752,613745,779813,54734,88844,9519,11951,36328,47380,1712,2162,652875,840268,557018,699186,50938,83212,4132,5012,33994,44369,792,1001,6001,7488,562046,705377,52179,85025,7904,9694,35722,46480,1497,1885,55701,80265,50953,73345,2189,3247,1169,1613,399,621,121,175,870,1264,51699,74436,2555,3819,1615,2257,606,900,215,277
R,12,2023,82,1380443,591475,788968,505575,659636,44787,75413,4635,5727,29728,39439,817,992,5933,7761,510555,666091,46144,77506,8197,10438,31483,41598,1536,1871,542688,719130,460935,595588,42915,72707,3591,4426,29367,38893,723,837,5157,6679,465248,601114,43945,74323,6765,8578,30933,40791,1364,1619,48787,69838,44640,64048,1872,2706,1044,1301,361,546,94,155,776,1082,45307,64977,2199,3183,1432,1860,550,807,172,252
R,12,2023,83,1232086,518957,713129,440347,593037,40094,69552,4131,5337,28244,37298,768,930,5373,6975,444847,598833,41298,71464,7329,9468,29912,39287,1423,1762,473836,646722,399000,532241,38361,66878,3185,4087,27900,36784,677,777,4713,5955,402936,537145,39295,68338,6025,7691,29405,38551,1270,1515,45121,66407,41347,60796,1733,2674,946,1250,344,514,91,153,660,1020,41911,61688,2003,3126,1304,1777,507,736,153,247
R,12,2023,84,1087576,451327,636249,383266,529597,34630,61777,3506,4688,24655,32899,625,884,4645,6404,387191,534909,35693,63502,6232,8493,26060,34725,1199,1663,411834,576851,347122,475221,33053,59365,2710,3581,24354,32439,540,742,4055,5503,350531,479775,33872,60674,5131,6934,25623,34050,1060,1425,39493,59398,36144,54376,1577,2412,796,1107,301,460,85,142,590,901,36660,55134,1821,2828,1101,1559,437,675,139,238
R,12,2023,85,1002337,409856,592481,349382,496157,30413,55758,3200,4343,22138,29824,566,766,4157,5633,352891,500857,31356,57276,5699,7654,23385,31448,1044,1431,374550,537741,316988,446013,29075,53547,2508,3345,21875,29427,485,625,3619,4784,320028,449977,29788,54699,4730,6228,22992,30849,916,1198,35306,54740,32394,50144,1338,2211,692,998,263,397,81,141,538,849,32863,50880,1568,2577,969,1426,393,599,128,233
R,12,2023,86,871254,350311,520943,297659,434447,26264,49665,2703,3795,19520,27261,500,701,3665,5074,300795,438683,27128,51065,4861,6718,20620,28723,918,1326,319489,472636,269336,390191,25119,47721,2110,2940,19299,26881,431,576,3194,4327,272062,393775,25770,48785,4037,5506,20287,28170,799,1130,30822,48307,28323,44256,1145,1944,593,855,221,380,69,125,471,747,28733,44908,1358,2280,824,1212,333,553,119,196
R,12,2023,87,763653,301419,462234,256113,386273,22308,43669,2343,3321,17056,23950,427,584,3172,4437,258793,389954,23014,44898,4167,5891,18073,25244,812,1096,274448,419088,231279,346604,21265,41987,1854,2564,16876,23627,374,505,2800,3801,233632,349736,21808,42932,3491,4800,17803,24783,724,960,26971,43146,24834,39669,1043,1682,489,757,180,323,53,79,372,636,25161,40218,1206,1966,676,1091,270,461,88,136
R,12,2023,88,673738,260624,413114,221144,344457,19504,39283,2018,3024,14873,21748,381,516,2704,4086,223405,347845,20123,40374,3576,5373,15712,22963,736,989,237199,374614,199561,309118,18616,37791,1593,2300,14710,21450,341,430,2378,3525,201546,312024,19101,38644,2992,4369,15463,22526,657,850,23425,38500,21583,35339,888,1492,425,724,163,298,40,86,326,561,21859,35821,1022,1730,584,1004,249,437,79,139
R,12,2023,89,576727,218703,358024,185822,299718,16033,33512,1650,2527,12533,18371,333,433,2332,3463,187814,302596,16566,34459,2955,4524,13286,19420,625,845,199309,325348,167876,269649,15355,32287,1305,1916,12391,18119,292,373,2090,3004,169660,272137,15788,33032,2494,3677,13068,19054,558,736,19394,32676,17946,30069,678,1225,345,611,142,252,41,60,242,459,18154,30459,778,1427,461,847,218,366,67,109
R,12,2023,90,481629,178546,303083,151612,252821,12829,28215,1370,2073,10550,16631,282,366,1903,2977,153221,255292,13254,29015,2435,3766,11188,17521,519,751,162935,275699,137193,227563,12278,27170,1087,1614,10440,16428,246,325,1691,2599,138622,229710,12615,27803,2046,3126,11022,17226,457,668,15611,27384,14419,25258,551,1045,283,459,110,203,36,41,212,378,14599,25582,639,1212,389,640,166,295,62,83
R,12,2023,91,427441,154156,273285,130970,228449,11064,25140,1170,1881,9056,14849,230,332,1666,2634,132377,230647,11458,25873,2082,3387,9610,15608,443,666,140851,249206,118644,206206,10600,24230,925,1486,8962,14677,210,293,1510,2314,119915,208128,10929,24831,1760,2840,9471,15350,406,590,13305,24079,12326,22243,464,910,245,395,94,172,20,39,156,320,12462,22519,529,1042,322,547,139,258,37,76
R,12,2023,92,351638,123490,228148,106188,192972,7854,19164,889,1489,7076,12083,181,256,1302,2184,107296,194792,8158,19762,1600,2742,7516,12714,354,532,112790,208599,96216,174863,7533,18478,704,1164,7016,11956,159,226,1162,1912,97202,176448,7788,18955,1338,2284,7417,12523,310,471,10700,19549,9972,18109,321,686,185,325,60,127,22,30,140,272,10094,18344,370,807,262,458,99,191,44,61
R,12,2023,93,303076,103228,199848,87921,167902,6841,17014,771,1312,6395,11409,164,239,1136,1972,88880,169553,7100,17558,1406,2420,6775,11998,312,479,94160,182380,79500,151714,6536,16406,615,1027,6341,11301,147,208,1021,1724,80365,153150,6746,16832,1191,2015,6686,11829,285,425,9068,17468,8421,16188,305,608,156,285,54,108,17,31,115,248,8515,16403,354,726,215,405,89,169,27,54
R,12,2023,94,233789,76399,157390,64981,132100,5000,13576,591,1015,4807,8942,124,202,896,1555,65739,133379,5212,14031,1093,1884,5095,9394,248,404,69756,144187,58820,119888,4787,13108,477,811,4767,8830,113,181,792,1369,59491,121012,4957,13475,926,1593,5023,9234,220,358,6643,13203,6161,12212,213,468,114,204,40,112,11,21,104,186,6248,12367,255,556,167,291,72,160,28,46
R,12,2023,95,189208,59618,129590,50745,108776,3791,10931,467,842,3821,7510,82,160,712,1371,51335,109915,3963,11325,877,1624,4051,7906,172,340,54601,119123,46072,99159,3632,10541,380,667,3795,7420,75,138,647,1198,46608,100147,3779,10861,760,1365,4007,7774,154,298,5017,10467,4673,9617,159,390,87,175,26,90,7,22,65,173,4727,9768,184,464,117,259,44,132,18,42
R,12,2023,96,145648,44029,101619,37195,85191,2838,8590,336,673,3043,5988,63,117,554,1060,37661,86066,2969,8870,638,1305,3223,6283,138,260,40522,93839,33922,78008,2738,8308,279,541,3023,5927,56,104,504,951,34343,78793,2849,8538,558,1118,3190,6192,125,229,3507,7780,3273,7183,100,282,57,132,20,61,7,13,50,109,3318,7273,120,332,80,187,33,91,13,31
R,12,2023,97,106828,30909,75919,25980,63449,1992,6361,252,517,2223,4675,41,105,421,812,26336,64132,2097,6603,482,968,2359,4901,101,207,28445,70281,23697,58239,1912,6152,216,429,2208,4634,37,96,375,731,24015,58851,1994,6357,426,840,2329,4841,87,189,2464,5638,2283,5210,80,209,36,88,15,41,4,9,46,81,2321,5281,103,246,56,128,30,60,14,18
R,12,2023,98,78163,21670,56493,17955,46881,1435,4737,179,369,1757,3769,31,77,313,660,18216,47424,1521,4934,350,743,1859,3950,73,161,20002,52454,16416,43145,1387,4588,151,309,1746,3744,27,70,275,598,16645,43639,1454,4759,302,656,1837,3902,64,142,1668,4039,1539,3736,48,149,28,60,11,25,4,7,38,62,1571,3785,67,175,48,87,22,48,9,19
R,12,2023,99,55850,14837,41013,12205,33986,961,3401,129,297,1308,2786,20,57,214,486,12378,34378,1019,3552,249,574,1384,2923,48,123,13765,38255,11211,31432,928,3301,111,253,1301,2767,20,52,194,450,11368,31797,976,3435,223,514,1370,2891,45,112,1072,2758,994,2554,33,100,18,44,7,19,0,5,20,36,1010,2581,43,117,26,60,14,32,3,11
R,12,2023,100,94999,22883,72116,17864,57682,1569,6292,232,570,2728,6418,45,123,445,1031,18225,58505,1703,6639,469,1148,2882,6702,115,274,21265,67759,16376,53656,1515,6133,207,510,2711,6389,41,115,415,956,16715,54419,1638,6446,429,1051,2856,6650,102,254,1618,4357,1488,4026,54,159,25,60,17,29,4,8,30,75,1510,4086,65,193,40,97,26,52,13,20
