UNIVERSE,MONTH,YEAR,AGE,TOT_POP,TOT_MALE,TOT_FEMALE,WA_MALE,WA_FEMALE,BA_MALE,BA_FEMALE,IA_MALE,IA_FEMALE,AA_MALE,AA_FEMALE,NA_MALE,NA_FEMALE,TOM_MALE,TOM_FEMALE,WAC_MALE,WAC_FEMALE,BAC_MALE,BAC_FEMALE,IAC_MALE,IAC_FEMALE,AAC_MALE,AAC_FEMALE,NAC_MALE,NAC_FEMALE,NH_MALE,NH_FEMALE,NHWA_MALE,NHWA_FEMALE,NHBA_MALE,NHBA_FEMALE,NHIA_MALE,NHIA_FEMALE,NHAA_MALE,NHAA_FEMALE,NHNA_MALE,NHNA_FEMALE,NHTOM_MALE,NHTOM_FEMALE,NHWAC_MALE,NHWAC_FEMALE,NHBAC_MALE,NHBAC_FEMALE,NHIAC_MALE,NHIAC_FEMALE,NHAAC_MALE,NHAAC_FEMALE,NHNAC_MALE,NHNAC_FEMALE,H_MALE,H_FEMALE,HWA_MALE,HWA_FEMALE,HBA_MALE,HBA_FEMALE,HIA_MALE,HIA_FEMALE,HAA_MALE,HAA_FEMALE,HNA_MALE,HNA_FEMALE,HTOM_MALE,HTOM_FEMALE,HWAC_MALE,HWAC_FEMALE,HBAC_MALE,HBAC_FEMALE,HIAC_MALE,HIAC_FEMALE,HAAC_MALE,HAAC_FEMALE,HNAC_MALE,HNAC_FEMALE
R,1,2021,999,331845405,162887446,168957959,120840380,123653528,21200918,23216566,3225878,3152346,9936836,10902242,435498,434886,7247936,7598391,127489088,130611879,23937745,26135571,6340800,6517637,12158733,13141112,919654,919333,131669718,137458065,95927764,98447398,19368857,21334148,1132531,1165152,9526449,10484853,323665,322961,5390452,5703553,100877286,103674819,21358778,23477946,3263677,3524531,11297325,12269700,678307,678565,31217728,31499894,24912616,25206130,1832061,1882418,2093347,1987194,410387,417389,111833,111925,1857484,1894838,26611802,26937060,2578967,2657625,3077123,2993106,861408,871412,241347,240768
R,1,2021,0,3611349,1846308,1765041,1205173,1148822,302065,292511,42131,40325,110816,104661,6433,6036,179690,172686,1373537,1310381,389583,377290,91923,88225,174082,165107,16741,15898,1354123,1291734,849600,806910,261715,253434,12979,12508,101588,95637,4479,4204,123762,119041,966175,918918,321721,311854,41568,39864,148227,140207,10979,10282,492185,473307,355573,341912,40350,39077,29152,27817,9228,9024,1954,1832,55928,53645,407362,391463,67862,65436,50355,48361,25855,24900,5762,5616
R,1,2021,1,3725203,1902923,1822280,1259469,1200541,297042,290490,43716,41983,114425,108184,6888,6497,181383,174585,1429376,1363844,384841,375702,94068,90522,178541,169477,17388,16444,1414954,1352085,904458,858099,258926,253611,14690,14197,105507,99519,4792,4632,126581,122027,1023626,972821,319931,313165,44092,42502,153360,145253,11522,10918,487969,470195,355011,342442,38116,36879,29026,27786,8918,8665,2096,1865,54802,52558,405750,391023,64910,62537,49976,48020,25181,24224,5866,5526
R,1,2021,2,3781700,1931325,1850375,1281488,1223356,302773,294973,44591,43436,115627,109696,7041,6685,179805,172229,1449908,1384413,389423,378366,94817,91510,179052,170388,17682,16647,1439648,1375831,922218,876376,264584,258201,15075,14671,106734,101118,4961,4794,126076,120671,1040869,989749,325300,316789,44396,42676,154301,146369,11782,11172,491677,474544,359270,346980,38189,36772,29516,28765,8893,8578,2080,1891,53729,51558,409039,394664,64123,61577,50421,48834,24751,24019,5900,5475
R,1,2021,3,3852940,1969571,1883369,1309237,1248361,308938,299619,46123,44074,119536,113772,7303,6639,178434,170904,1476132,1408036,394214,382255,96823,92589,182406,173471,18047,16653,1469252,1400640,940667,892595,271082,262946,15937,15222,110693,105257,5240,4715,125633,119905,1058704,1005237,331085,321125,45806,43473,157965,149868,12223,11065,500319,482729,368570,355766,37856,36673,30186,28852,8843,8515,2063,1924,52801,50999,417428,402799,63129,61130,51017,49116,24441,23603,5824,5588
R,1,2021,4,3950525,2018340,1932185,1350563,1287743,308392,300936,48491,46740,124042,117946,7334,6952,179518,171868,1518254,1448201,392880,382940,100570,96863,187283,177846,18208,17218,1502126,1435062,969082,920236,269964,263931,16405,15911,114933,109294,5234,4945,126508,120745,1087870,1033568,329490,321797,47064,45363,162554,154060,12249,11530,516214,497123,381481,367507,38428,37005,32086,30829,9109,8652,2100,2007,53010,51123,430384,414633,63390,61143,53506,51500,24729,23786,5959,5688
R,1,2021,5,3991003,2039786,1951217,1371378,1306215,312197,303247,49045,47600,122289,116544,7228,6965,177649,170646,1537435,1465493,395454,384440,101611,97858,184310,175584,17951,17218,1517270,1448552,982996,932583,273905,266359,16612,16150,113295,107915,5161,4932,125301,120613,1100707,1045732,332846,324175,47694,45840,159844,152266,12085,11550,522516,502665,388382,373632,38292,36888,32433,31450,8994,8629,2067,2033,52348,50033,436728,419761,62608,60265,53917,52018,24466,23318,5866,5668
R,1,2021,6,4010147,2048735,1961412,1379095,1313925,312083,303855,49673,48177,125721,119551,7237,7033,174926,168871,1542556,1471514,393492,383817,102232,98971,186625,177363,17683,17012,1529586,1460585,991941,941224,274212,267166,16845,16260,116908,111216,5199,4994,124481,119725,1108831,1053510,332330,324306,48299,46381,163047,154843,12066,11513,519149,500827,387154,372701,37871,36689,32828,31917,8813,8335,2038,2039,50445,49146,433725,418004,61162,59511,53933,52590,23578,22520,5617,5499
R,1,2021,7,3977871,2033236,1944635,1371856,1307204,310109,301482,50331,48112,122694,116621,7302,6876,170944,164340,1531526,1460468,389209,378718,102666,98464,181763,172680,17708,16762,1516920,1446996,985841,935486,273007,265360,16915,16193,114089,108370,5191,4830,121877,116757,1100232,1044939,329689,320804,48369,46282,158885,150635,12019,11273,516316,497639,386015,371718,37102,36122,33416,31919,8605,8251,2111,2046,49067,47583,431294,415529,59520,57914,54297,52182,22878,22045,5689,5489
R,1,2021,8,4028093,2057985,1970108,1388620,1323897,313058,304388,50420,48504,129050,122357,7468,7053,169369,163909,1546517,1476575,390866,380298,103128,99726,187570,178361,17777,16958,1535398,1466220,996085,945577,275433,268171,17155,16472,120550,114062,5289,4985,120886,116953,1109408,1055022,331216,322799,48844,47225,165067,156621,12094,11549,522587,503888,392535,378320,37625,36217,33265,32032,8500,8295,2179,2068,48483,46956,437109,421553,59650,57499,54284,52501,22503,21740,5683,5409
R,1,2021,9,4043508,2068766,1974742,1403505,1333861,315481,305701,51346,49644,123818,117559,7290,6970,167326,161007,1559503,1483817,391895,379672,104553,100779,180882,172292,17548,16786,1539031,1465763,1004425,951000,277440,269273,17116,16374,115151,109317,5123,4845,119776,114954,1116659,1058519,332609,322621,49370,47244,158536,150925,11926,11343,529735,508979,399080,382861,38041,36428,34230,33270,8667,8242,2167,2125,47550,46053,442844,425298,59286,57051,55183,53535,22346,21367,5622,5443
R,1,2021,10,4151512,2123414,2028098,1444598,1374750,325495,314665,52204,50245,123626,117925,7362,7011,170129,163502,1603238,1527070,402521,389647,107519,103497,180990,172474,17647,16856,1572487,1499162,1025200,972130,287845,277956,17204,16936,115016,109880,5199,4973,122023,117287,1139507,1081804,343534,332310,50796,49395,158857,151531,12123,11504,550927,528936,419398,402620,37650,36709,35000,33309,8610,8045,2163,2038,48106,46215,463731,445266,58987,57337,56723,54102,22133,20943,5524,5352
R,1,2021,11,4190883,2143592,2047291,1463686,1392259,328132,317082,52059,49913,123023,117918,7233,6866,169459,163253,1621547,1544291,405189,392709,106727,102487,180118,171893,17553,16847,1584512,1511049,1032363,978639,291140,281141,17659,17114,114816,110004,5022,4748,123512,119403,1147993,1090309,347972,337100,51630,50131,159018,151755,12029,11574,559080,536242,431323,413620,36992,35941,34400,32799,8207,7914,2211,2118,45947,43850,473554,453982,57217,55609,55097,52356,21100,20138,5524,5273
R,1,2021,12,4347129,2223933,2123196,1523820,1447121,341310,329146,53656,51576,125948,120877,7305,7010,171894,167466,1683757,1602904,419117,406094,110256,107141,182864,175279,18116,17149,1641392,1564410,1071781,1013869,302776,292758,18346,17677,117560,112790,5007,4788,125922,122528,1189314,1128392,360672,350053,53863,52534,161889,154911,12320,11684,582541,558786,452039,433252,38534,36388,35310,33899,8388,8087,2298,2222,45972,44938,494443,474512,58445,56041,56393,54607,20975,20368,5796,5465
R,1,2021,13,4380216,2239834,2140382,1540349,1465687,339562,327607,54932,53228,127950,122075,7305,6970,169736,164815,1698093,1618748,415763,402439,112630,109057,183697,175934,17781,17092,1652914,1575093,1083603,1026462,301833,291339,18521,17876,119420,114123,4976,4807,124561,120486,1199862,1138863,358336,346801,54933,52993,162980,155776,12238,11681,586920,565289,456746,439225,37729,36268,36411,35352,8530,7952,2329,2163,45175,44329,498231,479885,57427,55638,57697,56064,20717,20158,5543,5411
R,1,2021,14,4352834,2228378,2124456,1540887,1462162,335904,322683,55413,52530,123998,119371,7157,6851,165019,160859,1694104,1611558,408664,394651,112541,107966,178298,171402,17439,16751,1645535,1565909,1086451,1026803,299106,287139,18330,17598,115681,111543,4879,4641,121088,118185,1199368,1137088,353138,341042,54347,52732,158139,151990,11925,11391,582843,558547,454436,435359,36798,35544,37083,34932,8317,7828,2278,2210,43931,42674,494736,474470,55526,53609,58194,55234,20159,19412,5514,5360
R,1,2021,15,4303481,2204325,2099156,1535539,1450854,326119,314511,54437,52810,122754,120541,7139,6892,158337,153548,1682567,1593304,394548,382084,110596,106823,174674,170721,16840,16276,1631872,1552511,1087311,1023356,290579,280536,18095,17596,114849,113135,4877,4713,116161,113175,1195650,1128757,341412,331080,53791,51956,155553,152455,11531,11261,572453,546645,448228,427498,35540,33975,36342,35214,7905,7406,2262,2179,42176,40373,486917,464547,53136,51004,56805,54867,19121,18266,5309,5015
R,1,2021,16,4317311,2212032,2105279,1545188,1460303,326116,312169,54282,51777,125350,123816,7143,6719,153953,150495,1687952,1599839,391898,377708,109689,106015,176003,172347,16747,15929,1644614,1563761,1098873,1035388,291205,279053,18308,17066,117423,116477,4971,4657,113834,111120,1204860,1138743,340158,328071,54124,51941,157268,154775,11637,11057,567418,541518,446315,424915,34911,33116,35974,34711,7927,7339,2172,2062,40119,39375,483092,461096,51740,49637,55565,54074,18735,17572,5110,4872
R,1,2021,17,4320271,2214789,2105482,1553231,1465644,324471,311313,53986,51158,125625,124526,7215,6688,150261,146153,1692527,1601173,387441,373672,109606,104878,174544,171794,16600,15652,1653068,1570629,1111013,1045110,290313,278617,17900,17000,118024,117239,4969,4655,110849,108008,1214174,1145668,337344,325364,53696,51736,156577,154271,11500,10966,561721,534853,442218,420534,34158,32696,36086,34158,7601,7287,2246,2033,39412,38145,478353,455505,50097,48308,55910,53142,17967,17523,5100,4686
R,1,2021,18,4334059,2215637,2118422,1550801,1472367,329860,320026,54633,50886,129206,128104,7172,6810,143965,140229,1684117,1601835,389537,379449,108801,103132,176074,173361,16245,15545,1655015,1585288,1108875,1051754,295342,287084,17869,16931,121628,120933,5049,4753,106252,103833,1207489,1147984,339953,331787,52814,50722,158465,156626,11452,10884,560622,533134,441926,420613,34518,32942,36764,33955,7578,7171,2123,2057,37713,36396,476628,453851,49584,47662,55987,52410,17609,16735,4793,4661
R,1,2021,19,4500990,2283368,2217622,1597178,1541271,346494,342872,54313,50185,139524,139237,7407,7328,138452,136729,1724632,1667204,404012,401020,106233,100371,184687,183759,16641,16356,1718749,1678936,1150622,1114148,310904,308852,17755,17363,132098,131786,5215,5221,102155,101566,1244914,1207927,353758,352720,51279,49877,167737,167121,11746,11695,564619,538686,446556,427123,35590,34020,36558,32822,7426,7451,2192,2107,36297,35163,479718,459277,50254,48300,54954,50494,16950,16638,4895,4661
R,1,2021,20,4747238,2403093,2344145,1679602,1628363,367333,364629,55636,51158,156955,157340,8217,8000,135350,134655,1803832,1751826,423030,422217,106219,99768,201712,201936,17478,17065,1827179,1795675,1223131,1192511,330537,329528,18379,17789,149143,149563,5979,5769,100010,100515,1315139,1284919,372027,372891,50931,49413,184644,185192,12647,12266,575914,548470,456471,435852,36796,35101,37257,33369,7812,7777,2238,2231,35340,34140,488693,466907,51003,49326,55288,50355,17068,16744,4831,4799
R,1,2021,21,4577788,2322930,2254858,1639576,1578917,346010,345213,52785,48063,150334,148727,8007,7571,126218,126367,1755238,1694964,397867,398895,100650,94123,191497,190111,16712,16001,1772128,1732577,1200857,1162762,311390,311742,17522,16765,142994,141399,5852,5449,93513,94460,1286771,1249698,350194,352492,48437,46706,175848,174533,12078,11459,550802,522281,438719,416155,34620,33471,35263,31298,7340,7328,2155,2122,32705,31907,468467,445266,47673,46403,52213,47417,15649,15578,4634,4542
R,1,2021,22,4504093,2287122,2216971,1616513,1552538,337504,337019,51844,47508,150872,148973,7779,7439,122610,123494,1728874,1665996,386802,389083,98880,93446,190856,188849,16321,15565,1748187,1705778,1187386,1145131,303620,304733,16846,16071,143546,141666,5669,5400,91120,92777,1271057,1230634,340624,344206,47385,46271,175542,173763,11854,11293,538935,511193,429127,407407,33884,32286,34998,31437,7326,7307,2110,2039,31490,30717,457817,435362,46178,44877,51495,47175,15314,15086,4467,4272
R,1,2021,23,4327852,2201208,2126644,1552199,1486404,320541,319211,50222,45605,155629,151013,7519,7063,115098,117348,1657687,1594034,366360,368016,94982,89874,193208,189003,15344,14612,1684456,1637684,1140822,1096280,288363,288694,15889,15202,148488,144043,5474,5142,85420,88323,1219253,1177454,322489,325945,44998,44170,178653,174853,11154,10647,516752,488960,411377,390124,32178,30517,34333,30403,7141,6970,2045,1921,29678,29025,438434,416580,43871,42071,49984,45704,14555,14150,4190,3965
R,1,2021,24,4290682,2181353,2109329,1542602,1474683,311564,313045,50039,45540,157669,154125,7390,6950,112089,114986,1645083,1580088,355513,360021,94230,89702,194182,191209,15207,14520,1668286,1625087,1133652,1089052,279872,282937,15546,14746,150837,147265,5361,5118,83018,85969,1209811,1168047,312451,318575,43874,43433,180385,177231,11060,10601,513067,484242,408950,385631,31692,30108,34493,30794,6832,6860,2029,1832,29071,29017,435272,412041,43062,41446,50356,46269,13797,13978,4147,3919
R,1,2021,25,4310015,2187479,2122536,1546895,1484399,313107,316179,50638,45916,159899,156473,7512,7046,109428,112523,1646821,1587169,355606,362005,94683,90196,195176,192174,15251,14702,1676072,1636070,1140440,1097258,281191,285519,15462,14560,152826,149386,5524,5229,80629,84118,1214188,1174341,312516,319990,43868,43409,181241,178355,11193,10846,511407,486466,406455,387141,31916,30660,35176,31356,7073,7087,1988,1817,28799,28405,432633,412828,43090,42015,50815,46787,13935,13819,4058,3856
R,1,2021,26,4337787,2193495,2144292,1552390,1495816,316338,326653,50405,46147,159790,156617,7523,7182,107049,111877,1649925,1598035,357180,371504,94518,91101,194064,191957,15269,14759,1687743,1659035,1150337,1109780,284767,295468,15544,14877,152826,149907,5597,5297,78672,83706,1222099,1186300,314794,329162,43804,44423,180559,178726,11301,10882,505752,485257,402053,386036,31571,31185,34861,31270,6964,6710,1926,1885,28377,28171,427826,411735,42386,42342,50714,46678,13505,13231,3968,3877
R,1,2021,27,4377120,2208019,2169101,1564075,1509170,319846,334475,50701,46667,161946,161253,7467,7087,103984,110449,1658467,1609933,359101,378419,93667,92044,195620,195775,15232,14562,1707261,1684785,1165064,1123876,288775,303561,15815,15341,155169,154401,5460,5157,76978,82449,1235033,1199347,317760,336237,43554,45362,182593,182439,11192,10689,500758,484316,399011,385294,31071,30914,34886,31326,6777,6852,2007,1930,27006,28000,423434,410586,41341,42182,50113,46682,13027,13336,4040,3873
R,1,2021,28,4481834,2256067,2225767,1601114,1549329,325980,343062,51983,48092,165015,167694,7293,7126,104682,110464,1696287,1650131,364484,385529,96592,95066,198543,201960,15056,14655,1750551,1734590,1198215,1158624,294998,311420,16383,15841,158246,160927,5457,5211,77252,82567,1268505,1234079,323090,342897,45442,47187,185485,188973,11177,10761,505516,491177,402899,390705,30982,31642,35600,32251,6769,6767,1836,1915,27430,27897,427782,416052,41394,42632,51150,47879,13058,12987,3879,3894
R,1,2021,29,4538708,2273346,2265362,1619302,1577030,326570,349953,51937,47828,166629,173591,7540,7168,101368,109792,1711229,1676850,363298,391519,95943,95328,198857,207904,15186,14733,1774775,1779517,1222397,1191558,295372,317651,16759,16325,159944,166663,5648,5361,74655,81959,1290206,1266223,321955,348139,45327,48054,186247,194617,11390,11023,498571,485845,396905,385472,31198,32302,35178,31503,6685,6928,1892,1807,26713,27833,421023,410627,41343,43380,50616,47274,12610,13287,3796,3710
R,1,2021,30,4661594,2335093,2326501,1670136,1623236,331654,356694,53358,49280,171432,180589,7562,7357,100951,109345,1761520,1722914,367057,396959,97973,97941,204143,214324,15202,14928,1827932,1834785,1266413,1233179,300004,324276,17004,16653,164634,173700,5601,5445,74276,81532,1333777,1307669,325349,353599,45905,49228,191454,201321,11290,11087,507161,491716,403723,390057,31650,32418,36354,32627,6798,6889,1961,1912,26675,27813,427743,415245,41708,43360,52068,48713,12689,13003,3912,3841
R,1,2021,31,4581893,2291682,2290211,1641141,1596411,324953,350964,51588,47751,169174,182282,7427,7009,97399,105794,1729608,1692483,358364,389170,95266,95815,200357,214905,14762,14294,1807388,1815824,1255551,1219350,294594,319708,16670,16528,162821,175659,5572,5238,72180,79341,1321137,1291421,318543,347629,45490,49184,188536,202525,11145,10869,484294,474387,385590,377061,30359,31256,34918,31223,6353,6623,1855,1771,25219,26453,408471,401062,39821,41541,49776,46631,11821,12380,3617,3425
R,1,2021,32,4501141,2243712,2257429,1614649,1579274,309064,338155,50654,47618,169426,184077,7019,7005,92900,101300,1698759,1671231,340236,374106,92695,94406,199442,215357,14111,13934,1770709,1793546,1237338,1210349,280206,307900,16299,16287,163083,177672,5249,5246,68534,76092,1299373,1279533,302444,333807,43702,48224,187903,203569,10689,10555,473003,463883,377311,368925,28858,30255,34355,31331,6343,6405,1770,1759,24366,25208,399386,391698,37792,40299,48993,46182,11539,11788,3422,3379
R,1,2021,33,4425194,2206381,2218813,1597831,1559048,298836,328102,49709,46185,163242,179660,7000,6786,89763,99032,1679118,1649145,328629,362672,91223,92895,191721,209637,13938,13661,1742662,1764233,1226961,1196942,270996,299087,15766,15475,157091,173417,5266,5108,66582,74204,1287203,1264547,292306,324083,43161,47328,180737,198239,10621,10303,463719,454580,370870,362106,27840,29015,33943,30710,6151,6243,1734,1678,23181,24828,391915,384598,36323,38589,48062,45567,10984,11398,3317,3358
R,1,2021,34,4416124,2199627,2216497,1599217,1564961,294041,324183,49777,46802,161817,177870,7039,6706,87736,95975,1678657,1651992,322237,357245,91373,93518,189774,206601,13847,13164,1737728,1762953,1229614,1203589,266803,295406,15592,15376,155765,171790,5330,5001,64624,71791,1288107,1268692,286629,319179,42885,47301,178907,195578,10556,9949,461899,453544,369603,361372,27238,28777,34185,31426,6052,6080,1709,1705,23112,24184,390550,383300,35608,38066,48488,46217,10867,11023,3291,3215
R,1,2021,35,4468925,2227417,2241508,1624570,1587351,295037,324399,50726,47220,163345,180782,6909,6694,86830,95062,1703139,1673777,322747,356017,92816,94251,190446,208914,13594,13396,1760365,1785852,1250771,1223079,267781,296295,15342,15779,157320,174671,5263,5084,63888,70944,1308585,1287621,287045,318631,43271,48250,179752,197943,10296,10178,467052,455656,373799,364272,27256,28104,35384,31441,6025,6111,1646,1610,22942,24118,394554,386156,35702,37386,49545,46001,10694,10971,3298,3218
R,1,2021,36,4379825,2178391,2201434,1591430,1559821,284651,316060,49407,46753,163157,180966,6686,6482,83060,91352,1666525,1642457,310073,346063,90342,93033,189124,207797,13274,12937,1726881,1754545,1229379,1202239,259142,288820,15021,15378,157173,175135,5049,4831,61117,68142,1284593,1263951,276934,309947,42167,47240,178653,197286,10108,9799,451510,446889,362051,357582,25509,27240,34386,31375,5984,5831,1637,1651,21943,23210,381932,378506,33139,36116,48175,45793,10471,10511,3166,3138
R,1,2021,37,4331473,2150977,2180496,1573838,1545588,280142,312259,49054,46110,160268,179841,6558,6544,81117,90154,1646939,1627124,305042,341137,89748,93043,185298,205809,12945,12966,1705123,1736992,1216036,1189946,254864,285581,14925,15046,154726,174189,4941,4891,59631,67339,1269680,1250803,272168,306055,42034,47649,175351,195606,9835,9814,445854,443504,357802,355642,25278,26678,34129,31064,5542,5652,1617,1653,21486,22815,377259,376321,32874,35082,47714,45394,9947,10203,3110,3152
R,1,2021,38,4396432,2178674,2217758,1596126,1574379,284365,316469,50059,47720,160397,181660,6348,6568,81379,90962,1669702,1656590,309058,345509,91770,95904,184699,207323,12801,12899,1724651,1763233,1230980,1209539,258827,289390,15280,15516,154810,175865,4748,4897,60006,68026,1285148,1271000,276117,309927,43216,49176,174961,197027,9736,9762,454023,454525,365146,364840,25538,27079,34779,32204,5587,5795,1600,1671,21373,22936,384554,385590,32941,35582,48554,46728,9738,10296,3065,3137
R,1,2021,39,4294208,2123877,2170331,1562140,1544580,276570,310356,48283,46177,152577,175303,6244,6228,78063,87687,1632430,1623769,300031,338476,88943,92999,175615,199739,12242,12440,1686264,1728320,1210139,1189552,252193,284189,14478,14750,147161,169742,4661,4578,57632,65509,1261924,1248803,268710,304083,41883,47376,166227,189869,9278,9296,437613,442011,352001,355028,24377,26167,33805,31427,5416,5561,1583,1650,20431,22178,370506,374966,31321,34393,47060,45623,9388,9870,2964,3144
R,1,2021,40,4379669,2170351,2209318,1595049,1570692,288667,321675,50265,47750,151238,174919,6487,6380,78645,87902,1665859,1650033,312417,349445,91379,95569,174256,198914,12660,12452,1715760,1755315,1228356,1204972,263956,295259,15166,15279,145622,169241,4779,4756,57881,65808,1280351,1264336,280535,315046,42837,48881,164589,189018,9566,9372,454591,454003,366693,365720,24711,26416,35099,32471,5616,5678,1708,1624,20764,22094,385508,385697,31882,34399,48542,46688,9667,9896,3094,3080
R,1,2021,41,4209226,2082620,2126606,1532052,1512362,276482,309624,47720,45735,145655,169151,6026,6064,74685,83670,1599395,1587699,298639,336357,87704,91294,166803,191802,11699,11907,1652231,1692529,1184401,1162468,253275,284407,14297,14670,140491,163898,4534,4495,55233,62591,1234110,1218846,268717,303150,41506,46783,158069,182592,8972,8972,430389,434077,347651,349894,23207,25217,33423,31065,5164,5253,1492,1569,19452,21079,365285,368853,29922,33207,46198,44511,8734,9210,2727,2935
R,1,2021,42,4049467,1997921,2051546,1471804,1462187,264024,295848,45593,44282,140211,164229,5787,5617,70502,79383,1535246,1533718,284744,320716,83725,87937,160260,185666,10961,11029,1583603,1630065,1136340,1121666,241998,271937,13602,13931,135219,158813,4322,4149,52122,59569,1183175,1175313,256540,289538,39610,44813,151748,176517,8288,8323,414318,421481,335464,340521,22026,23911,31991,30351,4992,5416,1465,1468,18380,19814,352071,358405,28204,31178,44115,43124,8512,9149,2673,2706
R,1,2021,43,4026973,1984089,2042884,1469403,1463892,257422,290780,45562,44439,136711,160131,5516,5784,69475,77858,1532076,1534035,277685,314893,83893,87827,156078,181059,10621,11053,1573660,1621205,1135704,1121650,236655,267414,13828,14437,131838,155031,4128,4252,51507,58421,1182086,1174252,250672,284491,40079,45132,148039,172316,8056,8345,410429,421679,333699,342242,20767,23366,31734,30002,4873,5100,1388,1532,17968,19437,349990,359783,27013,30402,43814,42695,8039,8743,2565,2708
R,1,2021,44,3892491,1917620,1974871,1416839,1413233,246805,279048,44036,42350,137909,160157,5382,5294,66649,74789,1476759,1480549,265539,301828,80889,84770,156676,180035,10477,10278,1518393,1562946,1091273,1077272,226741,257019,13461,13565,133278,155153,4021,3908,49619,56029,1135771,1127603,239778,273044,38828,43563,149012,171625,7961,7762,399227,411925,325566,335961,20064,22029,30575,28785,4631,5004,1361,1386,17030,18760,340988,352946,25761,28784,42061,41207,7664,8410,2516,2516
R,1,2021,45,3877140,1911127,1966013,1411191,1406313,246733,277716,43441,42015,140244,162848,5119,5303,64399,71818,1469163,1470896,264991,299277,79873,82838,157596,181894,9652,10091,1516758,1560480,1089035,1074193,227133,256543,13226,13681,135660,157920,3872,3952,47832,54191,1131999,1122918,239818,271837,38528,42751,150049,173780,7399,7655,394369,405533,322156,332120,19600,21173,30215,28334,4584,4928,1247,1351,16567,17627,337164,347978,25173,27440,41345,40087,7547,8114,2253,2436
R,1,2021,46,3879042,1912880,1966162,1419104,1415616,243698,273471,42512,41235,139661,160168,5027,5057,62878,70615,1475630,1479221,261199,294134,78217,82062,156624,178737,9578,9496,1526454,1566494,1102157,1087350,225028,252951,13259,13529,135186,155475,3812,3736,47012,53453,1144351,1135360,237456,267726,38141,42837,149343,170999,7301,7169,386426,399668,316947,328266,18670,20520,29253,27706,4475,4693,1215,1321,15866,17162,331279,343861,23743,26408,40076,39225,7281,7738,2277,2327
R,1,2021,47,3813395,1875817,1937578,1389104,1391606,240640,271136,40570,39861,139685,161630,4841,5108,60977,68237,1443905,1452850,257383,291088,75441,79166,156231,179720,9131,9583,1506593,1552793,1085597,1074669,223059,251687,12772,13550,135466,157033,3691,3768,46008,52086,1126753,1121359,234831,265967,37547,42133,149379,172179,7071,7249,369224,384785,303507,316937,17581,19449,27798,26311,4219,4597,1150,1340,14969,16151,317152,331491,22552,25121,37894,37033,6852,7541,2060,2334
R,1,2021,48,3972835,1950907,2021928,1446695,1455314,252823,285383,41980,40404,142331,166005,4862,5100,62216,69722,1502679,1517931,269414,305589,78222,81172,158863,183930,9255,9682,1576448,1630947,1138437,1132523,235198,265576,13649,13940,138062,161422,3699,3813,47403,53673,1180941,1180576,247065,280207,39751,43921,151984,176558,7176,7437,374459,390981,308258,322791,17625,19807,28331,26464,4269,4583,1163,1287,14813,16049,321738,337355,22349,25382,38471,37251,6879,7372,2079,2245
R,1,2021,49,4144089,2036992,2107097,1536046,1540900,256428,290092,40065,40108,136982,159504,4923,4856,62548,71637,1592271,1605544,272956,310207,77058,83098,153134,177105,9327,9385,1672359,1725501,1234234,1225511,239268,271180,13810,14374,132775,155013,3705,3699,48567,55724,1277801,1275668,251343,285875,41105,46647,146546,169881,7239,7279,364633,381596,301812,315389,17160,18912,26255,25734,4207,4491,1218,1157,13981,15913,314470,329876,21613,24332,35953,36451,6588,7224,2088,2106
R,1,2021,50,4356737,2145283,2211454,1624560,1628944,269998,302630,41489,40217,139092,161538,4958,5075,65186,73050,1683298,1694650,287117,323056,80856,84691,155013,179011,9485,9837,1773044,1829875,1316805,1312983,252327,283470,14309,14910,134900,157112,3775,3879,50928,57521,1362620,1364570,264911,298723,43745,48881,148455,171832,7411,7705,372239,381579,307755,315961,17671,19160,27180,25307,4192,4426,1183,1196,14258,15529,320678,330080,22206,24333,37111,35810,6558,7179,2074,2132
R,1,2021,51,4184831,2056530,2128301,1568713,1578496,252339,284761,38789,38443,131636,153273,4742,4913,60311,68415,1623138,1640122,267791,303521,75504,80587,146428,169427,9114,9383,1702379,1762171,1274601,1274757,235995,266750,13470,14293,127730,149063,3643,3784,46940,53524,1316829,1322875,247227,280594,40923,46274,140314,162630,7179,7389,354151,366130,294112,303739,16344,18011,25319,24150,3906,4210,1099,1129,13371,14891,306309,317247,20564,22927,34581,34313,6114,6797,1935,1994
R,1,2021,52,4067699,1998276,2069423,1521730,1534318,247933,278159,38486,36897,128950,150738,4363,4802,56814,64509,1572897,1592341,262507,295725,73369,77216,142569,165457,8363,8969,1657720,1719596,1239011,1243377,232223,261039,13483,14091,125321,146739,3352,3660,44330,50690,1278845,1288857,242830,273923,39845,45081,136818,159165,6567,7010,340556,349827,282719,290941,15710,17120,25003,22806,3629,3999,1011,1142,12484,13819,294052,303484,19677,21802,33524,32135,5751,6292,1796,1959
R,1,2021,53,4003650,1960943,2042707,1504740,1523969,244382,278550,36083,35942,116904,137511,4431,4521,54403,62214,1553874,1579958,258040,295789,70141,75182,129385,151093,8176,8602,1635551,1704825,1233718,1242655,229457,261871,13149,14020,113354,133704,3428,3502,42445,49073,1271919,1286743,239391,274633,38910,44394,123899,144998,6487,6776,325392,337882,271022,281314,14925,16679,22934,21922,3550,3807,1003,1019,11958,13141,281955,293215,18649,21156,31231,30788,5486,6095,1689,1826
R,1,2021,54,4046159,1979012,2067147,1523962,1550527,247827,283605,35531,35228,114055,131520,4514,4532,53123,61735,1571642,1606009,261485,300457,69044,74627,126025,144619,8254,8523,1658006,1735927,1255322,1273887,233353,267335,13358,14346,110741,127901,3468,3494,41764,48964,1292725,1317818,243333,279893,38978,45030,120833,138925,6526,6702,321006,331220,268640,276640,14474,16270,22173,20882,3314,3619,1046,1038,11359,12771,278917,288191,18152,20564,30066,29597,5192,5694,1728,1821
R,1,2021,55,4198746,2052377,2146369,1582143,1611328,258694,295482,36439,36487,116123,135652,4445,4662,54533,62758,1631029,1667607,272464,312562,71281,76618,128115,149114,8328,8711,1730769,1814527,1313285,1334457,243747,279146,14208,15232,112859,132034,3456,3601,43214,50057,1351902,1379259,253952,291880,41156,46708,123042,143366,6643,6900,321608,331842,268858,276871,14947,16336,22231,21255,3264,3618,989,1061,11319,12701,279127,288348,18512,20682,30125,29910,5073,5748,1685,1811
R,1,2021,56,4378911,2130702,2248209,1659654,1707476,261453,301500,35702,35868,115100,134789,4145,4599,54648,63977,1708894,1765037,274644,318472,71355,77888,126725,147703,7879,8583,1821562,1923878,1400019,1435327,247793,285792,14524,15793,111977,131410,3227,3611,44022,51945,1439603,1481983,257696,298747,42756,49560,121868,142384,6293,6906,309140,324331,259635,272149,13660,15708,21178,20075,3123,3379,918,988,10626,12032,269291,283054,16948,19725,28599,28328,4857,5319,1586,1677
R,1,2021,57,4393505,2136026,2257479,1669127,1722506,256970,295277,34636,34931,116887,137197,4058,4490,54348,63078,1718064,1779212,269966,311610,70582,76407,128242,150051,7647,8519,1838695,1943968,1419339,1459510,243521,280102,14702,15653,113989,133881,3215,3499,43929,51323,1458764,1505567,253376,292625,43252,49043,123708,144841,6178,6826,297331,313511,249788,262996,13449,15175,19934,19278,2898,3316,843,991,10419,11755,259300,273645,16590,18985,27330,27364,4534,5210,1469,1693
R,1,2021,58,4400710,2135224,2265486,1677916,1739524,254084,294355,33424,34055,113505,131218,4103,4526,52192,61808,1724940,1795153,266431,310279,67822,75234,124499,143508,7659,8332,1849836,1962572,1437424,1484310,241394,280152,14401,15705,110613,128019,3265,3625,42739,50761,1475852,1529907,250790,292509,42140,49236,120124,138505,6271,6762,285388,302914,240492,255214,12690,14203,19023,18350,2892,3199,838,901,9453,11047,249088,265246,15641,17770,25682,25998,4375,5003,1388,1570
R,1,2021,59,4373797,2118843,2254954,1685868,1752819,246110,286875,31679,32717,99680,118289,4023,4181,51483,60073,1732240,1806893,258103,302317,66088,73139,110359,129894,7311,7849,1851875,1970397,1460720,1512803,234358,273685,14216,15643,97119,115416,3228,3344,42234,49506,1498652,1557256,243608,285649,41977,48714,106401,125378,6010,6362,266968,284557,225148,240016,11752,13190,17463,17074,2561,2873,795,837,9249,10567,233588,249637,14495,16668,24111,24425,3958,4516,1301,1487
R,1,2021,60,4435578,2142540,2293038,1699800,1777630,252156,293184,31726,32844,104100,125250,3884,4267,50874,59863,1745735,1831383,264255,308442,65623,73078,114461,136887,7214,7940,1876337,2008152,1475045,1536987,240501,280242,14134,15734,101546,122362,3136,3438,41975,49389,1512862,1581285,249857,292094,41737,48642,110578,132343,5891,6457,266203,284886,224755,240643,11655,12942,17592,17110,2554,2888,748,829,8899,10474,232873,250098,14398,16348,23886,24436,3883,4544,1323,1483
R,1,2021,61,4312044,2076779,2235265,1657490,1742303,239568,282909,29693,31019,98536,118784,3596,3898,47896,56352,1700534,1792995,250545,297350,61725,68889,108617,129691,6717,7283,1832412,1970448,1451136,1518941,228883,270551,13592,14996,96133,116114,2923,3173,39745,46673,1486765,1560786,237453,281889,39764,46164,104926,125522,5539,5980,244367,264817,206354,223362,10685,12358,16101,16023,2403,2670,673,725,8151,9679,213769,232209,13092,15461,21961,22725,3691,4169,1178,1303
R,1,2021,62,4245673,2038976,2206697,1629478,1722200,234494,277092,27648,29688,98183,119421,3452,3751,45721,54545,1670644,1771238,245113,291033,58606,66550,107347,129847,6279,6944,1809576,1955000,1435839,1509329,224073,265621,13016,14717,95915,116842,2803,3074,37930,45417,1469889,1550052,232381,276658,38344,45207,103968,125832,5187,5691,229400,251697,193639,212871,10421,11471,14632,14971,2268,2579,649,677,7791,9128,200755,221186,12732,14375,20262,21343,3379,4015,1092,1253
R,1,2021,63,4233748,2025686,2208062,1627331,1734086,227472,271729,26957,28618,96349,117362,3270,3533,44307,52734,1667126,1781512,237689,284912,56896,64996,105355,127020,6077,6577,1805432,1963246,1440532,1526154,217989,260813,12855,14294,94287,115019,2705,2847,37064,44119,1473709,1565720,226074,271281,37609,44564,102212,123418,5095,5405,220254,244816,186799,207932,9483,10916,14102,14324,2062,2343,565,686,7243,8615,193417,215792,11615,13631,19287,20432,3143,3602,982,1172
R,1,2021,64,4107675,1957562,2150113,1576913,1689682,217439,264255,25214,27144,93097,115522,3101,3407,41798,50103,1614644,1734706,227100,277060,53553,61465,101398,124802,5742,6314,1750656,1917661,1401334,1492207,208510,253710,12131,13773,91124,113213,2556,2812,35001,41946,1432863,1529798,216122,263911,35592,42328,98431,121245,4774,5273,206906,232452,175579,197475,8929,10545,13083,13371,1973,2309,545,595,6797,8157,181781,204908,10978,13149,17961,19137,2967,3557,968,1041
R,1,2021,65,3974097,1889600,2084497,1527562,1644644,205013,250438,23914,25752,90744,113472,2906,3260,39461,46931,1563095,1686691,214065,262387,50670,57885,98562,122214,5429,6045,1693122,1861648,1360841,1454935,196329,240456,11571,13015,88879,111320,2400,2618,33102,39304,1390562,1490020,203454,249929,33804,39769,95752,118958,4548,4994,196478,222849,166721,189709,8684,9982,12343,12737,1865,2152,506,642,6359,7627,172533,196671,10611,12458,16866,18116,2810,3256,881,1051
R,1,2021,66,3890073,1842435,2047638,1496440,1624445,196385,241879,22275,24371,87972,109043,2817,3173,36546,44727,1529261,1664416,204934,253211,47078,55152,95155,117328,5162,5947,1658945,1835904,1340416,1443813,188394,232473,10983,12556,86284,107029,2327,2609,30541,37424,1367767,1477120,195093,241402,31472,38185,92630,114238,4335,4962,183490,211734,156024,180632,7991,9406,11292,11815,1688,2014,490,564,6005,7303,161494,187296,9841,11809,15606,16967,2525,3090,827,985
R,1,2021,67,3685987,1737836,1948151,1423942,1557470,177859,223806,20097,22000,80046,100737,2431,2831,33461,41307,1454067,1594558,185605,234365,43099,50344,86475,108185,4541,5287,1570763,1753467,1281331,1390751,170638,215223,10064,11615,78532,98900,2006,2348,28192,34630,1306676,1421736,176720,223600,29273,35279,84247,105396,3818,4469,167073,194684,142611,166719,7221,8583,10033,10385,1514,1837,425,483,5269,6677,147391,172822,8885,10765,13826,15065,2228,2789,723,818
R,1,2021,68,3599287,1690448,1908839,1391190,1530623,167822,215729,18594,20946,79639,100345,2391,2734,30812,38462,1418831,1565124,175135,225529,39608,47482,85647,107172,4383,5113,1534281,1723612,1257437,1371415,161010,207687,9477,11193,78292,98629,2023,2294,26042,32394,1280701,1400354,166832,215544,27138,33456,83606,104591,3726,4333,156167,185227,133753,159208,6812,8042,9117,9753,1347,1716,368,440,4770,6068,138130,164770,8303,9985,12470,14026,2041,2581,657,780
R,1,2021,69,3403399,1593273,1810126,1321270,1461325,154677,202045,16813,19156,69403,89183,2113,2463,28997,35954,1347336,1493601,161411,211319,37011,44380,74746,95154,3950,4566,1448965,1639230,1197042,1314232,148684,194656,8775,10262,68164,87669,1796,2049,24504,30362,1218960,1341372,154074,202027,25687,31627,72905,92858,3379,3859,144308,170896,124228,147093,5993,7389,8038,8894,1239,1514,317,414,4493,5592,128376,152229,7337,9292,11324,12753,1841,2296,571,707
R,1,2021,70,3255727,1517021,1738706,1250394,1393997,149666,197039,16011,18405,71622,93177,2082,2381,27246,33707,1274876,1424158,156171,205947,34738,41719,76616,99038,3801,4445,1378479,1570556,1131188,1249062,143723,189799,8356,9759,70421,91677,1764,2004,23027,28255,1151774,1274247,148894,196872,24117,29269,74827,96731,3266,3769,138542,168150,119206,144935,5943,7240,7655,8646,1201,1500,318,377,4219,5452,123102,149911,7277,9075,10621,12450,1789,2307,535,676
R,1,2021,71,3142805,1459653,1683152,1213234,1360689,136812,183654,14741,16727,68006,88238,1885,2139,24975,31705,1235744,1389036,142569,191906,32090,38848,72529,93509,3563,4106,1333065,1528080,1103895,1226473,131583,177076,7844,9101,66873,86816,1605,1786,21265,26828,1122992,1250355,136199,183749,22546,27822,70884,91423,3077,3489,126588,155072,109339,134216,5229,6578,6897,7626,1133,1422,280,353,3710,4877,112752,138681,6370,8157,9544,11026,1645,2086,486,617
R,1,2021,72,3066546,1420310,1646236,1188817,1342336,128206,172579,13617,15707,64255,83173,1790,2079,23625,30362,1210011,1369490,133702,180624,30128,36780,68548,88217,3347,3948,1302860,1499960,1086965,1215591,123427,166492,7550,8663,63195,81810,1499,1753,20224,25651,1105046,1238452,127901,172946,21585,26466,67023,86172,2881,3367,117450,146276,101852,126745,4779,6087,6067,7044,1060,1363,291,326,3401,4711,104965,131038,5801,7678,8543,10314,1525,2045,466,581
R,1,2021,73,3093867,1431052,1662815,1218842,1381524,116095,158623,12864,14721,58745,76360,1665,1831,22841,29756,1239513,1408295,121263,166231,28959,35839,62687,81053,3110,3560,1319866,1524058,1122182,1260832,111792,152810,7063,8175,57802,75207,1426,1543,19601,25491,1139894,1283690,115976,159033,20825,26237,61295,79335,2727,3087,111186,138757,96660,120692,4303,5813,5801,6546,943,1153,239,288,3240,4265,99619,124605,5287,7198,8134,9602,1392,1718,383,473
R,1,2021,74,2709092,1247728,1461364,1063912,1215701,98673,137000,11132,13116,52641,68547,1467,1563,19903,25437,1081967,1238637,103121,143428,25066,30826,56062,72728,2773,3196,1149124,1335699,978095,1106382,94781,131748,6164,7337,51858,67421,1238,1305,16988,21506,993501,1125701,98335,136897,18021,22339,54878,71056,2391,2720,98604,125665,85817,109319,3892,5252,4968,5779,783,1126,229,258,2915,3931,88466,112936,4786,6531,7045,8487,1184,1672,382,476
R,1,2021,75,2205898,1006562,1199336,849857,987243,84639,120102,9231,11388,45956,58669,1245,1551,15634,20383,863904,1005447,88263,125491,19931,25357,48875,62150,2413,2945,918901,1085295,773289,887740,81224,115372,4938,6075,45185,57667,1055,1283,13210,17158,785098,902982,84079,119701,13945,17813,47731,60713,2082,2496,87661,114041,76568,99503,3415,4730,4293,5313,771,1002,190,268,2424,3225,78806,102465,4184,5790,5986,7544,1144,1437,331,449
R,1,2021,76,2128254,962638,1165616,818630,965588,77266,113119,8463,10551,42418,55444,1120,1375,14741,19539,831908,982970,80849,118548,18491,23912,45122,58655,2189,2755,884435,1060861,750204,873833,74211,108993,4598,5704,41851,54573,963,1152,12608,16606,761526,888548,77094,113390,13158,17061,44247,57379,1912,2365,78203,104755,68426,91755,3055,4126,3865,4847,567,871,157,223,2133,2933,70382,94422,3755,5158,5333,6851,875,1276,277,390
R,1,2021,77,2113586,950095,1163491,816355,977527,72444,107175,7798,9844,38765,48936,985,1236,13748,18773,828767,994347,75648,112219,17442,22854,41097,51908,2011,2516,877479,1064788,752633,891040,69690,103212,4367,5433,38152,48152,847,1032,11790,15919,763260,905230,72262,107300,12644,16496,40223,50712,1735,2158,72616,98703,63722,86487,2754,3963,3431,4411,613,784,138,204,1958,2854,65507,89117,3386,4919,4798,6358,874,1196,276,358
R,1,2021,78,1985043,885313,1099730,761181,924191,66723,100674,6963,8981,37227,47878,872,1151,12347,16855,772293,939278,69671,105274,15439,20650,39442,50563,1744,2252,819359,1007183,703223,843078,64113,96902,3956,4890,36725,47119,733,948,10609,14246,712743,855765,66525,100615,11231,14785,38682,49441,1492,1921,65954,92547,57958,81113,2610,3772,3007,4091,502,759,139,203,1738,2609,59550,83513,3146,4659,4208,5865,760,1122,252,331
R,1,2021,79,1691532,746164,945368,639497,791634,56746,88015,6130,7838,32431,42191,809,1007,10551,14683,648983,804728,59350,91990,13303,18016,34353,44615,1557,1962,687823,864771,588230,720638,54510,84928,3447,4372,31995,41536,694,834,8947,12463,596265,731715,56577,88124,9523,13034,33687,43623,1337,1667,58341,80597,51267,70996,2236,3087,2683,3466,436,655,115,173,1604,2220,52718,73013,2773,3866,3780,4982,666,992,220,295
R,1,2021,80,1544059,671410,872649,572863,728198,51309,82384,5543,7389,31410,40572,754,913,9531,13193,581423,739924,53667,86144,11990,16300,33230,42799,1405,1818,616735,794110,524717,659043,49199,79306,3108,4020,30985,39951,630,747,8096,11043,531967,668791,51078,82296,8529,11486,32602,41892,1198,1536,54675,78539,48146,69155,2110,3078,2435,3369,425,621,124,166,1435,2150,49456,71133,2589,3848,3461,4814,628,907,207,282
R,1,2021,81,1389476,597997,791479,511297,661787,45192,74216,4742,6492,27989,36212,589,877,8188,11895,518624,672324,47200,77532,10239,14541,29549,38219,1191,1730,549302,720595,468380,599125,43263,71397,2605,3597,27603,35637,474,723,6977,10116,474595,608033,44886,74068,7263,10485,29007,37387,1017,1469,48695,70884,42917,62662,1929,2819,2137,2895,386,575,115,154,1211,1779,44029,64291,2314,3464,2976,4056,542,832,174,261
R,1,2021,82,1312615,559216,753399,480734,634104,40658,68326,4408,6252,25426,33166,531,730,7459,10821,487427,643734,42455,71442,9433,13481,26885,34951,1060,1443,514753,687089,441374,575597,39012,65718,2470,3436,25085,32674,432,597,6380,9067,447089,583596,40430,68241,6774,9484,26371,34228,900,1228,44463,66310,39360,58507,1646,2608,1938,2816,341,492,99,133,1079,1754,40338,60138,2025,3201,2659,3997,514,723,160,215
R,1,2021,83,1171405,492507,678898,423086,570515,35900,62165,3687,5355,22774,30681,494,673,6566,9509,429038,578954,37618,64919,8046,11621,23991,32373,943,1360,453340,619756,388257,518182,34473,59803,2076,2950,22468,30221,422,564,5644,8036,393367,525259,35860,62039,5818,8269,23561,31691,810,1170,39167,59142,34829,52333,1427,2362,1611,2405,306,460,72,109,922,1473,35671,53695,1758,2880,2228,3352,430,682,133,190
R,1,2021,84,1054427,435562,618865,375245,522524,30796,55328,3219,4830,20116,27260,380,624,5806,8299,380440,529794,32293,57816,6973,10211,21308,28799,846,1238,400463,563955,344000,473864,29520,53181,1794,2608,19869,26855,321,518,4959,6929,348411,479888,30718,55219,4969,7060,20938,28195,746,1046,35099,54910,31245,48660,1276,2147,1425,2222,247,405,59,106,847,1370,32029,49906,1575,2597,2004,3151,370,604,100,192
R,1,2021,85,956733,388176,568557,334792,479171,27785,51235,2847,4402,17480,25493,339,532,4933,7724,339217,486022,29088,53465,5980,9397,18473,26908,716,1087,356998,518743,307124,435010,26608,49337,1566,2367,17258,25069,277,436,4165,6524,310842,440766,27666,51128,4189,6621,18145,26300,612,919,31178,49814,27668,44161,1177,1898,1281,2035,222,424,62,96,768,1200,28375,45256,1422,2337,1791,2776,328,608,104,168
R,1,2021,86,857968,341652,516316,295857,437545,23805,45768,2435,3844,15043,21893,349,472,4163,6794,299592,443515,24918,47734,5039,8278,15919,23191,666,970,314380,472041,271479,398204,22814,44082,1355,2076,14855,21552,288,392,3589,5735,274679,403211,23727,45665,3577,5816,15647,22704,567,840,27272,44275,24378,39341,991,1686,1080,1768,188,341,61,80,574,1059,24913,40304,1191,2069,1462,2462,272,487,99,130
R,1,2021,87,731891,286294,445597,248189,377145,19583,39284,2016,3172,12754,19869,270,396,3482,5731,251325,382117,20433,40962,4271,6836,13507,21011,532,878,263606,407370,228012,343096,18784,37768,1094,1746,12572,19570,218,337,2926,4853,230630,347287,19465,39116,2956,4843,13250,20583,447,763,22688,38227,20177,34049,799,1516,922,1426,182,299,52,59,556,878,20695,34830,968,1846,1315,1993,257,428,85,115
R,1,2021,88,679686,258933,420753,224746,357364,17715,36625,1752,3061,11312,18177,213,428,3195,5098,227598,361845,18561,38148,3706,6301,12020,19163,484,830,238795,385674,206778,326122,16987,35258,931,1707,11160,17889,191,357,2748,4341,209232,329922,17676,36510,2610,4474,11785,18747,432,713,20138,35079,17968,31242,728,1367,821,1354,152,288,22,71,447,757,18366,31923,885,1638,1096,1827,235,416,52,117
R,1,2021,89,582137,216479,365658,190498,314667,12963,28913,1376,2434,8935,14948,178,341,2529,4355,192752,318425,13669,30232,2906,5205,9512,15806,396,736,199595,336206,175358,288304,12423,27864,723,1328,8827,14739,143,281,2121,3690,177239,291461,13026,28926,1965,3680,9332,15501,327,628,16884,29452,15140,26363,540,1049,653,1106,108,209,35,60,408,665,15513,26964,643,1306,941,1525,180,305,69,108
R,1,2021,90,530506,191341,339165,167370,290962,11962,27104,1273,2212,8447,14531,171,298,2118,4058,169270,294480,12546,28298,2541,4801,8940,15339,350,634,176158,310851,153810,265676,11419,26042,666,1156,8315,14353,143,249,1805,3375,155427,268559,11888,26997,1739,3288,8750,15072,304,551,15183,28314,13560,25286,543,1062,607,1056,132,178,28,49,313,683,13843,25921,658,1301,802,1513,190,267,46,83
R,1,2021,91,435589,151183,284406,132484,244467,9345,23032,974,1683,6540,11816,122,256,1718,3152,133992,247197,9826,24019,2022,3634,6936,12453,300,533,139326,261840,121863,224294,8970,22150,513,906,6452,11625,99,221,1429,2644,123109,226552,9343,22962,1366,2522,6808,12183,254,473,11857,22566,10621,20173,375,882,461,777,88,191,23,35,289,508,10883,20645,483,1057,656,1112,128,270,46,60
R,1,2021,92,368091,123432,244659,108490,211020,7568,19252,810,1452,5127,10022,101,205,1336,2708,109664,213334,7976,20118,1633,3116,5435,10576,200,469,113667,225749,99740,194193,7228,18464,407,770,5064,9893,87,166,1141,2263,100740,196103,7563,19174,1106,2149,5343,10377,174,389,9765,18910,8750,16827,340,788,403,682,63,129,14,39,195,445,8924,17231,413,944,527,967,92,199,26,80
R,1,2021,93,303793,97312,206481,85391,178353,6013,16268,607,1252,4087,8328,86,162,1128,2118,86376,180154,6355,16899,1258,2609,4336,8768,184,369,89921,191115,78772,164595,5772,15652,311,661,4044,8227,70,136,952,1844,79601,166158,6043,16170,846,1850,4275,8618,153,326,7391,15366,6619,13758,241,616,296,591,43,101,16,26,176,274,6775,13996,312,729,412,759,61,150,31,43
R,1,2021,94,237870,72945,164925,63939,142414,4588,12957,421,934,3123,6743,46,161,828,1716,64680,143895,4799,13519,909,1947,3331,7090,136,341,67278,152624,58843,131416,4392,12464,221,527,3078,6639,36,143,708,1435,59479,132635,4563,12932,637,1349,3265,6952,108,304,5667,12301,5096,10998,196,493,200,407,45,104,10,18,120,281,5201,11260,236,587,272,598,66,138,28,37
R,1,2021,95,187188,55185,132003,47895,113718,3653,10525,340,728,2595,5465,62,107,640,1460,48424,114934,3835,11040,713,1614,2772,5758,143,254,50905,122277,44063,105050,3513,10119,188,412,2556,5386,51,87,534,1223,44501,106063,3664,10531,484,1146,2714,5628,122,207,4280,9726,3832,8668,140,406,152,316,39,79,11,20,106,237,3923,8871,171,509,229,468,58,130,21,47
R,1,2021,96,143901,40024,103877,34763,89699,2625,8297,275,622,1938,4112,27,91,396,1056,35097,90549,2735,8668,508,1242,2043,4349,76,216,36971,96468,32046,83118,2508,7972,142,345,1915,4060,23,78,337,895,32332,83833,2600,8274,337,863,2007,4269,62,183,3053,7409,2717,6581,117,325,133,277,23,52,4,13,59,161,2765,6716,135,394,171,379,36,80,14,33
R,1,2021,97,102077,27534,74543,23643,63930,1914,6110,203,405,1424,3251,31,75,319,772,23921,64560,2027,6378,365,864,1510,3422,63,163,24980,69152,21361,59114,1824,5875,96,226,1408,3222,27,69,264,646,21589,59636,1915,6096,223,606,1486,3369,52,138,2554,5391,2282,4816,90,235,107,179,16,29,4,6,55,126,2332,4924,112,282,142,258,24,53,11,25
R,1,2021,98,72854,18545,54309,15635,45941,1446,5001,144,311,1072,2406,30,65,218,585,15811,46422,1515,5188,256,640,1140,2555,78,141,16944,50282,14238,42384,1389,4809,80,178,1054,2370,16,52,167,489,14373,42782,1440,4964,164,450,1111,2496,52,111,1601,4027,1397,3557,57,192,64,133,18,36,14,13,51,96,1438,3640,75,224,92,190,29,59,26,30
R,1,2021,99,52323,12590,39733,10600,33819,929,3536,106,230,736,1680,38,58,181,410,10738,34167,1005,3702,201,449,792,1773,71,111,11482,36974,9645,31379,900,3411,53,140,718,1652,27,50,139,342,9752,31672,952,3541,129,328,761,1728,53,87,1108,2759,955,2440,29,125,53,90,18,28,11,8,42,68,986,2495,53,161,72,121,31,45,18,24
R,1,2021,100,80882,17698,63184,14021,51684,1795,6871,230,463,1219,3301,53,66,380,799,14323,52289,1988,7227,410,879,1332,3517,121,205,15736,58267,12381,47518,1709,6565,123,270,1184,3241,37,45,302,628,12629,47986,1865,6841,258,586,1268,3402,85,150,1962,4917,1640,4166,86,306,107,193,35,60,16,21,78,171,1694,4303,123,386,152,293,64,115,36,55
R,2,2021,999,331782036,162847315,168934721,120780528,123605892,21200856,23218831,3227018,3154362,9943353,10910018,435949,435309,7259611,7610309,127440282,130575470,23943801,26143997,6344305,6522244,12169763,13153434,920726,920398,131608952,137408809,95855092,98382637,19366193,21333614,1132785,1165569,9532433,10492069,323991,323276,5398458,5711644,100812244,103617734,21360258,23481583,3265107,3526202,11306653,12280306,679039,679263,31238363,31525912,24925436,25223255,1834663,1885217,2094233,1988793,410920,417949,111958,112033,1861153,1898665,26628038,26957736,2583543,2662414,3079198,2996042,863110,873128,241687,241135
R,2,2021,0,3593033,1837075,1755958,1198512,1142073,301565,292265,41748,39986,110082,103862,6374,5964,178794,171808,1366029,1302801,388589,376574,91350,87700,173046,163998,16635,15778,1346679,1284237,844504,801476,261118,253082,12777,12334,100868,94892,4434,4142,122978,118311,960336,912793,320690,311108,41212,39556,147236,139199,10898,10183,490396,471721,354008,340597,40447,39183,28971,27652,9214,8970,1940,1822,55816,53497,405693,390008,67899,65466,50138,48144,25810,24799,5737,5595
R,2,2021,1,3723838,1902229,1821609,1258232,1199452,296989,290173,43712,41917,114421,108325,6885,6487,181990,175255,1428718,1363394,385199,375835,94157,90570,178739,169829,17387,16460,1413506,1351026,902853,856933,258765,253197,14674,14157,105483,99633,4784,4620,126947,122486,1022375,972103,320014,313047,44127,42519,153459,145534,11517,10913,488723,470583,355379,342519,38224,36976,29038,27760,8938,8692,2101,1867,55043,52769,406343,391291,65185,62788,50030,48051,25280,24295,5870,5547
R,2,2021,2,3776796,1928708,1848088,1280199,1222359,301874,294055,44385,43177,115393,109499,7012,6698,179845,172300,1448672,1383504,388544,377483,94590,91235,178833,170224,17644,16662,1437889,1374396,921369,875767,263801,257429,15091,14698,106539,100939,4943,4814,126146,120749,1040098,989219,324538,316064,44414,42721,154142,146206,11759,11202,490819,473692,358830,346592,38073,36626,29294,28479,8854,8560,2069,1884,53699,51551,408574,394285,64006,61419,50176,48514,24691,24018,5885,5460
R,2,2021,3,3849877,1967792,1882085,1307928,1247280,308749,299636,46045,44099,119207,113487,7300,6610,178563,170973,1474991,1407025,394147,382266,96720,92554,182141,173320,18028,16605,1467717,1399565,939789,891963,270889,262912,15840,15132,110337,104947,5227,4687,125635,119924,1057860,1004626,330945,321051,45669,43324,157614,149669,12189,11018,500075,482520,368139,355317,37860,36724,30205,28967,8870,8540,2073,1923,52928,51049,417131,402399,63202,61215,51051,49230,24527,23651,5839,5587
R,2,2021,4,3940004,2013167,1926837,1345875,1283023,308504,300800,48303,46581,123905,117724,7332,6948,179248,171761,1513280,1443385,392972,382909,100196,96588,187072,177537,18189,17203,1498448,1430831,965685,916615,270041,263774,16339,15830,114811,109084,5232,4939,126340,120589,1084288,1029805,329551,321676,46874,45175,162401,153760,12244,11512,514719,496006,380190,366408,38463,37026,31964,30751,9094,8640,2100,2009,52908,51172,428992,413580,63421,61233,53322,51413,24671,23777,5945,5691
R,2,2021,5,3989668,2039004,1950664,1370946,1305716,311598,302972,49031,47632,122296,116680,7245,6953,177888,170711,1537230,1465061,394951,384152,101599,97865,184475,175819,18013,17219,1516298,1448054,982626,932181,273272,266115,16564,16153,113293,108046,5174,4934,125369,120625,1100406,1045346,332223,323898,47609,45829,159937,152456,12113,11556,522706,502610,388320,373535,38326,36857,32467,31479,9003,8634,2071,2019,52519,50086,436824,419715,62728,60254,53990,52036,24538,23363,5900,5663
R,2,2021,6,4009812,2048556,1961256,1378161,1313509,312472,304025,49749,48145,125661,119331,7221,7036,175292,169210,1541961,1471406,394135,384214,102334,98950,186689,177297,17679,17032,1528968,1459964,990808,940504,274542,267290,16893,16259,116845,110982,5196,4993,124684,119936,1107891,1052980,332821,324567,48345,46367,163039,154716,12064,11511,519588,501292,387353,373005,37930,36735,32856,31886,8816,8349,2025,2043,50608,49274,434070,418426,61314,59647,53989,52583,23650,22581,5615,5521
R,2,2021,7,3978392,2033504,1944888,1372088,1307293,310125,301500,50100,47963,122667,116644,7304,6890,171220,164598,1532052,1460825,389402,378941,102428,98301,181833,172778,17707,16781,1517292,1447079,986136,935537,272981,265256,16876,16184,114020,108376,5190,4839,122089,116887,1100742,1045135,329790,320831,48325,46237,158904,150679,12021,11293,516212,497809,385952,371756,37144,36244,33224,31779,8647,8268,2114,2051,49131,47711,431310,415690,59612,58110,54103,52064,22929,22099,5686,5488
R,2,2021,8,4023873,2055663,1968210,1386737,1322252,312529,304018,50401,48611,129085,122380,7478,7040,169433,163909,1544701,1474930,390408,379998,103060,99772,187663,178404,17786,16923,1533589,1464888,994680,944608,274984,267841,17139,16424,120590,114090,5293,4979,120903,116946,1108034,1054055,330788,322501,48786,47123,165139,156663,12093,11521,522074,503322,392057,377644,37545,36177,33262,32187,8495,8290,2185,2061,48530,46963,436667,420875,59620,57497,54274,52649,22524,21741,5693,5402
R,2,2021,9,4039524,2066714,1972810,1401739,1332440,315047,305177,51352,49311,123952,117793,7278,6948,167346,161141,1557758,1482548,391502,379249,104477,100388,181071,172563,17546,16763,1537828,1464981,1003336,950162,277151,268901,17122,16396,115314,109588,5123,4840,119782,115094,1115572,1057828,332344,322343,49308,47245,158759,151244,11928,11351,528886,507829,398403,382278,37896,36276,34230,32915,8638,8205,2155,2108,47564,46047,442186,424720,59158,56906,55169,53143,22312,21319,5618,5412
R,2,2021,10,4132278,2113600,2018678,1437330,1367587,324082,313292,52131,50371,123440,117627,7351,7037,169266,162764,1595145,1519168,400712,387912,107072,103325,180626,172068,17599,16863,1566318,1492747,1021450,968198,286356,276616,17188,16869,114822,109517,5206,4989,121296,116558,1135070,1077163,341723,330634,50523,49068,158464,151000,12098,11480,547282,525931,415880,399389,37726,36676,34943,33502,8618,8110,2145,2048,47970,46206,460075,442005,58989,57278,56549,54257,22162,21068,5501,5383
R,2,2021,11,4192171,2144284,2047887,1463709,1392260,328335,317342,51977,49831,123193,118042,7244,6864,169826,163548,1621958,1544585,405586,393088,106770,102499,180358,172141,17567,16839,1584854,1511336,1032286,978494,291220,281311,17596,17088,114966,110136,5025,4750,123761,119557,1148161,1090322,348145,337292,51623,50111,159238,152005,12036,11562,559430,536551,431423,413766,37115,36031,34381,32743,8227,7906,2219,2114,46065,43991,473797,454263,57441,55796,55147,52388,21120,20136,5531,5277
R,2,2021,12,4327006,2213556,2113450,1516423,1440459,339430,327491,53460,51514,125582,120342,7287,7002,171374,166642,1675853,1595531,417036,404030,109893,106657,182383,174574,18025,17114,1633386,1556887,1066431,1009138,301118,291143,18239,17639,117203,112310,4999,4784,125396,121873,1183490,1123056,358792,348085,53587,52235,161390,154287,12269,11673,580170,556563,449992,431321,38312,36348,35221,33875,8379,8032,2288,2218,45978,44769,492363,472475,58244,55945,56306,54422,20993,20287,5756,5441
R,2,2021,13,4383192,2241044,2142148,1540154,1465755,340160,328334,54903,53113,128263,122514,7304,6967,170260,165465,1698409,1619420,416604,403562,112619,109125,184263,176532,17849,17117,1653702,1576349,1083015,1026263,302391,292000,18572,17846,119750,114502,4980,4808,124994,120930,1199673,1139095,359121,347787,54996,53055,163524,156252,12271,11694,587342,565799,457139,439492,37769,36334,36331,35267,8513,8012,2324,2159,45266,44535,498736,480325,57483,55775,57623,56070,20739,20280,5578,5423
R,2,2021,14,4362993,2233299,2129694,1543601,1464889,337049,323801,55576,52776,124274,119781,7204,6893,165595,161554,1697377,1614916,410199,396200,112749,108390,178777,172070,17529,16819,1648490,1569320,1087848,1028200,299967,288116,18397,17694,115932,111932,4895,4672,121451,118706,1201118,1138968,354252,342298,54420,52936,158522,152584,11971,11436,584809,560374,455753,436689,37082,35685,37179,35082,8342,7849,2309,2221,44144,42848,496259,475948,55947,53902,58329,55454,20255,19486,5558,5383
R,2,2021,15,4302945,2203762,2099183,1534360,1450326,326511,315101,54396,52673,122647,120121,7135,6881,158713,154081,1681745,1593291,395307,383013,110578,106750,174597,170413,16849,16295,1631298,1552101,1086228,1022516,290918,281047,18062,17560,114693,112700,4890,4705,116507,113573,1194906,1128314,342035,331886,53802,51990,155410,152064,11562,11263,572464,547082,448132,427810,35593,34054,36334,35113,7954,7421,2245,2176,42206,40508,486839,464977,53272,51127,56776,54760,19187,18349,5287,5032
R,2,2021,16,4312987,2209885,2103102,1543103,1458185,325893,311969,54225,51879,125269,123710,7136,6721,154259,150638,1686161,1597833,391753,377620,109686,106075,176124,172372,16743,15968,1642030,1561296,1096539,1033158,290941,278767,18283,17102,117353,116373,4960,4657,113954,111239,1202634,1136614,339942,327869,54059,51945,157359,154758,11634,11089,567855,541806,446564,425027,34952,33202,35942,34777,7916,7337,2176,2064,40305,39399,483527,461219,51811,49751,55627,54130,18765,17614,5109,4879
R,2,2021,17,4325176,2217275,2107901,1554581,1467069,324708,311651,54061,51247,125801,124557,7233,6720,150891,146657,1694461,1603133,388046,374291,109819,105110,174919,171904,16663,15684,1654648,1572165,1111664,1045875,290533,278930,17959,17053,118154,117286,4977,4669,111361,108352,1215315,1146794,337823,325842,53874,51834,156863,154443,11523,10963,562627,535736,442917,421194,34175,32721,36102,34194,7647,7271,2256,2051,39530,38305,479146,456339,50223,48449,55945,53276,18056,17461,5140,4721
R,2,2021,18,4319880,2210172,2109708,1547347,1466791,328338,317578,54565,50785,128437,127222,7160,6735,144325,140597,1681032,1596651,388251,377177,108792,103154,175400,172615,16213,15468,1650270,1577428,1106065,1047040,293882,284744,17859,16866,120905,120019,5040,4692,106519,104067,1204970,1143528,338669,329602,52858,50727,157815,155766,11409,10821,559902,532280,441282,419751,34456,32834,36706,33919,7532,7203,2120,2043,37806,36530,476062,453123,49582,47575,55934,52427,17585,16849,4804,4647
R,2,2021,19,4479849,2273181,2206668,1589739,1532831,344857,341268,54230,50289,138276,138132,7344,7283,138735,136865,1717541,1658885,402444,399492,106382,100622,183447,182651,16538,16284,1709091,1668379,1143621,1106316,309433,307284,17699,17310,130829,130714,5153,5179,102356,101576,1238159,1200112,352364,351152,51336,49908,166486,165997,11666,11620,564090,538289,446118,426515,35424,33984,36531,32979,7447,7418,2191,2104,36379,35289,479382,458773,50080,48340,55046,50714,16961,16654,4872,4664
R,2,2021,20,4740783,2399009,2341774,1676351,1627060,366698,363830,55577,51147,156686,157041,8191,7994,135506,134702,1800700,1750569,422570,421421,106057,99757,201535,201617,17543,17106,1823301,1792857,1220267,1190740,329776,328712,18346,17833,148881,149291,5949,5775,100082,100506,1312330,1283120,371363,372066,50852,49440,184416,184917,12660,12337,575708,548917,456084,436320,36922,35118,37231,33314,7805,7750,2242,2219,35424,34196,488370,467449,51207,49355,55205,50317,17119,16700,4883,4769
R,2,2021,21,4598864,2333367,2265497,1645597,1584993,348333,347657,53145,48351,151102,149607,8051,7601,127139,127288,1762124,1701903,400523,401754,101312,94673,192655,191360,16758,16051,1779577,1740571,1204631,1166821,313486,314051,17647,16829,143718,142245,5892,5455,94203,95170,1291197,1254439,352518,355128,48742,46920,176893,175675,12131,11468,553790,524926,440966,418172,34847,33606,35498,31522,7384,7362,2159,2146,32936,32118,470927,447464,48005,46626,52570,47753,15762,15685,4627,4583
R,2,2021,22,4511572,2290715,2220857,1619288,1555594,337818,337548,51932,47536,150920,148985,7821,7466,122936,123728,1731935,1669249,387305,389748,99071,93493,191044,189012,16383,15649,1750902,1708604,1189454,1147359,303919,305125,16934,16151,143586,141638,5696,5434,91313,92897,1273303,1232952,341047,344659,47529,46374,175664,173823,11888,11348,539813,512253,429834,408235,33899,32423,34998,31385,7334,7347,2125,2032,31623,30831,458632,436297,46258,45089,51542,47119,15380,15189,4495,4301
R,2,2021,23,4340546,2207286,2133260,1556483,1490953,321819,320435,50274,45791,155529,151162,7549,7130,115632,117789,1662483,1598964,367935,369511,95141,90120,193264,189325,15432,14712,1689165,1642913,1143808,1099709,289597,289854,15937,15261,148395,144171,5511,5193,85917,88725,1222690,1181247,324024,327332,45124,44272,178725,175154,11241,10738,518121,490347,412675,391244,32222,30581,34337,30530,7134,6991,2038,1937,29715,29064,439793,417717,43911,42179,50017,45848,14539,14171,4191,3974
R,2,2021,24,4287250,2179881,2107369,1540796,1472837,311989,312957,49987,45536,157577,154030,7382,6923,112150,115086,1643308,1578376,356012,360049,94226,89698,194108,191104,15173,14470,1666566,1622788,1131738,1086899,280211,282825,15522,14775,150742,147180,5356,5090,82997,86019,1207864,1165958,312836,318545,43882,43445,180248,177129,11027,10549,513315,484581,409058,385938,31778,30132,34465,30761,6835,6850,2026,1833,29153,29067,435444,412418,43176,41504,50344,46253,13860,13975,4146,3921
R,2,2021,25,4308382,2186953,2121429,1546544,1483743,312745,315645,50592,45865,159957,156493,7494,7044,109621,112639,1646693,1586676,355341,361463,94581,90161,195320,192271,15261,14670,1675323,1635310,1139805,1096841,280845,285063,15466,14561,152879,149400,5497,5225,80831,84220,1213795,1174053,312255,319548,43835,43437,181376,178425,11176,10823,511630,486119,406739,386902,31900,30582,35126,31304,7078,7093,1997,1819,28790,28419,432898,412623,43086,41915,50746,46724,13944,13846,4085,3847
R,2,2021,26,4335303,2192883,2142420,1551771,1494659,315920,325827,50488,46047,159945,156846,7545,7160,107214,111881,1649449,1596853,356930,370743,94564,90816,194317,192270,15274,14761,1686568,1656913,1149291,1108276,284337,294646,15531,14834,152972,150119,5611,5279,78826,83759,1221176,1184847,314513,328401,43793,44278,180756,179007,11301,10882,506315,485507,402480,386383,31583,31181,34957,31213,6973,6727,1934,1881,28388,28122,428273,412006,42417,42342,50771,46538,13561,13263,3973,3879
R,2,2021,27,4373790,2206358,2167432,1562500,1508073,319522,334138,50675,46627,161756,160874,7443,7100,104462,110620,1657365,1609007,358958,378183,93830,91995,195572,195482,15240,14618,1705097,1682570,1163188,1122417,288464,303117,15792,15301,154956,154026,5444,5180,77253,82529,1233426,1197956,317527,335904,43604,45249,182518,182112,11196,10727,501261,484862,399312,385656,31058,31021,34883,31326,6800,6848,1999,1920,27209,28091,423939,411051,41431,42279,50226,46746,13054,13370,4044,3891
R,2,2021,28,4470680,2249935,2220745,1595786,1544826,325618,342703,51809,47981,165043,167563,7359,7161,104320,110511,1690584,1645638,364190,385367,96114,94780,198451,201908,15091,14679,1745389,1730195,1193725,1154742,294550,311102,16311,15783,158287,160747,5503,5224,77013,82597,1263770,1230209,322729,342703,45163,47002,185426,188843,11209,10770,504546,490550,402061,390084,31068,31601,35498,32198,6756,6816,1856,1937,27307,27914,426814,415429,41461,42664,50951,47778,13025,13065,3882,3909
R,2,2021,29,4531647,2270652,2260995,1617378,1574667,325859,348566,51941,47880,166363,173012,7485,7134,101626,109736,1709619,1674497,362600,390209,96070,95335,198697,207205,15123,14662,1771326,1774740,1219716,1188693,294737,316366,16723,16300,159683,166156,5604,5336,74863,81889,1287758,1263343,321353,346951,45382,47958,186083,194016,11343,10957,499326,486255,397662,385974,31122,32200,35218,31580,6680,6856,1881,1798,26763,27847,421861,411154,41247,43258,50688,47377,12614,13189,3780,3705
R,2,2021,30,4651450,2330174,2321276,1665796,1618592,331239,356454,53298,49164,171172,180236,7581,7345,101088,109485,1757305,1718401,366814,396805,97903,97820,203860,214035,15235,14924,1823747,1829926,1262773,1228894,299609,324085,16997,16604,164345,173298,5624,5439,74399,81606,1330254,1303448,325117,353486,45902,49159,191131,200946,11326,11097,506427,491350,403023,389698,31630,32369,36301,32560,6827,6938,1957,1906,26689,27879,427051,414953,41697,43319,52001,48661,12729,13089,3909,3827
R,2,2021,31,4596028,2298648,2297380,1645790,1601262,326212,352234,51727,48013,169698,182523,7432,7088,97789,106260,1734576,1697753,359856,390668,95504,96189,201022,215325,14800,14423,1811580,1820420,1257944,1222301,295670,320730,16728,16574,163302,175867,5572,5291,72364,79657,1323683,1294681,319767,348766,45540,49272,189100,202873,11151,10942,487068,476960,387846,378961,30542,31504,34999,31439,6396,6656,1860,1797,25425,26603,410893,403072,40089,41902,49964,46917,11922,12452,3649,3481
R,2,2021,32,4503327,2245394,2257933,1614908,1578748,309986,338950,50549,47489,169696,184208,7054,6963,93201,101575,1699307,1670973,341334,375019,92668,94342,199848,215568,14164,13903,1772701,1794321,1237893,1209956,281040,308688,16288,16312,163358,177813,5279,5214,68843,76338,1300219,1279352,303433,334750,43809,48288,188272,203805,10735,10534,472693,463612,377015,368792,28946,30262,34261,31177,6338,6395,1775,1749,24358,25237,399088,391621,37901,40269,48859,46054,11576,11763,3429,3369
R,2,2021,33,4433564,2210118,2223446,1599642,1561788,299646,329072,49900,46288,163810,180208,6992,6822,90128,99268,1681293,1652054,329531,363821,91498,93005,192430,210320,13925,13721,1745146,1767788,1227882,1198847,271705,299923,15824,15516,157654,173956,5257,5135,66824,74411,1288376,1266620,293063,325049,43245,47378,181427,198867,10609,10362,464972,455658,371760,362941,27941,29149,34076,30772,6156,6252,1735,1687,23304,24857,392917,385434,36468,38772,48253,45627,11003,11453,3316,3359
R,2,2021,34,4412864,2197947,2214917,1597590,1563217,294209,324186,49739,46763,161651,177834,7044,6703,87714,96214,1676982,1650510,322484,357391,91271,93466,189594,206655,13849,13177,1736256,1761190,1228160,1201742,266944,295386,15599,15348,155622,171742,5321,5004,64610,71968,1286612,1267044,286861,319249,42828,47284,178763,195608,10545,9955,461691,453727,369430,361475,27265,28800,34140,31415,6029,6092,1723,1699,23104,24246,390370,383466,35623,38142,48443,46182,10831,11047,3304,3222
R,2,2021,35,4465373,2225278,2240095,1622203,1585539,294952,324594,50664,47153,163548,180917,6913,6687,86998,95205,1700963,1672071,322718,356359,92713,94156,190752,209145,13650,13384,1758720,1784665,1248829,1221558,267679,296405,15355,15756,157517,174807,5275,5071,64065,71068,1306835,1286195,287001,318868,43256,48186,180055,198151,10361,10161,466558,455430,373374,363981,27273,28189,35309,31397,6031,6110,1638,1616,22933,24137,394128,385876,35717,37491,49457,45970,10697,10994,3289,3223
R,2,2021,36,4386655,2182353,2204302,1594268,1562000,285409,316395,49411,46851,163311,181034,6714,6515,83240,91507,1669536,1644842,310973,346420,90391,93174,189354,207896,13260,12958,1729829,1756639,1231376,1203860,259806,289109,15032,15423,157313,175185,5069,4863,61233,68199,1286710,1265663,277668,310262,42201,47259,178850,197380,10091,9813,452524,447663,362892,358140,25603,27286,34379,31428,5998,5849,1645,1652,22007,23308,382826,379179,33305,36158,48190,45915,10504,10516,3169,3145
R,2,2021,37,4329995,2150707,2179288,1573077,1544160,280105,312313,49067,46029,160664,179997,6585,6557,81209,90232,1646252,1625756,305010,341293,89759,92891,185779,206027,13016,12989,1704504,1736199,1215072,1188883,254768,285602,14907,15053,155076,174312,4973,4896,59708,67453,1268774,1249845,272095,306146,41995,47613,175780,195802,9910,9837,446203,443089,358005,355277,25337,26711,34160,30976,5588,5685,1612,1661,21501,22779,377478,375911,32915,35147,47764,45278,9999,10225,3106,3152
R,2,2021,38,4392781,2176771,2216010,1594416,1572938,284119,316404,49970,47679,160399,181581,6346,6534,81521,90874,1668112,1655057,308872,345403,91710,95758,184758,207282,12787,12888,1723791,1762108,1230148,1208550,258652,289382,15289,15526,154839,175811,4743,4882,60120,67957,1284418,1269935,275986,309891,43259,49119,175029,196986,9709,9762,452980,453902,364268,364388,25467,27022,34681,32153,5560,5770,1603,1652,21401,22917,383694,385122,32886,35512,48451,46639,9729,10296,3078,3126
R,2,2021,39,4302417,2128078,2174339,1564679,1546822,277029,310677,48416,46344,153498,176255,6252,6276,78204,87965,1635091,1626244,300600,338873,89014,93287,176653,200799,12310,12494,1688734,1730968,1211289,1190821,252513,284380,14498,14769,148036,170673,4674,4614,57724,65711,1263141,1250237,269100,304307,41855,47471,167197,190905,9350,9351,439344,443371,353390,356001,24516,26297,33918,31575,5462,5582,1578,1662,20480,22254,371950,376007,31500,34566,47159,45816,9456,9894,2960,3143
R,2,2021,40,4366312,2163006,2203306,1589807,1566762,287062,320296,50075,47574,151043,174619,6446,6326,78573,87729,1660593,1645988,310748,348103,91200,95203,174006,198576,12578,12374,1710686,1750976,1225088,1202458,262426,293934,15143,15229,145465,168955,4742,4727,57822,65673,1277056,1261740,278975,313745,42814,48678,164388,188701,9486,9312,452320,452330,364719,364304,24636,26362,34932,32345,5578,5664,1704,1599,20751,22056,383537,384248,31773,34358,48386,46525,9618,9875,3092,3062
R,2,2021,41,4229660,2092672,2136988,1539033,1519323,278188,311273,47870,46016,146471,170023,6100,6153,75010,84200,1606629,1595138,300506,338135,87925,91858,167780,192846,11819,12049,1659419,1700187,1188949,1167370,254824,285878,14358,14760,141257,164711,4595,4544,55436,62924,1238806,1224035,270367,304731,41567,47016,158966,183533,9070,9062,433253,436801,350084,351953,23364,25395,33512,31256,5214,5312,1505,1609,19574,21276,367823,371103,30139,33404,46358,44842,8814,9313,2749,2987
R,2,2021,42,4057409,2002424,2054985,1474619,1463937,264823,296817,45829,44315,140532,164541,5811,5632,70810,79743,1538336,1535779,285635,321860,84164,88132,160622,186064,11036,11075,1587602,1633300,1138964,1123270,242726,272854,13656,13963,135539,159170,4343,4160,52374,59883,1186042,1177198,257322,290570,39813,44997,152113,176962,8353,8348,414822,421685,335655,340667,22097,23963,32173,30352,4993,5371,1468,1472,18436,19860,352294,358581,28313,31290,44351,43135,8509,9102,2683,2727
R,2,2021,43,4024840,1983023,2041817,1468198,1462990,257397,290557,45498,44336,136914,160112,5522,5748,69494,78074,1530902,1533344,277663,314680,83696,87817,156382,181131,10610,11040,1572563,1620357,1134584,1121024,236533,267177,13768,14387,132043,154982,4126,4229,51509,58558,1180981,1173767,250551,284244,39903,45150,148315,172308,8039,8343,410460,421460,333614,341966,20864,23380,31730,29949,4871,5130,1396,1519,17985,19516,349921,359577,27112,30436,43793,42667,8067,8823,2571,2697
R,2,2021,44,3903098,1922810,1980288,1420864,1416955,247766,280270,44139,42532,137807,160290,5398,5354,66836,74887,1480967,1484376,266678,303132,81108,84944,156557,180226,10478,10349,1522591,1567448,1094551,1080413,227611,258096,13498,13634,133157,155268,4030,3953,49744,56084,1139163,1130809,240769,274178,38957,43589,148869,171799,7967,7816,400219,412840,326313,336542,20155,22174,30641,28898,4650,5022,1368,1401,17092,18803,341804,353567,25909,28954,42151,41355,7688,8427,2511,2533
R,2,2021,45,3873379,1908700,1964679,1409422,1405586,246292,277459,43472,41979,139792,162317,5142,5309,64580,72029,1467549,1470340,264542,299124,79922,82902,157280,181404,9743,10122,1514321,1558837,1087309,1073246,226709,256256,13212,13638,135204,157378,3891,3949,47996,54370,1130421,1122104,239401,271649,38514,42802,149735,173273,7473,7678,394379,405842,322113,332340,19583,21203,30260,28341,4588,4939,1251,1360,16584,17659,337128,348236,25141,27475,41408,40100,7545,8131,2270,2444
R,2,2021,46,3881740,1914365,1967375,1419794,1416127,243859,273474,42595,41350,140048,160736,5035,5071,63034,70617,1476466,1479721,261445,294183,78374,82111,157065,179355,9574,9526,1527161,1567250,1102322,1087576,225115,252876,13245,13555,135571,156027,3810,3760,47098,53456,1144595,1135588,237573,267677,38181,42791,149751,171595,7293,7203,387204,400125,317472,328551,18744,20598,29350,27795,4477,4709,1225,1311,15936,17161,331871,344133,23872,26506,40193,39320,7314,7760,2281,2323
R,2,2021,47,3809208,1874113,1935095,1387905,1389742,240223,270671,40681,39955,139460,161259,4856,5104,60988,68364,1442717,1451134,256955,290653,75571,79355,156012,179397,9171,9575,1503845,1549297,1083554,1072078,222574,251146,12792,13534,135221,156673,3707,3760,45997,52106,1124708,1118812,234358,265413,37553,42129,149131,171849,7089,7231,370268,385798,304351,317664,17649,19525,27889,26421,4239,4586,1149,1344,14991,16258,318009,332322,22597,25240,38018,37226,6881,7548,2082,2344
R,2,2021,48,3953040,1940872,2012168,1438769,1447385,251645,284089,41747,40377,141866,165570,4857,5081,61988,69666,1494534,1509950,268222,304307,77764,81062,158385,183476,9227,9659,1567452,1622128,1131390,1125491,234010,264345,13588,13899,137601,160992,3698,3800,47165,53601,1173654,1173491,245849,278995,39471,43796,151501,176096,7174,7414,373420,390040,307379,321894,17635,19744,28159,26478,4265,4578,1159,1281,14823,16065,320880,336459,22373,25312,38293,37266,6884,7380,2053,2245
R,2,2021,49,4123483,2026334,2097149,1525638,1531626,255428,289029,40150,40018,137756,160234,4891,4873,62471,71369,1581817,1596008,271966,309086,77086,82751,153875,177866,9277,9399,1661470,1715203,1223750,1215947,238276,270065,13789,14280,133552,155723,3683,3703,48420,55485,1267208,1265865,250327,284725,40975,46306,147286,170622,7190,7281,364864,381946,301888,315679,17152,18964,26361,25738,4204,4511,1208,1170,14051,15884,314609,330143,21639,24361,36111,36445,6589,7244,2087,2118
R,2,2021,50,4351272,2141838,2209434,1621926,1626764,269586,302922,41375,40262,138810,161379,4979,5072,65162,73035,1680639,1692468,286689,323363,80650,84700,154836,178866,9505,9805,1770052,1827129,1314546,1310207,251938,283706,14284,14950,134622,156947,3791,3880,50871,57439,1360314,1361725,264483,298919,43618,48866,148263,171680,7429,7685,371786,382305,307380,316557,17648,19216,27091,25312,4188,4432,1188,1192,14291,15596,320325,330743,22206,24444,37032,35834,6573,7186,2076,2120
R,2,2021,51,4199348,2064542,2134806,1573654,1582493,253990,286002,39099,38557,132296,153983,4760,4927,60743,68844,1628427,1644497,269616,304898,76023,80912,147190,170264,9165,9443,1708429,1767189,1278052,1277523,237506,267883,13511,14311,128377,149744,3647,3796,47336,53932,1320607,1325993,248898,281863,41154,46489,141060,163440,7205,7443,356113,367617,295602,304970,16484,18119,25588,24246,3919,4239,1113,1131,13407,14912,307820,318504,20718,23035,34869,34423,6130,6824,1960,2000
R,2,2021,52,4074526,2000847,2073679,1524565,1538130,247380,278009,38340,37015,129139,150948,4381,4809,57042,64768,1575984,1596379,261955,295682,73377,77468,142822,165744,8393,8992,1660384,1723447,1241850,1246965,231686,260883,13456,14121,125489,146961,3364,3659,44539,50858,1281911,1292596,242315,273834,39935,45192,137050,159435,6589,7015,340463,350232,282715,291165,15694,17126,24884,22894,3650,3987,1017,1150,12503,13910,294073,303783,19640,21848,33442,32276,5772,6309,1804,1977
R,2,2021,53,3999390,1959005,2040385,1501920,1520662,244230,278261,36291,36024,117675,138565,4425,4555,54464,62318,1551084,1576742,257974,295531,70322,75241,130206,152253,8175,8639,1632139,1701164,1229769,1238286,229199,261534,13164,14004,114100,134720,3429,3531,42478,49089,1267977,1282391,239182,274301,38908,44271,124681,146118,6490,6813,326866,339221,272151,282376,15031,16727,23127,22020,3575,3845,996,1024,11986,13229,283107,294351,18792,21230,31414,30970,5525,6135,1685,1826
R,2,2021,54,4041697,1976733,2064964,1522413,1548940,247015,282695,35643,35304,113989,131757,4529,4512,53144,61756,1570153,1604475,260604,299522,69173,74702,125984,144887,8262,8493,1655553,1733394,1253735,1272087,232540,266389,13367,14323,110686,128134,3480,3471,41745,48990,1291156,1316071,242472,278934,38953,45014,120804,139174,6534,6669,321180,331570,268678,276853,14475,16306,22276,20981,3303,3623,1049,1041,11399,12766,278997,288404,18132,20588,30220,29688,5180,5713,1728,1824
R,2,2021,55,4179445,2042377,2137068,1573357,1603200,257780,294721,36273,36357,116115,135469,4444,4661,54408,62660,1622121,1659371,271573,311816,70998,76419,128089,148912,8334,8713,1721186,1805255,1304844,1326304,242890,278416,14109,15121,112835,131860,3453,3604,43055,49950,1343313,1370994,253085,291149,40931,46545,122995,143170,6635,6896,321191,331813,268513,276896,14890,16305,22164,21236,3280,3609,991,1057,11353,12710,278808,288377,18488,20667,30067,29874,5094,5742,1699,1817
R,2,2021,56,4361566,2122809,2238757,1652709,1699397,260723,300559,35727,35861,114906,134503,4162,4625,54582,63812,1701884,1756816,273925,317514,71275,77692,126555,147420,7880,8622,1812781,1913976,1392353,1426983,247009,284800,14481,15746,111778,131095,3228,3631,43932,51721,1431845,1473432,256914,297726,42585,49282,121699,142057,6284,6938,310028,324781,260356,272414,13714,15759,21246,20115,3128,3408,934,994,10650,12091,270039,283384,17011,19788,28690,28410,4856,5363,1596,1684
R,2,2021,57,4391080,2134368,2256712,1667485,1721315,257005,295428,34687,35021,116786,137240,4080,4484,54325,63224,1716392,1778148,270048,311819,70545,76592,128134,150130,7706,8514,1836517,1942353,1417341,1457617,243508,280196,14643,15688,113867,133929,3244,3486,43914,51437,1456746,1503784,253391,292749,43130,49162,123575,144908,6245,6807,297851,314359,250144,263698,13497,15232,20044,19333,2919,3311,836,998,10411,11787,259646,274364,16657,19070,27415,27430,4559,5222,1461,1707
R,2,2021,58,4393932,2131930,2262002,1674297,1735634,253692,294003,33488,34068,114001,131887,4079,4529,52373,61881,1721486,1791319,266060,309969,68010,75262,125050,144190,7633,8343,1846086,1958429,1433446,1479893,240964,279741,14449,15693,111120,128676,3242,3635,42865,50791,1471987,1525501,250393,292120,42282,49203,120656,139191,6236,6783,285844,303573,240851,255741,12728,14262,19039,18375,2881,3211,837,894,9508,11090,249499,265818,15667,17849,25728,26059,4394,4999,1397,1560
R,2,2021,59,4371357,2117421,2253936,1683478,1750495,246252,287242,31784,32835,100436,119013,4030,4204,51441,60147,1729820,1804652,258228,302681,66151,73282,111100,130651,7336,7850,1849111,1968164,1457150,1509509,234455,273973,14223,15625,97843,116115,3233,3354,42207,49588,1495070,1554054,243690,285951,41945,48720,107126,126105,6028,6364,268310,285772,226328,240986,11797,13269,17561,17210,2593,2898,797,850,9234,10559,234750,250598,14538,16730,24206,24562,3974,4546,1308,1486
R,2,2021,60,4424924,2137206,2287718,1696328,1774319,250976,292057,31644,32768,103517,124496,3890,4258,50851,59820,1742229,1828052,263042,307314,65555,72959,113901,136127,7209,7956,1871915,2003317,1472394,1534124,239355,279130,14131,15685,100980,121613,3139,3431,41916,49334,1510137,1578385,248672,290961,41722,48565,110014,131591,5898,6463,265291,284401,223934,240195,11621,12927,17513,17083,2537,2883,751,827,8935,10486,232092,249667,14370,16353,23833,24394,3887,4536,1311,1493
R,2,2021,61,4318801,2080025,2238776,1658638,1743356,240526,283957,29811,31201,99300,119642,3621,3933,48129,56687,1701897,1794324,251603,298488,61999,69305,109400,130619,6759,7324,1833917,1972260,1450825,1518593,229741,271496,13621,15072,96882,116957,2939,3194,39909,46948,1486606,1560668,238382,282908,39893,46428,105706,126410,5567,6011,246108,266516,207813,224763,10785,12461,16190,16129,2418,2685,682,739,8220,9739,215291,233656,13221,15580,22106,22877,3694,4209,1192,1313
R,2,2021,62,4246610,2038941,2207669,1629528,1722908,234255,277171,27808,29815,97960,119361,3468,3765,45922,54649,1670864,1772059,244941,291108,58862,66759,107181,129804,6324,6986,1808644,1955207,1435115,1509407,223838,265687,13060,14749,95692,116798,2815,3088,38124,45478,1469339,1550194,232195,276707,38481,45285,103793,125808,5221,5727,230297,252462,194413,213501,10417,11484,14748,15066,2268,2563,653,677,7798,9171,201525,221865,12746,14401,20381,21474,3388,3996,1103,1259
R,2,2021,63,4233029,2025257,2207772,1626656,1733368,227501,271774,26960,28675,96421,117483,3269,3538,44450,52934,1666602,1780960,237731,285080,56989,65092,105468,127231,6074,6593,1804612,1962514,1439582,1525137,217956,260833,12853,14314,94334,115095,2703,2854,37184,44281,1472880,1564840,226046,271414,37691,44598,102287,123575,5094,5419,220645,245258,187074,208231,9545,10941,14107,14361,2087,2388,566,684,7266,8653,193722,216120,11685,13666,19298,20494,3181,3656,980,1174
R,2,2021,64,4106806,1957174,2149632,1576229,1689442,217396,264065,25296,27180,93137,115408,3129,3413,41987,50124,1614118,1734489,227077,276812,53791,61541,101473,124673,5779,6325,1749836,1916452,1400322,1491324,208424,253499,12183,13763,91168,113117,2580,2811,35159,41938,1431983,1528907,216053,263645,35777,42335,98507,121134,4802,5274,207338,233180,175907,198118,8972,10566,13113,13417,1969,2291,549,602,6828,8186,182135,205582,11024,13167,18014,19206,2966,3539,977,1051
R,2,2021,65,3981198,1892640,2088558,1529531,1647047,205845,251598,23993,25912,90813,113501,2910,3278,39548,47222,1565148,1689386,214934,263597,50789,58240,98655,122328,5436,6079,1695560,1865056,1362269,1456824,197166,241545,11584,13149,88941,111326,2402,2645,33198,39567,1392084,1492179,204331,251050,33851,40084,95845,119034,4555,5030,197080,223502,167262,190223,8679,10053,12409,12763,1872,2175,508,633,6350,7655,173064,197207,10603,12547,16938,18156,2810,3294,881,1049
R,2,2021,66,3892521,1843751,2048770,1496899,1624451,196609,242210,22394,24439,88231,109634,2826,3177,36792,44859,1529948,1664524,205207,253626,47352,55270,95480,117952,5188,5937,1659482,1836492,1340297,1443370,188556,232798,11019,12536,86523,107619,2336,2608,30751,37561,1367846,1476784,195294,241817,31642,38211,92924,114862,4357,4958,184269,212278,156602,181081,8053,9412,11375,11903,1708,2015,490,569,6041,7298,162102,187740,9913,11809,15710,17059,2556,3090,831,979
R,2,2021,67,3694898,1741247,1953651,1426092,1561037,178440,224779,20210,22164,80499,101302,2448,2855,33558,41514,1456284,1598304,186241,235406,43248,50687,86945,108785,4563,5326,1573402,1757773,1282864,1393363,171186,216131,10108,11679,78968,99441,2021,2365,28255,34794,1308242,1424490,177313,224550,29343,35499,84690,105953,3837,4489,167845,195878,143228,167674,7254,8648,10102,10485,1531,1861,427,490,5303,6720,148042,173814,8928,10856,13905,15188,2255,2832,726,837
R,2,2021,68,3596724,1688988,1907736,1389670,1529568,167777,215392,18617,21016,79524,100353,2392,2737,31008,38670,1417498,1564273,175122,225212,39760,47682,85579,107220,4400,5120,1532537,1722091,1255681,1370085,160950,207317,9499,11206,78185,98634,2019,2298,26203,32551,1279105,1399178,166794,215186,27248,33551,83545,104640,3733,4345,156451,185645,133989,159483,6827,8075,9118,9810,1339,1719,373,439,4805,6119,138393,165095,8328,10026,12512,14131,2034,2580,667,775
R,2,2021,69,3415204,1598753,1816451,1325156,1466194,155305,202515,16923,19280,70077,89834,2137,2476,29155,36152,1351387,1498624,162066,211851,37212,44575,75438,95904,3985,4609,1453937,1644691,1200547,1318364,149282,195074,8836,10354,68820,88313,1814,2059,24638,30527,1222611,1345634,154687,202495,25833,31768,73580,93590,3404,3897,144816,171760,124609,147830,6023,7441,8087,8926,1257,1521,323,417,4517,5625,128776,152990,7379,9356,11379,12807,1858,2314,581,712
R,2,2021,70,3256013,1516881,1739132,1250878,1394600,149320,197244,16043,18436,71274,92624,2073,2399,27293,33829,1275383,1424899,155810,206153,34845,41892,76291,98441,3801,4461,1378299,1571195,1131665,1249862,143387,190034,8334,9785,70084,91131,1761,2016,23068,28367,1152273,1275168,148548,197121,24157,29429,74502,96147,3264,3775,138582,167937,119213,144738,5933,7210,7709,8651,1190,1493,312,383,4225,5462,123110,149731,7262,9032,10688,12463,1789,2294,537,686
R,2,2021,71,3145855,1460725,1685130,1212890,1360742,137587,184546,14817,16827,68464,89000,1903,2151,25064,31864,1235477,1389215,143417,192874,32157,38996,73032,94346,3578,4124,1333558,1529200,1103088,1225841,132308,177912,7897,9131,67316,87567,1621,1800,21328,26949,1122243,1249816,136981,184637,22573,27882,71364,92230,3100,3507,127167,155930,109802,134901,5279,6634,6920,7696,1148,1433,282,351,3736,4915,113234,139399,6436,8237,9584,11114,1668,2116,478,617
R,2,2021,72,3058476,1415759,1642717,1184324,1338654,127969,172571,13672,15717,64282,83292,1804,2090,23708,30393,1205593,1365842,133463,180590,30245,36868,68593,88320,3377,3970,1298172,1496220,1082395,1211708,123200,166470,7548,8659,63228,81928,1509,1763,20292,25692,1100533,1234609,127661,172909,21644,26538,67070,86289,2901,3384,117587,146497,101929,126946,4769,6101,6124,7058,1054,1364,295,327,3416,4701,105060,131233,5802,7681,8601,10330,1523,2031,476,586
R,2,2021,73,3074856,1421635,1653221,1209046,1371107,116295,159234,12861,14712,58965,76666,1662,1848,22806,29654,1229680,1397760,121464,166852,28898,35692,62933,81383,3099,3580,1310229,1514130,1112224,1250172,111954,153396,7074,8174,58011,75493,1422,1553,19544,25342,1129875,1272875,116144,159611,20755,26067,61526,79637,2714,3097,111406,139091,96822,120935,4341,5838,5787,6538,954,1173,240,295,3262,4312,99805,124885,5320,7241,8143,9625,1407,1746,385,483
R,2,2021,74,2783136,1281772,1501364,1094512,1250910,100806,139727,11357,13433,53237,69526,1479,1575,20381,26193,1113007,1274556,105322,146323,25692,31771,56727,73777,2802,3231,1181952,1374078,1007593,1140182,96871,134423,6319,7526,52453,68400,1253,1316,17463,22231,1023428,1160176,100494,139722,18574,23127,55542,72101,2426,2756,99820,127286,86919,110728,3935,5304,5038,5907,784,1126,226,259,2918,3962,89579,114380,4828,6601,7118,8644,1185,1676,376,475
R,2,2021,75,2201307,1004306,1197001,847646,984797,84410,119887,9237,11410,46059,58894,1257,1557,15697,20456,861750,1003067,88080,125319,19967,25385,48978,62413,2430,2956,916625,1082726,771092,885138,80986,115132,4944,6064,45289,57887,1062,1293,13252,17212,782949,900428,83875,119493,13967,17806,47833,60964,2091,2514,87681,114275,76554,99659,3424,4755,4293,5346,770,1007,195,264,2445,3244,78801,102639,4205,5826,6000,7579,1145,1449,339,442
R,2,2021,76,2128121,962436,1165685,817870,964945,77500,113487,8488,10596,42654,55692,1135,1381,14789,19584,831190,982373,81065,118904,18541,23985,45385,58918,2220,2757,883877,1060607,749140,872939,74437,109327,4607,5746,42070,54815,976,1151,12647,16629,760493,887680,77306,113714,13178,17110,44491,57639,1942,2358,78559,105078,68730,92006,3063,4160,3881,4850,584,877,159,230,2142,2955,70697,94693,3759,5190,5363,6875,894,1279,278,399
R,2,2021,77,2100701,944235,1156466,810398,970373,72263,106803,7878,9846,38956,49443,986,1244,13754,18757,822804,987148,75515,111850,17508,22837,41287,52421,1997,2538,871419,1057534,746540,883646,69499,102847,4408,5442,38354,48647,844,1042,11774,15910,757141,897806,72107,106941,12659,16489,40422,51214,1718,2179,72816,98932,63858,86727,2764,3956,3470,4404,602,796,142,202,1980,2847,65663,89342,3408,4909,4849,6348,865,1207,279,359
R,2,2021,78,1999738,891645,1108093,767241,932047,66886,101129,6998,9035,37137,47678,878,1148,12505,17056,778494,947315,69857,105776,15589,20870,39379,50382,1772,2260,825426,1015134,709077,850617,64263,97308,3961,4917,36621,46923,746,943,10758,14426,718735,863467,66693,101050,11342,14971,38604,49256,1528,1926,66219,92959,58164,81430,2623,3821,3037,4118,516,755,132,205,1747,2630,59759,83848,3164,4726,4247,5899,775,1126,244,334
R,2,2021,79,1704116,751557,952559,644135,797621,57048,88499,6156,7916,32760,42671,813,1025,10645,14827,653711,810863,59649,92505,13419,18187,34691,45122,1567,1980,692964,871387,592623,726151,54801,85407,3477,4388,32323,42011,694,851,9046,12579,600752,737340,56876,88635,9638,13115,34024,44126,1342,1689,58593,81172,51512,71470,2247,3092,2679,3528,437,660,119,174,1599,2248,52959,73523,2773,3870,3781,5072,667,996,225,291
R,2,2021,80,1544740,671958,872782,573608,728425,51266,82332,5543,7372,31245,40488,753,915,9543,13250,582181,740197,53622,86101,12017,16333,33051,42721,1404,1822,617485,794548,525626,659518,49169,79264,3128,4036,30823,39869,634,750,8105,11111,532887,669333,51043,82263,8585,11563,32423,41810,1198,1536,54473,78234,47982,68907,2097,3068,2415,3336,422,619,119,165,1438,2139,49294,70864,2579,3838,3432,4770,628,911,206,286
R,2,2021,81,1393932,599398,794534,512068,663830,45465,74748,4796,6554,28200,36535,597,876,8272,11991,519475,674449,47483,78125,10354,14639,29776,38564,1200,1743,550442,723112,468936,600725,43532,71911,2641,3629,27812,35955,477,722,7044,10170,475217,609673,45156,74627,7346,10524,29230,37724,1021,1481,48956,71422,43132,63105,1933,2837,2155,2925,388,580,120,154,1228,1821,44258,64776,2327,3498,3008,4115,546,840,179,262
R,2,2021,82,1309909,557981,751928,479507,632598,40618,68231,4404,6282,25449,33213,528,742,7475,10862,486221,642274,42436,71323,9419,13582,26916,34993,1054,1458,513515,685627,440163,574103,38962,65614,2454,3467,25107,32717,429,608,6400,9118,445899,582160,40403,68113,6748,9593,26405,34267,896,1244,44466,66301,39344,58495,1656,2617,1950,2815,342,496,99,134,1075,1744,40322,60114,2033,3210,2671,3989,511,726,158,214
R,2,2021,83,1176138,494299,681839,424641,573186,35978,62248,3728,5387,22835,30798,499,672,6618,9548,430626,581661,37696,65011,8134,11678,24071,32495,953,1350,455051,622397,389754,520578,34541,59870,2109,2971,22529,30338,425,565,5693,8075,394897,527689,35928,62120,5896,8308,23636,31815,816,1165,39248,59442,34887,52608,1437,2378,1619,2416,306,460,74,107,925,1473,35729,53972,1768,2891,2238,3370,435,680,137,185
R,2,2021,84,1052605,434681,617924,374233,521438,30784,55296,3224,4856,20240,27336,389,623,5811,8375,379437,528776,32283,57784,6990,10302,21416,28887,852,1245,399614,563038,343023,472798,29503,53161,1802,2619,19989,26931,331,513,4966,7016,347447,478897,30706,55205,4993,7150,21042,28282,749,1050,35067,54886,31210,48640,1281,2135,1422,2237,251,405,58,110,845,1359,31990,49879,1577,2579,1997,3152,374,605,103,195
R,2,2021,85,956933,388308,568625,334883,479239,27781,51304,2854,4402,17477,25402,330,529,4983,7749,339358,486111,29094,53565,6014,9420,18496,26814,716,1084,357212,518850,307283,435106,26621,49413,1571,2382,17254,24981,267,435,4216,6533,311051,440873,27682,51233,4222,6643,18159,26203,609,917,31096,49775,27600,44133,1160,1891,1283,2020,223,421,63,94,767,1216,28307,45238,1412,2332,1792,2777,337,611,107,167
R,2,2021,86,861410,343028,518382,296940,438959,23884,46000,2475,3900,15169,22172,354,479,4206,6872,300714,445005,25002,47987,5118,8365,16040,23487,676,985,315616,473790,272460,399351,22879,44293,1380,2106,14987,21828,295,399,3615,5813,275681,404431,23792,45894,3628,5883,15776,22997,580,854,27412,44592,24480,39608,1005,1707,1095,1794,182,344,59,80,591,1059,25033,40574,1210,2093,1490,2482,264,490,96,131
R,2,2021,87,731001,285816,445185,247635,376655,19599,39331,2032,3186,12748,19845,271,404,3531,5764,250814,381661,20473,41015,4301,6886,13514,20990,538,880,263038,406898,227368,342563,18794,37808,1105,1759,12568,19547,219,341,2984,4880,230036,346784,19500,39159,2994,4888,13256,20560,449,761,22778,38287,20267,34092,805,1523,927,1427,180,298,52,63,547,884,20778,34877,973,1856,1307,1998,258,430,89,119
R,2,2021,88,674770,257098,417672,223088,354605,17563,36326,1733,3048,11317,18165,215,419,3182,5109,225930,359089,18398,37851,3690,6294,12023,19155,487,826,237165,382781,205311,323542,16843,34965,935,1700,11163,17876,189,350,2724,4348,207741,327340,17523,36212,2603,4468,11789,18741,432,712,19933,34891,17777,31063,720,1361,798,1348,154,289,26,69,458,761,18189,31749,875,1639,1087,1826,234,414,55,114
R,2,2021,89,583782,217236,366546,190882,315050,13154,29206,1391,2461,9059,15083,174,345,2576,4401,193178,318850,13872,30536,2954,5260,9637,15951,391,738,200293,336929,175687,288541,12607,28144,734,1353,8946,14875,143,285,2176,3731,177618,291734,13216,29220,2018,3725,9454,15649,329,633,16943,29617,15195,26509,547,1062,657,1108,113,208,31,60,400,670,15560,27116,656,1316,936,1535,183,302,62,105
R,2,2021,90,526891,190082,336809,166352,288943,11833,26885,1263,2216,8328,14421,172,298,2134,4046,168270,292447,12420,28077,2540,4800,8829,15227,350,639,175045,308781,152919,263904,11301,25836,664,1166,8202,14240,145,249,1814,3386,154545,266797,11777,26796,1739,3312,8644,14957,303,554,15037,28028,13433,25039,532,1049,599,1050,126,181,27,49,320,660,13725,25650,643,1281,801,1488,185,270,47,85
R,2,2021,91,438216,152315,285901,133466,245644,9379,23094,1001,1715,6624,11976,121,258,1724,3214,134977,248428,9862,24092,2054,3714,7018,12624,297,542,140389,263077,122775,225252,8998,22209,534,919,6535,11790,97,222,1450,2685,124037,227547,9377,23023,1404,2570,6893,12355,256,478,11926,22824,10691,20392,381,885,467,796,89,186,24,36,274,529,10940,20881,485,1069,650,1144,125,269,41,64
R,2,2021,92,365610,122652,242958,107734,209524,7541,19114,800,1431,5128,9978,100,206,1349,2705,108922,211839,7951,19973,1628,3092,5437,10536,207,468,112982,224136,99072,192748,7205,18334,406,763,5063,9847,85,170,1151,2274,100083,194669,7543,19045,1103,2143,5344,10339,179,395,9670,18822,8662,16776,336,780,394,668,65,131,15,36,198,431,8839,17170,408,928,525,949,93,197,28,73
R,2,2021,93,303130,97253,205877,85352,177800,5967,16140,614,1261,4094,8359,91,163,1135,2154,86343,179634,6308,16791,1270,2629,4350,8806,193,369,89858,190517,78736,164061,5722,15524,316,673,4053,8258,75,137,956,1864,79569,165641,5992,16058,854,1867,4290,8651,159,323,7395,15360,6616,13739,245,616,298,588,41,101,16,26,179,290,6774,13993,316,733,416,762,60,155,34,46
R,2,2021,94,238460,73262,165198,64165,142629,4622,12932,428,938,3152,6815,46,158,849,1726,64921,144116,4848,13491,933,1965,3359,7162,131,340,67597,152887,59072,131616,4432,12433,222,529,3108,6714,37,138,726,1457,59719,132855,4615,12903,653,1372,3294,7031,107,302,5665,12311,5093,11013,190,499,206,409,44,101,9,20,123,269,5202,11261,233,588,280,593,65,131,24,38
R,2,2021,95,186711,55132,131579,47900,113290,3620,10496,340,746,2581,5475,62,108,629,1464,48421,114509,3797,11012,706,1628,2757,5777,142,260,50868,121877,44074,104643,3480,10098,189,419,2544,5395,51,88,530,1234,44511,105664,3625,10510,483,1156,2703,5648,123,211,4264,9702,3826,8647,140,398,151,327,37,80,11,20,99,230,3910,8845,172,502,223,472,54,129,19,49
R,2,2021,96,143069,39870,103199,34579,89059,2633,8222,271,616,1944,4137,29,91,414,1074,34930,89926,2751,8603,522,1251,2046,4375,78,213,36833,95813,31878,82497,2516,7897,143,349,1919,4084,24,79,353,907,32180,83225,2617,8209,350,876,2009,4293,64,183,3037,7386,2701,6562,117,325,128,267,25,53,5,12,61,167,2750,6701,134,394,172,375,37,82,14,30
R,2,2021,97,102615,27644,74971,23749,64281,1913,6164,202,416,1430,3254,30,77,320,779,24025,64915,2017,6431,367,874,1526,3427,60,170,25165,69582,21530,59470,1828,5929,100,231,1414,3224,25,71,268,657,21758,60000,1914,6150,231,612,1501,3375,49,145,2479,5389,2219,4811,85,235,102,185,16,30,5,6,52,122,2267,4915,103,281,136,262,25,52,11,25
R,2,2021,98,72929,18702,54227,15786,45939,1443,4912,144,309,1076,2414,29,63,224,590,15968,46424,1518,5107,259,644,1141,2560,77,136,17088,50275,14371,42452,1386,4722,79,177,1058,2381,18,53,176,490,14515,42850,1444,4883,168,453,1112,2504,55,108,1614,3952,1415,3487,57,190,65,132,18,33,11,10,48,100,1453,3574,74,224,91,191,29,56,22,28
R,2,2021,99,51841,12477,39364,10497,33445,917,3533,106,234,739,1692,37,57,181,403,10637,33785,992,3687,199,451,795,1787,72,113,11366,36584,9541,30986,884,3409,52,140,724,1665,24,47,141,337,9650,31271,937,3532,127,327,769,1742,54,87,1111,2780,956,2459,33,124,54,94,15,27,13,10,40,66,987,2514,55,155,72,124,26,45,18,26
R,2,2021,100,81963,18024,63939,14316,52384,1804,6862,232,464,1233,3336,55,69,384,824,14619,53011,1997,7231,416,893,1350,3557,123,207,16096,59049,12711,48236,1720,6560,127,278,1198,3276,38,49,302,650,12959,48727,1875,6845,262,604,1281,3441,84,151,1928,4890,1605,4148,84,302,105,186,35,60,17,20,82,174,1660,4284,122,386,154,289,69,116,39,56
R,3,2021,999,331798042,162849260,168948782,120755865,123590596,21205474,23225260,3228582,3156280,9951370,10918980,436283,435742,7271686,7621924,127427041,130571133,23954601,26156359,6348551,6526840,12182338,13166761,921718,921456,131586510,137395326,95814587,98348299,19368169,21337364,1133086,1166048,9539869,10500517,324229,323571,5406570,5719527,100779475,103590881,21366361,23489332,3266762,3528036,11317442,12291996,679675,679955,31262750,31553456,24941278,25242297,1837305,1887896,2095496,1990232,411501,418463,112054,112171,1865116,1902397,26647566,26980252,2588240,2667027,3081789,2998804,864896,874765,242043,241501
R,3,2021,0,3575457,1828262,1747195,1192177,1135598,301128,292068,41372,39644,109364,103074,6313,5893,177908,170918,1358855,1295480,387661,375895,90790,87172,172026,162901,16532,15658,1339594,1277045,839690,796290,260583,252781,12576,12159,100163,94160,4389,4079,122193,117576,954779,906906,319725,310406,40854,39245,146260,138201,10815,10085,488668,470150,352487,339308,40545,39287,28796,27485,9201,8914,1924,1814,55715,53342,404076,388574,67936,65489,49936,47927,25766,24700,5717,5573
R,3,2021,1,3723248,1901974,1821274,1257341,1198654,296999,289903,43714,41851,114434,108477,6881,6476,182605,175913,1428409,1363220,385621,376005,94263,90620,178951,170186,17390,16476,1412431,1350283,901552,856032,258666,252834,14659,14118,105474,99758,4774,4607,127306,122934,1021422,971641,320153,312972,44164,42539,153566,145821,11509,10903,489543,470991,355789,342622,38333,37069,29055,27733,8960,8719,2107,1869,55299,52979,406987,391579,65468,63033,50099,48081,25385,24365,5881,5573
R,3,2021,2,3772684,1926537,1846147,1279263,1221660,301038,293187,44186,42915,115178,109313,6980,6712,179892,172360,1447794,1382882,387732,376645,94370,90955,178634,170067,17606,16679,1436522,1373282,920829,875430,263080,256710,15109,14726,106361,100772,4922,4834,126221,120810,1039637,988947,323839,315383,44439,42761,154003,146045,11739,11230,490015,472865,358434,346230,37958,36477,29077,28189,8817,8541,2058,1878,53671,51550,408157,393935,63893,61262,49931,48194,24631,24022,5867,5449
R,3,2021,3,3847620,1966469,1881151,1306978,1246501,308627,299704,45972,44123,118897,113212,7295,6581,178700,171030,1474218,1406306,394145,382321,96630,92517,181899,173172,18007,16554,1466581,1398822,939226,891606,270761,262931,15744,15043,110000,104649,5212,4658,125638,119935,1057333,1004285,330862,321023,45539,43174,157283,149478,12156,10971,499888,482329,367752,354895,37866,36773,30228,29080,8897,8563,2083,1923,53062,51095,416885,402021,63283,61298,51091,49343,24616,23694,5851,5583
R,3,2021,4,3930315,2008463,1921852,1341560,1278615,308682,300716,48120,46420,123787,117513,7328,6945,178986,171643,1508686,1438870,393133,382921,99832,96312,186880,177237,18170,17188,1495186,1426940,962615,913279,270183,263671,16273,15748,114707,108885,5228,4934,126180,120423,1081037,1026321,329681,321605,46690,44987,162270,153465,12244,11494,513277,494912,378945,365336,38499,37045,31847,30672,9080,8628,2100,2011,52806,51220,427649,412549,63452,61316,53142,51325,24610,23772,5926,5694
R,3,2021,5,3989173,2038695,1950478,1370890,1305535,311065,302748,49023,47661,122321,116827,7262,6943,178134,170764,1537407,1464936,394516,383911,101602,97870,184657,176055,18074,17222,1515738,1447907,982584,932067,272705,265924,16517,16155,113308,108190,5187,4937,125437,120634,1100433,1045243,331664,323671,47530,45823,160047,152659,12141,11568,522957,502571,388306,373468,38360,36824,32506,31506,9013,8637,2075,2006,52697,50130,436974,419693,62852,60240,54072,52047,24610,23396,5933,5654
R,3,2021,6,4010325,2048854,1961471,1377607,1313414,312927,304246,49831,48110,125621,119122,7204,7040,175664,169539,1541753,1471607,394842,384652,102450,98927,186774,177238,17673,17054,1528766,1459698,990007,940076,274938,267467,16941,16259,116801,110762,5190,4993,124889,120141,1107284,1052735,333373,324874,48398,46353,163053,154602,12061,11511,520088,501773,387600,373338,37989,36779,32890,31851,8820,8360,2014,2047,50775,49398,434469,418872,61469,59778,54052,52574,23721,22636,5612,5543
R,3,2021,7,3979756,2034247,1945509,1372698,1307700,310207,301568,49876,47813,122659,116678,7303,6904,171504,164846,1532964,1461491,389661,379210,102203,98133,181925,172882,17704,16803,1518071,1447518,986761,935877,273020,265204,16837,16176,113968,108396,5185,4849,122300,117016,1101582,1045616,329953,320912,48285,46196,158939,150737,12017,11317,516176,497991,385937,371823,37187,36364,33039,31637,8691,8282,2118,2055,49204,47830,431382,415875,59708,58298,53918,51937,22986,22145,5687,5486
R,3,2021,8,4020506,2053821,1966685,1385236,1320928,312067,303700,50387,48715,129139,122415,7488,7029,169504,163898,1543277,1473598,390015,379740,103001,99817,187777,178451,17797,16891,1532206,1463913,993609,943931,274601,267565,17123,16377,120649,114132,5298,4973,120926,116935,1106998,1053378,330427,322255,48732,47026,165232,156715,12100,11494,521615,502772,391627,376997,37466,36135,33264,32338,8490,8283,2190,2056,48578,46963,436279,420220,59588,57485,54269,52791,22545,21736,5697,5397
R,3,2021,9,4036400,2065145,1971255,1400358,1331342,314680,304706,51367,48977,124102,118038,7265,6927,167373,161265,1556406,1481591,391181,378871,104415,99997,181275,172840,17541,16744,1537046,1464551,1002584,949619,276929,268584,17129,16419,115493,109870,5123,4835,119788,115224,1114821,1057428,332148,322115,49251,47245,159000,151567,11930,11359,528099,506704,397774,381723,37751,36122,34238,32558,8609,8168,2142,2092,47585,46041,441585,424163,59033,56756,55164,52752,22275,21273,5611,5385
R,3,2021,10,4113924,2104282,2009642,1430456,1360754,322737,311972,52067,50497,123272,117339,7338,7063,168412,162017,1587455,1511588,398969,386229,106643,103149,180283,171668,17551,16870,1560572,1486701,1018043,964565,284936,275333,17174,16803,114644,109166,5211,5006,120564,115828,1130977,1072816,339975,329015,50256,48744,158084,150482,12069,11462,543710,522941,412413,396189,37801,36639,34893,33694,8628,8173,2127,2057,47848,46189,456478,438772,58994,57214,56387,54405,22199,21186,5482,5408
R,3,2021,11,4194348,2145476,2048872,1464130,1392595,328610,317657,51900,49746,123382,118179,7253,6862,170201,163833,1622774,1545202,406057,393514,106819,102510,180620,172400,17581,16829,1585632,1511989,1032555,978651,291371,281538,17533,17062,115135,110281,5026,4751,124012,119706,1148677,1090631,348387,337533,51617,50092,159477,152269,12043,11548,559844,536883,431575,413944,37239,36119,34367,32684,8247,7898,2227,2111,46189,44127,474097,454571,57670,55981,55202,52418,21143,20131,5538,5281
R,3,2021,12,4307806,2203697,2104109,1509440,1434143,337622,325894,53273,51450,125234,119818,7267,6995,170861,165809,1668371,1588498,415030,402021,109546,106175,181915,173874,17933,17077,1625823,1549737,1061440,1004720,299533,289587,18133,17599,116863,111843,4990,4780,124864,121208,1178022,1118025,356982,346169,53308,51936,160906,153668,12217,11662,577874,554372,448000,429423,38089,36307,35140,33851,8371,7975,2277,2215,45997,44601,490349,470473,58048,55852,56238,54239,21009,20206,5716,5415
R,3,2021,13,4387100,2242777,2144323,1540378,1466175,340830,329117,54882,52996,128595,122964,7301,6966,170791,166105,1699149,1620436,417519,404736,112621,109195,184847,177135,17917,17141,1654933,1577987,1082789,1026382,303020,292719,18623,17815,120099,114894,4982,4809,125420,121368,1199839,1139640,359975,348831,55056,53119,164081,156736,12298,11706,587844,566336,457589,439793,37810,36398,36259,35181,8496,8070,2319,2157,45371,44737,499310,480796,57544,55905,57565,56076,20766,20399,5619,5435
R,3,2021,14,4374083,2238743,2135340,1546735,1467968,338267,324973,55744,53021,124570,120203,7249,6936,166178,162239,1701076,1618617,411808,397795,112966,108812,179278,172742,17617,16893,1651899,1573104,1089609,1029915,300899,289148,18463,17791,116203,112334,4909,4703,121816,119213,1203234,1141153,355432,343593,54498,53139,158928,153183,12017,11484,586844,562236,457126,438053,37368,35825,37281,35230,8367,7869,2340,2233,44362,43026,497842,477464,56376,54202,58468,55673,20350,19559,5600,5409
R,3,2021,15,4303333,2203720,2099613,1533599,1450147,326975,315743,54361,52535,122559,119714,7129,6869,159097,154605,1681349,1593621,396140,383988,110574,106677,174537,170112,16859,16311,1631180,1552076,1085509,1021993,291328,281612,18029,17527,114554,112279,4903,4697,116857,113968,1194529,1128185,342730,332744,53818,52026,155278,151686,11598,11265,572540,547537,448090,428154,35647,34131,36332,35008,8005,7435,2226,2172,42240,40637,486820,465436,53410,51244,56756,54651,19259,18426,5261,5046
R,3,2021,16,4309598,2208264,2101334,1541441,1456419,325742,311823,54175,51979,125207,123616,7126,6724,154573,150773,1684799,1596171,391681,377581,109693,106135,176266,172407,16739,16005,1639898,1559208,1094576,1031247,290748,278538,18258,17138,117300,116282,4947,4657,114069,111346,1200774,1134796,339794,327719,53990,51948,157462,154744,11625,11118,568366,542126,446865,425172,34994,33285,35917,34841,7907,7334,2179,2067,40504,39427,484025,461375,51887,49862,55703,54187,18804,17663,5114,4887
R,3,2021,17,4331020,2220289,2110731,1556357,1468849,325016,312043,54143,51334,125996,124601,7249,6752,151528,147152,1696828,1605439,388725,374954,110049,105340,175311,172026,16723,15713,1656693,1574094,1112688,1046963,290822,279299,18020,17108,118303,117347,4984,4683,111876,108694,1216832,1148240,338375,326372,54062,51937,157169,154630,11548,10963,563596,536637,443669,421886,34194,32744,36123,34226,7693,7254,2265,2069,39652,38458,479996,457199,50350,48582,55987,53403,18142,17396,5175,4750
R,3,2021,18,4306647,2205237,2101410,1544319,1461571,326887,315186,54506,50683,127686,126352,7146,6660,144693,140958,1678381,1591815,387036,374958,108803,103172,174744,171883,16178,15388,1645992,1569959,1103627,1042650,292493,282462,17852,16802,120199,119117,5029,4631,106792,104297,1202828,1139387,337457,327475,52911,50734,157183,154916,11366,10755,559245,531451,440692,418921,34394,32724,36654,33881,7487,7235,2117,2029,37901,36661,475553,452428,49579,47483,55892,52438,17561,16967,4812,4633
R,3,2021,19,4459697,2263541,2196156,1582739,1524767,343296,339724,54154,50392,137049,137042,7279,7237,139024,136994,1710891,1650937,400950,398018,106544,100875,182229,181554,16433,16208,1699913,1658240,1137007,1098827,308037,305779,17644,17258,129580,129657,5091,5136,102554,101583,1231789,1192637,351044,349643,51393,49945,165247,164889,11583,11547,563628,537916,445732,425940,35259,33945,36510,33134,7469,7385,2188,2101,36470,35411,479102,458300,49906,48375,55151,50930,16982,16665,4850,4661
R,3,2021,20,4735383,2395505,2339878,1673566,1626159,366144,363095,55525,51136,156441,156759,8161,7987,135668,134742,1798039,1749705,422192,420684,105911,99747,201384,201311,17597,17147,1819937,1790477,1217814,1189339,329095,327963,18312,17878,148641,149036,5917,5778,100158,100483,1309936,1281682,370780,371300,50782,49466,184212,184653,12666,12399,575568,549401,455752,436820,37049,35132,37213,33258,7800,7723,2244,2209,35510,34259,488103,468023,51412,49384,55129,50281,17172,16658,4931,4748
R,3,2021,21,4620966,2344369,2276597,1652074,1591460,350730,350163,53514,48636,151893,150504,8092,7631,128066,128203,1769470,1709228,403254,404667,101989,95219,193836,192627,16800,16103,1787527,1749005,1208809,1171240,315657,316424,17774,16894,144463,143108,5930,5460,94894,95879,1296027,1259535,354918,357827,49053,47136,177956,176836,12177,11478,556842,527592,443265,420220,35073,33739,35740,31742,7430,7396,2162,2171,33172,32324,473443,449693,48336,46840,52936,48083,15880,15791,4623,4625
R,3,2021,22,4520059,2294866,2225193,1622513,1559033,338207,338137,52026,47562,150989,149013,7862,7493,123269,123955,1735453,1672876,387882,390468,99271,93537,191261,189185,16444,15734,1754115,1711861,1191920,1149941,304291,305579,17022,16231,143648,141627,5724,5468,91510,93015,1275948,1235622,341541,345177,47675,46479,175812,173896,11925,11405,540751,513332,430593,409092,33916,32558,35004,31331,7341,7386,2138,2025,31759,30940,459505,437254,46341,45291,51596,47058,15449,15289,4519,4329
R,3,2021,23,4354212,2213902,2140310,1561202,1495872,323167,321715,50332,45973,155453,151328,7577,7198,116171,118224,1667720,1604256,369579,371062,95311,90359,193349,189660,15514,14815,1694346,1648554,1147178,1103478,290900,291071,15985,15319,148324,144317,5545,5245,86414,89124,1226508,1185372,325625,328775,45253,44379,178822,175470,11328,10829,519556,491756,414024,392394,32267,30644,34347,30654,7129,7011,2032,1953,29757,29100,441212,418884,43954,42287,50058,45980,14527,14190,4186,3986
R,3,2021,24,4284780,2178941,2105839,1539418,1471356,312484,312925,49942,45530,157509,153952,7370,6895,112218,115181,1641967,1577025,356583,360125,94232,89696,194063,191017,15134,14417,1665321,1620903,1130204,1085083,280617,282770,15498,14805,150669,147112,5349,5062,82984,86071,1206303,1164210,313288,318574,43896,43463,180138,177047,10996,10498,513620,484936,409214,386273,31867,30155,34444,30725,6840,6840,2021,1833,29234,29110,435664,412815,43295,41551,50336,46233,13925,13970,4138,3919
R,3,2021,25,4307717,2186961,2120756,1546624,1483457,312451,315165,50554,45813,160038,156530,7475,7041,109819,112750,1647001,1586552,355142,360968,94492,90128,195492,192380,15267,14637,1675048,1634948,1139552,1096763,280566,284663,15471,14563,152954,149431,5470,5220,81035,84308,1213788,1174098,312056,319151,43808,43461,181536,178502,11161,10793,511913,485808,407072,386694,31885,30502,35083,31250,7084,7099,2005,1821,28784,28442,433213,412454,43086,41817,50684,46667,13956,13878,4106,3844
R,3,2021,26,4333798,2192810,2140988,1551587,1493872,315571,325061,50577,45944,160125,157092,7564,7138,107386,111881,1649418,1596038,356749,370038,94623,90528,194594,192598,15278,14767,1685877,1655212,1148631,1107114,283975,293885,15519,14791,153142,150349,5624,5261,78986,83812,1220648,1183738,314299,327699,43793,44134,180979,179305,11303,10889,506933,485776,402956,386758,31596,31176,35058,31153,6983,6743,1940,1877,28400,28069,428770,412300,42450,42339,50830,46394,13615,13293,3975,3878
R,3,2021,27,4371450,2205240,2166210,1561363,1507352,319267,333859,50657,46586,161590,160512,7417,7113,104946,110788,1656706,1608455,358885,378000,94009,91949,195549,195211,15244,14669,1703413,1680786,1161701,1121306,288223,302733,15772,15263,154765,153670,5426,5203,77526,82611,1232207,1196912,317365,335628,43660,45142,182466,181810,11189,10766,501827,485424,399662,386046,31044,31126,34885,31323,6825,6842,1991,1910,27420,28177,424499,411543,41520,42372,50349,46807,13083,13401,4055,3903
R,3,2021,28,4460543,2244359,2216184,1590907,1540711,325326,342405,51644,47867,165095,167451,7423,7196,103964,110554,1685334,1641526,363968,385261,95650,94491,198376,201875,15130,14706,1740720,1726239,1189635,1151218,294172,310847,16240,15725,158352,160587,5548,5236,76773,82626,1259436,1226690,322436,342570,44885,46818,185387,188737,11242,10782,503639,489945,401272,389493,31154,31558,35404,32142,6743,6864,1875,1960,27191,27928,425898,414836,41532,42691,50765,47673,12989,13138,3888,3924
R,3,2021,29,4525623,2268523,2257100,1615912,1572700,325218,347241,51952,47930,166122,172453,7429,7098,101890,109678,1708473,1672535,361967,388959,96210,95345,198561,206522,15065,14591,1768375,1770423,1217444,1186196,294171,315145,16689,16277,159446,165670,5560,5311,75065,81824,1285718,1260829,320814,345830,45438,47867,185937,193436,11292,10898,500148,486677,398468,386504,31047,32096,35263,31653,6676,6783,1869,1787,26825,27854,422755,411706,41153,43129,50772,47478,12624,13086,3773,3693
R,3,2021,30,4642375,2325837,2316538,1661929,1614359,330896,356277,53245,49046,170937,179901,7599,7335,101231,109620,1753571,1714293,366640,396713,97845,97696,203602,213759,15270,14924,1820078,1825537,1259556,1224990,299285,323959,16991,16556,164082,172918,5647,5435,74517,81679,1327152,1299605,324949,353439,45899,49095,190828,200592,11357,11109,505759,491001,402373,389369,31611,32318,36254,32490,6855,6983,1952,1900,26714,27941,426419,414688,41691,43274,51946,48601,12774,13167,3913,3815
R,3,2021,31,4611222,2306189,2305033,1650907,1606520,327542,353567,51874,48272,170247,182784,7436,7167,98183,106723,1740014,1703427,361419,392224,95758,96567,201709,215766,14836,14548,1816296,1825471,1260759,1225631,296818,321816,16787,16619,163808,176096,5570,5343,72554,79966,1326650,1298316,321065,349961,45594,49363,189689,203242,11159,11010,489893,479562,390148,380889,30724,31751,35087,31653,6439,6688,1866,1824,25629,26757,413364,405111,40354,42263,50164,47204,12020,12524,3677,3538
R,3,2021,32,4506554,2247641,2258913,1615627,1578622,310975,339806,50452,47359,169991,184359,7088,6921,93508,101846,1700319,1671111,342501,375992,92654,94274,200277,215797,14221,13873,1775205,1795549,1238863,1209936,281942,309538,16280,16338,163659,177974,5308,5181,69153,76582,1301482,1279542,304491,335755,43924,48355,188665,204057,10781,10514,472436,463364,376764,368686,29033,30268,34172,31021,6332,6385,1780,1740,24355,25264,398837,391569,38010,40237,48730,45919,11612,11740,3440,3359
R,3,2021,33,4442962,2214413,2228549,1601910,1564925,300522,330100,50097,46389,164403,180776,6982,6858,90499,99501,1683927,1655357,330503,365025,91785,93115,193165,211023,13910,13779,1748124,1771787,1229216,1201121,272479,300819,15883,15557,158240,174516,5246,5162,67060,74612,1289953,1269057,293884,326068,43326,47430,182136,199512,10590,10420,466289,456762,372694,363804,28043,29281,34214,30832,6163,6260,1736,1696,23439,24889,393974,386300,36619,38957,48459,45685,11029,11511,3320,3359
R,3,2021,34,4410631,2196823,2213808,1596419,1561873,294443,324246,49707,46723,161510,177816,7048,6700,87696,96450,1675769,1649427,322798,357590,91179,93414,189441,206726,13847,13187,1735290,1759878,1227117,1200267,267151,295425,15607,15321,155502,171715,5310,5007,64603,72143,1285534,1265766,287159,319375,42776,47269,178647,195656,10534,9959,461533,453930,369302,361606,27292,28821,34100,31402,6008,6101,1738,1693,23093,24307,390235,383661,35639,38215,48403,46145,10794,11070,3313,3228
R,3,2021,35,4462865,2223704,2239161,1620301,1584133,294931,324846,50611,47084,163775,181073,6915,6679,87171,95346,1699259,1670769,322755,356760,92619,94062,191082,209391,13704,13371,1757582,1783944,1247307,1220416,267642,296574,15371,15735,157737,174964,5287,5057,64238,71198,1305506,1285152,287017,319166,43241,48128,180377,198377,10418,10146,466122,455217,372994,363717,27289,28272,35240,31349,6038,6109,1628,1622,22933,24148,393753,385617,35738,37594,49378,45934,10705,11014,3286,3225
R,3,2021,36,4394510,2186870,2207640,1597562,1564577,286230,316786,49423,46947,163489,181122,6741,6548,83425,91660,1673007,1647624,311936,346827,90450,93314,189611,208014,13248,12980,1733283,1759186,1233786,1205853,260534,289457,15045,15470,157475,175256,5088,4896,61355,68254,1289246,1267751,278467,310629,42238,47281,179072,197494,10072,9828,453587,448454,363776,358724,25696,27329,34378,31477,6014,5866,1653,1652,22070,23406,383761,379873,33469,36198,48212,46033,10539,10520,3176,3152
R,3,2021,37,4329531,2150984,2178547,1572767,1543128,280130,312422,49087,45946,161084,180172,6609,6571,81307,90308,1646024,1624784,305039,341505,89788,92736,186285,206260,13078,13015,1704376,1735850,1214516,1188187,254733,285680,14890,15061,155449,174457,5003,4902,59785,67563,1268280,1249249,272083,306294,41964,47576,176230,196016,9975,9859,446608,442697,358251,354941,25397,26742,34197,30885,5635,5715,1606,1669,21522,22745,377744,375535,32956,35211,47824,45160,10055,10244,3103,3156
R,3,2021,38,4390157,2175422,2214735,1593163,1571898,283935,316396,49889,47637,160425,181522,6341,6499,81669,90783,1666984,1653922,308749,345354,91659,95610,184846,207257,12769,12875,1723419,1761433,1229729,1207934,258538,289434,15299,15537,154891,175777,4736,4867,60226,67884,1284096,1269243,275910,309917,43297,49064,175117,196958,9674,9761,452003,453302,363434,363964,25397,26962,34590,32100,5534,5745,1605,1632,21443,22899,382888,384679,32839,35437,48362,46546,9729,10299,3095,3114
R,3,2021,39,4311637,2132822,2178815,1567668,1549460,277549,311052,48556,46511,154441,177226,6259,6323,78349,88243,1638201,1629113,301232,339323,89094,93580,177720,201877,12371,12549,1691691,1734060,1212847,1192458,252893,284628,14519,14790,148933,171623,4686,4650,57813,65911,1264765,1252032,269545,304584,41827,47570,168189,191959,9415,9408,441131,444755,354821,357002,24656,26424,34037,31721,5508,5603,1573,1673,20536,22332,373436,377081,31687,34739,47267,46010,9531,9918,2956,3141
R,3,2021,40,4353979,2156212,2197767,1585019,1563234,285521,318973,49891,47396,150873,174339,6402,6272,78506,87553,1655783,1642344,309144,346814,91037,94835,173777,198255,12492,12295,1706111,1747083,1222231,1200317,260959,292666,15122,15181,145332,168690,4703,4698,57764,65531,1274174,1259518,277481,312494,42796,48473,164206,188401,9403,9255,450101,450684,362788,362917,24562,26307,34769,32215,5541,5649,1699,1574,20742,22022,381609,382826,31663,34320,48241,46362,9571,9854,3089,3040
R,3,2021,41,4251085,2103259,2147826,1546454,1526670,279956,312977,48026,46296,147309,170913,6174,6243,75340,84727,1614303,1602961,302434,339971,88160,92421,168781,193903,11941,12192,1667094,1708281,1193896,1172632,256435,287406,14419,14851,142045,165542,4655,4593,55644,63257,1243899,1229586,272081,306373,41634,47252,159887,184489,9172,9149,436165,439545,352558,354038,23521,25571,33607,31445,5264,5371,1519,1650,19696,21470,370404,373375,30353,33598,46526,45169,8894,9414,2769,3043
R,3,2021,42,4066304,2007438,2058866,1477856,1466061,265682,297839,46070,44345,140875,164872,5833,5647,71122,80102,1541853,1538211,286587,323060,84610,88327,161002,186478,11112,11122,1592060,1636956,1141969,1125221,243511,273825,13709,13995,135880,159546,4363,4171,52628,60198,1189289,1179427,258164,291656,40014,45185,152499,177424,8416,8375,415378,421910,335887,340840,22171,24014,32361,30350,4995,5326,1470,1476,18494,19904,352564,358784,28423,31404,44596,43142,8503,9054,2696,2747
R,3,2021,43,4023654,1982464,2041190,1467413,1462461,257429,290386,45440,44231,137137,160111,5529,5713,69516,78288,1530150,1533026,277696,314519,83508,87807,156709,181216,10598,11028,1571920,1619929,1133844,1120745,236468,266995,13708,14339,132269,154951,4123,4206,51508,58693,1180259,1173628,250486,284053,39728,45171,148612,172317,8017,8339,410544,421261,333569,341716,20961,23391,31732,29892,4868,5160,1406,1507,18008,19595,349891,359398,27210,30466,43780,42636,8097,8899,2581,2689
R,3,2021,44,3914620,1928491,1986129,1425295,1421035,248782,281542,44247,42713,137726,160441,5414,5414,67027,74984,1485584,1488558,267874,304486,81333,85121,156456,180430,10484,10423,1527228,1572364,1098194,1083887,228535,259226,13535,13705,133056,155402,4038,3998,49870,56146,1142922,1134353,241814,275370,39085,43625,148744,171993,7970,7877,401263,413765,327101,337148,20247,22316,30712,29008,4670,5039,1376,1416,17157,18838,342662,354205,26060,29116,42248,41496,7712,8437,2514,2546
R,3,2021,45,3870529,1906762,1963767,1408057,1405216,245905,277252,43510,41943,139360,161802,5164,5316,64766,72238,1466344,1470138,264148,299019,79987,82964,156980,180933,9834,10152,1512331,1557591,1085948,1072630,226338,256020,13198,13597,134768,156854,3910,3946,48169,54544,1129218,1121615,239041,271509,38510,42852,149441,172782,7551,7699,394431,406176,322109,332586,19567,21232,30312,28346,4592,4948,1254,1370,16597,17694,337126,348523,25107,27510,41477,40112,7539,8151,2283,2453
R,3,2021,46,3885356,1916344,1969012,1420892,1416998,244076,273527,42682,41463,140457,161321,5041,5085,63196,70618,1477716,1480583,261748,294283,78540,82155,157523,179987,9576,9557,1528312,1568402,1102858,1088136,225257,252851,13230,13580,135977,156597,3807,3785,47183,53453,1145209,1136146,237741,267680,38220,42743,150177,172204,7289,7232,388032,400610,318034,328862,18819,20676,29452,27883,4480,4724,1234,1300,16013,17165,332507,344437,24007,26603,40320,39412,7346,7783,2287,2325
R,3,2021,47,3805925,1872893,1933032,1387107,1388234,239860,270256,40796,40048,139257,160905,4871,5100,61002,68489,1441935,1449775,256578,290267,75714,79542,155812,179087,9209,9567,1501535,1546211,1081875,1069819,222142,250656,12813,13518,134998,156331,3722,3753,45985,52134,1123028,1116605,233936,264916,37562,42129,148906,171539,7099,7221,371358,386821,305232,318415,17718,19600,27983,26530,4259,4574,1149,1347,15017,16355,318907,333170,22642,25351,38152,37413,6906,7548,2110,2346
R,3,2021,48,3934193,1931345,2002848,1431263,1439827,250522,282849,41522,40349,141422,165152,4849,5063,61767,69608,1486815,1502338,267087,303074,77320,80957,157933,183036,9196,9636,1558917,1613719,1124724,1118806,232877,263168,13530,13857,137161,160580,3696,3787,46929,53521,1166747,1166751,244689,277828,39197,43668,151041,175646,7167,7385,372428,389129,306539,321021,17645,19681,27992,26492,4261,4572,1153,1276,14838,16087,320068,335587,22398,25246,38123,37289,6892,7390,2029,2251
R,3,2021,49,4103884,2016212,2087672,1515680,1522754,254485,288018,40241,39927,138550,160983,4859,4890,62397,71100,1571815,1586871,271033,308017,77121,82410,154632,178643,9233,9412,1651072,1705355,1213679,1206760,237341,269004,13768,14187,134348,156451,3660,3706,48276,55247,1257028,1256438,249372,283627,40850,45972,148044,171379,7145,7285,365140,382317,302001,315994,17144,19014,26473,25740,4202,4532,1199,1184,14121,15853,314787,330433,21661,24390,36271,36438,6588,7264,2088,2127
R,3,2021,50,4346878,2138962,2207916,1619771,1625012,269234,303271,41267,40307,138549,161237,4998,5069,65143,73020,1678465,1690716,286324,323729,80448,84707,154681,178740,9526,9773,1767578,1824859,1312728,1307836,251609,284002,14260,14990,134363,156798,3806,3881,50812,57352,1358450,1359283,264115,299175,43487,48846,148088,171544,7442,7661,371384,383057,307043,317176,17625,19269,27007,25317,4186,4439,1192,1188,14331,15668,320015,331433,22209,24554,36961,35861,6593,7196,2084,2112
R,3,2021,51,4214897,2073102,2141795,1579058,1586908,255698,287295,39413,38670,132977,154709,4777,4942,61179,69271,1634181,1649288,271502,306326,76545,81239,147975,171115,9217,9500,1714989,1772657,1281930,1280683,239074,269070,13551,14329,129044,150442,3650,3808,47740,54325,1324815,1329495,250628,283179,41389,46700,141832,164258,7239,7488,358113,369138,297128,306225,16624,18225,25862,24341,3933,4267,1127,1134,13439,14946,309366,319793,20874,23147,35156,34539,6143,6857,1978,2012
R,3,2021,52,4082361,2003954,2078407,1527851,1542346,246882,277911,38199,37132,129348,151176,4397,4816,57277,65026,1579527,1600822,261462,295686,73395,77722,143101,166047,8419,9017,1663534,1727749,1245106,1250935,231204,260781,13430,14153,125677,147200,3375,3657,44742,51023,1285389,1296718,241853,273795,40023,45301,137296,159717,6607,7018,340420,350658,282745,291411,15678,17130,24769,22979,3671,3976,1022,1159,12535,14003,294138,304104,19609,21891,33372,32421,5805,6330,1812,1999
R,3,2021,53,3996126,1957593,2038533,1499547,1517760,244132,278024,36503,36104,118464,139636,4418,4588,54529,62421,1548747,1573930,257963,295325,70510,75298,131048,153425,8170,8677,1629213,1697962,1226233,1234302,228994,261249,13180,13988,114865,135753,3428,3560,42513,49110,1264447,1278426,239027,274024,38908,44153,125486,147257,6489,6856,328380,340571,273314,283458,15138,16775,23323,22116,3599,3883,990,1028,12016,13311,284300,295504,18936,21301,31602,31145,5562,6168,1681,1821
R,3,2021,54,4038250,1974988,2063262,1521319,1547769,246258,281837,35760,35380,113939,132008,4543,4491,53169,61777,1569123,1603360,259781,298638,69309,74775,125955,145168,8271,8464,1653594,1731327,1252569,1270682,231780,265496,13377,14299,110648,128382,3492,3447,41728,49021,1290010,1314722,241664,278031,38933,45000,120791,139439,6542,6638,321394,331935,268750,277087,14478,16341,22383,21081,3291,3626,1051,1044,11441,12756,279113,288638,18117,20607,30376,29775,5164,5729,1729,1826
R,3,2021,55,4161202,2032932,2128270,1565043,1595506,256925,294016,36111,36225,116125,135301,4441,4660,54287,62562,1613688,1651570,270740,311128,70722,76221,128085,148721,8334,8716,1712116,1796466,1296842,1318563,242091,277742,14011,15011,112830,131701,3449,3605,42893,49844,1335160,1363142,252272,290477,40708,46384,122968,142986,6623,6889,320816,331804,268201,276943,14834,16274,22100,21214,3295,3600,992,1055,11394,12718,278528,288428,18468,20651,30014,29837,5117,5735,1711,1827
R,3,2021,56,4345339,2115499,2229840,1646263,1691783,260053,299673,35756,35853,114731,134233,4177,4650,54519,63648,1695375,1749060,273266,316609,71198,77499,126403,147156,7881,8657,1804553,1904591,1385155,1419082,246284,283864,14438,15701,111597,130796,3227,3651,43852,51497,1424564,1465326,256195,296756,42417,49007,121553,141744,6279,6967,310946,325249,261108,272701,13769,15809,21318,20152,3134,3437,950,999,10667,12151,270811,283734,17071,19853,28781,28492,4850,5412,1602,1690
R,3,2021,57,4389786,2133300,2256486,1666348,1720594,257098,295635,34745,35109,116700,137300,4103,4477,54306,63371,1715229,1777558,270190,312081,70524,76781,128038,150225,7765,8508,1834892,1941260,1415817,1456174,243554,280345,14586,15724,113761,133993,3273,3472,43901,51552,1455205,1502452,253470,292928,43014,49289,123453,144987,6310,6788,298408,315226,250531,264420,13544,15290,20159,19385,2939,3307,830,1005,10405,11819,260024,275106,16720,19153,27510,27492,4585,5238,1455,1720
R,3,2021,58,4388292,2129228,2259064,1671187,1732222,253359,293706,33556,34080,114514,132571,4055,4533,52557,61952,1718545,1787960,265748,309711,68205,75293,125618,144882,7607,8354,1842890,1954812,1429949,1475935,240593,279386,14498,15682,111644,129349,3219,3644,42987,50816,1468600,1521551,250050,291780,42422,49172,121203,139890,6203,6800,286338,304252,241238,256287,12766,14320,19058,18398,2870,3222,836,889,9570,11136,249945,266409,15698,17931,25783,26121,4415,4992,1404,1554
R,3,2021,59,4370065,2116594,2253471,1681606,1748658,246450,287662,31893,32952,101208,119751,4035,4228,51402,60220,1727919,1802896,258408,303095,66221,73426,111860,131422,7356,7852,1846900,1966464,1454070,1506683,234608,274315,14230,15608,98581,116828,3236,3365,42175,49665,1491973,1551313,243822,286305,41911,48727,107864,126843,6039,6360,269694,287007,227536,241975,11842,13347,17663,17344,2627,2923,799,863,9227,10555,235946,251583,14586,16790,24310,24699,3996,4579,1317,1492
R,3,2021,60,4415434,2132473,2282961,1693377,1771502,249853,290984,31567,32693,102951,123757,3893,4248,50832,59777,1739247,1825216,261888,306239,65495,72841,113359,135387,7198,7968,1868057,1999035,1470238,1531736,238268,278073,14130,15639,100430,120877,3141,3422,41850,49288,1507905,1575970,247541,289884,41708,48493,109465,130857,5895,6471,264416,283926,223139,239766,11585,12911,17437,17054,2521,2880,752,826,8982,10489,231342,249246,14347,16355,23787,24348,3894,4530,1303,1497
R,3,2021,61,4326699,2083860,2242839,1660299,1744894,241538,285059,29933,31383,100079,120512,3644,3969,48367,57022,1703779,1796138,252718,299683,62275,69722,110204,131559,6800,7365,1835972,1974613,1451000,1518713,230652,272496,13649,15149,97644,117812,2954,3215,40073,47228,1486935,1561019,239363,283984,40015,46700,106502,127310,5595,6043,247888,268226,209299,226181,10886,12563,16284,16234,2435,2700,690,754,8294,9794,216844,235119,13355,15699,22260,23022,3702,4249,1205,1322
R,3,2021,62,4248675,2039484,2209191,1630082,1724099,234071,277302,27971,29943,97750,119315,3485,3777,46125,54755,1671591,1773364,244822,291240,59120,66968,107031,129780,6368,7023,1808258,1955946,1434872,1509951,223657,265807,13103,14783,95484,116767,2828,3101,38314,45537,1469267,1550802,232062,276809,38615,45366,103632,125802,5251,5759,231226,253245,195210,214148,10414,11495,14868,15160,2266,2548,657,676,7811,9218,202324,222562,12760,14431,20505,21602,3399,3978,1117,1264
R,3,2021,63,4233439,2025405,2208034,1626486,1733138,227583,271871,26966,28733,96508,117615,3265,3543,44597,53134,1666587,1780895,237826,285299,57090,65191,105598,127452,6064,6608,1804341,1962323,1439113,1524593,217976,260906,12850,14335,94395,115184,2699,2861,37308,44444,1472540,1564437,226074,271598,37775,44638,102378,123747,5088,5432,221064,245711,187373,208545,9607,10965,14116,14398,2113,2431,566,682,7289,8690,194047,216458,11752,13701,19315,20553,3220,3705,976,1176
R,3,2021,64,4107036,1957348,2149688,1576037,1689678,217403,263924,25381,27216,93191,115307,3157,3421,42179,50142,1614087,1734748,227106,276614,54037,61615,101569,124552,5809,6336,1749551,1915763,1399780,1490902,208387,253338,12235,13755,91226,113035,2604,2810,35319,41923,1431575,1528470,216036,263429,35966,42342,98601,121032,4827,5269,207797,233925,176257,198776,9016,10586,13146,13461,1965,2272,553,611,6860,8219,182512,206278,11070,13185,18071,19273,2968,3520,982,1067
R,3,2021,65,3989368,1896224,2093144,1531977,1649915,206726,252806,24075,26070,90894,113544,2915,3297,39637,47512,1567680,1692542,215852,264850,50910,58595,98756,122455,5450,6117,1698519,1868977,1364155,1459163,198052,242682,11597,13282,89016,111346,2404,2672,33295,39832,1394069,1494786,205258,252216,33898,40402,95950,119123,4564,5070,197705,224167,167822,190752,8674,10124,12478,12788,1878,2198,511,625,6342,7680,173611,197756,10594,12634,17012,18193,2806,3332,886,1047
R,3,2021,66,3896018,1845598,2050420,1497825,1624916,196880,242588,22516,24507,88502,110237,2834,3181,37041,44991,1531105,1665092,205529,254089,47626,55391,95818,118585,5215,5925,1660526,1837590,1340627,1443374,188765,233171,11056,12517,86775,108221,2344,2607,30959,37700,1368372,1476902,195541,242286,31808,38246,93231,115498,4377,4950,185072,212830,157198,181542,8115,9417,11460,11990,1727,2016,490,574,6082,7291,162733,188190,9988,11803,15818,17145,2587,3087,838,975
R,3,2021,67,3704811,1745162,1959649,1428689,1565049,179064,225794,20324,22327,80965,101880,2465,2878,33655,41721,1458950,1602495,186917,236489,43395,51027,87430,109395,4584,5368,1576535,1762564,1284827,1396407,171777,217082,10152,11744,79417,99995,2036,2380,28326,34956,1310239,1427678,177954,225539,29416,35720,85150,106520,3860,4506,168627,197085,143862,168642,7287,8712,10172,10583,1548,1885,429,498,5329,6765,148711,174817,8963,10950,13979,15307,2280,2875,724,862
R,3,2021,68,3595142,1688022,1907120,1388589,1528947,167770,215096,18641,21085,79422,100373,2391,2741,31209,38878,1416610,1563854,175151,224934,39922,47885,85525,107285,4412,5123,1531273,1721051,1254347,1369178,160928,206989,9521,11221,78091,98652,2015,2302,26371,32709,1277937,1398425,166800,214870,27363,33649,83500,104705,3741,4358,156749,186069,134242,159769,6842,8107,9120,9864,1331,1721,376,439,4838,6169,138673,165429,8351,10064,12559,14236,2025,2580,671,765
R,3,2021,69,3427943,1604700,1823243,1329460,1471481,155967,203024,17036,19402,70762,90497,2160,2487,29315,36352,1355860,1504069,162753,212427,37422,44771,76141,96666,4018,4648,1459364,1650614,1204454,1322901,149915,195530,8898,10445,69487,88968,1831,2069,24779,30701,1226668,1350306,155336,203003,25987,31916,74270,94338,3431,3938,145336,172629,125006,148580,6052,7494,8138,8957,1275,1529,329,418,4536,5651,129192,153763,7417,9424,11435,12855,1871,2328,587,710
R,3,2021,70,3257187,1517182,1740005,1251756,1395601,149008,197486,16076,18468,70938,92081,2062,2418,27342,33951,1276287,1426036,155486,206395,34955,42071,75977,97856,3796,4476,1378547,1572269,1132522,1251050,143084,190306,8312,9813,69759,90595,1756,2028,23114,28477,1153154,1276477,148242,197403,24202,29595,74193,95573,3258,3780,138635,167736,119234,144551,5924,7180,7764,8655,1179,1486,306,390,4228,5474,123133,149559,7244,8992,10753,12476,1784,2283,538,696
R,3,2021,71,3149767,1462225,1687542,1212929,1361182,138394,185475,14893,16926,68932,89774,1921,2162,25156,32023,1235597,1389780,144296,193879,32222,39146,73546,95194,3597,4140,1334457,1530746,1102651,1225587,133065,178786,7949,9161,67769,88329,1637,1812,21386,27071,1121860,1249657,137791,185557,22598,27945,71853,93049,3120,3524,127768,156796,110278,135595,5329,6689,6944,7765,1163,1445,284,350,3770,4952,113737,140123,6505,8322,9624,11201,1693,2145,477,616
R,3,2021,72,3051252,1411626,1639626,1180208,1335358,127762,172596,13727,15726,64319,83421,1818,2100,23792,30425,1201554,1362583,133255,180589,30363,36956,68645,88432,3407,3991,1293887,1492889,1078189,1208199,123003,166481,7545,8654,63271,82055,1519,1773,20360,25727,1096387,1231136,127451,172902,21701,26607,67124,86407,2920,3401,117739,146737,102019,127159,4759,6115,6182,7072,1048,1366,299,327,3432,4698,105167,131447,5804,7687,8662,10349,1521,2025,487,590
R,3,2021,73,3056706,1412643,1644063,1199636,1361088,116524,159875,12857,14702,59196,76982,1657,1865,22773,29551,1220235,1387622,121694,167502,28836,35540,63187,81726,3090,3598,1301013,1504628,1102641,1239901,112143,154012,7084,8173,58231,75789,1417,1563,19497,25190,1120239,1262447,116344,160220,20689,25892,61771,79950,2706,3107,111630,139435,96995,121187,4381,5863,5773,6529,965,1193,240,302,3276,4361,99996,125175,5350,7282,8147,9648,1416,1776,384,491
R,3,2021,74,2857944,1316192,1541752,1125455,1286474,102962,142479,11583,13751,53841,70513,1492,1587,20859,26948,1144391,1310827,107548,149239,26318,32717,57397,74832,2834,3269,1215149,1412835,1037425,1174328,98984,137125,6474,7716,53057,69387,1269,1326,17940,22953,1053694,1194994,102681,142573,19125,23914,56218,73152,2464,2791,101043,128917,88030,112146,3978,5354,5109,6035,784,1126,223,261,2919,3995,90697,115833,4867,6666,7193,8803,1179,1680,370,478
R,3,2021,75,2197325,1002348,1194977,845705,982631,84201,119696,9243,11431,46168,59127,1270,1562,15761,20530,859869,1000970,87916,125172,20004,25407,49087,62683,2450,2971,914639,1080465,769154,882809,80765,114917,4948,6054,45399,58115,1069,1303,13304,17267,781067,898148,83694,119311,13992,17796,47945,61221,2105,2537,87709,114512,76551,99822,3436,4779,4295,5377,769,1012,201,259,2457,3263,78802,102822,4222,5861,6012,7611,1142,1462,345,434
R,3,2021,76,2128578,962520,1166058,817370,964578,77751,113876,8514,10641,42897,55947,1148,1388,14840,19628,830735,982050,81297,119278,18594,24061,45657,59189,2251,2758,883598,1060650,748326,872315,74681,109683,4618,5788,42296,55065,989,1150,12688,16649,759713,887078,77535,114056,13202,17159,44742,57907,1971,2349,78922,105408,69044,92263,3070,4193,3896,4853,601,882,159,238,2152,2979,71022,94972,3762,5222,5392,6902,915,1282,280,409
R,3,2021,77,2088408,938659,1149749,804701,963499,72097,106452,7960,9847,39153,49957,987,1251,13761,18743,817104,980234,75397,111501,17575,22820,41484,52946,1984,2558,865632,1050592,740699,876527,69325,102505,4450,5451,38562,49148,840,1051,11756,15910,751272,890664,71966,106610,12675,16486,40626,51728,1696,2199,73027,99157,64002,86972,2772,3947,3510,4396,591,809,147,200,2005,2833,65832,89570,3431,4891,4900,6334,858,1218,288,359
R,3,2021,78,2014989,898242,1116747,773543,940170,67064,101603,7035,9089,37052,47485,885,1145,12663,17255,784938,955621,70058,106293,15735,21090,39324,50203,1803,2269,831753,1023373,715167,858417,64429,97733,3968,4945,36522,46733,758,938,10909,14607,724965,871432,66877,101506,11453,15160,38536,49075,1562,1930,66489,93374,58376,81753,2635,3870,3067,4144,530,752,127,207,1754,2648,59973,84189,3181,4787,4282,5930,788,1128,241,339
R,3,2021,79,1717174,757175,959999,648979,803835,57363,89001,6183,7994,33092,43155,817,1045,10741,14969,658650,817224,59962,93035,13542,18357,35032,45631,1573,2000,698323,878249,597215,731888,55104,85905,3507,4406,32655,42491,694,868,9148,12691,605441,743186,57186,89159,9759,13197,34362,44633,1345,1710,58852,81750,51764,71947,2259,3096,2676,3588,437,664,123,177,1593,2278,53209,74038,2776,3876,3783,5160,670,998,228,290
R,3,2021,80,1545850,672707,873143,574536,728860,51235,82297,5543,7355,31084,40408,753,918,9556,13305,583121,740678,53595,86072,12042,16367,32872,42646,1408,1824,618432,795217,526712,660197,49151,79238,3147,4051,30667,39792,639,753,8116,11186,533984,670083,51026,82247,8637,11644,32248,41738,1202,1541,54275,77926,47824,68663,2084,3059,2396,3304,417,616,114,165,1440,2119,49137,70595,2569,3825,3405,4723,624,908,206,283
R,3,2021,81,1398775,600978,797797,513002,666064,45749,75294,4851,6616,28414,36862,605,874,8357,12087,520490,676766,47777,78733,10474,14737,30001,38912,1211,1753,551763,725826,469651,602510,43812,72438,2677,3661,28025,36277,480,721,7118,10219,476001,611492,45440,75194,7436,10561,29457,38064,1031,1489,49215,71971,43351,63554,1937,2856,2174,2955,389,585,125,153,1239,1868,44489,65274,2337,3539,3038,4176,544,848,180,264
R,3,2021,82,1307570,556914,750656,478432,631274,40589,68149,4400,6311,25476,33265,525,753,7492,10904,485169,640999,42429,71222,9408,13681,26949,35039,1050,1473,512446,684358,439101,572787,38923,65521,2439,3498,25132,32765,425,618,6426,9169,444863,580902,40390,68000,6729,9700,26445,34311,898,1260,44468,66298,39331,58487,1666,2628,1961,2813,344,500,100,135,1066,1735,40306,60097,2039,3222,2679,3981,504,728,152,213
R,3,2021,83,1181196,496237,684959,426330,576023,36065,62341,3768,5420,22900,30918,503,672,6671,9585,432347,584532,37785,65109,8218,11735,24156,32616,964,1345,456901,625209,391380,523134,34616,59947,2141,2993,22593,30459,427,566,5744,8110,396559,530278,36007,62212,5971,8343,23714,31941,822,1158,39336,59750,34950,52889,1449,2394,1627,2427,307,459,76,106,927,1475,35788,54254,1778,2897,2247,3392,442,675,142,187
R,3,2021,84,1051078,433931,617147,373341,520502,30779,55275,3229,4881,20367,27416,399,621,5816,8452,378555,527907,32278,57766,7007,10392,21529,28977,858,1253,398900,562280,342162,471878,29494,53152,1810,2630,20113,27011,342,508,4979,7101,346604,478051,30704,55204,5025,7236,21154,28368,753,1054,35031,54867,31179,48624,1285,2123,1419,2251,254,405,57,113,837,1351,31951,49856,1574,2562,1982,3156,375,609,105,199
R,3,2021,85,957399,388555,568844,335080,479446,27783,51382,2862,4403,17477,25314,319,524,5034,7775,339604,486342,29108,53678,6051,9449,18520,26714,714,1080,357546,519108,307545,435337,26639,49497,1577,2397,17252,24895,257,432,4276,6550,311369,441118,27707,51348,4262,6672,18180,26112,613,916,31009,49736,27535,44109,1144,1885,1285,2006,225,419,62,92,758,1225,28235,45224,1401,2330,1789,2777,340,602,101,164
R,3,2021,86,865092,344507,520585,298117,440499,23968,46242,2516,3955,15298,22452,358,487,4250,6950,301929,446618,25096,48245,5196,8451,16169,23788,682,1002,316951,475668,273533,400620,22950,44512,1406,2135,15122,22105,301,407,3639,5889,276776,405770,23865,46124,3677,5948,15911,23290,587,869,27556,44917,24584,39879,1018,1730,1110,1820,176,347,57,80,611,1061,25153,40848,1231,2121,1519,2503,258,498,95,133
R,3,2021,87,730315,285423,444892,247160,376274,19619,39385,2049,3200,12743,19825,273,411,3579,5797,250378,381314,20518,41076,4333,6933,13520,20977,544,880,262552,406539,226800,342138,18808,37855,1116,1772,12565,19526,221,344,3042,4904,229517,346385,19540,39211,3029,4930,13261,20543,454,757,22871,38353,20360,34136,811,1530,933,1428,178,299,52,67,537,893,20861,34929,978,1865,1304,2003,259,434,90,123
R,3,2021,88,670044,255339,414705,221501,351951,17415,36032,1713,3037,11325,18154,216,411,3169,5120,224333,356439,18238,37559,3671,6290,12032,19147,486,825,235614,379996,203914,321064,16703,34678,940,1694,11169,17865,187,344,2701,4351,206322,324859,17374,35920,2595,4460,11798,18732,429,713,19725,34709,17587,30887,712,1354,773,1343,156,289,29,67,468,769,18011,31580,864,1639,1076,1830,234,415,57,112
R,3,2021,89,585590,218058,367532,191326,315523,13348,29504,1405,2490,9186,15218,170,350,2623,4447,193663,319362,14077,30846,3000,5320,9767,16094,387,742,201052,337751,176074,288866,12794,28430,744,1380,9067,15011,141,289,2232,3775,178057,292094,13410,29525,2072,3776,9578,15798,330,640,17006,29781,15252,26657,554,1074,661,1110,119,207,29,61,391,672,15606,27268,667,1321,928,1544,189,296,57,102
R,3,2021,90,523424,188881,334543,165388,287007,11707,26672,1253,2220,8209,14312,174,298,2150,4034,167323,290496,12297,27863,2543,4799,8719,15116,350,645,173985,306794,152080,262212,11185,25636,660,1174,8088,14127,147,249,1825,3396,153716,265113,11667,26599,1742,3332,8536,14841,303,560,14896,27749,13308,24795,522,1036,593,1046,121,185,27,49,325,638,13607,25383,630,1264,801,1467,183,275,47,85
R,3,2021,91,440966,153493,287473,134491,246891,9415,23160,1028,1747,6708,12139,120,259,1731,3277,136007,249732,9901,24174,2086,3792,7099,12800,295,548,141485,264386,123728,226278,9027,22272,553,933,6619,11958,95,222,1463,2723,124999,228607,9411,23091,1433,2615,6974,12529,253,479,12008,23087,10763,20613,388,888,475,814,89,181,25,37,268,554,11008,21125,490,1083,653,1177,125,271,42,69
R,3,2021,92,363232,121909,241323,107012,208088,7514,18980,791,1411,5131,9934,98,207,1363,2703,108215,210406,7926,19834,1628,3067,5444,10496,210,469,112337,222581,98437,191362,7184,18209,405,755,5063,9800,82,175,1166,2280,99463,193294,7528,18918,1109,2132,5349,10299,184,399,9572,18742,8575,16726,330,771,386,656,68,134,16,32,197,423,8752,17112,398,916,519,935,95,197,26,70
R,3,2021,93,302550,97222,205328,85339,177300,5922,16014,621,1270,4103,8391,95,165,1142,2188,86333,179166,6263,16684,1279,2648,4368,8842,201,369,89827,189977,78726,163579,5673,15399,322,685,4063,8290,81,139,962,1885,79559,165176,5942,15951,862,1884,4309,8684,170,323,7395,15351,6613,13721,249,615,299,585,40,101,14,26,180,303,6774,13990,321,733,417,764,59,158,31,46
R,3,2021,94,239119,73602,165517,64414,142886,4656,12909,435,942,3182,6888,46,155,869,1737,65184,144379,4897,13465,954,1987,3385,7237,129,337,67931,153186,59321,131858,4472,12403,222,531,3138,6791,36,133,742,1470,59978,133112,4668,12869,666,1392,3320,7106,105,294,5671,12331,5093,11028,184,506,213,411,44,97,10,22,127,267,5206,11267,229,596,288,595,65,131,24,43
R,3,2021,95,186284,55094,131190,47919,112896,3589,10468,341,765,2566,5485,61,109,618,1467,48432,114119,3759,10982,696,1643,2742,5794,143,265,50846,121508,44099,104268,3449,10078,189,428,2531,5403,50,88,528,1243,44535,105295,3588,10484,481,1168,2692,5668,125,218,4248,9682,3820,8628,140,390,152,337,35,82,11,21,90,224,3897,8824,171,498,215,475,50,126,18,47
R,3,2021,96,142278,39728,102550,34408,88447,2642,8148,265,611,1953,4161,30,91,430,1092,34777,89332,2761,8539,528,1260,2054,4398,81,211,36697,95188,31722,81904,2524,7824,142,354,1924,4107,24,80,361,919,32034,82642,2626,8145,355,889,2012,4315,65,183,3031,7362,2686,6543,118,324,123,257,29,54,6,11,69,173,2743,6690,135,394,173,371,42,83,16,28
R,3,2021,97,103183,27763,75420,23862,64649,1913,6221,202,426,1436,3258,28,80,322,786,24139,65288,2009,6486,370,885,1539,3437,60,177,25357,70037,21706,59844,1833,5985,105,236,1420,3227,23,72,270,673,21935,60385,1911,6208,239,624,1513,3386,49,152,2406,5383,2156,4805,80,236,97,190,16,31,5,8,52,113,2204,4903,98,278,131,261,26,51,11,25
R,3,2021,98,73023,18864,54159,15941,45949,1441,4824,143,307,1080,2423,28,61,231,595,16130,46439,1524,5025,263,648,1144,2570,73,129,17233,50291,14507,42533,1383,4637,78,176,1062,2392,20,54,183,499,14659,42939,1448,4805,171,460,1113,2514,54,107,1631,3868,1434,3416,58,187,65,131,18,31,8,7,48,96,1471,3500,76,220,92,188,31,56,19,22
R,3,2021,99,51373,12367,39006,10397,33081,905,3531,107,238,741,1704,36,56,181,396,10539,33416,982,3670,196,453,797,1802,71,113,11253,36204,9441,30602,869,3407,51,140,729,1678,22,44,141,333,9551,30881,922,3521,124,325,776,1758,51,87,1114,2802,956,2479,36,124,56,98,12,26,14,12,40,63,988,2535,60,149,72,128,21,44,20,26
R,3,2021,100,83066,18354,64712,14616,53101,1812,6854,234,465,1249,3371,56,73,387,848,14922,53750,2002,7236,422,905,1365,3596,125,212,16470,59855,13045,48970,1731,6556,132,286,1213,3311,39,53,310,679,13299,49485,1886,6856,272,628,1299,3485,89,157,1884,4857,1571,4131,81,298,102,179,36,60,17,20,77,169,1623,4265,116,380,150,277,66,111,36,55
R,4,2021,999,331861196,162875278,168985918,120748276,123591279,21212927,23234530,3230952,3158812,9960808,10929310,436731,436199,7285584,7635788,127432547,130584836,23969137,26172641,6354128,6532688,12196988,13182222,922955,922695,131582911,137399704,95787614,98326520,19372522,21343469,1133577,1166625,9548665,10510195,324548,323910,5415985,5728985,100761455,103578070,21375463,23500202,3268916,3530337,11330067,12305502,680454,680747,31292367,31586214,24960662,25264759,1840405,1891061,2097375,1992187,412143,419115,112183,112289,1869599,1906803,26671092,27006766,2593674,2672439,3085212,3002351,866921,876720,242501,241948
R,4,2021,0,3558433,1819737,1738696,1186009,1129269,300734,291908,41006,39312,108662,102298,6253,5822,177073,170087,1351898,1288361,386808,375292,90251,86666,171043,161832,16429,15541,1332711,1270034,834995,791204,260080,252507,12376,11987,99472,93437,4344,4017,121444,116882,949377,901159,318809,309759,40507,38946,145312,137230,10733,9991,487026,468662,351014,338065,40654,39401,28630,27325,9190,8861,1909,1805,55629,53205,402521,387202,67999,65533,49744,47720,25731,24602,5696,5550
R,4,2021,1,3723234,1902019,1821215,1256628,1198011,297049,289672,43728,41793,114464,108642,6877,6466,183273,176631,1428332,1363261,386118,376245,94383,90688,179203,170579,17394,16496,1411570,1349735,900378,855241,258599,252499,14647,14080,105480,99894,4765,4595,127701,123426,1020629,971332,320349,312947,44205,42564,153702,146138,11501,10899,490449,471480,356250,342770,38450,37173,29081,27713,8984,8748,2112,1871,55572,53205,407703,391929,65769,63298,50178,48124,25501,24441,5893,5597
R,4,2021,2,3769152,1924669,1844483,1278508,1221121,300244,292356,43999,42661,114977,109142,6951,6725,179990,172478,1447148,1382475,386989,375874,94175,90694,178465,169946,17573,16696,1435367,1372363,920419,875205,262392,256017,15129,14755,106197,100616,4904,4855,126326,120915,1039340,988828,323191,314749,44468,42812,153889,145915,11718,11260,489302,472120,358089,345916,37852,36339,28870,27906,8780,8526,2047,1870,53664,51563,407808,393647,63798,61125,49707,47882,24576,24031,5855,5436
R,4,2021,3,3845956,1965455,1880501,1306214,1245885,308548,299809,45911,44156,118602,112953,7293,6553,178887,171145,1473677,1405803,394217,382445,96564,92501,181685,173065,17993,16507,1465662,1398279,938797,891364,270666,262978,15650,14957,109676,104364,5198,4630,125675,119986,1056975,1004095,330836,321045,45414,43035,156975,149319,12123,10926,499793,482222,367417,354521,37882,36831,30261,29199,8926,8589,2095,1923,53212,51159,416702,401708,63381,61400,51150,49466,24710,23746,5870,5581
R,4,2021,4,3921225,2004071,1917154,1337433,1274373,308902,300669,47950,46269,123686,117319,7327,6942,178773,171582,1504326,1434573,393362,383001,99491,96058,186722,176977,18157,17174,1492131,1423249,959679,910059,270357,263596,16210,15668,114619,108701,5225,4928,126041,120297,1077947,1022987,329854,321582,46506,44805,162160,153202,12237,11473,511940,493905,377754,364314,38545,37073,31740,30601,9067,8618,2102,2014,52732,51285,426379,411586,63508,61419,52985,51253,24562,23775,5920,5701
R,4,2021,5,3989288,2038705,1950583,1371028,1305523,310575,302562,49027,47700,122365,116990,7279,6934,178431,170874,1537827,1465034,394154,383734,101625,97897,184878,176332,18138,17228,1515406,1447958,982681,932072,272171,265763,16473,16160,113340,108348,5200,4941,125541,120674,1100634,1045294,331159,323490,47459,45821,160189,152886,12169,11576,523299,502625,388347,373451,38404,36799,32554,31540,9025,8642,2079,1993,52890,50200,437193,419740,62995,60244,54166,52076,24689,23446,5969,5652
R,4,2021,6,4011449,2049472,1961977,1377248,1313488,313425,304507,49926,48084,125598,118931,7188,7044,176087,169923,1541790,1472031,395622,385160,102589,98923,186893,177219,17672,17077,1528795,1459634,989346,939767,275368,267675,16992,16260,116774,110555,5187,4992,125128,120385,1106850,1052647,333984,325231,48457,46348,163093,154517,12060,11510,520677,502343,387902,373721,38057,36832,32934,31824,8824,8376,2001,2052,50959,49538,434940,419384,61638,59929,54132,52575,23800,22702,5612,5567
R,4,2021,7,3981725,2035307,1946418,1373502,1308276,310332,301675,49665,47674,122667,116726,7305,6919,171836,165148,1534114,1462376,389992,379547,102000,97987,182054,173020,17704,16827,1519083,1448157,987526,936336,273093,265183,16801,16170,113932,108427,5184,4859,122547,117182,1102593,1046251,330171,321042,48254,46163,159004,150815,12019,11342,516224,498261,385976,371940,37239,36492,32864,31504,8735,8299,2121,2060,49289,47966,431521,416125,59821,58505,53746,51824,23050,22205,5685,5485
R,4,2021,8,4017750,2052299,1965451,1383930,1319775,311649,303420,50386,48830,129213,122466,7498,7017,169623,163943,1542088,1472490,389699,379553,102964,99883,187929,178535,17811,16862,1531043,1463137,992678,943374,274252,267319,17110,16332,120725,114187,5302,4968,120976,116957,1106132,1052852,330116,322057,48680,46932,165352,156794,12102,11467,521256,502314,391252,376401,37397,36101,33276,32498,8488,8279,2196,2049,48647,46986,435956,419638,59583,57496,54284,52951,22577,21741,5709,5395
R,4,2021,9,4033885,2063896,1969989,1399174,1330416,314356,304274,51394,48652,124271,118298,7254,6907,167447,161442,1555293,1480858,390925,378561,104374,99626,181519,173153,17544,16724,1536492,1464325,1001973,949196,276741,268296,17139,16443,115690,110166,5125,4832,119824,115392,1114242,1057180,331999,321937,49199,47254,159267,151921,11934,11369,527404,505664,397201,381220,37615,35978,34255,32209,8581,8132,2129,2075,47623,46050,441051,423678,58926,56624,55175,52372,22252,21232,5610,5355
R,4,2021,10,4096188,2095287,2000901,1423784,1354098,321437,310692,52014,50632,123123,117068,7326,7088,167603,161323,1580010,1504235,397299,384610,106234,102998,179971,171300,17506,16880,1555060,1480854,1014779,961055,283550,274079,17162,16739,114484,108828,5216,5022,119869,115131,1127059,1068627,338284,327441,49995,48427,157735,149988,12043,11442,540227,520047,409005,393043,37887,36613,34852,33893,8639,8240,2110,2066,47734,46192,452951,435608,59015,57169,56239,54571,22236,21312,5463,5438
R,4,2021,11,4197158,2147001,2050157,1464759,1393111,328929,318012,51838,49670,123588,118332,7264,6860,170623,164172,1623841,1546052,406598,394013,106895,102540,180916,172690,17601,16823,1586648,1512851,1032971,978933,291557,281796,17474,17037,115320,110440,5029,4753,124297,119892,1149371,1091101,348683,337832,51620,50079,159746,152557,12054,11538,560353,537306,431788,414178,37372,36216,34364,32633,8268,7892,2235,2107,46326,44280,474470,454951,57915,56181,55275,52461,21170,20133,5547,5285
R,4,2021,12,4289249,2194175,2095074,1502670,1428014,335859,324337,53099,51397,124904,119310,7250,6987,170393,165029,1661146,1581701,413090,400077,109220,105713,181486,173204,17845,17049,1618507,1542804,1056598,1000431,297983,288062,18030,17562,116540,111388,4983,4776,124373,120585,1172738,1113164,355230,344309,53046,51645,160455,153075,12169,11656,575668,552270,446072,427583,37876,36275,35069,33835,8364,7922,2267,2211,46020,44444,488408,468537,57860,55768,56174,54068,21031,20129,5676,5393
R,4,2021,13,4391668,2244856,2146812,1540820,1466786,341548,329942,54874,52890,128946,123431,7300,6964,171368,166799,1700152,1621693,418504,405980,112648,109286,185467,177777,17990,17168,1656422,1579845,1082718,1026633,303688,293470,18678,17786,120465,115299,4986,4810,125887,121847,1200198,1140353,360883,349928,55131,53193,164673,157251,12335,11721,588434,566967,458102,440153,37860,36472,36196,35104,8481,8132,2314,2154,45481,44952,499954,481340,57621,56052,57517,56093,20794,20526,5655,5447
R,4,2021,14,4385829,2244532,2141297,1550087,1471237,339532,326187,55927,53276,124883,120641,7297,6979,166806,162977,1705034,1622557,413487,399461,113210,109257,179812,173452,17713,16966,1655558,1577110,1091524,1031761,301869,290214,18533,17890,116490,112749,4926,4735,122216,119761,1205536,1143509,356671,344950,54585,53352,159363,153809,12068,11531,588974,564187,458563,439476,37663,35973,37394,35386,8393,7892,2371,2244,44590,43216,499498,479048,56816,54511,58625,55905,20449,19643,5645,5435
R,4,2021,15,4304363,2204015,2100348,1533055,1450156,327483,316426,54341,52408,122488,119322,7124,6858,159524,155178,1681210,1594184,397042,385028,110591,106626,174511,169844,16872,16333,1631295,1552262,1084943,1021599,291773,282210,18000,17495,114431,111871,4916,4689,117232,114398,1194330,1128218,343473,333652,53840,52069,155176,151335,11629,11271,572720,548086,448112,428557,35710,34216,36341,34913,8057,7451,2208,2169,42292,40780,486880,465966,53569,51376,56751,54557,19335,18509,5243,5062
R,4,2021,16,4306848,2206980,2099868,1539997,1454841,325634,311717,54140,52089,125162,123538,7118,6727,154929,150956,1683695,1594742,391676,377606,109726,106218,176440,172472,16741,16047,1638007,1557326,1092766,1029467,290589,278340,18237,17176,117263,116204,4935,4657,114217,111482,1199100,1133135,339697,327613,53934,51956,157595,154755,11621,11144,568973,542542,447231,425374,35045,33377,35903,34913,7899,7334,2183,2070,40712,39474,484595,461607,51979,49993,55792,54262,18845,17717,5120,4903
R,4,2021,17,4337507,2223641,2113866,1558353,1470820,325369,312475,54238,51431,126209,124662,7267,6784,152205,147694,1699453,1607980,389468,375684,110303,105592,175736,172181,16786,15745,1658974,1576231,1113869,1048185,291148,279699,18082,17164,118468,117421,4991,4697,112416,109065,1218529,1149847,338974,326952,54251,52044,157498,154838,11570,10962,564667,537635,444484,422635,34221,32776,36156,34267,7741,7241,2276,2087,39789,38629,480924,458133,50494,48732,56052,53548,18238,17343,5216,4783
R,4,2021,18,4294046,2200634,2093412,1541508,1456541,325481,312833,54460,50590,126954,125500,7134,6585,145097,141363,1675979,1587211,385885,372798,108830,103208,174124,171183,16147,15315,1641945,1562700,1101344,1038393,291139,280210,17846,16739,119511,118231,5019,4570,107086,104557,1200862,1135410,336291,325391,52964,50746,156578,154094,11323,10694,558689,530712,440164,418148,34342,32623,36614,33851,7443,7269,2115,2015,38011,36806,475117,451801,49594,47407,55866,52462,17546,17089,4824,4621
R,4,2021,19,4440195,2254241,2185954,1575961,1516900,341782,338222,54092,50505,135840,135969,7217,7191,139349,137167,1704500,1643229,399524,396608,106730,101148,181039,180489,16334,16137,1690976,1648316,1130551,1091477,306678,304306,17590,17207,128348,128615,5029,5093,102780,101618,1225604,1185328,349774,348179,51459,49985,164037,163802,11505,11474,563265,537638,445410,425423,35104,33916,36502,33298,7492,7354,2188,2098,36569,35549,478896,457901,49750,48429,55271,51163,17002,16687,4829,4663
R,4,2021,20,4730671,2392360,2338311,1671016,1625469,365639,362405,55488,51135,156217,156496,8134,7982,135866,134824,1795644,1749091,421882,420012,105783,99756,201272,201042,17658,17194,1816833,1788344,1215532,1188089,328454,327249,18283,17925,148422,148798,5887,5784,100255,100499,1307731,1280424,370250,370586,50713,49502,184038,184422,12676,12475,575527,549967,455484,437380,37185,35156,37205,33210,7795,7698,2247,2198,35611,34325,487913,468667,51632,49426,55070,50254,17234,16620,4982,4719
R,4,2021,21,4643742,2355725,2288017,1658786,1598134,353176,352714,53895,48931,152705,151420,8136,7662,129027,129156,1777084,1716796,406048,407645,102689,95784,195052,193922,16847,16160,1795741,1757669,1213158,1175809,317867,318833,17902,16959,145230,143988,5970,5465,95614,96615,1301055,1264810,357373,360578,49371,47357,179053,178023,12233,11490,559984,530348,445628,422325,35309,33881,35993,31972,7475,7432,2166,2197,33413,32541,476029,451986,48675,47067,53318,48427,15999,15899,4614,4670
R,4,2021,22,4529206,2299362,2229844,1625969,1562677,338641,338768,52134,47597,151081,149060,7904,7520,123633,124222,1739231,1676748,388522,391250,99495,93602,191503,189393,16511,15820,1757585,1715350,1194555,1152671,304700,306066,17113,16312,143730,141633,5751,5502,91736,93166,1278787,1238469,342091,345742,47833,46594,175989,174003,11969,11465,541777,514494,431414,410006,33941,32702,35021,31285,7351,7427,2153,2018,31897,31056,460444,438279,46431,45508,51662,47008,15514,15390,4542,4355
R,4,2021,23,4368511,2220849,2147662,1566141,1500987,324560,323034,50402,46167,155399,151512,7607,7266,116740,118696,1673203,1609779,371285,372668,95496,90620,193466,190027,15602,14920,1699776,1654410,1150710,1107389,292240,292321,16035,15381,148276,144478,5582,5298,86933,89543,1230509,1189664,327277,330260,45387,44487,178951,175810,11416,10922,521073,493252,415431,393598,32320,30713,34367,30786,7123,7034,2025,1968,29807,29153,442694,420115,44008,42408,50109,46133,14515,14217,4186,3998
R,4,2021,24,4282929,2178327,2104602,1538258,1470066,313020,312932,49910,45533,157463,153892,7362,6869,112314,115310,1640869,1575895,357210,360258,94259,89709,194046,190957,15106,14370,1664319,1619225,1128829,1083404,281058,282746,15477,14835,150617,147061,5343,5036,82995,86143,1204923,1162618,313791,318642,43917,43481,180058,176986,10969,10451,514008,485377,409429,386662,31962,30186,34433,30698,6846,6831,2019,1833,29319,29167,435946,413277,43419,41616,50342,46228,13988,13971,4137,3919
R,4,2021,25,4307676,2187296,2120380,1546924,1483364,312200,314724,50528,45771,160143,156586,7456,7040,110045,112895,1647554,1586650,355002,360532,94425,90116,195690,192520,15277,14607,1675010,1634807,1139460,1096826,280321,284295,15478,14567,153051,149480,5443,5216,81257,84423,1213956,1174307,311903,318804,43788,43496,181719,178608,11146,10764,512286,485573,407464,386538,31879,30429,35050,31204,7092,7106,2013,1824,28788,28472,433598,412343,43099,41728,50637,46620,13971,13912,4131,3843
R,4,2021,26,4332917,2193063,2139854,1551621,1493280,315265,324333,50680,45852,160328,157357,7585,7118,107584,111914,1649626,1595449,356625,369387,94703,90259,194903,192963,15286,14771,1685426,1653724,1148133,1106093,283649,293156,15510,14750,153333,150597,5637,5244,79164,83884,1220295,1182787,314129,327039,43798,43995,181229,179631,11307,10890,507637,486130,403488,387187,31616,31177,35170,31102,6995,6760,1948,1874,28420,28030,429331,412662,42496,42348,50905,46264,13674,13332,3979,3881
R,4,2021,27,4369739,2204451,2165288,1560447,1506826,319055,333622,50652,46554,161446,160169,7394,7128,105457,110989,1656292,1608129,358866,377875,94207,91919,195558,194965,15259,14733,1701974,1679219,1160378,1120337,288017,302383,15753,15225,154596,153332,5410,5228,77820,82714,1231171,1196033,317244,335400,43721,45040,182442,181529,11193,10809,502477,486069,400069,386489,31038,31239,34899,31329,6850,6837,1984,1900,27637,28275,425121,412096,41622,42475,50486,46879,13116,13436,4066,3924
R,4,2021,28,4451042,2239116,2211926,1586251,1536794,325079,342148,51491,47764,165171,167359,7489,7232,103635,110629,1680333,1637644,363803,385214,95207,94223,198340,201868,15171,14735,1736307,1722511,1185712,1147839,293830,310625,16172,15670,158439,160445,5595,5250,76559,82682,1255288,1223343,322194,342488,44620,46645,185381,188655,11279,10795,502809,489415,400539,388955,31249,31523,35319,32094,6732,6914,1894,1982,27076,27947,425045,414301,41609,42726,50587,47578,12959,13213,3892,3940
R,4,2021,29,4520246,2266730,2253516,1614674,1570937,324622,345959,51977,47990,165905,171916,7374,7063,102178,109651,1707575,1670807,361394,387767,96370,95371,198459,205875,15006,14522,1765677,1766336,1215345,1183850,293642,313959,16658,16256,159230,165203,5515,5285,75287,81783,1283865,1258490,320322,344753,45502,47784,185824,192890,11244,10839,501053,487180,399329,387087,30980,32000,35319,31734,6675,6713,1859,1778,26891,27868,423710,412317,41072,43014,50868,47587,12635,12985,3762,3683
R,4,2021,30,4633961,2321844,2312117,1658297,1610334,330597,356143,53206,48938,170727,179590,7618,7324,101399,109788,1750092,1710424,366523,396679,97808,97595,203380,213522,15308,14919,1816670,1821375,1256517,1221241,298997,323869,16988,16509,163841,172557,5670,5430,74657,81769,1324245,1295936,324829,353436,45905,49035,190560,200264,11393,11114,505174,490742,401780,389093,31600,32274,36218,32429,6886,7033,1948,1894,26742,28019,425847,414488,41694,43243,51903,48560,12820,13258,3915,3805
R,4,2021,31,4627076,2314073,2313003,1656259,1611987,328917,354943,52033,48541,170820,183069,7443,7245,98601,107218,1745710,1709340,363038,393837,96028,96961,202431,216244,14879,14677,1821268,1830762,1263753,1229116,298001,322938,16848,16666,164338,176346,5569,5395,72759,80301,1329812,1302128,322403,351204,45654,49460,190309,203641,11167,11082,492805,482241,392506,382871,30916,32005,35185,31875,6482,6723,1874,1850,25842,26917,415898,407212,40635,42633,50374,47501,12122,12603,3712,3595
R,4,2021,32,4510423,2250220,2260203,1616575,1578701,312006,340703,50366,47238,170311,184534,7124,6879,93838,102148,1701579,1671484,343722,377019,92658,94228,200742,216060,14280,13846,1777960,1797007,1240008,1210070,282877,310422,16273,16367,163984,178157,5338,5149,69480,76842,1302934,1279900,305588,336801,44040,48428,189089,204338,10830,10493,472260,463196,376567,368631,29129,30281,34093,30871,6327,6377,1786,1730,24358,25306,398645,391584,38134,40218,48618,45800,11653,11722,3450,3353
R,4,2021,33,4452991,2219034,2233957,1604404,1568266,301438,331168,50308,46500,165018,181367,6975,6895,90891,99761,1686810,1658890,331523,366284,92090,93239,193932,211756,13899,13842,1751355,1776012,1230722,1203550,273286,301749,15944,15601,158848,175096,5238,5189,67317,74827,1291722,1271664,294746,327131,43418,47481,182879,200182,10577,10480,467679,457945,373682,364716,28152,29419,34364,30899,6170,6271,1737,1706,23574,24934,395088,387226,36777,39153,48672,45758,11053,11574,3322,3362
R,4,2021,34,4409023,2196023,2213000,1595475,1560731,294715,324346,49689,46691,161392,177823,7053,6697,87699,96712,1674800,1648568,323155,357841,91107,93377,189320,206827,13850,13203,1734565,1758790,1226248,1198945,267389,295496,15617,15296,155405,171709,5301,5009,64605,72335,1284642,1264657,287490,319541,42725,47260,178558,195731,10526,9964,461458,454210,369227,361786,27326,28850,34072,31395,5987,6114,1752,1688,23094,24377,390158,383911,35665,38300,48382,46117,10762,11096,3324,3239
R,4,2021,35,4460989,2222457,2238532,1618628,1582932,294951,325138,50569,47026,164026,181251,6919,6671,87364,95514,1697799,1669698,322840,357211,92542,93984,191444,209673,13763,13360,1756697,1783451,1245962,1219430,267637,296777,15388,15716,157981,175141,5299,5044,64430,71343,1304369,1284280,287073,319505,43236,48073,180732,198634,10480,10130,465760,455081,372666,363502,27314,28361,35181,31310,6045,6110,1620,1627,22934,24171,393430,385418,35767,37706,49306,45911,10712,11039,3283,3230
R,4,2021,36,4402988,2191709,2211279,1601083,1567358,287089,317216,49447,47053,163691,181231,6769,6582,83630,91839,1676722,1650634,312945,347288,90533,93476,189896,208162,13237,13001,1736988,1761964,1236371,1208000,261293,289836,15061,15518,157661,175346,5108,4931,61494,68333,1291968,1270008,279305,311041,42288,47314,179324,197638,10058,9846,454721,449315,364712,359358,25796,27380,34386,31535,6030,5885,1661,1651,22136,23506,384754,380626,33640,36247,48245,46162,10572,10524,3179,3155
R,4,2021,37,4329678,2151578,2178100,1572680,1542294,280192,312569,49119,45873,161528,180369,6635,6586,81424,90409,1646034,1624031,305112,341762,89834,92607,186824,206527,13148,13038,1704490,1735724,1214131,1187642,254729,285790,14876,15070,155845,174621,5034,4909,59875,67692,1267967,1248822,272104,306478,41938,47552,176710,196261,10049,9881,447088,442376,358549,354652,25463,26779,34243,30803,5683,5748,1601,1677,21549,22717,378067,375209,33008,35284,47896,45055,10114,10266,3099,3157
R,4,2021,38,4388153,2174392,2213761,1592134,1571062,283791,316426,49819,47605,160474,181485,6339,6466,81835,90717,1666096,1653014,308674,345352,91628,95482,184960,207265,12756,12867,1723306,1760993,1229484,1207473,258458,289517,15311,15549,154966,175764,4731,4853,60356,67837,1283967,1268724,275878,309982,43348,49018,175238,196968,9648,9767,451086,452768,362650,363589,25333,26909,34508,32056,5508,5721,1608,1613,21479,22880,382129,384290,32796,35370,48280,46464,9722,10297,3108,3100
R,4,2021,39,4321465,2137880,2183585,1570878,1552299,278106,311466,48709,46685,155407,178219,6266,6371,78514,88545,1641552,1632204,301909,339824,89195,93890,178814,202985,12438,12603,1694891,1737373,1214575,1194247,253305,284906,14542,14811,149851,172595,4699,4687,57919,66127,1266575,1253997,270034,304899,41807,47674,169206,193039,9485,9465,442989,446212,356303,358052,24801,26560,34167,31874,5556,5624,1567,1684,20595,22418,374977,378207,31875,34925,47388,46216,9608,9946,2953,3138
R,4,2021,40,4342257,2149734,2192523,1580456,1559906,284017,317691,49720,47227,150724,174080,6360,6220,78457,87399,1651217,1638919,307585,345576,90888,94484,173579,197962,12411,12219,1701775,1743415,1219547,1198329,259523,291432,15103,15132,145220,168445,4664,4669,57718,65408,1271476,1257462,276021,311288,42780,48276,164051,188127,9322,9195,447959,449108,360909,361577,24494,26259,34617,32095,5504,5635,1696,1551,20739,21991,379741,381457,31564,34288,48108,46208,9528,9835,3089,3024
R,4,2021,41,4273113,2114156,2158957,1554096,1534217,281762,314719,48194,46585,148168,171825,6249,6333,75687,85278,1622218,1611002,304406,341849,88412,93003,169806,194995,12066,12338,1675008,1716601,1199014,1178045,258077,288966,14482,14943,142853,166393,4716,4643,55866,63611,1249178,1235305,273832,308051,41706,47498,160834,185475,9276,9242,439148,442356,355082,356172,23685,25753,33712,31642,5315,5432,1533,1690,19821,21667,373040,375697,30574,33798,46706,45505,8972,9520,2790,3096
R,4,2021,42,4075771,2012747,2063024,1481304,1468375,266574,298897,46324,44386,141237,165222,5857,5662,71451,80482,1545596,1540855,287575,324304,85076,88540,161410,186919,11192,11166,1596743,1640820,1145135,1127317,244325,274826,13766,14030,136241,159939,4384,4182,52892,60526,1192709,1181819,259036,292775,40224,45378,152908,177906,8482,8399,416004,422204,336169,341058,22249,24071,32558,30356,4996,5283,1473,1480,18559,19956,352887,359036,28539,31529,44852,43162,8502,9013,2710,2767
R,4,2021,43,4023034,1982197,2040837,1466837,1462120,257496,290252,45393,44135,137380,160130,5537,5677,69554,78523,1529623,1532913,277771,314401,83336,87814,157062,181330,10591,11018,1571503,1619703,1133265,1120608,236432,266842,13650,14291,132513,154938,4121,4183,51522,58841,1179709,1173643,250454,283893,39558,45197,148934,172348,8000,8336,410694,421134,333572,341512,21064,23410,31743,29844,4867,5192,1416,1494,18032,19682,349914,359270,27317,30508,43778,42617,8128,8982,2591,2682
R,4,2021,44,3926693,1934456,1992237,1429929,1425300,249830,282849,44368,42901,137664,160612,5432,5475,67233,75100,1490418,1492943,269107,305884,81583,85310,156380,180660,10491,10498,1532086,1577474,1101994,1087500,229488,260384,13575,13776,132974,155555,4047,4044,50008,56215,1146850,1138045,242890,276590,39225,43660,148645,172206,7977,7934,402370,414763,327935,337800,20342,22465,30793,29125,4690,5057,1385,1431,17225,18885,343568,354898,26217,29294,42358,41650,7735,8454,2514,2564
R,4,2021,45,3868222,1905103,1963119,1406892,1405027,245551,277079,43558,41915,138948,161308,5188,5323,64966,72467,1465350,1470135,263792,298956,80066,83044,156709,180488,9927,10185,1510552,1556539,1084741,1072152,225995,255814,13186,13556,134352,156348,3930,3944,48348,54725,1128173,1121276,238711,271398,38510,42904,149171,172312,7627,7717,394551,406580,322151,332875,19556,21265,30372,28359,4596,4960,1258,1379,16618,17742,337177,348859,25081,27558,41556,40140,7538,8176,2300,2468
R,4,2021,46,3889515,1918602,1970913,1422191,1418053,244324,273614,42781,41583,140885,161927,5049,5100,63372,70636,1479181,1481645,262088,294421,78723,82216,158011,180647,9575,9588,1529675,1569757,1103549,1088836,225427,252854,13219,13606,136402,157186,3806,3810,47272,53465,1145983,1136861,237940,267711,38264,42701,150623,172839,7282,7267,388927,401156,318642,329217,18897,20760,29562,27977,4483,4741,1243,1290,16100,17171,333198,344784,24148,26710,40459,39515,7388,7808,2293,2321
R,4,2021,47,3803173,1871946,1931227,1386505,1386905,239528,269874,40923,40148,139074,160572,4885,5095,61031,68633,1441360,1448608,256239,289921,75869,79743,155641,178809,9251,9558,1499448,1543317,1080349,1067696,221737,250193,12837,13502,134793,156008,3738,3745,45994,52173,1121516,1114541,233552,264450,37581,42133,148708,171253,7119,7206,372498,387910,306156,319209,17791,19681,28086,26646,4281,4564,1147,1350,15037,16460,319844,334067,22687,25471,38288,37610,6933,7556,2132,2352
R,4,2021,48,3915889,1922095,1993794,1423957,1432455,249432,281642,41307,40329,140998,164755,4844,5045,61557,69568,1479305,1494927,265988,301881,76891,80862,157503,182623,9169,9618,1550595,1605520,1118215,1112264,231774,262020,13473,13817,136740,160187,3695,3774,46698,53458,1160002,1160164,243559,276698,38925,43550,150600,175221,7162,7363,371500,388274,305742,320191,17658,19622,27834,26512,4258,4568,1149,1271,14859,16110,319303,334763,22429,25183,37966,37312,6903,7402,2007,2255
R,4,2021,49,4084850,2006380,2078470,1505934,1514077,253576,287042,40341,39843,139364,161751,4828,4908,62337,70849,1562039,1577947,270137,306989,77171,82082,155419,179447,9188,9426,1640906,1695722,1203778,1197724,236434,267972,13748,14095,135163,157198,3638,3711,48145,55022,1247030,1247177,248444,282565,40728,45644,148833,172161,7104,7288,365474,382748,302156,316353,17142,19070,26593,25748,4201,4553,1190,1197,14192,15827,315009,330770,21693,24424,36443,36438,6586,7286,2084,2138
R,4,2021,50,4343085,2136395,2206690,1617845,1623471,268917,303655,41169,40359,138308,161116,5018,5066,65138,73023,1676531,1689189,285999,324136,80268,84734,154548,178639,9547,9740,1765356,1822822,1311095,1305632,251310,284327,14239,15031,134124,156669,3821,3881,50767,57282,1356784,1357022,263780,299466,43371,48837,147937,171435,7455,7638,371039,383868,306750,317839,17607,19328,26930,25328,4184,4447,1197,1185,14371,15741,319747,332167,22219,24670,36897,35897,6611,7204,2092,2102
R,4,2021,51,4231033,2081964,2149069,1584686,1591528,257441,288624,39737,38790,133677,155454,4795,4958,61628,69715,1640173,1654301,273425,307795,77086,81581,148783,171990,9269,9560,1721783,1778366,1285990,1284008,240673,270288,13594,14348,129729,151158,3654,3821,48143,54743,1329210,1333182,252385,284533,41627,46923,142617,165103,7269,7543,360181,370703,298696,307520,16768,18336,26143,24442,3948,4296,1141,1137,13485,14972,310963,321119,21040,23262,35459,34658,6166,6887,2000,2017
R,4,2021,52,4090763,2007350,2083413,1531353,1546764,246418,277847,38066,37256,129576,151422,4415,4822,57522,65302,1583295,1605481,261005,295735,73423,77993,143402,166371,8449,9043,1666931,1732280,1248539,1255068,230752,260707,13405,14185,125884,147455,3387,3656,44964,51209,1289059,1301016,241426,273795,40119,45425,137571,160023,6631,7028,340419,351133,282814,291696,15666,17140,24661,23071,3692,3967,1028,1166,12558,14093,294236,304465,19579,21940,33304,32568,5831,6348,1818,2015
R,4,2021,53,3993411,1956463,2036948,1497383,1515052,244067,277820,36725,36191,119269,140723,4412,4623,54607,62539,1546629,1571324,257993,295156,70715,75370,131908,154620,8168,8716,1626511,1694970,1222869,1230473,228818,260993,13199,13974,115645,136801,3429,3590,42551,49139,1261094,1274620,238902,273776,38912,44040,126302,148411,6488,6899,329952,341978,274514,284579,15249,16827,23526,22217,3624,3922,983,1033,12056,13400,285535,296704,19091,21380,31803,31330,5606,6209,1680,1817
R,4,2021,54,4035358,1973527,2061831,1520439,1546797,245534,281013,35885,35462,113907,132275,4558,4472,53204,61812,1568316,1602453,258992,297794,69458,74862,125949,145469,8281,8437,1651868,1729479,1251579,1269438,231051,264633,13388,14277,110626,128646,3505,3425,41719,49060,1289047,1313538,240889,277161,38914,44993,120796,139724,6552,6609,321659,332352,268860,277359,14483,16380,22497,21185,3281,3629,1053,1047,11485,12752,279269,288915,18103,20633,30544,29869,5153,5745,1729,1828
R,4,2021,55,4143526,2023778,2119748,1556949,1588016,256102,293344,35958,36101,116152,135150,4440,4658,54177,62479,1605485,1643987,269945,310476,70457,76034,128103,148553,8338,8720,1703286,1787896,1289022,1310988,241321,277097,13916,14902,112840,131557,3445,3607,42742,49745,1327199,1355465,251495,289833,40489,46226,122959,142822,6613,6881,320492,331852,267927,277028,14781,16247,22042,21199,3312,3593,995,1051,11435,12734,278286,288522,18450,20643,29968,29808,5144,5731,1725,1839
R,4,2021,56,4329705,2108493,2221212,1640049,1684383,259417,298823,35794,35853,114571,133978,4193,4676,54469,63499,1689111,1741532,272645,315751,71139,77320,126272,146908,7883,8695,1796576,1895441,1378152,1411359,245590,282960,14398,15657,111432,130512,3228,3672,43776,51281,1417482,1457406,255506,295823,42256,48736,121423,141449,6273,6999,311917,325771,261897,273024,13827,15863,21396,20196,3139,3466,965,1004,10693,12218,271629,284126,17139,19928,28883,28584,4849,5459,1610,1696
R,4,2021,57,4389092,2132537,2256555,1665447,1720095,257225,295877,34809,35204,116632,137375,4126,4471,54298,63533,1714311,1777200,270371,312388,70512,76983,127965,150339,7824,8503,1833521,1940417,1414494,1454918,243630,280526,14530,15761,113672,134072,3303,3460,43892,51680,1453870,1501316,253580,293149,42900,49417,123353,145088,6371,6772,299016,316138,250953,265177,13595,15351,20279,19443,2960,3303,823,1011,10406,11853,260441,275884,16791,19239,27612,27566,4612,5251,1453,1731
R,4,2021,58,4383251,2126831,2256420,1668313,1729032,253058,293443,33632,34099,115043,133270,4031,4537,52754,62039,1715850,1784839,265478,309494,68416,75335,126203,145598,7582,8365,1839961,1951443,1426654,1472163,240251,279061,14549,15672,112184,130036,3197,3655,43126,50856,1465429,1517805,249746,291478,42575,49147,121770,140611,6175,6821,286870,304977,241659,256869,12807,14382,19083,18427,2859,3234,834,882,9628,11183,250421,267034,15732,18016,25841,26188,4433,4987,1407,1544
R,4,2021,59,4369369,2116069,2253300,1679971,1747045,246680,288116,32008,33075,101995,120504,4041,4251,51374,60309,1726267,1801378,258625,303552,66301,73580,112636,132214,7381,7856,1844966,1965016,1451195,1504049,234790,274687,14239,15593,99334,117554,3240,3376,42168,49757,1489101,1548777,243996,286696,41895,48742,108625,127598,6060,6365,271103,288284,228776,242996,11890,13429,17769,17482,2661,2950,801,875,9206,10552,237166,252601,14629,16856,24406,24838,4011,4616,1321,1491
R,4,2021,60,4406543,2128043,2278500,1690664,1768912,248763,289946,31496,32623,102399,123032,3899,4240,50822,59747,1736512,1822618,260770,305203,65446,72741,112831,134658,7193,7983,1864461,1994996,1468288,1529543,237209,277047,14130,15592,99894,120156,3144,3415,41796,49243,1505885,1573750,246444,288839,41700,48426,108931,130135,5902,6475,263582,283504,222376,239369,11554,12899,17366,17031,2505,2876,755,825,9026,10504,230627,248868,14326,16364,23746,24315,3900,4523,1291,1508
R,4,2021,61,4335188,2087993,2247195,1662195,1746658,242581,286194,30062,31569,100873,121398,3668,4005,48614,57371,1705903,1798190,253868,300912,62564,70150,111025,132520,6841,7409,1838287,1977210,1451380,1519028,231593,273525,13681,15227,98422,118683,2969,3236,40242,47511,1487473,1561573,240377,285086,40148,46971,107313,128226,5617,6073,249706,269985,210815,227630,10988,12669,16381,16342,2451,2715,699,769,8372,9860,218430,236617,13491,15826,22416,23179,3712,4294,1224,1336
R,4,2021,62,4251318,2040318,2211000,1630866,1725512,233917,277465,28140,30076,97555,119284,3502,3790,46338,54873,1672556,1774903,244737,291407,59392,67188,106897,129768,6413,7068,1808131,1956930,1434832,1510689,223504,265956,13149,14818,95289,116749,2842,3114,38515,45604,1469407,1551613,231964,276942,38757,45451,103488,125804,5287,5794,232187,254070,196034,214823,10413,11509,14991,15258,2266,2535,660,676,7823,9269,203149,223290,12773,14465,20635,21737,3409,3964,1126,1274
R,4,2021,63,4234425,2025842,2208583,1626546,1733131,227694,271999,26979,28795,96608,117763,3262,3549,44753,53346,1666808,1781063,237952,285551,57202,65299,105742,127696,6060,6627,1804323,1962378,1438849,1524243,218023,261007,12850,14357,94469,115287,2696,2868,37436,44616,1472408,1564233,226125,271812,37864,44681,102481,123934,5084,5449,221519,246205,187697,208888,9671,10992,14129,14438,2139,2476,566,681,7317,8730,194400,216830,11827,13739,19338,20618,3261,3762,976,1178
R,4,2021,64,4107823,1957800,2150023,1576067,1690130,217437,263815,25472,27257,93259,115219,3185,3428,42380,50174,1614286,1735234,227163,276450,54293,61703,101680,124448,5844,6349,1749518,1915321,1399435,1490670,208375,253205,12290,13747,91297,112966,2627,2810,35494,41923,1431374,1528239,216048,263244,36164,42356,98713,120947,4856,5272,208282,234702,176632,199460,9062,10610,13182,13510,1962,2253,558,618,6886,8251,182912,206995,11115,13206,18129,19347,2967,3501,988,1077
R,4,2021,65,3998079,1900078,2098001,1534640,1652995,207632,254045,24164,26233,90988,113599,2920,3317,39734,47812,1570438,1695923,216797,266140,51041,58956,98879,122594,5459,6157,1701711,1873131,1366233,1461689,198961,243847,11613,13417,89103,111377,2407,2699,33394,40102,1396244,1497591,206205,253413,33949,40723,96071,119225,4572,5109,198367,224870,168407,191306,8671,10198,12551,12816,1885,2222,513,618,6340,7710,174194,198332,10592,12727,17092,18233,2808,3369,887,1048
R,4,2021,66,3900045,1847710,2052335,1498965,1625590,197175,242993,22643,24579,88786,110855,2844,3185,37297,45133,1532481,1665876,205875,254581,47914,55517,96170,119238,5245,5918,1661804,1838921,1341147,1443561,188997,233568,11094,12499,87039,108836,2353,2606,31174,37851,1369093,1477209,195812,242782,31982,38283,93549,116154,4399,4947,185906,213414,157818,182029,8178,9425,11549,12080,1747,2019,491,579,6123,7282,163388,188667,10063,11799,15932,17234,2621,3084,846,971
R,4,2021,67,3715226,1749327,1965899,1431489,1569261,179709,226836,20443,22495,81443,102468,2482,2903,33761,41936,1461826,1606892,187622,237599,43557,51380,87928,110018,4603,5408,1579886,1767579,1286971,1399629,172388,218057,10200,11810,79878,100559,2051,2397,28398,35127,1312420,1431049,178617,226556,29497,35949,85622,107103,3878,4526,169441,198320,144518,169632,7321,8779,10243,10685,1565,1909,431,506,5363,6809,149406,175843,9005,11043,14060,15431,2306,2915,725,882
R,4,2021,68,3594046,1687296,1906750,1387704,1528524,167786,214825,18669,21158,79331,100404,2392,2744,31414,39095,1415920,1563644,175204,224684,40085,48093,85482,107355,4431,5133,1530220,1720218,1253190,1368445,160926,206683,9545,11235,78007,98680,2011,2307,26541,32868,1276947,1397849,166825,214575,27479,33745,83467,104773,3749,4371,157076,186532,134514,160079,6860,8142,9124,9923,1324,1724,381,437,4873,6227,138973,165795,8379,10109,12606,14348,2015,2582,682,762
R,4,2021,69,3441148,1610877,1830271,1333953,1476958,156650,203557,17153,19527,71457,91170,2184,2501,29480,36558,1360525,1509708,163463,213026,37641,44973,76855,97440,4050,4691,1464989,1656748,1208534,1327609,150567,196008,8961,10537,70163,89634,1848,2080,24916,30880,1230894,1355154,156002,203535,26139,32068,74964,95097,3454,3980,145888,173523,125419,149349,6083,7549,8192,8990,1294,1536,336,421,4564,5678,129631,154554,7461,9491,11502,12905,1891,2343,596,711
R,4,2021,70,3258802,1517700,1741102,1252811,1396781,148715,197752,16113,18502,70612,91550,2053,2436,27396,34081,1277372,1427361,155182,206669,35072,42252,75675,97283,3794,4491,1378990,1573543,1133539,1252397,142799,190600,8293,9840,69444,90070,1753,2039,23162,28597,1154198,1277954,147952,197715,24251,29761,73894,95013,3254,3784,138710,167559,119272,144384,5916,7152,7820,8662,1168,1480,300,397,4234,5484,123174,149407,7230,8954,10821,12491,1781,2270,540,707
R,4,2021,71,3154105,1463932,1690173,1213140,1361799,139218,186425,14973,17028,69411,90557,1939,2174,25251,32190,1235891,1390529,145193,194909,32293,39301,74071,96051,3615,4160,1335548,1532488,1102370,1225491,133838,179678,8003,9192,68232,89101,1653,1826,21452,27200,1121640,1249660,138623,186503,22631,28011,72354,93877,3142,3543,128384,157685,110770,136308,5380,6747,6970,7836,1179,1456,286,348,3799,4990,114251,140869,6570,8406,9662,11290,1717,2174,473,617
R,4,2021,72,3044437,1407691,1636746,1176256,1332233,127572,172641,13787,15738,64363,83561,1834,2110,23879,30463,1197680,1359497,133062,180611,30491,37048,68701,88558,3441,4013,1289783,1489755,1074133,1204846,122822,166511,7544,8652,63321,82193,1530,1782,20433,25771,1092395,1227824,127255,172919,21765,26682,67187,86543,2946,3418,117908,146991,102123,127387,4750,6130,6243,7086,1042,1368,304,328,3446,4692,105285,131673,5807,7692,8726,10366,1514,2015,495,595
R,4,2021,73,3038965,1403849,1635116,1190393,1351242,116767,160534,12857,14695,59435,77307,1653,1882,22744,29456,1210962,1377665,121939,168177,28780,35398,63450,82075,3081,3619,1291973,1495315,1093211,1229787,112346,154644,7096,8173,58459,76093,1413,1573,19448,25045,1110756,1252184,116557,160847,20626,25724,62021,80272,2694,3118,111876,139801,97182,121455,4421,5890,5761,6522,976,1214,240,309,3296,4411,100206,125481,5382,7330,8154,9674,1429,1803,387,501
R,4,2021,74,2933155,1350807,1582348,1156565,1322211,105130,145249,11812,14070,54453,71510,1505,1598,21342,27710,1175946,1347279,109790,152174,26950,33665,58077,75902,2865,3307,1248519,1451776,1067409,1208633,101108,139843,6631,7906,53668,70383,1284,1336,18419,23675,1084115,1229975,104876,145436,19679,24699,56898,74213,2502,2823,102288,130572,89156,113578,4022,5406,5181,6164,785,1127,221,262,2923,4035,91831,117304,4914,6738,7271,8966,1179,1689,363,484
R,4,2021,75,2193637,1000531,1193106,843882,980591,84002,119518,9252,11455,46284,59366,1282,1568,15829,20608,858108,999000,87764,125039,20045,25435,49205,62959,2468,2987,912778,1078339,767325,880593,80556,114714,4954,6044,45515,58349,1076,1313,13352,17326,779290,895984,83523,119142,14016,17788,48060,61486,2114,2562,87753,114767,76557,99998,3446,4804,4298,5411,769,1017,206,255,2477,3282,78818,103016,4241,5897,6029,7647,1145,1473,354,425
R,4,2021,76,2129323,962741,1166582,816986,964335,78012,114280,8542,10686,43146,56209,1162,1394,14893,19678,830398,981856,81539,119672,18651,24137,45936,59468,2281,2761,883442,1060828,747619,871802,74934,110052,4629,5829,42527,55321,1002,1149,12731,16675,759040,886593,77771,114417,13230,17211,44998,58182,2001,2340,79299,105754,69367,92533,3078,4228,3913,4857,619,888,160,245,2162,3003,71358,95263,3768,5255,5421,6926,938,1286,280,421
R,4,2021,77,2076392,933214,1143178,799116,956748,71941,106113,8043,9849,39356,50478,987,1258,13771,18732,811517,973442,75289,111167,17647,22803,41688,53478,1968,2580,859961,1043774,734960,869518,69159,102173,4492,5460,38775,49656,836,1060,11739,15907,745509,883628,71832,106291,12690,16480,40835,52249,1676,2219,73253,99404,64156,87230,2782,3940,3551,4389,581,822,151,198,2032,2825,66008,89814,3457,4876,4957,6323,853,1229,292,361
R,4,2021,78,2030517,904969,1125548,779957,948416,67251,102089,7073,9145,36973,47296,890,1142,12825,17460,791497,964054,70271,106828,15887,21312,39273,50035,1832,2277,838197,1031743,721360,866329,64603,98169,3974,4973,36428,46548,769,933,11063,14791,731300,879511,67070,101973,11567,15346,38470,48905,1596,1936,66772,93805,58597,82087,2648,3920,3099,4172,545,748,121,209,1762,2669,60197,84543,3201,4855,4320,5966,803,1130,236,341
R,4,2021,79,1730465,762900,967565,653914,810155,57686,89512,6211,8075,33430,43644,821,1063,10838,15116,663678,823695,60284,93575,13662,18531,35381,46146,1582,2021,703784,885226,601892,737720,55414,86411,3537,4424,32992,42975,693,885,9256,12811,610216,749133,57509,89697,9881,13282,34713,45145,1351,1734,59116,82339,52022,72435,2272,3101,2674,3651,438,669,128,178,1582,2305,53462,74562,2775,3878,3781,5249,668,1001,231,287
R,4,2021,80,1547169,673551,873618,575546,729389,51210,82271,5544,7340,30928,40334,753,919,9570,13365,584147,741256,53570,86055,12070,16406,32702,42578,1408,1826,619462,795980,527872,660961,49138,79222,3167,4067,30514,39719,644,755,8127,11256,535159,670915,51012,82243,8692,11722,32080,41667,1202,1540,54089,77638,47674,68428,2072,3049,2377,3273,414,615,109,164,1443,2109,48988,70341,2558,3812,3378,4684,622,911,206,286
R,4,2021,81,1403806,602642,801164,514008,668384,46039,75850,4906,6679,28633,37192,612,873,8444,12186,521578,679170,48080,79350,10593,14837,30230,39264,1221,1767,553154,728633,470432,604374,44097,72974,2713,3693,28243,36603,483,721,7186,10268,476848,613394,45727,75770,7521,10599,29685,38404,1036,1499,49488,72531,43576,64010,1942,2876,2193,2986,390,589,129,152,1258,1918,44730,65776,2353,3580,3072,4238,545,860,185,268
R,4,2021,82,1305405,555926,749479,477425,630030,40564,68075,4397,6342,25507,33321,521,764,7512,10947,484187,639804,42431,71126,9400,13784,26986,35089,1043,1487,511446,683176,438101,571543,38887,65437,2424,3529,25162,32817,422,628,6450,9222,443888,579718,40379,67892,6708,9813,26487,34360,894,1276,44480,66303,39324,58487,1677,2638,1973,2813,345,504,99,136,1062,1725,40299,60086,2052,3234,2692,3971,499,729,149,211
R,4,2021,83,1186415,498247,688168,428082,578934,36155,62442,3810,5453,22967,31042,508,672,6725,9625,434133,587479,37875,65217,8305,11793,24243,32745,977,1337,458819,628106,393062,525758,34695,60032,2175,3015,22660,30584,431,568,5796,8149,398276,532935,36091,62309,6051,8382,23795,32074,830,1153,39428,60062,35020,53176,1460,2410,1635,2438,307,458,77,104,929,1476,35857,54544,1784,2908,2254,3411,448,671,147,184
R,4,2021,84,1049690,433242,616448,372501,519632,30779,55261,3235,4907,20496,27498,408,620,5823,8530,377727,527108,32281,57751,7029,10487,21646,29069,858,1258,398241,561597,341350,471019,29489,53149,1818,2641,20239,27094,353,504,4992,7190,345812,477270,30706,55207,5056,7329,21269,28460,756,1058,35001,54851,31151,48613,1290,2112,1417,2266,257,404,55,116,831,1340,31915,49838,1575,2544,1973,3158,377,609,102,200
R,4,2021,85,957996,388858,569138,335325,479714,27789,51468,2870,4403,17480,25229,310,520,5084,7804,339898,486634,29123,53797,6087,9480,18551,26621,710,1079,357925,519428,307852,435624,26662,49589,1583,2411,17253,24813,247,430,4328,6561,311726,441416,27733,51470,4298,6697,18204,26017,608,914,30933,49710,27473,44090,1127,1879,1287,1992,227,416,63,90,756,1243,28172,45218,1390,2327,1789,2783,347,604,102,165
R,4,2021,86,868889,346033,522856,299335,442097,24056,46488,2557,4011,15429,22737,362,493,4294,7030,303188,448291,25190,48514,5272,8538,16296,24092,692,1015,318331,477616,274643,401942,23024,44736,1431,2165,15258,22386,308,414,3667,5973,277911,407167,23942,46369,3728,6019,16048,23591,598,884,27702,45240,24692,40155,1032,1752,1126,1846,171,351,54,79,627,1057,25277,41124,1248,2145,1544,2519,248,501,94,131
R,4,2021,87,729728,285071,444657,246720,375942,19641,39443,2067,3215,12740,19806,275,419,3628,5832,249980,381020,20565,41141,4368,6987,13529,20961,548,883,262105,406235,226264,341756,18824,37906,1128,1785,12565,19507,223,348,3101,4933,229033,346036,19584,39268,3070,4978,13270,20529,459,756,22966,38422,20456,34186,817,1537,939,1430,175,299,52,71,527,899,20947,34984,981,1873,1298,2009,259,432,89,127
R,4,2021,88,665405,253615,411790,219944,349341,17269,35743,1694,3026,11334,18146,218,402,3156,5132,222766,353833,18078,37271,3653,6286,12039,19143,490,823,234090,377259,202544,318627,16565,34396,945,1688,11177,17856,186,336,2673,4356,204927,322422,17222,35632,2584,4455,11805,18728,427,711,19525,34531,17400,30714,704,1347,749,1338,157,290,32,66,483,776,17839,31411,856,1639,1069,1831,234,415,63,112
R,4,2021,89,587476,218912,368564,191798,316036,13543,29806,1421,2518,9313,15356,166,354,2671,4494,194178,319917,14284,31161,3051,5372,9894,16241,385,746,201840,338614,176486,289227,12983,28720,755,1406,9189,15150,140,294,2287,3817,178521,292491,13604,29833,2127,3820,9702,15949,333,646,17072,29950,15312,26809,560,1086,666,1112,124,206,26,60,384,677,15657,27426,680,1328,924,1552,192,292,52,100
R,4,2021,90,520026,187708,332318,164447,285107,11582,26461,1245,2225,8091,14205,176,299,2167,4021,166399,288580,12178,27650,2547,4799,8607,15008,353,647,172949,304840,151262,260553,11072,25439,658,1185,7976,14016,149,250,1832,3397,152906,263455,11561,26402,1742,3349,8429,14722,302,559,14759,27478,13185,24554,510,1022,587,1040,115,189,27,49,335,624,13493,25125,617,1248,805,1450,178,286,51,88
R,4,2021,91,443775,154693,289082,135535,248172,9453,23228,1055,1779,6794,12304,119,260,1737,3339,137056,251068,9939,24254,2116,3871,7183,12979,291,551,142604,265740,124700,227336,9058,22338,573,948,6705,12127,93,222,1475,2769,125981,229704,9441,23165,1463,2668,7055,12710,246,482,12089,23342,10835,20836,395,890,482,831,89,177,26,38,262,570,11075,21364,498,1089,653,1203,128,269,45,69
R,4,2021,92,360903,121184,239719,106307,206679,7489,18848,781,1391,5134,9891,96,209,1377,2701,107524,208999,7903,19696,1626,3047,5448,10459,215,466,111699,221057,97816,190000,7163,18086,403,748,5063,9755,80,180,1174,2288,98854,191940,7509,18793,1107,2124,5348,10262,185,402,9485,18662,8491,16679,326,762,378,643,71,136,16,29,203,413,8670,17059,394,903,519,923,100,197,30,64
R,4,2021,93,302012,97205,204807,85338,176822,5878,15891,628,1278,4113,8425,99,166,1149,2225,86335,178724,6218,16583,1291,2669,4385,8880,209,370,89805,189468,78727,163118,5626,15276,328,698,4074,8324,86,140,964,1912,79564,164739,5891,15850,870,1907,4324,8723,176,324,7400,15339,6611,13704,252,615,300,580,39,101,13,26,185,313,6771,13985,327,733,421,762,61,157,33,46
R,4,2021,94,239808,73952,165856,64670,143160,4692,12888,441,946,3212,6962,46,151,891,1749,65456,144661,4948,13444,975,2007,3415,7312,127,334,68278,153510,59578,132115,4514,12375,222,533,3170,6868,37,128,757,1491,60246,133388,4721,12843,677,1416,3351,7184,104,292,5674,12346,5092,11045,178,513,219,413,42,94,9,23,134,258,5210,11273,227,601,298,591,64,128,23,42
R,4,2021,95,185883,55064,130819,47945,112517,3558,10441,341,784,2552,5496,61,109,607,1472,48450,113743,3721,10956,686,1658,2731,5815,140,270,50831,121155,44130,103907,3417,10060,190,436,2520,5412,50,88,524,1252,44564,104944,3552,10463,479,1178,2683,5686,122,222,4233,9664,3815,8610,141,381,151,348,32,84,11,21,83,220,3886,8799,169,493,207,480,48,129,18,48
R,4,2021,96,141504,39591,101913,34240,87846,2651,8074,260,607,1961,4186,32,91,447,1109,34626,88750,2776,8474,539,1268,2060,4421,82,209,36570,94566,31569,81320,2533,7751,143,360,1929,4131,25,79,371,925,31892,82068,2641,8079,365,899,2014,4334,64,177,3021,7347,2671,6526,118,323,117,247,32,55,7,12,76,184,2734,6682,135,395,174,369,46,87,18,32
R,4,2021,97,103764,27886,75878,23980,65027,1912,6277,201,436,1444,3263,25,82,324,793,24257,65671,2000,6540,371,894,1551,3445,61,184,25554,70500,21886,60226,1837,6041,109,241,1428,3230,20,74,274,688,22117,60778,1911,6267,246,632,1526,3394,49,161,2332,5378,2094,4801,75,236,92,195,16,33,5,8,50,105,2140,4893,89,273,125,262,25,51,12,23
R,4,2021,98,73128,19029,54099,16100,45967,1438,4736,143,305,1084,2432,27,59,237,600,16295,46458,1528,4946,266,653,1143,2575,73,126,17380,50306,14646,42620,1380,4551,77,174,1066,2404,22,54,189,503,14803,43027,1450,4724,174,465,1114,2524,56,105,1649,3793,1454,3347,58,185,66,131,18,28,5,5,48,97,1492,3431,78,222,92,188,29,51,17,21
R,4,2021,99,50911,12259,38652,10299,32720,893,3530,108,242,744,1716,33,55,182,389,10442,33047,971,3658,195,456,803,1815,67,112,11137,35825,9341,30223,852,3407,50,140,734,1692,19,41,141,322,9451,30491,904,3510,121,320,782,1771,47,84,1122,2827,958,2497,41,123,58,102,10,24,14,14,41,67,991,2556,67,148,74,136,21,44,20,28
R,4,2021,100,84180,18688,65492,14918,53824,1822,6848,235,465,1264,3407,58,75,391,873,15228,54495,2011,7242,425,917,1386,3636,125,214,16846,60660,13382,49709,1743,6552,135,292,1228,3346,41,57,317,704,13644,50248,1899,6864,280,649,1319,3524,90,159,1842,4832,1536,4115,79,296,100,173,36,61,17,18,74,169,1584,4247,112,378,145,268,67,112,35,55
R,5,2021,999,331927776,162903768,169024008,120742924,123593134,21219865,23243356,3233373,3161370,9971098,10940186,437211,436686,7299297,7649276,127440135,130599356,23983007,26188268,6359822,6538502,12212367,13198085,924161,923941,131579301,137403617,95760614,98304643,19376270,21349046,1134037,1167167,9558277,10520347,324873,324246,5425230,5738168,100743268,103564891,21383825,23510372,3271032,3532556,11343444,12319379,681213,681561,31324467,31620391,24982310,25288491,1843595,1894310,2099336,1994203,412821,419839,112338,112440,1874067,1911108,26696867,27034465,2599182,2677896,3088790,3005946,868923,878706,242948,242380
R,5,2021,0,3562861,1822213,1740648,1188368,1130958,300403,291558,41022,39358,108387,102186,6285,5856,177748,170732,1354891,1290651,386805,375257,90454,86906,171004,161940,16499,15611,1334364,1270821,837019,792423,259557,251919,12366,11948,99148,93274,4344,4025,121930,117232,951855,902708,318522,309339,40611,38988,145171,137200,10763,10017,487849,469827,351349,338535,40846,39639,28656,27410,9239,8912,1941,1831,55818,53500,403036,387943,68283,65918,49843,47918,25833,24740,5736,5594
R,5,2021,1,3714418,1897813,1816605,1252850,1194378,297242,289616,43531,41565,114443,108512,6818,6407,182929,176127,1424234,1359157,386162,375954,94100,90310,179041,170274,17316,16416,1407620,1345715,896934,852103,258674,252368,14487,13921,105457,99781,4728,4538,127340,123004,1016849,967801,320262,312619,43957,42294,153535,145869,11443,10823,490193,470890,355916,342275,38568,37248,29044,27644,8986,8731,2090,1869,55589,53123,407385,391356,65900,63335,50143,48016,25506,24405,5873,5593
R,5,2021,2,3764924,1922313,1842611,1275822,1218575,300366,292701,44068,42712,114935,109147,6950,6704,180172,172772,1444619,1380199,387304,376477,94277,90824,178454,169992,17552,16674,1432050,1369564,917262,872197,262394,256207,15128,14719,106097,100585,4887,4830,126282,121026,1036137,985929,323231,315074,44460,42796,153739,145887,11681,11216,490263,473047,358560,346378,37972,36494,28940,27993,8838,8562,2063,1874,53890,51746,408482,394270,64073,61403,49817,48028,24715,24105,5871,5458
R,5,2021,3,3841470,1962882,1878588,1303926,1244004,308394,299830,45842,44106,118413,112684,7265,6570,179042,171394,1471547,1404171,394225,382645,96449,92423,181539,172897,17960,16533,1463877,1396983,937369,890147,270454,262999,15533,14897,109534,104101,5179,4652,125808,120187,1055685,1003067,330749,321207,45247,42966,156894,149140,12099,10969,499005,481605,366557,353857,37940,36831,30309,29209,8879,8583,2086,1918,53234,51207,415862,401104,63476,61438,51202,49457,24645,23757,5861,5564
R,5,2021,4,3912003,1999403,1912600,1333392,1270593,308850,300393,47708,46114,123477,117213,7334,6918,178642,171369,1500200,1430593,393303,382673,99121,95749,186515,176836,18153,17122,1488873,1419837,956688,907246,270413,263343,16193,15633,114420,108599,5234,4911,125925,120105,1074864,1019988,329872,321255,46423,44660,161962,153071,12245,11430,510530,492763,376704,363347,38437,37050,31515,30481,9057,8614,2100,2007,52717,51264,425336,410605,63431,61418,52698,51089,24553,23765,5908,5692
R,5,2021,5,3986865,2037252,1949613,1369878,1304691,310072,302371,48967,47531,122427,117021,7276,6939,178632,171060,1536846,1464375,393789,383639,101546,97766,185039,176453,18138,17242,1514394,1447370,981915,931492,271734,265620,16461,16159,113394,108380,5198,4947,125692,120772,1099996,1044806,330834,323385,47426,45841,160316,152980,12171,11590,522858,502243,387963,373199,38338,36751,32506,31372,9033,8641,2078,1992,52940,50288,436850,419569,62955,60254,54120,51925,24723,23473,5967,5652
R,5,2021,6,4010998,2049300,1961698,1376854,1313170,313606,304553,49780,48029,125574,118855,7202,7028,176284,170063,1541579,1471856,395985,385308,102453,98805,186904,177248,17700,17065,1528169,1459076,988654,939252,275473,267672,16953,16236,116738,110468,5189,4981,125162,120467,1106184,1052219,334167,325294,48391,46280,163055,154502,12058,11496,521131,502622,388200,373918,38133,36881,32827,31793,8836,8387,2013,2047,51122,49596,435395,419637,61818,60014,54062,52525,23849,22746,5642,5569
R,5,2021,7,3986675,2038017,1948658,1375009,1309232,310749,302064,49656,47658,123014,117102,7300,6941,172289,165661,1536047,1463822,390623,380233,102030,98020,182646,173603,17719,16877,1521114,1450008,988658,937105,273349,265502,16820,16176,114264,108802,5190,4883,122833,117540,1104004,1047366,330542,321558,48275,46173,159516,151351,12036,11385,516903,498650,386351,372127,37400,36562,32836,31482,8750,8300,2110,2058,49456,48121,432043,416456,60081,58675,53755,51847,23130,22252,5683,5492
R,5,2021,8,4013958,2050453,1963505,1382512,1318569,311601,303359,50213,48540,128820,122032,7484,7002,169823,164003,1540887,1471346,389777,379595,102750,99539,187635,178129,17816,16850,1529950,1461711,991863,942501,274221,267222,17109,16327,120317,113745,5300,4957,121140,116959,1105483,1051984,330192,322027,48665,46892,165016,156348,12107,11445,520503,501794,390649,376068,37380,36137,33104,32213,8503,8287,2184,2045,48683,47044,435404,419362,59585,57568,54085,52647,22619,21781,5709,5405
R,5,2021,9,4029112,2060993,1968119,1396464,1328433,314044,304063,51350,48814,124468,118430,7261,6905,167406,161474,1552544,1478894,390660,378430,104236,99750,181733,173306,17530,16717,1534703,1463054,1000323,947918,276476,268141,17101,16440,115902,110306,5130,4840,119771,115409,1112550,1055914,331725,321829,49081,47208,159504,152076,11926,11374,526290,505065,396141,380515,37568,35922,34249,32374,8566,8124,2131,2065,47635,46065,439994,422980,58935,56601,55155,52542,22229,21230,5604,5343
R,5,2021,10,4090591,2092744,1997847,1421761,1351536,320739,310218,51921,50452,123346,117242,7337,7088,167640,161311,1578020,1501672,396658,384147,106072,102677,180259,171567,17536,16892,1553241,1478655,1013439,959416,282844,273527,17178,16659,114691,108977,5210,5001,119879,115075,1125730,1066953,337622,326859,49962,48233,157968,150193,12040,11426,539503,519192,408322,392120,37895,36691,34743,33793,8655,8265,2127,2087,47761,46236,452290,434719,59036,57288,56110,54444,22291,21374,5496,5466
R,5,2021,11,4189305,2142839,2046466,1461257,1390169,328119,317097,51991,49815,123751,118395,7258,6881,170463,164109,1620205,1543052,405663,392967,107066,102791,181039,172762,17584,16836,1583664,1510345,1031027,977438,290755,280942,17389,17029,115470,110512,5044,4782,123979,119642,1147139,1089371,347676,336764,51467,50105,159812,152543,12060,11527,559175,536121,430230,412731,37364,36155,34602,32786,8281,7883,2214,2099,46484,44467,473066,453681,57987,56203,55599,52686,21227,20219,5524,5309
R,5,2021,12,4276419,2187561,2088858,1497778,1423384,334896,323508,52899,51218,124534,119160,7223,6977,170231,164611,1656110,1576694,412038,399172,108887,105253,181131,172938,17777,17006,1613925,1538595,1053519,997452,297121,287301,17964,17504,116173,111242,4958,4775,124190,120321,1169513,1109949,354249,343488,52866,51403,160068,152882,12106,11650,573636,550263,444259,425932,37775,36207,34935,33714,8361,7918,2265,2202,46041,44290,486597,466745,57789,55684,56021,53850,21063,20056,5671,5356
R,5,2021,13,4390345,2244245,2146100,1539918,1465681,341778,330191,54858,52848,128817,123448,7318,6955,171556,166977,1699434,1620775,418933,406418,112476,109131,185443,177882,18036,17120,1655692,1579372,1081807,1025880,303803,293615,18700,17785,120357,115293,5006,4793,126019,122006,1199416,1139752,361176,350238,55053,53108,164635,157328,12354,11697,588553,566728,458111,439801,37975,36576,36158,35063,8460,8155,2312,2162,45537,44971,500018,481023,57757,56180,57423,56023,20808,20554,5682,5423
R,5,2021,14,4384941,2244168,2140773,1548884,1470338,339859,326365,55895,53173,125215,120624,7299,7003,167016,163270,1704036,1621903,414073,399857,113198,109155,180128,173581,17706,17047,1655281,1576552,1090512,1030841,302176,290424,18502,17885,116788,112711,4937,4767,122366,119924,1204678,1142713,357164,345294,54584,53300,159626,153893,12085,11602,588887,564221,458372,439497,37683,35941,37393,35288,8427,7913,2362,2236,44650,43346,499358,479190,56909,54563,58614,55855,20502,19688,5621,5445
R,5,2021,15,4310586,2207027,2103559,1534423,1451900,328103,317170,54403,52452,122812,119514,7145,6832,160141,155691,1683170,1596431,397981,386013,110749,106777,175154,170199,16943,16375,1633002,1553953,1085269,1022312,292300,282769,18059,17510,114713,112022,4925,4666,117736,114674,1195129,1129231,344250,334367,53944,52122,155733,151549,11676,11268,574025,549606,449154,429588,35803,34401,36344,34942,8099,7492,2220,2166,42405,41017,488041,467200,53731,51646,56805,54655,19421,18650,5267,5107
R,5,2021,16,4308342,2207575,2100767,1539926,1455072,325948,312074,54215,52303,124968,123285,7118,6754,155400,151279,1684079,1595264,392337,378211,109965,106445,176273,172292,16753,16064,1637658,1557363,1092263,1029216,290781,278599,18207,17261,117066,115945,4924,4677,114417,111665,1198796,1133059,340098,328053,53914,51955,157378,154545,11605,11153,569917,543404,447663,425856,35167,33475,36008,35042,7902,7340,2194,2077,40983,39614,485283,462205,52239,50158,56051,54490,18895,17747,5148,4911
R,5,2021,17,4337442,2223622,2113820,1557896,1470308,325577,312555,54293,51495,126230,124714,7248,6777,152378,147971,1699154,1607699,389800,376056,110213,105598,175936,172369,16784,15789,1658367,1575454,1112955,1047078,291276,279716,18123,17189,118477,117487,4987,4686,112549,109298,1217737,1148909,339196,327207,54190,52082,157662,154999,11589,10980,565255,538366,444941,423230,34301,32839,36170,34306,7753,7227,2261,2091,39829,38673,481417,458790,50604,48849,56023,53516,18274,17370,5195,4809
R,5,2021,18,4298400,2202803,2095597,1543155,1458111,325133,312519,54495,50613,127184,125755,7155,6639,145681,141960,1678170,1589431,385820,372645,109035,103476,174553,171642,16218,15343,1643668,1564194,1102708,1039477,290826,279930,17838,16715,119727,118454,5013,4612,107556,105006,1202676,1136981,336184,325192,53073,50891,156989,154517,11348,10737,559135,531403,440447,418634,34307,32589,36657,33898,7457,7301,2142,2027,38125,36954,475494,452450,49636,47453,55962,52585,17564,17125,4870,4606
R,5,2021,19,4421442,2246145,2175297,1570449,1509394,340054,335937,54085,50480,134953,134986,7204,7135,139400,137365,1699099,1635906,397807,394429,106660,101288,180262,179489,16284,16060,1683680,1638667,1125731,1084949,305031,302053,17604,17148,127468,127661,5036,5055,102810,101801,1220870,1178990,348141,346010,51420,50061,163196,162810,11472,11412,562465,536630,444718,424445,35023,33884,36481,33332,7485,7325,2168,2080,36590,35564,478229,456916,49666,48419,55240,51227,17066,16679,4812,4648
R,5,2021,20,4706445,2380704,2325741,1662817,1616530,363544,360382,55243,51036,154699,154839,8031,7912,136370,135042,1787928,1740449,420000,418041,105804,99721,199839,199460,17532,17123,1806135,1776667,1208093,1179900,326491,325425,18200,17870,146938,147185,5802,5710,100611,100577,1300635,1272376,368452,368836,50824,49415,182620,182861,12558,12386,574569,549074,454724,436630,37053,34957,37043,33166,7761,7654,2229,2202,35759,34465,487293,468073,51548,49205,54980,50306,17219,16599,4974,4737
R,5,2021,21,4657482,2361860,2295622,1661809,1602317,354869,354370,54158,49206,153236,152231,8161,7691,129627,129807,1780687,1721508,408000,409661,103178,96326,195752,194966,16932,16250,1799600,1762819,1214523,1178127,319386,320303,17977,17057,145721,144762,5982,5502,96011,97068,1302796,1267500,359050,362217,49563,47638,179678,178983,12298,11582,562260,532803,447286,424190,35483,34067,36181,32149,7515,7469,2179,2189,33616,32739,477891,454008,48950,47444,53615,48688,16074,15983,4634,4668
R,5,2021,22,4533341,2301292,2232049,1626744,1564017,339173,339230,52122,47641,151292,149139,7930,7517,124031,124505,1740405,1678350,389282,391810,99543,93655,191901,189646,16574,15827,1758690,1716707,1194622,1153418,305171,306439,17129,16334,143926,141708,5760,5488,92082,93320,1279193,1239354,342748,346234,47934,46575,176329,174175,11996,11447,542602,515342,432122,410599,34002,32791,34993,31307,7366,7431,2170,2029,31949,31185,461212,438996,46534,45576,51609,47080,15572,15471,4578,4380
R,5,2021,23,4382884,2227786,2155098,1571367,1506230,325792,324461,50628,46354,155107,151651,7642,7287,117250,119115,1678865,1615469,372752,374321,95919,90878,193291,190253,15664,14996,1704942,1660115,1154663,1111290,293275,293602,16156,15492,147988,144562,5603,5298,87257,89871,1234746,1193935,328502,331690,45590,44682,178729,175940,11460,10951,522844,494983,416704,394940,32517,30859,34472,30862,7119,7089,2039,1989,29993,29244,444119,421534,44250,42631,50329,46196,14562,14313,4204,4045
R,5,2021,24,4291045,2181921,2109124,1540168,1473260,314239,314002,49992,45498,157486,153845,7373,6918,112663,115601,1643141,1579317,358623,361523,94384,89743,194196,191018,15130,14439,1667265,1622955,1130295,1085876,282217,283756,15519,14839,150611,147006,5358,5075,83265,86403,1206654,1165300,315099,319801,44026,43553,180134,177023,10994,10504,514656,486169,409873,387384,32022,30246,34473,30659,6875,6839,2015,1843,29398,29198,436487,414017,43524,41722,50358,46190,14062,13995,4136,3935
R,5,2021,25,4302418,2184545,2117873,1544881,1481255,311248,314075,50497,45734,160237,156654,7443,7015,110239,113140,1645700,1584815,354188,359982,94410,90099,195879,192755,15257,14557,1672811,1632509,1137831,1094856,279488,283714,15458,14581,153190,149577,5430,5201,81414,84580,1212497,1172505,311175,318321,43752,43481,181928,178830,11123,10729,511734,485364,407050,386399,31760,30361,35039,31153,7047,7077,2013,1814,28825,28560,433203,412310,43013,41661,50658,46618,13951,13925,4134,3828
R,5,2021,26,4332350,2193162,2139188,1551706,1493090,315150,323645,50688,45893,160333,157494,7583,7121,107702,111945,1649832,1595278,356640,368796,94637,90242,194982,193094,15275,14779,1684871,1652683,1147657,1105611,283492,292479,15503,14775,153289,150707,5629,5247,79301,83864,1219964,1182292,314059,326417,43767,43957,181265,179715,11279,10896,508291,486505,404049,387479,31658,31166,35185,31118,7044,6787,1954,1874,28401,28081,429868,412986,42581,42379,50870,46285,13717,13379,3996,3883
R,5,2021,27,4370442,2205385,2165057,1560879,1506710,319118,333143,50543,46514,161705,160300,7407,7143,105733,111247,1656995,1608279,359020,377471,94205,91878,195904,195258,15280,14751,1702145,1678475,1160118,1119732,288024,301902,15740,15157,154859,153447,5439,5233,77965,83004,1231056,1195705,317338,335018,43748,45004,182739,181808,11241,10826,503240,486582,400761,386978,31094,31241,34803,31357,6846,6853,1968,1910,27768,28243,425939,412574,41682,42453,50457,46874,13165,13450,4039,3925
R,5,2021,28,4443067,2235738,2207329,1583333,1533448,324640,341488,51512,47659,165033,166977,7499,7230,103721,110527,1677495,1634195,363450,384660,95179,94025,198261,201423,15191,14734,1732982,1718506,1182956,1145022,293382,309991,16137,15615,158306,160077,5597,5251,76604,82550,1252578,1220394,321834,341951,44480,46450,185317,188229,11288,10800,502756,488823,400377,388426,31258,31497,35375,32044,6727,6900,1902,1979,27117,27977,424917,413801,41616,42709,50699,47575,12944,13194,3903,3934
R,5,2021,29,4517704,2266494,2251210,1613860,1568865,324756,345753,51892,48039,166007,171666,7348,7055,102631,109832,1707227,1668941,361745,387588,96444,95405,198643,205695,14988,14525,1764710,1763125,1213821,1180911,293769,313763,16625,16250,159325,164943,5481,5280,75689,81978,1282745,1255769,320617,344606,45639,47830,185974,192693,11214,10827,501784,488085,400039,387954,30987,31990,35267,31789,6682,6723,1867,1775,26942,27854,424482,413172,41128,42982,50805,47575,12669,13002,3774,3698
R,5,2021,30,4625159,2317025,2308134,1654098,1607270,330295,355535,53055,48914,170523,179331,7635,7329,101419,109755,1745851,1707260,366335,396278,97583,97313,203206,213370,15330,14941,1812530,1817807,1252911,1218518,298660,323288,16973,16514,163643,172284,5695,5441,74648,81762,1320583,1293159,324594,353024,45831,48840,190384,200075,11417,11146,504495,490327,401187,388752,31635,32247,36082,32400,6880,7047,1940,1888,26771,27993,425268,414101,41741,43254,51752,48473,12822,13295,3913,3795
R,5,2021,31,4636154,2318247,2317907,1658915,1615449,329517,355757,52203,48591,171311,183169,7474,7278,98827,107663,1748554,1713273,363729,394841,96167,97246,203104,216373,14968,14708,1823634,1834029,1264904,1231284,298512,323671,16869,16661,164787,176447,5578,5417,72984,80549,1331160,1304565,322997,352049,45685,49584,190905,203741,11213,11088,494613,483878,394011,384165,31005,32086,35334,31930,6524,6722,1896,1861,25843,27114,417394,408708,40732,42792,50482,47662,12199,12632,3755,3620
R,5,2021,32,4515552,2253280,2262272,1618026,1579306,313177,341826,50404,47262,170383,184559,7133,6887,94157,102432,1703349,1672326,345115,378264,92885,94271,200784,216241,14285,13921,1780355,1798439,1241064,1210226,283955,311421,16294,16367,164057,178159,5355,5153,69630,77113,1304149,1280281,306785,337943,44139,48462,189126,204465,10847,10548,472925,463833,376962,369080,29222,30405,34110,30895,6326,6400,1778,1734,24527,25319,399200,392045,38330,40321,48746,45809,11658,11776,3438,3373
R,5,2021,33,4455374,2219968,2235406,1604260,1568961,301834,331515,50431,46620,165335,181579,6977,6883,91131,99848,1686889,1659672,331961,366723,92245,93344,194413,211999,13925,13816,1751603,1776828,1230170,1203824,273590,302005,15984,15651,159158,175310,5235,5181,67466,74857,1291327,1271975,295074,327441,43453,47486,183305,200414,10571,10469,468365,458578,374090,365137,28244,29510,34447,30969,6177,6269,1742,1702,23665,24991,395562,387697,36887,39282,48792,45858,11108,11585,3354,3347
R,5,2021,34,4410867,2196977,2213890,1595490,1560591,295149,324767,49678,46577,161793,178207,7043,6707,87824,97041,1674936,1648759,323770,358425,91064,93258,189726,207386,13827,13243,1735540,1759492,1226285,1198677,267815,295898,15641,15324,155778,172046,5300,5008,64721,72539,1284768,1264612,288085,320029,42734,47224,178935,196218,10528,9981,461437,454398,369205,361914,27334,28869,34037,31253,6015,6161,1743,1699,23103,24502,390168,384147,35685,38396,48330,46034,10791,11168,3299,3262
R,5,2021,35,4456554,2220168,2236386,1616618,1581279,294620,324962,50523,47028,163988,181014,6941,6670,87478,95433,1695869,1667933,322578,357084,92482,93908,191493,209395,13788,13323,1754610,1781440,1244111,1217872,267249,296597,15411,15674,157947,174916,5305,5039,64587,71342,1302651,1282691,286765,319438,43272,47999,180774,198369,10499,10104,465558,454946,372507,363407,27371,28365,35112,31354,6041,6098,1636,1631,22891,24091,393218,385242,35813,37646,49210,45909,10719,11026,3289,3219
R,5,2021,36,4415205,2197907,2217298,1605509,1571271,288358,318472,49559,47065,163762,181541,6790,6602,83929,92347,1681440,1655043,314351,348768,90717,93656,190079,208614,13301,13045,1741713,1767140,1239648,1211295,262439,290918,15065,15556,157751,175637,5129,4968,61681,68766,1295425,1273713,280521,312301,42323,47515,179508,198066,10104,9896,456194,450158,365861,359976,25919,27554,34494,31509,6011,5904,1661,1634,22248,23581,386015,381330,33830,36467,48394,46141,10571,10548,3197,3149
R,5,2021,37,4327070,2150198,2176872,1571322,1541454,279960,312220,49060,45885,161833,180391,6629,6564,81394,90358,1644650,1623167,304906,341408,89714,92477,187140,206636,13114,13015,1703289,1734453,1212923,1186687,254525,285520,14877,15090,156117,174648,5023,4887,59824,67621,1266719,1247823,271918,306184,41860,47451,177009,196336,10017,9861,446909,442419,358399,354767,25435,26700,34183,30795,5716,5743,1606,1677,21570,22737,377931,375344,32988,35224,47854,45026,10131,10300,3097,3154
R,5,2021,38,4385218,2173256,2211962,1591125,1569504,283527,316099,49790,47520,160521,181564,6369,6496,81924,90779,1665177,1651502,308445,345055,91529,95359,185135,207404,12781,12905,1722641,1759896,1228931,1206718,258215,289136,15251,15525,155010,175835,4761,4873,60473,67809,1283529,1267948,275654,309595,43273,48877,175389,197116,9672,9786,450615,452066,362194,362786,25312,26963,34539,31995,5511,5729,1608,1623,21451,22970,381648,383554,32791,35460,48256,46482,9746,10288,3109,3119
R,5,2021,39,4332399,2143169,2189230,1574253,1555911,278873,312498,48867,46771,156133,178816,6298,6403,78745,88831,1645199,1636085,302734,340962,89459,94105,179605,203685,12489,12651,1698788,1741785,1216814,1196729,253973,285876,14667,14850,150580,173172,4723,4716,58031,66442,1268959,1256764,270736,305978,41947,47886,169968,193694,9526,9508,444381,447445,357439,359182,24900,26622,34200,31921,5553,5644,1575,1687,20714,22389,376240,379321,31998,34984,47512,46219,9637,9991,2963,3143
R,5,2021,40,4334864,2145839,2189025,1578098,1557918,282654,316295,49481,47097,150843,174143,6328,6205,78435,87367,1648781,1636891,306235,344175,90573,94270,173731,198064,12394,12207,1699317,1740810,1218434,1197145,258190,290056,14959,15096,145334,168514,4654,4643,57746,65356,1270359,1256227,274701,309885,42593,48139,164224,188245,9316,9186,446522,448215,359664,360773,24464,26239,34522,32001,5509,5629,1674,1562,20689,22011,378422,380664,31534,34290,47980,46131,9507,9819,3078,3021
R,5,2021,41,4287776,2121544,2166232,1559220,1539248,282840,315931,48505,46774,148576,172271,6293,6351,76110,85657,1627746,1616415,305633,343191,88978,93399,170336,195540,12132,12381,1680148,1722300,1202493,1181757,259001,290100,14585,15037,143203,166821,4734,4671,56132,63914,1252908,1239313,274858,309308,41975,47737,161255,185983,9311,9285,441396,443932,356727,357491,23839,25831,33920,31737,5373,5450,1559,1680,19978,21743,374838,377102,30775,33883,47003,45662,9081,9557,2821,3096
R,5,2021,42,4088259,2018676,2069583,1485458,1472851,267464,300024,46416,44442,141776,165805,5888,5713,71674,80748,1549955,1545581,288586,325536,85145,88673,162065,187580,11283,11255,1601884,1646399,1148653,1131160,245134,275810,13840,14026,136779,160517,4402,4221,53076,60665,1196387,1185802,259924,293794,40260,45378,153574,178547,8564,8466,416792,423184,336805,341691,22330,24214,32576,30416,4997,5288,1486,1492,18598,20083,353568,359779,28662,31742,44885,43295,8491,9033,2719,2789
R,5,2021,43,4020287,1981392,2038895,1465835,1460120,257568,290059,45312,44144,137550,160420,5538,5653,69589,78499,1528634,1530865,277825,314253,83235,87736,157275,181651,10589,10979,1570467,1618216,1132091,1119133,236408,266657,13587,14219,132703,155211,4136,4171,51542,58825,1178540,1172124,250453,283771,39486,45053,149142,172666,8010,8314,410925,420679,333744,340987,21160,23402,31725,29925,4847,5209,1402,1482,18047,19674,350094,358741,27372,30482,43749,42683,8133,8985,2579,2665
R,5,2021,44,3941752,1941495,2000257,1435488,1430969,251000,284354,44555,43063,137572,160710,5450,5519,67430,75642,1496179,1499116,270414,307533,81858,85757,156339,180912,10498,10595,1538407,1584612,1107104,1092594,230619,261754,13642,13897,132838,155646,4051,4075,50153,56646,1152124,1143556,244095,278046,39358,44034,148536,172389,7958,7988,403088,415645,328384,338375,20381,22600,30913,29166,4734,5064,1399,1444,17277,18996,344055,355560,26319,29487,42500,41723,7803,8523,2540,2607
R,5,2021,45,3862429,1902505,1959924,1404902,1402707,245009,276511,43582,41940,138641,160946,5193,5320,65178,72500,1463554,1467849,263273,298457,80200,83101,156492,180115,9975,10171,1507623,1552966,1082579,1069711,225411,255139,13173,13506,134055,155979,3933,3937,48472,54694,1126122,1118808,238125,270762,38526,42828,148957,171935,7662,7711,394882,406958,322323,332996,19598,21372,30409,28434,4586,4967,1260,1383,16706,17806,337432,349041,25148,27695,41674,40273,7535,8180,2313,2460
R,5,2021,46,3892736,1919614,1973122,1422649,1418913,244806,274452,42715,41717,140873,162116,5083,5106,63488,70818,1479727,1482660,262588,295320,78703,82395,158050,180904,9624,9631,1530341,1571345,1103776,1089302,225819,253654,13206,13622,136365,157348,3838,3817,47337,53602,1146248,1137441,238341,268535,38260,42750,150631,173059,7332,7307,389273,401777,318873,329611,18987,20798,29509,28095,4508,4768,1245,1289,16151,17216,333479,345219,24247,26785,40443,39645,7419,7845,2292,2324
R,5,2021,47,3805467,1873188,1932279,1387472,1387973,239344,269669,41133,40108,139215,160630,4872,5102,61152,68797,1442444,1449834,256124,289773,76117,79803,155808,178866,9240,9565,1499565,1543523,1080455,1068029,221505,249922,12858,13483,134937,156055,3727,3749,46083,52285,1121717,1114965,233366,264252,37637,42166,148869,171301,7109,7220,373623,388756,307017,319944,17839,19747,28275,26625,4278,4575,1145,1353,15069,16512,320727,334869,22758,25521,38480,37637,6939,7565,2131,2345
R,5,2021,48,3902964,1915703,1987261,1418897,1427534,248471,280571,41202,40308,140868,164399,4859,5038,61406,69411,1474106,1489851,265049,300818,76626,80688,157357,182319,9174,9591,1544390,1599068,1113414,1107409,230797,260932,13388,13821,136610,159823,3702,3774,46479,53309,1155014,1155179,242559,275577,38644,43428,150456,174885,7150,7334,371313,388193,305483,320125,17674,19639,27814,26487,4258,4576,1157,1264,14927,16102,319092,334672,22490,25241,37982,37260,6901,7434,2024,2257
R,5,2021,49,4070628,1999130,2071498,1498494,1506902,253399,286896,40492,39805,139643,162332,4804,4931,62298,70632,1554542,1570550,269972,306839,77220,81844,155728,180021,9177,9454,1633081,1688216,1195931,1190115,236219,267763,13750,14054,135450,157788,3626,3717,48105,54779,1239112,1239339,248268,282334,40645,45388,149128,172747,7101,7288,366049,383282,302563,316787,17180,19133,26742,25751,4193,4544,1178,1214,14193,15853,315430,331211,21704,24505,36575,36456,6600,7274,2076,2166
R,5,2021,50,4326468,2128082,2198386,1610844,1616406,267902,302719,41087,40404,138215,160842,5027,5049,65007,72966,1669415,1682096,284935,323176,80120,84648,154469,178396,9560,9725,1757452,1814208,1304433,1298369,250339,283389,14216,14936,134007,156398,3821,3868,50636,57248,1350007,1349749,262735,298513,43273,48640,147834,171204,7448,7630,370630,384178,306411,318037,17563,19330,26871,25468,4208,4444,1206,1181,14371,15718,319408,332347,22200,24663,36847,36008,6635,7192,2112,2095
R,5,2021,51,4240682,2086371,2154311,1587167,1594415,258237,289618,39882,38945,134415,156352,4811,4970,61859,70011,1642873,1657443,274311,308939,77318,81843,149570,172996,9295,9595,1725507,1782931,1288096,1286484,241361,271237,13601,14436,130445,152037,3669,3828,48335,54909,1331503,1335794,253161,285595,41696,47023,143370,166058,7299,7564,360864,371380,299071,307931,16876,18381,26281,24509,3970,4315,1142,1142,13524,15102,311370,321649,21150,23344,35622,34820,6200,6938,1996,2031
R,5,2021,52,4095124,2009539,2085585,1533455,1548534,246027,277613,38100,37420,129616,151529,4448,4822,57893,65667,1585746,1607627,260748,295555,73629,78364,143576,166598,8483,9043,1668148,1733261,1249801,1255968,230346,260383,13431,14198,125924,147528,3416,3663,45230,51521,1290572,1302245,241102,273502,40222,45589,137740,160206,6665,7033,341391,352324,283654,292566,15681,17230,24669,23222,3692,4001,1032,1159,12663,14146,295174,305382,19646,22053,33407,32775,5836,6392,1818,2010
R,5,2021,53,3998277,1958874,2039403,1498082,1515970,244362,278003,36858,36158,120457,141989,4418,4640,54697,62643,1547379,1572306,258302,295315,70867,75395,133185,155998,8198,8754,1627782,1696575,1222649,1230572,229064,261179,13189,13964,116832,138063,3428,3590,42620,49207,1260915,1274748,239162,273924,38925,44089,127554,149770,6497,6916,331092,342828,275433,285398,15298,16824,23669,22194,3625,3926,990,1050,12077,13436,286464,297558,19140,21391,31942,31306,5631,6228,1701,1838
R,5,2021,54,4028675,1970039,2058636,1517725,1544131,244770,280216,35829,35472,113883,132473,4532,4493,53300,61851,1565746,1599842,258230,297066,69456,74845,125934,145669,8247,8464,1648368,1725909,1248934,1266571,230297,263780,13350,14223,110556,128828,3482,3444,41749,49063,1286472,1310680,240137,276365,38863,44882,120741,139916,6526,6636,321671,332727,268791,277560,14473,16436,22479,21249,3327,3645,1050,1049,11551,12788,279274,289162,18093,20701,30593,29963,5193,5753,1721,1828
R,5,2021,55,4130418,2017662,2112756,1552138,1582522,255076,292267,35945,36056,116043,134898,4435,4640,54025,62373,1600520,1638424,268869,309341,70344,75945,127974,148257,8309,8688,1697115,1780879,1284154,1305503,240274,276032,13867,14827,112742,131297,3438,3592,42640,49628,1322227,1349902,250401,288714,40395,46086,122831,142522,6590,6859,320547,331877,267984,277019,14802,16235,22078,21229,3301,3601,997,1048,11385,12745,278293,288522,18468,20627,29949,29859,5143,5735,1719,1829
R,5,2021,56,4313090,2100450,2212640,1632266,1676388,259073,298260,35801,35875,114680,133979,4236,4683,54394,63455,1681245,1733463,272334,315261,71001,77194,126422,146945,7962,8706,1787583,1886142,1369665,1402779,245157,282374,14353,15630,111526,130500,3264,3676,43618,51183,1408839,1448732,255089,295276,41994,48542,121552,141448,6335,6991,312867,326498,262601,273609,13916,15886,21448,20245,3154,3479,972,1007,10776,12272,272406,284731,17245,19985,29007,28652,4870,5497,1627,1715
R,5,2021,57,4386046,2131158,2254888,1663972,1718150,257353,296262,34918,35307,116448,137167,4115,4479,54352,63523,1712895,1775258,270543,312752,70619,77101,127809,150154,7823,8504,1831032,1937768,1412080,1452155,243721,280828,14540,15752,113489,133887,3285,3469,43917,51677,1451487,1498537,253692,293433,42909,49414,123191,144940,6349,6786,300126,317120,251892,265995,13632,15434,20378,19555,2959,3280,830,1010,10435,11846,261408,276721,16851,19319,27710,27687,4618,5214,1474,1718
R,5,2021,58,4382509,2126293,2256216,1667268,1728065,252995,293383,33733,34158,115415,133980,4017,4509,52865,62121,1714878,1783924,265471,309487,68602,75395,126574,146348,7563,8348,1839072,1950953,1425405,1471101,240169,278950,14562,15672,112551,130718,3190,3620,43195,50892,1464221,1516762,249700,291408,42625,49129,122144,141312,6167,6798,287221,305263,241863,256964,12826,14433,19171,18486,2864,3262,827,889,9670,11229,250657,267162,15771,18079,25977,26266,4430,5036,1396,1550
R,5,2021,59,4366945,2114654,2252291,1676998,1744637,247057,288395,32099,33158,102967,121345,4066,4307,51467,60449,1723401,1799106,259009,303870,66406,73697,113647,133113,7426,7954,1842258,1962392,1447163,1500221,235079,274926,14229,15571,100296,118373,3261,3424,42230,49877,1485146,1545066,244292,286967,41897,48746,109614,128478,6096,6447,272396,289899,229835,244416,11978,13469,17870,17587,2671,2972,805,883,9237,10572,238255,254040,14717,16903,24509,24951,4033,4635,1330,1507
R,5,2021,60,4403914,2126853,2277061,1690866,1768639,247944,289463,31407,32628,101874,122307,3909,4217,50853,59807,1736730,1822406,259967,304680,65397,72866,112318,133920,7203,7953,1863593,1993915,1468759,1529687,236402,276511,14099,15615,99357,119435,3143,3395,41833,49272,1506385,1573919,245638,288275,41705,48532,108399,129400,5902,6442,263260,283146,222107,238952,11542,12952,17308,17013,2517,2872,766,822,9020,10535,230345,248487,14329,16405,23692,24334,3919,4520,1301,1511
R,5,2021,61,4337683,2089174,2248509,1661778,1746396,243061,286462,30300,31697,101538,122300,3676,4041,48821,57613,1705701,1798119,254379,301312,62946,70371,111703,133497,6869,7478,1837627,1976653,1449434,1517153,231972,273755,13752,15264,99082,119562,2977,3266,40410,47653,1485694,1559809,240777,285389,40349,47042,107985,129160,5647,6124,251547,271856,212344,229243,11089,12707,16548,16433,2456,2738,699,775,8411,9960,220007,238310,13602,15923,22597,23329,3718,4337,1222,1354
R,5,2021,62,4251262,2040233,2211029,1630326,1725029,234152,277983,28313,30184,97443,118986,3515,3796,46484,55051,1672136,1774595,244983,291958,59660,67412,106860,129502,6430,7075,1806680,1955712,1433137,1509180,223745,266406,13165,14832,95156,116424,2852,3117,38625,45753,1467805,1550252,232225,277421,38830,45566,103414,125512,5302,5808,233553,255317,197189,215849,10407,11577,15148,15352,2287,2562,663,679,7859,9298,204331,224343,12758,14537,20830,21846,3446,3990,1128,1267
R,5,2021,63,4229146,2023335,2205811,1624099,1730422,227308,271480,26881,28841,96996,118112,3277,3565,44774,53391,1664397,1778405,237586,285049,57100,65332,106127,128095,6073,6636,1802068,1959838,1436632,1521840,217583,260448,12852,14390,94866,115636,2700,2885,37435,44639,1470210,1561863,225686,271252,37842,44679,102879,124325,5084,5454,221267,245973,187467,208582,9725,11032,14029,14451,2130,2476,577,680,7339,8752,194187,216542,11900,13797,19258,20653,3248,3770,989,1182
R,5,2021,64,4124638,1965866,2158772,1582849,1697310,218231,264775,25686,27439,93327,115318,3210,3452,42563,50478,1621207,1742684,228019,277494,54613,62133,101809,124565,5871,6393,1756488,1922923,1405318,1496899,209134,254128,12371,13801,91349,113066,2658,2818,35658,42211,1437383,1534722,216859,264257,36341,42644,98825,121061,4898,5297,209378,235849,177531,200411,9097,10647,13315,13638,1978,2252,552,634,6905,8267,183824,207962,11160,13237,18272,19489,2984,3504,973,1096
R,5,2021,65,3995806,1898713,2097093,1532988,1651768,207543,254118,24198,26193,91131,113707,2930,3306,39923,48001,1568975,1694877,216736,266251,51191,59076,99052,122701,5489,6134,1700061,1871949,1364398,1460178,198896,243907,11606,13433,89232,111474,2413,2702,33516,40255,1394534,1496231,206152,253511,34010,40875,96214,119312,4585,5098,198652,225144,168590,191590,8647,10211,12592,12760,1899,2233,517,604,6407,7746,174441,198646,10584,12740,17181,18201,2838,3389,904,1036
R,5,2021,66,3903385,1849188,2054197,1499543,1626434,197591,243419,22789,24733,88891,111120,2838,3194,37536,45297,1533253,1666886,206342,255016,48237,55728,96320,119603,5274,5954,1662195,1839753,1340829,1443624,189360,233927,11140,12541,87142,109088,2345,2613,31379,37960,1368944,1477382,196228,243127,32181,38344,93692,116497,4423,4973,186993,214444,158714,182810,8231,9492,11649,12192,1749,2032,493,581,6157,7337,164309,189504,10114,11889,16056,17384,2628,3106,851,981
R,5,2021,67,3728182,1755651,1972531,1435774,1573486,180859,228118,20539,22676,82027,103215,2509,2936,33943,42100,1466302,1611235,188825,238942,43774,51672,88549,110772,4626,5464,1585341,1773259,1290551,1403050,173456,219309,10246,11880,80468,101290,2079,2418,28541,35312,1316152,1434612,179709,227871,29630,36144,86244,107851,3902,4576,170310,199272,145223,170436,7403,8809,10293,10796,1559,1925,430,518,5402,6788,150150,176623,9116,11071,14144,15528,2305,2921,724,888
R,5,2021,68,3596387,1688301,1908086,1388112,1529324,168083,215175,18828,21189,79270,100217,2393,2748,31615,39433,1416515,1564759,175510,225145,40395,48342,85447,107252,4429,5147,1530342,1720839,1252893,1368656,161226,206983,9608,11268,77911,98499,2005,2306,26699,33127,1276796,1398296,167126,214955,27666,33945,83398,104655,3744,4377,157959,187247,135219,160668,6857,8192,9220,9921,1359,1718,388,442,4916,6306,139719,166463,8384,10190,12729,14397,2049,2597,685,770
R,5,2021,69,3441535,1611001,1830534,1333206,1476166,156581,203493,17177,19598,72309,92221,2216,2527,29512,36529,1359789,1508880,163437,212908,37617,45010,77772,98523,4101,4730,1464863,1656431,1207612,1326323,150443,195934,8956,10547,71009,90669,1875,2106,24968,30852,1230003,1353842,155916,203412,26118,32038,75869,96167,3490,4010,146138,174103,125594,149843,6138,7559,8221,9051,1300,1552,341,421,4544,5677,129786,155038,7521,9496,11499,12972,1903,2356,611,720
R,5,2021,70,3275849,1525638,1750211,1260404,1405314,149199,198384,16179,18595,70296,91184,2054,2442,27506,34292,1285073,1436079,155692,207368,35245,42511,75344,96922,3797,4503,1386469,1582395,1140711,1260778,143284,191220,8351,9878,69127,89693,1756,2042,23240,28784,1161447,1286495,148463,198389,24385,29952,73563,94639,3261,3796,139169,167816,119693,144536,5915,7164,7828,8717,1169,1491,298,400,4266,5508,123626,149584,7229,8979,10860,12559,1781,2283,536,707
R,5,2021,71,3156657,1465044,1691613,1213018,1361943,139682,187066,15045,17121,69841,90952,1943,2184,25515,32347,1235989,1390823,145716,195597,32578,39478,74560,96516,3623,4186,1336007,1532980,1101742,1224846,134246,180250,8023,9263,68671,89485,1654,1836,21671,27300,1121187,1249111,139071,187104,22817,28122,72849,94316,3146,3567,129037,158633,111276,137097,5436,6816,7022,7858,1170,1467,289,348,3844,5047,114802,141712,6645,8493,9761,11356,1711,2200,477,619
R,5,2021,72,3049395,1409625,1639770,1177576,1334190,127919,173077,13878,15834,64454,83947,1843,2112,23955,30610,1199090,1361591,133415,181069,30609,37251,68813,88966,3459,4021,1291156,1492305,1074984,1206403,123139,166924,7562,8690,63392,82591,1543,1781,20536,25916,1093362,1229521,127572,173349,21849,26829,67279,86969,2965,3422,118469,147465,102592,127787,4780,6153,6316,7144,1062,1356,300,331,3419,4694,105728,132070,5843,7720,8760,10422,1534,1997,494,599
R,5,2021,73,3020942,1395023,1625919,1180891,1341033,117128,160984,12854,14784,59811,77781,1656,1906,22683,29431,1201392,1367429,122287,168601,28715,35443,63834,82558,3097,3657,1282863,1485697,1083456,1219263,112682,155091,7109,8195,58840,76554,1410,1593,19366,25001,1100908,1241609,116887,161260,20551,25698,62419,80736,2702,3146,112160,140222,97435,121770,4446,5893,5745,6589,971,1227,246,313,3317,4430,100484,125820,5400,7341,8164,9745,1415,1822,395,511
R,5,2021,74,2979844,1372568,1607276,1175974,1344131,106469,147223,12033,14187,54877,71964,1526,1619,21689,28152,1195648,1369588,111231,154296,27412,34129,58554,76400,2906,3326,1269220,1475518,1085934,1229487,102429,141794,6763,7980,54067,70827,1303,1354,18724,24076,1102904,1251186,106289,147521,20027,25084,57328,74693,2532,2846,103348,131758,90040,114644,4040,5429,5270,6207,810,1137,223,265,2965,4076,92744,118402,4942,6775,7385,9045,1226,1707,374,480
R,5,2021,75,2206628,1006499,1200129,849138,986533,84121,119734,9315,11526,46613,59910,1299,1566,16013,20860,863554,1005183,87908,125291,20242,25702,49566,63548,2479,2993,918375,1084815,772272,886133,80637,114862,4991,6107,45847,58886,1092,1312,13536,17515,784431,901710,83618,119307,14192,18000,48428,62055,2129,2561,88124,115314,76866,100400,3484,4872,4324,5419,766,1024,207,254,2477,3345,79123,103473,4290,5984,6050,7702,1138,1493,350,432
R,5,2021,76,2132300,964342,1167958,817939,965037,78312,114621,8581,10725,43352,56477,1159,1402,14999,19696,831451,982580,81845,119989,18799,24173,46149,59756,2280,2769,884445,1061715,748093,872050,75212,110355,4639,5869,42717,55585,995,1158,12789,16698,759567,886867,78045,114699,13303,17257,45194,58462,1993,2350,79897,106243,69846,92987,3100,4266,3942,4856,635,892,164,244,2210,2998,71884,95713,3800,5290,5496,6916,955,1294,287,419
R,5,2021,77,2070047,930188,1139859,795699,952804,71953,106103,8060,9911,39669,50999,1003,1273,13804,18769,808124,969531,75317,111205,17636,22882,42038,54003,1992,2589,856879,1040235,731503,865410,69150,102168,4484,5466,39102,50170,853,1070,11787,15951,742082,879565,71851,106330,12668,16500,41200,52777,1704,2225,73309,99624,64196,87394,2803,3935,3576,4445,567,829,150,203,2017,2818,66042,89966,3466,4875,4968,6382,838,1226,288,364
R,5,2021,78,2042528,910522,1132006,785185,954300,67401,102454,7130,9204,37002,47264,895,1147,12909,17637,796808,970094,70449,107250,16007,21471,39306,50027,1841,2307,843312,1037812,726188,871902,64754,98506,4016,5013,36446,46512,774,942,11134,14937,736200,885212,67234,102348,11670,15474,38485,48884,1606,1967,67210,94194,58997,82398,2647,3948,3114,4191,556,752,121,205,1775,2700,60608,84882,3215,4902,4337,5997,821,1143,235,340
R,5,2021,79,1739187,766981,972206,657343,814096,57939,89660,6233,8141,33715,44087,817,1071,10934,15151,667189,827666,60545,93718,13768,18635,35681,46591,1581,2034,707522,889301,605011,741191,55648,86523,3552,4449,33276,43410,692,888,9343,12840,613406,752626,57757,89803,9969,13344,35015,45586,1351,1742,59459,82905,52332,72905,2291,3137,2681,3692,439,677,125,183,1591,2311,53783,75040,2788,3915,3799,5291,666,1005,230,292
R,5,2021,80,1553755,676400,877355,578076,732404,51375,82637,5574,7382,30974,40480,759,916,9642,13536,586752,744435,53754,86445,12148,16592,32759,42756,1420,1839,622172,799508,530306,663799,49295,79601,3187,4092,30561,39864,650,756,8173,11396,537642,673890,51176,82641,8744,11857,32135,41837,1211,1556,54228,77847,47770,68605,2080,3036,2387,3290,413,616,109,160,1469,2140,49110,70545,2578,3804,3404,4735,624,919,209,283
R,5,2021,81,1410261,605575,804686,516351,671205,46263,76199,4995,6738,28814,37423,625,879,8527,12242,523989,682045,48342,79697,10741,14963,30434,39496,1235,1756,555842,731818,472574,606919,44328,73307,2767,3719,28419,36833,494,722,7260,10318,479055,615983,45995,76111,7622,10677,29873,38635,1045,1486,49733,72868,43777,64286,1935,2892,2228,3019,395,590,131,157,1267,1924,44934,66062,2347,3586,3119,4286,561,861,190,270
R,5,2021,82,1305179,556093,749086,477325,629521,40645,68015,4415,6300,25655,33482,524,773,7529,10995,484097,639324,42505,71093,9432,13752,27135,35269,1058,1515,511341,682554,437780,570780,38941,65379,2418,3516,25312,32970,426,641,6464,9268,443575,578989,40429,67853,6715,9812,26635,34527,910,1303,44752,66532,39545,58741,1704,2636,1997,2784,343,512,98,132,1065,1727,40522,60335,2076,3240,2717,3940,500,742,148,212
R,5,2021,83,1191556,500228,691328,429880,581572,36171,62676,3813,5545,23072,31125,506,672,6786,9738,435982,590222,37886,65488,8354,11964,24359,32838,978,1343,460535,630868,394604,528075,34704,60251,2194,3067,22762,30668,427,564,5844,8243,399857,535341,36092,62558,6106,8503,23907,32166,831,1155,39693,60460,35276,53497,1467,2425,1619,2478,310,457,79,108,942,1495,36125,54881,1794,2930,2248,3461,452,672,147,188
R,5,2021,84,1052890,434690,618200,373603,520851,30985,55523,3272,4923,20540,27652,413,630,5877,8621,378889,528420,32504,58036,7114,10558,21695,29244,862,1272,399561,563203,342368,472141,29686,53383,1833,2659,20277,27240,357,513,5040,7267,346882,478468,30912,55458,5117,7392,21312,28624,759,1074,35129,54997,31235,48710,1299,2140,1439,2264,263,412,56,117,837,1354,32007,49952,1592,2578,1997,3166,383,620,103,198
R,5,2021,85,958822,389477,569345,335660,479781,27855,51505,2892,4429,17616,25303,313,525,5141,7802,340283,486690,29204,53828,6146,9524,18694,26697,717,1078,358403,519486,308056,435555,26722,49623,1599,2425,17386,24891,252,434,4388,6558,311985,441334,27811,51499,4350,6724,18344,26098,619,915,31074,49859,27604,44226,1133,1882,1293,2004,230,412,61,91,753,1244,28298,45356,1393,2329,1796,2800,350,599,98,163
R,5,2021,86,870755,346597,524158,299715,443117,24105,46574,2568,4040,15513,22863,358,495,4338,7069,303603,449340,25259,48595,5307,8610,16395,24202,693,1021,318752,478578,274894,402664,23070,44815,1446,2181,15336,22507,302,414,3704,5997,278192,407906,24006,46444,3762,6072,16137,23692,598,883,27845,45580,24821,40453,1035,1759,1122,1859,177,356,56,81,634,1072,25411,41434,1253,2151,1545,2538,258,510,95,138
R,5,2021,87,731795,286012,445783,247391,376815,19754,39578,2081,3244,12875,19827,281,420,3630,5899,250648,381966,20679,41311,4388,7037,13660,21006,555,882,262925,407248,226833,342537,18936,38038,1133,1795,12702,19528,227,350,3094,5000,229592,346889,19693,39427,3071,5011,13403,20569,463,758,23087,38535,20558,34278,818,1540,948,1449,173,299,54,70,536,899,21056,35077,986,1884,1317,2026,257,437,92,124
R,5,2021,88,665837,254216,411621,220478,349187,17249,35600,1719,3023,11364,18248,219,400,3187,5163,223342,353700,18070,37120,3693,6308,12072,19260,484,829,234607,377051,203007,318410,16538,34261,962,1695,11206,17963,186,336,2708,4386,205430,322228,17204,35493,2624,4482,11840,18853,422,719,19609,34570,17471,30777,711,1339,757,1328,158,285,33,64,479,777,17912,31472,866,1627,1069,1826,232,407,62,110
R,5,2021,89,587814,218980,368834,191572,315784,13695,30076,1441,2563,9393,15510,172,359,2707,4542,193982,319718,14430,31456,3096,5436,9992,16402,401,750,201857,338665,176228,288813,13127,28968,765,1431,9269,15293,146,297,2322,3863,178292,292127,13750,30105,2158,3869,9799,16092,348,645,17123,30169,15344,26971,568,1108,676,1132,124,217,26,62,385,679,15690,27591,680,1351,938,1567,193,310,53,105
R,5,2021,90,518390,187350,331040,164131,283994,11560,26398,1238,2222,8077,14109,175,298,2169,4019,166084,287455,12158,27601,2545,4793,8590,14906,355,649,172575,303655,150922,259531,11052,25372,656,1186,7962,13925,147,250,1836,3391,152570,262419,11540,26346,1747,3345,8412,14628,301,562,14775,27385,13209,24463,508,1026,582,1036,115,184,28,48,333,628,13514,25036,618,1255,798,1448,178,278,54,87
R,5,2021,91,445353,155446,289907,136087,248762,9526,23270,1072,1820,6877,12407,122,263,1762,3385,137632,251701,10014,24297,2143,3951,7279,13091,291,559,143271,266386,125175,227753,9125,22380,577,974,6790,12232,99,225,1505,2822,126484,230170,9518,23203,1476,2740,7157,12826,252,490,12175,23521,10912,21009,401,890,495,846,87,175,23,38,257,563,11148,21531,496,1094,667,1211,122,265,39,69
R,5,2021,92,361733,121791,239942,106783,206733,7512,18904,796,1386,5210,9978,98,211,1392,2730,108010,209081,7929,19765,1659,3070,5523,10537,222,465,112235,221192,98233,189979,7186,18142,414,747,5136,9841,81,182,1185,2301,99279,191931,7528,18863,1135,2134,5420,10340,190,402,9556,18750,8550,16754,326,762,382,639,74,137,17,29,207,429,8731,17150,401,902,524,936,103,197,32,63
R,5,2021,93,302297,97478,204819,85573,176810,5891,15862,636,1282,4130,8462,96,166,1152,2237,86575,178715,6235,16557,1299,2678,4403,8924,204,378,90000,189373,78892,163020,5632,15238,335,694,4091,8360,82,139,968,1922,79731,164643,5904,15812,878,1905,4343,8766,172,327,7478,15446,6681,13790,259,624,301,588,39,102,14,27,184,315,6844,14072,331,745,421,773,60,158,32,51
R,5,2021,94,240933,74402,166531,65078,143730,4682,12944,446,967,3236,6978,47,149,913,1763,65884,145242,4949,13499,988,2036,3443,7339,128,336,68727,154208,59979,132703,4507,12433,232,546,3197,6885,38,127,774,1514,60665,133995,4721,12902,690,1447,3383,7213,102,295,5675,12323,5099,11027,175,511,214,421,39,93,9,22,139,249,5219,11247,228,597,298,589,60,126,26,41
R,5,2021,95,186258,55348,130910,48184,112574,3582,10444,342,785,2560,5513,61,115,619,1479,48704,113811,3749,10955,700,1662,2736,5831,138,276,51066,121172,44329,103886,3438,10066,190,439,2525,5431,51,93,533,1257,44775,104930,3574,10470,490,1181,2685,5705,121,230,4282,9738,3855,8688,144,378,152,346,35,82,10,22,86,222,3929,8881,175,485,210,481,51,126,17,46
R,5,2021,96,142399,39984,102415,34567,88201,2673,8140,267,606,1978,4232,31,90,468,1146,34964,89137,2799,8560,554,1294,2090,4465,89,204,36934,94999,31868,81614,2556,7812,149,360,1947,4172,24,78,390,963,32203,82393,2664,8162,377,925,2043,4375,68,175,3050,7416,2699,6587,117,328,118,246,31,60,7,12,78,183,2761,6744,135,398,177,369,47,90,21,29
R,5,2021,97,104331,28047,76284,24124,65426,1916,6249,203,449,1456,3289,26,80,322,791,24402,66069,2008,6511,373,907,1558,3476,58,181,25710,70893,22030,60619,1837,6013,108,249,1440,3257,22,72,273,683,22264,61168,1915,6235,246,639,1532,3425,48,157,2337,5391,2094,4807,79,236,95,200,16,32,4,8,49,108,2138,4901,93,276,127,268,26,51,10,24
R,5,2021,98,73852,19277,54575,16335,46366,1438,4763,150,310,1092,2463,26,59,236,614,16529,46867,1524,4971,271,673,1156,2606,71,128,17608,50714,14857,42949,1381,4581,82,180,1077,2437,21,54,190,513,15013,43364,1449,4752,179,481,1130,2556,54,107,1669,3861,1478,3417,57,182,68,130,15,26,5,5,46,101,1516,3503,75,219,92,192,26,50,17,21
R,5,2021,99,50712,12203,38509,10201,32558,910,3518,107,238,766,1739,33,58,186,398,10349,32894,986,3655,198,455,827,1839,68,114,11092,35687,9248,30068,872,3390,52,138,753,1712,18,45,149,334,9367,30347,926,3501,128,322,804,1794,48,88,1111,2822,953,2490,38,128,55,100,13,27,15,13,37,64,982,2547,60,154,70,133,23,45,20,26
R,5,2021,100,84316,18771,65545,14972,53821,1823,6849,238,478,1283,3437,59,75,396,885,15286,54501,2016,7245,430,937,1403,3668,127,219,16896,60682,13409,49681,1743,6554,136,300,1248,3378,43,57,317,712,13670,50226,1899,6864,282,661,1337,3556,91,162,1875,4863,1563,4140,80,295,102,178,35,59,16,18,79,173,1616,4275,117,381,148,276,66,112,36,57
R,6,2021,999,332001646,162936192,169065454,120740325,123597332,21227311,23252795,3235803,3164040,9981569,10951135,437751,437288,7313433,7662864,127450850,130616336,23997597,26204556,6365585,6544473,12228085,13214031,925502,925309,131578013,137409685,95734813,98284359,19380526,21355125,1134505,1167669,9568033,10530624,325244,324631,5434892,5747277,100726613,103553235,21392965,23521032,3273271,3534727,11357086,12333338,682118,682394,31358179,31655769,25005512,25312973,1846785,1897670,2101298,1996371,413536,420511,112507,112657,1878541,1915587,26724237,27063101,2604632,2683524,3092314,3009746,870999,880693,243384,242915
R,6,2021,0,3567381,1824742,1742639,1190758,1132669,300079,291216,41038,39405,108115,102074,6317,5893,178435,171382,1357927,1292967,386815,375232,90659,87151,170973,162046,16571,15690,1336039,1271627,839052,793653,259041,251337,12356,11909,98826,93113,4345,4035,122419,117580,954352,904264,318244,308926,40714,39028,145034,137169,10788,10046,488703,471012,351706,339016,41038,39879,28682,27496,9289,8961,1972,1858,56016,53802,403575,388703,68571,66306,49945,48123,25939,24877,5783,5644
R,6,2021,1,3705695,1893660,1812035,1249105,1190770,297441,289568,43334,41339,114424,108382,6759,6348,182597,175628,1420179,1355083,386219,375674,93821,89941,178888,169969,17234,16332,1403697,1341711,893500,848980,258754,252243,14327,13761,105435,99669,4692,4481,126989,122577,1013088,964282,320190,312296,43708,42017,153372,145596,11387,10741,489963,470324,355605,341790,38687,37325,29007,27578,8989,8713,2067,1867,55608,53051,407091,390801,66029,63378,50113,47924,25516,24373,5847,5591
R,6,2021,2,3760790,1920013,1840777,1273171,1216053,300494,293054,44136,42765,114897,109153,6950,6683,180365,173069,1442134,1377950,387634,377092,94380,90957,178448,170038,17535,16649,1428757,1366788,914116,869204,262402,256403,15127,14683,106000,100554,4871,4806,126241,121138,1032946,983049,323284,315402,44449,42781,153590,145861,11642,11175,491256,473989,359055,346849,38092,36651,29009,28082,8897,8599,2079,1877,54124,51931,409188,394901,64350,61690,49931,48176,24858,24177,5893,5474
R,6,2021,3,3837083,1960367,1876716,1301674,1242149,308248,299857,45773,44059,118226,112415,7239,6589,179207,171647,1469464,1402567,394245,382855,96337,92350,181395,172732,17934,16561,1462123,1395704,935955,888944,270248,263026,15415,14838,109392,103839,5160,4675,125953,120382,1054420,1002047,330676,321373,45083,42896,156820,148960,12081,11008,498244,481012,365719,353205,38000,36831,30358,29221,8834,8576,2079,1914,53254,51265,415044,400520,63569,61482,51254,49454,24575,23772,5853,5553
R,6,2021,4,3902878,1994792,1908086,1329387,1266840,308805,300124,47465,45961,123270,117106,7343,6896,178522,171159,1496119,1426642,393256,382355,98751,95442,186314,176692,18154,17071,1485651,1416445,953709,904448,270475,263095,16176,15597,114223,108498,5245,4895,125823,119912,1071806,1017005,329900,320932,46347,44510,161771,152936,12256,11388,509141,491641,375678,362392,38330,37029,31289,30364,9047,8608,2098,2001,52699,51247,424313,409637,63356,61423,52404,50932,24543,23756,5898,5683
R,6,2021,5,3984544,2035860,1948684,1368765,1303884,309576,302189,48907,47362,122494,117053,7272,6946,178846,171250,1535913,1463747,393440,383554,101470,97633,185210,176579,18139,17258,1513414,1446788,981163,930926,271305,265484,16449,16156,113450,108414,5196,4954,125851,120854,1099379,1044323,330524,323275,47396,45848,160446,153068,12173,11597,522446,501896,387602,372958,38271,36705,32458,31206,9044,8639,2076,1992,52995,50396,436534,419424,62916,60279,54074,51785,24764,23511,5966,5661
R,6,2021,6,4010648,2049185,1961463,1376496,1312880,313795,304608,49634,47975,125551,118779,7217,7015,176492,170206,1541413,1471711,396361,385469,102312,98687,186922,177282,17733,17056,1527583,1458540,987974,938755,275587,267675,16913,16210,116704,110382,5192,4971,125213,120547,1105546,1051805,334369,325365,48326,46206,163025,154489,12063,11484,521602,502923,388522,374125,38208,36933,32721,31765,8847,8397,2025,2044,51279,49659,435867,419906,61992,60104,53986,52481,23897,22793,5670,5572
R,6,2021,7,3991722,2040784,1950938,1376552,1310214,311172,302460,49648,47645,123364,117479,7296,6965,172752,166175,1538025,1465294,391265,380928,102064,98056,183246,174183,17735,16930,1523179,1451888,989801,937890,273612,265828,16840,16183,114598,109180,5196,4907,123132,117900,1105438,1048496,330930,322082,48304,46187,160036,151889,12057,11430,517605,499050,386751,372324,37560,36632,32808,31462,8766,8299,2100,2058,49620,48275,432587,416798,60335,58846,53760,51869,23210,22294,5678,5500
R,6,2021,8,4010267,2048667,1961600,1381132,1317388,311561,303307,50040,48252,128429,121598,7470,6990,170035,164065,1539734,1470230,389871,379645,102538,99198,187345,177724,17825,16840,1528890,1460308,991061,941643,274196,267133,17107,16322,119911,113306,5299,4948,121316,116956,1104857,1051127,330282,322004,48651,46849,164680,155904,12117,11425,519777,501292,390071,375745,37365,36174,32933,31930,8518,8292,2171,2042,48719,47109,434877,419103,59589,57641,53887,52349,22665,21820,5708,5415
R,6,2021,9,4024441,2058150,1966291,1393793,1326476,313738,303861,51307,48976,124667,118563,7268,6905,167377,161510,1549843,1476961,390406,378309,104100,99876,181958,173457,17518,16717,1532951,1461811,998687,946654,276217,267991,17063,16437,116116,110448,5136,4850,119732,115431,1110881,1054667,331464,321729,48966,47165,159751,152236,11921,11386,525199,504480,395106,379822,37521,35870,34244,32539,8551,8115,2132,2055,47645,46079,438962,422294,58942,56580,55134,52711,22207,21221,5597,5331
R,6,2021,10,4085095,2090259,1994836,1419776,1349003,320047,309752,51829,50274,123571,117417,7350,7090,167686,161300,1576080,1499142,396028,383692,105908,102355,180554,171833,17567,16908,1551455,1476477,1012111,957794,282146,272980,17195,16580,114900,109127,5205,4979,119898,115017,1124425,1065294,336974,326286,49931,48038,158206,150400,12037,11407,538804,518359,407665,391209,37901,36772,34634,33694,8671,8290,2145,2111,47788,46283,451655,433848,59054,57406,55977,54317,22348,21433,5530,5501
R,6,2021,11,4181559,2138740,2042819,1457797,1387255,327315,316192,52144,49962,123918,118459,7251,6903,170315,164048,1616620,1540082,404742,391932,107232,103041,181177,172838,17567,16852,1580712,1507856,1029097,975958,289960,280095,17306,17019,115622,110584,5059,4809,123668,119391,1144928,1087655,346683,335703,51312,50127,159886,152532,12067,11517,558028,534963,428700,411297,37355,36097,34838,32943,8296,7875,2192,2094,46647,44657,471692,452427,58059,56229,55920,52914,21291,20306,5500,5335
R,6,2021,12,4263696,2181011,2082685,1492928,1418782,333940,322688,52699,51041,124166,119010,7198,6968,170080,164196,1651126,1571720,410998,398274,108558,104795,180781,172670,17715,16966,1609376,1534410,1050452,994489,296266,286548,17898,17445,115808,111098,4934,4776,124018,120054,1166307,1106753,353283,342672,52690,51157,159686,152686,12047,11645,571635,548275,442476,424293,37674,36140,34801,33596,8358,7912,2264,2192,46062,44142,484819,464967,57715,55602,55868,53638,21095,19984,5668,5321
R,6,2021,13,4389133,2243699,2145434,1539059,1464606,342016,330450,54841,52807,128692,123467,7336,6946,171755,167158,1698768,1619892,419379,406868,112301,108977,185423,177988,18088,17073,1655011,1578917,1080910,1025144,303927,293767,18723,17782,120252,115289,5028,4775,126171,122160,1198662,1139166,361491,350553,54978,53019,164606,157404,12383,11670,588688,566517,458149,439462,38089,36683,36118,35025,8440,8178,2308,2171,45584,44998,500106,480726,57888,56315,57323,55958,20817,20584,5705,5403
R,6,2021,14,4384163,2243869,2140294,1547722,1469468,340196,326552,55863,53071,125549,120609,7303,7029,167236,163565,1703086,1621280,414671,400263,113190,109058,180456,173712,17699,17129,1655043,1576020,1089514,1029937,302492,290640,18472,17880,117088,112676,4948,4798,122529,120089,1203841,1141937,357674,345647,54586,53252,159899,153979,12102,11670,588826,564274,458208,439531,37704,35912,37391,35191,8461,7933,2355,2231,44707,43476,499245,479343,56997,54616,58604,55806,20557,19733,5597,5459
R,6,2021,15,4316915,2210101,2106814,1535832,1453673,328731,317924,54465,52498,123138,119706,7166,6807,160769,156206,1685182,1598712,398936,387008,110909,106932,175798,170553,17017,16416,1634744,1555663,1085607,1023041,292835,283336,18119,17523,114996,112173,4935,4643,118252,114947,1195953,1130258,345043,335085,54051,52173,156292,151761,11725,11265,575357,551151,450225,430632,35896,34588,36346,34975,8142,7533,2231,2164,42517,41259,489229,468454,53893,51923,56858,54759,19506,18792,5292,5151
R,6,2021,16,4309943,2208233,2101710,1539897,1455331,326269,312441,54292,52518,124775,123033,7120,6782,155880,151605,1684515,1595817,393009,378827,110210,106679,176111,172111,16766,16080,1637346,1557424,1091774,1028981,290981,278867,18178,17344,116869,115687,4914,4697,114630,111848,1198517,1133001,340518,328500,53898,51956,157170,154332,11593,11159,570887,544286,448123,426350,35288,33574,36114,35174,7906,7346,2206,2085,41250,39757,485998,462816,52491,50327,56312,54723,18941,17779,5173,4921
R,6,2021,17,4337485,2223665,2113820,1557481,1469825,325793,312644,54348,51560,126253,124769,7229,6770,152561,148252,1698904,1607453,390147,376437,110126,105607,176138,172562,16784,15834,1657789,1574702,1112054,1045988,291412,279741,18164,17213,118488,117556,4984,4674,112687,109530,1216960,1147991,339428,327469,54132,52117,157827,155163,11608,10994,565876,539118,445427,423837,34381,32903,36184,34347,7765,7213,2245,2096,39874,38722,481944,459462,50719,48968,55994,53490,18311,17399,5176,4840
R,6,2021,18,4302859,2205032,2097827,1544843,1459709,324793,312215,54528,50638,127418,126010,7176,6695,146274,142560,1680411,1591684,385769,372504,109237,103745,174993,172105,16288,15372,1645425,1565705,1104085,1040577,290519,279658,17829,16691,119947,118678,5007,4654,108038,105447,1204511,1138565,336087,324998,53186,51028,157409,154937,11375,10777,559607,532122,440758,419132,34274,32557,36699,33947,7471,7332,2169,2041,38236,37113,475900,453119,49682,47506,56051,52717,17584,17168,4913,4595
R,6,2021,19,4402797,2238112,2164685,1564978,1501916,338334,333663,54078,50457,134068,134002,7193,7082,139461,137565,1693751,1628613,396109,392261,106585,101430,179493,178490,16239,15987,1676416,1629049,1120926,1078437,303391,299809,17618,17088,126591,126708,5044,5018,102846,101989,1216159,1172665,346517,343852,51382,50143,162360,161821,11441,11356,561696,535636,444052,423479,34943,33854,36460,33369,7477,7294,2149,2064,36615,35576,477592,455948,49592,48409,55203,51287,17133,16669,4798,4631
R,6,2021,20,4682333,2369112,2313221,1654662,1607624,361457,358369,54999,50939,153185,153183,7927,7844,136882,135262,1780262,1731843,418129,416081,105827,99689,198417,197874,17402,17058,1795476,1765018,1200670,1171731,324536,323609,18119,17816,145457,145574,5717,5637,100977,100651,1293561,1264343,366668,367092,50937,49328,181211,181300,12441,12299,573636,548203,453992,435893,36921,34760,36880,33123,7728,7609,2210,2207,35905,34611,486701,467500,51461,48989,54890,50361,17206,16574,4961,4759
R,6,2021,21,4671332,2368059,2303273,1664874,1606530,356571,356036,54421,49484,153771,153042,8186,7722,130236,130459,1784340,1726255,409964,411685,103671,96873,196459,196007,17020,16343,1803499,1767996,1215903,1180464,320914,321781,18052,17155,146215,145536,5995,5540,96420,97520,1304564,1270214,360741,363864,49760,47921,180308,179940,12371,11675,564560,535277,448971,426066,35657,34255,36369,32329,7556,7506,2191,2182,33816,32939,479776,456041,49223,47821,53911,48952,16151,16067,4649,4668
R,6,2021,22,4537583,2303284,2234299,1627562,1565387,339712,339703,52111,47685,151505,149220,7958,7515,124436,124789,1741629,1679985,390055,392379,99594,93713,192307,189897,16635,15834,1759828,1718100,1194704,1154183,305648,306820,17145,16355,144124,141786,5770,5474,92437,93482,1279619,1240264,343416,346739,48041,46563,176679,174352,12025,11432,543456,516199,432858,411204,34064,32883,34966,31330,7381,7434,2188,2041,31999,31307,462010,439721,46639,45640,51553,47150,15628,15545,4610,4402
R,6,2021,23,4397360,2234782,2162578,1576633,1511503,327033,325897,50855,46543,154816,151790,7679,7311,117766,119534,1684573,1621187,374230,375982,96344,91139,193120,190475,15727,15077,1710136,1665845,1158631,1115209,294319,294890,16276,15603,147701,144647,5625,5300,87584,90196,1239002,1198222,329731,333124,45794,44876,178512,176069,11502,10983,524646,496733,418002,396294,32714,31007,34579,30940,7115,7143,2054,2011,30182,29338,445571,422965,44499,42858,50550,46263,14608,14406,4225,4094
R,6,2021,24,4299263,2185574,2113689,1542117,1476482,315466,315081,50075,45465,157513,153797,7384,6971,113019,115893,1645460,1582767,360045,362799,94513,89778,194350,191083,15159,14509,1670244,1626716,1131776,1088364,283385,284772,15561,14843,150606,146952,5373,5117,83543,86668,1208410,1168000,316422,320970,44136,43629,180212,177067,11021,10560,515330,486973,410341,388118,32081,30309,34514,30622,6907,6845,2011,1854,29476,29225,437050,414767,43623,41829,50377,46149,14138,14016,4138,3949
R,6,2021,25,4297262,2181852,2115410,1542878,1479175,310304,313433,50466,45701,160334,156723,7429,6990,110441,113388,1643893,1583010,353389,359439,94398,90090,196071,192993,15238,14507,1670644,1630242,1136217,1092902,278662,283140,15438,14595,153331,149675,5417,5186,81579,84744,1211056,1170724,310462,317850,43720,43471,182141,179053,11099,10694,511208,485168,406661,386273,31642,30293,35028,31106,7003,7048,2012,1804,28862,28644,432837,412286,42927,41589,50678,46619,13930,13940,4139,3813
R,6,2021,26,4331884,2193317,2138567,1551830,1492929,315042,322967,50696,45936,160342,157631,7581,7126,107826,111978,1650083,1595137,356664,368216,94571,90230,195065,193221,15267,14791,1684354,1651674,1147195,1105147,283343,291811,15497,14798,153248,150818,5621,5252,79450,83848,1219655,1181815,314005,325805,43740,43925,181308,179803,11257,10906,508963,486893,404635,387782,31699,31156,35199,31138,7094,6813,1960,1874,28376,28130,430428,413322,42659,42411,50831,46305,13757,13418,4010,3885
R,6,2021,27,4371248,2206377,2164871,1561350,1506623,319189,332672,50433,46478,161967,160431,7422,7160,106016,111507,1657741,1608458,359184,377078,94203,91843,196259,195550,15305,14773,1702350,1677757,1159873,1119145,288039,301429,15726,15090,155126,153563,5469,5238,78117,83292,1230958,1195395,317443,334645,43778,44970,183046,182084,11290,10843,504027,487114,401477,387478,31150,31243,34707,31388,6841,6868,1953,1922,27899,28215,426783,413063,41741,42433,50425,46873,13213,13466,4015,3930
R,6,2021,28,4435195,2232417,2202778,1580454,1530133,324209,340835,51533,47558,164898,166595,7511,7230,103812,110427,1674702,1630776,363107,384116,95150,93831,198188,200976,15214,14738,1729684,1714518,1180214,1142224,292941,309364,16103,15561,158175,159710,5599,5253,76652,82406,1249883,1217459,321483,341415,44344,46249,185258,187791,11301,10800,502733,488260,400240,387909,31268,31471,35430,31997,6723,6885,1912,1977,27160,28021,424819,413317,41624,42701,50806,47582,12930,13185,3913,3938
R,6,2021,29,4515267,2266316,2248951,1613086,1566823,324897,345558,51808,48088,166113,171417,7322,7050,103090,110015,1706923,1667106,362110,387426,96520,95437,198832,205518,14970,14532,1763766,1759942,1212313,1177992,293904,313575,16592,16242,159422,164686,5447,5276,76088,82171,1281639,1253065,320922,344470,45770,47868,186123,192499,11180,10817,502550,489009,400773,388831,30993,31983,35216,31846,6691,6731,1875,1774,27002,27844,425284,414041,41188,42956,50750,47569,12709,13019,3790,3715
R,6,2021,30,4616462,2312263,2304199,1649939,1604238,330001,354937,52903,48891,170324,179074,7653,7335,101443,109724,1741656,1704131,366155,395890,97357,97035,203037,213217,15355,14963,1808421,1814266,1249319,1215815,298331,322716,16958,16517,163449,172013,5720,5454,74644,81751,1316943,1290399,324367,352620,45760,48642,190215,199885,11440,11177,503842,489933,400620,388423,31670,32221,35945,32374,6875,7061,1933,1881,26799,27973,424713,413732,41788,43270,51597,48393,12822,13332,3915,3786
R,6,2021,31,4645338,2322479,2322859,1661612,1618943,330124,356579,52374,48644,171805,183270,7505,7312,99059,108111,1751445,1717240,364434,395857,96312,97537,203782,216502,15052,14742,1826029,1837329,1266071,1233471,299029,324411,16889,16656,165238,176550,5587,5439,73215,80802,1332530,1307026,323602,352908,45720,49709,191510,203844,11257,11098,496450,485530,395541,385472,31095,32168,35485,31988,6567,6720,1918,1873,25844,27309,418915,410214,40832,42949,50592,47828,12272,12658,3795,3644
R,6,2021,32,4520782,2256395,2264387,1619516,1579940,314354,342959,50442,47287,170458,184586,7144,6897,94481,102718,1705164,1673199,346512,379521,93117,94317,200832,216425,14292,13997,1782783,1799897,1242134,1210401,285040,312428,16315,16368,164133,178165,5373,5158,69788,77377,1305387,1280673,307991,339089,44241,48494,189169,204592,10869,10600,473612,464490,377382,369539,29314,30531,34127,30919,6325,6421,1771,1739,24693,25341,399777,392526,38521,40432,48876,45823,11663,11833,3423,3397
R,6,2021,33,4457857,2220957,2236900,1604153,1569686,302239,331869,50555,46743,165652,181792,6981,6873,91377,99937,1687013,1660485,332411,367173,92403,93451,194892,212240,13957,13796,1751884,1777680,1229633,1204117,273902,302269,16023,15702,159470,175526,5235,5174,67621,74892,1290954,1272302,295417,327764,43488,47493,183734,200647,10569,10463,469073,459220,374520,365569,28337,29600,34532,31041,6182,6266,1746,1699,23756,25045,396059,388183,36994,39409,48915,45958,11158,11593,3388,3333
R,6,2021,34,4412809,2197984,2214825,1595544,1560482,295589,325196,49667,46466,162198,178592,7033,6719,87953,97370,1675113,1648978,324396,359015,91020,93139,190138,207947,13801,13288,1736542,1760228,1226338,1198428,268247,296308,15665,15353,156154,172384,5300,5008,64838,72747,1284911,1264586,288686,320530,42741,47190,179316,196707,10530,10003,461442,454597,369206,362054,27342,28888,34002,31113,6044,6208,1733,1711,23115,24623,390202,384392,35710,38485,48279,45949,10822,11240,3271,3285
R,6,2021,35,4452220,2217934,2234286,1614647,1579656,294297,324796,50477,47031,163952,180779,6964,6671,87597,95353,1693984,1666200,322325,356970,92426,93834,191541,209118,13815,13287,1752551,1779456,1242278,1216335,266868,296424,15434,15631,157915,174693,5312,5035,64744,71338,1300953,1281125,286466,319376,43306,47920,180810,198104,10517,10075,465383,454830,372369,363321,27429,28372,35043,31400,6037,6086,1652,1636,22853,24015,393031,385075,35859,37594,49120,45914,10731,11014,3298,3212
R,6,2021,36,4427520,2204159,2223361,1609973,1575213,289634,319737,49670,47079,163836,181853,6813,6623,84233,92856,1686202,1659484,315767,350256,90903,93843,190265,209065,13368,13090,1746464,1772347,1242940,1214609,263592,292007,15070,15593,157843,175929,5151,5005,61868,69204,1298902,1277438,281745,313570,42360,47724,179689,198495,10149,9945,457695,451014,367033,360604,26042,27730,34600,31486,5993,5924,1662,1618,22365,23652,387300,382046,34022,36686,48543,46119,10576,10570,3219,3145
R,6,2021,37,4324558,2148870,2175688,1570002,1540645,279735,311878,49000,45899,162141,180414,6623,6546,81369,90306,1643308,1622332,304711,341061,89594,92347,187460,206749,13080,12993,1702125,1733204,1211730,1185752,254328,285255,14877,15109,156392,174676,5013,4866,59785,67546,1265495,1246841,271744,305894,41788,47348,177314,196414,9991,9840,446745,442484,358272,354893,25407,26623,34123,30790,5749,5738,1610,1680,21584,22760,377813,375491,32967,35167,47806,44999,10146,10335,3089,3153
R,6,2021,38,4382382,2172172,2210210,1590155,1567978,283269,315781,49760,47436,160572,181645,6401,6527,82015,90843,1664297,1650022,308221,344771,91425,95242,185320,207541,12805,12945,1722012,1758832,1228394,1205985,257978,288762,15192,15500,155058,175909,4792,4895,60598,67781,1283107,1267191,275437,309212,43199,48736,175550,197268,9701,9808,450160,451378,361761,361993,25291,27019,34568,31936,5514,5736,1609,1632,21417,23062,381190,382831,32784,35559,48226,46506,9770,10273,3104,3137
R,6,2021,39,4343430,2148509,2194921,1577666,1559553,279646,313538,49026,46859,156860,179414,6330,6438,78981,89119,1648888,1639999,303569,342108,89721,94319,180400,204390,12541,12706,1702709,1746228,1219067,1199230,254646,286852,14791,14889,151310,173752,4749,4747,58146,66758,1271361,1259551,271448,307062,42087,48097,170731,194356,9568,9559,445800,448693,358599,360323,25000,26686,34235,31970,5550,5662,1581,1691,20835,22361,377527,380448,32121,35046,47634,46222,9669,10034,2973,3147
R,6,2021,40,4327566,2141996,2185570,1575777,1555959,281297,314909,49242,46968,150965,174207,6298,6193,78417,87334,1646385,1634892,304892,342780,90261,94057,173885,198170,12383,12195,1696877,1738224,1217335,1195980,256863,288687,14816,15057,145451,168585,4644,4617,57768,65298,1269257,1255007,273381,308483,42406,47996,164396,188365,9308,9169,445119,447346,358442,359979,24434,26222,34426,31911,5514,5622,1654,1576,20649,22036,377128,379885,31511,34297,47855,46061,9489,9805,3075,3026
R,6,2021,41,4302535,2128983,2173552,1564381,1544310,283925,317151,48817,46965,148986,172718,6337,6370,76537,86038,1633314,1621859,306868,344538,89543,93802,170869,196087,12199,12426,1685322,1728025,1205987,1185489,259933,291240,14689,15130,143555,167249,4753,4699,56405,64218,1256658,1243344,275890,310571,42249,47978,161679,186489,9348,9329,443661,445527,358394,358821,23992,25911,34128,31835,5431,5469,1584,1671,20132,21820,376656,378515,30978,33967,47294,45824,9190,9598,2851,3097
R,6,2021,42,4100836,2024652,2076184,1489646,1477357,268361,301159,46508,44500,142318,166388,5919,5765,71900,81015,1554349,1550338,289603,326779,85211,88809,162730,188243,11371,11339,1607049,1652004,1152185,1135024,245949,276799,13914,14022,137320,161096,4421,4260,53260,60803,1200076,1189804,260815,294819,40295,45377,154247,179189,8643,8529,417603,424180,337461,342333,22412,24360,32594,30478,4998,5292,1498,1505,18640,20212,354273,360534,28788,31960,44916,43432,8483,9054,2728,2810
R,6,2021,43,4017630,1980636,2036994,1464869,1458148,257647,289874,45229,44154,137724,160713,5539,5630,69628,78475,1527682,1528843,277892,314110,83136,87660,157492,181974,10585,10943,1569465,1616754,1130933,1117676,236391,266479,13524,14147,132896,155486,4151,4159,51570,58807,1177394,1170624,250462,283646,39415,44909,149354,172984,8021,8295,411171,420240,333936,340472,21256,23395,31705,30007,4828,5227,1388,1471,18058,19668,350288,358219,27430,30464,43721,42751,8138,8990,2564,2648
R,6,2021,44,3956898,1948581,2008317,1441081,1436666,252176,285867,44743,43225,137482,160809,5470,5565,67629,76185,1501973,1505320,271726,309189,82135,86203,156302,181169,10508,10691,1544753,1591780,1112229,1097705,231756,263131,13710,14017,132703,155741,4055,4107,50300,57079,1157411,1149085,245307,279510,39489,44408,148428,172578,7943,8044,403828,416537,328852,338961,20420,22736,31033,29208,4779,5068,1415,1458,17329,19106,344562,356235,26419,29679,42646,41795,7874,8591,2565,2647
R,6,2021,45,3856723,1899953,1956770,1402946,1400415,244473,275951,43606,41967,138336,160583,5199,5320,65393,72534,1461793,1465594,262760,297971,80331,83157,156279,179740,10026,10161,1504718,1549421,1080431,1067288,224833,254471,13160,13454,133761,155610,3936,3933,48597,54665,1124085,1116360,237547,270134,38542,42751,148746,171558,7698,7708,395235,407349,322515,333127,19640,21480,30446,28513,4575,4973,1263,1387,16796,17869,337708,349234,25213,27837,41789,40406,7533,8182,2328,2453
R,6,2021,46,3896042,1920671,1975371,1423140,1419802,245295,275297,42649,41853,140863,162306,5116,5113,63608,71000,1480308,1483703,263094,296225,78687,82574,158089,181163,9674,9676,1531027,1572952,1104016,1089786,226217,254459,13192,13636,136329,157511,3871,3824,47402,53736,1146525,1138033,238748,269361,38251,42797,150634,173275,7382,7345,389644,402419,319124,330016,19078,20838,29457,28217,4534,4795,1245,1289,16206,17264,333783,345670,24346,26864,40436,39777,7455,7888,2292,2331
R,6,2021,47,3807846,1874475,1933371,1388472,1389068,239165,269470,41344,40070,139359,160690,4859,5109,61276,68964,1443563,1451087,256014,289633,76368,79865,155977,178930,9232,9572,1499711,1543753,1080575,1068380,221278,249656,12880,13464,135084,156105,3716,3754,46178,52394,1121938,1115402,233191,264059,37696,42196,149034,171353,7104,7234,374764,389618,307897,320688,17887,19814,28464,26606,4275,4585,1143,1355,15098,16570,321625,335685,22823,25574,38672,37669,6943,7577,2128,2338
R,6,2021,48,3890124,1909356,1980768,1413868,1422641,247517,279507,41097,40289,140741,164043,4876,5033,61257,69255,1468943,1484806,264115,299760,76363,80520,157215,182012,9182,9567,1538212,1592641,1108626,1102572,229827,259849,13303,13825,136482,159461,3709,3775,46265,53159,1150043,1150208,241568,274459,38365,43308,150317,174550,7143,7309,371144,388127,305242,320069,17690,19658,27794,26464,4259,4582,1167,1258,14992,16096,318900,334598,22547,25301,37998,37212,6898,7462,2039,2258
R,6,2021,49,4056495,1991927,2064568,1491088,1499756,253229,286756,40642,39770,139925,162914,4781,4955,62262,70417,1547085,1563182,269815,306697,77268,81610,156044,180598,9165,9484,1625285,1680740,1188099,1182526,236011,267559,13752,14014,135739,158379,3614,3724,48070,54538,1231213,1231521,248100,282110,40567,45134,149427,173336,7100,7288,366642,383828,302989,317230,17218,19197,26890,25756,4186,4535,1167,1231,14192,15879,315872,331661,21715,24587,36701,36476,6617,7262,2065,2196
R,6,2021,50,4309943,2119818,2190125,1603879,1609371,266892,301792,41006,40448,138124,160571,5038,5033,64879,72910,1662337,1675036,283875,322227,79974,84558,154400,178158,9573,9712,1749576,1805620,1297787,1291126,249373,282457,14195,14839,133891,156131,3821,3854,50509,57213,1343249,1342496,261695,297568,43183,48438,147737,170979,7443,7623,370242,384505,306092,318245,17519,19335,26811,25609,4233,4440,1217,1179,14370,15697,319088,332540,22180,24659,36791,36120,6663,7179,2130,2089
R,6,2021,51,4250419,2090824,2159595,1589681,1597333,259040,290619,40026,39101,135157,157252,4826,4983,62094,70307,1645609,1660615,275206,310088,77549,82109,150359,174005,9323,9629,1729259,1787518,1290217,1288980,242056,272192,13608,14522,131165,152917,3685,3835,48528,55072,1333812,1338424,253947,286660,41766,47125,144123,167011,7330,7583,361565,372077,299464,308353,16984,18427,26418,24579,3992,4335,1141,1148,13566,15235,311797,322191,21259,23428,35783,34984,6236,6994,1993,2046
R,6,2021,52,4099572,2011773,2087799,1535589,1550334,245643,277385,38134,37585,129659,151637,4481,4825,58267,66033,1588235,1609803,260499,295380,73833,78738,143751,166828,8520,9047,1669396,1734268,1251078,1256890,229948,260065,13458,14210,125966,147604,3445,3672,45501,51827,1292106,1303487,240786,273212,40327,45749,137914,160392,6702,7038,342377,353531,284511,293444,15695,17320,24676,23375,3693,4033,1036,1153,12766,14206,296129,306316,19713,22168,33506,32989,5837,6436,1818,2009
R,6,2021,53,4003225,1961328,2041897,1498812,1516917,244662,278192,36992,36127,121648,143256,4423,4657,54791,62748,1548162,1573318,258620,295479,71017,75424,134467,157373,8229,8794,1629086,1698203,1222443,1230690,229317,261369,13181,13953,118021,139326,3426,3591,42698,49274,1260753,1274889,239440,274075,38945,44138,128810,151126,6511,6935,332242,343694,276369,286227,15345,16823,23811,22174,3627,3930,997,1066,12093,13474,287409,298429,19180,21404,32072,31286,5657,6247,1718,1859
R,6,2021,54,4022076,1966595,2055481,1515043,1541493,244014,279427,35772,35484,113860,132671,4509,4515,53397,61891,1563210,1597259,257473,296348,69451,74830,125928,145870,8212,8490,1644888,1722367,1246304,1263724,229549,262934,13311,14170,110489,129011,3460,3463,41775,49065,1283908,1307838,239388,275577,38806,44771,120692,140109,6498,6662,321707,333114,268739,277769,14465,16493,22461,21314,3371,3660,1049,1052,11622,12826,279302,289421,18085,20771,30645,30059,5236,5761,1714,1828
R,6,2021,55,4117397,2011591,2105806,1547360,1577059,254056,291196,35932,36013,115937,134646,4430,4624,53876,62268,1595594,1632892,267801,308212,70224,75858,127850,147961,8283,8661,1690976,1773887,1279303,1300040,239234,274972,13819,14752,112646,131038,3431,3578,42543,49507,1317273,1344357,249322,287596,40301,45945,122708,142219,6569,6835,320615,331919,268057,277019,14822,16224,22113,21261,3291,3608,999,1046,11333,12761,278321,288535,18479,20616,29923,29913,5142,5742,1714,1826
R,6,2021,56,4296563,2092453,2204110,1624516,1668423,258736,297705,35809,35899,114791,133981,4278,4689,54323,63413,1673412,1725427,272033,314783,70863,77070,126576,146985,8044,8713,1778616,1876876,1361195,1394222,244731,281795,14307,15603,111620,130488,3300,3680,43463,51088,1400211,1440086,254679,294736,41734,48347,121683,141448,6398,6983,313837,327234,263321,274201,14005,15910,21502,20296,3171,3493,978,1009,10860,12325,273201,285341,17354,20047,29129,28723,4893,5537,1646,1730
R,6,2021,57,4383089,2129824,2253265,1662531,1716237,257488,296654,35025,35411,116267,136959,4105,4489,54408,63515,1711514,1773352,270720,313125,70727,77216,127660,149972,7820,8510,1828574,1935150,1409685,1449417,243819,281137,14548,15744,113308,133704,3268,3480,43946,51668,1449126,1495781,253815,293721,42915,49406,123031,144794,6331,6801,301250,318115,252846,266820,13669,15517,20477,19667,2959,3255,837,1009,10462,11847,262388,277571,16905,19404,27812,27810,4629,5178,1489,1709
R,6,2021,58,4381853,2125798,2256055,1666255,1727129,252938,293332,33833,34218,115790,134691,4003,4482,52979,62203,1713943,1783042,265472,309492,68786,75457,126948,147102,7544,8326,1838212,1950492,1424173,1470063,240092,278845,14575,15671,112920,131401,3184,3586,43268,50926,1463032,1515742,249664,291345,42675,49110,122522,142015,6161,6769,287586,305563,242082,257066,12846,14487,19258,18547,2870,3290,819,896,9711,11277,250911,267300,15808,18147,26111,26347,4426,5087,1383,1557
R,6,2021,59,4364606,2113283,2251323,1674058,1742261,247439,288680,32190,33243,103941,122186,4092,4364,51563,60589,1720570,1796865,259400,304191,66513,73818,114661,134017,7472,8047,1839575,1959795,1443149,1496418,235373,275170,14219,15549,101261,119192,3283,3474,42290,49992,1481206,1541376,244593,287239,41896,48748,110600,129357,6130,6532,273708,291528,230909,245843,12066,13510,17971,17694,2680,2994,809,890,9273,10597,239364,255489,14807,16952,24617,25070,4061,4660,1342,1515
R,6,2021,60,4401372,2125708,2275664,1691099,1768397,247133,288988,31319,32634,101350,121582,3920,4196,50887,59867,1736982,1822225,259175,304167,65347,72995,111810,133182,7215,7923,1862750,1992856,1469250,1529855,235602,275981,14069,15635,98820,118714,3142,3375,41867,49296,1506903,1574109,244839,287715,41709,48638,107870,128662,5900,6407,262958,282808,221849,238542,11531,13007,17250,16999,2530,2868,778,821,9020,10571,230079,248116,14336,16452,23638,24357,3940,4520,1315,1516
R,6,2021,61,4340261,2090397,2249864,1661392,1746165,243546,286738,30538,31823,102206,123205,3684,4078,49031,57855,1705535,1798079,254901,301718,63326,70591,112386,134474,6895,7551,1836989,1976131,1447505,1515303,232357,273991,13824,15299,99744,120445,2984,3296,40575,47797,1483927,1558069,241185,285700,40550,47117,108659,130097,5673,6181,253408,273733,213887,230862,11189,12747,16714,16524,2462,2760,700,782,8456,10058,221608,240010,13716,16018,22776,23474,3727,4377,1222,1370
R,6,2021,62,4251288,2040189,2211099,1629815,1724577,234395,278508,28486,30293,97333,118687,3527,3804,46633,55230,1671747,1774321,245239,292516,59932,67638,106824,129234,6445,7086,1805257,1954528,1431461,1507694,223994,266861,13180,14846,95023,116100,2862,3122,38737,45905,1466222,1548918,232499,277904,38904,45684,103342,125223,5317,5828,234932,256571,198354,216883,10401,11647,15306,15447,2310,2587,665,682,7896,9325,205525,225403,12740,14612,21028,21954,3482,4011,1128,1258
R,6,2021,63,4223947,2020867,2203080,1621682,1727746,226927,270966,26784,28888,97385,118462,3292,3583,44797,53435,1662016,1775780,237225,284551,56994,65365,106517,128497,6088,6645,1799843,1957318,1434433,1519462,217149,259893,12854,14423,95263,115988,2704,2903,37440,44649,1468032,1559514,225252,270692,37822,44673,103285,124709,5086,5450,221024,245762,187249,208284,9778,11073,13930,14465,2122,2474,588,680,7357,8786,193984,216266,11973,13859,19172,20692,3232,3788,1002,1195
R,6,2021,64,4141529,1973971,2167558,1589658,1704518,219031,265741,25901,27623,93397,115418,3235,3476,42749,50782,1628156,1750161,228880,278544,54938,62563,101941,124684,5901,6435,1763497,1930560,1411218,1503150,209900,255058,12454,13857,91403,113167,2689,2826,35833,42502,1443409,1541232,217684,265280,36523,42931,98944,121178,4945,5321,210474,236998,178440,201368,9131,10683,13447,13766,1994,2251,546,650,6916,8280,184747,208929,11196,13264,18415,19632,2997,3506,956,1114
R,6,2021,65,3993609,1897387,2096222,1531364,1650570,207458,254197,24234,26154,91275,113815,2941,3297,40115,48189,1567541,1693859,216680,266363,51342,59196,99233,122806,5520,6118,1698436,1870800,1362582,1458690,198836,243972,11601,13448,89362,111572,2419,2706,33636,40412,1392843,1494895,206100,253614,34074,41029,96359,119404,4597,5098,198951,225422,168782,191880,8622,10225,12633,12706,1913,2243,522,591,6479,7777,174698,198964,10580,12749,17268,18167,2874,3402,923,1020
R,6,2021,66,3906797,1850702,2056095,1500148,1627306,198011,243851,22936,24888,88997,111387,2833,3204,37777,45459,1534052,1667923,206812,255455,48562,55938,96476,119974,5303,5986,1662616,1840615,1340528,1443709,189729,234290,11186,12582,87245,109342,2337,2619,31591,38073,1368816,1477578,196653,243481,32384,38407,93837,116851,4448,4998,188086,215480,159620,183597,8282,9561,11750,12306,1752,2045,496,585,6186,7386,165236,190345,10159,11974,16178,17531,2639,3123,855,988
R,6,2021,67,3741207,1762009,1979198,1440085,1577738,182014,229406,20634,22856,82613,103964,2536,2971,34127,42263,1470805,1615603,190034,240286,43993,51964,89171,111530,4650,5521,1590822,1778961,1294147,1406494,174529,220568,10292,11949,81059,102024,2107,2440,28688,35486,1319904,1438190,180811,229188,29768,36330,86865,108597,3928,4618,171187,200237,145938,171244,7485,8838,10342,10907,1554,1940,429,531,5439,6777,150901,177413,9223,11098,14225,15634,2306,2933,722,903
R,6,2021,68,3598793,1689339,1909454,1388544,1530149,168385,215531,18987,21220,79210,100032,2395,2752,31818,39770,1417138,1565898,175820,225612,40707,48590,85413,107149,4431,5160,1530479,1721486,1252612,1368889,161530,207288,9671,11301,77815,98320,2000,2305,26851,33383,1276663,1398761,167428,215342,27847,34144,83326,104537,3739,4382,158860,187968,135932,161260,6855,8243,9316,9919,1395,1712,395,447,4967,6387,140475,167137,8392,10270,12860,14446,2087,2612,692,778
R,6,2021,69,3441987,1611155,1830832,1332483,1475402,156517,203434,17199,19669,73163,93272,2249,2555,29544,36500,1359079,1508082,163413,212795,37588,45046,78693,99607,4152,4773,1464766,1656145,1206707,1325059,150324,195864,8950,10555,71858,91704,1903,2134,25024,30829,1229135,1352555,155841,203298,26093,32011,76777,97238,3528,4044,146389,174687,125776,150343,6193,7570,8249,9114,1305,1568,346,421,4520,5671,129944,155527,7572,9497,11495,13035,1916,2369,624,729
R,6,2021,70,3292954,1533604,1759350,1268017,1413870,149687,199022,16246,18687,69981,90820,2055,2447,27618,34504,1292796,1444822,156210,208077,35419,42770,75014,96562,3802,4512,1393971,1591278,1147896,1269178,143772,191845,8410,9915,68810,89318,1759,2044,23324,28978,1168716,1295063,148983,199073,24521,30147,73235,94270,3270,3807,139633,168072,120121,144692,5915,7177,7836,8772,1171,1502,296,403,4294,5526,124080,149759,7227,9004,10898,12623,1779,2292,532,705
R,6,2021,71,3159266,1466184,1693082,1212917,1362109,140149,187712,15119,17215,70271,91348,1948,2194,25780,32504,1236109,1391140,146245,196292,32865,39653,75049,96982,3634,4212,1336484,1533500,1101128,1224220,134658,180827,8043,9334,69110,89870,1655,1847,21890,27402,1120751,1248581,139526,187716,23003,28231,73344,94756,3153,3593,129700,159582,111789,137889,5491,6885,7076,7881,1161,1478,293,347,3890,5102,115358,142559,6719,8576,9862,11422,1705,2226,481,619
R,6,2021,72,3054407,1411585,1642822,1178917,1336171,128269,173516,13969,15932,64544,84332,1854,2115,24032,30756,1200521,1363706,133772,181525,30725,37453,68924,89376,3481,4030,1292543,1494884,1075848,1207980,123459,167339,7578,8729,63463,82990,1558,1781,20637,26065,1094338,1231239,127893,173784,21926,26975,67368,87396,2988,3429,119042,147938,103069,128191,4810,6177,6391,7203,1081,1342,296,334,3395,4691,106183,132467,5879,7741,8799,10478,1556,1980,493,601
R,6,2021,73,3002975,1386224,1616751,1171409,1330848,117493,161438,12852,14873,60186,78255,1660,1931,22624,29406,1191848,1357218,122638,169032,28653,35490,64219,83039,3111,3694,1273765,1476109,1073716,1208759,113021,155541,7122,8215,59221,77017,1408,1615,19277,24962,1091073,1231058,117215,161679,20476,25673,62807,81207,2707,3175,112459,140642,97693,122089,4472,5897,5730,6658,965,1238,252,316,3347,4444,100775,126160,5423,7353,8177,9817,1412,1832,404,519
R,6,2021,74,3026584,1394352,1632232,1195401,1366074,107810,149200,12253,14303,55303,72419,1548,1641,22037,28595,1215370,1391920,112675,156424,27878,34597,59034,76898,2943,3345,1289951,1499279,1104471,1250359,103754,143747,6896,8054,54468,71272,1323,1373,19039,24474,1121713,1272409,107709,149613,20384,25472,57764,75173,2565,2865,104401,132953,90930,115715,4056,5453,5357,6249,835,1147,225,268,2998,4121,93657,119511,4966,6811,7494,9125,1270,1725,378,480
R,6,2021,75,2219657,1012483,1207174,854408,992492,84241,119953,9379,11599,46941,60453,1317,1565,16197,21112,869012,1011385,88053,125546,20439,25973,49924,64130,2492,3003,923974,1091315,777227,891689,80719,115013,5027,6170,46178,59423,1110,1311,13713,17709,789573,907455,83711,119478,14360,18214,48790,62627,2145,2567,88509,115859,77181,100803,3522,4940,4352,5429,763,1030,207,254,2484,3403,79439,103930,4342,6068,6079,7759,1134,1503,347,436
R,6,2021,76,2135316,965961,1169355,818906,965754,78614,114967,8619,10762,43560,56748,1155,1409,15107,19715,832520,983321,82154,120309,18949,24205,46361,60048,2280,2781,885461,1062619,748575,872311,75491,110663,4649,5907,42908,55851,988,1166,12850,16721,760105,887155,78321,114984,13381,17297,45388,58742,1989,2357,80500,106736,70331,93443,3123,4304,3970,4855,652,897,167,243,2257,2994,72415,96166,3833,5325,5568,6908,973,1306,291,424
R,6,2021,77,2063738,927178,1136560,792294,948877,71967,106096,8078,9972,39982,51520,1019,1290,13838,18805,804744,965634,75345,111244,17627,22960,42389,54531,2017,2598,853807,1036718,728054,861317,69143,102165,4477,5471,39429,50686,871,1081,11833,15998,738664,875512,71867,106375,12646,16523,41564,53313,1736,2231,73371,99842,64240,87560,2824,3931,3601,4501,553,834,148,209,2005,2807,66080,90122,3478,4869,4981,6437,825,1218,281,367
R,6,2021,78,2054574,916091,1138483,790426,960199,67553,102822,7187,9264,37031,47232,901,1153,12993,17813,802129,976146,70627,107678,16126,21626,39339,50021,1855,2337,848435,1043896,731025,877488,64906,98847,4057,5053,36464,46476,778,952,11205,15080,741114,890923,67400,102728,11771,15599,38500,48863,1612,1999,67656,94587,59401,82711,2647,3975,3130,4211,567,756,123,201,1788,2733,61015,85223,3227,4950,4355,6027,839,1158,243,338
R,6,2021,79,1747940,771075,976865,660784,818052,58193,89810,6255,8208,34001,44529,813,1080,11029,15186,670710,831654,60803,93860,13873,18740,35979,47037,1584,2047,711265,893392,608139,744675,55883,86637,3565,4474,33561,43846,689,892,9428,12868,616603,756130,58005,89910,10052,13406,35315,46029,1354,1752,59810,83473,52645,73377,2310,3173,2690,3734,440,683,124,188,1601,2318,54107,75524,2798,3950,3821,5334,664,1008,230,295
R,6,2021,80,1560368,679261,881107,580615,735431,51541,83006,5606,7424,31020,40626,765,913,9714,13707,589364,747626,53939,86839,12229,16777,32814,42930,1435,1855,624895,803048,532746,666647,49454,79983,3209,4116,30607,40009,656,756,8223,11537,540131,676876,51344,83043,8799,11996,32193,42006,1226,1573,54366,78059,47869,68784,2087,3023,2397,3308,413,617,109,157,1491,2170,49233,70750,2595,3796,3430,4781,621,924,209,282
R,6,2021,81,1416741,608518,808223,518704,674038,46487,76550,5085,6798,28994,37653,639,886,8609,12298,526410,684930,48605,80050,10893,15091,30630,39721,1250,1749,558538,735019,474722,609474,44558,73643,2820,3746,28595,37063,506,724,7337,10369,481271,618583,46260,76459,7729,10756,30060,38865,1056,1476,49980,73204,43982,64564,1929,2907,2265,3052,399,590,133,162,1272,1929,45139,66347,2345,3591,3164,4335,570,856,194,273
R,6,2021,82,1304975,556270,748705,477233,629023,40728,67956,4432,6258,25803,33645,527,781,7547,11042,484015,638854,42580,71060,9467,13719,27281,35450,1074,1540,511247,681950,437464,570026,38997,65322,2412,3503,25463,33125,430,653,6481,9321,443268,578273,40482,67820,6723,9815,26786,34701,926,1330,45023,66755,39769,58997,1731,2634,2020,2755,340,520,97,128,1066,1721,40747,60581,2098,3240,2744,3904,495,749,148,210
R,6,2021,83,1196720,502219,694501,431687,584221,36187,62911,3816,5637,23176,31209,506,671,6847,9852,437837,592977,37896,65756,8403,12135,24476,32935,981,1351,462262,633634,396151,530400,34713,60471,2214,3119,22865,30753,425,558,5894,8333,401440,537751,36094,62801,6163,8621,24024,32258,834,1155,39957,60867,35536,53821,1474,2440,1602,2518,311,456,81,113,953,1519,36397,55226,1802,2955,2240,3514,452,677,147,196
R,6,2021,84,1056107,436145,619962,374710,522079,31192,55788,3310,4938,20582,27805,420,641,5931,8711,380054,529740,32728,58321,7202,10628,21745,29416,865,1288,400878,564813,343390,473270,29884,53619,1848,2674,20314,27385,361,522,5081,7343,347950,479675,31114,55706,5177,7452,21352,28788,755,1088,35267,55149,31320,48809,1308,2169,1462,2264,268,420,59,119,850,1368,32104,50065,1614,2615,2025,3176,393,628,110,200
R,6,2021,85,959667,390104,569563,336001,479855,27922,51544,2914,4456,17752,25376,318,530,5197,7802,340671,486755,29287,53863,6210,9569,18833,26775,726,1078,358880,519551,308265,435492,26782,49659,1614,2440,17520,24968,258,439,4441,6553,312241,441258,27886,51530,4401,6751,18482,26179,627,915,31224,50012,27736,44363,1140,1885,1300,2016,232,408,60,91,756,1249,28430,45497,1401,2333,1809,2818,351,596,99,163
R,6,2021,86,872635,347165,525470,300099,444147,24154,46659,2578,4069,15599,22991,354,497,4381,7107,304021,450397,25326,48678,5337,8676,16493,24315,699,1028,319178,479550,275147,403394,23117,44893,1460,2197,15416,22630,296,413,3742,6023,278475,408652,24070,46519,3796,6123,16226,23799,600,886,27987,45920,24952,40753,1037,1766,1118,1872,183,361,58,84,639,1084,25546,41745,1256,2159,1541,2553,267,516,99,142
R,6,2021,87,733876,286958,446918,248066,377695,19867,39713,2096,3275,13010,19848,287,420,3632,5967,251320,382922,20793,41484,4407,7095,13792,21046,562,880,263752,408265,227404,343324,19049,38170,1139,1807,12839,19547,231,351,3090,5066,230155,347749,19805,39586,3074,5049,13539,20605,468,758,23206,38653,20662,34371,818,1543,957,1468,171,301,56,69,542,901,21165,35173,988,1898,1333,2046,253,441,94,122
R,6,2021,88,666279,254819,411460,221015,349040,17228,35457,1745,3021,11394,18351,219,399,3218,5192,223920,353572,18060,36971,3739,6330,12102,19377,473,833,235125,376848,203472,318199,16511,34128,981,1705,11236,18070,186,335,2739,4411,205933,322035,17184,35356,2667,4508,11870,18976,413,722,19694,34612,17543,30841,717,1329,764,1316,158,281,33,64,479,781,17987,31537,876,1615,1072,1822,232,401,60,111
R,6,2021,89,588163,219052,369111,191351,315539,13846,30345,1462,2608,9473,15666,177,362,2743,4591,193792,319528,14579,31751,3139,5502,10088,16564,416,752,201877,338724,175973,288404,13270,29216,776,1456,9348,15436,151,299,2359,3913,178070,291774,13897,30379,2190,3918,9896,16237,363,646,17175,30387,15378,27135,576,1129,686,1152,125,230,26,63,384,678,15722,27754,682,1372,949,1584,192,327,53,106
R,6,2021,90,516763,186995,329768,163817,282886,11538,26337,1233,2217,8062,14015,174,296,2171,4017,165769,286336,12138,27550,2548,4785,8573,14810,354,648,172204,302476,150584,258515,11033,25307,654,1186,7947,13835,145,250,1841,3383,152235,261387,11520,26288,1755,3339,8394,14536,299,563,14791,27292,13233,24371,505,1030,579,1031,115,180,29,46,330,634,13534,24949,618,1262,793,1446,179,274,55,85
R,6,2021,91,446938,156201,290737,136642,249357,9598,23313,1088,1860,6961,12512,125,266,1787,3429,138210,252338,10090,24336,2166,4033,7372,13204,294,565,143945,267032,125653,228175,9193,22423,582,1001,6876,12338,104,226,1537,2869,126989,230636,9600,23239,1493,2816,7254,12941,260,493,12256,23705,10989,21182,405,890,506,859,85,174,21,40,250,560,11221,21702,490,1097,673,1217,118,263,34,72
R,6,2021,92,362571,122402,240169,107262,206791,7536,18959,810,1381,5286,10066,100,213,1408,2759,108500,209168,7955,19830,1691,3092,5601,10616,230,468,112769,221327,98652,189960,7209,18197,423,746,5209,9927,82,183,1194,2314,99702,191925,7546,18928,1160,2145,5491,10415,195,404,9633,18842,8610,16831,327,762,387,635,77,139,18,30,214,445,8798,17243,409,902,531,947,110,201,35,64
R,6,2021,93,302586,97751,204835,85808,176802,5905,15832,643,1287,4147,8499,95,166,1153,2249,86814,178711,6248,16534,1302,2684,4421,8970,203,383,90197,189292,79058,162927,5639,15200,343,691,4108,8396,80,139,969,1939,79901,164558,5914,15783,884,1905,4361,8813,169,333,7554,15543,6750,13875,266,632,300,596,39,103,15,27,184,310,6913,14153,334,751,418,779,60,157,34,50
R,6,2021,94,242062,74854,167208,65489,144302,4672,13001,451,987,3259,6994,48,147,935,1777,66319,145827,4948,13557,1004,2066,3468,7364,129,334,69181,154900,60381,133292,4499,12490,240,559,3222,6902,39,126,800,1531,61091,134599,4728,12955,706,1475,3414,7238,107,297,5673,12308,5108,11010,173,511,211,428,37,92,9,21,135,246,5228,11228,220,602,298,591,54,126,22,37
R,6,2021,95,186637,55634,131003,48424,112633,3607,10447,343,786,2567,5529,62,122,631,1486,48960,113880,3778,10952,714,1669,2740,5846,137,282,51298,121192,44529,103867,3460,10072,189,442,2529,5449,52,100,539,1262,44984,104918,3596,10478,499,1185,2685,5722,117,239,4336,9811,3895,8766,147,375,154,344,38,80,10,22,92,224,3976,8962,182,474,215,484,55,124,20,43
R,6,2021,96,143297,40377,102920,34894,88559,2695,8204,274,607,1995,4277,29,89,490,1184,35305,89531,2828,8645,571,1316,2116,4511,91,202,37306,95431,32167,81910,2580,7872,155,361,1964,4213,24,77,416,998,32518,82721,2695,8239,395,947,2071,4415,76,171,3071,7489,2727,6649,115,332,119,246,31,64,5,12,74,186,2787,6810,133,406,176,369,45,96,15,31
R,6,2021,97,104898,28208,76690,24268,65827,1921,6221,204,461,1467,3315,29,78,319,788,24546,66471,2016,6482,374,918,1562,3502,59,177,25866,71281,22174,61012,1838,5985,106,256,1452,3284,24,70,272,674,22411,61557,1918,6201,247,642,1537,3451,49,152,2342,5409,2094,4815,83,236,98,205,15,31,5,8,47,114,2135,4914,98,281,127,276,25,51,10,25
R,6,2021,98,74579,19526,55053,16573,46766,1438,4790,156,316,1100,2494,26,59,233,628,16763,47276,1520,4997,274,687,1168,2641,70,133,17829,51129,15070,43280,1381,4611,85,187,1086,2469,20,54,187,528,15223,43704,1446,4780,179,499,1143,2591,51,112,1697,3924,1503,3486,57,179,71,129,14,25,6,5,46,100,1540,3572,74,217,95,188,25,50,19,21
R,6,2021,99,50514,12148,38366,10102,32396,928,3506,105,233,790,1763,31,61,192,407,10253,32740,1005,3650,201,458,852,1865,71,114,11046,35545,9155,29913,892,3372,54,135,774,1732,16,48,155,345,9277,30201,947,3490,133,325,827,1818,49,88,1102,2821,947,2483,36,134,51,98,16,31,15,13,37,62,976,2539,58,160,68,133,25,47,22,26
R,6,2021,100,84452,18854,65598,15025,53818,1824,6851,241,491,1303,3468,60,74,401,896,15346,54506,2021,7247,434,958,1422,3703,128,219,16950,60710,13436,49654,1743,6557,137,309,1269,3410,44,56,321,724,13702,50210,1902,6869,284,678,1358,3592,94,163,1904,4888,1589,4164,81,294,104,182,34,58,16,18,80,172,1644,4296,119,378,150,280,64,111,34,56
