UNIVERSE,MONTH,YEAR,AGE,TOT_POP,TOT_MALE,TOT_FEMALE,WA_MALE,WA_FEMALE,BA_MALE,BA_FEMALE,IA_MALE,IA_FEMALE,AA_MALE,AA_FEMALE,NA_MALE,NA_FEMALE,TOM_MALE,TOM_FEMALE,WAC_MALE,WAC_FEMALE,BAC_MALE,BAC_FEMALE,IAC_MALE,IAC_FEMALE,AAC_MALE,AAC_FEMALE,NAC_MALE,NAC_FEMALE,NH_MALE,NH_FEMALE,NHWA_MALE,NHWA_FEMALE,NHBA_MALE,NHBA_FEMALE,NHIA_MALE,NHIA_FEMALE,NHAA_MALE,NHAA_FEMALE,NHNA_MALE,NHNA_FEMALE,NHTOM_MALE,NHTOM_FEMALE,NHWAC_MALE,NHWAC_FEMALE,NHBAC_MALE,NHBAC_FEMALE,NHIAC_MALE,NHIAC_FEMALE,NHAAC_MALE,NHAAC_FEMALE,NHNAC_MALE,NHNAC_FEMALE,H_MALE,H_FEMALE,HWA_MALE,HWA_FEMALE,HBA_MALE,HBA_FEMALE,HIA_MALE,HIA_FEMALE,HAA_MALE,HAA_FEMALE,HNA_MALE,HNA_FEMALE,HTOM_MALE,HTOM_FEMALE,HWAC_MALE,HWAC_FEMALE,HBAC_MALE,HBAC_FEMALE,HIAC_MALE,HIAC_FEMALE,HAAC_MALE,HAAC_FEMALE,HNAC_MALE,HNAC_FEMALE
R,7,2021,999,332100166,162980790,169119376,120747031,123610911,21236948,23264417,3238087,3166677,9992552,10962460,438243,437798,7327929,7677113,127471202,130643286,24014565,26223346,6371323,6550594,12244429,13230627,926839,926621,131587463,137426078,95717049,98271466,19386730,21363310,1135083,1168285,9578252,10541208,325580,324991,5444769,5756818,100718198,103549355,21404084,23533990,3275687,3537086,11371298,12347780,682987,683215,31393327,31693298,25029982,25339445,1850218,1901107,2103004,1998392,414300,421252,112663,112807,1883160,1920295,26753004,27093931,2610481,2689356,3095636,3013508,873131,882847,243852,243406
R,7,2021,0,3572165,1827405,1744760,1193236,1134466,299788,290902,41051,39451,107849,101966,6348,5927,179133,172048,1361060,1295385,386866,375243,90862,87397,170953,162163,16642,15764,1337828,1272529,841157,794943,258552,250780,12348,11870,98509,92954,4346,4043,122916,117939,956923,905893,317996,308544,40818,39070,144902,137144,10817,10073,489577,472231,352079,339523,41236,40122,28703,27581,9340,9012,2002,1884,56217,54109,404137,389492,68870,66699,50044,48327,26051,25019,5825,5691
R,7,2021,1,3697247,1889646,1807601,1245454,1187253,297671,289546,43135,41112,114412,108256,6699,6290,182275,175144,1416231,1351113,386313,375425,93541,89570,178740,169677,17155,16253,1399882,1337817,890142,845921,258861,252142,14168,13602,105419,99560,4655,4425,126637,122167,1009406,960839,320143,312002,43460,41750,153213,145335,11326,10666,489764,469784,355312,341332,38810,37404,28967,27510,8993,8696,2044,1865,55638,52977,406825,390274,66170,63423,50081,47820,25527,24342,5829,5587
R,7,2021,2,3756935,1917854,1839081,1270615,1213624,300654,293433,44203,42816,114863,109164,6951,6662,180568,173382,1439755,1375808,388000,377737,94486,91091,178452,170100,17519,16625,1425582,1364116,911046,866275,262436,256624,15127,14648,105907,100528,4854,4781,126212,121260,1029843,980240,323364,315762,44445,42770,153452,145846,11604,11129,492272,474965,359569,347349,38218,36809,29076,28168,8956,8636,2097,1881,54356,52122,409912,395568,64636,61975,50041,48321,25000,24254,5915,5496
R,7,2021,3,3832978,1957994,1874984,1299518,1240388,308134,299913,45702,44010,118046,112152,7211,6605,179383,171916,1467486,1401074,394302,383102,96222,92276,181264,172576,17908,16588,1460494,1394540,934619,887809,270071,263080,15300,14780,109256,103581,5140,4697,126108,120593,1053240,1001109,330635,321573,44922,42831,156752,148791,12061,11050,497500,480444,364899,352579,38063,36833,30402,29230,8790,8571,2071,1908,53275,51323,414246,399965,63667,61529,51300,49445,24512,23785,5847,5538
R,7,2021,4,3894042,1990327,1903715,1325482,1263183,308793,299883,47219,45807,123071,117005,7351,6872,178411,170965,1492148,1422801,393249,382072,98380,95139,186124,176567,18154,17015,1482541,1413156,950811,901717,270564,262873,16159,15562,114032,108400,5253,4877,125722,119727,1068831,1014094,329959,320638,46268,44364,161585,152813,12263,11341,507786,490559,374671,361466,38229,37010,31060,30245,9039,8605,2098,1995,52689,51238,423317,408707,63290,61434,52112,50775,24539,23754,5891,5674
R,7,2021,5,3982515,2034615,1947900,1367755,1303177,309112,302034,48844,47194,122566,117088,7268,6952,179070,171455,1535094,1463231,393129,383504,101389,97509,185389,176712,18144,17272,1512553,1446331,980493,930430,270901,265374,16438,16156,113511,108450,5194,4961,126016,120960,1098852,1043927,330240,323206,47364,45873,160585,153168,12179,11610,522062,501569,387262,372747,38211,36660,32406,31038,9055,8638,2074,1991,53054,50495,436242,419304,62889,60298,54025,51636,24804,23544,5965,5662
R,7,2021,6,4010593,2049221,1961372,1376242,1312688,314016,304691,49485,47920,125537,118708,7230,7000,176711,170365,1541361,1471679,396775,385666,102176,98573,186954,177323,17763,17046,1527120,1458117,987377,938326,275727,267705,16874,16185,116677,110300,5194,4961,125271,120640,1104996,1051471,334598,325467,48265,46137,163008,154484,12067,11471,522101,503255,388865,374362,38289,36986,32611,31735,8860,8408,2036,2039,51440,49725,436365,420208,62177,60199,53911,52436,23946,22839,5696,5575
R,7,2021,7,3997065,2043701,1953364,1378199,1311295,311628,302885,49636,47630,123721,117860,7291,6988,173226,166706,1540117,1466882,391946,381660,102097,98092,183860,174779,17749,16982,1525363,1453880,991028,938744,273902,266180,16860,16191,114939,109560,5202,4932,123432,118273,1106955,1049707,331342,322638,48330,46203,160561,152437,12075,11477,518338,499484,387171,372551,37726,36705,32776,31439,8782,8300,2089,2056,49794,48433,433162,417175,60604,59022,53767,51889,23299,22342,5674,5505
R,7,2021,8,4006869,2047028,1959841,1379854,1316309,311553,303282,49864,47963,128046,121169,7456,6976,170255,164142,1538690,1469228,390002,379731,102326,98860,187067,177328,17832,16830,1527957,1459012,990341,940857,274200,267068,17108,16318,119511,112869,5297,4938,121500,116962,1104318,1050352,330403,322006,48643,46809,164357,155462,12126,11404,519071,500829,389513,375452,37353,36214,32756,31645,8535,8300,2159,2038,48755,47180,434372,418876,59599,57725,53683,52051,22710,21866,5706,5426
R,7,2021,9,4020066,2055456,1964610,1391225,1324620,313466,303686,51261,49139,124873,118700,7275,6904,167356,161561,1547255,1475142,390189,378222,103965,100005,182189,173625,17508,16714,1531317,1460676,997134,945462,275988,267868,17026,16436,116335,110593,5141,4859,119693,115458,1109298,1053496,331233,321658,48853,47122,160000,152403,11915,11395,524139,503934,394091,379158,37478,35818,34235,32703,8538,8107,2134,2045,47663,46103,437957,421646,58956,56564,55112,52883,22189,21222,5593,5319
R,7,2021,10,4079899,2087925,1991974,1417895,1346572,319391,309314,51733,50096,123803,117596,7361,7090,167742,161306,1574254,1496730,395442,383273,105742,102038,180855,172113,17600,16922,1549791,1474406,1010867,956243,281477,272460,17212,16502,115115,109280,5199,4957,119921,114964,1123206,1063713,336357,325740,49900,47842,158452,150611,12034,11388,538134,517568,407028,390329,37914,36854,34521,33594,8688,8316,2162,2133,47821,46342,451048,433017,59085,57533,55842,54196,22403,21502,5566,5534
R,7,2021,11,4174119,2134794,2039325,1454444,1384448,326545,315314,52295,50108,124091,118527,7244,6924,170175,164004,1613150,1537234,403859,390936,107402,103294,181318,172923,17552,16868,1577882,1505487,1027252,974552,289194,279274,17223,17011,115780,110661,5073,4838,123360,119151,1142805,1086024,345718,334675,51159,50151,159964,152526,12073,11510,556912,533838,427192,409896,37351,36040,35072,33097,8311,7866,2171,2086,46815,44853,470345,451210,58141,56261,56243,53143,21354,20397,5479,5358
R,7,2021,12,4251285,2174616,2076669,1488187,1414291,333020,321897,52495,50863,123806,118864,7171,6959,169937,163795,1646258,1566868,409999,397412,108225,104340,180440,172415,17650,16925,1604958,1530341,1047473,991603,295442,285821,17833,17388,115450,110956,4909,4776,123851,119797,1163194,1103641,352349,341889,52516,50916,159314,152498,11986,11640,569658,546328,440714,422688,37578,36076,34662,33475,8356,7908,2262,2183,46086,43998,483064,463227,57650,55523,55709,53424,21126,19917,5664,5285
R,7,2021,13,4388243,2243315,2144928,1538313,1463643,342290,330738,54822,52767,128574,123488,7353,6938,171963,167354,1698225,1619133,419861,407351,112129,108827,185415,178103,18139,17032,1654456,1578585,1080104,1024485,304081,293947,18748,17782,120153,115288,5048,4758,126322,122325,1198001,1138665,361830,350899,54907,52935,164585,157488,12408,11646,588859,566343,458209,439158,38209,36791,36074,34985,8421,8200,2305,2180,45641,45029,500224,480468,58031,56452,57222,55892,20830,20615,5731,5386
R,7,2021,14,4383705,2243732,2139973,1546675,1468710,340567,326768,55829,52969,125889,120599,7307,7052,167465,163875,1702259,1620783,415310,400707,113182,108961,180788,173857,17698,17206,1654943,1575608,1088607,1029110,302838,290885,18444,17877,117393,112644,4960,4829,122701,120263,1203106,1141242,358216,346034,54596,53205,160179,154075,12127,11739,588789,564365,458068,439600,37729,35883,37385,35092,8496,7955,2347,2223,44764,43612,499153,479541,57094,54673,58586,55756,20609,19782,5571,5467
R,7,2021,15,4323562,2213336,2110226,1537356,1455557,329392,318706,54525,52543,123471,119903,7187,6781,161405,156736,1687317,1601118,399927,388040,111068,107089,176457,170918,17090,16459,1636616,1557495,1086038,1023847,293399,283929,18181,17540,115285,112328,4944,4621,118769,115230,1196872,1131373,345864,335836,54158,52229,156861,151982,11774,11263,576720,552731,451318,431710,35993,34777,36344,35003,8186,7575,2243,2160,42636,41506,490445,469745,54063,52204,56910,54860,19596,18936,5316,5196
R,7,2021,16,4311859,2209050,2102809,1539982,1455701,326623,312837,54366,52733,124589,122783,7121,6810,156369,151945,1685071,1596493,393719,379480,110452,106914,175960,171940,16781,16098,1637164,1557606,1091376,1028824,291209,279161,18151,17430,116679,115432,4904,4719,114845,112040,1198332,1133028,340964,328977,53883,51959,156969,154130,11580,11170,571886,545203,448606,426877,35414,33676,36215,35303,7910,7351,2217,2091,41524,39905,486739,463465,52755,50503,56569,54955,18991,17810,5201,4928
R,7,2021,17,4337844,2223869,2113975,1557181,1469453,326044,312762,54399,51625,126283,124827,7210,6763,152752,148545,1698780,1607327,390533,376854,110039,105619,176351,172764,16783,15877,1657350,1574071,1111246,1044976,291577,279794,18205,17239,118505,117628,4981,4663,112836,109771,1216288,1147156,339693,327765,54078,52156,158006,155334,11629,11010,566519,539904,445935,424477,34467,32968,36194,34386,7778,7199,2229,2100,39916,38774,482492,460171,50840,49089,55961,53463,18345,17430,5154,4867
R,7,2021,18,4307633,2207421,2100212,1546646,1461420,324486,311938,54561,50663,127657,126269,7197,6749,146874,143173,1682775,1594060,385753,372397,109445,104017,175433,172573,16362,15404,1647317,1567342,1105556,1041755,290243,279412,17823,16668,120171,118905,5001,4697,108523,105905,1206448,1140238,336023,324839,53302,51176,157832,155364,11403,10823,560104,532870,441090,419665,34243,32526,36738,33995,7486,7364,2196,2052,38351,37268,476327,453822,49730,47558,56143,52841,17601,17209,4959,4581
R,7,2021,19,4384474,2230241,2154233,1559624,1494554,336649,331418,54069,50433,133190,133024,7181,7027,139528,137777,1688524,1621448,394444,390127,106516,101575,178734,177501,16191,15912,1669290,1619551,1116215,1072007,301782,297593,17634,17031,125718,125760,5051,4980,102890,102180,1211547,1166428,344927,341723,51348,50223,161531,160837,11410,11295,560951,534682,443409,422547,34867,33825,36435,33402,7472,7264,2130,2047,36638,35597,476977,455020,49517,48404,55168,51352,17203,16664,4781,4617
R,7,2021,20,4658564,2357693,2300871,1646631,1598840,359408,356388,54751,50843,151678,151531,7823,7776,137402,135493,1772728,1723367,416300,414156,105848,99660,197002,196303,17276,16991,1784956,1753506,1193348,1163650,322614,321824,18038,17764,143982,143967,5633,5564,101341,100737,1286587,1256409,364917,365385,51048,49245,179803,179751,12323,12213,572737,547365,453283,435190,36794,34564,36713,33079,7696,7564,2190,2212,36061,34756,486141,466958,51383,48771,54800,50415,17199,16552,4953,4778
R,7,2021,21,4685525,2374430,2311095,1668064,1610867,358310,357734,54681,49761,154314,153859,8211,7752,130850,131122,1788122,1731134,411967,413747,104160,97418,197179,197062,17106,16435,1807543,1773313,1217385,1182890,322474,323291,18129,17255,146716,146316,6008,5578,96831,97983,1306439,1273025,362462,365549,49961,48206,180948,180910,12442,11768,566887,537782,450679,427977,35836,34443,36552,32506,7598,7543,2203,2174,34019,33139,481683,458109,49505,48198,54199,49212,16231,16152,4664,4667
R,7,2021,22,4542160,2305444,2236716,1628502,1566878,340287,340205,52097,47729,151726,149306,7985,7512,124847,125086,1742982,1681751,390863,392986,99641,93771,192720,190160,16701,15844,1761109,1719622,1194886,1155036,306157,307230,17162,16378,144329,141869,5780,5460,92795,93649,1280152,1241265,344116,347275,48143,46550,177035,174537,12056,11418,544335,517094,433616,411842,34130,32975,34935,31351,7397,7437,2205,2052,32052,31437,462830,440486,46747,45711,51498,47221,15685,15623,4645,4426
R,7,2021,23,4412158,2241940,2170218,1582017,1516892,328307,327363,51078,46731,154535,151933,7715,7333,118288,119966,1690406,1627032,375745,377681,96763,91400,192964,190710,15789,15157,1715476,1671706,1162695,1119212,295392,296206,16399,15715,147423,144736,5647,5303,87920,90534,1243364,1202597,330999,334595,46004,45071,178307,176211,11545,11017,526464,498512,419322,397680,32915,31157,34679,31016,7112,7197,2068,2030,30368,29432,447042,424435,44746,43086,50759,46329,14657,14499,4244,4140
R,7,2021,24,4307794,2189384,2118410,1544182,1479817,316725,316190,50155,45430,157547,153756,7396,7021,113379,116196,1647898,1586341,361501,364110,94636,89818,194514,191154,15189,14577,1673352,1630592,1133352,1090936,284580,285817,15605,14847,150609,146904,5389,5158,83817,86930,1210257,1170787,317770,322165,44247,43700,180298,177112,11047,10610,516032,487818,410830,388881,32145,30373,34550,30583,6938,6852,2007,1863,29562,29266,437641,415554,43731,41945,50389,46118,14216,14042,4142,3967
R,7,2021,25,4292420,2179317,2113103,1540991,1477207,309392,312822,50432,45665,160439,156799,7415,6964,110648,113646,1642206,1581328,352622,358934,94390,90084,196273,193242,15216,14453,1668616,1628092,1134698,1091031,277864,282595,15420,14609,153479,149779,5404,5170,81751,84908,1209718,1169025,309778,317408,43693,43461,182365,179281,11079,10654,510701,485011,406293,386176,31528,30227,35012,31056,6960,7020,2011,1794,28897,28738,432488,412303,42844,41526,50697,46623,13908,13961,4137,3799
R,7,2021,26,4331733,2193631,2138102,1552070,1492881,314967,322319,50701,45979,160359,157773,7579,7130,107955,112020,1650452,1595118,356725,367670,94503,90217,195163,193359,15256,14803,1683970,1650788,1146828,1104766,283223,291172,15491,14823,153214,150934,5612,5256,79602,83837,1219443,1181429,313982,325225,43714,43891,181362,179900,11232,10916,509661,487314,405242,388115,31744,31147,35210,31156,7145,6839,1967,1874,28353,28183,431009,413689,42743,42445,50789,46326,13801,13459,4024,3887
R,7,2021,27,4372373,2207529,2164844,1561940,1506651,319292,332234,50320,46439,162238,160568,7436,7176,106303,111776,1658610,1608763,359383,376721,94198,91808,196624,195854,15327,14790,1702685,1677167,1159726,1118643,288082,300986,15714,15023,155400,153684,5499,5244,78264,83587,1230955,1195172,317573,334305,43807,44938,183359,182373,11333,10861,504844,487677,402214,388008,31210,31248,34606,31416,6838,6884,1937,1932,28039,28189,427655,413591,41810,42416,50391,46870,13265,13481,3994,3929
R,7,2021,28,4427647,2229260,2198387,1577694,1526933,323812,340215,51552,47454,164771,166221,7521,7228,103910,110336,1672034,1627481,362800,383611,95120,93640,198127,200538,15238,14738,1726532,1710665,1177572,1139511,292531,308768,16071,15508,158051,159349,5602,5254,76705,82275,1247294,1214615,321164,340917,44208,46053,185208,187367,11313,10800,502728,487722,400122,387422,31281,31447,35481,31946,6720,6872,1919,1974,27205,28061,424740,412866,41636,42694,50912,47587,12919,13171,3925,3938
R,7,2021,29,4513160,2266304,2246856,1612434,1564900,325072,345394,51722,48138,166227,171175,7295,7042,103554,110207,1706747,1665399,362511,387295,96592,95478,199033,205350,14953,14535,1762965,1756892,1210906,1175160,294068,313418,16561,16237,159525,164433,5412,5270,76493,82374,1280641,1250457,321258,344363,45904,47918,186282,192311,11148,10806,503339,489964,401528,389740,31004,31976,35161,31901,6702,6742,1883,1772,27061,27833,426106,414942,41253,42932,50688,47560,12751,13039,3805,3729
R,7,2021,30,4608103,2307671,2300432,1645905,1601328,329741,354372,52749,48867,170132,178822,7671,7341,101473,109702,1737588,1701130,366012,395535,97129,96755,202877,213078,15384,14988,1804463,1810858,1245833,1213204,298032,322175,16945,16522,163263,171747,5746,5467,74644,81743,1313409,1287733,324172,352246,45690,48442,190054,199704,11470,11209,503208,489574,400072,388124,31709,32197,35804,32345,6869,7075,1925,1874,26829,27959,424179,413397,41840,43289,51439,48313,12823,13374,3914,3779
R,7,2021,31,4654862,2326881,2327981,1664434,1622560,330767,357435,52541,48695,172308,183378,7536,7345,99295,108568,1754464,1721340,365174,396908,96450,97829,204473,216648,15139,14770,1828577,1840762,1267344,1235751,299578,325184,16911,16652,165698,176660,5596,5462,73450,81053,1334008,1309582,324238,353793,45757,49833,192123,203956,11305,11100,498304,487219,397090,386809,31189,32251,35630,32043,6610,6718,1940,1883,25845,27515,420456,411758,40936,43115,50693,47996,12350,12692,3834,3670
R,7,2021,32,4526343,2259675,2266668,1621129,1580696,315564,344123,50478,47312,170541,184620,7154,6904,94809,103013,1707103,1674204,347946,380814,93346,94364,200888,216622,14299,14069,1785355,1801489,1243309,1210668,286153,313466,16338,16370,164216,178175,5391,5161,69948,77649,1306726,1281166,309227,340271,44345,48526,189220,204729,10891,10652,474320,465179,377820,370028,29411,30657,34140,30942,6325,6445,1763,1743,24861,25364,400377,393038,38719,40543,49001,45838,11668,11893,3408,3417
R,7,2021,33,4460665,2222109,2238556,1604169,1570530,302674,332255,50676,46864,165979,182012,6984,6861,91627,100034,1687262,1661426,332891,367660,92558,93558,195392,212490,13984,13773,1752311,1778653,1229199,1204500,274241,302562,16064,15753,159789,175748,5233,5166,67785,74924,1290687,1272723,295788,328112,43529,47497,184180,200884,10566,10454,469798,459903,374970,366030,28433,29693,34612,31111,6190,6264,1751,1695,23842,25110,396575,388703,37103,39548,49029,46061,11212,11606,3418,3319
R,7,2021,34,4415074,2199153,2215921,1595720,1560492,296060,325655,49654,46353,162609,178984,7023,6729,88087,97708,1675417,1649327,325053,359640,90973,93024,190560,208516,13778,13330,1737686,1761087,1226494,1198269,268706,296745,15690,15383,156537,172728,5300,5007,64959,72955,1285160,1264653,289314,321055,42746,47155,179707,197201,10533,10018,461467,454834,369226,362223,27354,28910,33964,30970,6072,6256,1723,1722,23128,24753,390257,384674,35739,38585,48227,45869,10853,11315,3245,3312
R,7,2021,35,4448210,2215862,2232348,1612798,1578154,294005,324660,50429,47032,163925,180551,6985,6671,87720,95280,1692224,1664594,322106,356883,92368,93765,191602,208851,13839,13250,1750638,1777601,1240548,1214889,266515,296280,15459,15590,157890,174476,5317,5030,64909,71336,1299363,1279651,286196,319341,43347,47849,180862,197845,10536,10046,465224,454747,372250,363265,27490,28380,34970,31442,6035,6075,1668,1641,22811,23944,392861,384943,35910,37542,49021,45916,10740,11006,3303,3204
R,7,2021,36,4440159,2210572,2229587,1614560,1579275,290940,321033,49780,47092,163918,182170,6835,6643,84539,93374,1691086,1664052,317212,351780,91087,94029,190460,209529,13436,13134,1751355,1777682,1246337,1218015,264772,293126,15076,15631,157942,176226,5172,5043,62056,69641,1302481,1281257,282991,314867,42398,47928,179880,198928,10192,9993,459217,451905,368223,361260,26168,27907,34704,31461,5976,5944,1663,1600,22483,23733,388605,382795,34221,36913,48689,46101,10580,10601,3244,3141
R,7,2021,37,4322361,2147699,2174662,1568801,1539952,279539,311566,48938,45913,162456,180443,6617,6525,81348,90263,1642088,1621623,304545,340747,89475,92224,187789,206869,13047,12970,1701098,1732083,1210639,1184905,254156,285019,14879,15130,156673,174709,5004,4843,59747,67477,1264371,1245951,271595,305632,41718,47248,177625,196496,9964,9819,446601,442579,358162,355047,25383,26547,34059,30783,5783,5734,1613,1682,21601,22786,377717,375672,32950,35115,47757,44976,10164,10373,3083,3151
R,7,2021,38,4379863,2171247,2208616,1589305,1566570,283041,315492,49728,47353,160630,181732,6431,6556,82112,90913,1663543,1648667,308032,344516,91326,95124,185507,207691,12830,12981,1721521,1757893,1227959,1205341,257768,288417,15133,15477,155113,175986,4822,4914,60726,67758,1282790,1266533,275252,308860,43127,48599,175717,197426,9729,9827,449726,450723,361346,361229,25273,27075,34595,31876,5517,5746,1609,1642,21386,23155,380753,382134,32780,35656,48199,46525,9790,10265,3101,3154
R,7,2021,39,4354778,2154009,2200769,1581200,1563313,280448,314607,49182,46945,157597,180019,6361,6471,79221,89414,1652701,1644036,304433,343288,89983,94540,181206,205104,12597,12752,1706774,1750795,1221424,1201820,255346,287857,14918,14929,152047,174337,4772,4777,58267,67075,1273871,1262428,272187,308178,42231,48313,171503,195021,9611,9601,447235,449974,359776,361493,25102,26750,34264,32016,5550,5682,1589,1694,20954,22339,378830,381608,32246,35110,47752,46227,9703,10083,2986,3151
R,7,2021,40,4320584,2138310,2182274,1573576,1554118,279971,313553,48999,46838,151095,174276,6266,6180,78403,87309,1644114,1633018,303583,341422,89947,93845,174050,198283,12366,12183,1694583,1735779,1216340,1194905,255563,287346,14674,15021,145575,168661,4634,4592,57797,65254,1268264,1253885,272093,307116,42224,47863,164578,188495,9300,9160,443727,446495,357236,359213,24408,26207,34325,31817,5520,5615,1632,1588,20606,22055,375850,379133,31490,34306,47723,45982,9472,9788,3066,3023
R,7,2021,41,4317608,2136579,2181029,1569662,1549488,285039,318402,49125,47155,149405,173171,6381,6387,76967,86426,1639006,1627427,308135,345922,90106,94203,171411,196643,12267,12468,1690632,1733875,1209583,1189309,260891,292410,14794,15224,143915,167683,4771,4727,56678,64522,1260508,1247464,276954,311865,42523,48215,162111,186999,9383,9369,445947,447154,360079,360179,24148,25992,34331,31931,5490,5488,1610,1660,20289,21904,378498,379963,31181,34057,47583,45988,9300,9644,2884,3099
R,7,2021,42,4113713,2030778,2082935,1493949,1481974,269285,302322,46598,44558,142867,166976,5950,5816,72129,81289,1558860,1555215,290646,328054,85278,88951,163399,188905,11466,11426,1612341,1657733,1155814,1138971,246789,277817,13990,14019,137867,161680,4438,4300,53443,60946,1203865,1193896,261729,295876,40332,45383,154922,179833,8722,8596,418437,425202,338135,343003,22496,24505,32608,30539,5000,5296,1512,1516,18686,20343,354995,361319,28917,32178,44946,43568,8477,9072,2744,2830
R,7,2021,43,4015267,1980026,2035241,1464014,1456286,257753,289715,45144,44165,137904,161010,5540,5607,69671,78458,1526846,1526937,277988,313997,83034,87589,157716,182305,10585,10908,1568585,1615414,1129869,1116303,236397,266327,13462,14077,133094,155765,4166,4147,51597,58795,1176340,1169210,250497,283553,39346,44771,149569,173312,8031,8274,411441,419827,334145,339983,21356,23388,31682,30088,4810,5245,1374,1460,18074,19663,350506,357727,27491,30444,43688,42818,8147,8993,2554,2634
R,7,2021,44,3972331,1955810,2016521,1446782,1442471,253378,287407,44930,43387,137398,160914,5489,5609,67833,76733,1507882,1511633,273072,310874,82414,86652,156269,181426,10518,10791,1551227,1599059,1117445,1102898,232918,264533,13780,14139,132574,155839,4059,4138,50451,57512,1162795,1154697,246550,280998,39627,44781,148326,172769,7928,8101,404583,417462,329337,339573,20460,22874,31150,29248,4824,5075,1430,1471,17382,19221,345087,356936,26522,29876,42787,41871,7943,8657,2590,2690
R,7,2021,45,3851297,1897541,1953756,1401098,1398229,243962,275417,43627,41992,138038,160227,5206,5319,65610,72572,1460143,1463448,262274,297508,80464,83214,156076,179375,10074,10150,1501946,1545987,1078375,1064946,224277,253828,13148,13403,133473,155247,3939,3928,48734,54635,1122149,1113990,236996,269531,38567,42674,148549,171188,7738,7703,395595,407769,322723,333283,19685,21589,30479,28589,4565,4980,1267,1391,16876,17937,337994,349458,25278,27977,41897,40540,7527,8187,2336,2447
R,7,2021,46,3899633,1921870,1977763,1423741,1420798,245808,276169,42581,41987,140860,162503,5151,5118,63729,71188,1481001,1484861,263624,297158,78665,82754,158141,181432,9725,9718,1531838,1574674,1104350,1090352,226637,255290,13181,13652,136300,157679,3903,3830,47467,53871,1146895,1138714,239174,270215,38248,42846,150650,173499,7430,7379,390032,403089,319391,330446,19171,20879,29400,28335,4560,4824,1248,1288,16262,17317,334106,346147,24450,26943,40417,39908,7491,7933,2295,2339
R,7,2021,47,3810502,1875900,1934602,1389578,1390269,239012,269296,41552,40032,139509,160754,4846,5116,61403,69135,1444791,1452451,255935,289520,76613,79929,156154,178997,9225,9579,1499976,1544099,1080785,1068811,221073,249415,12902,13447,135236,156158,3705,3759,46275,52509,1122251,1115925,233036,263894,37754,42230,149206,171411,7099,7249,375924,390503,308793,321458,17939,19881,28650,26585,4273,4596,1141,1357,15128,16626,322540,336526,22899,25626,38859,37699,6948,7586,2126,2330
R,7,2021,48,3877568,1903151,1974417,1408949,1417855,246588,278470,40990,40269,140620,163693,4892,5026,61112,69104,1463892,1479870,263208,298732,76099,80351,157081,181715,9191,9539,1532160,1586329,1103932,1097817,228880,258792,13220,13829,136359,159104,3716,3776,46053,53011,1145166,1145323,240599,273367,38089,43189,150185,174220,7133,7283,370991,388088,305017,320038,17708,19678,27770,26440,4261,4589,1176,1250,15059,16093,318726,334547,22609,25365,38010,37162,6896,7495,2058,2256
R,7,2021,49,4042660,1984873,2057787,1483797,1492724,253085,286643,40790,39734,140214,163502,4758,4978,62229,70206,1539745,1555934,269684,306579,77317,81377,156366,181182,9156,9514,1617621,1673388,1180367,1175025,235826,267382,13756,13975,136035,158975,3602,3730,48035,54301,1223416,1223795,247953,281912,40492,44883,149731,173931,7097,7289,367252,384399,303430,317699,17259,19261,27034,25759,4179,4527,1156,1248,14194,15905,316329,332139,21731,24667,36825,36494,6635,7251,2059,2225
R,7,2021,50,4293737,2111712,2182025,1597039,1602460,265909,300892,40923,40494,138040,160303,5048,5017,64753,72859,1655384,1668103,282845,321305,79829,84474,154330,177920,9587,9703,1741839,1797167,1291250,1283982,248432,281552,14174,14745,133782,155867,3822,3841,50379,57180,1336595,1335342,260679,296651,43089,48242,147640,170754,7436,7617,369873,384858,305789,318478,17477,19340,26749,25749,4258,4436,1226,1176,14374,15679,318789,332761,22166,24654,36740,36232,6690,7166,2151,2086
R,7,2021,51,4260472,2095435,2165037,1592319,1600371,259870,291648,40168,39257,135905,158157,4841,4996,62332,70608,1648472,1663911,276129,311268,77780,82378,151159,175019,9349,9666,1733155,1792247,1292446,1291574,242775,273174,13616,14611,131891,153802,3701,3842,48726,55244,1336233,1341158,254759,287757,41840,47234,144885,167975,7359,7604,362280,372790,299873,308797,17095,18474,26552,24646,4014,4355,1140,1154,13606,15364,312239,322753,21370,23511,35940,35144,6274,7044,1990,2062
R,7,2021,52,4104323,2014157,2090166,1537843,1552251,245283,277186,38166,37749,129709,151750,4513,4826,58643,66404,1590842,1612101,260275,295237,74037,79113,143937,167064,8553,9048,1670786,1735405,1252460,1257907,229571,259774,13486,14223,126015,147683,3474,3680,45780,52138,1293750,1304832,240497,272950,40438,45915,138099,160581,6742,7042,343371,354761,285383,294344,15712,17412,24680,23526,3694,4067,1039,1146,12863,14266,297092,307269,19778,22287,33599,33198,5838,6483,1811,2006
R,7,2021,53,4008471,1963930,2044541,1499659,1517980,244988,278407,37124,36095,122844,144528,4429,4674,54886,62857,1549066,1574450,258962,295670,71172,75451,135753,158758,8257,8833,1630522,1699964,1222340,1230902,229593,261585,13173,13944,119216,140594,3425,3592,42775,49347,1260697,1275130,239736,274254,38965,44188,130074,152491,6521,6957,333408,344577,277319,287078,15395,16822,23951,22151,3628,3934,1004,1082,12111,13510,288369,299320,19226,21416,32207,31263,5679,6267,1736,1876
R,7,2021,54,4015778,1963300,2052478,1512480,1538972,243281,278664,35715,35496,113844,132874,4483,4537,53497,61935,1560794,1594795,256742,295658,69450,74816,125922,146078,8178,8519,1641543,1718953,1243779,1260972,228825,262114,13275,14118,110426,129198,3437,3482,41801,49069,1281450,1305092,238662,274815,38756,44661,120643,140304,6469,6689,321757,333525,268701,278000,14456,16550,22440,21378,3418,3676,1046,1055,11696,12866,279344,289703,18080,20843,30694,30155,5279,5774,1709,1830
R,7,2021,55,4104683,2005672,2099011,1542702,1571715,253062,290154,35918,35968,115837,134400,4424,4607,53729,62167,1590787,1627485,266759,307113,70106,75771,127735,147673,8254,8631,1684973,1767024,1274558,1294674,238217,273940,13772,14678,112555,130784,3424,3564,42447,49384,1312426,1338911,248260,286506,40210,45801,122592,141921,6547,6810,320699,331987,268144,277041,14845,16214,22146,21290,3282,3616,1000,1043,11282,12783,278361,288574,18499,20607,29896,29970,5143,5752,1707,1821
R,7,2021,56,4280358,2084615,2195743,1616894,1660585,258424,297179,35816,35922,114908,133988,4320,4695,54253,63374,1665712,1717520,271758,314331,70727,76951,126735,147030,8120,8718,1769794,1867750,1352839,1385770,244329,281243,14264,15577,111721,130481,3336,3684,43305,50995,1391699,1431543,254293,294223,41473,48159,121817,141455,6456,6976,314821,327993,264055,274815,14095,15936,21552,20345,3187,3507,984,1011,10948,12379,274013,285977,17465,20108,29254,28792,4918,5575,1664,1742
R,7,2021,57,4380463,2128655,2251808,1661222,1714454,257648,297074,35132,35515,116092,136757,4094,4497,54467,63511,1710270,1771577,270928,313528,70832,77337,127518,149795,7817,8513,1826266,1932678,1407408,1446787,243940,281474,14559,15737,113134,133524,3250,3490,43975,51666,1446883,1493137,253958,294043,42927,49402,122879,144650,6310,6816,302389,319130,253814,267667,13708,15600,20573,19778,2958,3233,844,1007,10492,11845,263387,278440,16970,19485,27905,27935,4639,5145,1507,1697
R,7,2021,58,4381528,2125468,2256060,1665373,1726324,252908,293307,33933,34278,116170,135407,3989,4454,53095,62290,1713138,1782294,265503,309525,68975,75517,127329,147864,7522,8305,1837504,1950182,1423061,1469135,240041,278768,14589,15673,113294,132090,3177,3551,43342,50965,1461965,1514837,249651,291312,42728,49093,122906,142726,6153,6741,287964,305878,242312,257189,12867,14539,19344,18605,2876,3317,812,903,9753,11325,251173,267457,15852,18213,26247,26424,4423,5138,1369,1564
R,7,2021,59,4362599,2112076,2250523,1671251,1740016,247847,288994,32279,33328,104922,123032,4116,4419,51661,60734,1717876,1794758,259818,304547,66615,73938,115686,134923,7515,8144,1837055,1957348,1439257,1492727,235692,275443,14211,15528,102231,120014,3304,3522,42360,50114,1477397,1537805,244926,287544,41904,48751,111598,130241,6168,6615,275021,293175,231994,247289,12155,13551,18068,17800,2691,3018,812,897,9301,10620,240479,256953,14892,17003,24711,25187,4088,4682,1347,1529
R,7,2021,60,4399164,2124727,2274437,1691468,1768290,246345,288540,31230,32640,100831,120862,3931,4174,50922,59931,1737373,1822183,258403,303679,65300,73125,111303,132450,7227,7894,1862064,1991952,1469864,1530139,234825,275479,14040,15658,98289,117998,3142,3355,41904,49323,1507548,1574418,244061,287181,41718,48744,107342,127927,5900,6373,262663,282485,221604,238151,11520,13061,17190,16982,2542,2864,789,819,9018,10608,229825,247765,14342,16498,23582,24381,3961,4523,1327,1521
R,7,2021,61,4343170,2091784,2251386,1661139,1746065,244056,287042,30775,31951,102879,124112,3692,4115,49243,58101,1705501,1798172,255444,302157,63711,70818,113075,135456,6923,7619,1836505,1975759,1445698,1513566,232765,274254,13897,15336,100411,121329,2992,3326,40742,47948,1482288,1556447,241613,286041,40753,47198,109340,131040,5697,6237,255279,275627,215441,232499,11291,12788,16878,16615,2468,2783,700,789,8501,10153,223213,241725,13831,16116,22958,23620,3735,4416,1226,1382
R,7,2021,62,4251638,2040305,2211333,1629435,1724255,234660,279060,28659,30402,97227,118393,3539,3810,46785,55413,1671493,1774178,245521,293103,60204,67863,106791,128974,6462,7095,1803981,1953482,1429905,1506322,224264,267344,13198,14861,94895,115780,2873,3125,38846,46050,1464760,1547692,232789,278413,38980,45797,103270,124936,5331,5841,236324,257851,199530,217933,10396,11716,15461,15541,2332,2613,666,685,7939,9363,206733,226486,12732,14690,21224,22066,3521,4038,1131,1254
R,7,2021,63,4219071,2018559,2200512,1619394,1725198,226570,270479,26686,28937,97779,118814,3307,3601,44823,53483,1659769,1773285,236891,284078,56892,65401,106910,128900,6103,6660,1797767,1954949,1432355,1517198,216737,259366,12857,14458,95665,116341,2708,2921,37445,44665,1465977,1557280,224842,270158,37805,44670,103692,125098,5086,5455,220792,245563,187039,208000,9833,11113,13829,14479,2114,2473,599,680,7378,8818,193792,216005,12049,13920,19087,20731,3218,3802,1017,1205
R,7,2021,64,4158738,1982230,2176508,1596595,1711857,219853,266733,26115,27807,93472,115521,3259,3500,42936,51090,1635234,1757772,229764,279623,55258,62999,102080,124805,5928,6477,1770647,1938335,1417236,1509515,210687,256013,12537,13912,91462,113271,2720,2834,36005,42790,1449556,1547850,218528,266328,36702,43222,99067,121295,4990,5343,211583,238173,179359,202342,9166,10720,13578,13895,2010,2250,539,666,6931,8300,185678,209922,11236,13295,18556,19777,3013,3510,938,1134
R,7,2021,65,3991717,1896209,2095508,1529863,1649496,207395,254302,24268,26115,91424,113927,2951,3286,40308,48382,1566234,1692969,216646,266510,51492,59315,99412,122917,5554,6099,1696948,1869790,1360879,1457311,198796,244061,11595,13464,89496,111673,2424,2709,33758,40572,1391266,1493671,206071,253745,34135,41183,96508,119497,4607,5092,199261,225718,168984,192185,8599,10241,12673,12651,1928,2254,527,577,6550,7810,174968,199298,10575,12765,17357,18132,2904,3420,947,1007
R,7,2021,66,3910508,1852361,2058147,1500873,1628301,198452,244307,23082,25043,89108,111657,2827,3214,38019,45625,1534974,1669086,207302,255922,48884,56151,96637,120345,5332,6020,1663170,1841616,1340339,1443904,190117,234678,11233,12625,87354,109599,2329,2627,31798,38183,1368796,1477884,197094,243860,32585,38468,93984,117202,4470,5019,189191,216531,160534,184397,8335,9629,11849,12418,1754,2058,498,587,6221,7442,166178,191202,10208,12062,16299,17683,2653,3143,862,1001
R,7,2021,67,3754519,1768507,1986012,1444512,1582109,183187,230716,20730,23038,83202,104715,2563,3004,34313,42430,1475427,1620095,191265,241658,44214,52254,89796,112291,4674,5578,1596438,1784795,1297852,1410043,175619,221847,10340,12020,81654,102759,2135,2461,28838,35665,1323766,1441880,181930,230527,29909,36520,87495,109345,3955,4665,172069,201217,146660,172066,7568,8869,10390,11018,1548,1956,428,543,5475,6765,151661,178215,9335,11131,14305,15734,2301,2946,719,913
R,7,2021,68,3601476,1690511,1910965,1389088,1531091,168704,215906,19147,21252,79154,99849,2396,2756,32022,40111,1417873,1567156,176148,226100,41022,48843,85384,107050,4431,5173,1530748,1722265,1252436,1369224,161851,207612,9736,11335,77722,98143,1993,2305,27010,33646,1276640,1399333,167752,215749,28036,34348,83259,104425,3734,4390,159763,188700,136652,161867,6853,8294,9411,9917,1432,1706,403,451,5012,6465,141233,167823,8396,10351,12986,14495,2125,2625,697,783
R,7,2021,69,3442703,1611437,1831266,1331867,1474748,156468,203395,17223,19741,74020,94326,2280,2582,29579,36474,1358478,1507398,163409,212703,37567,45088,79613,100695,4202,4812,1464787,1655979,1205902,1323895,150220,195813,8945,10565,72709,92741,1929,2161,25082,30804,1228367,1351369,155777,203201,26074,31982,77686,98310,3568,4072,146650,175287,125965,150853,6248,7582,8278,9176,1311,1585,351,421,4497,5670,130111,156029,7632,9502,11493,13106,1927,2385,634,740
R,7,2021,70,3310312,1541691,1768621,1275733,1422535,150190,199677,16312,18780,69669,90460,2056,2452,27731,34717,1300623,1453674,156741,208802,35596,43025,74686,96209,3804,4524,1401579,1600280,1155177,1277675,144274,192488,8469,9954,68497,88946,1762,2045,23400,29172,1176072,1303727,149511,199776,24653,30338,72909,93906,3276,3819,140112,168341,120556,144860,5916,7189,7843,8826,1172,1514,294,407,4331,5545,124551,149947,7230,9026,10943,12687,1777,2303,528,705
R,7,2021,71,3162119,1467440,1694679,1212915,1362379,140630,188376,15192,17309,70705,91747,1952,2204,26046,32664,1236331,1391565,146787,197007,33149,39832,75539,97452,3646,4236,1337071,1534133,1100607,1223687,135083,181421,8064,9406,69552,90258,1656,1857,22109,27504,1120409,1248146,139992,188340,23190,28344,73840,95197,3156,3617,130369,160546,112308,138692,5547,6955,7128,7903,1153,1489,296,347,3937,5160,115922,143419,6795,8667,9959,11488,1699,2255,490,619
R,7,2021,72,3059654,1413656,1645998,1180352,1338253,128632,173972,14061,16030,64638,84721,1864,2117,24109,30905,1202045,1365924,134140,182007,30844,37658,69040,89789,3501,4036,1294041,1497572,1076802,1209648,123792,167771,7596,8769,63537,83391,1571,1780,20743,26213,1095410,1233047,128226,174238,22009,27125,67465,87825,3012,3432,119615,148426,103550,128605,4840,6201,6465,7261,1101,1330,293,337,3366,4692,106635,132877,5914,7769,8835,10533,1575,1964,489,604
R,7,2021,73,2985237,1377534,1607703,1162022,1320764,117869,161907,12849,14962,60566,78733,1663,1955,22565,29382,1182395,1347107,123001,169478,28587,35536,64608,83522,3128,3732,1264780,1466622,1064065,1198347,113371,156006,7135,8236,59606,77481,1405,1635,19198,24917,1081331,1220595,117560,162110,20404,25644,63210,81673,2718,3203,112754,141081,97957,122417,4498,5901,5714,6726,960,1252,258,320,3367,4465,101064,126512,5441,7368,8183,9892,1398,1849,410,529
R,7,2021,74,3073559,1416249,1657310,1214927,1388121,109162,151191,12474,14420,55731,72877,1570,1662,22385,29039,1235190,1414358,114131,158563,28346,35065,59509,77398,2985,3364,1310782,1523159,1123103,1271327,105088,145715,7029,8130,54871,71720,1342,1391,19349,24876,1140612,1293736,109138,151716,20737,25861,58198,75658,2597,2887,105467,134151,91824,116794,4074,5476,5445,6290,860,1157,228,271,3036,4163,94578,120622,4993,6847,7609,9204,1311,1740,388,477
R,7,2021,75,2232858,1018548,1214310,859747,998528,84371,120183,9442,11672,47272,60998,1335,1564,16381,21365,874539,1017663,88209,125812,20638,26241,50286,64718,2500,3014,929661,1097890,782248,897312,80811,115174,5064,6233,46512,59962,1127,1309,13899,17900,794787,913263,83820,119657,14537,18427,49162,63200,2161,2569,88887,116420,77499,101216,3560,5009,4378,5439,760,1036,208,255,2482,3465,79752,104400,4389,6155,6101,7814,1124,1518,339,445
R,7,2021,76,2138495,967657,1170838,819939,966544,78923,115323,8659,10800,43769,57020,1152,1417,15215,19734,833652,984133,82472,120641,19102,24236,46577,60341,2279,2793,886545,1063609,749120,872638,75778,110981,4661,5947,43100,56118,980,1175,12906,16750,760702,887509,78604,115286,13458,17343,45583,59026,1977,2370,81112,107229,70819,93906,3145,4342,3998,4853,669,902,172,242,2309,2984,72950,96624,3868,5355,5644,6893,994,1315,302,423
R,7,2021,77,2057589,924243,1133346,788955,945021,71988,106099,8095,10034,40297,52044,1036,1305,13872,18843,801429,961811,75382,111294,17617,23042,42741,55059,2043,2607,850809,1033272,724668,857288,69143,102172,4469,5476,39758,51203,889,1091,11882,16042,735309,871525,71895,106427,12625,16545,41930,53844,1769,2235,73434,100074,64287,87733,2845,3927,3626,4558,539,841,147,214,1990,2801,66120,90286,3487,4867,4992,6497,811,1215,274,372
R,7,2021,78,2066779,921734,1145045,795731,966170,67712,103201,7244,9323,37062,47202,906,1159,13079,17990,807518,982270,70815,108114,16246,21783,39373,50020,1868,2366,853631,1050055,735923,883140,65065,99197,4099,5093,36483,46442,783,961,11278,15222,746086,896696,67572,103114,11874,15723,38515,48847,1621,2029,68103,94990,59808,83030,2647,4004,3145,4230,579,760,123,198,1801,2768,61432,85574,3243,5000,4372,6060,858,1173,247,337
R,7,2021,79,1756828,775230,981598,664278,822070,58453,89969,6277,8275,34288,44973,810,1088,11124,15223,674283,835706,61072,94013,13976,18846,36278,47487,1586,2059,715075,897555,611317,748216,56124,86759,3580,4499,33847,44282,688,896,9519,12903,619855,759699,58263,90028,10141,13474,35620,46475,1358,1762,60155,84043,52961,73854,2329,3210,2697,3776,441,691,122,192,1605,2320,54428,76007,2809,3985,3835,5372,658,1012,228,297
R,7,2021,80,1567101,682175,884926,583202,738515,51712,83382,5636,7467,31067,40773,772,909,9786,13880,592026,750876,54130,87241,12306,16962,32869,43107,1449,1870,627669,806650,535230,669546,49617,80372,3229,4141,30656,40155,663,756,8274,11680,542667,679913,51517,83455,8852,12132,32251,42178,1241,1589,54506,78276,47972,68969,2095,3010,2407,3326,411,618,109,153,1512,2200,49359,70963,2613,3786,3454,4830,618,929,208,281
R,7,2021,81,1423331,611510,811821,521099,676922,46715,76909,5176,6856,29176,37886,651,891,8693,12357,528874,687872,48873,80414,11046,15219,30831,39951,1263,1738,561275,738266,476910,612075,44793,73985,2875,3772,28771,37296,516,725,7410,10413,483524,621226,46531,76810,7830,10833,30246,39092,1063,1462,50235,73555,44189,64847,1922,2924,2301,3084,405,590,135,166,1283,1944,45350,66646,2342,3604,3216,4386,585,859,200,276
R,7,2021,82,1304871,556491,748380,477179,628571,40814,67904,4449,6217,25953,33808,531,790,7565,11090,483972,638429,42657,71034,9497,13691,27435,35633,1092,1565,511194,681396,437185,569314,39055,65273,2406,3491,25616,33280,434,666,6498,9372,442999,577599,40539,67790,6731,9821,26942,34876,943,1355,45297,66984,39994,59257,1759,2631,2043,2726,337,528,97,124,1067,1718,40973,60830,2118,3244,2766,3870,493,757,149,210
R,7,2021,83,1201974,504249,697725,433529,586914,36206,63153,3820,5729,23281,31293,504,671,6909,9965,439730,595774,37910,66032,8454,12308,24590,33031,983,1354,464025,636449,397731,532766,34725,60697,2234,3171,22969,30838,422,553,5944,8424,403059,540203,36101,63052,6223,8742,24139,32349,833,1154,40224,61276,35798,54148,1481,2456,1586,2558,312,455,82,118,965,1541,36671,55571,1809,2980,2231,3566,451,682,150,200
R,7,2021,84,1059406,437636,621770,375849,523346,31402,56058,3348,4954,20626,27959,426,652,5985,8801,381251,531100,32955,58611,7291,10694,21795,29587,868,1308,402236,566473,344442,474436,30085,53860,1864,2690,20352,27531,365,532,5128,7424,349054,480921,31324,55964,5242,7512,21397,28953,756,1106,35400,55297,31407,48910,1317,2198,1484,2264,274,428,61,120,857,1377,32197,50179,1631,2647,2049,3182,398,634,112,202
R,7,2021,85,960586,390762,569824,336370,479966,27992,51589,2935,4482,17889,25450,322,534,5254,7803,341088,486859,29375,53907,6268,9611,18977,26851,732,1079,359394,519655,308500,435463,26845,49700,1630,2454,17656,25046,264,444,4499,6548,312527,441216,27967,51569,4453,6775,18625,26258,637,917,31368,50169,27870,44503,1147,1889,1305,2028,233,404,58,90,755,1255,28561,45643,1408,2338,1815,2836,352,593,95,162
R,7,2021,86,874583,347761,526822,300507,445210,24207,46750,2588,4097,15684,23119,350,499,4425,7147,304463,451488,25400,48770,5370,8747,16591,24426,700,1034,319631,480558,275424,404154,23166,44977,1474,2213,15496,22753,291,413,3780,6048,278779,409429,24139,46603,3832,6178,16318,23904,601,884,28130,46264,25083,41056,1041,1773,1114,1884,188,366,59,86,645,1099,25684,42059,1261,2167,1538,2569,273,522,99,150
R,7,2021,87,736012,287927,448085,248761,378603,19982,39852,2110,3305,13146,19869,293,421,3635,6035,252012,383905,20910,41662,4430,7147,13925,21088,568,879,264598,409316,227995,344136,19163,38306,1144,1818,12978,19567,236,353,3082,5136,230733,348635,19915,39752,3076,5086,13674,20644,474,762,23329,38769,20766,34467,819,1546,966,1487,168,302,57,68,553,899,21279,35270,995,1910,1354,2061,251,444,94,117
R,7,2021,88,666774,255444,411330,221570,348919,17210,35318,1771,3018,11424,18455,220,396,3249,5224,224516,353474,18052,36826,3782,6353,12133,19497,467,836,235662,376680,203955,318011,16487,33998,999,1713,11266,18178,186,334,2769,4446,206455,321872,17165,35225,2707,4539,11899,19105,404,730,19782,34650,17615,30908,723,1320,772,1305,158,277,34,62,480,778,18061,31602,887,1601,1075,1814,234,392,63,106
R,7,2021,89,588556,219141,369415,191144,315316,13999,30619,1483,2653,9554,15821,182,366,2779,4640,193614,319359,14726,32051,3188,5565,10183,16723,433,759,201913,338809,175732,288015,13416,29469,786,1481,9427,15579,156,301,2396,3964,177860,291438,14043,30657,2223,3969,9992,16383,380,649,17228,30606,15412,27301,583,1150,697,1172,127,242,26,65,383,676,15754,27921,683,1394,965,1596,191,340,53,110
R,7,2021,90,515175,186655,328520,163516,281800,11518,26277,1226,2214,8050,13920,172,294,2173,4015,165467,285239,12120,27504,2547,4776,8558,14712,354,646,171847,301319,150259,257517,11016,25244,652,1187,7934,13744,142,249,1844,3378,151912,260378,11501,26239,1760,3331,8378,14445,299,564,14808,27201,13257,24283,502,1033,574,1027,116,176,30,45,329,637,13555,24861,619,1265,787,1445,180,267,55,82
R,7,2021,91,448559,156969,291590,137209,249971,9671,23358,1105,1901,7045,12616,128,268,1811,3476,138800,252997,10163,24381,2188,4115,7469,13320,296,570,144620,267707,126141,228614,9260,22469,587,1027,6962,12443,109,228,1561,2926,127502,231127,9672,23283,1503,2891,7353,13061,262,502,12349,23883,11068,21357,411,889,518,874,83,173,19,40,250,550,11298,21870,491,1098,685,1224,116,259,34,68
R,7,2021,92,363436,123021,240415,107748,206864,7561,19017,824,1377,5363,10152,102,216,1423,2789,108997,209271,7981,19898,1724,3116,5679,10696,236,471,113311,221480,99078,189956,7233,18255,433,745,5282,10013,83,185,1202,2326,100133,191934,7564,18997,1187,2153,5562,10493,199,405,9710,18935,8670,16908,328,762,391,632,81,139,19,31,221,463,8864,17337,417,901,537,963,117,203,37,66
R,7,2021,93,302898,98033,204865,86050,176805,5919,15805,651,1292,4164,8536,93,165,1156,2262,87061,178719,6265,16511,1314,2693,4440,9017,198,387,90404,189219,79230,162843,5646,15165,351,688,4125,8432,77,138,975,1953,80078,164480,5928,15753,896,1905,4381,8860,168,337,7629,15646,6820,13962,273,640,300,604,39,104,16,27,181,309,6983,14239,337,758,418,788,59,157,30,50
R,7,2021,94,243210,75312,167898,65905,144885,4662,13059,456,1007,3282,7011,50,145,957,1791,66756,146421,4949,13614,1019,2092,3495,7392,130,338,69635,155604,60787,133892,4492,12549,250,571,3249,6919,40,124,817,1549,61516,135215,4729,13014,720,1499,3445,7262,107,298,5677,12294,5118,10993,170,510,206,436,33,92,10,21,140,242,5240,11206,220,600,299,593,50,130,23,40
R,7,2021,95,187030,55923,131107,48668,112701,3632,10450,344,788,2574,5546,63,128,642,1494,49217,113959,3805,10954,724,1673,2746,5864,137,287,51535,121220,44732,103856,3481,10079,188,447,2534,5468,53,106,547,1264,45198,104912,3618,10485,508,1188,2688,5741,115,245,4388,9887,3936,8845,151,371,156,341,40,78,10,22,95,230,4019,9047,187,469,216,485,58,123,22,42
R,7,2021,96,144205,40773,103432,35224,88923,2717,8270,282,607,2011,4323,28,88,511,1221,35647,89928,2853,8731,588,1342,2142,4551,97,202,37672,95873,32468,82213,2603,7933,161,362,1981,4254,23,76,436,1035,32831,83059,2721,8320,410,973,2097,4451,81,170,3101,7559,2756,6710,114,337,121,245,30,69,5,12,75,186,2816,6869,132,411,178,369,45,100,16,32
R,7,2021,97,105474,28372,77102,24414,66232,1926,6194,205,473,1480,3342,30,75,317,786,24694,66878,2026,6452,375,931,1568,3532,58,172,26026,71678,22321,61410,1838,5957,104,264,1465,3311,25,68,273,668,22561,61952,1923,6169,246,648,1546,3483,50,147,2346,5424,2093,4822,88,237,101,209,15,31,5,7,44,118,2133,4926,103,283,129,283,22,49,8,25
R,7,2021,98,75311,19777,55534,16811,47169,1438,4818,163,320,1108,2526,25,59,232,642,16998,47689,1518,5024,278,701,1181,2675,70,138,18052,51549,15283,43614,1382,4641,89,193,1096,2503,18,54,184,544,15431,44050,1445,4809,180,516,1156,2627,49,120,1725,3985,1528,3555,56,177,74,127,12,23,7,5,48,98,1567,3639,73,215,98,185,25,48,21,18
R,7,2021,99,50319,12093,38226,10005,32237,946,3495,103,229,812,1785,30,65,197,415,10159,32589,1022,3645,202,459,879,1886,71,118,11001,35402,9063,29760,912,3355,55,132,793,1752,16,52,162,351,9189,30055,967,3479,137,324,849,1837,51,89,1092,2824,942,2477,34,140,48,97,19,33,14,13,35,64,970,2534,55,166,65,135,30,49,20,29
R,7,2021,100,84596,18940,65656,15081,53819,1825,6854,244,504,1323,3497,61,74,406,908,15407,54517,2025,7251,437,975,1442,3736,132,224,17002,60739,13465,49630,1743,6560,137,316,1290,3441,45,56,322,736,13732,50194,1902,6875,282,690,1379,3626,97,168,1938,4917,1616,4189,82,294,107,188,33,56,16,18,84,172,1675,4323,123,376,155,285,63,110,35,56
R,8,2021,999,332307713,163079220,169228493,120779208,123651055,21254473,23283384,3243075,3171454,10018375,10990064,438877,438547,7345212,7693989,127519578,130699215,24040686,26250666,6380468,6559494,12276796,13264605,928412,928279,131621664,137470509,95702144,98263565,19398892,21376886,1135637,1168953,9603067,10567779,326069,325542,5455855,5767784,100713771,103551748,21421534,23552829,3278142,3539712,11400971,12379138,684003,684323,31457556,31757984,25077064,25387490,1855581,1906498,2107438,2002501,415308,422285,112808,113005,1889357,1926205,26805807,27147467,2619152,2697837,3102326,3019782,875825,885467,244409,243956
R,8,2021,0,3584005,1833159,1750846,1197344,1139052,300213,291352,41177,39552,108142,102175,6391,5981,179892,172734,1365878,1300608,387656,376023,91206,87692,171515,162621,16728,15857,1341376,1276307,843878,797903,258679,250950,12337,11856,98756,93149,4349,4072,123377,118377,960080,909263,318339,308919,40912,39152,145335,137517,10844,10126,491783,474539,353466,341149,41534,40402,28840,27696,9386,9026,2042,1909,56515,54357,405798,391345,69317,67104,50294,48540,26180,25104,5884,5731
R,8,2021,1,3690316,1886252,1804064,1241582,1183321,298588,290285,43027,41049,114345,108198,6660,6247,182050,174964,1412148,1347011,387138,376086,93384,89475,178578,169550,17104,16204,1394823,1332607,885183,841019,259473,252536,13988,13431,105280,99430,4627,4380,126272,121811,1004109,955604,320589,312228,43180,41479,152938,145086,11274,10603,491429,471457,356399,342302,39115,37749,29039,27618,9065,8768,2033,1867,55778,53153,408039,391407,66549,63858,50204,47996,25640,24464,5830,5601
R,8,2021,2,3754987,1916992,1837995,1268965,1211839,300634,293474,44129,42662,115497,109648,6962,6654,180805,173718,1438314,1374329,388092,377990,94424,90989,179261,170731,17533,16632,1424681,1362860,909613,864536,262343,256550,15031,14573,106526,100987,4861,4771,126307,121443,1028492,978674,323267,315778,44351,42712,154192,146428,11620,11117,492311,475135,359352,347303,38291,36924,29098,28089,8971,8661,2101,1883,54498,52275,409822,395655,64825,62212,50073,48277,25069,24303,5913,5515
R,8,2021,3,3825821,1954102,1871719,1296631,1237838,307228,299103,45648,44060,117947,112132,7185,6621,179463,171965,1464674,1398578,393498,382328,96136,92300,181188,172598,17868,16596,1456908,1391765,932188,885823,269104,262277,15274,14765,109127,103555,5110,4715,126105,120630,1050808,999152,329707,320797,44849,42810,156634,148795,12005,11073,497194,479954,364443,352015,38124,36826,30374,29295,8820,8577,2075,1906,53358,51335,413866,399426,63791,61531,51287,49490,24554,23803,5863,5523
R,8,2021,4,3888859,1987915,1900944,1323021,1260624,309033,300139,47094,45566,122890,116810,7348,6839,178529,170966,1489838,1420254,393690,382423,98180,94738,185967,176415,18141,16960,1480775,1411159,948785,899714,270875,263177,16142,15467,113903,108206,5264,4856,125806,119739,1066903,1012109,330426,321007,46214,44152,161456,152665,12272,11300,507140,489785,374236,360910,38158,36962,30952,30099,8987,8604,2084,1983,52723,51227,422935,408145,63264,61416,51966,50586,24511,23750,5869,5660
R,8,2021,5,3982215,2034287,1947928,1366399,1302223,309513,302280,48886,47196,122987,117513,7276,6952,179226,171764,1533873,1462575,393666,383951,101390,97543,185881,177265,18150,17277,1512235,1446318,979430,929735,271174,265501,16412,16159,113909,108872,5198,4962,126112,121089,1097874,1043365,330572,323409,47293,45873,161065,153663,12183,11607,522052,501610,386969,372488,38339,36779,32474,31037,9078,8641,2078,1990,53114,50675,435999,419210,63094,60542,54097,51670,24816,23602,5967,5670
R,8,2021,6,4010599,2049359,1961240,1376520,1312512,313930,304705,49346,47946,125329,118642,7242,7012,176992,170423,1541910,1471556,396804,385703,102033,98538,186929,177353,17812,17093,1526545,1457194,987088,937551,275592,267704,16852,16166,116444,110187,5201,4968,125368,120618,1104806,1050676,334479,325449,48209,46050,162886,154427,12089,11498,522814,504046,389432,374961,38338,37001,32494,31780,8885,8455,2041,2044,51624,49805,437104,420880,62325,60254,53824,52488,24043,22926,5723,5595
R,8,2021,7,4003659,2047017,1956642,1379987,1313019,311961,303293,49714,47728,124385,118392,7293,6993,173677,167217,1542318,1469087,392543,382351,102238,98275,184709,175499,17763,16983,1527554,1456221,992032,939862,274163,266486,16876,16225,115576,110096,5211,4947,123696,118605,1108204,1051132,331755,323104,48362,46275,161324,153123,12092,11489,519463,500421,387955,373157,37798,36807,32838,31503,8809,8296,2082,2046,49981,48612,434114,417955,60788,59247,53876,52000,23385,22376,5671,5494
R,8,2021,8,4003434,2045198,1958236,1378486,1315236,311412,303228,49987,47897,127485,120729,7436,6977,170392,164169,1537486,1468200,389969,379794,102388,98701,186561,176891,17818,16848,1526354,1457557,989448,939993,274052,267005,17048,16296,118936,112409,5284,4929,121586,116925,1103524,1049475,330328,322015,48529,46716,163827,154966,12110,11392,518844,500679,389038,375243,37360,36223,32939,31601,8549,8320,2152,2048,48806,47244,433962,418725,59641,57779,53859,51985,22734,21925,5708,5456
R,8,2021,9,4020917,2055586,1965331,1390596,1324321,313403,303647,51200,49228,125515,119312,7295,6917,167577,161906,1546829,1475165,390256,378402,103903,100141,182959,174385,17533,16725,1531295,1460834,996469,944945,275885,267739,17026,16438,116980,111182,5155,4870,119780,115660,1108723,1053174,331174,321644,48822,47131,160720,153094,11926,11399,524291,504497,394127,379376,37518,35908,34174,32790,8535,8130,2140,2047,47797,46246,438106,421991,59082,56758,55081,53010,22239,21291,5607,5326
R,8,2021,10,4081210,2088814,1992396,1417922,1346393,319665,309510,51697,50079,124165,117828,7364,7085,168001,161501,1574520,1496738,395985,383584,105650,101949,181317,172489,17620,16937,1550700,1475203,1011138,956516,281579,272613,17213,16474,115465,109524,5193,4949,120112,115127,1123651,1064144,336641,325988,49865,47762,158889,150976,12035,11404,538114,517193,406784,389877,38086,36897,34484,33605,8700,8304,2171,2136,47889,46374,450869,432594,59344,57596,55785,54187,22428,21513,5585,5533
R,8,2021,11,4170022,2132721,2037301,1452472,1382711,326302,314961,52413,50126,124179,118669,7232,6934,170123,163900,1611116,1535410,403539,390439,107592,103321,181359,173084,17549,16877,1576541,1503999,1026343,973743,288956,278847,17220,16989,115825,110768,5070,4859,123127,118793,1141679,1084886,345295,334034,51161,49986,159908,152598,12063,11525,556180,533302,426129,408968,37346,36114,35193,33137,8354,7901,2162,2075,46996,45107,469437,450524,58244,56405,56431,53335,21451,20486,5486,5352
R,8,2021,12,4240669,2169013,2071656,1483810,1410471,332017,321122,52456,50799,123767,118807,7224,6950,169739,163507,1641743,1562748,408869,396618,108024,104033,180506,172346,17641,16903,1600916,1526611,1044497,988985,294561,284994,17818,17342,115454,110922,4979,4772,123607,119596,1160022,1100816,351341,340993,52316,50731,159391,152457,12014,11609,568097,545045,439313,421486,37456,36128,34638,33457,8313,7885,2245,2178,46132,43911,481721,461932,57528,55625,55708,53302,21115,19889,5627,5294
R,8,2021,13,4383682,2241490,2142192,1536794,1461328,342278,330573,54684,52528,128540,123368,7328,6934,171866,167461,1696608,1616968,419939,407303,111688,108537,185423,177981,18125,17003,1653039,1576862,1079094,1022890,303975,293873,18648,17755,120094,115187,5027,4759,126201,122398,1196873,1137153,361776,350933,54584,52886,164528,157394,12402,11638,588451,565330,457700,438438,38303,36700,36036,34773,8446,8181,2301,2175,45665,45063,499735,479815,58163,56370,57104,55651,20895,20587,5723,5365
R,8,2021,14,4388818,2245833,2142985,1547523,1470292,340808,327493,55715,53109,126316,120930,7293,7056,168178,164105,1703801,1622601,415922,401624,113324,109099,181384,174267,17734,17226,1656018,1577140,1088477,1029730,303013,291401,18491,17905,117839,112940,4951,4838,123247,120326,1203492,1141946,358684,346615,54821,53197,160743,154377,12138,11750,589815,565845,459046,440562,37795,36092,37224,35204,8477,7990,2342,2218,44931,43779,500309,480655,57238,55009,58503,55902,20641,19890,5596,5476
R,8,2021,15,4329697,2216744,2112953,1538237,1456680,330731,319443,54740,52588,123792,119992,7189,6784,162055,157466,1688776,1602907,401677,389237,111396,107288,177015,171220,17151,16476,1638487,1558883,1086060,1024028,294596,284531,18190,17564,115545,112384,4934,4612,119162,115764,1197249,1132042,347313,336771,54154,52334,157319,152224,11797,11264,578257,554070,452177,432652,36135,34912,36550,35024,8247,7608,2255,2172,42893,41702,491527,470865,54364,52466,57242,54954,19696,18996,5354,5212
R,8,2021,16,4315084,2210482,2104602,1540628,1456094,326867,313478,54490,52920,124681,122809,7143,6863,156673,152438,1686052,1597383,394173,380376,110550,107178,176118,172167,16777,16194,1637390,1558002,1091190,1028196,291294,279713,18151,17457,116791,115455,4927,4751,115037,112430,1198386,1132796,341237,329752,53851,52055,157101,154280,11565,11227,573092,546600,449438,427898,35573,33765,36339,35463,7890,7354,2216,2112,41636,40008,487666,464587,52936,50624,56699,55123,19017,17887,5212,4967
R,8,2021,17,4334624,2222028,2112596,1555087,1467753,325847,312599,54424,51603,126516,125127,7212,6773,152942,148741,1696850,1605792,390564,376789,109964,105594,176758,173177,16824,15909,1654700,1572061,1108511,1042945,291304,279566,18209,17201,118712,117862,4981,4670,112983,109817,1213669,1145160,339503,327576,54028,52035,158369,155664,11676,11019,567328,540535,446576,424808,34543,33033,36215,34402,7804,7265,2231,2103,39959,38924,483181,460632,51061,49213,55936,53559,18389,17513,5148,4890
R,8,2021,18,4313730,2210819,2102911,1548834,1462855,324561,311991,54610,50823,127997,126755,7215,6746,147602,143741,1685643,1596022,386201,372821,109650,104219,176017,173304,16415,15464,1649173,1568821,1106659,1042341,290211,279376,17841,16701,120468,119407,5006,4697,108988,106299,1208015,1141193,336254,325035,53375,51225,158305,156035,11415,10869,561646,534090,442175,420514,34350,32615,36769,34122,7529,7348,2209,2049,38614,37442,477628,454829,49947,47786,56275,52994,17712,17269,5000,4595
R,8,2021,19,4384533,2232257,2152276,1561155,1493599,335957,329978,54301,50597,133208,132650,7187,7021,140449,138431,1690967,1621132,394044,388944,107163,101998,179004,177307,16218,15885,1669787,1616460,1116630,1070227,301120,296230,17707,17011,125705,125394,5063,4973,103562,102625,1212613,1165090,344499,340555,51715,50341,161714,160606,11441,11265,562470,535816,444525,423372,34837,33748,36594,33586,7503,7256,2124,2048,36887,35806,478354,456042,49545,48389,55448,51657,17290,16701,4777,4620
R,8,2021,20,4638494,2348338,2290156,1640036,1591107,357558,354389,54727,50818,150546,150296,7772,7703,137699,135843,1766426,1716029,414638,412300,105983,99898,195927,195088,17212,16900,1775902,1743348,1187064,1156566,320832,319848,17977,17720,142859,142738,5564,5513,101606,100963,1280562,1249598,363290,363492,51106,49389,178735,178497,12236,12143,572436,546808,452972,434541,36726,34541,36750,33098,7687,7558,2208,2190,36093,34880,485864,466431,51348,48808,54877,50509,17192,16591,4976,4757
R,8,2021,21,4697922,2379992,2317930,1669818,1613849,360044,359495,54969,50094,155365,155039,8212,7794,131584,131659,1790590,1734604,414033,415677,104620,97872,198550,198485,17160,16556,1810683,1777410,1217496,1183810,323978,324872,18156,17333,147745,147432,6011,5610,97297,98353,1307007,1274276,364170,367262,50077,48360,182185,182215,12474,11867,569309,540520,452322,430039,36066,34623,36813,32761,7620,7607,2201,2184,34287,33306,483583,460328,49863,48415,54543,49512,16365,16270,4686,4689
R,8,2021,22,4553182,2310923,2242259,1631700,1570254,341309,341105,52310,47836,152414,150132,8003,7525,125187,125407,1746472,1685378,392128,394178,99940,93915,193478,191104,16730,15876,1764455,1723476,1196412,1156996,307039,307987,17217,16476,145030,142732,5825,5461,92932,93824,1281799,1243355,345137,348185,48191,46633,177761,175494,12092,11415,546468,518783,435288,413258,34270,33118,35093,31360,7384,7400,2178,2064,32255,31583,464673,442023,46991,45993,51749,47282,15717,15610,4638,4461
R,8,2021,23,4432679,2251831,2180848,1588541,1524062,330052,329234,51321,46909,155087,152539,7742,7385,119088,120719,1697630,1634938,377918,379915,97254,91838,193774,191526,15903,15261,1722413,1679257,1166952,1124037,296922,297796,16492,15755,147904,145313,5649,5340,88494,91016,1248118,1207894,332837,336436,46248,45265,178983,176907,11601,11089,529418,501591,421589,400025,33130,31438,34829,31154,7183,7226,2093,2045,30594,29703,449512,427044,45081,43479,51006,46573,14791,14619,4302,4172
R,8,2021,24,4314965,2192822,2122143,1546546,1482189,317190,316704,50047,45527,158038,154328,7402,7043,113599,116352,1650518,1588884,362129,364688,94502,89898,195134,191838,15174,14577,1675886,1633106,1134758,1092175,285019,286276,15625,14919,151087,147451,5395,5167,84002,87118,1211861,1172218,318324,322664,44278,43803,180872,177796,11045,10619,516936,489037,411788,390014,32171,30428,34422,30608,6951,6877,2007,1876,29597,29234,438657,416666,43805,42024,50224,46095,14262,14042,4129,3958
R,8,2021,25,4294199,2180220,2113979,1540895,1477105,309525,312854,50488,45667,160919,157497,7440,6952,110953,113904,1642381,1581428,352839,359136,94552,90001,196867,194128,15259,14475,1668437,1628321,1133766,1090305,277938,282682,15417,14592,153952,150473,5428,5159,81936,85110,1208957,1168458,309903,317675,43695,43351,182951,180114,11112,10659,511783,485658,407129,386800,31587,30172,35071,31075,6967,7024,2012,1793,29017,28794,433424,412970,42936,41461,50857,46650,13916,14014,4147,3816
R,8,2021,26,4335348,2195757,2139591,1553069,1493664,314997,321785,50836,46051,160961,158691,7576,7145,108318,112255,1651823,1596150,356930,367306,94673,90274,195912,194364,15262,14837,1684564,1650967,1146552,1104530,283151,290539,15518,14847,153843,151787,5603,5283,79897,83981,1219468,1181368,314043,324702,43776,43863,182118,180818,11236,10943,511193,488624,406517,389134,31846,31246,35318,31204,7118,6904,1973,1862,28421,28274,432355,414782,42887,42604,50897,46411,13794,13546,4026,3894
R,8,2021,27,4365423,2204129,2161294,1558716,1503982,318657,331087,50271,46398,162507,160846,7413,7185,106565,111796,1655645,1606112,358959,375622,94254,91713,196902,196144,15292,14784,1698943,1673675,1156410,1116043,287376,299899,15621,14928,155624,153988,5488,5250,78424,83567,1227797,1192534,317023,333244,43766,44774,183584,182698,11313,10867,505186,487619,402306,387939,31281,31188,34650,31470,6883,6858,1925,1935,28141,28229,427848,413578,41936,42378,50488,46939,13318,13446,3979,3917
R,8,2021,28,4426479,2229106,2197373,1577455,1525784,323584,340033,51463,47436,165176,166518,7541,7204,103887,110398,1671785,1626406,362589,383560,94836,93530,198649,200860,15262,14707,1725592,1709102,1176534,1137884,292296,308540,16018,15477,158436,159636,5600,5240,76708,82325,1246279,1213071,320932,340792,44038,45973,185677,187644,11310,10774,503514,488271,400921,387900,31288,31493,35445,31959,6740,6882,1941,1964,27179,28073,425506,413335,41657,42768,50798,47557,12972,13216,3952,3933
R,8,2021,29,4508171,2264789,2243382,1610400,1561900,324898,344616,51879,48161,166575,171432,7283,7077,103754,110196,1704883,1662425,362511,386526,96745,95449,199470,205611,14935,14548,1760294,1752615,1208025,1171345,293821,312766,16553,16161,159879,164700,5415,5269,76601,82374,1277847,1246653,321133,343731,45860,47809,186703,192603,11125,10776,504495,490767,402375,390555,31077,31850,35326,32000,6696,6732,1868,1808,27153,27822,427036,415772,41378,42795,50885,47640,12767,13008,3810,3772
R,8,2021,30,4603872,2305032,2298840,1643047,1599451,329622,354441,52681,48721,170427,178992,7685,7307,101570,109928,1734836,1699401,366007,395787,96982,96529,203188,213400,15438,14991,1801641,1808784,1242772,1210948,297949,322094,16919,16499,163560,171918,5761,5451,74680,81874,1310394,1285546,324192,352304,45600,48314,190311,200000,11520,11228,503391,490056,400275,388503,31673,32347,35762,32222,6867,7074,1924,1856,26890,28054,424442,413855,41815,43483,51382,48215,12877,13400,3918,3763
R,8,2021,31,4660644,2330168,2330476,1666382,1624274,331043,357369,52776,48827,172817,183779,7536,7381,99614,108846,1756698,1723390,365649,397005,96796,97976,205111,217140,15150,14816,1829361,1841365,1267382,1236002,299679,324968,16937,16662,166172,177004,5595,5486,73596,81243,1334192,1310088,324428,353722,45784,49811,192694,204349,11310,11108,500807,489111,399000,388272,31364,32401,35839,32165,6645,6775,1941,1895,26018,27603,422506,413302,41221,43283,51012,48165,12417,12791,3840,3708
R,8,2021,32,4535948,2265456,2270492,1624042,1582419,317180,345253,50601,47457,171156,185091,7199,6908,95278,103364,1710474,1676219,349739,382205,93666,94622,201630,217162,14352,14105,1789292,1803778,1244755,1211177,287595,314527,16355,16423,164834,178636,5416,5169,70337,77846,1308540,1281826,310799,341482,44528,48627,189976,205245,10918,10692,476164,466714,379287,371242,29585,30726,34246,31034,6322,6455,1783,1739,24941,25518,401934,394393,38940,40723,49138,45995,11654,11917,3434,3413
R,8,2021,33,4474271,2228205,2246066,1607235,1574610,304200,334164,50823,47072,166976,182868,6988,6900,91983,100452,1690625,1665883,334649,369733,92743,93878,196546,213517,13993,13823,1756700,1783991,1230944,1206905,275628,304305,16153,15811,160744,176567,5243,5184,67988,75219,1292600,1275391,297343,329947,43591,47635,185252,201835,10570,10472,471505,462075,376291,367705,28572,29859,34670,31261,6232,6301,1745,1716,23995,25233,398025,390492,37306,39786,49152,46243,11294,11682,3423,3351
R,8,2021,34,4414840,2199292,2215548,1594703,1559031,296324,325916,49676,46279,163262,179719,7039,6736,88288,97867,1674570,1648009,325397,360036,91047,92845,191265,209376,13832,13365,1737175,1760496,1225031,1196579,268854,296951,15627,15382,157195,173473,5307,5027,65161,73084,1283869,1263077,289540,321397,42752,47066,180414,198044,10569,10060,462117,455052,369672,362452,27470,28965,34049,30897,6067,6246,1732,1709,23127,24783,390701,384932,35857,38639,48295,45779,10851,11332,3263,3305
R,8,2021,35,4446525,2214936,2231589,1611762,1577234,294153,324503,50282,47095,164186,180717,7001,6682,87552,95358,1691039,1663720,322260,356815,91918,93858,191947,209035,13859,13248,1749656,1776386,1239326,1213759,266636,295977,15506,15575,158118,174645,5324,5027,64746,71403,1297998,1278554,286309,319138,43143,47820,181124,198053,10541,10036,465280,455203,372436,363475,27517,28526,34776,31520,6068,6072,1677,1655,22806,23955,393041,385166,35951,37677,48775,46038,10823,10982,3318,3212
R,8,2021,36,4446603,2213982,2232621,1616305,1580776,291455,321782,49985,47083,164299,182497,6839,6663,85099,93820,1693336,1665992,318021,352702,91587,94107,190925,210059,13433,13186,1753074,1779728,1246870,1218704,265121,293846,15090,15633,158328,176506,5181,5064,62484,69975,1303397,1282285,283570,315678,42607,48009,180367,199349,10202,10050,460908,452893,369435,362072,26334,27936,34895,31450,5971,5991,1658,1599,22615,23845,389939,383707,34451,37024,48980,46098,10558,10710,3231,3136
R,8,2021,37,4334518,2153760,2180758,1572869,1544381,280397,312415,49032,46032,163103,180958,6626,6515,81733,90457,1646578,1626218,305463,341753,89679,92321,188594,207493,13099,12971,1705888,1736843,1213670,1188348,254988,285722,14906,15168,157300,175198,5006,4848,60018,67559,1267711,1249478,272462,306423,41805,47200,178376,197086,9993,9817,447872,443915,359199,356033,25409,26693,34126,30864,5803,5760,1620,1667,21715,22898,378867,376740,33001,35330,47874,45121,10218,10407,3106,3154
R,8,2021,38,4371627,2167669,2203958,1586293,1562730,282477,314896,49694,47198,160902,181787,6466,6561,81837,90786,1660230,1644725,307440,343896,91094,94824,185765,207760,12846,12979,1718040,1754181,1225117,1202221,257145,287871,15100,15404,155361,176064,4864,4914,60453,67707,1279658,1263361,274587,308325,42892,48449,175950,197517,9759,9832,449629,449777,361176,360509,25332,27025,34594,31794,5541,5723,1602,1647,21384,23079,380572,381364,32853,35571,48202,46375,9815,10243,3087,3147
R,8,2021,39,4362681,2158261,2204420,1583610,1565321,281039,315101,49286,47084,158374,180753,6359,6507,79593,89654,1655474,1646286,305192,343849,90181,94701,182139,205936,12620,12802,1709455,1752957,1222536,1202655,255847,288214,14966,15017,152792,175037,4758,4815,58556,67219,1275274,1263404,272788,308576,42351,48396,172386,195801,9617,9650,448806,451463,361074,362666,25192,26887,34320,32067,5582,5716,1601,1692,21037,22435,380200,382882,32404,35273,47830,46305,9753,10135,3003,3152
R,8,2021,40,4317748,2136244,2181504,1571997,1553555,279309,312768,48860,46832,151492,174729,6255,6176,78331,87444,1642472,1632574,302860,340678,89762,93842,174458,198847,12353,12219,1693562,1735171,1215616,1194606,254884,286562,14638,15000,146010,169110,4636,4577,57778,65316,1267522,1253658,271378,306334,42181,47814,165021,189022,9302,9159,442682,446333,356381,358949,24425,26206,34222,31832,5482,5619,1619,1599,20553,22128,374950,378916,31482,34344,47581,46028,9437,9825,3051,3060
R,8,2021,41,4331322,2143773,2187549,1574711,1554078,285746,319211,49406,47215,150087,173772,6417,6402,77406,86871,1644431,1632438,309007,346847,90485,94517,172316,197343,12366,12515,1695526,1738511,1212801,1192329,261470,293125,14875,15199,144576,168240,4790,4740,57014,64878,1264016,1250808,277660,312678,42665,48362,162954,187663,9441,9418,448247,449038,361910,361749,24276,26086,34531,32016,5511,5532,1627,1662,20392,21993,380415,381630,31347,34169,47820,46155,9362,9680,2925,3097
R,8,2021,42,4129738,2038796,2090942,1499828,1487572,270256,303501,46727,44749,143549,167653,5944,5859,72492,81608,1565109,1561084,291706,329401,85564,89280,164204,189720,11472,11469,1618594,1664226,1160324,1143338,247653,278883,14017,14156,138517,162370,4442,4337,53641,61142,1208587,1198432,262637,297022,40426,45616,155660,180609,8724,8633,420202,426716,339504,344234,22603,24618,32710,30593,5032,5283,1502,1522,18851,20466,356522,362652,29069,32379,45138,43664,8544,9111,2748,2836
R,8,2021,43,4022268,1983610,2038658,1465526,1457372,258778,290925,45220,44214,138610,161893,5594,5609,69882,78645,1528530,1528234,279149,315294,83225,87706,158415,183172,10648,10928,1571471,1618176,1131038,1117097,237259,267366,13456,14022,133764,156625,4202,4142,51752,58924,1177631,1170147,251467,284645,39430,44748,150226,174168,8082,8271,412139,420482,334488,340275,21519,23559,31764,30192,4846,5268,1392,1467,18130,19721,350899,358087,27682,30649,43795,42958,8189,9004,2566,2657
R,8,2021,44,3984708,1961847,2022861,1451676,1447298,254139,288255,45025,43558,137448,161088,5483,5633,68076,77029,1513006,1516702,273914,311863,82613,86923,156418,181707,10526,10839,1556013,1604533,1121300,1107070,233641,265290,13789,14196,132605,156000,4065,4157,50613,57820,1166805,1159128,247321,281926,39694,44963,148438,173036,7946,8148,405834,418328,330376,340228,20498,22965,31236,29362,4843,5088,1418,1476,17463,19209,346201,357574,26593,29937,42919,41960,7980,8671,2580,2691
R,8,2021,45,3854588,1898638,1955950,1401522,1399776,244131,275580,43689,42052,138201,160411,5241,5334,65854,72797,1460776,1465206,262523,297779,80585,83327,156365,179689,10169,10188,1502484,1547228,1078478,1065846,224340,253946,13200,13406,133634,155413,3959,3946,48873,54671,1122357,1114912,237108,269665,38586,42611,148831,171451,7802,7734,396154,408722,323044,333930,19791,21634,30489,28646,4567,4998,1282,1388,16981,18126,338419,350294,25415,28114,41999,40716,7534,8238,2367,2454
R,8,2021,46,3895963,1919918,1976045,1421920,1418589,245610,276329,42691,41964,140885,162604,5142,5140,63670,71419,1479152,1482846,263465,297459,78659,82796,158174,181599,9691,9791,1529263,1572334,1102004,1087698,226413,255311,13159,13670,136326,157772,3896,3837,47465,54046,1144568,1136242,238966,270327,38199,42911,150683,173616,7409,7425,390655,403711,319916,330891,19197,21018,29532,28294,4559,4832,1246,1303,16205,17373,334584,346604,24499,27132,40460,39885,7491,7983,2282,2366
R,8,2021,47,3820023,1880661,1939362,1392922,1393765,239716,269905,41661,40241,139776,161054,4869,5111,61717,69286,1448417,1456116,256764,290168,76898,80229,156483,179334,9274,9557,1503063,1547132,1082893,1070997,221621,249927,12953,13448,135472,156416,3718,3769,46406,52575,1124493,1118188,233672,264437,37822,42257,149475,171694,7121,7237,377598,392230,310029,322768,18095,19978,28708,26793,4304,4638,1151,1342,15311,16711,323924,337928,23092,25731,39076,37972,7008,7640,2153,2320
R,8,2021,48,3867854,1898502,1969352,1405802,1414270,245362,277352,40913,40228,140512,163430,4876,5050,61037,69022,1460681,1476194,261989,297579,75887,80208,157021,181491,9176,9556,1527670,1581547,1100868,1094525,227659,257678,13145,13789,136266,158867,3701,3777,46031,52911,1142077,1141931,239389,272192,37944,43062,150130,174021,7118,7280,370832,387805,304934,319745,17703,19674,27768,26439,4246,4563,1175,1273,15006,16111,318604,334263,22600,25387,37943,37146,6891,7470,2058,2276
R,8,2021,49,4025544,1976175,2049369,1475205,1484595,252518,285847,40947,39791,140681,164058,4784,4978,62040,70100,1530964,1547694,269086,305818,77331,81244,156846,181776,9166,9521,1608233,1664151,1171437,1166272,235207,266495,13696,13946,136487,159523,3628,3729,47778,54186,1214237,1214921,247257,281052,40256,44641,150181,174520,7105,7302,367942,385218,303768,318323,17311,19352,27251,25845,4194,4535,1156,1249,14262,15914,316727,332773,21829,24766,37075,36603,6665,7256,2061,2219
R,8,2021,50,4270212,2099276,2170936,1586551,1593127,264358,299539,40772,40474,138006,160220,5025,5001,64564,72575,1644701,1658542,281273,319880,79470,84253,154317,177789,9558,9657,1730077,1786077,1281304,1274693,246914,280232,14102,14689,133757,155770,3805,3825,50195,56868,1326468,1325802,259147,295235,42813,47969,147639,170610,7427,7561,369199,384859,305247,318434,17444,19307,26670,25785,4249,4450,1220,1176,14369,15707,318233,332740,22126,24645,36657,36284,6678,7179,2131,2096
R,8,2021,51,4274731,2102310,2172421,1596581,1604850,261362,293252,40377,39325,136439,158824,4856,5016,62695,71154,1653068,1668866,277729,313075,78214,82725,151775,175851,9350,9697,1738841,1798339,1295727,1295024,244190,274634,13759,14644,132403,154465,3710,3856,49052,55716,1339817,1345012,256273,289375,42163,47520,145464,168784,7349,7635,363469,374082,300854,309826,17172,18618,26618,24681,4036,4359,1146,1160,13643,15438,313251,323854,21456,23700,36051,35205,6311,7067,2001,2062
R,8,2021,52,4113824,2018734,2095090,1541399,1555802,245799,277859,38180,37860,129926,151997,4558,4849,58872,66723,1594604,1615948,260840,295965,74163,79391,144241,167440,8643,9112,1673931,1738556,1254866,1259939,229994,260404,13442,14215,126189,147898,3513,3708,45927,52392,1296285,1307096,240932,273650,40473,46018,138344,160891,6807,7107,344803,356534,286533,295863,15805,17455,24738,23645,3737,4099,1045,1141,12945,14331,298319,308852,19908,22315,33690,33373,5897,6549,1836,2005
R,8,2021,53,4012150,1965838,2046312,1500345,1518459,244594,277995,37299,36277,123993,145900,4400,4670,55207,63011,1550057,1575070,258682,295284,71456,75678,137016,160203,8266,8820,1631753,1701053,1222566,1230965,229181,261111,13192,13968,120378,141962,3399,3584,43037,49463,1261184,1275295,239417,273807,39038,44231,131356,153958,6525,6938,334085,345259,277779,287494,15413,16884,24107,22309,3615,3938,1001,1086,12170,13548,288873,299775,19265,21477,32418,31447,5660,6245,1741,1882
R,8,2021,54,4011783,1961295,2050488,1510065,1536465,242940,278261,35745,35518,114475,133728,4481,4527,53589,61989,1558461,1592321,256401,295314,69518,74844,126599,146987,8169,8528,1639093,1716169,1241081,1257785,228405,261671,13257,14122,111050,130036,3447,3482,41853,49073,1278791,1301900,238228,274376,38772,44654,121304,141161,6471,6705,322202,334319,268984,278680,14535,16590,22488,21396,3425,3692,1034,1045,11736,12916,279670,290421,18173,20938,30746,30190,5295,5826,1698,1823
R,8,2021,55,4086129,1996232,2089897,1535235,1565016,251711,288440,35782,35830,115509,134025,4428,4617,53567,61969,1583181,1620634,265386,305354,69830,75478,127413,147257,8253,8628,1675973,1758132,1267472,1288142,236905,272235,13654,14592,112229,130407,3423,3568,42290,49188,1305206,1332226,246913,284771,39953,45559,122271,141505,6548,6795,320259,331765,267763,276874,14806,16205,22128,21238,3280,3618,1005,1049,11277,12781,277975,288408,18473,20583,29877,29919,5142,5752,1705,1833
R,8,2021,56,4263784,2076927,2186857,1609560,1651799,257724,296691,35846,35994,115170,134308,4342,4676,54285,63389,1658405,1708732,271164,313888,70701,76896,127015,147441,8140,8723,1761135,1858248,1344785,1376703,243535,280679,14254,15482,111955,130781,3358,3662,43248,50941,1383587,1422401,253568,293671,41348,47895,122050,141847,6477,6973,315792,328609,264775,275096,14189,16012,21592,20512,3215,3527,984,1014,11037,12448,274818,286331,17596,20217,29353,29001,4965,5594,1663,1750
R,8,2021,57,4373663,2124957,2248706,1658100,1711604,257434,297200,35190,35548,115769,136395,4100,4503,54364,63456,1707032,1768679,270618,313644,70818,77376,127213,149410,7821,8494,1822244,1929038,1403999,1443427,243752,281586,14506,15764,112808,133137,3241,3503,43938,51621,1443434,1489750,253705,294129,42846,49449,122574,144236,6296,6816,302713,319668,254101,268177,13682,15614,20684,19784,2961,3258,859,1000,10426,11835,263598,278929,16913,19515,27972,27927,4639,5174,1525,1678
R,8,2021,58,4379430,2124227,2255203,1663357,1724623,253090,293384,34042,34308,116523,135937,3989,4464,53226,62487,1711249,1780796,265770,309664,69175,75599,127688,148441,7527,8340,1834976,1947932,1420125,1466294,240105,278727,14604,15647,113625,132630,3177,3545,43340,51089,1459031,1512125,249753,291328,42742,49079,123236,143299,6146,6751,289251,307271,243232,258329,12985,14657,19438,18661,2898,3307,812,919,9886,11398,252218,268671,16017,18336,26433,26520,4452,5142,1381,1589
R,8,2021,59,4360782,2111140,2249642,1668639,1737573,247990,289193,32380,33381,106243,124241,4129,4445,51759,60809,1715358,1792353,259995,304781,66726,74037,117061,136190,7560,8178,1834922,1955321,1435643,1489407,235784,275565,14206,15483,103538,121198,3308,3549,42443,50119,1473858,1534464,245021,287670,41905,48702,112947,131462,6204,6635,276218,294321,232996,248166,12206,13628,18174,17898,2705,3043,821,896,9316,10690,241500,257889,14974,17111,24821,25335,4114,4728,1356,1543
R,8,2021,60,4387732,2118885,2268847,1686870,1763646,245476,287823,31240,32667,100509,120503,3915,4168,50875,60040,1732729,1817644,257492,303043,65253,73188,111010,132106,7214,7898,1855929,1986140,1465001,1525314,233914,274730,14057,15680,97969,117643,3136,3341,41852,49432,1502627,1569696,243143,286507,41664,48809,107057,127582,5907,6378,262956,282707,221869,238332,11562,13093,17183,16987,2540,2860,779,827,9023,10608,230102,247948,14349,16536,23589,24379,3953,4524,1307,1520
R,8,2021,61,4353614,2096918,2256696,1664886,1750206,244629,287478,30857,32137,103238,124511,3741,4131,49567,58233,1709560,1802448,256189,302598,63979,71077,113443,135893,6971,7653,1840052,1979325,1448063,1516144,233327,274666,13894,15425,100754,121701,3028,3339,40986,48050,1484900,1559137,242294,286444,40893,47333,109673,131462,5719,6266,256866,277371,216823,234062,11302,12812,16963,16712,2484,2810,713,792,8581,10183,224660,243311,13895,16154,23086,23744,3770,4431,1252,1387
R,8,2021,62,4255870,2042496,2213374,1631312,1725971,234735,279141,28827,30450,97171,118331,3538,3825,46913,55656,1673500,1776106,245566,293225,60408,68096,106833,128960,6495,7114,1805641,1954754,1431304,1507490,224329,267337,13299,14854,94840,115709,2878,3135,38991,46229,1466297,1549011,232832,278435,39131,45916,103314,124903,5369,5854,236855,258620,200008,218481,10406,11804,15528,15596,2331,2622,660,690,7922,9427,207203,227095,12734,14790,21277,22180,3519,4057,1126,1260
R,8,2021,63,4210839,2014655,2196184,1615511,1720463,226543,270641,26736,29004,97740,118968,3329,3621,44796,53487,1655826,1768531,236881,284271,56950,65391,106853,129098,6124,6695,1793237,1950129,1428135,1512093,216627,259494,12795,14463,95605,116483,2720,2947,37355,44649,1461649,1552137,224730,270306,37702,44601,103603,125267,5095,5494,221418,246055,187376,208370,9916,11147,13941,14541,2135,2485,609,674,7441,8838,194177,216394,12151,13965,19248,20790,3250,3831,1029,1201
R,8,2021,64,4161667,1983416,2178251,1596465,1712710,220258,267003,26190,27876,94108,115849,3231,3502,43164,51311,1635319,1758843,230222,279941,55459,63233,102770,125165,5923,6477,1770824,1939232,1416244,1509605,211052,256254,12553,13974,92105,113601,2695,2829,36175,42969,1448718,1548124,218939,266589,36805,43431,99758,121651,4985,5328,212592,239019,180221,203105,9206,10749,13637,13902,2003,2248,536,673,6989,8342,186601,210719,11283,13352,18654,19802,3012,3514,938,1149
R,8,2021,65,4003000,1901365,2101635,1533794,1653631,208181,255387,24335,26299,91554,114306,2981,3308,40520,48704,1570358,1697402,217488,267686,51733,59716,99581,123361,5586,6145,1701542,1875060,1364295,1460848,199530,245109,11682,13491,89625,112043,2450,2731,33960,40838,1394871,1497453,206849,254871,34396,41379,96672,119922,4634,5140,199823,226575,169499,192783,8651,10278,12653,12808,1929,2263,531,577,6560,7866,175487,199949,10639,12815,17337,18337,2909,3439,952,1005
R,8,2021,66,3911603,1852956,2058647,1500939,1628123,198442,244468,23154,25070,89387,112034,2846,3227,38188,45725,1535210,1669010,207301,256133,49086,56263,96945,120705,5349,6023,1662977,1841297,1339712,1443004,190099,234764,11248,12662,87609,109967,2351,2633,31958,38267,1368326,1477070,197072,243984,32719,38585,94275,117558,4493,5018,189979,217350,161227,185119,8343,9704,11906,12408,1778,2067,495,594,6230,7458,166884,191940,10229,12149,16367,17678,2670,3147,856,1005
R,8,2021,67,3764440,1773399,1991041,1447345,1584869,184186,231685,20911,23230,83805,105468,2585,3036,34567,42753,1478480,1623127,192320,242652,44505,52663,90486,113159,4719,5629,1600064,1788609,1299651,1411859,176568,222749,10415,12084,82240,103486,2147,2484,29043,35947,1325737,1443925,182942,231444,30067,36763,88148,110179,3988,4708,173335,202432,147694,173010,7618,8936,10496,11146,1565,1982,438,552,5524,6806,152743,179202,9378,11208,14438,15900,2338,2980,731,921
R,8,2021,68,3605623,1692104,1913519,1389660,1532648,169413,216628,19261,21336,79143,99895,2407,2755,32220,40257,1418626,1568832,176897,226863,41307,48992,85402,107162,4454,5195,1531772,1723994,1252603,1370120,162503,208295,9761,11358,77714,98177,2007,2306,27184,33738,1276979,1400304,168418,216451,28202,34412,83282,104514,3760,4409,160332,189525,137057,162528,6910,8333,9500,9978,1429,1718,400,449,5036,6519,141647,168528,8479,10412,13105,14580,2120,2648,694,786
R,8,2021,69,3459963,1619188,1840775,1337506,1481485,157414,204691,17387,19903,74830,95263,2300,2607,29751,36826,1364282,1514479,164404,214099,37821,45480,80458,101685,4223,4857,1471537,1664303,1210753,1329656,151114,197065,9014,10645,73509,93661,1944,2184,25203,31092,1233336,1357411,156706,204550,26200,32223,78514,99277,3585,4110,147651,176472,126753,151829,6300,7626,8373,9258,1321,1602,356,423,4548,5734,130946,157068,7698,9549,11621,13257,1944,2408,638,747
R,8,2021,70,3314731,1543857,1770874,1278091,1424985,149994,199531,16340,18816,69505,90209,2064,2460,27863,34873,1303095,1456268,156543,208643,35733,43201,74559,95982,3825,4536,1403424,1602230,1157199,1279862,144076,192320,8501,10000,68328,88694,1767,2046,23553,29308,1178231,1306038,149322,199594,24801,30513,72781,93682,3290,3832,140433,168644,120892,145123,5918,7211,7839,8816,1177,1515,297,414,4310,5565,124864,150230,7221,9049,10932,12688,1778,2300,535,704
R,8,2021,71,3166620,1469159,1697461,1213774,1364177,141284,188983,15286,17459,70658,91831,1960,2219,26197,32792,1237325,1393481,147492,197661,33337,40071,75526,97560,3656,4252,1338046,1535914,1100880,1224677,135701,181980,8082,9437,69504,90345,1661,1871,22218,27604,1120774,1249238,140650,188921,23276,28454,73819,95297,3161,3618,131113,161547,112894,139500,5583,7003,7204,8022,1154,1486,299,348,3979,5188,116551,144243,6842,8740,10061,11617,1707,2263,495,634
R,8,2021,72,3062933,1415116,1647817,1180853,1338566,129029,174812,14124,16100,65054,85223,1861,2120,24195,30996,1202630,1366305,134547,182886,30959,37758,69481,90328,3499,4047,1294729,1498608,1076659,1209271,124144,168550,7624,8804,63947,83892,1572,1782,20783,26309,1095303,1232737,128575,175066,22060,27201,67892,88360,3014,3443,120387,149209,104194,129295,4885,6262,6500,7296,1107,1331,289,338,3412,4687,107327,133568,5972,7820,8899,10557,1589,1968,485,604
R,8,2021,73,2985164,1376820,1608344,1159875,1319220,118786,163279,12904,15087,60940,79314,1669,1975,22646,29469,1180288,1345640,123991,170870,28678,35730,65005,84134,3140,3761,1263735,1466804,1061690,1196483,114240,157364,7162,8309,59972,78051,1408,1657,19263,24940,1078989,1218752,118480,163469,20464,25738,63586,82259,2720,3225,113085,141540,98185,122737,4546,5915,5742,6778,968,1263,261,318,3383,4529,101299,126888,5511,7401,8214,9992,1419,1875,420,536
R,8,2021,74,3080712,1419334,1661378,1216316,1390314,110172,152393,12572,14465,56113,73315,1580,1693,22581,29198,1236764,1416691,115168,159827,28610,35208,59926,77851,2999,3397,1313244,1526565,1123964,1272920,106086,146888,7069,8149,55242,72149,1349,1419,19534,25040,1141645,1295479,110164,152944,20921,25974,58612,76112,2615,2922,106090,134813,92352,117394,4086,5505,5503,6316,871,1166,231,274,3047,4158,95119,121212,5004,6883,7689,9234,1314,1739,384,475
R,8,2021,75,2284013,1042435,1241578,881300,1022660,85345,121524,9627,11825,47969,62091,1353,1556,16841,21922,896523,1042305,89254,127256,21177,26807,51035,65893,2545,3038,952691,1124197,803082,920589,81756,116484,5178,6363,47202,61047,1148,1305,14325,18409,816014,937006,84839,121067,14979,18936,49908,64356,2208,2597,89744,117381,78218,102071,3589,5040,4449,5462,767,1044,205,251,2516,3513,80509,105299,4415,6189,6198,7871,1127,1537,337,441
R,8,2021,76,2138445,967779,1170666,819716,966038,79099,115301,8707,10903,43941,57176,1170,1432,15146,19816,833364,983707,82651,120629,19068,24420,46754,60511,2297,2800,885991,1062643,748288,871514,75937,110914,4691,5969,43263,56262,992,1187,12820,16797,759791,886427,78754,115224,13403,17411,45737,59187,1987,2374,81788,108023,71428,94524,3162,4387,4016,4934,678,914,178,245,2326,3019,73573,97280,3897,5405,5665,7009,1017,1324,310,426
R,8,2021,77,2054455,922649,1131806,786939,942639,72015,106427,8105,10038,40573,52485,1035,1320,13982,18897,799508,959473,75423,111650,17702,23045,43053,55534,2047,2631,849012,1031406,722487,854652,69141,102468,4478,5475,40033,51632,889,1100,11984,16079,733221,868915,71899,106740,12702,16546,42243,54296,1774,2254,73637,100400,64452,87987,2874,3959,3627,4563,540,853,146,220,1998,2818,66287,90558,3524,4910,5000,6499,810,1238,273,377
R,8,2021,78,2071008,923489,1147519,797084,968074,67919,103420,7306,9419,37113,47316,919,1165,13148,18125,808948,984291,71045,108344,16373,21975,39410,50166,1889,2388,854950,1052004,736887,884559,65270,99439,4140,5141,36534,46556,792,966,11327,15343,747101,898227,67799,103368,11962,15844,38553,48990,1640,2051,68539,95515,60197,83515,2649,3981,3166,4278,579,760,127,199,1821,2782,61847,86064,3246,4976,4411,6131,857,1176,249,337
R,8,2021,79,1771485,781863,989622,669854,828698,58978,90824,6353,8342,34564,45303,815,1089,11299,15366,680012,842458,61633,94946,14166,18994,36594,47824,1607,2070,721275,904793,616573,754146,56625,87553,3605,4554,34117,44609,690,898,9665,13033,625240,765740,58786,90888,10259,13607,35921,46812,1375,1774,60588,84829,53281,74552,2353,3271,2748,3788,447,694,125,191,1634,2333,54772,76718,2847,4058,3907,5387,673,1012,232,296
R,8,2021,80,1576116,686572,889544,587231,742867,51873,83436,5692,7491,31135,40831,770,924,9871,13995,596138,755338,54285,87306,12431,17109,32951,43170,1452,1868,631856,811250,539078,673908,49767,80426,3266,4159,30726,40206,662,767,8357,11784,546597,684373,51667,83516,8963,12263,32327,42223,1243,1586,54716,78294,48153,68959,2106,3010,2426,3332,409,625,108,157,1514,2211,49541,70965,2618,3790,3468,4846,624,947,209,282
R,8,2021,81,1430490,614695,815795,523765,680104,46960,77263,5189,6907,29347,38195,666,893,8768,12433,531602,691135,49143,80798,11111,15307,31019,40261,1284,1751,564177,741834,479299,614909,45025,74328,2887,3798,28939,37606,539,726,7488,10467,485977,624123,46786,77173,7896,10886,30435,39406,1092,1473,50518,73961,44466,65195,1935,2935,2302,3109,408,589,127,167,1280,1966,45625,67012,2357,3625,3215,4421,584,855,192,278
R,8,2021,82,1305358,556385,748973,476777,628538,40955,68297,4470,6231,26066,33942,523,794,7594,11171,483596,638458,42822,71435,9537,13765,27535,35799,1081,1581,510990,681803,436714,569141,39187,65650,2430,3480,25732,33414,423,671,6504,9447,442531,577483,40685,68168,6755,9868,27049,35033,930,1367,45395,67170,40063,59397,1768,2647,2040,2751,334,528,100,123,1090,1724,41065,60975,2137,3267,2782,3897,486,766,151,214
R,8,2021,83,1205468,505988,699480,434875,588387,36321,63163,3886,5779,23433,31437,519,683,6954,10031,441117,597315,38026,66050,8539,12419,24774,33175,1010,1362,465569,637935,398955,533992,34827,60702,2253,3220,23110,30980,435,561,5989,8480,404324,541486,36204,63063,6265,8844,24306,32492,859,1161,40419,61545,35920,54395,1494,2461,1633,2559,323,457,84,122,965,1551,36793,55829,1822,2987,2274,3575,468,683,151,201
R,8,2021,84,1064554,439835,624719,377761,525677,31508,56248,3361,5007,20741,28235,428,650,6036,8902,383213,533517,33068,58841,7357,10814,21911,29873,866,1314,404237,569102,346140,476492,30193,54043,1882,2718,20471,27798,366,532,5185,7519,350809,483059,31442,56182,5313,7607,21519,29228,753,1116,35598,55617,31621,49185,1315,2205,1479,2289,270,437,62,118,851,1383,32404,50458,1626,2659,2044,3207,392,645,113,198
R,8,2021,85,962005,391318,570687,336650,480737,28004,51574,2952,4491,18064,25508,328,543,5320,7834,341430,487654,29399,53909,6338,9632,19154,26917,743,1095,359789,520332,308646,436082,26841,49658,1647,2456,17832,25112,269,453,4554,6571,312722,441847,27976,51545,4512,6772,18803,26340,644,935,31529,50355,28004,44655,1163,1916,1305,2035,232,396,59,90,766,1263,28708,45807,1423,2364,1826,2860,351,577,99,160
R,8,2021,86,875804,348506,527298,301056,445360,24299,46855,2610,4108,15744,23266,338,497,4459,7212,305041,451701,25491,48892,5419,8799,16661,24600,695,1032,320273,480910,275901,404189,23260,45077,1476,2232,15551,22895,282,409,3803,6108,279276,409526,24228,46716,3854,6239,16379,24063,599,879,28233,46388,25155,41171,1039,1778,1134,1876,193,371,56,88,656,1104,25765,42175,1263,2176,1565,2560,282,537,96,153
R,8,2021,87,742625,290764,451861,251238,381881,20156,40129,2134,3366,13240,20000,301,427,3695,6058,254553,387214,21108,41929,4474,7243,14029,21207,576,880,267207,412702,230247,347068,19323,38584,1171,1850,13071,19694,244,359,3151,5147,233056,351581,20097,40024,3138,5141,13780,20760,485,764,23557,39159,20991,34813,833,1545,963,1516,169,306,57,68,544,911,21497,35633,1011,1905,1336,2102,249,447,91,116
R,8,2021,88,663801,254222,409579,220381,347191,17142,35282,1783,3016,11461,18423,225,396,3230,5271,223299,351783,17967,36802,3798,6388,12170,19468,472,841,234411,374953,202737,316325,16420,33946,1006,1714,11308,18149,190,333,2750,4486,205208,320217,17083,35180,2708,4573,11943,19079,409,733,19811,34626,17644,30866,722,1336,777,1302,153,274,35,63,480,785,18091,31566,884,1622,1090,1815,227,389,63,108
R,8,2021,89,589500,219573,369927,191265,315408,14158,30791,1487,2671,9672,15986,186,372,2805,4699,193763,319502,14902,32235,3210,5630,10300,16903,436,766,202327,339116,175839,287929,13571,29634,797,1490,9540,15742,158,308,2422,4013,177992,291396,14209,30832,2257,4015,10105,16558,381,657,17246,30811,15426,27479,587,1157,690,1181,132,244,28,64,383,686,15771,28106,693,1403,953,1615,195,345,55,109
R,8,2021,90,513878,186589,327289,163391,280797,11495,26136,1247,2234,8067,13843,168,293,2221,3986,165384,284217,12112,27350,2585,4776,8592,14632,351,639,171773,300249,150142,256660,10993,25116,659,1200,7954,13663,140,246,1885,3364,151833,259515,11496,26100,1779,3343,8409,14358,296,553,14816,27040,13249,24137,502,1020,588,1034,113,180,28,47,336,622,13551,24702,616,1250,806,1433,183,274,55,86
R,8,2021,91,450245,157901,292344,138007,250496,9775,23428,1091,1902,7080,12730,132,268,1816,3520,139609,253559,10270,24455,2185,4146,7497,13441,300,576,145468,268313,126852,228998,9362,22534,591,1028,6993,12559,112,229,1558,2965,128217,231541,9771,23358,1514,2918,7376,13185,266,506,12433,24031,11155,21498,413,894,500,874,87,171,20,39,258,555,11392,22018,499,1097,671,1228,121,256,34,70
R,8,2021,92,364462,123425,241037,108088,207349,7526,19043,832,1408,5419,10200,103,220,1457,2817,109367,209776,7952,19939,1747,3154,5747,10757,239,476,113669,221994,99385,190330,7193,18285,439,768,5338,10060,84,189,1230,2362,100463,192338,7530,19035,1201,2193,5630,10552,202,414,9756,19043,8703,17019,333,758,393,640,81,140,19,31,227,455,8904,17438,422,904,546,961,117,205,37,62
R,8,2021,93,302856,98265,204591,86185,176397,5956,15856,664,1289,4202,8578,90,166,1168,2305,87206,178353,6300,16575,1352,2716,4477,9070,194,392,90577,188895,79317,162404,5681,15209,354,694,4164,8473,74,139,987,1976,80177,164062,5959,15807,925,1920,4417,8910,162,340,7688,15696,6868,13993,275,647,310,595,38,105,16,27,181,329,7029,14291,341,768,427,796,60,160,32,52
R,8,2021,94,243447,75668,167779,66188,144688,4676,13050,457,1015,3331,7063,56,145,960,1818,67037,146242,4969,13609,1011,2132,3547,7446,140,333,69949,155396,61031,133614,4504,12537,250,575,3296,6972,46,124,822,1574,61759,134954,4748,13004,715,1534,3494,7317,116,294,5719,12383,5157,11074,172,513,207,440,35,91,10,21,138,244,5278,11288,221,605,296,598,53,129,24,39
R,8,2021,95,188357,56431,131926,49118,113479,3651,10446,355,789,2580,5587,58,131,669,1494,49692,114743,3833,10951,746,1686,2756,5894,137,286,52035,122058,45175,104656,3505,10068,193,451,2542,5506,48,108,572,1269,45664,105719,3649,10478,524,1201,2700,5776,116,247,4396,9868,3943,8823,146,378,162,338,38,81,10,23,97,225,4028,9024,184,473,222,485,56,118,21,39
R,8,2021,96,144358,40969,103389,35418,88832,2705,8238,284,622,2029,4374,33,91,500,1232,35832,89847,2840,8694,583,1346,2162,4623,99,214,37848,95819,32646,82110,2592,7908,162,362,2000,4309,27,79,421,1051,32998,82971,2705,8291,402,969,2115,4525,81,182,3121,7570,2772,6722,113,330,122,260,29,65,6,12,79,181,2834,6876,135,403,181,377,47,98,18,32
R,8,2021,97,105986,28638,77348,24592,66393,1964,6237,207,474,1512,3361,27,74,336,809,24887,67053,2065,6508,391,952,1603,3553,60,169,26289,71849,22499,61494,1875,5998,108,273,1494,3328,23,66,290,690,22752,62049,1964,6223,262,674,1579,3501,50,146,2349,5499,2093,4899,89,239,99,201,18,33,4,8,46,119,2135,5004,101,285,129,278,24,52,10,23
R,8,2021,98,75727,19898,55829,16927,47476,1431,4791,161,330,1109,2522,26,59,244,651,17126,48007,1513,5004,284,715,1182,2672,71,138,18184,51850,15402,43936,1377,4611,90,195,1097,2500,20,53,198,555,15563,44384,1442,4787,190,524,1157,2627,51,118,1714,3979,1525,3540,54,180,71,135,12,22,6,6,46,96,1563,3623,71,217,94,191,25,45,20,20
R,8,2021,99,51479,12609,38870,10493,32840,972,3499,106,233,819,1814,29,63,190,421,10644,33195,1043,3647,202,467,882,1915,68,117,11485,36068,9524,30366,934,3368,57,139,802,1784,16,52,152,359,9645,30667,985,3491,134,338,853,1870,47,91,1124,2802,969,2474,38,131,49,94,17,30,13,11,38,62,999,2528,58,156,68,129,29,45,21,26
R,8,2021,100,85764,19250,66514,15354,54563,1829,6900,248,505,1342,3546,62,77,415,923,15684,55275,2034,7304,449,984,1463,3789,133,227,17307,61550,13733,50328,1748,6605,140,319,1308,3487,45,58,333,753,14005,50907,1914,6927,294,704,1400,3676,98,172,1943,4964,1621,4235,81,295,108,186,34,59,17,19,82,170,1679,4368,120,377,155,280,63,113,35,55
R,9,2021,999,332473818,163155746,169318072,120793624,123675102,21268725,23299870,3247644,3176054,10044126,11017085,439619,439355,7362008,7710606,127549750,130738818,24063349,26275439,6389003,6568107,12308938,13297907,930062,930025,131635517,137495924,95670531,98240058,19407961,21388081,1136110,1169532,9627699,10593746,326548,326088,5466668,5778419,100692355,103538269,21435813,23569157,3280443,3542102,11430376,12409781,685018,685403,31520229,31822148,25123093,25435044,1860764,1911789,2111534,2006522,416427,423339,113071,113267,1895340,1932187,26857395,27200549,2627536,2706282,3108560,3026005,878562,888126,245044,244622
R,9,2021,0,3595450,1838693,1756757,1201290,1143504,300594,291773,41297,39650,108435,102379,6436,6037,180641,173414,1370526,1305693,388396,376771,91539,87977,172074,163071,16816,15955,1344723,1279918,846453,800736,258766,251093,12326,11840,99002,93340,4352,4102,123824,118807,963078,912496,318633,309265,40999,39230,145757,137884,10869,10178,493970,476839,354837,342768,41828,40680,28971,27810,9433,9039,2084,1935,56817,54607,407448,393197,69763,67506,50540,48747,26317,25187,5947,5777
R,9,2021,1,3682974,1882629,1800345,1237542,1179248,299459,290994,42914,40984,114278,108136,6623,6205,181813,174778,1407885,1342759,387913,376713,93220,89373,178410,169419,17053,16158,1389564,1327219,880070,835983,260043,252904,13806,13260,105138,99296,4599,4335,125908,121441,998651,950223,320995,312417,42902,41205,152664,144826,11226,10534,493065,473126,357472,343265,39416,38090,29108,27724,9140,8840,2024,1870,55905,53337,409234,392536,66918,64296,50318,48168,25746,24593,5827,5624
R,9,2021,2,3752618,1915896,1836722,1267142,1209911,300567,293485,44051,42505,116131,110125,6975,6647,181030,174049,1436691,1372701,388130,378211,94350,90883,180069,171352,17548,16638,1423569,1361430,908022,862661,262207,256447,14934,14495,107142,101440,4868,4761,126396,121626,1026978,976967,323123,315765,44256,42653,154929,147006,11633,11106,492327,475292,359120,347250,38360,37038,29117,28010,8989,8685,2107,1886,54634,52423,409713,395734,65007,62446,50094,48230,25140,24346,5915,5532
R,9,2021,3,3818234,1949972,1868262,1293568,1235139,306274,298263,45589,44107,117847,112107,7161,6638,179533,172008,1461677,1395926,392639,381518,96041,92318,181110,172616,17831,16605,1453110,1388806,929595,883696,268094,261447,15248,14749,108996,103523,5080,4733,126097,120658,1048209,997043,328731,319987,44774,42786,156512,148792,11952,11093,496862,479456,363973,351443,38180,36816,30341,29358,8851,8584,2081,1905,53436,51350,413468,398883,63908,61531,51267,49532,24598,23824,5879,5512
R,9,2021,4,3883240,1985260,1897980,1320379,1257914,309226,300365,46963,45321,122709,116612,7347,6807,178636,170961,1487338,1417550,394077,382740,97968,94331,185804,176258,18134,16908,1478787,1408977,946595,897569,271142,263454,16125,15371,113772,108008,5274,4834,125879,119741,1064803,1009974,330847,321345,46152,43934,161321,152512,12281,11257,506473,489003,373784,360345,38084,36911,30838,29950,8937,8604,2073,1973,52757,51220,422535,407576,63230,61395,51816,50397,24483,23746,5853,5651
R,9,2021,5,3981467,2033709,1947758,1364857,1301115,309866,302494,48922,47196,123407,117932,7287,6953,179370,172068,1532453,1461761,394148,384365,101375,97577,186371,177809,18161,17281,1511687,1446115,978195,928893,271403,265599,16384,16161,114305,109287,5203,4962,126197,121213,1096712,1042654,330851,323576,47212,45873,161542,154146,12192,11603,522022,501643,386662,372222,38463,36895,32538,31035,9102,8645,2084,1991,53173,50855,435741,419107,63297,60789,54163,51704,24829,23663,5969,5678
R,9,2021,6,4010154,2049246,1960908,1376610,1312180,313795,304686,49200,47970,125123,118570,7254,7024,177264,170478,1542264,1471276,396782,385709,101877,98504,186899,177377,17868,17137,1525752,1456085,986626,936627,275413,267673,16829,16144,116210,110066,5206,4974,125468,120601,1104446,1049733,334319,325409,48152,45967,162764,154367,12114,11527,523494,504823,389984,375553,38382,37013,32371,31826,8913,8504,2048,2050,51796,49877,437818,421543,62463,60300,53725,52537,24135,23010,5754,5610
R,9,2021,7,4009800,2050081,1959719,1381585,1314585,312247,303670,49785,47823,125049,118919,7297,6999,174118,167723,1544320,1471129,393090,383006,102371,98455,185560,176215,17773,16984,1529513,1458374,992862,940830,274381,266762,16890,16258,116212,110626,5219,4963,123949,118935,1109268,1052407,332122,323539,48391,46348,162082,153804,12100,11500,520568,501345,388723,373755,37866,36908,32895,31565,8837,8293,2078,2036,50169,48788,435052,418722,60968,59467,53980,52107,23478,22411,5673,5484
R,9,2021,8,3999546,2043116,1956430,1376929,1314006,311223,303144,50103,47827,126925,120284,7418,6979,170518,164190,1536083,1467009,389879,379826,102444,98540,186055,176441,17802,16869,1524525,1455913,988381,938980,273859,266912,16988,16273,118358,111943,5271,4919,121668,116886,1102547,1048446,330206,321997,48419,46622,163297,154459,12094,11383,518591,500517,388548,375026,37364,36232,33115,31554,8567,8341,2147,2060,48850,47304,433536,418563,59673,57829,54025,51918,22758,21982,5708,5486
R,9,2021,9,4021314,2055464,1965850,1389778,1323865,313292,303575,51132,49314,126157,119919,7316,6931,167789,162246,1546208,1475026,390273,378545,103829,100273,183724,175139,17563,16738,1531050,1460792,995630,944277,275738,267578,17024,16440,117623,111765,5168,4881,119867,115851,1107971,1052692,331072,321590,48793,47134,161436,153776,11939,11404,524414,505058,394148,379588,37554,35997,34108,32874,8534,8154,2148,2050,47922,46395,438237,422334,59201,56955,55036,53139,22288,21363,5624,5334
R,9,2021,10,4082059,2089445,1992614,1417756,1346055,319891,309674,51653,50060,124527,118054,7369,7080,168249,161691,1574582,1496582,396475,383857,105543,101856,181773,172855,17645,16956,1551364,1475802,1011232,956637,281635,272735,17211,16445,115812,109760,5188,4940,120286,115285,1123907,1064416,336870,326201,49820,47678,159313,151331,12035,11421,538081,516812,406524,389418,38256,36939,34442,33615,8715,8294,2181,2140,47963,46406,450675,432166,59605,57656,55723,54178,22460,21524,5610,5535
R,9,2021,11,4165456,2130385,2035071,1450304,1380813,326009,314574,52524,50143,124268,118803,7221,6947,170059,163791,1608878,1533421,403162,389906,107771,103346,181397,173239,17543,16887,1574958,1502310,1025256,972779,288671,278388,17214,16967,115868,110868,5065,4881,122884,118427,1140367,1083585,344817,333354,51157,49821,159846,152661,12049,11536,555427,532761,425048,408034,37338,36186,35310,33176,8400,7935,2156,2066,47175,45364,468511,449836,58345,56552,56614,53525,21551,20578,5494,5351
R,9,2021,12,4229574,2163141,2066433,1479231,1406486,330964,320314,52409,50732,123728,118743,7280,6944,169529,163214,1637014,1558459,407683,395782,107809,103726,180568,172268,17635,16887,1596631,1522671,1041337,986211,293633,284135,17801,17294,115456,110882,5049,4769,123355,119380,1156658,1097825,350281,340055,52111,50541,159464,152401,12043,11575,566510,543762,437894,420275,37331,36179,34608,33438,8272,7861,2231,2175,46174,43834,480356,460634,57402,55727,55698,53185,21104,19867,5592,5312
R,9,2021,13,4378627,2239389,2139238,1535067,1458842,342212,330373,54539,52286,128508,123240,7305,6932,171758,167565,1694772,1614626,419956,407219,111239,108247,185431,177851,18113,16976,1651376,1574923,1077894,1021131,303819,293766,18547,17726,120034,115080,5005,4762,126077,122458,1195549,1135467,361668,350924,54264,52834,164474,157284,12399,11625,588013,564315,457173,437711,38393,36607,35992,34560,8474,8160,2300,2170,45681,45107,499223,479159,58288,56295,56975,55413,20957,20567,5714,5351
R,9,2021,14,4393433,2247656,2145777,1548160,1471702,340997,328184,55594,53246,126743,121254,7282,7062,168880,164329,1705122,1624245,416480,402503,113453,109230,181979,174671,17771,17246,1656847,1578458,1088155,1030186,303140,291884,18537,17930,118282,113230,4941,4847,123792,120381,1203683,1142478,359103,347158,55044,53179,161306,154673,12154,11761,590809,567319,460005,441516,37857,36300,37057,35316,8461,8024,2341,2215,45088,43948,501439,481767,57377,55345,58409,56051,20673,19998,5617,5485
R,9,2021,15,4335342,2219878,2115464,1538909,1457631,332020,320147,54949,52631,124112,120074,7193,6789,162695,158192,1690016,1604522,403370,390402,111715,107484,177570,171517,17214,16492,1640126,1560070,1085894,1024047,295747,285102,18198,17587,115802,112434,4925,4604,119560,116296,1197439,1132547,348718,337672,54151,52439,157781,152465,11832,11265,579752,555394,453015,433584,36273,35045,36751,35044,8310,7640,2268,2185,43135,41896,492577,471975,54652,52730,57564,55045,19789,19052,5382,5227
R,9,2021,16,4317816,2211639,2106177,1541064,1456315,327061,314087,54606,53104,124774,122828,7166,6916,156968,152927,1686812,1598101,394575,381238,110635,107434,176280,172389,16770,16288,1637370,1558196,1090812,1027405,291333,280234,18149,17481,116903,115470,4950,4784,115223,112822,1198243,1132407,341459,330498,53815,52149,157234,154424,11546,11288,574269,547981,450252,428910,35728,33853,36457,35623,7871,7358,2216,2132,41745,40105,488569,465694,53116,50740,56820,55285,19046,17965,5224,5000
R,9,2021,17,4330908,2219910,2110998,1552782,1465878,325600,312405,54441,51577,126748,125421,7217,6784,153122,148933,1694698,1604080,390540,376690,109883,105571,177157,173584,16867,15937,1651809,1569845,1105583,1040749,290984,279308,18211,17161,118916,118090,4983,4678,113132,109859,1210854,1142994,339269,327357,53981,51915,158731,155986,11722,11026,568101,541153,447199,425129,34616,33097,36230,34416,7832,7331,2234,2106,39990,39074,483844,461086,51271,49333,55902,53656,18426,17598,5145,4911
R,9,2021,18,4319332,2213940,2105392,1550809,1464118,324587,312009,54652,50982,128337,127234,7234,6745,148321,144304,1688292,1597810,386596,373208,109845,104418,176600,174029,16464,15525,1650778,1570095,1107569,1042762,290134,279309,17858,16734,120764,119901,5011,4697,109442,106692,1209381,1141983,336436,325205,53443,51275,158773,156696,11422,10915,563162,535297,443240,421356,34453,32700,36794,34248,7573,7333,2223,2048,38879,37612,478911,455827,50160,48003,56402,53143,17827,17333,5042,4610
R,9,2021,19,4384086,2233992,2150094,1562472,1492466,335213,328505,54526,50757,133226,132269,7195,7018,141360,139079,1693187,1620633,393591,387727,107801,102411,179268,177107,16243,15861,1670031,1613148,1116850,1068277,300409,294833,17778,16990,125689,125021,5074,4967,104231,103060,1213480,1163576,344026,339345,52077,50452,161890,160367,11474,11232,563961,536946,445622,424189,34804,33672,36748,33767,7537,7248,2121,2051,37129,36019,479707,457057,49565,48382,55724,51959,17378,16740,4769,4629
R,9,2021,20,4617883,2338687,2279196,1633214,1583181,355653,352353,54695,50790,149414,149053,7724,7631,137987,136188,1759888,1708496,412917,410405,106105,100129,194853,193865,17150,16808,1766580,1732952,1180573,1149296,319000,317836,17914,17674,141734,141502,5496,5462,101863,101182,1274325,1242599,361607,361561,51159,49526,177663,177238,12150,12069,572107,546244,452641,433885,36653,34517,36781,33116,7680,7551,2228,2169,36124,35006,485563,465897,51310,48844,54946,50603,17190,16627,5000,4739
R,9,2021,21,4709770,2385253,2324517,1671341,1616636,361722,361217,55250,50424,156417,156212,8215,7836,132308,132192,1792816,1737877,416039,417567,105068,98319,199921,199906,17213,16671,1813549,1781274,1217395,1184543,325430,326417,18183,17409,148773,148540,6013,5642,97755,98723,1307358,1275341,365825,368938,50196,48509,183418,183518,12503,11964,571704,543243,453946,432093,36292,34800,37067,33015,7644,7672,2202,2194,34553,33469,485458,462536,50214,48629,54872,49810,16503,16388,4710,4707
R,9,2021,22,4563670,2316109,2247561,1634672,1573440,342278,341969,52517,47940,153101,150950,8024,7538,125517,125724,1749727,1688812,393338,395331,100228,94054,194230,192040,16761,15906,1767537,1727099,1197730,1158774,307872,308709,17270,16573,145729,143587,5869,5461,93067,93995,1283233,1245259,346110,349059,48239,46715,178487,176442,12131,11410,548572,520462,436942,414666,34406,33260,35247,31367,7372,7363,2155,2077,32450,31729,466494,443553,47228,46272,51989,47339,15743,15598,4630,4496
R,9,2021,23,4452681,2261438,2191243,1594845,1531046,331748,331072,51556,47084,155638,153136,7771,7438,119880,121467,1704627,1642652,380037,382112,97735,92272,194580,192329,16019,15367,1729091,1686570,1171007,1128685,298404,299354,16582,15793,148382,145880,5651,5378,89065,91480,1252671,1213001,334622,338234,46488,45449,179654,177582,11660,11157,532347,504673,423838,402361,33344,31718,34974,31291,7256,7256,2120,2060,30815,29987,451956,429651,45415,43878,51247,46823,14926,14747,4359,4210
R,9,2021,24,4321633,2195983,2125650,1548696,1484381,317605,317185,49934,45622,158528,154891,7410,7066,113810,116505,1652917,1591243,362697,365235,94362,89975,195750,192512,15160,14578,1678168,1635399,1135966,1093242,285413,286703,15646,14989,151561,147989,5400,5177,84182,87299,1213262,1173471,318829,323128,44312,43902,181438,178468,11044,10626,517815,490251,412730,391139,32192,30482,34288,30633,6967,6902,2010,1889,29628,29206,439655,417772,43868,42107,50050,46073,14312,14044,4116,3952
R,9,2021,25,4295475,2180848,2114627,1540584,1476821,309610,312852,50538,45668,161397,158186,7466,6940,111253,114160,1642337,1581346,353007,359304,94712,89917,197458,195000,15299,14500,1668012,1628337,1132636,1089404,277967,282737,15412,14575,154422,151158,5452,5147,82123,85316,1207997,1167717,309982,317914,43699,43245,183535,180938,11151,10668,512836,486290,407948,387417,31643,30115,35126,31093,6975,7028,2014,1793,29130,28844,434340,413629,43025,41390,51013,46672,13923,14062,4148,3832
R,9,2021,26,4338454,2197603,2140851,1553851,1494265,314977,321216,50965,46122,161563,159601,7574,7159,108673,112488,1652972,1597001,357081,366907,94832,90327,196662,195359,15264,14873,1684908,1650929,1146076,1104120,283034,289874,15545,14871,154469,152631,5594,5309,80190,84124,1219289,1181132,314058,324151,43839,43835,182874,181727,11240,10971,512695,489922,407775,390145,31943,31342,35420,31251,7094,6970,1980,1850,28483,28364,433683,415869,43023,42756,50993,46492,13788,13632,4024,3902
R,9,2021,27,4357958,2200448,2157510,1555273,1501127,317973,329905,50214,46356,162775,161113,7393,7197,106820,111812,1652454,1603272,358483,374487,94301,91616,197176,196421,15260,14781,1694943,1669954,1152892,1113265,286624,298778,15526,14833,155846,154281,5478,5257,78577,83540,1224430,1189710,316423,332146,43720,44606,183804,183009,11289,10871,505505,487556,402381,387862,31349,31127,34688,31523,6929,6832,1915,1940,28243,28272,428024,413562,42060,42341,50581,47010,13372,13412,3971,3910
R,9,2021,28,4424787,2228668,2196119,1576993,1524444,323308,339817,51365,47415,165582,166806,7560,7182,103860,110455,1671311,1625135,362332,383474,94543,93420,199168,201169,15286,14675,1724389,1707307,1175289,1136073,292015,308280,15964,15444,158818,159913,5596,5227,76707,82370,1245056,1211340,320654,340633,43869,45889,186138,187910,11305,10748,504279,488812,401704,388371,31293,31537,35401,31971,6764,6893,1964,1955,27153,28085,426255,413795,41678,42841,50674,47531,13030,13259,3981,3927
R,9,2021,29,4502647,2262983,2239664,1608137,1558706,324675,343801,52029,48182,166922,171680,7274,7112,103946,110183,1702781,1659258,362459,385723,96890,95417,199903,205860,14918,14562,1757351,1748105,1204932,1167344,293527,312080,16544,16085,160231,164958,5418,5268,76699,82370,1274832,1242664,320956,343062,45809,47696,187120,192883,11099,10748,505632,491559,403205,391362,31148,31721,35485,32097,6691,6722,1856,1844,27247,27813,427949,416594,41503,42661,51081,47721,12783,12977,3819,3814
R,9,2021,30,4599089,2302094,2296995,1639954,1597374,329453,354472,52605,48574,170722,179153,7700,7273,101660,110149,1731842,1697466,365951,395995,96824,96296,203488,213718,15498,14992,1798542,1806459,1239493,1208501,297819,321977,16891,16476,163855,172078,5775,5434,74709,81993,1307154,1283154,324162,352314,45504,48177,190559,200288,11572,11243,503552,490536,400461,388873,31634,32495,35714,32098,6867,7075,1925,1839,26951,28156,424688,414312,41789,43681,51320,48119,12929,13430,3926,3749
R,9,2021,31,4665868,2333154,2332714,1668093,1625785,331268,357265,53005,48955,173324,184170,7537,7419,99927,109120,1758691,1725235,366068,397062,97131,98115,205748,217624,15161,14862,1829870,1841722,1267200,1236057,299732,324715,16963,16671,166643,177339,5593,5512,73739,81428,1334154,1310397,324568,353613,45811,49787,193263,204733,11311,11114,503284,490992,400893,389728,31536,32550,36042,32284,6681,6831,1944,1907,26188,27692,424537,414838,41500,43449,51320,48328,12485,12891,3850,3748
R,9,2021,32,4545008,2270943,2274065,1626723,1583943,318747,346346,50718,47599,171768,185553,7247,6911,95740,103713,1713606,1678034,351478,383555,93985,94877,202368,217696,14402,14139,1792948,1805819,1245984,1211494,288991,315553,16371,16474,165447,179087,5441,5175,70714,78036,1310130,1282291,312317,342654,44705,48720,190722,205748,10938,10730,477995,468246,380739,372449,29756,30793,34347,31125,6321,6466,1806,1736,25026,25677,403476,395743,39161,40901,49280,46157,11646,11948,3464,3409
R,9,2021,33,4487338,2234012,2253326,1610070,1578490,305680,336037,50963,47278,167971,183714,6993,6941,92335,100866,1693754,1670137,336363,371770,92921,94194,197699,214530,13999,13877,1760822,1789097,1232473,1209116,276970,306016,16240,15869,161695,177377,5254,5203,68190,75516,1294292,1277866,298855,331750,43655,47775,186324,202778,10577,10498,473190,464229,377597,369374,28710,30021,34723,31409,6276,6337,1739,1738,24145,25350,399462,392271,37508,40020,49266,46419,11375,11752,3422,3379
R,9,2021,34,4414071,2199144,2214927,1593456,1557372,296544,326142,49692,46205,163912,180444,7056,6743,88484,98021,1673489,1646490,325694,360393,91112,92663,191963,210224,13890,13398,1736403,1759673,1223354,1194699,268960,297125,15563,15381,157849,174208,5314,5046,65363,73214,1282360,1261311,289727,321707,42757,46977,181119,198877,10608,10102,462741,455254,370102,362673,27584,29017,34129,30824,6063,6236,1742,1697,23121,24807,391129,385179,35967,38686,48355,45686,10844,11347,3282,3296
R,9,2021,35,4444304,2213723,2230581,1610495,1576114,294257,324310,50129,47157,164445,180873,7017,6693,87380,95434,1689623,1662642,322368,356712,91460,93951,192287,209209,13882,13247,1748408,1774929,1237889,1212435,266715,295640,15552,15559,158342,174803,5330,5023,64580,71469,1296419,1277260,286375,318900,42938,47788,181381,198253,10548,10026,465315,455652,372606,363679,27542,28670,34577,31598,6103,6070,1687,1670,22800,23965,393204,385382,35993,37812,48522,46163,10906,10956,3334,3221
R,9,2021,36,4452507,2217100,2235407,1617815,1582077,291926,322497,50183,47072,164679,182814,6846,6684,85651,94263,1695344,1667728,318783,353592,92074,94184,191388,210580,13431,13236,1754525,1781533,1247184,1219200,265429,294534,15102,15634,158711,176776,5191,5085,62908,70304,1304089,1283115,284105,316459,42813,48086,180854,199759,10210,10103,462575,453874,370631,362877,26497,27963,35081,31438,5968,6038,1655,1599,22743,23959,391255,384613,34678,37133,49261,46098,10534,10821,3221,3133
R,9,2021,37,4346151,2159538,2186613,1576709,1548614,281213,313231,49118,46151,163749,181461,6637,6507,82112,90649,1650834,1630616,306338,342726,89873,92419,189392,208107,13153,12974,1710425,1741376,1216489,1191603,255781,286394,14931,15206,157926,175675,5009,4854,60289,67644,1270836,1252817,273288,307185,41889,47155,179123,197668,10024,9820,449113,445237,360220,357011,25432,26837,34187,30945,5823,5786,1628,1653,21823,23005,379998,377799,33050,35541,47984,45264,10269,10439,3129,3154
R,9,2021,38,4362857,2163804,2199053,1583050,1558692,281870,314266,49652,47041,161174,181834,6502,6565,81556,90655,1656682,1640580,306800,343243,90846,94521,186027,207821,12861,12970,1714290,1750237,1222059,1198911,256481,287295,15065,15330,155608,176132,4906,4911,60171,67658,1276304,1260001,273875,307760,42650,48300,176183,197599,9783,9833,449514,448816,360991,359781,25389,26971,34587,31711,5566,5702,1596,1654,21385,22997,380378,380579,32925,35483,48196,46221,9844,10222,3078,3137
R,9,2021,39,4370056,2162231,2207825,1585792,1567131,281588,315562,49384,47220,159149,181477,6358,6544,79960,89891,1658012,1648333,305912,344373,90368,94860,183066,206760,12646,12852,1711873,1754878,1223436,1203299,256308,288539,15014,15102,153534,175726,4744,4853,58837,67359,1276459,1264185,273345,308938,42461,48474,173262,196567,9622,9698,450358,452947,362356,363832,25280,27023,34370,32118,5615,5751,1614,1691,21123,22532,381553,384148,32567,35435,47907,46386,9804,10193,3024,3154
R,9,2021,40,4314386,2133897,2180489,1570190,1552795,278606,311950,48714,46822,151887,175172,6245,6174,78255,87576,1640598,1631930,302095,339901,89569,93834,174869,199402,12337,12256,1692288,1734327,1214680,1194115,254165,285744,14600,14976,146441,169550,4638,4563,57764,65379,1266571,1253237,270625,305519,42138,47758,165465,189543,9308,9158,441609,446162,355510,358680,24441,26206,34114,31846,5446,5622,1607,1611,20491,22197,374027,378693,31470,34382,47431,46076,9404,9859,3029,3098
R,9,2021,41,4344508,2150684,2193824,1579533,1558472,286410,319986,49679,47272,150769,174364,6453,6417,77840,87313,1649623,1637251,309836,347738,90855,94820,173217,198034,12464,12563,1700162,1742911,1215808,1195159,262008,293807,14954,15172,145235,168788,4807,4754,57350,65231,1267314,1253957,278324,313459,42808,48503,163790,188317,9499,9467,450522,450913,363725,363313,24402,26179,34725,32100,5534,5576,1646,1663,20490,22082,382309,383294,31512,34279,48047,46317,9427,9717,2965,3096
R,9,2021,42,4145261,2046546,2098715,1505491,1492983,271187,304646,46850,44939,144229,168320,5939,5903,72850,81924,1571138,1566766,292727,330713,85836,89608,165010,190518,11477,11515,1624603,1670493,1164633,1147524,248478,279918,14042,14292,139164,163050,4445,4375,53841,61334,1213109,1202785,263508,298139,40519,45845,156397,181371,8726,8672,421943,428222,340858,345459,22709,24728,32808,30647,5065,5270,1494,1528,19009,20590,358029,363981,29219,32574,45317,43763,8613,9147,2751,2843
R,9,2021,43,4028780,1986932,2041848,1466826,1458275,259763,292103,45292,44262,139314,162766,5649,5614,70088,78828,1529999,1529343,280267,316559,83410,87818,159110,184030,10710,10952,1574111,1620717,1132010,1117714,238084,268375,13449,13967,134430,157475,4237,4138,51901,59048,1178724,1170906,252399,285706,39505,44726,150874,175013,8128,8271,412821,421131,334816,340561,21679,23728,31843,30295,4884,5291,1412,1476,18187,19780,351275,358437,27868,30853,43905,43092,8236,9017,2582,2681
R,9,2021,44,3996600,1967624,2028976,1456360,1451943,254861,289073,45114,43725,137496,161255,5480,5657,68313,77323,1517916,1521585,274712,312824,82803,87193,156560,181984,10540,10879,1560564,1609783,1124959,1111066,234327,266018,13797,14252,132634,156154,4072,4175,50775,58118,1170618,1163373,248054,282823,39763,45140,148548,173291,7969,8189,407060,419193,331401,340877,20534,23055,31317,29473,4862,5101,1408,1482,17538,19205,347298,358212,26658,30001,43040,42053,8012,8693,2571,2690
R,9,2021,45,3857411,1899486,1957925,1401745,1401146,244263,275713,43744,42111,138361,160585,5279,5351,66094,73019,1461204,1466785,262735,298021,80700,83435,156654,179994,10264,10228,1502801,1548267,1078394,1066577,224366,254037,13250,13409,133793,155569,3981,3964,49017,54711,1122378,1115667,237182,269776,38609,42544,149114,171709,7871,7771,396685,409658,323351,334569,19897,21676,30494,28702,4568,5016,1298,1387,17077,18308,338826,351118,25553,28245,42091,40891,7540,8285,2393,2457
R,9,2021,46,3891817,1917712,1974105,1419893,1416201,245373,276459,42796,41938,140909,162697,5134,5162,63607,71648,1477092,1480650,263265,297729,78645,82834,158209,181757,9657,9866,1526450,1569781,1099465,1084871,226152,255303,13137,13687,136350,157857,3889,3844,47457,54219,1142044,1133595,238714,270412,38148,42972,150714,173725,7386,7471,391262,404324,320428,331330,19221,21156,29659,28251,4559,4840,1245,1318,16150,17429,335048,347055,24551,27317,40497,39862,7495,8032,2271,2395
R,9,2021,47,3829077,1885173,1943904,1396065,1397084,240382,270486,41765,40449,140040,161344,4894,5106,62027,69435,1451839,1459602,257553,290788,77172,80531,156809,179655,9328,9537,1505923,1549958,1084812,1073012,222132,250412,13003,13448,135704,156664,3732,3778,46540,52644,1126543,1120286,234276,264953,37888,42290,149743,171970,7148,7225,379250,393946,311253,324072,18250,20074,28762,27001,4336,4680,1162,1328,15487,16791,325296,339316,23277,25835,39284,38241,7066,7685,2180,2312
R,9,2021,48,3857664,1893600,1964064,1402450,1410505,244098,276203,40830,40185,140402,163158,4862,5075,60958,68938,1457261,1472337,260733,296394,75666,80067,156956,181256,9165,9573,1522942,1576543,1097611,1091057,226401,256534,13069,13747,136169,158620,3686,3778,46006,52807,1138792,1138358,238139,270983,37797,42938,150069,173811,7099,7273,370658,387521,304839,319448,17697,19669,27761,26438,4233,4538,1176,1297,14952,16131,318469,333979,22594,25411,37869,37129,6887,7445,2066,2300
R,9,2021,49,4007923,1967209,2040714,1466393,1476274,251913,285020,41098,39845,141146,164606,4812,4979,61847,69990,1521960,1539259,268451,305018,77335,81107,157321,182366,9180,9525,1598604,1654682,1162301,1157333,234551,265579,13636,13916,136938,160063,3655,3728,47523,54063,1204853,1205853,246528,280156,40023,44396,150631,175101,7117,7312,368605,386032,304092,318941,17362,19441,27462,25929,4208,4543,1157,1251,14324,15927,317107,333406,21923,24862,37312,36711,6690,7265,2063,2213
R,9,2021,50,4246145,2086552,2159593,1575827,1583585,262765,298154,40617,40452,137969,160127,5005,4987,64369,72288,1633777,1648769,279658,318423,79102,84025,154295,177647,9536,9617,1718040,1774741,1271134,1265201,245356,278879,14028,14632,133728,155664,3789,3809,50005,56556,1316110,1316060,257574,293788,42531,47693,147627,170456,7422,7503,368512,384852,304693,318384,17409,19275,26589,25820,4241,4463,1216,1178,14364,15732,317667,332709,22084,24635,36571,36332,6668,7191,2114,2114
R,9,2021,51,4288445,2108895,2179550,1600604,1609118,262814,294825,40581,39390,136970,159482,4873,5038,63053,71697,1657420,1673606,279288,314850,78644,83069,152384,176672,9351,9732,1744263,1804188,1298782,1298270,245565,276064,13902,14675,132912,155120,3719,3870,49383,56189,1343178,1348661,257754,290964,42493,47801,146042,169586,7343,7671,364632,375362,301822,310848,17249,18761,26679,24715,4058,4362,1154,1168,13670,15508,314242,324945,21534,23886,36151,35268,6342,7086,2008,2061
R,9,2021,52,4122799,2023032,2099767,1544724,1559146,246277,278504,38188,37967,130143,152236,4604,4874,59096,67040,1598128,1619585,261364,296665,74282,79661,144547,167807,8732,9184,1676811,1741456,1257053,1261771,230380,261006,13396,14205,126361,148106,3551,3737,46070,52631,1298595,1309153,241327,274315,40505,46110,138585,161186,6873,7168,346221,358311,287671,297375,15897,17498,24792,23762,3782,4130,1053,1137,13026,14409,299533,310432,20037,22350,33777,33551,5962,6621,1859,2016
R,9,2021,53,4015313,1967474,2047839,1500804,1518737,244163,277551,37470,36458,125140,147263,4371,4668,55526,63162,1550821,1575485,258364,294866,71739,75904,138276,161638,8274,8809,1632721,1701900,1222578,1230832,228733,260605,13210,13991,121537,143322,3372,3577,43291,49573,1261455,1275260,239062,273323,39106,44270,132628,155414,6525,6923,334753,345939,278226,287905,15430,16946,24260,22467,3603,3941,999,1091,12235,13589,289366,300225,19302,21543,32633,31634,5648,6224,1749,1886
R,9,2021,54,4007266,1959014,2048252,1507423,1533752,242559,277829,35771,35539,115106,134574,4479,4518,53676,62040,1555898,1589638,256019,294938,69581,74870,127269,147887,8159,8539,1636376,1713147,1238165,1254398,227948,261201,13239,14126,111671,130866,3455,3481,41898,49075,1275908,1298507,237759,273908,38786,44646,121960,142007,6467,6722,322638,335105,269258,279354,14611,16628,22532,21413,3435,3708,1024,1037,11778,12965,279990,291131,18260,21030,30795,30224,5309,5880,1692,1817
R,9,2021,55,4067041,1986511,2080530,1527534,1558108,250321,286694,35641,35689,115180,133642,4434,4629,53401,61768,1575337,1613571,263975,303562,69546,75177,127087,146830,8254,8632,1666702,1748988,1260164,1281405,235556,270498,13535,14504,111902,130022,3422,3573,42123,48986,1297761,1325334,245527,283002,39686,45307,121941,141075,6541,6784,319809,331542,267370,276703,14765,16196,22106,21185,3278,3620,1012,1056,11278,12782,277576,288237,18448,20560,29860,29870,5146,5755,1713,1848
R,9,2021,56,4246645,2068943,2177702,1601979,1642789,256984,296170,35871,36064,115432,134622,4365,4657,54312,63400,1650847,1699716,270527,313411,70668,76839,127295,147842,8159,8726,1752198,1848481,1336495,1367418,242703,280084,14244,15386,112187,131073,3379,3639,43190,50881,1375234,1413034,252802,293086,41225,47631,122284,142228,6496,6969,316745,329221,265484,275371,14281,16086,21627,20678,3245,3549,986,1018,11122,12519,275613,286682,17725,20325,29443,29208,5011,5614,1663,1757
R,9,2021,57,4366280,2120954,2245326,1654722,1708520,257180,297294,35244,35578,115444,136026,4107,4510,54257,63398,1703536,1765543,270267,313725,70792,77407,126905,149021,7828,8477,1817936,1925128,1400346,1439838,243525,281666,14453,15790,112480,132744,3233,3517,43899,51573,1439739,1486133,253415,294184,42760,49490,122267,143816,6287,6822,303018,320198,254376,268682,13655,15628,20791,19788,2964,3282,874,993,10358,11825,263797,279410,16852,19541,28032,27917,4638,5205,1541,1655
R,9,2021,58,4376744,2122680,2254064,1661083,1722683,253232,293429,34147,34337,116874,136460,3990,4474,53354,62681,1709099,1779056,265996,309772,69370,75674,128043,149015,7535,8374,1832150,1945405,1416940,1463219,240130,278655,14618,15621,113954,133161,3178,3538,43330,51211,1455842,1509179,249816,291314,42749,49064,123561,143862,6138,6759,290530,308659,244143,259464,13102,14774,19529,18716,2920,3299,812,936,10024,11470,253257,269877,16180,18458,26621,26610,4482,5153,1397,1615
R,9,2021,59,4358372,2109896,2248476,1665766,1734888,248095,289361,32476,33431,107564,125445,4141,4471,51854,60880,1712578,1789704,260133,304984,66824,74130,118442,137453,7601,8207,1832491,1953017,1431778,1485851,235838,275657,14200,15437,104843,122376,3311,3574,42521,50122,1470070,1530889,245079,287764,41899,48649,114295,132680,6237,6650,277405,295459,233988,249037,12257,13704,18276,17994,2721,3069,830,897,9333,10758,242508,258815,15054,17220,24925,25481,4147,4773,1364,1557
R,9,2021,60,4375701,2112733,2262968,1682007,1758754,244569,287074,31246,32694,100186,120135,3900,4164,50825,60147,1727821,1812853,256538,302373,65205,73252,110712,131749,7204,7910,1849497,1980046,1459884,1520246,232966,273951,14072,15702,97648,117280,3130,3328,41797,49539,1497448,1564730,242187,285798,41614,48871,106769,127229,5913,6387,263236,282922,222123,238508,11603,13123,17174,16992,2538,2855,770,836,9028,10608,230373,248123,14351,16575,23591,24381,3943,4520,1291,1523
R,9,2021,61,4363462,2101742,2261720,1668370,1754103,245165,287882,30935,32322,103594,124903,3791,4147,49887,58363,1713352,1806482,256899,303010,64240,71332,113808,136319,7015,7689,1843300,1982617,1450174,1518483,233851,275046,13889,15514,101094,122066,3064,3352,41228,48156,1487253,1561590,242940,286820,41029,47470,110003,131878,5742,6299,258442,279103,218196,235620,11314,12836,17046,16808,2500,2837,727,795,8659,10207,226099,244892,13959,16190,23211,23862,3805,4441,1273,1390
R,9,2021,62,4259515,2044384,2215131,1632930,1727445,234773,279191,28992,30495,97115,118263,3535,3840,47039,55897,1675246,1777788,245576,293315,60603,68319,106872,128945,6530,7134,1807010,1955745,1432453,1508419,224360,267300,13400,14845,94783,115632,2882,3146,39132,46403,1467587,1550083,232843,278430,39279,46026,103353,124866,5405,5867,237374,259386,200477,219026,10413,11891,15592,15650,2332,2631,653,694,7907,9494,207659,227705,12733,14885,21324,22293,3519,4079,1125,1267
R,9,2021,63,4202022,2010452,2191570,1611370,1715481,226480,270775,26783,29070,97701,119114,3351,3642,44767,53488,1651624,1763525,236837,284436,57006,65380,106795,129284,6145,6733,1788414,1945028,1423664,1506747,216482,259594,12733,14467,95544,116617,2731,2973,37260,44630,1457063,1546747,224583,270428,37599,44535,103510,125426,5100,5533,222038,246542,187706,208734,9998,11181,14050,14603,2157,2497,620,669,7507,8858,194561,216778,12254,14008,19407,20845,3285,3858,1045,1200
R,9,2021,64,4164018,1984306,2179712,1596080,1713318,220630,267246,26260,27943,94743,116170,3205,3505,43388,51530,1635146,1759669,230644,280234,55652,63465,103456,125520,5924,6475,1770714,1939843,1415004,1509455,211384,256468,12567,14034,92746,113924,2670,2824,36343,43138,1447628,1548152,219317,266822,36903,43633,100447,121999,4982,5315,213592,239869,181076,203863,9246,10778,13693,13909,1997,2246,535,681,7045,8392,187518,211517,11327,13412,18749,19832,3009,3521,942,1160
R,9,2021,65,4013725,1906235,2107490,1537480,1657531,208933,256445,24399,26481,91683,114679,3012,3329,40728,49025,1574231,1701600,218290,268836,51967,60113,99751,123797,5619,6193,1705859,1880059,1367473,1464153,200232,246130,11769,13517,89754,112406,2476,2752,34155,41101,1398231,1501001,207590,255973,34650,41570,96833,120338,4657,5186,200376,227431,170007,193378,8701,10315,12630,12964,1929,2273,536,577,6573,7924,176000,200599,10700,12863,17317,18543,2918,3459,962,1007
R,9,2021,66,3912151,1853272,2058879,1500765,1627713,198399,244602,23224,25095,89664,112405,2867,3241,38353,45823,1535203,1668700,207266,256318,49281,56369,97248,121059,5370,6029,1662511,1840711,1338850,1441875,190051,234823,11263,12697,87863,110329,2374,2640,32110,38347,1367615,1476026,197018,244078,32846,38695,94560,117908,4513,5020,190761,218168,161915,185838,8348,9779,11961,12398,1801,2076,493,601,6243,7476,167588,192674,10248,12240,16435,17674,2688,3151,857,1009
R,9,2021,67,3773832,1778025,1995807,1449944,1587400,185156,232630,21090,23420,84407,106213,2608,3070,34820,43074,1481298,1625928,193350,243622,44790,53070,91178,114018,4767,5682,1603433,1792156,1301224,1413448,177490,223627,10490,12146,82824,104205,2160,2509,29245,36221,1327479,1445738,183928,232335,30219,37001,88800,111000,4024,4746,174592,203651,148720,173952,7666,9003,10600,11274,1583,2008,448,561,5575,6853,153819,180190,9422,11287,14571,16069,2378,3018,743,936
R,9,2021,68,3609259,1693440,1915819,1390008,1533986,170095,217324,19372,21418,79131,99937,2419,2755,32415,40399,1419152,1570285,177616,227599,41588,49141,85416,107269,4480,5211,1532553,1725472,1252551,1370799,163128,208953,9785,11381,77704,98207,2022,2306,27363,33826,1277104,1401054,169060,217126,28370,34477,83305,104599,3791,4422,160887,190347,137457,163187,6967,8371,9587,10037,1427,1730,397,449,5052,6573,142048,169231,8556,10473,13218,14664,2111,2670,689,789
R,9,2021,69,3476735,1626695,1850040,1342931,1488008,158334,205965,17549,20064,75640,96193,2320,2634,29921,37176,1369870,1521348,165375,215476,38072,45864,81300,102666,4246,4907,1478048,1672378,1215394,1335207,151983,198295,9083,10724,74309,94575,1959,2208,25320,31369,1238091,1363239,157610,205873,26323,32453,79339,100231,3600,4146,148647,177662,127537,152801,6351,7670,8466,9340,1331,1618,361,426,4601,5807,131779,158109,7765,9603,11749,13411,1961,2435,646,761
R,9,2021,70,3318680,1545789,1772891,1280242,1427229,149775,199361,16366,18851,69340,89954,2072,2467,27994,35029,1305362,1458656,156320,208464,35868,43369,74433,95752,3848,4551,1405045,1603951,1159018,1281844,143855,192131,8531,10046,68158,88438,1771,2048,23712,29444,1180189,1308143,149117,199393,24950,30683,72658,93456,3310,3848,140744,168940,121224,145385,5920,7230,7835,8805,1182,1516,301,419,4282,5585,125173,150513,7203,9071,10918,12686,1775,2296,538,703
R,9,2021,71,3170672,1470653,1700019,1214435,1365779,141917,189569,15378,17608,70609,91910,1969,2234,26345,32919,1238117,1395201,148176,198295,33522,40313,75508,97662,3666,4265,1338801,1537477,1100960,1225474,136297,182519,8098,9467,69453,90428,1666,1884,22327,27705,1120945,1250132,141288,189481,23359,28563,73794,95395,3166,3619,131852,162542,113475,140305,5620,7050,7280,8141,1156,1482,303,350,4018,5214,117172,145069,6888,8814,10163,11750,1714,2267,500,646
R,9,2021,72,3065774,1416360,1649414,1181162,1338684,129406,175632,14184,16168,65469,85722,1859,2122,24280,31086,1203021,1366487,134932,183746,31073,37852,69923,90867,3499,4057,1295207,1499431,1076328,1208701,124475,169310,7651,8838,64357,84389,1574,1783,20822,26410,1095010,1232235,128906,175878,22110,27276,68319,88896,3014,3458,121153,149983,104834,129983,4931,6322,6533,7330,1112,1333,285,339,3458,4676,108011,134252,6026,7868,8963,10576,1604,1971,485,599
R,9,2021,73,2984663,1375893,1608770,1157539,1317485,119685,164632,12956,15211,61315,79892,1673,1995,22725,29555,1177989,1343980,124961,172246,28762,35922,65400,84742,3154,3791,1262485,1466769,1059130,1194430,115090,158704,7188,8382,60336,78618,1410,1678,19331,24957,1076465,1216716,119382,164805,20522,25829,63965,82837,2726,3245,113408,142001,98409,123055,4595,5928,5768,6829,979,1274,263,317,3394,4598,101524,127264,5579,7441,8240,10093,1435,1905,428,546
R,9,2021,74,3087415,1422197,1665218,1217505,1392304,111164,153577,12669,14509,56494,73750,1590,1723,22775,29355,1238135,1418822,116189,161070,28877,35352,60337,78295,3010,3429,1315487,1529745,1124629,1274312,107067,148043,7109,8167,55612,72575,1355,1447,19715,25201,1142479,1297023,111174,154148,21104,26089,59020,76557,2626,2957,106710,135473,92876,117992,4097,5534,5560,6342,882,1175,235,276,3060,4154,95656,121799,5015,6922,7773,9263,1317,1738,384,472
R,9,2021,75,2334848,1066165,1268683,902712,1046646,86306,122852,9810,11977,48667,63181,1371,1548,17299,22479,918363,1066801,90284,128689,21712,27370,51786,67069,2590,3062,975556,1150343,823778,943723,82688,117782,5291,6493,47891,62129,1170,1300,14738,18916,837096,960602,85837,122463,15413,19442,50645,65512,2250,2625,90609,118340,78934,102923,3618,5070,4519,5484,776,1052,201,248,2561,3563,81267,106199,4447,6226,6299,7928,1141,1557,340,437
R,9,2021,76,2138087,967752,1170335,819358,965390,79263,115267,8755,11006,44112,57329,1187,1447,15077,19896,832939,983138,82821,120606,19035,24600,46928,60675,2316,2809,885291,1061514,747324,870251,76084,110836,4721,5991,43423,56402,1002,1198,12737,16836,758749,885199,78897,115146,13353,17475,45885,59339,1996,2377,82461,108821,72034,95139,3179,4431,4034,5015,689,927,185,249,2340,3060,74190,97939,3924,5460,5682,7125,1043,1336,320,432
R,9,2021,77,2051025,920913,1130112,784795,940119,72030,106745,8115,10040,40847,52923,1035,1335,14091,18950,797456,956996,75451,111990,17791,23050,43361,56005,2051,2656,847078,1029388,720181,851880,69128,102752,4486,5473,40307,52058,891,1108,12085,16117,731007,866169,71892,107039,12780,16548,42548,54747,1781,2273,73835,100724,64614,88239,2902,3993,3629,4567,540,865,144,227,2006,2833,66449,90827,3559,4951,5011,6502,813,1258,270,383
R,9,2021,78,2074937,925101,1149836,798307,969836,68114,103627,7368,9514,37163,47427,932,1172,13217,18260,810246,986172,71263,108560,16503,22167,39446,50307,1910,2415,856129,1053795,737723,885837,65464,99668,4182,5188,36584,46667,801,973,11375,15462,747985,899613,68014,103611,12054,15964,38591,49131,1655,2076,68972,96041,60584,83999,2650,3959,3186,4326,579,760,131,199,1842,2798,62261,86559,3249,4949,4449,6203,855,1176,255,339
R,9,2021,79,1785887,788373,997514,675319,835206,59495,91670,6429,8409,34837,45629,822,1092,11471,15508,685627,849091,62188,95871,14353,19141,36900,48155,1632,2085,727363,911894,621722,759959,57118,88337,3629,4608,34384,44932,694,900,9816,13158,630521,771665,59307,91735,10377,13736,36222,47141,1398,1781,61010,85620,53597,75247,2377,3333,2800,3801,453,697,128,192,1655,2350,55106,77426,2881,4136,3976,5405,678,1014,234,304
R,9,2021,80,1584904,690862,894042,591164,747112,52025,83480,5748,7516,31203,40886,768,938,9954,14110,600151,759694,54433,87360,12555,17257,33029,43228,1456,1867,635939,815732,542831,678163,49908,80471,3302,4178,30795,40253,660,778,8443,11889,550438,688728,51810,83568,9072,12397,32402,42265,1246,1583,54923,78310,48333,68949,2117,3009,2446,3338,408,633,108,160,1511,2221,49713,70966,2623,3792,3483,4860,627,963,210,284
R,9,2021,81,1437445,617786,819659,526346,683188,47197,77608,5203,6956,29517,38504,681,893,8842,12510,534243,694302,49407,81175,11176,15397,31210,40570,1301,1760,566989,745301,481605,617646,45250,74662,2900,3824,29106,37915,560,726,7568,10528,488345,626928,47038,77532,7962,10941,30627,39726,1118,1486,50797,74358,44741,65542,1947,2946,2303,3132,411,589,121,167,1274,1982,45898,67374,2369,3643,3214,4456,583,844,183,274
R,9,2021,82,1305657,556193,749464,476296,628413,41089,68683,4491,6244,26180,34076,516,797,7621,11251,483140,638392,42976,71828,9576,13842,27638,35961,1071,1597,510698,682119,436166,568878,39313,66020,2455,3469,25848,33546,411,675,6505,9531,441985,577281,40822,68543,6777,9923,27153,35193,911,1383,45495,67345,40130,59535,1776,2663,2036,2775,332,530,105,122,1116,1720,41155,61111,2154,3285,2799,3919,485,768,160,214
R,9,2021,83,1208790,507649,701141,436151,589774,36429,63167,3952,5828,23585,31579,534,695,6998,10098,442433,598772,38135,66062,8627,12528,24956,33317,1034,1373,467032,639319,400111,535134,34924,60701,2272,3268,23250,31120,447,569,6028,8527,405514,542681,36301,63061,6308,8939,24470,32627,878,1168,40617,61822,36040,54640,1505,2466,1680,2560,335,459,87,126,970,1571,36919,56091,1834,3001,2319,3589,486,690,156,205
R,9,2021,84,1069548,441965,627583,379610,527932,31609,56433,3374,5059,20857,28510,429,647,6086,9002,385111,535856,33176,59064,7422,10930,22020,30158,869,1321,406173,571649,347776,478473,30297,54219,1901,2745,20590,28064,366,531,5243,7617,352502,485121,31558,56393,5383,7704,21635,29505,755,1126,35792,55934,31834,49459,1312,2214,1473,2314,267,446,63,116,843,1385,32609,50735,1618,2671,2039,3226,385,653,114,195
R,9,2021,85,963286,391814,571472,336876,481439,28011,51552,2969,4500,18238,25566,335,550,5385,7865,341712,488379,29422,53904,6405,9649,19335,26982,751,1112,360128,520928,308739,436633,26833,49609,1665,2459,18007,25177,275,460,4609,6590,312859,442408,27985,51512,4571,6768,18983,26415,651,948,31686,50544,28137,44806,1178,1943,1304,2041,231,389,60,90,776,1275,28853,45971,1437,2392,1834,2881,352,567,100,164
R,9,2021,86,876900,349198,527702,301556,445446,24388,46953,2632,4120,15803,23410,326,495,4493,7278,305570,451852,25580,49013,5472,8853,16730,24766,686,1031,320863,481194,276331,404160,23351,45171,1478,2251,15606,23036,272,406,3825,6170,279727,409562,24312,46823,3880,6302,16439,24221,594,876,28335,46508,25225,41286,1037,1782,1154,1869,197,374,54,89,668,1108,25843,42290,1268,2190,1592,2551,291,545,92,155
R,9,2021,87,749131,293558,455573,253674,385100,20326,40402,2158,3427,13334,20131,310,432,3756,6081,257050,390460,21300,42195,4526,7337,14134,21322,586,883,269767,416032,232460,349943,19480,38859,1199,1884,13164,19820,253,364,3211,5162,235329,354471,20272,40295,3203,5198,13878,20877,491,770,23791,39541,21214,35157,846,1543,959,1543,170,311,57,68,545,919,21721,35989,1028,1900,1323,2139,256,445,95,113
R,9,2021,88,660734,252960,407774,219156,345414,17070,35242,1797,3012,11498,18392,230,394,3209,5320,222042,350043,17876,36778,3817,6424,12204,19440,477,844,233126,373176,201485,314590,16350,33889,1014,1715,11349,18121,193,331,2735,4530,203930,318516,17001,35133,2715,4609,11987,19055,414,733,19834,34598,17671,30824,720,1353,783,1297,149,271,37,63,474,790,18112,31527,875,1645,1102,1815,217,385,63,111
R,9,2021,89,590357,219970,370387,191353,315453,14315,30960,1492,2689,9789,16151,190,377,2831,4757,193878,319596,15073,32415,3235,5694,10416,17079,440,774,202706,339371,175915,287796,13725,29797,808,1498,9652,15905,161,314,2445,4061,178092,291312,14372,31007,2289,4059,10214,16726,384,664,17264,31016,15438,27657,590,1163,684,1191,137,246,29,63,386,696,15786,28284,701,1408,946,1635,202,353,56,110
R,9,2021,90,512508,186494,326014,163240,279753,11470,25994,1268,2253,8084,13765,165,291,2267,3958,165271,283157,12098,27202,2619,4774,8625,14550,353,629,171680,299144,149999,255762,10969,24987,667,1212,7975,13580,139,243,1931,3360,151729,258620,11491,25974,1800,3355,8443,14273,299,545,14814,26870,13241,23991,501,1007,601,1041,109,185,26,48,336,598,13542,24537,607,1228,819,1419,182,277,54,84
R,9,2021,91,451867,158809,293058,138784,250984,9876,23495,1077,1903,7116,12844,134,268,1822,3564,140401,254082,10372,24525,2185,4176,7527,13561,301,587,146288,268874,127541,229344,9461,22596,594,1030,7024,12675,113,228,1555,3001,128910,231916,9865,23425,1526,2942,7399,13309,265,511,12521,24184,11243,21640,415,899,483,873,92,169,21,40,267,563,11491,22166,507,1100,659,1234,128,252,36,76
R,9,2021,92,365436,123810,241626,108409,207803,7489,19066,840,1439,5476,10248,104,224,1492,2846,109720,210252,7924,19977,1771,3191,5815,10820,244,485,114016,222474,99673,190672,7152,18311,446,791,5395,10107,86,192,1264,2401,100778,192714,7500,19072,1221,2234,5700,10616,211,425,9794,19152,8736,17131,337,755,394,648,81,141,18,32,228,445,8942,17538,424,905,550,957,115,204,33,60
R,9,2021,93,302769,98480,204289,86305,175963,5990,15906,677,1286,4242,8620,86,166,1180,2348,87337,177960,6332,16641,1386,2744,4517,9120,191,394,90745,188534,79390,161940,5715,15251,359,699,4204,8512,71,139,1006,1993,80269,163615,5994,15857,956,1936,4459,8950,158,340,7735,15755,6915,14023,275,655,318,587,38,108,15,27,174,355,7068,14345,338,784,430,808,58,170,33,54
R,9,2021,94,243648,76012,167636,66459,144471,4690,13038,458,1022,3381,7116,62,144,962,1845,67305,146042,4988,13605,1006,2173,3601,7495,147,327,70250,155164,61264,133315,4516,12522,251,579,3343,7025,52,123,824,1600,61989,134671,4762,12996,710,1574,3544,7366,124,288,5762,12472,5195,11156,174,516,207,443,38,91,10,21,138,245,5316,11371,226,609,296,599,57,129,23,39
R,9,2021,95,189657,56932,132725,49560,114240,3671,10440,366,791,2584,5627,54,133,697,1494,50162,115509,3863,10946,771,1695,2768,5927,134,283,52533,122871,45610,105439,3529,10055,198,456,2549,5543,44,111,603,1267,46126,106507,3685,10467,544,1209,2718,5806,116,243,4399,9854,3950,8801,142,385,168,335,35,84,10,22,94,227,4036,9002,178,479,227,486,50,121,18,40
R,9,2021,96,144491,41159,103332,35607,88727,2694,8207,286,635,2044,4427,38,94,490,1242,36017,89753,2827,8660,580,1351,2177,4688,100,230,38018,95745,32819,81994,2579,7883,161,361,2017,4366,32,81,410,1060,33165,82867,2690,8258,395,964,2133,4591,84,194,3141,7587,2788,6733,115,324,125,274,27,61,6,13,80,182,2852,6886,137,402,185,387,44,97,16,36
R,9,2021,97,106482,28898,77584,24766,66546,2002,6278,208,475,1545,3381,24,73,353,831,25074,67219,2108,6560,407,970,1638,3571,55,170,26541,72009,22673,61571,1912,6037,113,283,1523,3345,21,65,299,708,22932,62136,2001,6273,275,698,1609,3515,47,146,2357,5575,2093,4975,90,241,95,192,22,36,3,8,54,123,2142,5083,107,287,132,272,29,56,8,24
R,9,2021,98,76132,20016,56116,17041,47777,1424,4764,159,338,1109,2519,28,59,255,659,17251,48317,1507,4986,291,723,1184,2670,69,138,18319,52141,15518,44252,1372,4580,91,196,1098,2497,23,52,217,564,15698,44709,1443,4767,203,528,1163,2626,55,117,1697,3975,1523,3525,52,184,68,142,11,22,5,7,38,95,1553,3608,64,219,88,195,21,44,14,21
R,9,2021,99,52633,13125,39508,10979,33437,999,3503,109,238,826,1842,28,61,184,427,11127,33793,1069,3650,204,479,883,1943,66,114,11973,36722,9985,30965,957,3380,59,145,811,1815,17,52,144,365,10101,31268,1005,3503,135,349,856,1901,46,92,1152,2786,994,2472,42,123,50,93,15,27,11,9,40,62,1026,2525,64,147,69,130,27,42,20,22
R,9,2021,100,86921,19558,67363,15624,55297,1834,6947,251,505,1361,3594,63,82,425,938,15961,56023,2042,7354,455,996,1489,3839,137,236,17612,62354,14000,51017,1754,6651,142,322,1327,3533,44,62,345,769,14280,51610,1923,6977,300,718,1426,3727,101,177,1946,5009,1624,4280,80,296,109,183,34,61,19,20,80,169,1681,4413,119,377,155,278,63,112,36,59
R,10,2021,999,332627872,163226019,169401853,120803157,123694803,21282579,23315608,3252112,3180589,10069278,11043954,440379,440188,7378514,7726711,127574753,130773594,24085441,26299269,6397268,6576468,12340435,13330877,931759,931746,131643194,137515785,95633937,98212335,19416511,21398433,1136586,1170082,9651781,10619563,327058,326660,5477321,5788712,100665790,103520279,21449471,23584490,3282642,3544331,11459182,12440127,686101,686485,31582825,31886068,25169220,25482468,1866068,1917175,2115526,2010507,417497,424391,113321,113528,1901193,1937999,26908963,27253315,2635970,2714779,3114626,3032137,881253,890750,245658,245261
R,10,2021,0,3606771,1844162,1762609,1205192,1147920,300971,292186,41416,39747,108722,102583,6481,6091,181380,174082,1375120,1310731,389127,377506,91869,88262,172621,163515,16906,16047,1348011,1283479,848983,803535,258846,251226,12314,11825,99242,93530,4355,4130,124271,119233,966028,915695,318924,309600,41087,39310,146176,138248,10895,10227,496151,479130,356209,344385,42125,40960,29102,27922,9480,9053,2126,1961,57109,54849,409092,395036,70203,67906,50782,48952,26445,25267,6011,5820
R,10,2021,1,3675507,1878941,1796566,1233457,1175139,300327,291694,42799,40919,114205,108071,6586,6164,181567,174579,1403569,1338460,388675,377324,93048,89266,178237,169280,17004,16114,1384240,1321779,874911,830912,260607,253260,13625,13089,104990,99159,4571,4290,125536,121069,993142,944801,321388,312594,42620,40926,152378,144563,11177,10473,494701,474787,358546,344227,39720,38434,29174,27830,9215,8912,2015,1874,56031,53510,410427,393659,67287,64730,50428,48340,25859,24717,5827,5641
R,10,2021,2,3750121,1914734,1835387,1265272,1207943,300498,293488,43970,42347,116758,110601,6989,6642,181247,174366,1435012,1371021,388160,378413,94274,90771,180867,171968,17566,16650,1422391,1359938,906383,860747,262065,256334,14837,14417,107752,101892,4875,4752,126479,121796,1025408,975212,322971,315734,44156,42589,155660,147577,11651,11095,492343,475449,358889,347196,38433,37154,29133,27930,9006,8709,2114,1890,54768,52570,409604,395809,65189,62679,50118,48182,25207,24391,5915,5555
R,10,2021,3,3810516,1945773,1864743,1290456,1232402,305317,297413,45529,44153,117740,112081,7137,6655,179594,172039,1458621,1393226,391772,380694,95942,92335,181024,172626,17793,16612,1449246,1385798,926953,881532,267078,260605,15222,14732,108857,103491,5050,4751,126086,120687,1045558,994898,327750,319168,44701,42765,156382,148788,11899,11118,496527,478945,363503,350870,38239,36808,30307,29421,8883,8590,2087,1904,53508,51352,413063,398328,64022,61526,51241,49570,24642,23838,5894,5494
R,10,2021,4,3877489,1982536,1894953,1317689,1255164,309415,300582,46830,45076,122521,116411,7346,6774,178735,170946,1484782,1414797,394455,383045,97752,93925,185636,176094,18124,16852,1476738,1406731,944355,895384,271403,263719,16107,15274,113635,107807,5285,4812,125953,119735,1062650,1007795,331261,321665,46093,43715,161180,152351,12292,11211,505798,488222,373334,359780,38012,36863,30723,29802,8886,8604,2061,1962,52782,51211,422132,407002,63194,61380,51659,50210,24456,23743,5832,5641
R,10,2021,5,3980582,2033060,1947522,1363264,1299964,310215,302700,48957,47194,123819,118349,7298,6955,179507,172360,1530976,1460892,394624,384760,101361,97605,186850,178347,18171,17290,1511075,1445856,976909,928010,271625,265686,16357,16162,114694,109701,5207,4964,126283,121333,1095500,1041894,331125,323732,47137,45872,162011,154626,12198,11605,521985,501666,386355,371954,38590,37014,32600,31032,9125,8648,2091,1991,53224,51027,435476,418998,63499,61028,54224,51733,24839,23721,5973,5685
R,10,2021,6,4009571,2049061,1960510,1376650,1311806,313656,304659,49052,47992,124909,118497,7267,7037,177527,170519,1542557,1470939,396750,385697,101719,98461,186862,177396,17919,17184,1524882,1454906,986113,935662,275226,267631,16806,16122,115970,109945,5212,4981,125555,120565,1104024,1048736,334143,325343,48091,45872,162632,154297,12136,11554,524179,505604,390537,376144,38430,37028,32246,31870,8939,8552,2055,2056,51972,49954,438533,422203,62607,60354,53628,52589,24230,23099,5783,5630
R,10,2021,7,4015804,2053073,1962731,1383133,1316110,312528,304037,49854,47918,125706,119444,7301,7006,174551,168216,1546263,1473117,393626,383644,102500,98632,186396,176922,17787,16987,1531405,1460465,993640,941758,274591,267028,16904,16291,116841,111154,5229,4978,124200,119256,1110276,1053632,332479,323956,48420,46419,162830,154478,12117,11513,521668,502266,389493,374352,37937,37009,32950,31627,8865,8290,2072,2028,50351,48960,435987,419485,61147,59688,54080,52213,23566,22444,5670,5474
R,10,2021,8,3995522,2040962,1954560,1375323,1312735,311029,303050,50217,47757,126357,119837,7400,6982,170636,164199,1534623,1465766,389782,379843,102491,98375,185538,175988,17787,16886,1522630,1454202,987263,937928,273659,266808,16927,16250,117774,111475,5259,4910,121748,116831,1101518,1047365,330075,321957,48304,46524,162760,153944,12081,11369,518332,500358,388060,374807,37370,36242,33290,31507,8583,8362,2141,2072,48888,47368,433105,418401,59707,57886,54187,51851,22778,22044,5706,5517
R,10,2021,9,4021575,2055270,1966305,1388909,1323366,313176,303495,51063,49399,126791,120523,7339,6947,167992,162575,1545527,1474835,390277,378672,103755,100402,184479,175888,17592,16753,1530726,1460701,994739,943569,275583,267408,17022,16441,118259,112347,5182,4894,119941,116042,1107158,1052168,330952,321525,48759,47142,162138,154457,11950,11413,524544,505604,394170,379797,37593,36087,34041,32958,8532,8176,2157,2053,48051,46533,438369,422667,59325,57147,54996,53260,22341,21431,5642,5340
R,10,2021,10,4082769,2090003,1992766,1417537,1345674,320112,309829,51609,50039,124881,118278,7374,7076,168490,161870,1574586,1496373,396953,384119,105438,101759,182220,173217,17668,16971,1551966,1476341,1011272,956717,281685,272846,17210,16415,116152,109995,5183,4932,120464,115436,1124111,1064643,337093,326401,49781,47594,159734,151682,12038,11435,538037,516425,406265,388957,38427,36983,34399,33624,8729,8283,2191,2144,48026,46434,450475,431730,59860,57718,55657,54165,22486,21535,5630,5536
R,10,2021,11,4160750,2127977,2032773,1448084,1378870,325711,314177,52633,50159,124349,118937,7210,6959,169990,163671,1606580,1531374,402778,389358,107945,103369,181428,173387,17540,16898,1573309,1500566,1024116,971773,288379,277919,17209,16945,115904,110968,5062,4903,122639,118058,1138998,1082238,344331,332665,51153,49655,159776,152720,12042,11553,554668,532207,423968,407097,37332,36258,35424,33214,8445,7969,2148,2056,47351,45613,467582,449136,58447,56693,56792,53714,21652,20667,5498,5345
R,10,2021,12,4218338,2157196,2061142,1474599,1402456,329906,319496,52361,50664,123682,118679,7335,6937,169313,162910,1632228,1554112,406490,394936,107591,103413,180622,172189,17628,16866,1592279,1518672,1038122,983394,292698,283266,17785,17247,115452,110840,5119,4764,123103,119161,1153237,1094785,349220,339109,51904,50350,159530,152345,12074,11540,564917,542470,436477,419062,37208,36230,34576,33417,8230,7839,2216,2173,46210,43749,478991,459327,57270,55827,55687,53063,21092,19844,5554,5326
R,10,2021,13,4373424,2237210,2136214,1533286,1456312,342141,330163,54392,52043,128467,123111,7282,6929,171642,167656,1692876,1612230,419962,407118,110780,107949,185428,177711,18101,16950,1649634,1572918,1076639,1019330,303654,293647,18446,17696,119966,114970,4984,4764,125945,122511,1194164,1133735,361549,350901,53936,52776,164408,157171,12394,11615,587576,563296,456647,436982,38487,36516,35946,34347,8501,8141,2298,2165,45697,45145,498712,478495,58413,56217,56844,55173,21020,20540,5707,5335
R,10,2021,14,4397902,2249403,2148499,1548744,1473066,341180,328864,55471,53382,127162,121578,7272,7067,169574,164542,1706383,1625830,417024,403366,113581,109356,182564,175067,17807,17269,1657602,1579714,1087778,1030598,303258,292356,18584,17957,118720,113519,4933,4856,124329,120428,1203813,1142960,359508,347687,55266,53163,161860,154963,12167,11772,591801,568785,460966,442468,37922,36508,36887,35425,8442,8059,2339,2211,45245,44114,502570,482870,57516,55679,58315,56193,20704,20104,5640,5497
R,10,2021,15,4340841,2222936,2117905,1539528,1458536,333302,320842,55155,52671,124425,120156,7198,6794,163328,158906,1691198,1606078,405056,391552,112028,107675,178112,171807,17279,16509,1641676,1561192,1085671,1024022,296888,285661,18206,17609,116054,112483,4916,4596,119941,116821,1197559,1133000,350104,338556,54141,52540,158227,152702,11859,11269,581260,556713,453857,434514,36414,35181,36949,35062,8371,7673,2282,2198,43387,42085,493639,473078,54952,52996,57887,55135,19885,19105,5420,5240
R,10,2021,16,4320405,2212719,2107686,1541445,1456491,327251,314687,54719,53287,124860,122846,7189,6969,157255,153406,1687510,1598760,394963,382089,110713,107687,176431,172607,16766,16383,1637278,1558323,1090379,1026571,291364,280744,18147,17505,117008,115484,4973,4815,115407,113204,1198043,1131962,341673,331228,53777,52241,157359,154564,11533,11345,575441,549363,451066,429920,35887,33943,36572,35782,7852,7362,2216,2154,41848,40202,489467,466798,53290,50861,56936,55446,19072,18043,5233,5038
R,10,2021,17,4327046,2217714,2109332,1550420,1463957,325348,312201,54457,51550,126973,125714,7221,6796,153295,149114,1692484,1602308,390507,376578,109793,105543,177547,173987,16912,15966,1648832,1567569,1102596,1038509,290657,279039,18213,17120,119113,118317,4983,4686,113270,109898,1207972,1140779,339021,327122,53927,51792,159080,156310,11769,11036,568882,541763,447824,425448,34691,33162,36244,34430,7860,7397,2238,2110,40025,39216,484512,461529,51486,49456,55866,53751,18467,17677,5143,4930
R,10,2021,18,4324788,2216984,2107804,1552728,1465333,324607,312019,54693,51139,128668,127712,7254,6743,149034,144858,1690879,1599538,386981,373586,110037,104615,177172,174746,16516,15585,1652310,1571303,1108421,1043138,290048,279231,17875,16765,121052,120394,5018,4697,109896,107078,1210687,1142720,336606,325356,53512,51321,159235,157354,11434,10962,564674,536501,444307,422195,34559,32788,36818,34374,7616,7318,2236,2046,39138,37780,480192,456818,50375,48230,56525,53294,17937,17392,5082,4623
R,10,2021,19,4383491,2235651,2147840,1563732,1491285,334463,327020,54750,50916,133236,131887,7203,7014,142267,139718,1695347,1620076,393126,386492,108436,102823,179530,176901,16268,15836,1670196,1609777,1117012,1066281,299691,293424,17850,16968,125667,124646,5086,4961,104890,103497,1214284,1162014,343536,338128,52436,50567,162058,160125,11500,11204,565455,538063,446720,425004,34772,33596,36900,33948,7569,7241,2117,2053,37377,36221,481063,458062,49590,48364,56000,52256,17472,16776,4768,4632
R,10,2021,20,4597119,2328956,2268163,1626334,1575204,353742,350306,54662,50761,148272,147808,7676,7559,138270,136525,1753286,1700904,411189,408497,106225,100358,193760,192636,17094,16715,1757179,1722489,1174022,1141978,317159,315811,17851,17629,140600,140263,5428,5412,102119,101396,1268025,1235544,359916,359616,51211,49664,176579,175969,12066,11998,571777,545674,452312,433226,36583,34495,36811,33132,7672,7545,2248,2147,36151,35129,485261,465360,51273,48881,55014,50694,17181,16667,5028,4717
R,10,2021,21,4721457,2390429,2331028,1672801,1619369,363395,362928,55529,50754,157458,157382,8219,7880,133027,132715,1794975,1741083,418036,419442,105514,98762,201278,201321,17268,16790,1816337,1785068,1217229,1185226,326874,327950,18210,17487,149791,149646,6017,5674,98216,99085,1307646,1276345,367471,370599,50313,48658,184643,184814,12542,12060,574092,545960,455572,434143,36521,34978,37319,33267,7667,7736,2202,2206,34811,33630,487329,464738,50565,48843,55201,50104,16635,16507,4726,4730
R,10,2021,22,4574002,2321213,2252789,1637582,1576573,343241,342821,52723,48045,153779,151766,8045,7552,125843,126032,1752915,1692185,394539,396469,100514,94194,194973,192971,16794,15936,1770534,1730649,1198985,1160500,308698,309419,17324,16670,146419,144439,5914,5461,93194,94160,1284597,1247108,347072,349916,48283,46795,179201,177386,12167,11407,550679,522140,438597,416073,34543,33402,35399,31375,7360,7327,2131,2091,32649,31872,468318,445077,47467,46553,52231,47399,15772,15585,4627,4529
R,10,2021,23,4472529,2270963,2201566,1601088,1537978,333437,332899,51790,47259,156180,153731,7800,7491,120668,122208,1711561,1650307,382145,384296,98218,92706,195371,193126,16137,15473,1735689,1693829,1175000,1133284,299879,300901,16674,15832,148852,146446,5654,5416,89630,91950,1257154,1218057,336400,340025,46730,45638,180311,178261,11718,11232,535274,507737,426088,404694,33558,31998,35116,31427,7328,7285,2146,2075,31038,30258,454407,432250,45745,44271,51488,47068,15060,14865,4419,4241
R,10,2021,24,4328151,2199066,2129085,1550788,1486522,318015,317656,49818,45716,159009,155453,7418,7089,114018,116649,1655252,1593543,363262,365767,94215,90049,196356,193178,15150,14579,1680374,1637628,1137115,1094260,285798,287119,15665,15060,152028,148525,5407,5187,84361,87477,1214601,1174669,319326,323582,44338,43997,181997,179137,11045,10636,518692,491457,413673,392262,32217,30537,34153,30656,6981,6928,2011,1902,29657,29172,440651,418874,43936,42185,49877,46052,14359,14041,4105,3943
R,10,2021,25,4296605,2181398,2115207,1540216,1476489,309690,312842,50586,45667,161866,158873,7493,6929,111547,114407,1642230,1581207,353166,359462,94866,89829,198038,195871,15340,14519,1667512,1628282,1131448,1088458,277990,282782,15409,14556,154884,151840,5476,5136,82305,85510,1206973,1166922,310056,318137,43702,43132,184110,181755,11187,10671,513886,486925,408768,388031,31700,30060,35177,31111,6982,7033,2017,1793,29242,28897,435257,414285,43110,41325,51164,46697,13928,14116,4153,3848
R,10,2021,26,4341411,2199370,2142041,1554575,1494817,314953,320638,51092,46192,162154,160508,7573,7174,109023,112712,1654057,1597792,357227,366494,94987,90377,197398,196350,15267,14906,1685178,1650825,1145541,1103663,282910,289197,15571,14894,155086,153473,5585,5336,80485,84262,1219050,1180845,314070,323580,43900,43804,183620,182634,11249,10997,514192,491216,409034,391154,32043,31441,35521,31298,7068,7035,1988,1838,28538,28450,435007,416947,43157,42914,51087,46573,13778,13716,4018,3909
R,10,2021,27,4350345,2196689,2153656,1551772,1498223,317284,328714,50156,46312,163033,161379,7374,7208,107070,111820,1649202,1600376,357997,373340,94347,91514,197440,196695,15227,14774,1690866,1666161,1149315,1110440,285864,297646,15432,14736,156059,154572,5469,5264,78727,83503,1221000,1186835,315811,331028,43676,44433,184016,183317,11269,10874,505823,487495,402457,387783,31420,31068,34724,31576,6974,6807,1905,1944,28343,28317,428202,413541,42186,42312,50671,47081,13424,13378,3958,3900
R,10,2021,28,4422944,2228149,2194795,1576471,1523055,323027,339589,51267,47394,165976,167092,7581,7160,103827,110505,1670769,1623808,362063,383374,94246,93304,199677,201474,15311,14646,1723109,1705442,1173985,1134216,291727,308006,15909,15412,159190,160187,5594,5213,76704,82408,1243769,1209556,320367,340458,43695,45804,186592,188171,11305,10721,505040,489353,402486,388839,31300,31583,35358,31982,6786,6905,1987,1947,27123,28097,427000,414252,41696,42916,50551,47500,13085,13303,4006,3925
R,10,2021,29,4496967,2261096,2235871,1605814,1555459,324446,342976,52177,48201,167259,171926,7265,7149,104135,110160,1700618,1656026,362397,384903,97029,95378,200327,206105,14906,14577,1754330,1743522,1201777,1163292,293225,311382,16535,16007,160573,165214,5421,5268,76799,82359,1271756,1238612,320772,342378,45760,47578,187524,193159,11077,10720,506766,492349,404037,392167,31221,31594,35642,32194,6686,6712,1844,1881,27336,27801,428862,417414,41625,42525,51269,47800,12803,12946,3829,3857
R,10,2021,30,4594149,2299073,2295076,1636800,1595244,329278,354493,52527,48424,171006,179311,7717,7240,101745,110364,1728782,1695473,365884,396192,96662,96061,203779,214025,15558,14996,1795366,1804071,1236152,1206002,297681,321848,16863,16452,164141,172236,5790,5418,74739,82115,1303853,1280715,324126,352319,45410,48043,190802,200568,11623,11262,503707,491005,400648,389242,31597,32645,35664,31972,6865,7075,1927,1822,27006,28249,424929,414758,41758,43873,51252,48018,12977,13457,3935,3734
R,10,2021,31,4670930,2336054,2334876,1669740,1627240,331486,357150,53233,49082,173820,184559,7539,7458,100236,109387,1760616,1727018,366481,397106,97463,98254,206372,218100,15174,14911,1830286,1842006,1266951,1236059,299776,324450,16988,16679,167103,177672,5592,5537,73876,81609,1334044,1310647,324698,353489,45831,49761,193816,205113,11313,11121,505768,492870,402789,391181,31710,32700,36245,32403,6717,6887,1947,1921,26360,27778,426572,416371,41783,43617,51632,48493,12556,12987,3861,3790
R,10,2021,32,4553908,2276343,2277565,1629339,1585415,320308,347427,50833,47740,172372,186012,7294,6916,96197,104055,1716668,1679789,353209,384896,94295,95127,203096,218223,14452,14175,1796527,1807797,1247148,1211759,290379,316566,16387,16526,166052,179536,5466,5183,71095,78227,1311654,1282701,313831,343817,44884,48818,191464,206250,10962,10770,479816,469768,382191,373656,29929,30861,34446,31214,6320,6476,1828,1733,25102,25828,405014,397088,39378,41079,49411,46309,11632,11973,3490,3405
R,10,2021,33,4500247,2239734,2260513,1612841,1582317,307155,337900,51101,47483,168956,184557,6998,6982,92683,101274,1696816,1674332,338070,373795,93095,94507,198834,215543,14008,13926,1764866,1794127,1233938,1211277,278306,307714,16327,15926,162637,178184,5265,5221,68393,75805,1295922,1280283,300361,333539,43717,47912,187382,203716,10585,10516,474868,466386,378903,371040,28849,30186,34774,31557,6319,6373,1733,1761,24290,25469,400894,394049,37709,40256,49378,46595,11452,11827,3423,3410
R,10,2021,34,4413149,2198914,2214235,1592147,1555661,296758,326357,49705,46128,164553,181168,7074,6751,88677,98170,1672345,1644913,325986,360740,91169,92474,192655,211071,13947,13435,1735552,1758772,1221614,1192767,269058,297286,15498,15380,158495,174941,5322,5065,65565,73333,1280790,1259485,289906,322001,42758,46882,181817,199704,10647,10142,463362,455463,370533,362894,27700,29071,34207,30748,6058,6227,1752,1686,23112,24837,391555,385428,36080,38739,48411,45592,10838,11367,3300,3293
R,10,2021,35,4441925,2212425,2229500,1609163,1574941,294356,324108,49974,47216,164695,181027,7033,6706,87204,95502,1688138,1661505,322472,356595,90999,94035,192619,209379,13899,13248,1747079,1773399,1236386,1211060,266787,295291,15598,15542,158556,174960,5337,5021,64415,71525,1294773,1275910,286438,318646,42732,47748,181631,198446,10551,10015,465346,456101,372777,363881,27569,28817,34376,31674,6139,6067,1696,1685,22789,23977,393365,385595,36034,37949,48267,46287,10988,10933,3348,3233
R,10,2021,36,4458254,2220135,2238119,1619263,1583323,292390,323202,50381,47061,165049,183128,6852,6706,86200,94699,1697287,1669404,319536,354468,92558,94260,191841,211090,13428,13289,1755887,1783267,1247433,1219643,265728,295211,15114,15635,159084,177044,5200,5107,63328,70627,1304717,1283889,284631,317225,43015,48163,181327,200161,10217,10159,464248,454852,371830,363680,26662,27991,35267,31426,5965,6084,1652,1599,22872,24072,392570,385515,34905,37243,49543,46097,10514,10929,3211,3130
R,10,2021,37,4357630,2165235,2192395,1580488,1552795,282022,314037,49205,46266,164384,181964,6648,6499,82488,90834,1655027,1634956,307204,343684,90065,92511,190181,208718,13207,12975,1714885,1745835,1219245,1194806,256567,287053,14957,15243,158540,176152,5012,4860,60564,67721,1273901,1256105,274110,307928,41977,47103,179864,198243,10061,9817,450350,446560,361243,357989,25455,26984,34248,31023,5844,5812,1636,1639,21924,23113,381126,378851,33094,35756,48088,45408,10317,10475,3146,3158
R,10,2021,38,4353937,2159859,2194078,1579746,1554602,281257,313626,49610,46882,161436,181878,6538,6571,81272,90519,1653070,1636379,306154,342582,90598,94215,186272,207873,12879,12967,1710464,1746215,1218939,1195549,255810,286706,15030,15255,155846,176198,4948,4910,59891,67597,1272889,1256582,273158,307179,42409,48144,176403,197670,9812,9834,449395,447863,360807,359053,25447,26920,34580,31627,5590,5680,1590,1661,21381,22922,380181,379797,32996,35403,48189,46071,9869,10203,3067,3133
R,10,2021,39,4377276,2166118,2211158,1587911,1568888,282131,316012,49479,47355,159916,182199,6358,6581,80323,90123,1660483,1650326,306620,344886,90552,95016,183984,207576,12675,12903,1714204,1756724,1224270,1203891,256761,288851,15061,15187,154268,176413,4729,4892,59115,67490,1277578,1264911,273892,309282,42572,48552,174128,197326,9624,9743,451914,454434,363641,364997,25370,27161,34418,32168,5648,5786,1629,1689,21208,22633,382905,385415,32728,35604,47980,46464,9856,10250,3051,3160
R,10,2021,40,4310871,2131469,2179402,1568321,1551981,277897,311123,48566,46812,152275,175612,6235,6173,78175,87701,1638660,1631227,301321,339113,89372,93819,175267,199952,12324,12292,1690932,1733419,1213681,1193574,253439,284917,14563,14953,146866,169987,4640,4550,57743,65438,1265551,1252764,269862,304693,42095,47703,165897,190059,9312,9158,440537,445983,354640,358407,24458,26206,34003,31859,5409,5625,1595,1623,20432,22263,373109,378463,31459,34420,47277,46116,9370,9893,3012,3134
R,10,2021,41,4357543,2157516,2200027,1584294,1562811,287067,320752,49951,47328,151442,174953,6491,6433,78271,87750,1654751,1642004,310658,348618,91219,95125,174114,198722,12563,12609,1704720,1747246,1218753,1197938,262538,294478,15034,15145,145886,169333,4826,4768,57683,65584,1270545,1257058,278980,314228,42949,48647,164621,188969,9558,9518,452796,452781,365541,364873,24529,26274,34917,32183,5556,5620,1665,1665,20588,22166,384206,384946,31678,34390,48270,46478,9493,9753,3005,3091
R,10,2021,42,4160636,2054218,2106418,1511094,1498342,272111,305781,46972,45128,144900,168985,5934,5946,73207,82236,1577106,1572390,293741,332016,86112,89932,165801,191314,11484,11559,1630531,1676696,1168879,1151660,249295,280941,14068,14428,139803,163729,4450,4413,54036,61525,1217564,1207087,264372,299243,40611,46074,157121,182131,8731,8709,423687,429722,342215,346682,22816,24840,32904,30700,5097,5256,1484,1533,19171,20711,359542,365303,29369,32773,45501,43858,8680,9183,2753,2850
R,10,2021,43,4035150,1990180,2044970,1468069,1459127,260743,293272,45361,44308,140010,163637,5704,5618,70293,79008,1531409,1530399,281384,317814,83592,87929,159797,184883,10771,10974,1576676,1623190,1132923,1118281,238901,269374,13442,13911,135089,158324,4273,4134,52048,59166,1179753,1171608,253326,286753,39582,44698,151514,175855,8174,8267,413504,421780,335146,340846,21842,23898,31919,30397,4921,5313,1431,1484,18245,19842,351656,358791,28058,31061,44010,43231,8283,9028,2597,2707
R,10,2021,44,4008350,1973327,2035023,1460986,1456538,255578,289881,45202,43892,137535,161419,5477,5681,68549,77612,1522767,1526414,275508,313772,82990,87458,156689,182254,10558,10923,1565040,1614969,1128559,1115013,235006,266735,13805,14308,132655,156305,4080,4194,50935,58414,1174371,1167570,248783,283704,39826,45315,148646,173546,7995,8231,408287,420054,332427,341525,20572,23146,31397,29584,4880,5114,1397,1487,17614,19198,348396,358844,26725,30068,43164,42143,8043,8708,2563,2692
R,10,2021,45,3860099,1900262,1959837,1401913,1402470,244390,275837,43798,42168,138514,160758,5316,5367,66331,73237,1461573,1468316,262939,298252,80809,83540,156936,180294,10359,10267,1503042,1549243,1078253,1067262,224387,254117,13300,13411,133943,155723,4001,3983,49158,54747,1122339,1116373,237253,269871,38629,42478,149388,171960,7936,7806,397220,410594,323660,335208,20003,21720,30498,28757,4571,5035,1315,1384,17173,18490,339234,351943,25686,28381,42180,41062,7548,8334,2423,2461
R,10,2021,46,3887534,1915434,1972100,1417810,1413764,245132,276581,42900,41912,140924,162787,5126,5184,63542,71872,1474974,1478401,263061,297989,78627,82867,158236,181912,9622,9938,1523572,1567166,1096869,1081997,225885,255286,13115,13705,136366,157939,3883,3851,47454,54388,1139466,1130901,238459,270484,38097,43033,150738,173830,7366,7514,391862,404934,320941,331767,19247,21295,29785,28207,4558,4848,1243,1333,16088,17484,335508,347500,24602,27505,40530,39834,7498,8082,2256,2424
R,10,2021,47,3837996,1889614,1948382,1399152,1400355,241045,271058,41867,40656,140296,161632,4919,5102,62335,69579,1455203,1463034,258340,291400,77442,80824,157127,179974,9381,9519,1508707,1552724,1086675,1074982,222638,250887,13052,13447,135929,156910,3746,3788,46667,52710,1128537,1122331,234872,265463,37946,42317,150000,172242,7172,7217,380907,395658,312477,325373,18407,20171,28815,27209,4367,4722,1173,1314,15668,16869,326666,340703,23468,25937,39496,38507,7127,7732,2209,2302
R,10,2021,48,3847338,1888627,1958711,1399042,1406690,242830,275046,40746,40142,140283,162883,4848,5100,60878,68850,1453784,1468425,259472,295202,75441,79919,156883,181022,9156,9586,1518144,1571483,1094298,1087543,225138,255381,12993,13706,136065,158372,3673,3781,45977,52700,1135449,1134737,236886,269766,37645,42807,150001,173600,7085,7269,370483,387228,304744,319147,17692,19665,27753,26436,4218,4511,1175,1319,14901,16150,318335,333688,22586,25436,37796,37112,6882,7422,2071,2317
R,10,2021,49,3990162,1958168,2031994,1457524,1467904,251302,284183,41248,39900,141603,165151,4839,4979,61652,69877,1512897,1530773,267808,304212,77337,80962,157789,182952,9190,9532,1588902,1645151,1153106,1148346,233888,264652,13576,13885,137380,160599,3682,3727,47270,53942,1195411,1196744,245793,279252,39787,44146,151074,175678,7129,7323,369266,386843,304418,319558,17414,19531,27672,26015,4223,4552,1157,1252,14382,15935,317486,334029,22015,24960,37550,36816,6715,7274,2061,2209
R,10,2021,50,4221925,2073747,2148178,1565039,1573989,261166,296759,40460,40429,137926,160032,4984,4972,64172,71997,1622785,1638939,278036,316953,78734,83796,154267,177504,9511,9572,1705922,1763335,1260898,1255656,243791,277516,13955,14574,133693,155555,3773,3793,49812,56241,1305684,1306261,255990,292329,42251,47418,147610,170301,7415,7446,367825,384843,304141,318333,17375,19243,26505,25855,4233,4477,1211,1179,14360,15756,317101,332678,22046,24624,36483,36378,6657,7203,2096,2126
R,10,2021,51,4302001,2115398,2186603,1604560,1613327,264261,296388,40783,39455,137494,160137,4889,5060,63411,72236,1661704,1678283,280842,316615,79071,83410,152989,177489,9353,9766,1749600,1809954,1301769,1301458,246935,277482,14043,14705,133414,155771,3729,3885,49710,56653,1346465,1352245,259225,292538,42814,48077,146613,170379,7335,7703,365798,376649,302791,311869,17326,18906,26740,24750,4080,4366,1160,1175,13701,15583,315239,326038,21617,24077,36257,35333,6376,7110,2018,2063
R,10,2021,52,4131622,2027249,2104373,1547985,1562435,246750,279139,38195,38075,130351,152472,4650,4899,59318,67353,1601588,1623166,261884,297353,74395,79931,144843,168168,8821,9257,1679610,1744292,1259174,1263549,230759,261597,13349,14195,126525,148310,3590,3766,46213,52875,1300837,1311157,241719,274973,40535,46205,138822,161480,6939,7235,347639,360081,288811,298886,15991,17542,24846,23880,3826,4162,1060,1133,13105,14478,300751,312009,20165,22380,33860,33726,6021,6688,1882,2022
R,10,2021,53,4018328,1969031,2049297,1501201,1518961,243725,277099,37640,36637,126280,148625,4344,4665,55841,63310,1551516,1575844,258036,294442,72015,76123,139532,163068,8284,8800,1633610,1702683,1222525,1230646,228279,260091,13229,14014,122690,144680,3346,3570,43541,49682,1261654,1275168,238694,272834,39172,44307,133894,156867,6526,6908,335421,346614,278676,288315,15446,17008,24411,22623,3590,3945,998,1095,12300,13628,289862,300676,19342,21608,32843,31816,5638,6201,1758,1892
R,10,2021,54,4002601,1956656,2045945,1504717,1530985,242174,277386,35795,35559,115730,135418,4479,4509,53761,62088,1553269,1586899,255633,294553,69636,74892,127934,148784,8155,8548,1633584,1710054,1235184,1250957,227486,260720,13221,14129,112286,131695,3465,3481,41942,49072,1272959,1295056,237282,273431,38798,44631,122608,142851,6468,6737,323072,335891,269533,280028,14688,16666,22574,21430,3444,3723,1014,1028,11819,13016,280310,291843,18351,21122,30838,30261,5326,5933,1687,1811
R,10,2021,55,4047804,1976713,2071091,1519771,1551143,248924,284938,35500,35548,114845,133258,4439,4640,53234,61564,1567430,1606448,262554,301761,69257,74877,126759,146404,8258,8629,1657357,1739773,1252792,1274613,234200,268751,13417,14416,111568,129635,3421,3578,41959,48780,1290252,1318384,244131,281221,39421,45056,121607,140645,6542,6768,319356,331318,266979,276530,14724,16187,22083,21132,3277,3623,1018,1062,11275,12784,277178,288064,18423,20540,29836,29821,5152,5759,1716,1861
R,10,2021,56,4229349,2060877,2168472,1594331,1633719,256238,295640,35895,36133,115687,134933,4387,4639,54339,63408,1643222,1690637,269888,312923,70634,76781,127563,148240,8179,8730,1743171,1838639,1328136,1358074,241863,279478,14233,15289,112413,131363,3401,3617,43125,50818,1366810,1403607,252028,292488,41095,47364,122504,142605,6515,6962,317706,329833,266195,275645,14375,16162,21662,20844,3274,3570,986,1022,11214,12590,276412,287030,17860,20435,29539,29417,5059,5635,1664,1768
R,10,2021,57,4358732,2116865,2241867,1651272,1705373,256921,297377,35297,35607,115112,135655,4114,4518,54149,63337,1699967,1762341,269911,313798,70769,77437,126593,148626,7830,8462,1813540,1921141,1396619,1436188,243292,281735,14399,15816,112145,132349,3224,3531,43861,51522,1435967,1482450,253118,294226,42677,49530,121955,143392,6275,6825,303325,320726,254653,269185,13629,15642,20898,19791,2967,3306,890,987,10288,11815,264000,279891,16793,19572,28092,27907,4638,5234,1555,1637
R,10,2021,58,4373890,2121045,2252845,1658736,1720679,253369,293465,34251,34364,117218,136981,3991,4484,53480,62872,1706874,1777251,266214,309869,69564,75744,128393,149582,7541,8412,1829236,1942796,1413682,1460082,240148,278572,14631,15594,114275,133691,3179,3531,43321,51326,1452577,1506164,249867,291283,42758,49039,123879,144420,6132,6769,291809,310049,245054,260597,13221,14893,19620,18770,2943,3290,812,953,10159,11546,254297,271087,16347,18586,26806,26705,4514,5162,1409,1643
R,10,2021,59,4355795,2108565,2247230,1662819,1732139,248195,289519,32571,33481,108879,126645,4155,4498,51946,60948,1709721,1786985,260263,305175,66924,74222,119813,138713,7646,8238,1829979,1950635,1427839,1482231,235887,275737,14194,15389,106142,123551,3315,3601,42602,50126,1466206,1527248,245131,287849,41900,48593,115638,133894,6276,6673,278586,296595,234980,249908,12308,13782,18377,18092,2737,3094,840,897,9344,10822,243515,259737,15132,17326,25024,25629,4175,4819,1370,1565
R,10,2021,60,4363499,2106493,2257006,1677070,1753796,243655,286314,31252,32719,99857,119768,3886,4159,50773,60250,1722833,1807993,255580,301691,65154,73307,110411,131398,7194,7916,1842976,1973873,1454691,1515113,232012,273161,14088,15723,97321,116917,3124,3315,41740,49644,1492192,1559697,241223,285079,41559,48930,106474,126876,5919,6392,263517,283133,222379,238683,11643,13153,17164,16996,2536,2851,762,844,9033,10606,230641,248296,14357,16612,23595,24377,3937,4522,1275,1524
R,10,2021,61,4373140,2106479,2266661,1671780,1757932,245695,288277,31012,32506,103944,125293,3843,4164,50205,58489,1717068,1810442,257599,303411,64499,71587,114169,136742,7063,7724,1846471,1985818,1452211,1520756,234370,275416,13884,15601,101429,122428,3102,3366,41475,48251,1489536,1563971,243579,287178,41171,47600,110332,132285,5768,6328,260008,280843,219569,237176,11325,12861,17128,16905,2515,2865,741,798,8730,10238,227532,246471,14020,16233,23328,23987,3837,4457,1295,1396
R,10,2021,62,4262992,2046185,2216807,1634475,1728852,234806,279232,29155,30539,97052,118193,3535,3857,47162,56134,1676916,1779403,245578,293397,60797,68541,106906,128921,6564,7157,1808292,1956658,1433527,1509282,224383,267253,13500,14835,94720,115554,2888,3157,39274,46577,1468797,1551094,232845,278416,39427,46138,103390,124826,5445,5880,237893,260149,200948,219570,10423,11979,15655,15704,2332,2639,647,700,7888,9557,208119,228309,12733,14981,21370,22403,3516,4095,1119,1277
R,10,2021,63,4193040,2006163,2186877,1607157,1710434,226410,270899,26831,29135,97655,119259,3374,3663,44736,53487,1647350,1758452,236786,284592,57057,65366,106734,129471,6164,6769,1783501,1939848,1419120,1501337,216330,259684,12672,14471,95476,116750,2742,2999,37161,44607,1452406,1541291,224427,270539,37493,44463,103408,125583,5101,5571,222662,247029,188037,209097,10080,11215,14159,14664,2179,2509,632,664,7575,8880,194944,217161,12359,14053,19564,20903,3326,3888,1063,1198
R,10,2021,64,4166203,1985110,2181093,1595622,1713861,220996,267478,26331,28010,95371,116489,3178,3509,43612,51746,1634900,1760425,231062,280511,55843,63698,104136,125872,5923,6475,1770514,1940380,1413690,1509240,211709,256671,12581,14095,93381,114246,2646,2820,36507,43308,1446466,1548117,219685,267041,36997,43837,101127,122343,4979,5301,214596,240713,181932,204621,9287,10807,13750,13915,1990,2243,532,689,7105,8438,188434,212308,11377,13470,18846,19861,3009,3529,944,1174
R,10,2021,65,4024289,1911023,2113266,1541094,1661367,209682,257493,24461,26662,91808,115050,3043,3351,40935,49343,1578033,1705731,219091,269979,52199,60506,99919,124233,5650,6237,1710093,1884979,1370579,1467395,200930,247140,11854,13542,89877,112768,2501,2774,34352,41360,1401522,1504486,208326,257061,34906,41756,96992,120751,4679,5229,200930,228287,170515,193972,8752,10353,12607,13120,1931,2282,542,577,6583,7983,176511,201245,10765,12918,17293,18750,2927,3482,971,1008
R,10,2021,66,3912542,1853508,2059034,1500521,1627241,198353,244726,23294,25120,89936,112775,2887,3255,38517,45917,1535126,1668324,207225,256490,49473,56473,97550,121411,5390,6034,1661963,1840051,1337920,1440684,189998,234872,11277,12733,88110,110689,2396,2645,32262,38428,1366838,1474918,196956,244166,32973,38806,94840,118257,4532,5020,191545,218983,162601,186557,8355,9854,12017,12387,1826,2086,491,610,6255,7489,168288,193406,10269,12324,16500,17667,2710,3154,858,1014
R,10,2021,67,3783072,1782572,2000500,1452476,1589870,186122,233567,21269,23610,85003,106958,2631,3103,35071,43392,1484047,1628664,194373,244584,45076,53476,91859,114874,4815,5735,1606728,1795635,1302730,1414979,178407,224496,10565,12208,83403,104923,2172,2533,29451,36496,1329157,1447493,184911,233220,30376,37241,89448,111823,4060,4787,175844,204865,149746,174891,7715,9071,10704,11402,1600,2035,459,570,5620,6896,154890,181171,9462,11364,14700,16235,2411,3051,755,948
R,10,2021,68,3612750,1694702,1918048,1390292,1535263,170773,218014,19483,21500,79115,99977,2429,2754,32610,40540,1419614,1571676,178332,228327,41867,49289,85432,107372,4500,5231,1533255,1726880,1252434,1371418,163749,209604,9808,11403,77689,98233,2035,2306,27540,33916,1277161,1401745,169698,217795,28532,34543,83325,104682,3816,4439,161447,191168,137858,163845,7024,8410,9675,10097,1426,1744,394,448,5070,6624,142453,169931,8634,10532,13335,14746,2107,2690,684,792
R,10,2021,69,3493363,1634128,1859235,1348292,1494472,159250,207232,17710,20225,76445,97122,2341,2660,30090,37524,1375393,1528156,166341,216841,38319,46254,82141,103645,4267,4952,1484491,1680388,1219971,1340700,152848,199518,9152,10803,75105,95488,1974,2231,25441,31648,1242782,1369006,158510,207187,26449,32686,80166,101184,3617,4183,149637,178847,128321,153772,6402,7714,8558,9422,1340,1634,367,429,4649,5876,132611,159150,7831,9654,11870,13568,1975,2461,650,769
R,10,2021,70,3322493,1547652,1774841,1282334,1429417,149552,199184,16391,18887,69171,89697,2081,2475,28123,35181,1307565,1460986,156092,208272,36002,43539,74300,95518,3872,4565,1406585,1605602,1160778,1283771,143630,191934,8561,10093,67983,88180,1775,2049,23858,29575,1182081,1310191,148898,199178,25093,30855,72522,93224,3322,3863,141067,169239,121556,145646,5922,7250,7830,8794,1188,1517,306,426,4265,5606,125484,150795,7194,9094,10909,12684,1778,2294,550,702
R,10,2021,71,3174596,1472083,1702513,1215041,1367327,142546,190149,15469,17756,70557,91988,1977,2249,26493,33044,1238855,1396864,148856,198920,33701,40550,75490,97766,3677,4279,1339499,1538981,1100984,1226218,136889,183051,8115,9497,69400,90510,1670,1898,22441,27807,1121063,1250977,141926,190035,23443,28672,73771,95494,3175,3622,132584,163532,114057,141109,5657,7098,7354,8259,1157,1478,307,351,4052,5237,117792,145887,6930,8885,10258,11878,1719,2272,502,657
R,10,2021,72,3068489,1417539,1650950,1181415,1338750,129780,176447,14245,16236,65879,86219,1857,2125,24363,31173,1203355,1366618,135310,184600,31184,37949,70359,91397,3499,4067,1295629,1500193,1075941,1208080,124803,170064,7678,8873,64763,84884,1576,1785,20868,26507,1094665,1231683,129233,176682,22163,27355,68746,89423,3021,3473,121910,150757,105474,130670,4977,6383,6567,7363,1116,1335,281,340,3495,4666,108690,134935,6077,7918,9021,10594,1613,1974,478,594
R,10,2021,73,2984039,1374906,1609133,1155149,1315697,120581,165979,13008,15336,61685,80467,1679,2016,22804,29638,1175637,1342264,125929,173613,28845,36116,65793,85344,3169,3820,1261180,1466675,1056515,1192326,115937,160038,7214,8454,60698,79182,1414,1700,19402,24975,1073889,1214628,120279,166137,20582,25923,64343,83411,2734,3267,113726,142458,98634,123371,4644,5941,5794,6882,987,1285,265,316,3402,4663,101748,127636,5650,7476,8263,10193,1450,1933,435,553
R,10,2021,74,3093992,1424997,1668995,1218636,1394237,112154,154756,12765,14553,56872,74184,1600,1753,22970,29512,1239450,1420893,117204,162313,29141,35492,60749,78745,3025,3460,1317675,1532861,1125236,1275647,108045,149193,7149,8186,55980,73000,1362,1474,19903,25361,1143257,1298506,112185,155351,21289,26199,59434,77005,2643,2989,107322,136134,93400,118590,4109,5563,5616,6367,892,1184,238,279,3067,4151,96193,122387,5019,6962,7852,9293,1315,1740,382,471
R,10,2021,75,2385579,1089842,1295737,924077,1070589,87265,124174,9993,12130,49361,64269,1389,1541,17757,23034,940157,1091253,91314,130111,22247,27936,52532,68240,2633,3087,998380,1176444,844427,966814,83618,119074,5405,6624,48578,63210,1192,1297,15160,19425,858137,984157,86840,123853,15853,19952,51388,66668,2294,2653,91462,119293,79650,103775,3647,5100,4588,5506,783,1059,197,244,2597,3609,82020,107096,4474,6258,6394,7984,1144,1572,339,434
R,10,2021,76,2137642,967681,1169961,818962,964706,79425,115229,8802,11108,44281,57482,1205,1461,15006,19975,832476,982532,82986,120579,19001,24781,47102,60835,2331,2817,884546,1060344,746321,868951,76230,110753,4751,6011,43583,56541,1013,1209,12648,16879,757661,883936,79032,115066,13299,17538,46036,59490,2001,2379,83135,109617,72641,95755,3195,4476,4051,5097,698,941,192,252,2358,3096,74815,98596,3954,5513,5702,7243,1066,1345,330,438
R,10,2021,77,2047511,919135,1128376,782614,937563,72043,107058,8126,10043,41119,53360,1034,1350,14199,19002,795367,954483,75478,112331,17876,23055,43668,56470,2054,2680,845106,1027330,717837,849073,69114,103032,4494,5471,40578,52484,892,1116,12191,16154,728758,863387,71888,107338,12856,16552,42856,55194,1790,2289,74029,101046,64777,88490,2929,4026,3632,4572,541,876,142,234,2008,2848,66609,91096,3590,4993,5020,6503,812,1276,264,391
R,10,2021,78,2078779,926671,1152108,799491,971559,68308,103830,7429,9610,37212,47537,945,1178,13286,18394,811506,988012,71483,108773,16631,22358,39477,50454,1934,2434,857272,1055537,738520,887077,65658,99894,4225,5235,36633,46777,811,979,11425,15575,748832,900958,68230,103845,12147,16080,38628,49270,1676,2094,69399,96571,60971,84482,2650,3936,3204,4375,579,760,134,199,1861,2819,62674,87054,3253,4928,4484,6278,849,1184,258,340
R,10,2021,79,1800214,794848,1005366,680752,841679,60009,92513,6505,8475,35110,45954,827,1095,11645,15650,691210,855688,62737,96795,14539,19285,37215,48486,1654,2100,733409,918965,626837,765738,57610,89118,3654,4662,34651,45255,696,904,9961,13288,635765,777557,59817,92583,10494,13867,36523,47475,1413,1796,61439,86401,53915,75941,2399,3395,2851,3813,459,699,131,191,1684,2362,55445,78131,2920,4212,4045,5418,692,1011,241,304
R,10,2021,80,1593625,695120,898505,595069,751326,52176,83522,5803,7540,31268,40940,767,954,10037,14223,604138,764017,54577,87410,12679,17402,33106,43288,1459,1865,639989,820183,546556,682388,50047,80514,3338,4197,30862,40300,659,790,8527,11994,554247,693054,51951,83619,9181,12532,32473,42307,1249,1580,55131,78322,48513,68938,2129,3008,2465,3343,406,640,108,164,1510,2229,49891,70963,2626,3791,3498,4870,633,981,210,285
R,10,2021,81,1444342,620849,823493,528902,686245,47433,77949,5216,7007,29686,38811,696,895,8916,12586,536858,697441,49669,81547,11238,15487,31397,40878,1322,1774,569764,748732,483886,620356,45474,74993,2913,3851,29272,38223,582,726,7637,10583,490683,629701,47281,77886,8022,10996,30807,40040,1140,1496,51085,74761,45016,65889,1959,2956,2303,3156,414,588,114,169,1279,2003,46175,67740,2388,3661,3216,4491,590,838,182,278
R,10,2021,82,1305902,555976,749926,475792,628262,41222,69066,4512,6257,26291,34208,509,802,7650,11331,482665,638300,43133,72218,9616,13917,27736,36125,1064,1614,510388,682393,435595,568589,39437,66387,2480,3458,25962,33679,399,681,6515,9599,441424,577045,40963,68906,6805,9966,27260,35346,902,1392,45588,67533,40197,59673,1785,2679,2032,2799,329,529,110,121,1135,1732,41241,61255,2170,3312,2811,3951,476,779,162,222
R,10,2021,83,1212060,509285,702775,437405,591139,36537,63169,4017,5876,23736,31721,548,707,7042,10163,443726,600204,38245,66074,8713,12637,25136,33455,1056,1381,468477,640671,401245,536253,35020,60698,2291,3315,23390,31259,459,577,6072,8569,406688,543849,36399,63057,6353,9032,24634,32759,900,1171,40808,62104,36160,54886,1517,2471,1726,2561,346,462,89,130,970,1594,37038,56355,1846,3017,2360,3605,502,696,156,210
R,10,2021,84,1074499,444076,630423,381443,530165,31708,56616,3388,5112,20970,28783,430,644,6137,9103,386994,538176,33282,59285,7490,11045,22132,30444,866,1327,408083,574175,349395,480433,30398,54394,1919,2773,20707,28328,367,531,5297,7716,354178,487167,31669,56603,5454,7800,21750,29780,754,1137,35993,56248,32048,49732,1310,2222,1469,2339,263,455,63,113,840,1387,32816,51009,1613,2682,2036,3245,382,664,112,190
R,10,2021,85,964527,392291,572236,337086,482122,28017,51530,2985,4508,18413,25623,341,558,5449,7895,341978,489084,29441,53898,6474,9667,19513,27045,758,1129,360450,521506,308815,437165,26823,49559,1683,2461,18183,25241,280,468,4666,6612,312982,442950,27991,51481,4633,6765,19166,26494,657,965,31841,50730,28271,44957,1194,1971,1302,2047,230,382,61,90,783,1283,28996,46134,1450,2417,1841,2902,347,551,101,164
R,10,2021,86,877960,349874,528086,302042,445513,24477,47051,2652,4132,15863,23554,312,494,4528,7342,306085,451980,25667,49130,5522,8904,16801,24935,677,1032,321438,481453,276746,404114,23441,45265,1479,2269,15660,23175,261,402,3851,6228,280164,409576,24398,46931,3902,6359,16500,24376,588,871,28436,46633,25296,41399,1036,1786,1173,1863,203,379,51,92,677,1114,25921,42404,1269,2199,1620,2545,301,559,89,161
R,10,2021,87,755606,296337,459269,256097,388306,20496,40673,2183,3488,13427,20261,319,438,3815,6103,259535,393694,21495,42458,4577,7431,14233,21438,595,886,272313,419344,234660,352805,19637,39131,1227,1917,13255,19945,261,369,3273,5177,237593,357348,20448,40565,3267,5255,13978,20994,502,775,24024,39925,21437,35501,859,1542,956,1571,172,316,58,69,542,926,21942,36346,1047,1893,1310,2176,255,444,93,111
R,10,2021,88,657639,251687,405952,217921,343621,16998,35203,1810,3008,11533,18359,235,394,3190,5367,220777,348287,17785,36752,3835,6457,12238,19410,484,849,231819,371381,200221,312841,16280,33832,1021,1715,11389,18092,196,330,2712,4571,202633,316800,16913,35086,2715,4645,12025,19028,418,736,19868,34571,17700,30780,718,1371,789,1293,144,267,39,64,478,796,18144,31487,872,1666,1120,1812,213,382,66,113
R,10,2021,89,591191,220358,370833,191433,315486,14472,31127,1495,2707,9907,16316,194,381,2857,4816,193983,319682,15247,32595,3259,5759,10531,17258,444,777,203079,339611,175982,287651,13879,29958,819,1506,9765,16067,163,319,2471,4110,178184,291215,14537,31179,2324,4104,10326,16899,386,669,17279,31222,15451,27835,593,1169,676,1201,142,249,31,62,386,706,15799,28467,710,1416,935,1655,205,359,58,108
R,10,2021,90,511116,186391,324725,163080,278698,11445,25850,1289,2271,8101,13688,161,289,2315,3929,165153,282082,12089,27048,2654,4773,8657,14467,354,620,171575,298018,149849,254853,10945,24856,675,1225,7995,13498,137,239,1974,3347,151618,257703,11488,25837,1820,3367,8473,14183,299,534,14816,26707,13231,23845,500,994,614,1046,106,190,24,50,341,582,13535,24379,601,1211,834,1406,184,284,55,86
R,10,2021,91,453470,159710,293760,139553,251463,9978,23560,1064,1905,7150,12957,137,267,1828,3608,141183,254598,10477,24594,2185,4206,7552,13682,306,593,147106,269423,128223,229681,9561,22657,599,1031,7054,12789,116,228,1553,3037,129599,232281,9961,23494,1539,2963,7420,13430,268,516,12604,24337,11330,21782,417,903,465,874,96,168,21,39,275,571,11584,22317,516,1100,646,1243,132,252,38,77
R,10,2021,92,366395,124189,242206,108726,208249,7453,19090,848,1469,5532,10296,105,228,1525,2874,110065,210719,7894,20016,1791,3227,5884,10878,248,495,114348,222940,99957,191008,7111,18338,452,812,5450,10154,86,195,1292,2433,101085,193079,7465,19108,1234,2269,5766,10672,214,433,9841,19266,8769,17241,342,752,396,657,82,142,19,33,233,441,8980,17640,429,908,557,958,118,206,34,62
R,10,2021,93,302671,98691,203980,86421,175522,6026,15955,690,1283,4280,8661,83,167,1191,2392,87463,177565,6368,16703,1423,2770,4552,9172,186,398,90901,188177,79459,161468,5749,15294,363,705,4242,8552,68,140,1020,2018,80352,163168,6025,15911,987,1953,4493,9001,154,344,7790,15803,6962,14054,277,661,327,578,38,109,15,27,171,374,7111,14397,343,792,436,817,59,171,32,54
R,10,2021,94,243838,76351,167487,66728,144248,4702,13027,460,1030,3429,7167,69,144,963,1871,67569,145836,5005,13598,1001,2209,3650,7543,155,327,70545,154927,61494,133011,4527,12507,253,582,3389,7076,58,124,824,1627,62215,134387,4776,12988,705,1605,3591,7415,130,287,5806,12560,5234,11237,175,520,207,448,40,91,11,20,139,244,5354,11449,229,610,296,604,59,128,25,40
R,10,2021,95,190950,57430,133520,50001,114996,3690,10434,377,792,2588,5669,50,134,724,1495,50628,116274,3891,10942,792,1704,2778,5962,135,278,53022,123686,46044,106217,3553,10042,203,461,2556,5582,40,113,626,1271,46581,107291,3714,10457,561,1220,2731,5842,114,243,4408,9834,3957,8779,137,392,174,331,32,87,10,21,98,224,4047,8983,177,485,231,484,47,120,21,35
R,10,2021,96,144618,41346,103272,35793,88620,2683,8174,288,649,2061,4480,43,95,478,1254,36192,89658,2812,8623,573,1353,2197,4758,102,246,38192,95671,32990,81876,2568,7857,161,360,2035,4422,36,83,402,1073,33329,82760,2675,8225,390,955,2153,4662,86,208,3154,7601,2803,6744,115,317,127,289,26,58,7,12,76,181,2863,6898,137,398,183,398,44,96,16,38
R,10,2021,97,106974,29158,77816,24939,66694,2039,6320,209,476,1579,3401,20,71,372,854,25263,67382,2146,6615,423,991,1675,3592,55,166,26798,72167,22845,61643,1948,6076,118,293,1553,3363,18,63,316,729,23118,62222,2040,6325,293,726,1642,3533,46,144,2360,5649,2094,5051,91,244,91,183,26,38,2,8,56,125,2145,5160,106,290,130,265,33,59,9,22
R,10,2021,98,76534,20133,56401,17153,48076,1418,4735,156,348,1110,2516,30,58,266,668,17374,48628,1504,4968,296,736,1185,2667,69,135,18444,52432,15634,44566,1368,4549,91,198,1099,2494,25,51,227,574,15825,45033,1439,4745,211,535,1163,2625,54,115,1689,3969,1519,3510,50,186,65,150,11,22,5,7,39,94,1549,3595,65,223,85,201,22,42,15,20
R,10,2021,99,53783,13639,40144,11465,34034,1024,3507,112,241,833,1871,27,60,178,431,11611,34391,1090,3649,203,487,887,1970,64,114,12461,37374,10444,31564,979,3391,62,151,820,1848,18,51,138,369,10559,31871,1024,3510,133,361,863,1932,46,89,1178,2770,1021,2470,45,116,50,90,13,23,9,9,40,62,1052,2520,66,139,70,126,24,38,18,25
R,10,2021,100,88075,19866,68209,15895,56030,1838,6992,254,506,1380,3642,64,85,435,954,16237,56772,2050,7406,463,1006,1513,3891,141,240,17912,63152,14266,51704,1759,6695,144,324,1346,3578,43,64,354,787,14549,52315,1934,7027,309,730,1448,3776,102,183,1954,5057,1629,4326,79,297,110,182,34,64,21,21,81,167,1688,4457,116,379,154,276,65,115,39,57
R,11,2021,999,332783325,163298493,169484832,120813412,123712579,21297915,23332627,3256735,3185301,10094344,11070927,441107,440982,7394980,7742416,127600468,130806054,24108988,26324110,6405703,6584918,12371815,13363873,933417,933417,131652837,137535208,95597751,98182907,19426603,21410249,1137041,1170598,9675853,10645566,327579,327180,5488010,5798708,100639692,103500229,21464723,23601142,3284832,3546476,11488003,12470605,687198,687501,31645656,31949624,25215661,25529672,1871312,1922378,2119694,2014703,418491,425361,113528,113802,1906970,1943708,26960776,27305825,2644265,2722968,3120871,3038442,883812,893268,246219,245916
R,11,2021,0,3625042,1853190,1771852,1211825,1154601,301409,292927,41719,39979,109318,103221,6522,6146,182397,174978,1382704,1318248,390056,378682,92451,88744,173584,164471,17005,16153,1353102,1289133,852743,807606,258926,251606,12355,11824,99754,94114,4370,4148,124954,119835,970432,920330,319330,310271,41283,39444,146955,139066,10948,10275,500088,482719,359082,346995,42483,41321,29364,28155,9564,9107,2152,1998,57443,55143,412272,397918,70726,68411,51168,49300,26629,25405,6057,5878
R,11,2021,1,3660100,1871071,1789029,1225544,1167768,301212,292336,42676,40835,114028,107880,6560,6142,181051,174068,1395172,1330610,389326,377722,92791,89055,177864,168906,16946,16070,1375693,1313310,866739,823167,261183,253601,13410,12893,104797,98910,4559,4273,125005,120466,984471,936493,321716,312642,42268,40572,151991,144103,11132,10428,495378,475719,358805,344601,40029,38735,29266,27942,9231,8970,2001,1869,56046,53602,410701,394117,67610,65080,50523,48483,25873,24803,5814,5642
R,11,2021,2,3747969,1913892,1834077,1264915,1207007,299710,292865,43994,42336,116865,110698,6971,6611,181437,174560,1434841,1370268,387475,377928,94339,90823,181053,172111,17530,16604,1421467,1358892,906068,860176,261282,255720,14788,14344,107874,101986,4859,4722,126596,121944,1025213,974788,322240,315182,44139,42562,155834,147751,11625,11050,492425,475185,358847,346831,38428,37145,29206,27992,8991,8712,2112,1889,54841,52616,409628,395480,65235,62746,50200,48261,25219,24360,5905,5554
R,11,2021,3,3806914,1943976,1862938,1289057,1230950,304850,297022,45348,44032,117778,112041,7118,6681,179825,172212,1457452,1391952,391438,380382,95737,92195,181187,172693,17775,16649,1447517,1383967,925746,880160,266529,260145,15173,14714,108871,103437,5032,4774,126166,120737,1044441,993578,327234,318724,44608,42735,156476,148769,11873,11149,496459,478971,363311,350790,38321,36877,30175,29318,8907,8604,2086,1907,53659,51475,413011,398374,64204,61658,51129,49460,24711,23924,5902,5500
R,11,2021,4,3875097,1981148,1893949,1316487,1254443,309614,300671,46733,44848,122184,116172,7346,6739,178784,171076,1483649,1414218,394798,383253,97613,93620,185289,175924,18117,16805,1475644,1406060,943513,894794,271573,263797,16051,15256,113299,107574,5282,4786,125926,119853,1061788,1007334,331502,321835,46004,43636,160817,152194,12285,11171,505504,487889,372974,359649,38041,36874,30682,29592,8885,8598,2064,1953,52858,51223,421861,406884,63296,61418,51609,49984,24472,23730,5832,5634
R,11,2021,5,3976007,2030929,1945078,1360592,1297378,309961,302484,48923,47135,124490,118779,7325,6962,179638,172340,1528413,1458278,394453,384587,101245,97485,187650,178811,18203,17281,1509415,1443510,974691,925750,271343,265396,16373,16078,115357,110119,5227,4965,126424,121202,1093405,1039504,330871,323396,47116,45703,162824,155048,12232,11593,521514,501568,385901,371628,38618,37088,32550,31057,9133,8660,2098,1997,53214,51138,435008,418774,63582,61191,54129,51782,24826,23763,5971,5688
R,11,2021,6,4008594,2048643,1959951,1376408,1311372,313532,304545,49164,47975,124560,118339,7271,7028,177708,170692,1542494,1470670,396744,385691,101830,98407,186595,177344,17954,17216,1523551,1453919,985417,934935,275066,267481,16741,16131,115589,109753,5206,4977,125532,120642,1103317,1048086,334008,325242,47959,45865,162263,154157,12136,11568,525092,506032,390991,376437,38466,37064,32423,31844,8971,8586,2065,2051,52176,50050,439177,422584,62736,60449,53871,52542,24332,23187,5818,5648
R,11,2021,7,4018847,2054140,1964707,1383245,1316731,312732,304349,49895,48121,126172,119930,7290,7030,174806,168546,1546601,1474033,393996,384123,102541,98893,186991,177569,17770,17015,1531926,1461557,993401,941853,274753,267354,16886,16280,117308,111619,5226,4994,124352,119457,1110174,1053903,332731,324363,48382,46408,163395,155082,12110,11525,522214,503150,389844,374878,37979,36995,33009,31841,8864,8311,2064,2036,50454,49089,436427,420130,61265,59760,54159,52485,23596,22487,5660,5490
R,11,2021,8,3994485,2040887,1953598,1375611,1312245,311106,302882,50351,47981,125578,119187,7374,6961,170867,164342,1535152,1465439,390032,379863,102678,98537,184777,175352,17772,16863,1521855,1452806,987121,937394,273743,266586,16925,16230,116977,110853,5242,4894,121847,116849,1101471,1046871,330261,321842,48331,46448,161943,153291,12068,11350,519032,500792,388490,374851,37363,36296,33426,31751,8601,8334,2132,2067,49020,47493,433681,418568,59771,58021,54347,52089,22834,22061,5704,5513
R,11,2021,9,4028393,2058574,1969819,1390139,1324812,313539,304167,50956,49192,127992,121560,7390,6995,168558,163093,1547283,1476749,390921,379620,103670,100284,186008,177177,17668,16837,1533415,1463538,995520,944488,275833,267945,17067,16452,119461,113336,5224,4933,120310,116384,1108288,1053401,331354,322243,48787,47171,163596,155630,12008,11468,525159,506281,394619,380324,37706,36222,33889,32740,8531,8224,2166,2062,48248,46709,438995,423348,59567,57377,54883,53113,22412,21547,5660,5369
R,11,2021,10,4074165,2085242,1988923,1414110,1342955,318961,308819,51618,49998,125006,118450,7355,7051,168192,161650,1570890,1493468,395701,383034,105256,101538,182294,173348,17643,16924,1548745,1473770,1009257,955063,280583,271923,17180,16400,116273,110177,5169,4909,120283,115298,1121935,1062874,335924,325412,49646,47473,159826,151857,12011,11412,536497,515153,404853,387892,38378,36896,34438,33598,8733,8273,2186,2142,47909,46352,448955,430594,59777,57622,55610,54065,22468,21491,5632,5512
R,11,2021,11,4162125,2128814,2033311,1448217,1378687,326037,314687,52584,50273,124587,118999,7268,6987,170121,163678,1606838,1531187,403128,389829,107914,103513,181803,173508,17586,16898,1574116,1501031,1024714,972137,288537,278192,17207,16940,116068,111003,5113,4935,122477,117824,1139441,1082357,344412,332809,51034,49567,159965,152741,12077,11548,554698,532280,423503,406550,37500,36495,35377,33333,8519,7996,2155,2052,47644,45854,467397,448830,58716,57020,56880,53946,21838,20767,5509,5350
R,11,2021,12,4213509,2154919,2058590,1472275,1400232,329679,319016,52361,50498,123849,118807,7309,6933,169446,163104,1630056,1552084,406459,394553,107423,103208,180878,172508,17616,16882,1590656,1517019,1036443,982014,292476,282815,17744,17202,115617,110942,5094,4771,123282,119275,1151765,1093526,349108,338703,51818,50277,159770,152560,12072,11563,564263,541571,435832,418218,37203,36201,34617,33296,8232,7865,2215,2162,46164,43829,478291,458558,57351,55850,55605,52931,21108,19948,5544,5319
R,11,2021,13,4368785,2234915,2133870,1531336,1454344,342204,330169,54244,51970,128018,122754,7305,6971,171808,167662,1691115,1610280,420066,407152,110726,107774,184990,177322,18127,17036,1647778,1570979,1075226,1017717,303624,293624,18413,17689,119544,114627,5004,4781,125967,122541,1192779,1132183,361529,350895,53915,52692,163969,156827,12386,11648,587137,562891,456110,436627,38580,36545,35831,34281,8474,8127,2301,2190,45841,45121,498336,478097,58537,56257,56811,55082,21021,20495,5741,5388
R,11,2021,14,4396196,2248362,2147834,1547166,1471751,340957,328764,55391,53430,127853,122149,7296,7047,169699,164693,1704904,1624666,416954,403407,113378,109370,183401,175787,17816,17223,1656903,1579061,1086557,1029432,303024,292262,18563,17930,119367,114118,4958,4849,124434,120470,1202689,1141825,359367,347643,55154,53108,162669,155654,12204,11755,591459,568773,460609,442319,37933,36502,36828,35500,8486,8031,2338,2198,45265,44223,502215,482841,57587,55764,58224,56262,20732,20133,5612,5468
R,11,2021,15,4349439,2227112,2122327,1541385,1460991,334483,321808,55346,52750,124753,120329,7190,6830,163955,159619,1693629,1609205,406599,392963,112318,107917,178674,172133,17340,16609,1643856,1563670,1086104,1025146,297862,286413,18246,17603,116388,112594,4909,4623,120347,117291,1198357,1134574,351353,339644,54207,52600,158678,152906,11887,11319,583256,558657,455281,435845,36621,35395,37100,35147,8365,7735,2281,2207,43608,42328,495272,474631,55246,53319,58111,55317,19996,19227,5453,5290
R,11,2021,16,4320048,2212682,2107366,1541099,1455985,327206,315002,54745,53261,124715,122636,7183,6963,157734,153519,1687592,1598373,395217,382491,110831,107550,176445,172565,16807,16368,1636465,1557439,1089524,1025722,291338,280935,18129,17534,116832,115240,4951,4794,115691,113214,1197441,1131132,341829,331440,53782,52144,157330,154421,11545,11332,576217,549927,451575,430263,35868,34067,36616,35727,7883,7396,2232,2169,42043,40305,490151,467241,53388,51051,57049,55406,19115,18144,5262,5036
R,11,2021,17,4330336,2219300,2111036,1550547,1464301,325989,312610,54569,51752,127323,125925,7214,6790,153658,149658,1692974,1603124,391430,377412,109969,105845,177973,174322,16884,15975,1648854,1567803,1101597,1037790,291104,279348,18242,17103,119422,118530,4995,4692,113494,110340,1207208,1140453,339670,327749,53986,51842,159385,156657,11743,11059,570446,543233,448950,426511,34885,33262,36327,34649,7901,7395,2219,2098,40164,39318,485766,462671,51760,49663,55983,54003,18588,17665,5141,4916
R,11,2021,18,4331233,2220417,2110816,1554964,1467158,324924,312279,54656,51250,129042,127974,7263,6755,149568,145400,1693608,1601905,387554,374159,110119,104835,177736,175136,16574,15641,1654543,1573233,1109600,1044179,290367,279419,17879,16847,121416,120650,5022,4710,110259,107428,1212203,1144122,337091,325755,53565,51463,159764,157673,11480,10991,565874,537583,445364,422979,34557,32860,36777,34403,7626,7324,2241,2045,39309,37972,481405,457783,50463,48404,56554,53372,17972,17463,5094,4650
R,11,2021,19,4374309,2232677,2141632,1561172,1486573,333253,325182,54888,50998,133209,131883,7220,6979,142935,140017,1693448,1615706,392289,384706,108750,103050,179753,177028,16295,15777,1666853,1603654,1114443,1061774,298446,291703,17848,16958,125628,124655,5096,4920,105392,103644,1212206,1157702,342550,336411,52548,50616,162221,160245,11509,11127,565824,537978,446729,424799,34807,33479,37040,34040,7581,7228,2124,2059,37543,36373,481242,458004,49739,48295,56202,52434,17532,16783,4786,4650
R,11,2021,20,4571582,2316908,2254674,1618060,1565477,351609,348274,54708,50681,146488,145998,7612,7513,138431,136731,1745270,1691378,409120,406518,106406,100506,191924,190781,16975,16636,1745646,1709722,1166183,1132996,315214,313831,17810,17543,138890,138474,5376,5376,102173,101502,1260318,1226677,358006,357666,51219,49737,174807,174101,11983,11929,571262,544952,451877,432481,36395,34443,36898,33138,7598,7524,2236,2137,36258,35229,484952,464701,51114,48852,55187,50769,17117,16680,4992,4707
R,11,2021,21,4737316,2398128,2339188,1676526,1624060,364905,363909,55714,51015,158824,158778,8242,7942,133917,133484,1799490,1746469,419949,420832,105924,99250,203008,202994,17367,16909,1821584,1790708,1219209,1187981,328152,328781,18254,17584,151094,151020,6025,5727,98850,99615,1310187,1279577,369047,371676,50501,48906,186206,186392,12600,12156,576544,548480,457317,436079,36753,35128,37460,33431,7730,7758,2217,2215,35067,33869,489303,466892,50902,49156,55423,50344,16802,16602,4767,4753
R,11,2021,22,4582844,2325077,2257767,1639214,1579062,344238,343991,52889,48187,154642,152702,8049,7579,126045,126246,1754729,1694912,395752,397696,100718,94327,195864,194019,16786,15980,1772748,1733824,1199310,1161535,309557,310459,17384,16700,147277,145360,5909,5472,93311,94298,1285033,1248285,348063,351042,48313,46756,180115,178415,12153,11443,552329,523943,439904,417527,34681,33532,35505,31487,7365,7342,2140,2107,32734,31948,469696,446627,47689,46654,52405,47571,15749,15604,4633,4537
R,11,2021,23,4491314,2280038,2211276,1607489,1544715,334881,334627,51940,47494,156521,154191,7813,7500,121394,122749,1718663,1657524,383821,386287,98586,93123,196015,193811,16220,15538,1741852,1700502,1179036,1137576,301106,302421,16725,15914,149168,146882,5677,5428,90140,92281,1261707,1222642,337782,341664,46932,45846,180840,178849,11784,11274,538186,510774,428453,407139,33775,32206,35215,31580,7353,7309,2136,2072,31254,30468,456956,434882,46039,44623,51654,47277,15175,14962,4436,4264
R,11,2021,24,4336505,2203431,2133074,1552652,1488497,318967,318582,50089,45829,159757,156057,7473,7105,114493,117004,1657564,1595828,364454,366969,94627,90158,197235,193949,15242,14622,1683670,1640552,1138359,1095391,286672,287942,15731,15108,152705,149094,5451,5186,84752,87831,1216194,1176113,320403,324678,44541,44052,182787,179846,11107,10661,519761,492522,414293,393106,32295,30640,34358,30721,7052,6963,2022,1919,29741,29173,441370,419715,44051,42291,50086,46106,14448,14103,4135,3961
R,11,2021,25,4303490,2185079,2118411,1542541,1478121,310500,313356,50537,45757,162150,159456,7482,6957,111869,114764,1644839,1583212,354190,360159,94815,89947,198508,196574,15327,14551,1669584,1630340,1132196,1089204,278690,283168,15442,14618,155202,152454,5459,5146,82595,85750,1207977,1167917,310930,318634,43738,43230,184595,182469,11170,10672,515495,488071,410345,388917,31810,30188,35095,31139,6948,7002,2023,1811,29274,29014,436862,415295,43260,41525,51077,46717,13913,14105,4157,3879
R,11,2021,26,4339615,2198831,2140784,1553419,1493579,314517,319618,51072,46219,162951,161404,7566,7159,109306,112805,1653184,1596623,356924,365528,95040,90467,198289,197283,15284,14872,1683736,1649039,1143771,1102016,282416,288313,15526,14782,155858,154329,5575,5324,80590,84275,1217412,1179221,313635,322730,43865,43667,184420,183493,11242,10970,515095,491745,409648,391563,32101,31305,35546,31437,7093,7075,1991,1835,28716,28530,435772,417402,43289,42798,51175,46800,13869,13790,4042,3902
R,11,2021,27,4354437,2198783,2155654,1553325,1499575,317110,328512,50339,46366,163368,161998,7433,7226,107208,111977,1650922,1601875,357924,373270,94530,91517,197814,197391,15255,14803,1691220,1666925,1149555,1110734,285541,297294,15458,14779,156376,155197,5518,5297,78772,83624,1221321,1187213,315520,330789,43699,44423,184330,184025,11289,10902,507563,488729,403770,388841,31569,31218,34881,31587,6992,6801,1915,1929,28436,28353,429601,414662,42404,42481,50831,47094,13484,13366,3966,3901
R,11,2021,28,4415692,2224620,2191072,1573648,1520424,322165,338349,51174,47265,166078,167250,7553,7161,104002,110623,1668088,1621306,361325,382248,94160,93026,199843,201741,15300,14650,1719345,1701477,1170953,1131186,290843,306882,15864,15384,159275,160341,5557,5213,76853,82471,1240848,1206614,319607,339416,43624,45645,186750,188394,11281,10733,505275,489595,402695,389238,31322,31467,35310,31881,6803,6909,1996,1948,27149,28152,427240,414692,41718,42832,50536,47381,13093,13347,4019,3917
R,11,2021,29,4499581,2262546,2237035,1605532,1555279,325123,343495,52237,48269,167944,172440,7288,7164,104422,110388,1700554,1656038,363305,385649,97013,95398,201233,206723,14971,14631,1754465,1743271,1200462,1162102,293874,311789,16477,15949,161213,165687,5444,5264,76995,82480,1270584,1237514,321608,342948,45631,47434,188321,193726,11123,10750,508081,493764,405070,393177,31249,31706,35760,32320,6731,6753,1844,1900,27427,27908,429970,418524,41697,42701,51382,47964,12912,12997,3848,3881
R,11,2021,30,4582815,2293389,2289426,1632061,1590932,328561,353481,52429,48334,170963,179143,7676,7241,101699,110295,1724099,1691132,365243,395189,96521,95943,203604,213790,15453,14942,1789808,1798412,1231366,1201529,296980,320842,16814,16406,164148,172094,5756,5418,74744,82123,1299134,1276276,323471,351331,45352,48035,190736,200359,11558,11207,503581,491014,400695,389403,31581,32639,35615,31928,6815,7049,1920,1823,26955,28172,424965,414856,41772,43858,51169,47908,12868,13431,3895,3735
R,11,2021,31,4674400,2338430,2335970,1670843,1627474,331696,357435,53386,49234,174383,184901,7563,7450,100559,109476,1761967,1727307,366862,397535,97746,98247,207042,218571,15205,14950,1830624,1841838,1266459,1235317,299914,324709,16984,16662,167625,177997,5607,5523,74035,81630,1333665,1309908,324971,353848,45827,49566,194424,205554,11320,11129,507806,494132,404384,392157,31782,32726,36402,32572,6758,6904,1956,1927,26524,27846,428302,417399,41891,43687,51919,48681,12618,13017,3885,3821
R,11,2021,32,4569149,2283863,2285286,1633957,1590448,322016,348999,51171,47812,172685,186326,7350,6962,96684,104739,1721746,1685481,355124,386758,94705,95440,203615,218729,14572,14235,1801135,1812463,1249485,1214399,291841,317913,16467,16514,166344,179792,5515,5212,71483,78633,1314377,1285747,315454,345388,45050,48919,191906,206601,11041,10817,482728,472823,384472,376049,30175,31086,34704,31298,6341,6534,1835,1750,25201,26106,407369,399734,39670,41370,49655,46521,11709,12128,3531,3418
R,11,2021,33,4505813,2243179,2262634,1613974,1582548,307910,338346,51033,47615,170413,185774,7022,6997,92827,101354,1698062,1674610,338945,374293,93044,94575,200379,216893,14062,13936,1767637,1795622,1234542,1211022,278982,308033,16304,16037,164078,179379,5277,5236,68454,75915,1296556,1280102,301094,333883,43677,47997,188887,205059,10639,10535,475542,467012,379432,371526,28928,30313,34729,31578,6335,6395,1745,1761,24373,25439,401506,394508,37851,40410,49367,46578,11492,11834,3423,3401
R,11,2021,34,4421669,2203223,2218446,1594459,1557824,297510,327225,49775,46232,165314,181876,7056,6767,89109,98522,1675086,1647416,326955,361700,91257,92705,193586,211841,13952,13517,1738551,1761934,1222814,1194101,269713,298074,15583,15405,159216,175633,5310,5084,65915,73637,1282356,1261126,290708,322879,42868,47011,182680,200446,10645,10200,464672,456512,371645,363723,27797,29151,34192,30827,6098,6243,1746,1683,23194,24885,392730,386290,36247,38821,48389,45694,10906,11395,3307,3317
R,11,2021,35,4437057,2209600,2227457,1606122,1572458,294327,324336,49943,47154,164775,181066,7040,6712,87393,95731,1685263,1659240,322479,357047,91140,93942,192734,209588,13885,13231,1744354,1771007,1233518,1208428,266792,295457,15575,15479,158657,174986,5339,5020,64473,71637,1291930,1273380,286493,318951,42737,47581,181774,198609,10555,10002,465246,456450,372604,364030,27535,28879,34368,31675,6118,6080,1701,1692,22920,24094,393333,385860,35986,38096,48403,46361,10960,10979,3330,3229
R,11,2021,36,4464911,2223593,2241318,1621001,1585363,293326,323814,50498,47165,165467,183374,6876,6712,86425,94890,1699222,1671621,320670,355224,92626,94306,192390,211443,13487,13339,1757550,1785125,1247778,1220591,266392,295730,15163,15668,159477,177268,5223,5105,63517,70763,1305240,1284960,285411,317850,43053,48166,181811,200479,10244,10173,466043,456193,373223,364772,26934,28084,35335,31497,5990,6106,1653,1607,22908,24127,393982,386661,35259,37374,49573,46140,10579,10964,3243,3166
R,11,2021,37,4367520,2170347,2197173,1583993,1555710,282850,314895,49273,46466,164868,182549,6666,6512,82697,91041,1658735,1638059,308118,344679,90137,92713,190753,209357,13234,12983,1718784,1749524,1221757,1197021,257322,287773,14953,15276,158972,176722,5030,4867,60750,67865,1276600,1258458,274941,308726,41990,47119,180378,198857,10081,9827,451563,447649,362236,358689,25528,27122,34320,31190,5896,5827,1636,1645,21947,23176,382135,379601,33177,35953,48147,45594,10375,10500,3153,3156
R,11,2021,38,4348468,2157407,2191061,1577585,1552101,280782,313285,49426,46653,161811,182004,6549,6583,81254,90435,1650866,1633834,305700,342235,90305,93845,186738,208015,12907,12989,1708380,1743682,1217068,1193359,255348,286388,14976,15174,156226,176329,4952,4921,59810,67511,1270918,1254335,272679,306854,42248,47952,176835,197805,9828,9845,449027,447379,360517,358742,25434,26897,34450,31479,5585,5675,1597,1662,21444,22924,379948,379499,33021,35381,48057,45893,9903,10210,3079,3144
R,11,2021,39,4384805,2170226,2214579,1590116,1571097,282722,316188,49673,47512,160686,182752,6362,6586,80667,90444,1663017,1652833,307284,345134,90935,95341,184840,208255,12723,12912,1716969,1759177,1225424,1205348,257248,289011,15109,15287,155056,176951,4740,4901,59392,67679,1279001,1266526,274425,309473,42739,48731,175022,197974,9666,9759,453257,455402,364692,365749,25474,27177,34564,32225,5630,5801,1622,1685,21275,22765,384016,386307,32859,35661,48196,46610,9818,10281,3057,3153
R,11,2021,40,4305781,2128482,2177299,1565523,1549766,277232,310837,48457,46625,152914,176154,6241,6198,78115,87719,1635826,1629016,300663,338891,89181,93566,175932,200538,12295,12346,1688480,1731790,1211368,1191744,252752,284611,14510,14875,147506,170541,4649,4566,57695,65453,1263199,1250948,269201,304422,41979,47568,166565,190642,9302,9207,440002,445509,354155,358022,24480,26226,33947,31750,5408,5613,1592,1632,20420,22266,372627,378068,31462,34469,47202,45998,9367,9896,2993,3139
R,11,2021,41,4364746,2161051,2203695,1586968,1565512,287287,320967,50050,47469,151881,175503,6494,6426,78371,87818,1657523,1644772,310928,348813,91233,95267,174673,199358,12597,12569,1707303,1749802,1220748,1199744,262661,294600,15057,15176,146307,169855,4812,4774,57718,65653,1272586,1258939,279134,314360,42861,48697,165123,189550,9557,9480,453748,453893,366220,365768,24626,26367,34993,32293,5574,5648,1682,1652,20653,22165,384937,385833,31794,34453,48372,46570,9550,9808,3040,3089
R,11,2021,42,4176179,2062780,2113399,1517075,1502890,273235,306948,47204,45326,145609,169515,5968,5991,73689,82729,1583526,1577383,295045,333360,86595,90375,166601,191963,11556,11681,1636525,1681662,1172764,1154666,250265,281935,14121,14494,140486,164256,4480,4446,54409,61865,1221770,1210398,265453,300375,40858,46277,157895,182764,8811,8800,426255,431737,344311,348224,22970,25013,33083,30832,5123,5259,1488,1545,19280,20864,361756,366985,29592,32985,45737,44098,8706,9199,2745,2881
R,11,2021,43,4038896,1991690,2047206,1468213,1459884,261498,294003,45411,44296,140487,164273,5730,5620,70351,79130,1531578,1531243,282170,318658,83575,87914,160375,185587,10831,10994,1577708,1625026,1132770,1118725,239576,270053,13473,13903,135540,158924,4289,4140,52060,59281,1179591,1172143,254032,287496,39544,44704,152016,176517,8212,8285,413982,422180,335443,341159,21922,23950,31938,30393,4947,5349,1441,1480,18291,19849,351987,359100,28138,31162,44031,43210,8359,9070,2619,2709
R,11,2021,44,4013054,1975558,2037496,1462481,1458597,255868,290012,45284,44074,137615,161407,5488,5715,68822,77691,1524526,1528560,275905,313984,83210,87562,156847,182281,10574,10965,1566456,1616499,1129518,1116501,235213,266751,13791,14339,132738,156296,4095,4212,51101,58400,1175495,1169059,249061,283748,39862,45223,148808,173556,8012,8266,409102,420997,332963,342096,20655,23261,31493,29735,4877,5111,1393,1503,17721,19291,349031,359501,26844,30236,43348,42339,8039,8725,2562,2699
R,11,2021,45,3869109,1904516,1964593,1405539,1405577,244806,276721,43822,42217,138624,160969,5339,5348,66386,73761,1465239,1471922,263407,299265,80740,83924,157151,180634,10397,10274,1506601,1553221,1081189,1069855,224774,254845,13325,13452,134035,155941,4010,3962,49268,55166,1125372,1119367,237683,270684,38636,42814,149570,172267,7947,7792,397915,411372,324350,335722,20032,21876,30497,28765,4589,5028,1329,1386,17118,18595,339867,352555,25724,28581,42104,41110,7581,8367,2450,2482
R,11,2021,46,3881694,1912147,1969547,1414009,1410646,245223,276761,43019,41916,140992,163150,5125,5228,63779,71846,1471400,1475260,263249,298218,78939,82807,158313,182258,9630,9993,1519554,1564131,1092728,1078506,225843,255467,13126,13683,136432,158273,3881,3890,47544,54312,1135414,1127340,238444,270692,38187,42909,150809,174166,7378,7568,392593,405416,321281,332140,19380,21294,29893,28233,4560,4877,1244,1338,16235,17534,335986,347920,24805,27526,40752,39898,7504,8092,2252,2425
R,11,2021,47,3848687,1895149,1953538,1403982,1404653,241409,271616,42016,40816,140345,161441,4951,5093,62446,69919,1460129,1467638,258754,292068,77588,81183,157206,179870,9435,9515,1512602,1556306,1090149,1078097,222910,251305,13096,13458,135946,156728,3767,3777,46734,52941,1132080,1125653,235192,265938,37957,42453,150038,172134,7210,7203,382547,397232,313833,326556,18499,20311,28920,27358,4399,4713,1184,1316,15712,16978,328049,341985,23562,26130,39631,38730,7168,7736,2225,2312
R,11,2021,48,3832428,1881704,1950724,1393623,1400792,241514,273437,40612,40030,140272,162731,4844,5103,60839,68631,1448322,1462351,258174,293526,75312,79625,156837,180861,9143,9585,1511925,1564067,1089506,1082165,223863,253821,12888,13636,136059,158195,3680,3777,45929,52473,1130610,1129171,235603,268160,37545,42543,149973,173404,7077,7261,369779,386657,304117,318627,17651,19616,27724,26394,4213,4536,1164,1326,14910,16158,317712,333180,22571,25366,37767,37082,6864,7457,2066,2324
R,11,2021,49,3980118,1952719,2027399,1451518,1462591,251180,284234,41417,40053,141977,165697,4845,5024,61782,69800,1507045,1525355,267705,304319,77508,80988,158274,183540,9204,9586,1582037,1639007,1146077,1141819,233693,264586,13570,13886,137742,161136,3688,3759,47267,53821,1188406,1190076,245572,279185,39710,44025,151509,176234,7140,7364,370682,388392,305441,320772,17487,19648,27847,26167,4235,4561,1157,1265,14515,15979,318639,335279,22133,25134,37798,36963,6765,7306,2064,2222
R,11,2021,50,4190486,2057776,2132710,1552422,1561465,258877,294086,40261,40293,137693,160081,4963,4941,63560,71844,1609601,1626285,275621,314244,78051,83500,153964,177600,9441,9517,1691460,1748904,1249440,1244066,241575,274941,13876,14488,133474,155603,3752,3765,49343,56041,1293777,1294498,253715,289704,41798,47114,147338,170395,7351,7394,366316,383806,302982,317399,17302,19145,26385,25805,4219,4478,1211,1176,14217,15803,315824,331787,21906,24540,36253,36386,6626,7205,2090,2123
R,11,2021,51,4313818,2121038,2192780,1607810,1616780,265354,297971,40945,39670,138102,160825,4911,5066,63916,72468,1665411,1681952,282095,318257,79529,83763,153723,178216,9389,9787,1753647,1814498,1303831,1303551,247928,278963,14100,14752,133990,156441,3745,3884,50053,56907,1348847,1354573,260298,294075,43050,48293,147297,171086,7358,7702,367391,378282,303979,313229,17426,19008,26845,24918,4112,4384,1166,1182,13863,15561,316564,327379,21797,24182,36479,35470,6426,7130,2031,2085
R,11,2021,52,4142597,2032403,2110194,1551276,1566005,247745,280499,38301,38163,130841,152962,4678,4903,59562,67662,1605077,1626996,262961,298886,74610,80080,145417,168804,8911,9294,1683221,1748098,1261213,1265495,231655,262786,13357,14208,126996,148785,3607,3774,46393,53050,1303011,1313239,242689,276304,40588,46181,139378,162081,7015,7283,349182,362096,290063,300510,16090,17713,24944,23955,3845,4177,1071,1129,13169,14612,302066,313757,20272,22582,34022,33899,6039,6723,1896,2011
R,11,2021,53,4027541,1973867,2053674,1504256,1522176,244177,276901,37816,36695,127194,149516,4347,4710,56077,63676,1554777,1579409,258553,294312,72299,76424,140552,164054,8301,8853,1637412,1706001,1224768,1232995,228665,259846,13281,14019,123602,145557,3348,3600,43748,49984,1264084,1277806,239130,272624,39325,44516,134898,157826,6537,6941,336455,347673,279488,289181,15512,17055,24535,22676,3592,3959,999,1110,12329,13692,290693,301603,19423,21688,32974,31908,5654,6228,1764,1912
R,11,2021,54,3995115,1952850,2042265,1500657,1526555,241909,277177,35785,35657,116161,136274,4458,4510,53880,62092,1549320,1582462,255412,294358,69629,74920,128442,149715,8148,8560,1629658,1705730,1231156,1246119,227155,260487,13160,14072,112693,132528,3451,3485,42043,49039,1269012,1290184,236982,273201,38751,44503,123079,143733,6468,6745,323192,336535,269501,280436,14754,16690,22625,21585,3468,3746,1007,1025,11837,13053,280308,292278,18430,21157,30878,30417,5363,5982,1680,1815
R,11,2021,55,4038475,1971698,2066777,1516689,1548517,247441,283832,35401,35396,114608,132862,4459,4601,53100,61569,1564271,1603836,261057,300652,69008,74706,126524,145988,8241,8587,1652537,1735639,1249766,1272069,232828,267613,13358,14368,111329,129247,3434,3548,41822,48794,1287145,1315852,242755,280097,39186,44987,121375,140258,6526,6740,319161,331138,266923,276448,14613,16219,22043,21028,3279,3615,1025,1053,11278,12775,277126,287984,18302,20555,29822,29719,5149,5730,1715,1847
R,11,2021,56,4209080,2051464,2157616,1585186,1623460,255787,294808,35957,36201,115838,135379,4401,4646,54295,63122,1633981,1680107,269450,312005,70652,76626,127733,148725,8218,8717,1733299,1827349,1318798,1347605,241249,278591,14182,15240,112576,131796,3417,3613,43077,50504,1357386,1392840,251408,291493,41020,47074,122684,143060,6552,6939,318165,330267,266388,275855,14538,16217,21775,20961,3262,3583,984,1033,11218,12618,276595,287267,18042,20512,29632,29552,5049,5665,1666,1778
R,11,2021,57,4353887,2113987,2239900,1648224,1702820,257061,297874,35303,35638,115085,135534,4120,4545,54194,63489,1696995,1759932,270089,314464,70749,77485,126590,148477,7834,8498,1809656,1918251,1392699,1432880,243445,282215,14394,15780,112076,132210,3224,3558,43818,51608,1432041,1479226,253270,294845,42591,49473,121892,143223,6272,6850,304331,321649,255525,269940,13616,15659,20909,19858,3009,3324,896,987,10376,11881,264954,280706,16819,19619,28158,28012,4698,5254,1562,1648
R,11,2021,58,4367758,2117910,2249848,1655843,1717705,253085,293131,34261,34485,117069,137177,4007,4485,53645,62865,1704139,1774256,265951,309493,69694,75840,128283,149853,7560,8439,1825222,1938964,1410027,1456560,239818,278150,14606,15582,114149,133885,3188,3521,43434,51266,1449022,1502582,249559,290783,42810,48965,123777,144686,6137,6784,292688,310884,245816,261145,13267,14981,19655,18903,2920,3292,819,964,10211,11599,255117,271674,16392,18710,26884,26875,4506,5167,1423,1655
R,11,2021,59,4356862,2108690,2248172,1660972,1730564,248580,290066,32731,33605,110377,128285,4132,4506,51898,61146,1707802,1785594,260709,305786,67006,74432,121308,140411,7636,8263,1828860,1949890,1425023,1479230,236184,276157,14210,15462,107599,125162,3296,3609,42548,50270,1463329,1524383,245451,288332,41857,48731,117080,135540,6262,6699,279830,298282,235949,251334,12396,13909,18521,18143,2778,3123,836,897,9350,10876,244473,261211,15258,17454,25149,25701,4228,4871,1374,1564
R,11,2021,60,4351893,2101148,2250745,1672518,1749065,242783,285381,31265,32646,99785,119387,3922,4163,50875,60103,1718367,1803142,254697,300756,65239,73114,110354,130995,7216,7885,1837538,1967608,1450109,1510326,231151,272236,14075,15660,97251,116536,3153,3322,41799,49528,1487662,1554805,240347,284150,41570,48771,106423,126486,5936,6375,263610,283137,222409,238739,11632,13145,17190,16986,2534,2851,769,841,9076,10575,230705,248337,14350,16606,23669,24343,3931,4509,1280,1510
R,11,2021,61,4377700,2108342,2269358,1673090,1759703,246046,288702,31110,32549,103957,125353,3846,4195,50293,58856,1718476,1812549,257983,303853,64636,71945,114200,136854,7095,7786,1847401,1987625,1452753,1521758,234656,275830,13911,15606,101439,122489,3106,3386,41536,48556,1490152,1565272,243888,287601,41232,47854,110362,132379,5794,6359,260941,281733,220337,237945,11390,12872,17199,16943,2518,2864,740,809,8757,10300,228324,247277,14095,16252,23404,24091,3838,4475,1301,1427
R,11,2021,62,4262058,2045639,2216419,1633675,1728174,234515,279171,29182,30632,97463,118467,3546,3869,47258,56106,1676187,1778685,245318,293400,60850,68519,107366,129238,6596,7191,1806750,1955160,1431900,1507716,224044,267081,13470,14847,95120,115825,2893,3162,39323,46529,1467198,1549470,232515,278280,39406,46047,103809,125128,5463,5909,238889,261259,201775,220458,10471,12090,15712,15785,2343,2642,653,707,7935,9577,208989,229215,12803,15120,21444,22472,3557,4110,1133,1282
R,11,2021,63,4192365,2005818,2186547,1605693,1708880,227155,271612,26960,29250,97701,119375,3389,3687,44920,53743,1646084,1757155,237574,285359,57331,65624,106779,129641,6185,6815,1782092,1938490,1416785,1498970,217005,260334,12728,14514,95505,116851,2755,3021,37314,44800,1450236,1539115,225144,271225,37648,44620,103457,125723,5118,5603,223726,248057,188908,209910,10150,11278,14232,14736,2196,2524,634,666,7606,8943,195848,218040,12430,14134,19683,21004,3322,3918,1067,1212
R,11,2021,64,4169170,1986589,2182581,1596650,1714677,221101,267465,26395,28133,95540,116822,3199,3514,43704,51970,1635980,1761437,231183,280525,55951,63969,104359,126281,5956,6499,1771295,1941081,1414102,1509448,211795,256646,12612,14116,93539,114553,2659,2828,36588,43490,1446920,1548478,219782,267027,37068,43970,101324,122736,5008,5326,215294,241500,182548,205229,9306,10819,13783,14017,2001,2269,540,686,7116,8480,189060,212959,11401,13498,18883,19999,3035,3545,948,1173
R,11,2021,65,4032086,1914321,2117765,1543395,1664640,210151,258289,24571,26735,92073,115246,3052,3368,41079,49487,1580471,1709128,219610,270853,52408,60658,100218,124440,5661,6257,1712549,1888690,1372168,1470004,201381,247890,11886,13575,90140,112962,2513,2787,34461,41472,1403212,1507188,208823,257883,35003,41843,97298,120946,4699,5242,201772,229075,171227,194636,8770,10399,12685,13160,1933,2284,539,581,6618,8015,177259,201940,10787,12970,17405,18815,2920,3494,962,1015
R,11,2021,66,3912699,1853155,2059544,1499708,1626721,198490,245165,23362,25245,90017,113014,2884,3254,38694,46145,1534503,1668030,207386,256961,49638,56781,97674,121667,5385,6027,1661121,1839900,1336719,1439644,190067,235288,11316,12784,88188,110912,2391,2636,32440,38636,1365819,1474089,197056,244620,33119,39026,94946,118488,4524,5007,192034,219644,162989,187077,8423,9877,12046,12461,1829,2102,493,618,6254,7509,168684,193941,10330,12341,16519,17755,2728,3179,861,1020
R,11,2021,67,3797604,1789778,2007826,1456906,1594754,187491,234789,21473,23782,85795,107649,2682,3127,35431,43725,1488779,1633843,195808,245880,45517,53874,92739,115671,4912,5797,1612542,1801335,1306052,1418511,179728,225635,10648,12280,84175,105626,2216,2561,29723,36722,1332707,1451216,186276,234405,30618,37451,90307,112616,4140,4844,177236,206491,150854,176243,7763,9154,10825,11502,1620,2023,466,566,5708,7003,156072,182627,9532,11475,14899,16423,2432,3055,772,953
R,11,2021,68,3615669,1696213,1919456,1391087,1535786,171166,218430,19556,21589,79220,100190,2424,2776,32760,40685,1420562,1572328,178752,228796,42051,49483,85548,107587,4503,5239,1534048,1727779,1252632,1371550,164121,209992,9838,11429,77776,98422,2021,2318,27660,34068,1277482,1402021,170089,218222,28655,34681,83418,104874,3807,4441,162165,191677,138455,164236,7045,8438,9718,10160,1444,1768,403,458,5100,6617,143080,170307,8663,10574,13396,14802,2130,2713,696,798
R,11,2021,69,3506374,1639671,1866703,1351850,1499293,160117,208521,17878,20386,77280,98085,2351,2677,30195,37741,1379011,1533165,167246,218169,38530,46510,83054,104699,4290,4992,1489007,1686405,1222702,1344289,153625,200724,9204,10893,75947,96431,1986,2246,25543,31822,1245579,1372742,159315,208440,26557,32846,81072,102208,3643,4221,150664,180298,129148,155004,6492,7797,8674,9493,1333,1654,365,431,4652,5919,133432,160423,7931,9729,11973,13664,1982,2491,647,771
R,11,2021,70,3327328,1549822,1777506,1284684,1432748,149352,198637,16420,18899,68993,89410,2081,2466,28292,35346,1310086,1464471,155926,207765,36135,43670,74173,95266,3882,4556,1408743,1608323,1163161,1287153,143443,191357,8584,10111,67797,87901,1774,2042,23984,29759,1184594,1313745,148732,198623,25176,31016,72385,92982,3326,3849,141079,169183,121523,145595,5909,7280,7836,8788,1196,1509,307,424,4308,5587,125492,150726,7194,9142,10959,12654,1788,2284,556,707
R,11,2021,71,3179142,1473921,1705221,1216121,1368711,143034,190926,15544,17898,70594,92220,2000,2287,26628,33179,1240056,1398381,149380,199720,33858,40801,75529,98012,3699,4324,1340366,1540749,1101229,1226843,137315,183802,8148,9549,69429,90742,1693,1926,22552,27887,1121407,1251682,142375,190796,23560,28786,73797,95740,3192,3661,133555,164472,114892,141868,5719,7124,7396,8349,1165,1478,307,361,4076,5292,118649,146699,7005,8924,10298,12015,1732,2272,507,663
R,11,2021,72,3069550,1417875,1651675,1180729,1337951,130269,177325,14305,16332,66263,86693,1854,2121,24455,31253,1202760,1365894,135848,185485,31299,38109,70740,91890,3500,4066,1295419,1500101,1074843,1206641,125248,170896,7687,8913,65148,85336,1576,1778,20917,26537,1093619,1230270,129721,177512,22182,27419,69127,89888,3023,3466,122456,151574,105886,131310,5021,6429,6618,7419,1115,1357,278,343,3538,4716,109141,135624,6127,7973,9117,10690,1613,2002,477,600
R,11,2021,73,2986256,1375586,1610670,1154334,1315722,121275,166626,13109,15391,62206,81124,1703,2028,22959,29779,1174954,1342397,126641,174371,29085,36195,66355,86042,3209,3848,1261637,1467614,1055505,1191811,116629,160661,7278,8488,61203,79820,1432,1710,19590,25124,1073039,1214230,120994,166859,20807,26011,64894,84085,2769,3291,113949,143056,98829,123911,4646,5965,5831,6903,1003,1304,271,318,3369,4655,101915,128167,5647,7512,8278,10184,1461,1957,440,557
R,11,2021,74,3065825,1411069,1654756,1205151,1379828,111664,154488,12694,14536,57150,74644,1610,1773,22800,29487,1225804,1406428,116720,162033,28888,35452,61028,79238,3033,3480,1303498,1518470,1111570,1261164,107531,148873,7072,8146,56251,73474,1373,1493,19701,25320,1129400,1283948,111660,155028,21015,26113,59698,77510,2652,3013,107571,136286,93581,118664,4133,5615,5622,6390,899,1170,237,280,3099,4167,96404,122480,5060,7005,7873,9339,1330,1728,381,467
R,11,2021,75,2466700,1127444,1339256,957868,1109171,89435,127009,10277,12385,50106,65412,1402,1546,18356,23733,974504,1130501,93588,133084,23005,28751,53344,69440,2658,3113,1034602,1218547,877031,1004155,85747,121890,5613,6826,49331,64336,1197,1299,15683,20041,891230,1022086,89058,126775,16467,20655,52198,67844,2311,2668,92842,120709,80837,105016,3688,5119,4664,5559,775,1076,205,247,2673,3692,83274,108415,4530,6309,6538,8096,1146,1596,347,445
R,11,2021,76,2136449,967321,1169128,817978,963404,79670,115485,8860,11134,44494,57599,1207,1488,15112,20018,831578,981274,83226,120822,19155,24843,47327,60980,2342,2849,883649,1058733,744879,867007,76437,110955,4774,6001,43780,56644,1019,1232,12760,16894,756312,882011,79238,115251,13424,17547,46248,59610,2016,2407,83672,110395,73099,96397,3233,4530,4086,5133,714,955,188,256,2352,3124,75266,99263,3988,5571,5731,7296,1079,1370,326,442
R,11,2021,77,2048997,919658,1129339,782664,937306,72319,107685,8152,10144,41197,53766,1052,1351,14274,19087,795499,954298,75777,112981,17921,23203,43780,56897,2081,2691,845163,1027784,717484,848365,69381,103654,4490,5516,40654,52896,907,1122,12247,16231,728467,862750,72170,107969,12861,16632,42956,55629,1815,2304,74495,101555,65180,88941,2938,4031,3662,4628,543,870,145,229,2027,2856,67032,91548,3607,5012,5060,6571,824,1268,266,387
R,11,2021,78,2062366,919231,1143135,791912,962688,68211,103504,7466,9619,37365,47716,947,1187,13330,18421,803961,979175,71367,108454,16738,22384,39634,50636,1941,2443,849700,1046618,730849,878213,65560,99591,4232,5268,36782,46952,813,988,11464,15606,741191,892123,68113,103565,12213,16128,38786,49454,1683,2101,69531,96517,61063,84475,2651,3913,3234,4351,583,764,134,199,1866,2815,62770,87052,3254,4889,4525,6256,848,1182,258,342
R,11,2021,79,1833016,809508,1023508,694123,857863,60788,93762,6574,8572,35422,46258,831,1105,11770,15948,704702,872139,63563,98122,14683,19594,37544,48826,1663,2136,747510,935861,639685,780902,58355,90275,3716,4705,34955,45546,700,912,10099,13521,648739,792933,60615,93800,10648,14080,36842,47787,1427,1823,61998,87647,54438,76961,2433,3487,2858,3867,467,712,131,193,1671,2427,55963,79206,2948,4322,4035,5514,702,1039,236,313
R,11,2021,80,1598798,697573,901225,597245,753808,52347,83590,5833,7571,31269,41020,771,963,10108,14273,606364,766541,54789,87481,12735,17465,33120,43376,1475,1882,642287,822937,548617,684880,50218,80589,3338,4223,30860,40382,662,797,8592,12066,556356,695608,52158,83702,9205,12608,32487,42401,1264,1594,55286,78288,48628,68928,2129,3001,2495,3348,409,638,109,166,1516,2207,50008,70933,2631,3779,3530,4857,633,975,211,288
R,11,2021,81,1449889,623222,826667,531002,689009,47410,77974,5247,7064,29837,39043,704,893,9022,12684,539072,700289,49660,81596,11340,15616,31568,41143,1333,1775,571865,751509,485755,622785,45437,75011,2943,3875,29427,38451,590,727,7713,10660,492638,632196,47247,77916,8102,11075,30974,40295,1145,1499,51357,75158,45247,66224,1973,2963,2304,3189,410,592,114,166,1309,2024,46434,68093,2413,3680,3238,4541,594,848,188,276
R,11,2021,82,1305734,555490,750244,475014,627913,41287,69343,4515,6266,26418,34492,526,817,7730,11413,481948,638024,43203,72520,9681,13984,27886,36420,1091,1637,509792,682480,434725,568028,39492,66650,2490,3473,26077,33953,416,686,6592,9690,440615,576562,41030,69201,6875,10051,27397,35634,925,1403,45698,67764,40289,59885,1795,2693,2025,2793,341,539,110,131,1138,1723,41333,61462,2173,3319,2806,3933,489,786,166,234
R,11,2021,83,1216180,510935,705245,438702,593102,36688,63434,4072,5928,23860,31802,533,706,7080,10273,445058,602257,38397,66377,8810,12773,25262,33536,1043,1387,469854,642686,402309,537847,35162,60950,2318,3322,23524,31337,443,576,6098,8654,407775,545506,36536,63341,6407,9095,24767,32844,888,1178,41081,62559,36393,55255,1526,2484,1754,2606,336,465,90,130,982,1619,37283,56751,1861,3036,2403,3678,495,692,155,209
R,11,2021,84,1077456,445547,631909,382446,531031,31933,56990,3418,5119,21128,28990,441,643,6181,9136,388041,539094,33529,59659,7542,11097,22291,30644,872,1318,409440,575673,350309,481303,30618,54759,1942,2800,20857,28540,377,533,5337,7738,355133,488077,31910,56953,5497,7870,21902,29984,758,1131,36107,56236,32137,49728,1315,2231,1476,2319,271,450,64,110,844,1398,32908,51017,1619,2706,2045,3227,389,660,114,187
R,11,2021,85,965306,392492,572814,337291,482715,27845,51321,2995,4540,18543,25741,345,570,5473,7927,342198,489690,29267,53698,6509,9701,19655,27187,774,1149,360506,521735,308866,437452,26657,49333,1692,2478,18314,25360,287,477,4690,6635,313049,443246,27817,51267,4668,6776,19309,26625,674,976,31986,51079,28425,45263,1188,1988,1303,2062,229,381,58,93,783,1292,29149,46444,1450,2431,1841,2925,346,562,100,173
R,11,2021,86,874847,348716,526131,300678,443449,24514,46930,2652,4145,15985,23750,314,496,4573,7361,304767,449949,25717,49028,5553,8918,16924,25126,677,1033,320299,479540,275420,402105,23466,45149,1481,2270,15783,23365,261,405,3888,6246,278877,407595,24440,46836,3930,6359,16625,24563,586,874,28417,46591,25258,41344,1048,1781,1171,1875,202,385,53,91,685,1115,25890,42354,1277,2192,1623,2559,299,563,91,159
R,11,2021,87,760851,298123,462728,257561,391292,20612,40882,2205,3531,13576,20355,321,440,3848,6228,261023,396782,21627,42696,4616,7567,14387,21553,606,899,273926,422461,235958,355496,19742,39334,1244,1939,13406,20040,264,369,3312,5283,238920,360123,20570,40795,3304,5358,14135,21108,511,785,24197,40267,21603,35796,870,1548,961,1592,170,315,57,71,536,945,22103,36659,1057,1901,1312,2209,252,445,95,114
R,11,2021,88,655177,251018,404159,217193,341825,16981,35152,1821,2993,11574,18417,239,385,3210,5387,220073,346504,17769,36715,3872,6445,12280,19482,486,841,231058,369463,199422,310929,16266,33776,1023,1696,11424,18149,197,325,2726,4588,201853,314897,16902,35042,2738,4630,12062,19096,415,732,19960,34696,17771,30896,715,1376,798,1297,150,268,42,60,484,799,18220,31607,867,1673,1134,1815,218,386,71,109
R,11,2021,89,593191,221310,371881,191961,315919,14712,31529,1528,2751,10020,16489,194,386,2895,4807,194547,320118,15490,32982,3309,5800,10658,17427,445,777,203901,340504,176405,287954,14103,30338,836,1543,9881,16236,167,323,2509,4110,178641,291528,14758,31546,2364,4147,10453,17063,392,670,17409,31377,15556,27965,609,1191,692,1208,139,253,27,63,386,697,15906,28590,732,1436,945,1653,205,364,53,107
R,11,2021,90,508580,185436,323144,162355,277337,11262,25591,1271,2257,8068,13689,160,296,2320,3974,164428,280762,11907,26800,2650,4785,8619,14475,356,642,170713,296606,149190,253621,10774,24618,674,1232,7967,13500,134,245,1974,3390,150952,256513,11322,25606,1820,3396,8445,14196,300,552,14723,26538,13165,23716,488,973,597,1025,101,189,26,51,346,584,13476,24249,585,1194,830,1389,174,279,56,90
R,11,2021,91,453284,159852,293432,139507,251086,9976,23445,1086,1938,7276,13038,142,267,1865,3658,141173,254260,10487,24504,2219,4271,7697,13771,309,589,147150,268920,128117,229163,9543,22532,604,1047,7174,12875,120,227,1592,3076,129533,231796,9954,23387,1562,2998,7553,13528,270,513,12702,24512,11390,21923,433,913,482,891,102,163,22,40,273,582,11640,22464,533,1117,657,1273,144,243,39,76
R,11,2021,92,366032,124202,241830,108580,207643,7526,19202,849,1482,5606,10397,105,228,1536,2878,109927,210122,7964,20121,1795,3248,5961,10981,256,493,114349,222512,99786,190361,7194,18447,458,822,5527,10247,86,197,1298,2438,100919,192438,7543,19210,1241,2292,5846,10765,220,434,9853,19318,8794,17282,332,755,391,660,79,150,19,31,238,440,9008,17684,421,911,554,956,115,216,36,59
R,11,2021,93,303093,99100,203993,86729,175426,6057,15955,694,1285,4340,8740,85,171,1195,2416,87776,177488,6407,16718,1429,2779,4615,9250,184,406,91241,188121,79700,161312,5780,15291,366,707,4298,8629,71,142,1026,2040,80598,163029,6065,15922,993,1961,4550,9077,155,348,7859,15872,7029,14114,277,664,328,578,42,111,14,29,169,376,7178,14459,342,796,436,818,65,173,29,58
R,11,2021,94,244573,76651,167922,66937,144535,4730,13097,480,1052,3456,7211,70,143,978,1884,67792,146135,5034,13668,1033,2247,3678,7595,158,326,70806,155303,61684,133246,4549,12581,263,589,3418,7119,58,122,834,1646,62413,134637,4796,13061,725,1635,3621,7465,131,288,5845,12619,5253,11289,181,516,217,463,38,92,12,21,144,238,5379,11498,238,607,308,612,57,130,27,38
R,11,2021,95,190082,57163,132919,49764,114372,3648,10390,369,796,2608,5719,46,136,728,1506,50401,115661,3845,10897,791,1705,2797,6018,129,287,52752,123050,45802,105559,3505,9995,202,466,2575,5632,37,117,631,1281,46352,106642,3665,10414,566,1219,2747,5901,107,252,4411,9869,3962,8813,143,395,167,330,33,87,9,19,97,225,4049,9019,180,483,225,486,50,117,22,35
R,11,2021,96,144841,41592,103249,35929,88539,2724,8179,287,637,2099,4536,46,94,507,1264,36351,89586,2863,8629,584,1370,2243,4808,110,236,38403,95624,33089,81765,2612,7861,164,363,2072,4477,38,80,428,1078,33447,82656,2729,8228,403,980,2199,4708,95,197,3189,7625,2840,6774,112,318,123,274,27,59,8,14,79,186,2904,6930,134,401,181,390,44,100,15,39
R,11,2021,97,107744,29405,78339,25209,67167,2013,6317,216,492,1584,3414,21,73,362,876,25521,67871,2118,6622,426,1016,1677,3610,58,175,27078,72681,23145,62121,1924,6072,121,297,1561,3375,18,64,309,752,23410,62718,2013,6328,294,740,1647,3551,48,152,2327,5658,2064,5046,89,245,95,195,23,39,3,9,53,124,2111,5153,105,294,132,276,30,59,10,23
R,11,2021,98,76094,20096,55998,17101,47704,1414,4656,158,341,1126,2572,29,60,268,665,17327,48251,1505,4887,296,730,1201,2722,64,137,18350,52014,15533,44170,1358,4474,89,197,1115,2551,24,53,231,569,15728,44632,1435,4668,206,531,1181,2681,53,116,1746,3984,1568,3534,56,182,69,144,11,21,5,7,37,96,1599,3619,70,219,90,199,20,41,11,21
R,11,2021,99,53290,13469,39821,11277,33621,1031,3548,113,245,842,1896,26,57,180,454,11423,33996,1094,3697,204,500,899,2005,65,116,12312,37000,10275,31115,987,3424,65,152,828,1872,16,48,141,389,10391,31435,1033,3551,136,371,874,1965,47,93,1157,2821,1002,2506,44,124,48,93,14,24,10,9,39,65,1032,2561,61,146,68,129,25,40,18,23
R,11,2021,100,88149,19925,68224,15918,56018,1832,6948,253,513,1416,3699,65,88,441,958,16265,56764,2045,7360,469,1016,1548,3948,143,243,17966,63186,14279,51700,1756,6657,146,330,1381,3637,45,68,359,794,14568,52317,1929,6992,316,739,1483,3835,104,186,1959,5038,1639,4318,76,291,107,183,35,62,20,20,82,164,1697,4447,116,368,153,277,65,113,39,57
R,12,2021,999,332935491,163368600,169566891,120822428,123730117,21312815,23349754,3261375,3189798,10119498,11097869,441764,441731,7410720,7757622,127624243,130837857,24131739,26348835,6413975,6593001,12403036,13396598,934954,935023,131661377,137555033,95561503,98154134,19436340,21422210,1137377,1171081,9699966,10671456,328052,327715,5498139,5808437,100613007,103480650,21479337,23617802,3286787,3548514,11516663,12500782,688187,688535,31707223,32011858,25260925,25575983,1876475,1927544,2123998,2018717,419532,426413,113712,114016,1912581,1949185,27011236,27357207,2652402,2731033,3127188,3044487,886373,895816,246767,246488
R,12,2021,0,3643248,1862175,1781073,1218440,1161277,301840,293667,42025,40208,109915,103861,6562,6200,183393,175860,1390248,1325747,390969,379850,93037,89218,174537,165425,17101,16258,1358170,1294787,856502,811683,259002,251987,12396,11824,100266,94698,4384,4164,125620,120431,974814,924965,319724,310939,41475,39575,147727,139881,10997,10325,504005,486286,361938,349594,42838,41680,29629,28384,9649,9163,2178,2036,57773,55429,415434,400782,71245,68911,51562,49643,26810,25544,6104,5933
R,12,2021,1,3644626,1863156,1781470,1217612,1160389,302092,292980,42553,40748,113853,107690,6532,6119,180514,173544,1386736,1322738,389955,378115,92526,88841,177489,168528,16888,16024,1367121,1304838,858564,815427,261754,253945,13192,12698,104603,98660,4545,4257,124463,119851,975788,928179,322030,312686,41910,40214,151603,143635,11085,10377,496035,476632,359048,344962,40338,39035,29361,28050,9250,9030,1987,1862,56051,53693,410948,394559,67925,65429,50616,48627,25886,24893,5803,5647
R,12,2021,2,3745751,1913007,1832744,1264540,1206063,298916,292243,44018,42322,116973,110796,6952,6579,181608,174741,1434632,1369499,386772,377436,94405,90865,181232,172249,17494,16560,1420521,1357845,905752,859608,260494,255109,14737,14271,107995,102081,4844,4694,126699,122082,1025004,974360,321493,314630,44116,42531,155999,147919,11599,11008,492486,474899,358788,346455,38422,37134,29281,28051,8978,8715,2108,1885,54909,52659,409628,395139,65279,62806,50289,48334,25233,24330,5895,5552
R,12,2021,3,3803246,1942135,1861111,1287639,1229492,304378,296631,45168,43908,117816,112002,7099,6705,180035,172373,1456242,1390661,391088,380064,95526,92058,181346,172755,17757,16678,1445767,1382147,924537,878794,265976,259687,15123,14695,108884,103383,5014,4798,126233,120790,1043305,992264,326708,318285,44508,42712,156568,148752,11851,11181,496368,478964,363102,350698,38402,36944,30045,29213,8932,8619,2085,1907,53802,51583,412937,398397,64380,61779,51018,49346,24778,24003,5906,5497
R,12,2021,4,3872639,1979717,1892922,1315266,1253713,309807,300761,46636,44618,121850,115934,7344,6702,178814,171194,1482481,1413620,395121,383458,97474,93314,184935,175750,18112,16752,1474519,1405392,942670,894208,271738,263878,15992,15239,112964,107340,5277,4759,125878,119968,1060912,1006873,331724,322005,45908,43558,160445,152033,12274,11133,505198,487530,372596,359505,38069,36883,30644,29379,8886,8594,2067,1943,52936,51226,421569,406747,63397,61453,51566,49756,24490,23717,5838,5619
R,12,2021,5,3971363,2028753,1942610,1357901,1294784,309699,302270,48890,47072,125162,119210,7351,6968,179750,172306,1525814,1455645,394263,384407,101126,97362,188445,179263,18234,17272,1507730,1441161,972471,923496,271055,265109,16388,15993,116021,110536,5247,4966,126548,121061,1091294,1037115,330602,323059,47089,45535,163636,155457,12261,11578,521023,501449,385430,371288,38644,37161,32502,31079,9141,8674,2104,2002,53202,51245,434520,418530,63661,61348,54037,51827,24809,23806,5973,5694
R,12,2021,6,4007551,2048182,1959369,1376148,1310931,313400,304430,49277,47955,124213,118182,7274,7019,177870,170852,1542392,1470383,396718,385679,101939,98346,186325,177287,17990,17249,1522207,1452926,984720,934213,274902,267332,16677,16140,115210,109561,5200,4975,125498,120705,1102597,1047432,333862,325133,47824,45850,161890,154007,12132,11584,525975,506443,391428,376718,38498,37098,32600,31815,9003,8621,2074,2044,52372,50147,439795,422951,62856,60546,54115,52496,24435,23280,5858,5665
R,12,2021,7,4021823,2055161,1966662,1383338,1317347,312929,304662,49936,48321,126640,120417,7277,7052,175041,168863,1546901,1474932,394345,384594,102579,99146,187581,178213,17747,17042,1532426,1462648,993160,941956,274909,267680,16866,16268,117776,112081,5222,5009,124493,119654,1110056,1054177,332972,324767,48341,46395,163958,155682,12101,11539,522735,504014,390178,375391,38020,36982,33070,32053,8864,8336,2055,2043,50548,49209,436845,420755,61373,59827,54238,52751,23623,22531,5646,5503
R,12,2021,8,3993383,2040768,1952615,1375880,1311749,311175,302714,50487,48202,124802,118537,7345,6940,171079,164473,1535643,1465097,390263,379877,102862,98696,184009,174708,17757,16839,1521053,1451408,986978,936867,273821,266365,16922,16210,116181,110230,5222,4879,121929,116857,1101409,1046379,330432,321723,48354,46367,161121,152631,12053,11330,519715,501207,388902,374882,37354,36349,33565,31992,8621,8307,2123,2061,49150,47616,434234,418718,59831,58154,54508,52329,22888,22077,5704,5509
R,12,2021,9,4035145,2061836,1973309,1391349,1326249,313896,304842,50848,48980,129195,122597,7441,7043,169107,163598,1549001,1478642,391551,380561,103588,100156,187531,178461,17743,16922,1536085,1466369,996299,945412,276078,268485,17111,16461,120665,114325,5265,4972,120667,116714,1109407,1054630,331745,322953,48817,47193,165050,156798,12064,11524,525751,506940,395050,380837,37818,36357,33737,32519,8530,8272,2176,2071,48440,46884,439594,424012,59806,57608,54771,52963,22481,21663,5679,5398
R,12,2021,10,4065495,2080438,1985057,1410665,1340229,317803,307810,51627,49953,125132,118621,7334,7025,167877,161419,1567160,1490547,394435,381943,105073,101313,182362,173471,17615,16876,1545499,1471206,1007242,953414,279475,271002,17147,16384,116394,110357,5154,4887,120087,115162,1119748,1061108,334742,324427,49510,47358,159913,152034,11983,11393,534939,513851,403423,386815,38328,36808,34480,33569,8738,8264,2180,2138,47790,46257,447412,429439,59693,57516,55563,53955,22449,21437,5632,5483
R,12,2021,11,4163433,2129607,2033826,1448330,1378496,326355,315198,52537,50384,124825,119062,7325,7012,170235,163674,1607060,1530981,403463,390297,107880,103651,182166,173625,17636,16894,1574907,1501497,1025312,972507,288690,278466,17205,16935,116232,111037,5164,4965,122304,117587,1139874,1082480,344480,332959,50916,49478,160149,152762,12115,11542,554700,532329,423018,405989,37665,36732,35332,33449,8593,8025,2161,2047,47931,46087,467186,448501,58983,57338,56964,54173,22017,20863,5521,5352
R,12,2021,12,4208612,2152596,2056016,1469930,1397999,329444,318539,52363,50327,124016,118937,7282,6926,169561,163288,1627846,1550037,406412,394169,107255,102996,181125,172825,17601,16895,1589004,1515370,1034763,980640,292247,282367,17702,17157,115782,111043,5069,4777,123441,119386,1150277,1092267,348982,338297,51726,50205,160002,152771,12065,11591,563592,540646,435167,417359,37197,36172,34661,33170,8234,7894,2213,2149,46120,43902,477569,457770,57430,55872,55529,52791,21123,20054,5536,5304
R,12,2021,13,4364075,2232571,2131504,1529365,1452369,342257,330175,54097,51894,127570,122398,7327,7012,171955,167656,1689316,1608312,420147,407179,110668,107598,184547,176930,18149,17117,1645893,1569047,1073811,1016112,303586,293601,18379,17682,119122,114283,5025,4797,125970,122572,1191376,1130636,361488,350888,53887,52610,163525,156484,12374,11682,586678,562457,455554,436257,38671,36574,35718,34212,8448,8115,2302,2215,45985,45084,497940,477676,58659,56291,56781,54988,21022,20446,5775,5435
R,12,2021,14,4394420,2247274,2147146,1545565,1470426,340728,328667,55310,53474,128546,122720,7318,7026,169807,164833,1703388,1623483,416869,403444,113172,109373,184234,176503,17821,17180,1656190,1578404,1085336,1028272,302785,292172,18540,17902,120015,114715,4983,4842,124531,120501,1201558,1140689,359214,347592,55041,53044,163478,156336,12241,11730,591084,568742,460229,442154,37943,36495,36770,35572,8531,8005,2335,2184,45276,44332,501830,482794,57655,55852,58131,56329,20756,20167,5580,5450
R,12,2021,15,4357968,2231243,2126725,1543221,1463437,335655,322775,55537,52824,125083,120504,7182,6865,164565,160320,1696022,1612317,408126,394370,112602,108152,179230,172455,17405,16705,1646018,1566160,1086536,1026275,298830,287166,18286,17597,116725,112705,4902,4651,120739,117766,1199139,1136154,352587,340738,54272,52665,159127,153114,11918,11375,585225,560565,456685,437162,36825,35609,37251,35227,8358,7799,2280,2214,43826,42554,496883,476163,55539,53632,58330,55487,20103,19341,5487,5330
R,12,2021,16,4319625,2212600,2107025,1540732,1455472,327154,315317,54771,53233,124571,122426,7177,6955,158195,153622,1687635,1597972,395453,382886,110942,107408,176451,172515,16851,16355,1635629,1556553,1088669,1024880,291307,281127,18110,17563,116658,114995,4929,4771,115956,113217,1196822,1130305,341968,331650,53779,52044,157295,154272,11554,11315,576971,550472,452063,430592,35847,34190,36661,35670,7913,7431,2248,2184,42239,40405,490813,467667,53485,51236,57163,55364,19156,18243,5297,5040
R,12,2021,17,4333561,2220841,2112720,1550651,1464637,326624,313020,54681,51951,127675,126136,7206,6785,154004,150191,1693427,1603923,392335,378239,110142,106140,178393,174653,16854,15988,1648856,1568043,1100598,1037079,291546,279659,18270,17086,119732,118742,5005,4700,113705,110777,1206431,1140128,340309,328375,54042,51891,159682,156999,11716,11085,571985,544677,450053,427558,35078,33361,36411,34865,7943,7394,2201,2085,40299,39414,486996,463795,52026,49864,56100,54249,18711,17654,5138,4903
R,12,2021,18,4337614,2223807,2113807,1557179,1468976,325233,312539,54620,51356,129417,128237,7271,6766,150087,145933,1696304,1604257,388111,374730,110202,105043,178295,175522,16629,15700,1656760,1575172,1110778,1045226,290680,279608,17883,16927,121780,120907,5026,4723,110613,107781,1213707,1145530,337563,326158,53621,51604,160294,157995,11525,11026,567047,538635,446401,423750,34553,32931,36737,34429,7637,7330,2245,2043,39474,38152,482597,458727,50548,48572,56581,53439,18001,17527,5104,4674
R,12,2021,19,4365063,2229660,2135403,1558590,1481852,332035,323347,55027,51076,133183,131879,7236,6943,143589,140306,1691511,1611318,391436,382917,109061,103268,179976,177150,16318,15719,1663498,1597534,1111873,1057274,297196,289984,17845,16946,125590,124661,5106,4880,105888,103789,1210117,1153397,341553,334693,52659,50665,162384,160357,11518,11053,566162,537869,446717,424578,34839,33363,37182,34130,7593,7218,2130,2063,37701,36517,481394,457921,49883,48224,56402,52603,17592,16793,4800,4666
R,12,2021,20,4545981,2304816,2241165,1609765,1555742,349467,346245,54756,50597,144705,144187,7546,7467,138577,136927,1737218,1681835,407034,404537,106591,100648,190079,188921,16851,16555,1734092,1696963,1158343,1124022,313262,311855,17768,17455,137181,136683,5323,5341,102215,101607,1252600,1217815,356083,355718,51225,49810,173028,172230,11895,11863,570724,544202,451422,431720,36205,34390,36988,33142,7524,7504,2223,2126,36362,35320,484618,464020,50951,48819,55366,50838,17051,16691,4956,4692
R,12,2021,21,4753114,2405785,2347329,1680230,1628744,366407,364891,55900,51273,160191,160174,8264,8004,134793,134243,1803969,1751839,421846,422222,106334,99730,204736,204660,17463,17030,1826819,1796346,1221188,1190744,329423,329613,18297,17681,152397,152393,6032,5780,99482,100135,1312723,1282810,370611,372749,50689,49148,187772,187964,12661,12247,578966,550983,459042,438000,36984,35278,37603,33592,7794,7781,2232,2224,35311,34108,491246,469029,51235,49473,55645,50582,16964,16696,4802,4783
R,12,2021,22,4591626,2328901,2262725,1640824,1581542,345228,345163,53057,48328,155505,153637,8053,7605,126234,126450,1756507,1697620,396953,398919,100920,94457,196752,195056,16779,16026,1774950,1737000,1199635,1162577,310410,311502,17442,16731,148134,146279,5904,5483,93425,94428,1285460,1249466,349048,352169,48344,46719,181026,179433,12144,11474,553951,525725,441189,418965,34818,33661,35615,31597,7371,7358,2149,2122,32809,32022,471047,448154,47905,46750,52576,47738,15726,15623,4635,4552
R,12,2021,23,4510043,2289075,2220968,1613871,1551445,336317,336358,52091,47725,156864,154651,7825,7507,122107,123282,1725734,1664722,385482,388276,98952,93534,196654,194493,16303,15601,1747988,1707175,1183072,1141877,302328,303943,16775,15995,149485,147317,5698,5440,90630,92603,1266243,1227228,339151,343301,47123,46051,181358,179434,11844,11314,541087,513793,430799,409568,33989,32415,35316,31730,7379,7334,2127,2067,31477,30679,459491,437494,46331,44975,51829,47483,15296,15059,4459,4287
R,12,2021,24,4344804,2207760,2137044,1554497,1490465,319911,319509,50361,45939,160508,156660,7526,7122,114957,117349,1659847,1598100,365634,368165,95041,90261,198110,194712,15331,14665,1686944,1643475,1139602,1096529,287541,288767,15797,15156,153383,149660,5493,5187,85128,88176,1217771,1177560,321464,325774,44738,44105,183570,180545,11164,10684,520816,493569,414895,393936,32370,30742,34564,30783,7125,7000,2033,1935,29829,29173,442076,420540,44170,42391,50303,46156,14540,14167,4167,3981
R,12,2021,25,4310323,2188724,2121599,1544847,1479748,311304,313870,50488,45845,162437,160038,7468,6984,112180,115114,1647422,1585208,355202,360851,94759,90065,198975,197272,15310,14579,1671640,1632394,1132945,1089958,279385,283555,15473,14680,155521,153067,5440,5156,82876,85978,1208976,1168913,311795,319125,43768,43326,185078,183173,11153,10668,517084,489205,411902,389790,31919,30315,35015,31165,6916,6971,2028,1828,29304,29136,438446,416295,43407,41726,50991,46739,13897,14099,4157,3911
R,12,2021,26,4337765,2198256,2139509,1552244,1492334,314074,318600,51053,46243,163750,162300,7556,7142,109579,112890,1652284,1595442,356610,364559,95095,90550,199178,198211,15295,14837,1682284,1647264,1142000,1100375,281916,287432,15479,14670,156630,155183,5564,5312,80695,84292,1215769,1177602,313194,321883,43835,43529,185222,184354,11238,10947,515972,492245,410244,391959,32158,31168,35574,31573,7120,7117,1992,1830,28884,28598,436515,417840,43416,42676,51260,47021,13956,13857,4057,3890
R,12,2021,27,4358476,2200842,2157634,1554859,1500920,316930,328312,50523,46417,163703,162616,7491,7244,107336,112125,1652613,1603361,357841,373195,94710,91516,198184,198079,15283,14830,1691562,1667692,1149795,1111036,285212,296945,15482,14823,156692,155820,5567,5331,78814,83737,1221640,1187597,315223,330546,43718,44410,184644,184723,11311,10930,509280,489942,405064,389884,31718,31367,35041,31594,7011,6796,1924,1913,28522,28388,430973,415764,42618,42649,50992,47106,13540,13356,3972,3900
R,12,2021,28,4408390,2221057,2187333,1570806,1517787,321297,337111,51082,47131,166180,167409,7524,7162,104168,110733,1665376,1618792,360578,381117,94072,92742,200004,202008,15290,14654,1715561,1697513,1167921,1128164,289954,305760,15818,15354,159360,160493,5519,5214,76989,82528,1237914,1203674,318835,338373,43545,45484,186899,188611,11255,10742,505496,489820,402885,389623,31343,31351,35264,31777,6820,6916,2005,1948,27179,28205,427462,415118,41743,42744,50527,47258,13105,13397,4035,3912
R,12,2021,29,4502143,2263960,2238183,1605230,1555093,325793,344015,52297,48334,168631,172954,7309,7177,104700,110610,1700461,1656039,364199,386395,96996,95413,202134,207336,15039,14686,1754589,1743037,1199146,1160919,294517,312197,16417,15890,161855,166157,5465,5259,77189,82615,1269407,1236429,322434,343527,45504,47297,189116,194296,11170,10788,509371,495146,406084,394174,31276,31818,35880,32444,6776,6797,1844,1918,27511,27995,431054,419610,41765,42868,51492,48116,13018,13040,3869,3898
R,12,2021,30,4571428,2287669,2283759,1627301,1586613,327838,352472,52332,48239,170921,178975,7634,7243,101643,110217,1719384,1686778,364590,394182,96382,95816,203428,213557,15345,14884,1784234,1792760,1226578,1197063,296273,319839,16763,16359,164155,171952,5720,5418,74745,82129,1294406,1271846,322810,350344,45293,48028,190670,200151,11494,11149,503435,490999,400723,389550,31565,32633,35569,31880,6766,7023,1914,1825,26898,28088,424978,414932,41780,43838,51089,47788,12758,13406,3851,3735
R,12,2021,31,4677820,2340771,2337049,1671927,1627704,331900,357720,53539,49383,174948,185243,7584,7442,100873,109557,1763293,1727585,367234,397962,98023,98234,207713,219038,15230,14989,1830948,1841672,1265967,1234583,300046,324970,16978,16646,168148,178320,5620,5509,74189,81644,1333284,1309172,325238,354206,45821,49368,195030,205988,11324,11138,509823,495377,405960,393121,31854,32750,36561,32737,6800,6923,1964,1933,26684,27913,430009,418413,41996,43756,52202,48866,12683,13050,3906,3851
R,12,2021,32,4584343,2291350,2292993,1638556,1595477,323719,350570,51507,47881,173001,186641,7405,7007,97162,105417,1726794,1691161,357031,388619,95113,95748,204133,219234,14691,14295,1805726,1817131,1251822,1217047,293297,319261,16543,16503,166638,180047,5563,5241,71863,79032,1317091,1288791,317066,346961,45211,49018,192351,206948,11117,10861,485624,475862,386734,378430,30422,31309,34964,31378,6363,6594,1842,1766,25299,26385,409703,402370,39965,41658,49902,46730,11782,12286,3574,3434
R,12,2021,33,4511331,2246589,2264742,1615088,1582775,308659,338794,50965,47744,171871,186991,7044,7010,92962,101428,1699278,1674878,339809,374795,92991,94634,201922,218236,14110,13948,1770388,1797115,1235145,1210776,279653,308354,16279,16148,165520,180572,5288,5250,68503,76015,1297179,1279920,301818,334225,43631,48077,190384,206391,10688,10551,476201,467627,379943,371999,29006,30440,34686,31596,6351,6419,1756,1760,24459,25413,402099,394958,37991,40570,49360,46557,11538,11845,3422,3397
R,12,2021,34,4430143,2207501,2222642,1596752,1559983,298258,328092,49845,46333,166075,182585,7036,6782,89535,98867,1677801,1649908,327921,362656,91341,92930,194514,212609,13957,13597,1741545,1765102,1224015,1195443,270364,298864,15666,15431,159937,176324,5298,5103,66265,73937,1283924,1262771,291507,323759,42975,47139,183546,201185,10645,10260,465956,457540,372737,364540,27894,29228,34179,30902,6138,6261,1738,1679,23270,24930,393877,387137,36414,38897,48366,45791,10968,11424,3312,3337
R,12,2021,35,4432144,2206743,2225401,1603063,1569972,294292,324565,49913,47089,164856,181104,7046,6717,87573,95954,1682360,1656968,322479,357498,91275,93846,192845,209792,13872,13211,1741620,1768618,1230649,1205804,266793,295624,15551,15416,158758,175010,5339,5019,64530,71745,1289083,1270855,286540,319257,42740,47411,181918,198768,10562,9988,465123,456783,372414,364168,27499,28941,34362,31673,6098,6094,1707,1698,23043,24209,393277,386113,35939,38241,48535,46435,10927,11024,3310,3223
R,12,2021,36,4471524,2227019,2244505,1622722,1587399,294255,324427,50616,47267,165887,183619,6899,6716,86640,95077,1701126,1673833,321792,355980,92692,94352,192940,211791,13542,13385,1759197,1786983,1248123,1221548,267050,296251,15209,15701,159870,177489,5245,5102,63700,70892,1305759,1286038,286180,318477,43083,48164,182295,200790,10270,10182,467822,457522,374599,365851,27205,28176,35407,31566,6017,6130,1654,1614,22940,24185,395367,387795,35612,37503,49609,46188,10645,11001,3272,3203
R,12,2021,37,4377366,2175430,2201936,1587480,1558619,283671,315756,49345,46662,165352,183132,6683,6526,82899,91241,1662419,1641151,309026,345671,90208,92910,191327,209990,13258,12992,1722671,1753220,1224269,1199242,258073,288496,14948,15307,159401,177289,5046,4875,60934,68011,1279300,1260821,275768,309529,42001,47140,180890,199469,10100,9841,452759,448716,363211,359377,25598,27260,34397,31355,5951,5843,1637,1651,21965,23230,383119,380330,33258,36142,48207,45770,10437,10521,3158,3151
R,12,2021,38,4342958,2154926,2188032,1575406,1549596,280301,312944,49245,46421,162185,182130,6560,6593,81229,90348,1648637,1631281,305236,341889,90012,93473,187201,208157,12935,13008,1706276,1741156,1215197,1191177,254882,286071,14922,15093,156605,176458,4956,4932,59714,67425,1268935,1252094,272189,306533,42080,47755,177256,197935,9839,9858,448650,446876,360209,358419,25419,26873,34323,31328,5580,5672,1604,1661,21515,22923,379702,379187,33047,35356,47932,45718,9945,10222,3096,3150
R,12,2021,39,4392291,2174302,2217989,1592303,1573302,283307,316367,49868,47665,161457,183304,6364,6589,81003,90762,1665526,1655334,307937,345387,91321,95666,185691,208927,12766,12919,1719716,1761635,1226577,1206814,257729,289172,15155,15384,155844,177487,4749,4909,59662,67869,1280415,1268152,274948,309669,42904,48916,175913,198617,9705,9771,454586,456354,365726,366488,25578,27195,34713,32281,5613,5817,1615,1680,21341,22893,385111,387182,32989,35718,48417,46750,9778,10310,3061,3148
R,12,2021,40,4300647,2125465,2175182,1562707,1547546,276561,310553,48349,46434,153554,176696,6245,6223,78049,87730,1632970,1626796,299994,338666,88990,93300,176597,201123,12264,12403,1686009,1730163,1209053,1189922,252060,284306,14455,14795,148145,171093,4658,4582,57638,65465,1260839,1249137,268529,304150,41857,47427,167229,191221,9291,9260,439456,445019,353654,357624,24501,26247,33894,31639,5409,5603,1587,1641,20411,22265,372131,377659,31465,34516,47133,45873,9368,9902,2973,3143
R,12,2021,41,4371908,2164556,2207352,1589624,1568209,287502,321184,50150,47607,152321,176051,6496,6418,78463,87883,1660271,1647532,311190,349009,91243,95403,175233,199998,12626,12525,1709879,1752357,1222742,1201560,262780,294725,15077,15207,146729,170374,4798,4780,57753,65711,1274622,1260819,279285,314486,42772,48743,165629,190127,9557,9436,454677,454995,366882,366649,24722,26459,35073,32400,5592,5677,1698,1638,20710,22172,385649,386713,31905,34523,48471,46660,9604,9871,3069,3089
R,12,2021,42,4191681,2071314,2120367,1523039,1507434,274353,308116,47437,45521,146319,170044,6000,6036,74166,83216,1589924,1582368,296341,334705,87077,90809,167399,192609,11629,11802,1642511,1686634,1176648,1157679,251229,282930,14172,14560,141170,164781,4509,4480,54783,62204,1225972,1213713,266531,301508,41105,46479,158670,183391,8893,8896,428803,433733,346391,349755,23124,25186,33265,30961,5149,5263,1491,1556,19383,21012,363952,368655,29810,33197,45972,44330,8729,9218,2736,2906
R,12,2021,43,4042603,1993173,2049430,1468342,1460637,262247,294735,45461,44281,140966,164908,5754,5621,70403,79248,1531729,1532079,282948,319503,83552,87891,160954,186292,10888,11009,1578724,1626867,1132617,1119177,240245,270733,13502,13895,135993,159523,4304,4147,52063,59392,1179425,1172682,254728,288239,39498,44705,152515,177179,8246,8305,414449,422563,335725,341460,22002,24002,31959,30386,4973,5385,1450,1474,18340,19856,352304,359397,28220,31264,44054,43186,8439,9113,2642,2704
R,12,2021,44,4017720,1977762,2039958,1463961,1460651,256152,290146,45367,44252,137696,161395,5498,5750,69088,77764,1526266,1530697,276291,314195,83431,87660,157000,182305,10588,11008,1567861,1618031,1130478,1117998,235415,266770,13776,14369,132822,156286,4110,4231,51260,58377,1176619,1170553,249331,283790,39896,45126,148966,173561,8031,8301,409901,421927,333483,342653,20737,23376,31591,29883,4874,5109,1388,1519,17828,19387,349647,360144,26960,30405,43535,42534,8034,8744,2557,2707
R,12,2021,45,3878082,1908744,1969338,1409150,1408681,245217,277606,43846,42262,138736,161180,5359,5328,66436,74281,1468887,1475522,263868,300275,80670,84304,157366,180971,10428,10280,1510144,1557204,1084124,1072456,225156,255574,13349,13492,134128,156158,4018,3941,49369,55583,1128400,1122368,238106,271496,38639,43147,149746,172572,7951,7779,398600,412134,325026,336225,20061,22032,30497,28770,4608,5022,1341,1387,17067,18698,340487,353154,25762,28779,42031,41157,7620,8399,2477,2501
R,12,2021,46,3875817,1908834,1966983,1410192,1407525,245309,276942,43138,41915,141061,163513,5124,5272,64010,71816,1467805,1472111,263429,298448,79251,82741,158388,182604,9634,10044,1515525,1561097,1088586,1075022,225798,255648,13137,13661,136500,158606,3881,3929,47623,54231,1131356,1123785,238418,270896,38270,42781,150876,174495,7384,7615,393309,405886,321606,332503,19511,21294,30001,28254,4561,4907,1243,1343,16387,17585,336449,348326,25011,27552,40981,39960,7512,8109,2250,2429
R,12,2021,47,3859343,1900661,1958682,1408796,1408945,241770,272177,42165,40973,140395,161249,4983,5083,62552,70255,1465035,1472233,259165,292736,77727,81538,157287,179760,9492,9513,1516481,1559898,1093622,1081219,223180,251726,13138,13468,135962,156544,3788,3765,46791,53176,1135612,1128984,235509,266419,37959,42591,150068,172022,7247,7198,384180,398784,315174,327726,18590,20451,29027,27505,4433,4705,1195,1318,15761,17079,329423,343249,23656,26317,39768,38947,7219,7738,2245,2315
R,12,2021,48,3817482,1874757,1942725,1388188,1394889,240194,271830,40478,39915,140263,162578,4840,5105,60794,68408,1442838,1456269,256870,291853,75180,79325,156798,180691,9125,9586,1505696,1556651,1084713,1076793,222585,252263,12783,13565,136054,158016,3687,3774,45874,52240,1125760,1123608,234309,266555,37441,42272,149950,173196,7068,7257,369061,386074,303475,318096,17609,19567,27695,26350,4209,4562,1153,1331,14920,16168,317078,332661,22561,25298,37739,37053,6848,7495,2057,2329
R,12,2021,49,3970039,1947244,2022795,1445496,1457276,251053,284286,41586,40203,142353,166243,4851,5067,61905,69720,1501169,1519933,267594,304425,77674,81008,158756,184132,9219,9634,1575168,1632873,1139047,1135301,233496,264521,13563,13886,138107,161671,3694,3791,47261,53703,1181401,1183417,245345,279119,39630,43906,151944,176794,7153,7403,372076,389922,306449,321975,17557,19765,28023,26317,4246,4572,1157,1276,14644,16017,319768,336516,22249,25306,38044,37102,6812,7338,2066,2231
R,12,2021,50,4159011,2041779,2117232,1539791,1548938,256582,291415,40062,40153,137460,160130,4943,4909,62941,71687,1596393,1613623,273197,311539,77364,83196,153655,177694,9377,9459,1676984,1734474,1237980,1232483,239353,272369,13795,14401,133254,155650,3731,3737,48871,55834,1281859,1282735,251438,287077,41343,46805,147060,170486,7290,7338,364795,382758,301811,316455,17229,19046,26267,25752,4206,4480,1212,1172,14070,15853,314534,330888,21759,24462,36021,36391,6595,7208,2087,2121
R,12,2021,51,4325601,2126654,2198947,1611045,1620229,266443,299557,41106,39883,138712,161512,4932,5072,64416,72694,1669097,1685612,283342,319900,79985,84109,154456,178938,9425,9808,1757678,1819052,1305893,1305653,248918,280448,14155,14799,134567,157109,3761,3884,50384,57159,1351216,1356910,261363,295615,43279,48512,147976,171789,7375,7701,368976,379895,305152,314576,17525,19109,26951,25084,4145,4403,1171,1188,14032,15535,317881,328702,21979,24285,36706,35597,6480,7149,2050,2107
R,12,2021,52,4153542,2037536,2116006,1554555,1569571,248736,281861,38406,38250,131331,153450,4705,4908,59803,67966,1608552,1630814,264037,300418,74822,80226,145993,169435,8997,9334,1686822,1751905,1263253,1267449,232547,263977,13363,14221,127467,149256,3625,3781,46567,53221,1305182,1315321,243649,277637,40639,46152,139934,162678,7087,7336,350714,364101,291302,302122,16189,17884,25043,24029,3864,4194,1080,1127,13236,14745,303370,315493,20388,22781,34183,34074,6059,6757,1910,1998
R,12,2021,53,4036724,1978681,2058043,1507297,1525389,244625,276705,37991,36750,128110,150407,4350,4753,56308,64039,1558018,1582973,259066,294184,72579,76719,141575,165035,8316,8905,1641201,1709323,1227012,1235351,229047,259602,13331,14022,124516,146432,3349,3630,43946,50286,1266505,1280455,239559,272416,39471,44722,135899,158781,6543,6971,337480,348720,280285,290038,15578,17103,24660,22728,3594,3975,1001,1123,12362,13753,291513,302518,19507,21768,33108,31997,5676,6254,1773,1934
R,12,2021,54,3987601,1949022,2038579,1496584,1522124,241639,276969,35775,35752,116592,137129,4438,4510,53994,62095,1545353,1578023,255183,294169,69621,74941,128945,150643,8145,8574,1625716,1701415,1227127,1241290,226819,260256,13097,14014,113101,133360,3437,3490,42135,49005,1265062,1285324,236672,272979,38698,44368,123545,144613,6467,6753,323306,337164,269457,280834,14820,16713,22678,21738,3491,3769,1001,1020,11859,13090,280291,292699,18511,21190,30923,30573,5400,6030,1678,1821
R,12,2021,55,4029116,1966661,2062455,1513592,1545889,245954,282727,35301,35243,114374,132464,4476,4561,52964,61571,1561094,1601218,259555,299548,68753,74528,126294,145571,8226,8542,1647711,1731509,1246739,1269532,231452,266477,13296,14319,111091,128855,3445,3519,41688,48807,1284040,1313325,241381,278979,38945,44915,121143,139866,6512,6713,318950,330946,266853,276357,14502,16250,22005,20924,3283,3609,1031,1042,11276,12764,277054,287893,18174,20569,29808,29613,5151,5705,1714,1829
R,12,2021,56,4188783,2042027,2146756,1576026,1613201,255333,293977,36018,36268,115991,135823,4414,4653,54245,62834,1624720,1669572,269007,311090,70671,76474,127900,149205,8252,8705,1723412,1816061,1309458,1337145,240632,277706,14129,15191,112740,132226,3431,3609,43022,50184,1347955,1382080,250780,290495,40944,46784,122860,143506,6584,6916,318615,330695,266568,276056,14701,16271,21889,21077,3251,3597,983,1044,11223,12650,276765,287492,18227,20595,29727,29690,5040,5699,1668,1789
R,12,2021,57,4349013,2111085,2237928,1645161,1700266,257196,298374,35310,35666,115059,135413,4124,4571,54235,63638,1694008,1757521,270260,315132,70734,77527,126585,148326,7832,8533,1805764,1915372,1388777,1429582,243594,282699,14387,15743,112008,132070,3222,3586,43776,51692,1428120,1476010,253421,295466,42510,49411,121829,143052,6265,6874,305321,322556,256384,270684,13602,15675,20923,19923,3051,3343,902,985,10459,11946,265888,281511,16839,19666,28224,28116,4756,5274,1567,1659
R,12,2021,58,4361599,2114753,2246846,1652938,1714733,252796,292798,34271,34603,116920,137372,4023,4487,53805,62853,1701387,1771260,265677,309114,69825,75928,128167,150118,7583,8471,1821194,1935134,1406371,1453048,239484,277728,14580,15568,114022,134078,3196,3511,43541,51201,1445461,1499007,249243,290281,42861,48886,123667,144945,6144,6800,293559,311712,246567,261685,13312,15070,19691,19035,2898,3294,827,976,10264,11652,255926,272253,16434,18833,26964,27042,4500,5173,1439,1671
R,12,2021,59,4357904,2108794,2249110,1659115,1728992,248960,290614,32888,33727,111877,129922,4109,4516,51845,61339,1705869,1784201,261147,306397,67082,74632,122804,142108,7625,8288,1827741,1949152,1422206,1476239,236476,276577,14224,15534,109057,126772,3276,3619,42502,50411,1460451,1521524,245774,288813,41819,48864,118529,137186,6253,6724,281053,299958,236909,252753,12484,14037,18664,18193,2820,3150,833,897,9343,10928,245418,262677,15373,17584,25263,25768,4275,4922,1372,1564
R,12,2021,60,4340266,2095784,2244482,1667956,1744334,241906,284451,31279,32570,99711,119006,3960,4166,50972,59955,1713886,1798294,253806,299822,65324,72917,110298,130595,7238,7853,1832094,1961356,1445528,1505549,230285,271313,14060,15596,97180,116155,3182,3329,41859,49414,1483134,1549927,239468,283223,41579,48609,106377,126099,5955,6361,263690,283126,222428,238785,11621,13138,17219,16974,2531,2851,778,837,9113,10541,230752,248367,14338,16599,23745,24308,3921,4496,1283,1492
R,12,2021,61,4382236,2110184,2272052,1674388,1761475,246391,289130,31209,32590,103969,125411,3850,4226,50377,59220,1719868,1814653,258361,304296,64771,72300,114232,136960,7126,7850,1848328,1989443,1453294,1522771,234937,276246,13936,15610,101449,122548,3112,3406,41600,48862,1490764,1566581,244193,288023,41292,48105,110398,132468,5826,6397,261856,282609,221094,238704,11454,12884,17273,16980,2520,2863,738,820,8777,10358,229104,248072,14168,16273,23479,24195,3834,4492,1300,1453
R,12,2021,62,4261104,2045073,2216031,1632864,1727499,234221,279111,29209,30725,97874,118740,3556,3881,47349,56075,1675443,1777965,245052,293404,60897,68495,107823,129554,6628,7224,1805193,1953672,1430273,1506162,223701,266912,13437,14860,95519,116094,2898,3166,39365,46478,1465591,1547854,232177,278144,39376,45960,104227,125429,5480,5935,239880,262359,202591,221337,10520,12199,15772,15865,2355,2646,658,715,7984,9597,209852,230111,12875,15260,21521,22535,3596,4125,1148,1289
R,12,2021,63,4191672,2005454,2186218,1604218,1707330,227896,272326,27088,29364,97749,119489,3404,3712,45099,53997,1644802,1755858,238357,286129,57597,65881,106830,129808,6202,6864,1780674,1937145,1414448,1496614,217677,260986,12782,14557,95536,116949,2767,3043,37464,44996,1448062,1536951,225860,271920,37798,44777,103508,125861,5131,5638,224780,249073,189770,210716,10219,11340,14306,14807,2213,2540,637,669,7635,9001,196740,218907,12497,14209,19799,21104,3322,3947,1071,1226
R,12,2021,64,4172118,1988049,2184069,1597668,1715496,221201,267453,26458,28254,95709,117155,3220,3519,43793,52192,1637047,1762451,231299,280535,56055,64241,104581,126688,5989,6524,1772062,1941802,1414512,1509665,211876,256622,12642,14138,93697,114861,2673,2836,36662,43680,1447369,1548855,219871,267013,37135,44112,101518,123134,5030,5359,215987,242267,183156,205831,9325,10831,13816,14116,2012,2294,547,683,7131,8512,189678,213596,11428,13522,18920,20129,3063,3554,959,1165
R,12,2021,65,4039867,1917603,2122264,1545686,1667916,210617,259086,24680,26806,92339,115441,3060,3386,41221,49629,1582900,1712527,220123,271730,52614,60808,100520,124646,5671,6276,1714992,1892400,1373755,1472622,201830,248641,11916,13607,90403,113156,2524,2800,34564,41574,1404898,1509895,209315,258702,35092,41924,97600,121137,4715,5250,202611,229864,171931,195294,8787,10445,12764,13199,1936,2285,536,586,6657,8055,178002,202632,10808,13028,17522,18884,2920,3509,956,1026
R,12,2021,66,3912840,1852785,2060055,1498885,1626205,198623,245604,23430,25369,90100,113253,2879,3252,38868,46372,1533867,1667738,207543,257432,49797,57090,97802,121920,5377,6020,1660272,1839759,1335516,1438615,190133,235706,11354,12835,88267,111135,2384,2626,32618,38842,1364795,1473270,197151,245074,33265,39246,95055,118719,4514,4990,192513,220296,163369,187590,8490,9898,12076,12534,1833,2118,495,626,6250,7530,169072,194468,10392,12358,16532,17844,2747,3201,863,1030
R,12,2021,67,3812123,1796968,2015155,1461329,1599642,188856,236013,21675,23952,86587,108341,2734,3150,35787,44057,1493500,1639027,197234,247178,45954,54268,93619,116465,5008,5864,1618339,1807038,1309373,1422053,181044,226776,10729,12352,84948,106328,2261,2589,29984,36940,1336250,1454950,187626,235585,30857,37657,91161,113401,4216,4899,178629,208117,151956,177589,7812,9237,10946,11600,1639,2013,473,561,5803,7117,157250,184077,9608,11593,15097,16611,2458,3064,792,965
R,12,2021,68,3618573,1697709,1920864,1391874,1536312,171556,218848,19628,21678,79326,100401,2419,2798,32906,40827,1421496,1572979,179167,229263,42233,49673,85669,107801,4501,5247,1534835,1728691,1252829,1371692,164490,210382,9866,11455,77863,98609,2007,2331,27780,34222,1277802,1402310,170478,218650,28778,34821,83517,105066,3798,4448,162874,192173,139045,164620,7066,8466,9762,10223,1463,1792,412,467,5126,6605,143694,170669,8689,10613,13455,14852,2152,2735,703,799
R,12,2021,69,3519375,1645203,1874172,1355403,1504117,160980,209813,18046,20545,78115,99047,2361,2694,30298,37956,1382625,1538177,168145,219500,38733,46765,83971,105745,4314,5033,1493515,1692428,1225434,1347888,154399,201933,9256,10982,76789,97372,1997,2261,25640,31992,1248377,1376484,160117,209690,26656,33005,81978,103224,3664,4263,151688,181744,129969,156229,6581,7880,8790,9563,1326,1675,364,433,4658,5964,134248,161693,8028,9810,12077,13760,1993,2521,650,770
R,12,2021,70,3332154,1551981,1780173,1287028,1436083,149150,198090,16447,18911,68816,89121,2082,2459,28458,35509,1312599,1467960,155754,207255,36271,43801,74049,95017,3888,4546,1410901,1611054,1165545,1290544,143254,190782,8605,10129,67611,87620,1774,2036,24112,29943,1187105,1317308,148563,198067,25265,31178,72255,92742,3331,3837,141080,169119,121483,145539,5896,7308,7842,8782,1205,1501,308,423,4346,5566,125494,150652,7191,9188,11006,12623,1794,2275,557,709
R,12,2021,71,3183677,1475746,1707931,1217195,1370100,143518,191703,15619,18039,70633,92452,2022,2324,26759,33313,1241247,1399901,149893,200521,34013,41050,75569,98258,3721,4367,1341222,1542522,1101472,1227477,137737,184555,8181,9601,69459,90973,1713,1954,22660,27962,1121744,1252397,142819,191559,23675,28894,73820,95983,3204,3696,134524,165409,115723,142623,5781,7148,7438,8438,1174,1479,309,370,4099,5351,119503,147504,7074,8962,10338,12156,1749,2275,517,671
R,12,2021,72,3070601,1418201,1652400,1180039,1337154,130755,178205,14364,16426,66647,87166,1852,2118,24544,31331,1202157,1365167,136376,186370,31411,38270,71128,92376,3501,4066,1295204,1500019,1073744,1205210,125688,171730,7694,8954,65534,85787,1576,1772,20968,26566,1092574,1228863,130199,178343,22201,27485,69516,90347,3027,3458,122997,152381,106295,131944,5067,6475,6670,7472,1113,1379,276,346,3576,4765,109583,136304,6177,8027,9210,10785,1612,2029,474,608
R,12,2021,73,2988466,1376258,1612208,1153514,1315751,121967,167274,13210,15444,62727,81780,1727,2040,23113,29919,1174264,1342532,127352,175130,29325,36273,66921,86739,3245,3874,1262086,1468555,1054495,1191303,117318,161285,7341,8521,61709,80457,1451,1721,19772,25268,1072187,1213840,121704,167580,21029,26098,65443,84753,2798,3310,114172,143653,99019,124448,4649,5989,5869,6923,1018,1323,276,319,3341,4651,102077,128692,5648,7550,8296,10175,1478,1986,447,564
R,12,2021,74,3037651,1397131,1640520,1191661,1365423,111171,154221,12621,14518,57431,75103,1617,1793,22630,29462,1212154,1391967,116236,161752,28629,35416,61308,79729,3041,3502,1289326,1504080,1097901,1246688,107014,148552,6994,8105,56523,73947,1384,1511,19510,25277,1115546,1269395,111138,154705,20745,26023,59969,78013,2666,3036,107805,136440,93760,118735,4157,5669,5627,6413,908,1156,233,282,3120,4185,96608,122572,5098,7047,7884,9393,1339,1716,375,466
R,12,2021,75,2547819,1165040,1382779,991655,1147757,91603,129845,10560,12641,50852,66553,1416,1552,18954,24431,1008844,1169752,95860,136058,23765,29566,54156,70638,2684,3142,1070824,1260655,909635,1041505,87875,124707,5821,7028,50086,65460,1203,1302,16204,20653,924318,1060023,91279,129694,17083,21355,53009,69015,2327,2687,94216,122124,82020,106252,3728,5138,4739,5613,766,1093,213,250,2750,3778,84526,109729,4581,6364,6682,8211,1147,1623,357,455
R,12,2021,76,2135249,966953,1168296,816989,962104,79913,115743,8919,11159,44707,57716,1209,1514,15216,20060,830673,980015,83464,121067,19309,24903,47554,61124,2348,2881,882746,1057140,743436,865070,76644,111159,4798,5990,43977,56747,1024,1254,12867,16920,754954,880096,79443,115444,13547,17560,46460,59735,2026,2443,84207,111156,73553,97034,3269,4584,4121,5169,730,969,185,260,2349,3140,75719,99919,4021,5623,5762,7343,1094,1389,322,438
R,12,2021,77,2050480,920175,1130305,782711,937052,72593,108312,8178,10246,41276,54170,1070,1352,14347,19173,795624,954118,76071,113634,17968,23354,43893,57324,2107,2701,845218,1028239,717130,847662,69648,104276,4485,5562,40730,53306,921,1127,12304,16306,728173,862114,72452,108599,12868,16718,43056,56063,1840,2317,74957,102066,65581,89390,2945,4036,3693,4684,546,864,149,225,2043,2867,67451,92004,3619,5035,5100,6636,837,1261,267,384
R,12,2021,78,2045947,911784,1134163,784329,953819,68111,103178,7502,9627,37519,47894,949,1198,13374,18447,796412,970339,71250,108136,16844,22406,39793,50818,1948,2455,842123,1037706,723177,869354,65460,99288,4239,5300,36933,47127,816,999,11498,15638,733547,883295,67992,103284,12277,16173,38948,49639,1685,2110,69661,96457,61152,84465,2651,3890,3263,4327,586,767,133,199,1876,2809,62865,87044,3258,4852,4567,6233,845,1179,263,345
R,12,2021,79,1865815,824163,1041652,707492,874051,61565,95012,6644,8668,35732,46561,836,1115,11894,16245,718192,888592,64385,99451,14821,19902,37871,49162,1678,2172,761598,952770,652533,796073,59098,91432,3778,4748,35258,45837,704,920,10227,13760,661708,808324,61404,95020,10793,14294,37155,48098,1438,1855,62565,88882,54959,77978,2467,3580,2866,3920,474,724,132,195,1667,2485,56484,80268,2981,4431,4028,5608,716,1064,240,317
R,12,2021,80,1603969,700023,903946,599419,756292,52518,83658,5863,7603,31270,41099,773,971,10180,14323,608588,769068,55003,87549,12793,17530,33133,43463,1490,1899,644581,825697,550679,687376,50388,80664,3337,4249,30857,40462,664,804,8656,12142,558467,698172,52365,83787,9225,12687,32498,42494,1277,1612,55442,78249,48740,68916,2130,2994,2526,3354,413,637,109,167,1524,2181,50121,70896,2638,3762,3568,4843,635,969,213,287
R,12,2021,81,1455434,625591,829843,533099,691774,47387,78001,5278,7119,29988,39275,713,892,9126,12782,541279,703138,49651,81649,11444,15741,31738,41416,1344,1773,573964,754287,487623,625219,45400,75032,2973,3898,29582,38680,596,729,7790,10729,494587,634691,47217,77943,8184,11147,31143,40552,1150,1499,51627,75556,45476,66555,1987,2969,2305,3221,406,595,117,163,1336,2053,46692,68447,2434,3706,3260,4594,595,864,194,274
R,12,2021,82,1305562,555000,750562,474233,627565,41351,69621,4517,6273,26545,34776,543,832,7811,11495,481231,637749,43276,72822,9746,14050,28034,36717,1118,1657,509198,682567,433854,567469,39545,66913,2499,3487,26193,34228,434,692,6673,9778,439808,576080,41100,69490,6943,10136,27534,35921,953,1414,45802,67995,40379,60096,1806,2708,2018,2786,352,548,109,140,1138,1717,41423,61669,2176,3332,2803,3914,500,796,165,243
R,12,2021,83,1220297,512581,707716,439997,595068,36838,63699,4128,5979,23984,31884,517,703,7117,10383,446383,604314,38551,66679,8908,12905,25387,33617,1026,1391,471227,644701,403373,539446,35303,61203,2344,3328,23657,31414,426,575,6124,8735,408859,547166,36672,63624,6462,9152,24899,32921,876,1184,41354,63015,36624,55622,1535,2496,1784,2651,327,470,91,128,993,1648,37524,57148,1879,3055,2446,3753,488,696,150,207
R,12,2021,84,1080411,447017,633394,383448,531897,32158,57365,3447,5126,21286,29195,453,643,6225,9168,389088,540011,33775,60033,7590,11143,22449,30842,884,1312,410795,577183,351224,482177,30838,55125,1963,2827,21008,28752,387,536,5375,7766,356086,488995,32147,57307,5536,7940,22056,30187,766,1130,36222,56211,32224,49720,1320,2240,1484,2299,278,443,66,107,850,1402,33002,51016,1628,2726,2054,3203,393,655,118,182
R,12,2021,85,966084,392691,573393,337495,483311,27672,51111,3006,4572,18672,25859,350,582,5496,7958,342417,490299,29096,53498,6545,9738,19796,27327,786,1166,360567,521972,308919,437743,26492,49107,1701,2495,18445,25478,294,485,4716,6664,313118,443551,27645,51058,4707,6791,19455,26762,690,990,32124,51421,28576,45568,1180,2004,1305,2077,227,381,56,97,780,1294,29299,46748,1451,2440,1838,2947,341,565,96,176
R,12,2021,86,871732,347556,524176,299312,441386,24552,46809,2651,4159,16108,23944,315,500,4618,7378,303449,447916,25769,48924,5580,8937,17048,25312,676,1033,319162,477626,274094,400098,23492,45034,1483,2271,15907,23554,260,409,3926,6260,277593,405609,24484,46738,3954,6361,16749,24748,582,876,28394,46550,25218,41288,1060,1775,1168,1888,201,390,55,91,692,1118,25856,42307,1285,2186,1626,2576,299,564,94,157
R,12,2021,87,766096,299908,466188,259024,394280,20728,41090,2227,3575,13726,20448,322,441,3881,6354,262511,399872,21757,42934,4658,7704,14545,21671,613,908,275544,425580,237256,358191,19848,39537,1261,1961,13557,20134,266,369,3356,5388,240255,362903,20694,41025,3346,5459,14296,21224,523,792,24364,40608,21768,36089,880,1553,966,1614,169,314,56,72,525,966,22256,36969,1063,1909,1312,2245,249,447,90,116
R,12,2021,88,652713,250348,402365,216465,340029,16962,35101,1833,2979,11613,18475,244,376,3231,5405,219370,344722,17753,36673,3912,6438,12319,19550,490,833,230297,367541,198622,309019,16251,33719,1026,1678,11457,18204,200,319,2741,4602,201070,312998,16889,34991,2762,4618,12095,19160,418,725,20051,34824,17843,31010,711,1382,807,1301,156,271,44,57,490,803,18300,31724,864,1682,1150,1820,224,390,72,108
R,12,2021,89,595192,222261,372931,192488,316354,14952,31931,1561,2793,10134,16663,193,391,2933,4799,195107,320560,15735,33375,3360,5840,10782,17596,446,775,204723,341399,176829,288258,14328,30718,854,1579,9998,16407,170,328,2544,4109,179099,291843,14980,31916,2407,4192,10577,17226,397,669,17538,31532,15659,28096,624,1213,707,1214,136,256,23,63,389,690,16008,28717,755,1459,953,1648,205,370,49,106
R,12,2021,90,506043,184478,321565,161627,275978,11080,25332,1252,2243,8036,13689,159,304,2324,4019,163701,279444,11729,26551,2644,4800,8575,14487,359,661,169851,295195,148531,252392,10604,24381,672,1240,7939,13502,131,252,1974,3428,150287,255322,11160,25373,1823,3427,8411,14209,300,566,14627,26370,13096,23586,476,951,580,1003,97,187,28,52,350,591,13414,24122,569,1178,821,1373,164,278,59,95
R,12,2021,91,453097,159992,293105,139458,250709,9974,23331,1111,1972,7400,13117,147,269,1902,3707,141160,253923,10496,24413,2257,4336,7840,13858,311,588,147198,268420,128010,228647,9527,22408,611,1063,7293,12959,124,227,1633,3116,129468,231309,9950,23284,1586,3036,7686,13623,274,510,12794,24685,11448,22062,447,923,500,909,107,158,23,42,269,591,11692,22614,546,1129,671,1300,154,235,37,78
R,12,2021,92,365667,124214,241453,108433,207039,7598,19313,851,1494,5679,10499,106,228,1547,2880,109789,209524,8034,20224,1799,3268,6038,11085,263,487,114355,222084,99614,189715,7278,18554,465,831,5603,10341,87,197,1308,2446,100755,191800,7626,19315,1249,2315,5927,10860,228,433,9859,19369,8819,17324,320,759,386,663,76,158,19,31,239,434,9034,17724,408,909,550,953,111,225,35,54
R,12,2021,93,303516,99509,204007,87038,175331,6088,15955,697,1288,4402,8818,86,175,1198,2440,88088,177413,6447,16731,1434,2792,4676,9326,182,413,91583,188064,79941,161157,5810,15288,369,708,4355,8706,73,144,1035,2061,80846,162895,6108,15932,1002,1970,4608,9152,157,349,7926,15943,7097,14174,278,667,328,580,47,112,13,31,163,379,7242,14518,339,799,432,822,68,174,25,64
R,12,2021,94,245308,76950,168358,67147,144823,4757,13167,500,1074,3482,7256,72,142,992,1896,68014,146432,5060,13736,1067,2283,3706,7648,158,328,71067,155678,61875,133482,4570,12654,272,596,3446,7163,59,120,845,1663,62614,134891,4815,13129,746,1662,3651,7514,129,289,5883,12680,5272,11341,187,513,228,478,36,93,13,22,147,233,5400,11541,245,607,321,621,55,134,29,39
R,12,2021,95,189213,56895,132318,49527,113749,3606,10345,361,801,2628,5769,42,138,731,1516,50175,115050,3799,10848,785,1703,2817,6076,123,295,52480,122417,45560,104902,3458,9949,201,472,2594,5682,34,121,633,1291,46121,105997,3616,10371,568,1220,2764,5961,100,264,4415,9901,3967,8847,148,396,160,329,34,87,8,17,98,225,4054,9053,183,477,217,483,53,115,23,31
R,12,2021,96,145065,41840,103225,36065,88457,2767,8184,284,625,2138,4592,49,92,537,1275,36510,89515,2919,8637,598,1380,2289,4858,117,229,38617,95578,33189,81652,2658,7864,166,366,2109,4532,41,77,454,1087,33565,82551,2785,8234,418,1004,2243,4756,101,188,3223,7647,2876,6805,109,320,118,259,29,60,8,15,83,188,2945,6964,134,403,180,376,46,102,16,41
R,12,2021,97,108513,29653,78860,25479,67639,1988,6314,221,507,1590,3429,22,74,353,897,25780,68359,2087,6629,429,1038,1685,3634,61,177,27360,73194,23444,62598,1900,6067,123,302,1571,3389,19,64,303,774,23703,63215,1986,6330,296,754,1655,3572,51,154,2293,5666,2035,5041,88,247,98,205,19,40,3,10,50,123,2077,5144,101,299,133,284,30,62,10,23
R,12,2021,98,75655,20060,55595,17050,47332,1409,4576,161,335,1142,2629,27,60,271,663,17282,47875,1503,4807,298,727,1217,2775,58,137,18251,51599,15432,43775,1348,4398,87,198,1130,2608,23,55,231,565,15630,44231,1428,4592,201,531,1197,2735,47,117,1809,3996,1618,3557,61,178,74,137,12,21,4,5,40,98,1652,3644,75,215,97,196,20,40,11,20
R,12,2021,99,52797,13299,39498,11089,33208,1039,3589,114,248,850,1922,25,55,182,476,11236,33599,1100,3744,208,515,907,2042,65,117,12161,36627,10106,30666,995,3457,67,154,835,1897,14,45,144,408,10222,31000,1041,3590,141,381,882,2000,45,93,1138,2871,983,2542,44,132,47,94,15,25,11,10,38,68,1014,2599,59,154,67,134,25,42,20,24
R,12,2021,100,88224,19985,68239,15940,56004,1828,6904,250,521,1452,3756,67,90,448,964,16292,56759,2044,7320,471,1026,1587,4006,146,244,18020,63220,14292,51695,1754,6620,147,337,1417,3696,47,71,363,801,14585,52320,1929,6956,321,752,1520,3895,106,189,1965,5019,1648,4309,74,284,103,184,35,60,20,19,85,163,1707,4439,115,364,150,274,67,111,40,55
