UNIVERSE,MONTH,YEAR,AGE,TOT_POP,TOT_MALE,TOT_FEMALE,WA_MALE,WA_FEMALE,BA_MALE,BA_FEMALE,IA_MALE,IA_FEMALE,AA_MALE,AA_FEMALE,NA_MALE,NA_FEMALE,TOM_MALE,TOM_FEMALE,WAC_MALE,WAC_FEMALE,BAC_MALE,BAC_FEMALE,IAC_MALE,IAC_FEMALE,AAC_MALE,AAC_FEMALE,NAC_MALE,NAC_FEMALE,NH_MALE,NH_FEMALE,NHWA_MALE,NHWA_FEMALE,NHBA_MALE,NHBA_FEMALE,NHIA_MALE,NHIA_FEMALE,NHAA_MALE,NHAA_FEMALE,NHNA_MALE,NHNA_FEMALE,NHTOM_MALE,NHTOM_FEMALE,NHWAC_MALE,NHWAC_FEMALE,NHBAC_MALE,NHBAC_FEMALE,NHIAC_MALE,NHIAC_FEMALE,NHAAC_MALE,NHAAC_FEMALE,NHNAC_MALE,NHNAC_FEMALE,H_MALE,H_FEMALE,HWA_MALE,HWA_FEMALE,HBA_MALE,HBA_FEMALE,HIA_MALE,HIA_FEMALE,HAA_MALE,HAA_FEMALE,HNA_MALE,HNA_FEMALE,HTOM_MALE,HTOM_FEMALE,HWAC_MALE,HWAC_FEMALE,HBAC_MALE,HBAC_FEMALE,HIAC_MALE,HIAC_FEMALE,HAAC_MALE,HAAC_FEMALE,HNAC_MALE,HNAC_FEMALE
R,1,2026,999,342278051,167942786,174335265,122099256,125142357,22135278,24239920,3585824,3488856,11415020,12439128,479663,481182,8227745,8543822,129666404,132985235,25359260,27629973,6934785,7083352,14009904,15034716,1018118,1018204,132782913,138940392,94362261,97111265,19958161,22024467,1161879,1199638,10936284,11951873,352977,353031,6011351,6300118,99896867,102900077,22241577,24452382,3397303,3659950,12985124,14001847,739877,738913,35159873,35394873,27736995,28031092,2177117,2215453,2423945,2289218,478736,487255,126686,128151,2216394,2243704,29769537,30085158,3117683,3177591,3537482,3423402,1024780,1032869,278241,279291
R,1,2026,0,3616323,1849607,1766716,1206228,1150543,292848,283586,46625,44505,113150,106031,6865,6646,183891,175405,1378464,1314563,382235,369553,98050,93647,177814,167290,17466,16723,1307916,1247148,818712,778370,246241,238768,11663,11347,102581,95823,4638,4446,124081,118394,935568,889734,306214,296734,40380,38624,149478,140235,11169,10506,541691,519568,387516,372173,46607,44818,34962,33158,10569,10208,2227,2200,59810,57011,442896,424829,76021,72819,57670,55023,28336,27055,6297,6217
R,1,2026,1,3639382,1861060,1778322,1211045,1155408,294417,285094,47364,45231,116914,109877,6949,6800,184371,175912,1383704,1319879,383960,371209,98865,94449,181883,171470,17579,16897,1312554,1252174,818388,778165,247341,239913,11636,11310,106198,99563,4705,4555,124286,118668,935410,889763,307289,297884,40317,38563,153367,144282,11261,10639,548506,526148,392657,377243,47076,45181,35728,33921,10716,10314,2244,2245,60085,57244,448294,430116,76671,73325,58548,55886,28516,27188,6318,6258
R,1,2026,2,3660682,1871351,1789331,1213477,1158524,296868,287342,48643,46468,121068,114294,6986,6930,184309,175773,1386042,1322827,386288,373290,100043,95571,186175,176003,17613,17025,1313825,1253968,814083,774358,249074,241548,11554,11253,110266,103820,4729,4610,124119,118379,930916,885646,308786,299224,40092,38327,157628,148690,11286,10685,557526,535363,399394,384166,47794,45794,37089,35215,10802,10474,2257,2320,60190,57394,455126,437181,77502,74066,59951,57244,28547,27313,6327,6340
R,1,2026,3,3770012,1924540,1845472,1246814,1192351,308376,299092,48827,47531,126394,119912,7359,7114,186770,179472,1421677,1360099,398977,386779,100703,97514,192512,183093,18088,17391,1361619,1301103,841479,800841,260763,253033,12105,11626,115522,109424,4873,4572,126877,121607,960879,915140,321716,312177,41227,39389,164089,155687,11575,10810,562921,544369,405335,391510,47613,46059,36722,35905,10872,10488,2486,2542,59893,57865,460798,444959,77261,74602,59476,58125,28423,27406,6513,6581
R,1,2026,4,3793700,1937326,1856374,1259194,1201671,310725,303186,46355,44534,126602,120578,6907,6675,187543,179730,1434782,1369658,401697,390977,98366,94485,193048,183918,17665,16942,1392540,1329780,866456,821629,264956,258780,12444,11846,116422,110686,4633,4417,127629,122422,986548,936679,326216,318251,41688,39767,165379,157348,11377,10707,544786,526594,392738,380042,45769,44406,33911,32688,10180,9892,2274,2258,59914,57308,448234,432979,75481,72726,56678,54718,27669,26570,6288,6235
R,1,2026,5,3757864,1919942,1837922,1244198,1186579,311027,302001,46504,44674,128433,122248,6761,6407,183019,176013,1415580,1351163,399978,388164,97036,93413,193256,184187,17240,16442,1386228,1324183,856715,813686,267919,260506,12981,12535,118656,112601,4731,4418,125226,120437,974565,926916,328168,319160,41588,39926,166627,158419,11328,10587,533714,513739,387483,372893,43108,41495,33523,32139,9777,9647,2030,1989,57793,55576,441015,424247,71810,69004,55448,53487,26629,25768,5912,5855
R,1,2026,6,3866860,1973204,1893656,1297841,1238887,305699,299799,48229,46202,129752,124043,7165,6786,184518,177939,1470598,1405234,394861,386465,99304,95620,195300,186768,17824,16903,1444607,1383191,911735,865365,264950,260631,14692,14225,120305,114806,4996,4824,127929,123340,1032076,981230,326192,320417,44114,42562,169366,161698,11821,11197,528597,510465,386106,373522,40749,39168,33537,31977,9447,9237,2169,1962,56589,54599,438522,424004,68669,66048,55190,53058,25934,25070,6003,5706
R,1,2026,7,3917542,1998176,1919366,1318766,1260619,310922,304369,49018,47599,129314,124188,7297,6947,182859,175644,1489961,1424795,398894,389295,100008,96590,194094,186257,18088,17092,1467167,1405365,929440,883587,270210,265171,15077,14697,119970,115043,5154,4981,127316,121886,1049170,998028,331151,323968,44414,42724,168645,161369,12056,11445,531009,514001,389326,377032,40712,39198,33941,32902,9344,9145,2143,1966,55543,53758,440791,426767,67743,65327,55594,53866,25449,24888,6032,5647
R,1,2026,8,3982545,2033775,1948770,1345039,1283723,316919,308783,50282,47993,132587,127139,7554,6854,181394,174278,1514615,1446468,403447,392928,101735,97386,196768,188235,18456,17046,1495919,1428335,947690,899476,276699,269462,15946,15254,123319,118086,5404,4878,126861,121179,1066798,1013223,336928,327872,45840,43541,171670,163817,12472,11312,537856,520435,397349,384247,40220,39321,34336,32739,9268,9053,2150,1976,54533,53099,447817,433245,66519,65056,55895,53845,25098,24418,5984,5734
R,1,2026,9,4073251,2079599,1993652,1384316,1321027,316531,309759,52324,50459,136382,130246,7627,7194,182419,174967,1554635,1484283,402290,393134,105111,101348,200898,191483,18656,17628,1527970,1460715,975769,926458,275791,270006,16418,15960,126866,121157,5412,5131,127714,122003,1095602,1040874,335550,328105,47110,45448,175539,167029,12507,11804,551629,532937,408547,394569,40740,39753,35906,34499,9516,9089,2215,2063,54705,52964,459033,443409,66740,65029,58001,55900,25359,24454,6149,5824
R,1,2026,10,4108111,2098751,2009360,1403829,1337774,320556,311841,52530,51276,133761,127840,7468,7225,180607,173404,1572590,1499553,405137,394228,105776,102211,197089,188109,18335,17620,1542076,1472334,989161,938211,280120,272246,16619,16157,124325,118837,5308,5122,126543,121761,1107966,1052355,339287,330264,47728,45882,171965,164204,12314,11815,556675,537026,414668,399563,40436,39595,35911,35119,9436,9003,2160,2103,54064,51643,464624,447198,65850,63964,58048,56329,25124,23905,6021,5805
R,1,2026,11,4122903,2105970,2016933,1410541,1344497,320641,312237,53067,51730,136552,129946,7437,7283,177732,171240,1576563,1504234,403324,393219,106247,103096,198703,188822,18022,17386,1553202,1483191,997593,946874,280550,272922,16841,16254,127233,121262,5322,5165,125663,120714,1115524,1060021,338878,330235,48309,46391,174419,165773,12267,11749,552768,533742,412948,397623,40091,39315,36226,35476,9319,8684,2115,2118,52069,50526,461039,444213,64446,62984,57938,56705,24284,23049,5755,5637
R,1,2026,12,4085953,2087783,1998170,1401183,1337345,318466,309409,54057,51537,133149,126416,7483,7108,173445,166355,1563130,1492436,398703,387527,106975,102395,193328,183354,18010,17095,1539205,1468333,990994,940890,279075,270906,16911,16195,124011,117790,5308,4981,122906,117571,1106286,1051053,335934,326486,48384,46304,169724,160783,12205,11477,548578,529837,410189,396455,39391,38503,37146,35342,9138,8626,2175,2127,50539,48784,456844,441383,62769,61041,58591,56091,23604,22571,5805,5618
R,1,2026,13,4130799,2109193,2021606,1416095,1353327,320635,311572,54426,51914,138857,131631,7638,7249,171542,165913,1575964,1507825,399425,388396,107632,103666,198356,188447,18051,17251,1555798,1485982,1000744,950476,280864,273325,17152,16468,129849,122960,5407,5098,121782,117655,1114850,1060532,336787,328053,48859,47234,175188,166169,12265,11707,553395,535624,415351,402851,39771,38247,37274,35446,9008,8671,2231,2151,49760,48258,461114,447293,62638,60343,58773,56432,23168,22278,5786,5544
R,1,2026,14,4144297,2119293,2025004,1431089,1362361,322869,312592,55187,53143,133341,126492,7452,7203,169355,163213,1588936,1514327,400228,387601,108855,104857,191285,182096,17800,17126,1558652,1484852,1008695,955774,282764,274263,17122,16358,124256,117859,5252,4949,120563,115649,1121612,1063896,338055,327699,49378,47222,168368,160135,12108,11492,560641,540152,422394,406587,40105,38329,38065,36785,9085,8633,2200,2254,48792,47564,467324,450431,62173,59902,59477,57635,22917,21961,5692,5634
R,1,2026,15,4252426,2174570,2077856,1473235,1402606,332920,321636,56010,53682,132741,126668,7527,7337,172137,165927,1633709,1557133,410908,397726,111798,107546,190938,182225,17905,17296,1591734,1517914,1029376,976534,293238,282996,17197,16919,123843,118216,5335,5080,122745,118169,1144318,1086980,349021,337486,50785,49390,168365,160670,12303,11664,582836,559942,443859,426072,39682,38640,38813,36763,8898,8452,2192,2257,49392,47758,489391,470153,61887,60240,61013,58156,22573,21555,5602,5632
R,1,2026,16,4295516,2197348,2098168,1494326,1420255,335782,324362,56062,53496,132171,126962,7477,7249,171530,165844,1654067,1574639,413844,401165,111279,106724,190064,182027,17891,17361,1603790,1530556,1036712,983089,296417,286459,17635,17099,123700,118649,5188,4881,124138,120379,1152878,1095614,353321,342576,51590,50136,168521,161281,12241,11768,593558,567612,457614,437166,39365,37903,38427,36397,8471,8313,2289,2368,47392,45465,501189,479025,60523,58589,59689,56588,21543,20746,5650,5593
R,1,2026,17,4460678,2283539,2177139,1557589,1476647,349393,336814,58458,55401,136354,130869,7590,7380,174155,170028,1719588,1634768,428304,414930,115699,111640,194091,186315,18507,17641,1662168,1585769,1076505,1018968,308021,298405,18313,17680,127648,122362,5160,4957,126521,123397,1194557,1134249,365975,355818,53803,52545,172588,165300,12517,11909,621371,591370,481084,457679,41372,38409,40145,37721,8706,8507,2430,2423,47634,46631,525031,500519,62329,59112,61896,59095,21503,21015,5990,5732
R,1,2026,18,4510342,2308875,2201467,1578159,1498304,348155,336179,60790,57445,141572,134738,7716,7408,172483,167393,1738404,1653718,425686,412179,119269,113946,198327,189651,18331,17655,1677124,1600328,1088427,1031951,307099,297665,18493,17885,132635,126389,5162,5082,125308,121356,1205326,1145115,363691,353242,54882,52986,176939,168877,12479,12013,631751,601139,489732,466353,41056,38514,42297,39560,8937,8349,2554,2326,47175,46037,533078,508603,61995,58937,64387,60960,21388,20774,5852,5642
R,1,2026,19,4504709,2309465,2195244,1583286,1498203,345151,332778,62275,56851,142547,136474,7662,7393,168544,163545,1739725,1650030,419587,405877,120406,112937,198147,189731,18122,17437,1675111,1597241,1091324,1032804,304602,294404,18302,17598,133673,128173,5130,5036,122080,119226,1205096,1143991,358762,348445,54283,52710,177109,169633,12252,11857,634354,598003,491962,465399,40549,38374,43973,39253,8874,8301,2532,2357,46464,44319,534629,506039,60825,57432,66123,60227,21038,20098,5870,5580
R,1,2026,20,4474551,2295397,2179154,1581370,1490543,335661,325498,62040,57214,146048,142161,7825,7457,162453,156281,1732170,1635458,405982,394226,119368,111861,199542,193624,17734,16987,1667196,1590049,1092655,1030525,296236,288265,18057,17610,137561,134240,5267,5156,117420,114253,1202083,1136851,347244,338946,53730,51944,179475,174621,12017,11779,628201,589105,488715,460018,39425,37233,43983,39604,8487,7921,2558,2301,45033,42028,530087,498607,58738,55280,65638,59917,20067,19003,5717,5208
R,1,2026,21,4499996,2308103,2191893,1592301,1502823,335535,323747,62239,56155,152204,148595,7941,7294,157883,153279,1738666,1644896,403084,390542,118741,111008,204417,198376,17732,16638,1683591,1605781,1104323,1043502,296739,287177,18258,17093,143769,140769,5461,5134,115041,112106,1211359,1147717,345834,336292,54019,51903,184827,180086,12213,11598,624512,586112,487978,459321,38796,36570,43981,39062,8435,7826,2480,2160,42842,41173,527307,497179,57250,54250,64722,59105,19590,18290,5519,5040
R,1,2026,22,4513259,2315602,2197657,1602029,1509593,333639,323110,61659,55751,156392,152816,7957,7255,153926,149132,1744658,1647838,398233,386888,118252,110168,206838,201307,17521,16365,1696191,1616494,1117044,1053491,295427,286870,17868,17012,148382,145071,5466,5119,112004,108931,1221199,1154842,342582,333704,53585,51680,188141,183070,12073,11497,619411,581163,484985,456102,38212,36240,43791,38739,8010,7745,2491,2136,41922,40201,523459,492996,55651,53184,64667,58488,18697,18237,5448,4868
R,1,2026,23,4537329,2321504,2215825,1599789,1517412,339412,331838,61796,56126,165189,159749,7848,7392,147470,143308,1736292,1649679,400665,392779,116854,109142,213531,206207,17100,16288,1703791,1634217,1115066,1059997,300729,295355,17790,16964,157240,152058,5567,5182,107399,104661,1214666,1156929,345474,340125,52662,50679,195244,188657,12057,11375,617713,581608,484723,457415,38683,36483,44006,39162,7949,7691,2281,2210,40071,38647,521626,492750,55191,52654,64192,58463,18287,17550,5043,4913
R,1,2026,24,4713244,2392012,2321232,1643467,1587422,355659,354234,60860,55919,182189,175704,7995,7943,141842,140010,1774025,1716326,414750,413951,113642,106913,228736,221566,17390,17135,1771613,1732044,1155076,1122364,315839,316399,17640,17408,174213,167647,5710,5622,103135,102604,1250215,1217024,358768,360390,51054,49882,210932,204031,12310,12170,620399,589188,488391,465058,39820,37835,43220,38511,7976,8057,2285,2321,38707,37406,523810,499302,55982,53561,62588,57031,17804,17535,5080,4965
R,1,2026,25,4974519,2517971,2456548,1728437,1678307,376350,376010,62001,56944,203721,198714,8750,8603,138712,137970,1855740,1804788,433573,435077,113449,106300,249879,244808,18169,17829,1885767,1854489,1229392,1201572,335582,336968,18245,17779,195193,190315,6426,6114,100929,101741,1322189,1295045,377089,380468,50654,49350,231793,227180,13161,12694,632204,602059,499045,476735,40768,39042,43756,39165,8528,8399,2324,2489,37783,36229,533551,509743,56484,54609,62795,56950,18086,17628,5008,5135
R,1,2026,26,4808418,2435087,2373331,1686782,1631961,354576,356790,59245,53748,196158,192747,8500,8264,129826,129821,1805748,1751138,407995,411949,108062,100552,238866,235769,17380,16882,1828218,1795514,1205810,1172862,316104,319468,17427,16777,188034,184744,6262,5832,94581,95831,1292651,1260989,354948,360380,48198,46664,222118,219242,12567,11937,606869,577817,480972,459099,38472,37322,41818,36971,8124,8003,2238,2432,35245,33990,513097,490149,53047,51569,59864,53888,16748,16527,4813,4945
R,1,2026,27,4733391,2395625,2337766,1664167,1606815,346154,349046,58031,52792,192339,193995,8312,8139,126622,126979,1780187,1723426,397151,402568,106119,99481,234060,235561,17066,16443,1800715,1771207,1192882,1156271,308429,312970,16733,16055,184201,185932,6062,5795,92408,94184,1277670,1242994,345549,352607,47154,46184,217568,219445,12341,11785,594910,566559,471285,450544,37725,36076,41298,36737,8138,8063,2250,2344,34214,32795,502517,480432,51602,49961,58965,53297,16492,16116,4725,4658
R,1,2026,28,4555651,2305382,2250269,1600380,1540950,329582,332329,56155,50603,192061,197560,7960,7625,119244,121202,1709667,1652075,377124,382752,101965,95782,231512,237343,15987,15378,1733309,1706858,1146957,1108353,293720,298267,15774,15155,184207,189772,5794,5473,86857,89838,1226641,1190840,327983,335706,44775,44075,215881,222067,11563,11086,572073,543411,453423,432597,35862,34062,40381,35448,7854,7788,2166,2152,32387,31364,483026,461235,49141,47046,57190,51707,15631,15276,4424,4292
R,1,2026,29,4518773,2283219,2235554,1590815,1529997,321060,327170,55963,50255,191233,201571,7735,7390,116413,119171,1697238,1639197,366796,375913,101163,95420,229792,240570,15754,15182,1714250,1696693,1139212,1101596,285541,293431,15423,14728,183727,193898,5602,5452,84745,87588,1216878,1181984,318353,329291,43667,43367,214987,225443,11415,11052,568969,538861,451603,428401,35519,33739,40540,35527,7506,7673,2133,1938,31668,31583,480360,457213,48443,46622,57496,52053,14805,15127,4339,4130
R,1,2026,30,4531654,2285523,2246131,1593154,1538250,322835,330220,56297,50358,191731,203274,7763,7416,113743,116613,1697009,1644715,367114,377752,101307,95602,229089,240879,15723,15297,1719980,1706144,1145524,1109094,287116,295875,15341,14556,183963,195319,5674,5536,82362,85764,1220785,1187609,318675,330583,43631,43355,214124,225871,11459,11268,565543,539987,447630,429156,35719,34345,40956,35802,7768,7955,2089,1880,31381,30849,476224,457106,48439,47169,57676,52247,14965,15008,4264,4029
R,1,2026,31,4551116,2288377,2262739,1597108,1547179,325644,340320,55616,50487,190912,201494,7809,7506,111288,115753,1698505,1652905,368240,386782,100655,96316,227248,238680,15775,15293,1730398,1726431,1154990,1121231,290531,305607,15411,14859,183292,193873,5777,5543,80397,85318,1228267,1199157,320797,339533,43552,44359,212761,224245,11588,11240,557979,536308,442118,425948,35113,34713,40205,35628,7620,7621,2032,1963,30891,30435,470238,453748,47443,47249,57103,51957,14487,14435,4187,4053
R,1,2026,32,4581718,2301459,2280259,1607402,1557262,329187,347287,55741,50890,193573,203332,7794,7379,107762,114109,1705245,1661344,369947,392766,99476,97009,229171,239671,15758,15056,1750126,1747961,1169408,1134457,294646,313103,15626,15314,186214,195667,5698,5353,78534,84067,1240747,1211342,323801,346026,43208,45284,215267,225250,11532,10999,551333,532298,437994,422805,34541,34184,40115,35576,7359,7665,2096,2026,29228,30042,464498,450002,46146,46740,56268,51725,13904,14421,4226,4057
R,1,2026,33,4676073,2346902,2329171,1642722,1594166,334859,355655,57093,52203,196538,205856,7643,7444,108047,113847,1740960,1698039,374664,399537,102339,99799,231873,241859,15572,15163,1791577,1792466,1201511,1168171,300250,320696,16277,15766,189178,198353,5716,5405,78645,84075,1273022,1244950,328471,352375,45143,47033,217961,227887,11527,11065,555325,536705,441211,425995,34609,34959,40816,36437,7360,7503,1927,2039,29402,29772,467938,453089,46193,47162,57196,52766,13912,13972,4045,4098
R,1,2026,34,4720547,2360189,2360358,1657365,1617540,335351,362257,56809,51695,197890,208380,7911,7527,104863,112959,1752481,1720229,373487,405209,101508,99786,231921,244271,15716,15269,1813948,1832015,1223840,1199427,300794,326589,16604,16237,190672,200843,5915,5623,76123,83296,1292940,1275252,327568,357263,45013,47886,218523,230130,11734,11377,546241,528343,433525,418113,34557,35668,40205,35458,7218,7537,1996,1904,28740,29663,459541,444977,45919,47946,56495,51900,13398,14141,3982,3892
R,1,2026,35,4830605,2416562,2414043,1704138,1659638,340096,368251,57758,52820,202523,213239,7867,7730,104180,112365,1798473,1762063,376841,409861,102911,102040,236954,248444,15657,15449,1864957,1883027,1265953,1239411,305572,332752,16899,16571,195136,205878,5834,5724,75563,82691,1334451,1314914,331033,362207,45585,49017,223420,234730,11599,11436,551605,531016,438185,420227,34524,35499,40859,36249,7387,7361,2033,2006,28617,29674,464022,447149,45808,47654,57326,53023,13534,13714,4058,4013
R,1,2026,36,4735378,2364787,2370591,1669528,1629563,332861,361407,55356,51085,199026,212609,7756,7319,100260,108608,1760610,1728186,367523,400893,99411,99667,231771,246581,15216,14756,1840552,1859246,1252864,1223961,299926,327420,16507,16396,192131,205596,5819,5461,73305,80412,1319444,1296958,323949,355464,45087,48939,219205,233596,11456,11170,524235,511345,416664,405602,32935,33987,38849,34689,6895,7013,1937,1858,26955,28196,441166,431228,43574,45429,54324,50728,12566,12985,3760,3586
R,1,2026,37,4639412,2309071,2330341,1639051,1609921,315869,347162,53912,50677,197401,211531,7413,7328,95425,103722,1725485,1704093,348159,384211,96257,97852,228818,244034,14610,14366,1799668,1831261,1233326,1213622,284673,314257,16108,16207,190574,204705,5477,5423,69510,77047,1296231,1283645,306968,340271,43263,48028,216612,231639,10970,10781,509403,499080,405725,396299,31196,32905,37804,34470,6827,6826,1936,1905,25915,26675,429254,420448,41191,43940,52994,49824,12206,12395,3640,3585
R,1,2026,38,4547096,2263838,2283258,1618909,1586338,304407,335472,52664,48763,188724,204257,7253,7089,91881,101339,1702137,1678546,335107,371083,94287,95806,218527,235440,14274,14069,1766546,1796165,1221656,1198790,274158,303999,15640,15380,182184,197619,5383,5227,67525,75150,1282739,1267230,295519,329093,42775,47103,207030,223484,10784,10473,497292,487093,397253,387548,30249,31473,37024,33383,6540,6638,1870,1862,24356,26189,419398,411316,39588,41990,51512,48703,11497,11956,3490,3596
R,1,2026,39,4523472,2249957,2273515,1616891,1588745,299191,330450,52064,48980,184910,200248,7211,6941,89690,98151,1698123,1677764,328226,364466,93680,95942,214174,230191,14094,13511,1757395,1790723,1223136,1204249,269460,299565,15309,15272,178512,193737,5411,5114,65567,72786,1282471,1270235,289351,323464,42333,47055,202851,218600,10682,10124,492562,482792,393755,384496,29731,30885,36755,33708,6398,6511,1800,1827,24123,25365,415652,407529,38875,41002,51347,48887,11323,11591,3412,3387
R,1,2026,40,4560360,2268980,2291380,1637130,1607779,298924,329701,52731,49155,184350,200835,7076,6928,88769,96982,1717467,1695957,327454,362150,94821,96381,212780,230063,13846,13721,1774547,1809188,1241686,1222363,269539,299844,15062,15625,178028,194306,5333,5238,64899,71812,1300395,1287678,288901,322272,42740,47937,201685,218546,10418,10384,494433,482192,395444,385416,29385,29857,37669,33530,6322,6529,1743,1690,23870,25170,417072,408279,38553,39878,52081,48444,11095,11517,3428,3337
R,1,2026,41,4458112,2212685,2245427,1600658,1578010,287117,320674,51207,48600,182240,198532,6848,6740,84615,92871,1677186,1662040,313250,351395,92055,94994,209301,226220,13489,13265,1736633,1773761,1219362,1200466,259560,291898,14719,15239,175969,192366,5124,5040,61899,68752,1275279,1262720,277421,313080,41590,46934,198467,215269,10219,10040,476052,471666,381296,377544,27557,28776,36488,33361,6271,6166,1724,1700,22716,24119,401907,399320,35829,38315,50465,48060,10834,10951,3270,3225
R,1,2026,42,4397220,2178333,2218887,1580296,1561914,281542,316005,50618,47650,177092,195260,6699,6731,82086,91327,1654317,1644532,306956,345451,91115,94615,202865,221924,13106,13204,1710722,1752102,1205434,1187082,254339,288026,14660,14909,171268,189321,5010,5032,60011,67732,1259434,1248293,271616,308499,41468,47309,192596,211340,9908,9977,467611,466785,374862,374832,27203,27979,35958,32741,5824,5939,1689,1699,22075,23595,394883,396239,35340,36952,49647,47306,10269,10584,3198,3227
R,1,2026,43,4446369,2196868,2249501,1597689,1587870,284194,319014,51399,48865,175048,195298,6492,6689,82046,91765,1671909,1670836,309284,348461,92867,97018,199930,221461,12938,13052,1724845,1773766,1218602,1205254,257018,290729,14993,15388,169254,189224,4817,4984,60161,68187,1272929,1266874,274221,311201,42601,48820,189951,210814,9793,9851,472023,475735,379087,382616,27176,28285,36406,33477,5794,6074,1675,1705,21885,23578,398980,403962,35063,37260,50266,48198,9979,10647,3145,3201
R,1,2026,44,4332296,2135778,2196518,1560242,1555466,275507,311893,49331,47088,165709,187428,6375,6366,78614,88277,1631064,1635207,299351,340408,89731,93840,189231,212206,12374,12598,1682986,1735160,1196602,1184331,249630,284500,14188,14619,160111,181559,4733,4674,57722,65477,1248485,1243558,266065,304298,41274,46999,179638,201960,9347,9383,452792,461358,363640,371135,25877,27393,35143,32469,5598,5869,1642,1692,20892,22800,382579,391649,33286,36110,48457,46841,9593,10246,3027,3215
R,1,2026,45,4406621,2176374,2230247,1590514,1578668,286782,322495,50939,48423,162640,185554,6634,6551,78865,88556,1661561,1658639,310797,350664,91695,96193,185983,209912,12786,12646,1709000,1758675,1213918,1198670,260784,294653,14831,15104,156862,179577,4856,4867,57749,65804,1265819,1258038,277214,314345,42148,48469,176148,199645,9618,9479,467374,471572,376596,379998,25998,27842,36108,33319,5778,5977,1778,1684,21116,22752,395742,400601,33583,36319,49547,47724,9835,10267,3168,3167
R,1,2026,46,4227470,2084532,2142938,1525407,1517474,274315,309857,48156,46215,155471,178726,6168,6270,75015,84396,1593078,1593506,296805,337044,87799,91736,176976,201768,11840,12130,1642933,1693386,1168874,1155111,250087,283341,14029,14481,150184,173248,4622,4601,55137,62604,1218512,1211513,265416,302007,40885,46338,168086,192250,9044,9068,441599,449552,356533,362363,24228,26516,34127,31734,5287,5478,1546,1669,19878,21792,374566,381993,31389,35037,46914,45398,8890,9518,2796,3062
R,1,2026,47,4058955,1995406,2063549,1462658,1464268,261269,295387,45815,44629,148971,173326,5912,5828,70781,80111,1526397,1536499,282294,320702,83576,88230,169373,195165,11079,11258,1571269,1628910,1119263,1113158,238331,270314,13322,13772,143885,167780,4420,4255,52048,59631,1166057,1166871,252770,287845,38985,44413,160737,185827,8373,8427,424137,434639,343395,351110,22938,25073,32493,30857,5086,5546,1492,1573,18733,20480,360340,369628,29524,32857,44591,43817,8636,9338,2706,2831
R,1,2026,48,4025285,1974806,2050479,1456054,1462909,253828,289878,45366,44605,144381,168743,5607,5952,69570,78392,1518844,1533574,274336,314341,83275,87855,164024,190034,10694,11240,1556751,1617662,1116111,1111639,232104,265386,13520,14292,139467,163541,4212,4360,51337,58444,1162353,1164277,246004,282383,39405,44735,155935,181136,8121,8451,418055,432817,339943,351270,21724,24492,31846,30313,4914,5202,1395,1592,18233,19948,356491,369297,28332,31958,43870,43120,8089,8898,2573,2789
R,1,2026,49,3883526,1903975,1979551,1401076,1410456,242670,278093,43503,42192,144719,168196,5445,5433,66562,75181,1460958,1478157,261554,301166,79887,84466,163688,188350,10514,10424,1499263,1557859,1071052,1066485,221617,254925,13110,13400,140050,163058,4089,4012,49345,55979,1115327,1116785,234509,270867,38079,43157,155986,179762,8000,7857,404712,421692,330024,343971,21053,23168,30393,28792,4669,5138,1356,1421,17217,19202,345631,361372,27045,30299,41808,41309,7702,8588,2514,2567
R,1,2026,50,3857632,1890673,1966959,1390691,1401427,241988,276329,42610,41725,146257,169939,5134,5433,63993,72106,1448317,1466299,260247,298150,78448,82361,163730,189209,9623,10224,1493174,1552983,1065894,1062170,221386,254239,12865,13501,141650,164921,3902,4051,47477,54101,1108559,1110823,233911,269455,37743,42322,156198,180981,7395,7748,397499,413976,324797,339257,20602,22090,29745,28224,4607,5018,1232,1382,16516,18005,339758,355476,26336,28695,40705,40039,7532,8228,2228,2476
R,1,2026,51,3850695,1887571,1963124,1395676,1408013,238109,271439,41625,41040,144902,166592,5030,5145,62229,70895,1451642,1471904,255508,292362,76656,81654,161893,185409,9523,9589,1500105,1556395,1077706,1073897,218664,250149,12917,13341,140438,161833,3806,3799,46574,53376,1119531,1121858,230916,264842,37375,42389,154680,177574,7258,7224,387466,406729,317970,334116,19445,21290,28708,27699,4464,4759,1224,1346,15655,17519,332111,350046,24592,27520,39281,39265,7213,7835,2265,2365
R,1,2026,52,3776059,1845850,1930209,1362730,1381494,234395,268127,39623,39670,144017,167516,4876,5131,60209,68271,1416873,1442796,251000,288212,73754,78653,160553,185816,9099,9595,1477050,1539555,1059393,1059717,216220,247893,12394,13341,139856,162871,3697,3784,45490,51949,1100117,1106304,227802,262075,36706,41631,153814,178222,7033,7249,368800,390654,303337,321777,18175,20234,27229,26329,4161,4645,1179,1347,14719,16322,316756,336492,23198,26137,37048,37022,6739,7594,2066,2346
R,1,2026,53,3921999,1912772,2009227,1414614,1441347,244892,281535,41095,40233,145862,171400,4902,5126,61407,69586,1469899,1503857,261344,301794,76587,80581,162351,189510,9237,9693,1540633,1613613,1108268,1114847,226889,260994,13269,13713,141656,166754,3723,3819,46828,53486,1150282,1162743,238550,275511,38889,43367,155592,182087,7162,7434,372139,395614,306346,326500,18003,20541,27826,26520,4206,4646,1179,1307,14579,16100,319617,341114,22794,26283,37698,37214,6759,7423,2075,2259
R,1,2026,54,4075638,1988188,2087450,1495477,1521762,247010,285257,39054,39900,140002,164257,4944,4887,61701,71387,1550976,1586208,263424,305405,75299,82424,156048,181984,9284,9396,1628072,1702595,1197593,1203861,229602,265766,13426,14119,135844,159718,3731,3705,47876,55426,1240571,1253765,241455,280326,40211,46024,149557,174728,7212,7265,360116,384855,297884,317901,17408,19491,25628,25781,4158,4539,1213,1182,13825,15961,310405,332443,21969,25079,35088,36400,6491,7256,2072,2131
R,1,2026,55,4273297,2087122,2186175,1577281,1605444,259202,296884,40137,39925,141468,166129,4929,5075,64105,72718,1635089,1670888,276123,317348,78661,83924,157200,183643,9374,9804,1721097,1802431,1274727,1287934,241325,277228,13880,14629,137351,161686,3768,3882,50046,57072,1319779,1339140,253642,292311,42718,48188,150770,176455,7344,7676,366025,383744,302554,317510,17877,19656,26257,25296,4117,4443,1161,1193,14059,15646,315310,331748,22481,25037,35943,35736,6430,7188,2030,2128
R,1,2026,56,4095127,1994212,2100915,1518249,1553365,240993,278494,37251,38009,133821,157921,4695,4921,59203,68205,1571709,1614830,256221,297368,73109,79704,148430,174162,8980,9363,1646731,1733162,1229623,1248470,224343,260026,13023,14005,130016,153748,3629,3795,46097,53118,1271118,1296241,235331,273718,39884,45578,142481,167395,7104,7368,347481,367753,288626,304895,16650,18468,24228,24004,3805,4173,1066,1126,13106,15087,300591,318589,20890,23650,33225,34126,5949,6767,1876,1995
R,1,2026,57,3970912,1932137,2038775,1468532,1506682,235492,271370,36956,36339,131104,155214,4333,4839,55720,64331,1518742,1564578,249837,289062,70989,76194,144563,170052,8248,8980,1598060,1687657,1191002,1214800,219603,253772,13018,13798,127582,151274,3352,3695,43503,50318,1230123,1259970,229964,266516,38786,44372,138979,163809,6507,7015,334077,351118,277530,291882,15889,17598,23938,22541,3522,3940,981,1144,12217,14013,288619,304608,19873,22546,32203,31822,5584,6243,1741,1965
R,1,2026,58,3895220,1887827,2007393,1446232,1492599,230473,270956,34593,35354,118876,142116,4398,4600,53255,61768,1494364,1548217,243911,288175,67737,74041,131194,155754,8054,8645,1569502,1668940,1180973,1210814,215498,253852,12655,13705,115396,138371,3427,3580,41553,48618,1218405,1254515,225177,266453,37769,43638,125830,149731,6420,6818,318325,338453,265259,281785,14975,17104,21938,21649,3480,3745,971,1020,11702,13150,275959,293702,18734,21722,29968,30403,5364,6023,1634,1827
R,1,2026,59,3922599,1896478,2026121,1458390,1514502,232167,274903,33900,34533,115613,136440,4466,4627,51942,61116,1505044,1569454,245601,291670,66467,73342,127418,149495,8109,8568,1584270,1695802,1197123,1238569,217703,258415,12823,13999,112324,132877,3464,3603,40833,48339,1233722,1281961,227423,270773,37768,44194,122299,143867,6449,6766,312208,330319,261267,275933,14464,16488,21077,20534,3289,3563,1002,1024,11109,12777,271322,287493,18178,20897,28699,29148,5119,5628,1660,1802
R,1,2026,60,4055300,1958094,2097206,1507289,1569372,241317,285029,34689,35620,117229,140452,4391,4750,53179,61983,1554998,1624989,254796,301975,68495,75095,129007,153808,8181,8739,1647020,1767343,1247378,1294075,226357,268481,13626,14849,114030,136901,3450,3706,42179,49331,1285107,1338256,236265,280988,39844,45795,124061,148151,6565,6955,311074,329863,259911,275297,14960,16548,21063,20771,3199,3551,941,1044,11000,12652,269891,286733,18531,20987,28651,29300,4946,5657,1616,1784
R,1,2026,61,4213918,2024367,2189551,1574689,1658210,242328,289541,34028,34853,116059,139254,4083,4641,53180,63052,1622654,1714976,255193,306333,68572,76134,127453,152020,7712,8564,1726408,1867722,1324657,1388043,228703,273582,13916,15375,113006,135946,3205,3661,42921,51115,1363296,1433986,238306,286285,41362,48552,122732,146803,6192,6902,297959,321829,250032,270167,13625,15959,20112,19478,3053,3308,878,980,10259,11937,259358,280990,16887,20048,27210,27582,4721,5217,1520,1662
R,1,2026,62,4210246,2019075,2191171,1575410,1667578,235951,282014,32930,33889,117950,141118,3991,4470,52843,62102,1623035,1723450,248626,298164,67715,74592,129072,153802,7476,8433,1733614,1880851,1335811,1407133,222721,266716,14053,15204,115093,137878,3178,3498,42758,50422,1374229,1452413,232258,278977,41758,47963,124642,148697,6061,6767,285461,310320,239599,260445,13230,15298,18877,18685,2857,3240,813,972,10085,11680,248806,271037,16368,19187,25957,26629,4430,5105,1415,1666
R,1,2026,63,4200002,2008290,2191712,1575833,1678784,231503,279693,31714,33070,114590,134828,4011,4481,50639,60856,1621503,1733600,243531,295444,64939,73454,125320,146983,7454,8225,1735507,1892670,1346190,1426833,219147,265476,13713,15236,111761,131671,3206,3593,41490,49861,1383536,1471659,228213,277569,40586,48110,121066,142039,6124,6672,272783,299042,229643,251951,12356,14217,18001,17834,2829,3157,805,888,9149,10995,237967,261941,15318,17875,24353,25344,4254,4944,1330,1553
R,1,2026,64,4156459,1982047,2174412,1575515,1686189,222234,271515,29833,31808,100698,121775,3908,4134,49859,58991,1620478,1739327,233904,286722,63005,71362,111094,133235,7086,7729,1728320,1894336,1361754,1450035,210764,258367,13488,15145,98252,118916,3152,3297,40910,48576,1398544,1493690,219661,270053,40325,47527,107304,128768,5846,6258,253727,280076,213761,236154,11470,13148,16345,16663,2446,2859,756,837,8949,10415,221934,245637,14243,16669,22680,23835,3790,4467,1240,1471
R,1,2026,65,4200252,1995544,2204708,1581629,1705143,226793,276450,29694,31941,104523,128337,3757,4222,49148,58615,1626060,1757816,238519,291408,62297,71245,114587,139766,6976,7813,1744000,1924856,1369400,1468848,215439,263550,13377,15216,102119,125465,3058,3399,40607,48378,1406032,1512277,224433,275115,40020,47410,110920,135285,5728,6356,251544,279852,212229,236295,11354,12900,16317,16725,2404,2872,699,823,8541,10237,220028,245539,14086,16293,22277,23835,3667,4481,1248,1457
R,1,2026,66,4064262,1923015,2141247,1533818,1664955,213407,265666,27652,30002,98546,121710,3472,3854,46120,55060,1575316,1714526,223986,279792,58383,66939,108303,132388,6479,7153,1692996,1881913,1339603,1446245,203083,253374,12811,14468,96300,119066,2839,3145,38360,45615,1374041,1487183,211297,264416,38019,44902,104842,128289,5362,5886,230019,259334,194215,218710,10324,12292,14841,15534,2246,2644,633,709,7760,9445,201275,227343,12689,15376,20364,22037,3461,4099,1117,1267
R,1,2026,67,3987158,1879441,2107717,1501016,1640997,207560,259059,25753,28593,97832,122052,3334,3694,43946,53322,1540633,1688973,217764,272733,55405,64550,106692,132253,6049,6806,1664133,1861921,1319311,1433160,197562,247652,12242,14194,95733,119514,2724,3046,36561,44355,1352183,1472966,205511,258390,36603,43958,103551,128314,5024,5601,215308,245796,181705,207837,9998,11407,13511,14399,2099,2538,610,648,7385,8967,188450,216007,12253,14343,18802,20592,3141,3939,1025,1205
R,1,2026,68,3960422,1858296,2102126,1492495,1647248,199351,252581,25136,27400,95643,119991,3148,3484,42523,51422,1530736,1693537,209145,265481,53767,62772,104349,129437,5841,6444,1652312,1863855,1317868,1444880,190270,241756,12092,13731,93746,117670,2619,2834,35717,42984,1349886,1483468,198007,251913,35891,43193,101440,125886,4924,5326,205984,238271,174627,202368,9081,10825,13044,13669,1897,2321,529,650,6806,8438,180850,210069,11138,13568,17876,19579,2909,3551,917,1118
R,1,2026,69,3828873,1788562,2040311,1441201,1600480,189064,244267,23444,25906,91947,117582,2957,3356,39949,48720,1477306,1644294,198274,256736,50426,59193,99952,126643,5480,6181,1595800,1815176,1277718,1409205,180540,233842,11344,13211,90122,115295,2455,2789,33621,40834,1308049,1445834,187804,243736,33815,40967,97205,123155,4585,5189,192762,225135,163483,191275,8524,10425,12100,12695,1825,2287,502,567,6328,7886,169257,198460,10470,13000,16611,18226,2747,3488,895,992
R,1,2026,70,3684880,1715996,1968884,1386912,1550187,177120,230373,22138,24573,89414,114965,2773,3211,37639,45575,1420845,1591055,185726,241990,47575,55690,96931,123494,5178,5910,1533701,1753685,1232268,1366974,168870,220582,10811,12463,87690,112844,2303,2604,31759,38218,1260829,1401125,175659,229762,32094,38431,94333,120314,4364,4914,182295,215199,154644,183213,8250,9791,11327,12110,1724,2121,470,607,5880,7357,160016,189930,10067,12228,15481,17259,2598,3180,814,996
R,1,2026,71,3587939,1663055,1924884,1350185,1523939,168720,221358,20555,23277,86128,109771,2690,3112,34777,43427,1381454,1562787,176815,232366,44103,53067,93006,117870,4927,5800,1493689,1721033,1206155,1350039,161194,212197,10269,12024,84567,107809,2235,2580,29269,36384,1232407,1382460,167568,220837,29873,36884,90684,114872,4161,4867,169366,203851,144030,173900,7526,9161,10286,11253,1561,1962,455,532,5508,7043,149047,180327,9247,11529,14230,16183,2322,2998,766,933
R,1,2026,72,3377208,1556886,1820322,1274878,1452407,151468,203553,18484,20907,77948,100692,2319,2740,31789,40023,1303535,1488372,158780,213781,40288,48268,84097,107976,4332,5120,1403793,1633565,1144183,1292416,144718,195233,9407,11099,76562,98928,1924,2273,26999,33616,1168497,1322521,150504,203324,27775,34009,82059,105300,3660,4334,153093,186757,130695,159991,6750,8320,9077,9808,1386,1764,395,467,4790,6407,135038,165851,8276,10457,12513,14259,2038,2676,672,786
R,1,2026,73,3275349,1503076,1772273,1236145,1418233,141818,194860,17077,19861,76621,99396,2239,2642,29176,37281,1262344,1451690,148688,204376,36935,45473,82359,106083,4132,4946,1360760,1595220,1114261,1265994,135464,187086,8852,10709,75382,97767,1905,2195,24896,31469,1136537,1294126,140991,194694,25707,32269,80492,103630,3532,4178,142316,177053,121884,152239,6354,7774,8225,9152,1239,1629,334,447,4280,5812,125807,157564,7697,9682,11228,13204,1867,2453,600,768
R,1,2026,74,3070583,1402774,1667809,1162618,1343705,129247,181009,15391,18105,66167,87855,1949,2358,27402,34777,1187274,1374943,135561,189991,34428,42397,71272,93696,3694,4391,1272041,1505101,1050095,1203646,123687,173883,8176,9790,65033,86426,1664,1944,23386,29412,1071047,1229956,128795,180996,24278,30419,69595,91520,3175,3699,130733,162708,112523,140059,5560,7126,7215,8315,1134,1429,285,414,4016,5365,116227,144987,6766,8995,10150,11978,1677,2176,519,692
R,1,2026,75,2911148,1321899,1589249,1088216,1271039,123805,175190,14658,17363,67626,90928,1915,2258,25679,32471,1111312,1300110,129903,183771,32252,39734,72380,96638,3539,4247,1197027,1429837,980852,1133607,118346,168244,7758,9289,66542,89515,1624,1897,21905,27285,1000470,1157945,123232,175043,22712,28074,70767,94458,3052,3604,124872,159412,107364,137432,5459,6946,6900,8074,1084,1413,291,361,3774,5186,110842,142165,6671,8728,9540,11660,1613,2180,487,643
R,1,2026,76,2778424,1255551,1522873,1041841,1227723,111442,161672,13483,15688,63624,85359,1725,2032,23436,30399,1062984,1254917,116817,169568,29715,36817,67911,90482,3303,3920,1142502,1376996,944326,1101404,106727,155412,7240,8628,62614,84018,1466,1704,20129,25830,962432,1124412,111065,161808,21122,26588,66447,88521,2860,3346,113049,145877,97515,126319,4715,6260,6243,7060,1010,1341,259,328,3307,4569,100552,130505,5752,7760,8593,10229,1464,1961,443,574
R,1,2026,77,2677488,1204640,1472848,1006080,1197257,103026,150270,12348,14647,59518,79649,1622,1993,22046,29032,1025877,1223234,108133,157957,27710,34693,63562,84555,3078,3780,1100901,1336563,916201,1079144,98782,144558,6936,8178,58586,78362,1357,1693,19039,24628,933248,1101104,102967,150734,20121,25187,62220,82637,2658,3247,103739,136285,89879,118113,4244,5712,5412,6469,932,1287,265,300,3007,4404,92629,122130,5166,7223,7589,9506,1342,1918,420,533
R,1,2026,78,2660221,1192566,1467655,1013008,1215097,91558,136287,11496,13621,53866,72591,1485,1761,21153,28298,1032171,1240567,96314,143511,26363,33624,57553,77124,2830,3406,1095514,1339512,928648,1103653,87772,130856,6438,7677,53051,71508,1276,1496,18329,24322,945232,1125472,91662,136770,19278,24851,56345,75513,2495,2973,97052,128143,84360,111444,3786,5431,5058,5944,815,1083,209,265,2824,3976,86939,115095,4652,6741,7085,8773,1208,1611,335,433
R,1,2026,79,2297597,1023426,1274171,869695,1055747,76599,116297,9827,12048,47708,64542,1288,1497,18309,24040,886318,1077435,80662,122372,22616,28729,50882,68533,2496,3040,938351,1158996,795617,955589,73229,111431,5588,6856,47036,63489,1093,1261,15788,20370,809949,973900,76514,116284,16586,21036,49861,66967,2166,2602,85075,115175,74078,100158,3370,4866,4239,5192,672,1053,195,236,2521,3670,76369,103535,4148,6088,6030,7693,1021,1566,330,438
R,1,2026,80,1838237,808681,1029556,679819,843442,64489,100427,8042,10397,41024,54688,1079,1439,14228,19163,692615,860564,67762,105503,17765,23467,43695,58004,2148,2746,733925,926023,614471,753160,61556,96093,4442,5641,40368,53759,919,1197,12169,16173,625365,767530,64166,100160,12730,16672,42721,56674,1865,2340,74756,103533,65348,90282,2933,4334,3600,4756,656,929,160,242,2059,2990,67250,93034,3596,5343,5035,6795,974,1330,283,406
R,1,2026,81,1737355,754982,982373,638676,809284,57536,93005,7284,9580,37222,51043,958,1242,13306,18219,650675,825498,60754,98074,16312,21980,39683,54080,1927,2525,689235,888464,581095,727095,54946,89277,4100,5263,36750,50247,827,1044,11517,15538,591454,740873,57568,93374,11903,15854,38952,52911,1694,2180,65747,93909,57581,82189,2590,3728,3184,4317,472,796,131,198,1789,2681,59221,84625,3186,4700,4409,6126,731,1169,233,345
R,1,2026,82,1683118,723828,959290,618036,801148,52631,86444,6620,8888,33417,44404,828,1107,12296,17299,629144,816650,55473,91099,15221,20836,35534,47167,1749,2287,663916,872048,565410,724732,50342,82940,3856,4984,32915,43708,716,930,10677,14754,575043,737890,52653,86716,11332,15215,34815,46106,1522,1975,59912,87242,52626,76416,2289,3504,2764,3904,502,696,112,177,1619,2545,54101,78760,2820,4383,3889,5621,719,1061,227,312
R,1,2026,83,1543691,656151,887540,559973,740806,47273,79585,5829,8016,31452,42756,717,1023,10907,15354,569795,754549,49870,83779,13277,18609,33442,45227,1489,2030,602850,807132,513065,670335,45168,76311,3463,4448,31048,42100,605,850,9501,13088,521598,681995,47320,79717,9951,13513,32825,44257,1285,1745,53301,80408,46908,70471,2105,3274,2366,3568,404,656,112,173,1406,2266,48197,72554,2550,4062,3326,5096,617,970,204,285
R,1,2026,84,1273191,532392,740799,451947,615218,38885,67626,5047,6904,26686,36982,649,876,9178,13193,460201,626983,41145,71193,11247,16023,28389,39183,1305,1739,486463,672277,411543,554868,37126,65004,2975,3930,26347,36430,560,729,7912,11316,418652,564930,38953,67898,8318,11778,27869,38344,1132,1485,45929,68522,40404,60350,1759,2622,2072,2974,339,552,89,147,1266,1877,41549,62053,2192,3295,2929,4245,520,839,173,254
R,1,2026,85,1126937,462226,664711,389764,549372,34014,61587,4480,6407,25231,34874,590,776,8147,11695,397083,559766,36017,64918,9973,14280,26808,36873,1149,1583,420363,599252,352868,491794,32391,58991,2654,3574,24912,34352,497,636,7041,9905,359180,500543,34020,61669,7359,10254,26325,36109,989,1343,41863,65459,36896,57578,1623,2596,1826,2833,319,522,93,140,1106,1790,37903,59223,1997,3249,2614,4026,483,764,160,240
R,1,2026,86,975634,394090,581544,332457,480952,28825,53644,3739,5506,21757,30338,449,732,6863,10372,338595,490138,30504,56526,8338,12516,23075,32104,960,1478,358222,524165,300839,430266,27388,51329,2192,3154,21476,29869,365,596,5962,8951,306153,438149,28773,53691,6174,9243,22678,31428,832,1257,35868,57379,31618,50686,1437,2315,1547,2352,281,469,84,136,901,1421,32442,51989,1731,2835,2164,3273,397,676,128,221
R,1,2026,87,887377,353718,533659,299544,443758,24995,47726,3421,5171,19218,27129,389,594,6151,9281,305063,452012,26470,50397,7569,11355,20425,28675,829,1211,322086,481681,271555,397931,23816,45666,2055,2967,18983,26740,320,477,5357,7900,276356,404902,25000,47865,5676,8225,20059,28102,715,1027,31632,51978,27989,45827,1179,2060,1366,2204,235,389,69,117,794,1381,28707,47110,1470,2532,1893,3130,366,573,114,184
R,1,2026,88,756597,296827,459770,250536,380862,21135,41670,2786,4302,16705,24381,356,534,5309,8021,255352,387980,22523,43993,6305,9574,17692,25828,721,1114,270087,415315,226774,341558,20157,39889,1694,2510,16498,24025,307,441,4657,6892,230993,347632,21301,41803,4783,7065,17398,25300,630,959,26740,44455,23762,39304,978,1781,1092,1792,207,356,49,93,652,1129,24359,40348,1222,2190,1522,2509,294,528,91,155
R,1,2026,89,650582,250233,400349,211473,332969,17226,35295,2356,3789,14328,20983,263,473,4587,6840,215571,338954,18398,37346,5311,8199,15288,22277,641,984,227323,360681,191066,297847,16391,33750,1441,2180,14172,20669,226,396,4027,5839,194645,302922,17359,35470,4015,5911,15048,21817,576,843,22910,39668,20407,35122,835,1545,915,1609,156,314,37,77,560,1001,20926,36032,1039,1876,1296,2288,240,460,65,141
R,1,2026,90,558856,210622,348234,177605,288236,14846,31069,2005,3375,12120,18955,236,387,3810,6212,181019,293745,15846,32851,4408,7385,12907,20110,533,837,191275,313970,160426,257920,14103,29770,1233,1939,11984,18641,198,321,3331,5379,163402,262669,14952,31245,3317,5437,12702,19666,466,719,19347,34264,17179,30316,743,1299,772,1436,136,314,38,66,479,833,17617,31076,894,1606,1091,1948,205,444,67,118
R,1,2026,91,474975,175412,299563,148338,249073,12061,26358,1657,2841,9981,15634,229,329,3146,5328,151154,253748,12898,27890,3604,6318,10669,16667,475,725,159393,270643,133982,223418,11480,25257,1045,1665,9872,15405,195,277,2819,4621,136495,227451,12201,26531,2775,4679,10507,16338,415,638,16019,28920,14356,25655,581,1101,612,1176,109,229,34,52,327,707,14659,26297,697,1359,829,1639,162,329,60,87
R,1,2026,92,379795,137805,241990,116335,200157,9353,21303,1325,2233,8072,13694,169,263,2551,4340,118628,203914,9966,22564,2964,5004,8648,14571,366,636,125266,218476,105178,179202,8918,20369,825,1364,7970,13508,139,229,2236,3804,107178,182483,9437,21424,2240,3792,8498,14305,315,570,12539,23514,11157,20955,435,934,500,869,102,186,30,34,315,536,11450,21431,529,1140,724,1212,150,266,51,66
R,1,2026,93,332333,117514,214819,99011,177857,8111,18867,1124,2085,6852,11988,127,278,2289,3744,101054,181145,8715,19979,2516,4467,7371,12720,325,577,107004,194525,89632,159774,7732,18069,690,1313,6776,11819,117,236,2057,3314,91469,162677,8248,19023,1944,3431,7246,12475,299,510,10510,20294,9379,18083,379,798,434,772,76,169,10,42,232,430,9585,18468,467,956,572,1036,125,245,26,67
R,1,2026,94,260454,89696,170758,76620,143058,5315,13521,826,1561,5105,9304,101,210,1729,3104,78154,145726,5801,14451,1870,3537,5503,9930,257,501,81668,155098,69426,129049,5065,12964,519,984,5057,9183,83,176,1518,2742,70770,131395,5501,13750,1408,2731,5416,9753,218,437,8028,15660,7194,14009,250,557,307,577,48,121,18,34,211,362,7384,14331,300,701,462,806,87,177,39,64
R,1,2026,95,221968,74524,147444,62779,122496,4749,11929,747,1358,4734,8688,94,173,1421,2800,64051,124912,5142,12749,1592,3134,5072,9264,218,413,67720,133296,56722,109895,4500,11385,471,836,4672,8588,79,148,1276,2444,57865,111981,4832,12079,1229,2375,4982,9116,194,369,6804,14148,6057,12601,249,544,276,522,62,100,15,25,145,356,6186,12931,310,670,363,759,90,148,24,44
R,1,2026,96,165107,53413,111694,44843,92534,3436,9334,530,975,3430,6637,62,140,1112,2074,45812,94323,3749,9982,1201,2250,3696,7068,187,330,48608,101518,40543,83472,3292,8928,349,632,3395,6526,52,125,977,1835,41394,85040,3550,9492,930,1753,3642,6916,164,302,4805,10176,4300,9062,144,406,181,343,35,111,10,15,135,239,4418,9283,199,490,271,497,54,152,23,28
R,1,2026,97,129155,40770,88385,34302,73238,2584,7155,424,806,2572,5353,50,105,838,1728,35033,74705,2847,7710,936,1859,2769,5717,114,280,37061,80537,30992,66297,2456,6825,272,522,2547,5282,45,87,749,1524,31646,67581,2679,7308,733,1449,2729,5610,101,239,3709,7848,3310,6941,128,330,152,284,25,71,5,18,89,204,3387,7124,168,402,203,410,40,107,13,41
R,1,2026,98,96107,29058,67049,24211,55361,1903,5531,304,652,1917,4133,38,77,685,1295,24809,56457,2110,5910,693,1487,2074,4411,98,208,26550,61351,21978,50275,1821,5304,202,429,1904,4085,31,67,614,1191,22511,51282,1998,5639,549,1200,2053,4343,85,191,2508,5698,2233,5086,82,227,102,223,13,48,7,10,71,104,2298,5175,112,271,144,287,21,68,13,17
R,1,2026,99,66470,19348,47122,16010,38595,1268,3894,195,457,1371,3106,19,76,485,994,16444,39444,1392,4225,475,1034,1499,3317,74,189,17639,43082,14483,34991,1204,3733,139,330,1355,3070,15,70,443,888,14880,35742,1311,4026,396,834,1476,3267,62,176,1709,4040,1527,3604,64,161,56,127,16,36,4,6,42,106,1564,3702,81,199,79,200,23,50,12,13
R,1,2026,100,126894,34395,92499,26853,73126,2635,8291,512,1095,3243,7365,77,157,1075,2465,27730,75109,3010,9188,1088,2517,3557,7938,236,456,31234,84858,24088,66373,2526,7943,383,846,3206,7304,65,137,966,2255,24877,68184,2858,8747,889,2142,3494,7820,208,403,3161,7641,2765,6753,109,348,129,249,37,61,12,20,109,210,2853,6925,152,441,199,375,63,118,28,53
R,2,2026,999,342319035,167956569,174362466,122073666,125127820,22144170,24249800,3587665,3491650,11429097,12453758,480136,481706,8241835,8557732,129654058,132983785,25375346,27646888,6939638,7089313,14029501,15054665,1019387,1019530,132769130,138933074,94319709,97073975,19963147,22030526,1162386,1200213,10949531,11965616,353322,353388,6021035,6309356,99863461,102871547,22251266,24462961,3399487,3662090,13002568,14019528,740739,739754,35187439,35429392,27753957,28053845,2181023,2219274,2425279,2291437,479566,488142,126814,128318,2220800,2248376,29790597,30112238,3124080,3183927,3540151,3427223,1026933,1035137,278648,279776
R,2,2026,0,3616234,1849522,1766712,1206175,1150551,292844,283598,46618,44504,113123,106000,6864,6645,183898,175414,1378419,1314579,382237,369570,98046,93647,177790,167261,17462,16723,1307882,1247154,818704,778394,246240,238779,11662,11347,102554,95791,4638,4445,124084,118398,935564,889763,306216,296749,40381,38627,149451,140200,11166,10503,541640,519558,387471,372157,46604,44819,34956,33157,10569,10209,2226,2200,59814,57016,442855,424816,76021,72821,57665,55020,28339,27061,6296,6220
R,2,2026,1,3637184,1859946,1777238,1210459,1154823,294251,284900,47327,45212,116673,109645,6942,6789,184294,175869,1383046,1319253,383763,371001,98807,94419,181611,171214,17567,16889,1311923,1251538,818156,777936,247214,239753,11640,11317,105974,99338,4698,4547,124241,118647,935135,889517,307148,297721,40315,38568,153117,144040,11249,10628,548023,525700,392303,376887,47037,45147,35687,33895,10699,10307,2244,2242,60053,57222,447911,429736,76615,73280,58492,55851,28494,27174,6318,6261
R,2,2026,2,3661047,1871518,1789529,1213758,1158858,296845,287340,48575,46401,120938,114153,6983,6922,184419,175855,1386427,1323243,386324,373335,100009,95529,186072,175883,17619,17018,1314353,1254499,814678,774958,249063,241548,11563,11259,110132,103683,4727,4608,124190,118443,931579,886311,308818,299264,40122,38353,157508,148563,11287,10685,557165,535030,399080,383900,47782,45792,37012,35142,10806,10470,2256,2314,60229,57412,454848,436932,77506,74071,59887,57176,28564,27320,6332,6333
R,2,2026,3,3765497,1922039,1843458,1244918,1190761,308066,298717,48902,47626,126162,119790,7316,7133,186675,179431,1419693,1358470,398616,386391,100761,97612,192242,182943,18043,17411,1358969,1298960,839657,799410,260405,252641,12080,11619,115240,109251,4847,4595,126740,121444,958933,913557,321293,311712,41168,39342,163750,155446,11541,10826,563070,544498,405261,391351,47661,46076,36822,36007,10922,10539,2469,2538,59935,57987,460760,444913,77323,74679,59593,58270,28492,27497,6502,6585
R,2,2026,4,3803775,1942505,1861270,1261646,1204242,311656,303965,46730,44931,127241,121097,6998,6762,188234,180273,1437882,1372735,402967,392018,98933,95046,193926,184622,17798,17065,1393861,1330681,866216,821448,265495,259190,12453,11832,116939,111064,4688,4456,128070,122691,986726,936753,326969,318794,41800,39810,166062,157828,11454,10760,548644,530589,395430,382794,46161,44775,34277,33099,10302,10033,2310,2306,60164,57582,451156,435982,75998,73224,57133,55236,27864,26794,6344,6305
R,2,2026,5,3741118,1911487,1829631,1237908,1180232,310674,301889,46151,44377,127862,121605,6704,6342,182188,175186,1408502,1344029,399159,387600,96515,92937,192409,183270,17141,16331,1379339,1317180,851850,808454,267444,260258,12781,12362,118099,111999,4689,4359,124476,119748,968989,921024,327274,318530,41238,39621,165821,157584,11254,10498,532148,512451,386058,371778,43230,41631,33370,32015,9763,9606,2015,1983,57712,55438,439513,423005,71885,69070,55277,53316,26588,25686,5887,5833
R,2,2026,6,3867024,1973340,1893684,1297025,1238165,305769,299583,48245,46170,129952,124354,7161,6778,185188,178634,1470414,1405173,395374,386707,99427,95703,195730,187305,17828,16920,1443718,1382587,910360,864392,264891,260300,14678,14186,120476,115083,4987,4811,128326,123815,1031081,980724,326386,320386,44156,42578,169677,162155,11815,11188,529622,511097,386665,373773,40878,39283,33567,31984,9476,9271,2174,1967,56862,54819,439333,424449,68988,66321,55271,53125,26053,25150,6013,5732
R,2,2026,7,3914104,1996282,1917822,1317876,1260083,310137,303529,48854,47370,129212,124127,7268,6963,182935,175750,1489162,1424381,398149,388509,99824,96352,194016,186245,18054,17109,1465876,1404364,928823,883196,269516,264474,15097,14723,119899,114994,5135,5002,127406,121975,1048650,997730,330488,323323,44437,42768,168623,161340,12036,11472,530406,513458,389053,376887,40621,39055,33757,32647,9313,9133,2133,1961,55529,53775,440512,426651,67661,65186,55387,53584,25393,24905,6018,5637
R,2,2026,8,3980945,2032688,1948257,1344149,1283105,316826,308899,50246,48062,132344,126985,7550,6828,181573,174378,1513940,1445953,403504,393053,101690,97402,196608,188224,18436,17001,1494796,1427720,947041,899077,276578,269523,15850,15165,123042,117900,5391,4850,126894,121205,1066211,1012856,336871,327894,45713,43391,171416,163747,12442,11268,537892,520537,397108,384028,40248,39376,34396,32897,9302,9085,2159,1978,54679,53173,447729,433097,66633,65159,55977,54011,25192,24477,5994,5733
R,2,2026,9,4064190,2075129,1989061,1380061,1316765,316712,309708,52180,50332,136364,130155,7623,7187,182189,174914,1550129,1479975,402467,393215,104796,101123,200821,191322,18638,17614,1524731,1456949,972621,923095,275923,269921,16353,15878,126856,121068,5408,5123,127570,121864,1092291,1037388,335676,328063,46923,45258,175512,166858,12504,11784,550398,532112,407440,393670,40789,39787,35827,34454,9508,9087,2215,2064,54619,53050,457838,442587,66791,65152,57873,55865,25309,24464,6134,5830
R,2,2026,10,4108062,2098567,2009495,1403727,1337694,320015,311632,52559,51330,133893,128106,7490,7214,180883,173519,1572745,1499586,404714,394030,105817,102248,197395,188496,18404,17626,1541551,1472291,989042,938044,279527,272058,16574,16164,124446,119095,5324,5124,126638,121806,1107935,1052234,338719,330053,47657,45883,172194,164541,12347,11829,557016,537204,414685,399650,40488,39574,35985,35166,9447,9011,2166,2090,54245,51713,464810,447352,65995,63977,58160,56365,25201,23955,6057,5797
R,2,2026,11,4123714,2106332,2017382,1409928,1344433,321076,312473,53162,51722,136593,129838,7423,7284,178150,171632,1576337,1504528,404035,393704,106384,103113,198890,188891,18020,17406,1553016,1482959,996703,946358,280935,273097,16890,16253,127271,121136,5320,5164,125897,120951,1114855,1059721,339436,330552,48363,46380,174530,165772,12267,11747,553316,534423,413225,398075,40141,39376,36272,35469,9322,8702,2103,2120,52253,50681,461482,444807,64599,63152,58021,56733,24360,23119,5753,5659
R,2,2026,12,4087678,2088675,1999003,1401816,1337752,318575,309518,53817,51417,133204,126532,7486,7123,173777,166661,1564110,1493156,399017,387867,106733,102264,193502,183566,18017,17121,1540016,1468828,991535,941169,279133,270862,16873,16187,124021,117888,5306,4991,123148,117731,1107071,1051500,336129,326589,48341,46263,169841,160936,12209,11504,548659,530175,410281,396583,39442,38656,36944,35230,9183,8644,2180,2132,50629,48930,457039,441656,62888,61278,58392,56001,23661,22630,5808,5617
R,2,2026,13,4127724,2107458,2020266,1414538,1352017,320220,311301,54412,52038,138980,131736,7649,7238,171659,165936,1574521,1506540,399105,388200,107578,103734,198567,188583,18066,17223,1554446,1485047,999586,949724,280508,273065,17138,16422,129973,123069,5412,5095,121829,117672,1113747,1059808,336461,327831,48805,47139,175364,166305,12272,11684,553012,535219,414952,402293,39712,38236,37274,35616,9007,8667,2237,2143,49830,48264,460774,446732,62644,60369,58773,56595,23203,22278,5794,5539
R,2,2026,14,4141223,2117661,2023562,1429546,1361291,322499,312130,55225,52826,133544,126794,7441,7174,169406,163347,1587442,1513408,399912,387241,108817,104480,191557,182435,17803,17098,1557825,1484402,1007856,955148,282523,273945,17129,16380,124479,118195,5252,4943,120586,115791,1120792,1063418,337843,327478,49317,47223,168662,160522,12112,11501,559836,539160,421690,406143,39976,38185,38096,36446,9065,8599,2189,2231,48820,47556,466650,449990,62069,59763,59500,57257,22895,21913,5691,5597
R,2,2026,15,4234081,2165162,2068919,1466172,1395790,331568,320303,55962,53837,132640,126423,7511,7360,171309,165206,1625854,1549596,409176,396043,111384,107408,190677,181874,17853,17303,1585952,1511839,1025857,972842,291802,281697,17185,16854,123724,117903,5338,5097,122046,117446,1140135,1082584,347278,335854,50525,49065,168061,160191,12275,11645,579210,557080,440315,422948,39766,38606,38777,36983,8916,8520,2173,2263,49263,47760,485719,467012,61898,60189,60859,58343,22616,21683,5578,5658
R,2,2026,16,4297565,2198393,2099172,1494548,1420564,336058,324663,55991,53425,132391,127119,7483,7245,171922,166156,1654703,1575257,414328,401591,111330,106749,190367,182318,17903,17350,1604515,1531121,1036871,983151,296579,286666,17575,17074,123899,118808,5188,4880,124403,120542,1153301,1095845,353579,342804,51585,50115,168800,161563,12243,11752,593878,568051,457677,437413,39479,37997,38416,36351,8492,8311,2295,2365,47519,45614,501402,479412,60749,58787,59745,56634,21567,20755,5660,5598
R,2,2026,17,4441169,2273386,2167783,1550362,1470237,347562,335217,58244,55342,135984,130356,7568,7377,173666,169254,1711887,1627691,426286,412949,115324,111171,193617,185649,18414,17621,1654506,1578567,1071416,1014456,306430,296842,18207,17641,127286,121901,5152,4953,126015,122774,1189011,1129160,364172,353915,53532,52251,172096,164711,12466,11903,618880,589216,478946,455781,41132,38375,40037,37701,8698,8455,2416,2424,47651,46480,522876,498531,62114,59034,61792,58920,21521,20938,5948,5718
R,2,2026,18,4513383,2310062,2203321,1578051,1498504,348792,336915,60733,57330,141781,135098,7707,7402,172998,168072,1738800,1654550,426565,413319,119223,114026,198784,190186,18390,17678,1678135,1601726,1088104,1031947,307712,298348,18544,17853,132864,126685,5163,5077,125748,121816,1205410,1145554,364535,354256,54945,53050,177381,169281,12508,12021,631927,601595,489947,466557,41080,38567,42189,39477,8917,8413,2544,2325,47250,46256,533390,508996,62030,59063,64278,60976,21403,20905,5882,5657
R,2,2026,19,4514499,2314144,2200355,1586005,1500995,346312,333881,62409,57115,142601,136671,7706,7433,169111,164260,1742992,1653475,421131,407425,120581,113384,198404,190187,18210,17507,1678099,1600576,1092935,1034324,305490,295396,18369,17695,133709,128353,5143,5063,122453,119745,1207069,1145994,359906,349710,54364,52913,177278,170012,12297,11900,636045,599779,493070,466671,40822,38485,44040,39420,8892,8318,2563,2370,46658,44515,535923,507481,61225,57715,66217,60471,21126,20175,5913,5607
R,2,2026,20,4474051,2294841,2179210,1580327,1490125,336124,326127,61984,57100,145759,141566,7812,7445,162835,156847,1731487,1635588,406819,395204,119336,111820,199285,193155,17734,17008,1666682,1589663,1091774,1029808,296627,288825,18025,17577,137218,133630,5273,5147,117765,114676,1201540,1136555,347921,339808,53743,51982,179141,174070,12038,11783,628159,589547,488553,460317,39497,37302,43959,39523,8541,7936,2539,2298,45070,42171,529947,499033,58898,55396,65593,59838,20144,19085,5696,5225
R,2,2026,21,4496244,2306272,2189972,1590398,1500908,335404,323594,62201,56287,152085,148447,7932,7296,158252,153440,1737114,1643110,403062,390499,118773,111103,204526,198379,17733,16677,1681268,1603488,1102193,1041435,296549,286937,18238,17129,143653,140617,5448,5131,115187,112239,1209358,1145766,345699,336137,53962,51910,184887,180030,12208,11625,625004,586484,488205,459473,38855,36657,43963,39158,8432,7830,2484,2165,43065,41201,527756,497344,57363,54362,64811,59193,19639,18349,5525,5052
R,2,2026,22,4518686,2318336,2200350,1603468,1511258,333984,323511,61783,55839,156521,152816,7984,7290,154596,149636,1746725,1650035,398966,387565,118532,110395,207171,201398,17594,16396,1697971,1618260,1117833,1054455,295756,287229,17925,17066,148456,145084,5477,5136,112524,109290,1222490,1156181,343171,334227,53764,51779,188376,183222,12102,11500,620365,582090,485635,456803,38228,36282,43858,38773,8065,7732,2507,2154,42072,40346,524235,493854,55795,53338,64768,58616,18795,18176,5492,4896
R,2,2026,23,4524141,2316685,2207456,1596940,1512179,337997,329477,61802,56011,164222,158783,7842,7316,147882,143690,1733859,1644855,399503,390599,116933,109144,212686,205388,17075,16208,1699460,1626600,1112728,1055521,299364,293090,17792,16901,156316,151060,5558,5122,107702,104906,1212652,1152721,344295,338020,52723,50685,194416,187719,12017,11309,617225,580856,484212,456658,38633,36387,44010,39110,7906,7723,2284,2194,40180,38784,521207,492134,55208,52579,64210,58459,18270,17669,5058,4899
R,2,2026,24,4692583,2382147,2310436,1636362,1579214,354162,352725,60828,56026,180682,174412,7939,7897,142174,140162,1767309,1708259,413337,412530,113855,107177,227261,220270,17300,17061,1762207,1721600,1148393,1114742,314505,314933,17587,17355,172694,166388,5652,5580,103376,102602,1243814,1209413,357526,358916,51123,49910,209449,202711,12238,12091,619940,588836,487969,464472,39657,37792,43241,38671,7988,8024,2287,2317,38798,37560,523495,498846,55811,53614,62732,57267,17812,17559,5062,4970
R,2,2026,25,4968623,2514226,2454397,1725309,1677153,375855,375300,61960,56968,203485,198334,8726,8601,138891,138041,1852753,1803697,433266,434391,113306,106332,249746,244413,18231,17878,1882216,1851869,1226697,1199995,334923,336230,18214,17829,194967,189959,6399,6123,101016,101733,1319563,1293440,376537,379724,50585,49386,231608,226819,13174,12769,632010,602528,498612,477158,40932,39070,43746,39139,8518,8375,2327,2478,37875,36308,533190,510257,56729,54667,62721,56946,18138,17594,5057,5109
R,2,2026,26,4830938,2446545,2384393,1693341,1638242,357043,359318,59604,54069,197273,193720,8543,8290,130741,130754,1813167,1758300,410794,414895,108721,101141,240375,237113,17420,16930,1836603,1803831,1210054,1177089,318322,321833,17548,16841,189104,185685,6302,5837,95273,96546,1297546,1265903,357395,363074,48505,46880,223512,220482,12618,11944,609942,580562,483287,461153,38721,37485,42056,37228,8169,8035,2241,2453,35468,34208,515621,492397,53399,51821,60216,54261,16863,16631,4802,4986
R,2,2026,27,4742492,2400198,2342294,1667266,1610255,346584,349645,58158,52864,192879,194128,8350,8167,126961,127235,1783583,1727080,397778,403314,106344,99571,234752,235853,17126,16536,1804299,1774450,1195218,1158728,308808,313407,16824,16134,184730,186029,6090,5828,92629,94324,1280204,1245554,346065,353117,47308,46290,218196,219642,12384,11846,595899,567844,472048,451527,37776,36238,41334,36730,8149,8099,2260,2339,34332,32911,503379,481526,51713,50197,59036,53281,16556,16211,4742,4690
R,2,2026,28,4569452,2312165,2257287,1604865,1545767,330922,333572,56227,50828,192374,197783,7994,7704,119783,121633,1714668,1657264,378770,384259,102145,96054,231978,237744,16079,15492,1738695,1712329,1150189,1111942,294994,299415,15820,15220,184518,189976,5832,5530,87342,90246,1230314,1194796,329556,337081,44894,44183,216353,222449,11652,11182,573470,544958,454676,433825,35928,34157,40407,35608,7856,7807,2162,2174,32441,31387,484354,462468,49214,47178,57251,51871,15625,15295,4427,4310
R,2,2026,29,4516308,2282247,2234061,1589208,1528392,321510,327129,55923,50284,191396,201608,7729,7370,116481,119278,1695668,1637734,367328,375984,101176,95451,229972,240606,15722,15140,1713085,1694751,1137571,1099637,285898,293362,15408,14751,183887,193939,5598,5424,84723,87638,1215203,1180093,318753,329298,43688,43372,215106,225469,11381,10998,569162,539310,451637,428755,35612,33767,40515,35533,7509,7669,2131,1946,31758,31640,480465,457641,48575,46686,57488,52079,14866,15137,4341,4142
R,2,2026,30,4531462,2285636,2245826,1593135,1538019,322548,329775,56257,50333,191998,203523,7747,7414,113951,116762,1697227,1644683,366929,377311,101213,95599,229451,241220,15734,15268,1719816,1705999,1145187,1108965,286826,295497,15339,14559,184226,195564,5652,5533,82586,85881,1220707,1187624,318472,330221,43600,43385,214481,226183,11453,11247,565820,539827,447948,429054,35722,34278,40918,35774,7772,7959,2095,1881,31365,30881,476520,457059,48457,47090,57613,52214,14970,15037,4281,4021
R,2,2026,31,4550004,2288231,2261773,1596695,1546487,325326,339603,55716,50399,191191,201997,7824,7483,111479,115804,1698260,1652234,368095,386152,100724,96060,227637,239286,15778,15299,1729663,1724939,1154177,1119992,290169,304864,15404,14816,183558,194354,5784,5525,80571,85388,1227597,1197990,320583,338851,43558,44214,213090,224807,11588,11241,558568,536834,442518,426495,35157,34739,40312,35583,7633,7643,2040,1958,30908,30416,470663,454244,47512,47301,57166,51846,14547,14479,4190,4058
R,2,2026,32,4579920,2300364,2279556,1606186,1556645,328946,347070,55713,50869,193458,203276,7764,7391,108297,114305,1704550,1660921,369914,392653,99657,96991,229222,239714,15766,15109,1748449,1746460,1167841,1133285,294414,312754,15608,15278,186068,195606,5677,5378,78841,84159,1239475,1210244,323656,345787,43274,45184,215283,225250,11534,11041,551915,533096,438345,423360,34532,34316,40105,35591,7390,7670,2087,2013,29456,30146,465075,450677,46258,46866,56383,51807,13939,14464,4232,4068
R,2,2026,33,4666621,2341481,2325140,1637770,1590112,334646,355384,56914,52105,196715,206119,7705,7476,107731,113944,1735675,1694041,374537,399484,101865,99539,231953,242224,15608,15189,1787134,1788894,1197413,1164590,299945,320467,16199,15715,189367,198562,5761,5416,78449,84144,1268716,1241413,328265,352285,44868,46865,218077,228170,11566,11077,554347,536246,440357,425522,34701,34917,40715,36390,7348,7557,1944,2060,29282,29800,466959,452628,46272,47199,56997,52674,13876,14054,4042,4112
R,2,2026,34,4715175,2358229,2356946,1655922,1615706,334752,360970,56839,51768,197733,208102,7855,7487,105128,112913,1751356,1718413,372890,403995,101658,99812,231882,243888,15662,15192,1811099,1827970,1221569,1196908,300233,325397,16587,16211,190513,200622,5868,5590,76329,83242,1290903,1272734,327027,356164,45079,47791,218468,229833,11684,11307,547130,528976,434353,418798,34519,35573,40252,35557,7220,7480,1987,1897,28799,29671,460453,445679,45863,47831,56579,52021,13414,14055,3978,3885
R,2,2026,35,4822315,2412562,2409753,1700303,1655494,339871,368147,57712,52725,202413,213125,7892,7721,104371,112541,1794812,1758080,376808,409862,102869,101947,236844,248419,15701,15450,1861577,1878908,1262777,1235494,305320,332662,16883,16525,195002,205709,5861,5720,75734,82798,1331431,1311087,330961,362206,45589,48962,223278,234610,11641,11450,550985,530845,437526,420000,34551,35485,40829,36200,7411,7416,2031,2001,28637,29743,463381,446993,45847,47656,57280,52985,13566,13809,4060,4000
R,2,2026,36,4751124,2372555,2378569,1674644,1634796,334216,362811,55513,51349,199758,213116,7755,7399,100669,109098,1766064,1733861,369115,402528,99672,100045,232656,247287,15247,14885,1845415,1864578,1255623,1227269,301080,328547,16571,16443,192823,206066,5814,5515,73504,80738,1322369,1300589,325250,356702,45146,49026,219990,234224,11455,11242,527140,513991,419021,407527,33136,34264,38942,34906,6935,7050,1941,1884,27165,28360,443695,433272,43865,45826,54526,51019,12666,13063,3792,3643
R,2,2026,37,4643342,2311634,2331708,1639676,1609735,316997,348126,53808,50561,197918,211961,7444,7285,95791,104040,1726457,1704210,349494,385314,96239,97813,229504,244559,14667,14342,1802468,1832840,1234233,1213553,285677,315205,16099,16229,191092,205144,5509,5395,69858,77314,1297463,1283804,308136,341382,43376,48094,217252,232184,11022,10766,509166,498868,405443,396182,31320,32921,37709,34332,6826,6817,1935,1890,25933,26726,428994,420406,41358,43932,52863,49719,12252,12375,3645,3576
R,2,2026,38,4556900,2268241,2288659,1620993,1589430,305314,336569,52863,48887,189546,205068,7252,7128,92273,101577,1704606,1681810,336128,372362,94579,95931,219498,236391,14269,14130,1769686,1800360,1222848,1200971,274980,304940,15699,15419,182998,198421,5377,5258,67784,75351,1284194,1269576,296395,330158,42868,47147,207979,224375,10772,10534,498555,488299,398145,388459,30334,31629,37164,33468,6548,6647,1875,1870,24489,26226,420412,412234,39733,42204,51711,48784,11519,12016,3497,3596
R,2,2026,39,4521657,2248990,2272667,1615591,1587371,299447,330549,52045,48952,184999,200434,7219,6943,89689,98418,1696795,1676678,328569,364721,93599,95911,214259,230477,14100,13527,1756623,1789546,1222012,1202682,269679,299612,15332,15247,178623,193914,5403,5117,65574,72974,1281327,1268874,289663,323599,42296,47045,202974,218862,10674,10128,492367,483121,393579,384689,29768,30937,36713,33705,6376,6520,1816,1826,24115,25444,415468,407804,38906,41122,51303,48866,11285,11615,3426,3399
R,2,2026,40,4558209,2267542,2290667,1635097,1606337,298975,329976,52650,49080,184783,201199,7079,6917,88958,97158,1715647,1694649,327566,362590,94702,96275,213330,230545,13901,13709,1773620,1808666,1240112,1221189,269536,300010,15078,15607,178455,194668,5346,5220,65093,71972,1299035,1286630,288954,322576,42730,47878,202227,219003,10478,10369,493922,482001,394985,385148,29439,29966,37572,33473,6328,6531,1733,1697,23865,25186,416612,408019,38612,40014,51972,48397,11103,11542,3423,3340
R,2,2026,41,4466112,2217234,2248878,1603699,1580453,287994,321089,51196,48682,182620,198817,6878,6772,84847,93065,1680440,1664725,314286,351843,92098,95126,209792,226558,13481,13287,1740236,1776484,1221617,1202411,260341,292258,14733,15284,176334,192628,5144,5071,62067,68832,1277696,1264781,278282,313465,41639,46956,198927,215594,10208,10056,476998,472394,382082,378042,27653,28831,36463,33398,6286,6189,1734,1701,22780,24233,402744,399944,36004,38378,50459,48170,10865,10964,3273,3231
R,2,2026,42,4397124,2178831,2218293,1579919,1560790,281607,316154,50612,47575,177738,195599,6724,6747,82231,91428,1654060,1643491,307051,345714,91116,94471,203630,222336,13178,13233,1710846,1751956,1204839,1186383,254328,288121,14643,14917,171866,189628,5041,5041,60129,67866,1258934,1247718,271642,308672,41437,47277,193303,211732,9985,10002,467985,466337,375080,374407,27279,28033,35969,32658,5872,5971,1683,1706,22102,23562,395126,395773,35409,37042,49679,47194,10327,10604,3193,3231
R,2,2026,43,4444246,2195816,2248430,1596493,1586826,284062,319050,51304,48825,175270,195367,6488,6655,82199,91707,1670844,1669727,309212,348465,92794,96878,200223,221585,12921,13042,1724800,1773320,1218255,1204671,256931,290822,15009,15400,169494,189319,4811,4970,60300,68138,1272707,1266233,274181,311273,42658,48768,190248,210935,9764,9853,471016,475110,378238,382155,27131,28228,36295,33425,5776,6048,1677,1685,21899,23569,398137,403494,35031,37192,50136,48110,9975,10650,3157,3189
R,2,2026,44,4341824,2140697,2201127,1563200,1558077,276079,312298,49465,47243,166802,188521,6379,6413,78772,88575,1634159,1638070,300039,340893,89807,94123,190457,213417,12434,12654,1686167,1738445,1198183,1185980,250040,284779,14211,14643,161157,182635,4746,4709,57830,65699,1250151,1245390,266548,304614,41251,47106,180791,203154,9417,9442,454530,462682,365017,372097,26039,27519,35254,32600,5645,5886,1633,1704,20942,22876,384008,392680,33491,36279,48556,47017,9666,10263,3017,3212
R,2,2026,45,4394711,2169821,2224890,1585701,1575161,285313,321218,50746,48241,162637,185392,6593,6496,78831,88382,1656757,1655012,309276,349429,91524,95820,185943,209711,12705,12568,1704760,1755027,1211141,1196580,259372,293443,14815,15060,156896,179431,4818,4838,57718,65675,1263039,1255876,275777,313160,42138,48275,176153,199468,9536,9422,465061,469863,374560,378581,25941,27775,35931,33181,5741,5961,1775,1658,21113,22707,393718,399136,33499,36269,49386,47545,9790,10243,3169,3146
R,2,2026,46,4249130,2095197,2153933,1532798,1524862,276111,311610,48289,46479,156427,179704,6243,6356,75329,84922,1600711,1601368,298756,338924,88002,92280,178094,202917,11957,12272,1650862,1701631,1173951,1160405,251705,284902,14089,14571,151088,174160,4683,4649,55346,62944,1223738,1217102,267134,303682,40951,46577,169129,193294,9144,9159,444335,452302,358847,364457,24406,26708,34200,31908,5339,5544,1560,1707,19983,21978,376973,384266,31622,35242,47051,45703,8965,9623,2813,3113
R,2,2026,47,4067845,2000385,2067460,1465761,1466356,262154,296440,46028,44644,149399,173693,5939,5843,71104,80484,1529789,1538908,283278,321942,83995,88412,169844,195624,11161,11304,1575863,1632618,1122278,1115097,239143,271311,13378,13804,144310,168187,4441,4267,52313,59952,1169325,1169098,253638,288961,39197,44598,161212,186325,8440,8454,424522,434842,343483,351259,23011,25129,32650,30840,5089,5506,1498,1576,18791,20532,360464,369810,29640,32981,44798,43814,8632,9299,2721,2850
R,2,2026,48,4023973,1974207,2049766,1455131,1462236,253865,289708,45299,44491,144691,168782,5614,5921,69607,78628,1517966,1533132,274384,314191,83076,87841,164446,190168,10686,11229,1556173,1617223,1115315,1111296,232043,265202,13467,14244,139776,163551,4212,4338,51360,58592,1161593,1164089,245950,282192,39243,44761,156327,181194,8110,8447,418034,432543,339816,350940,21822,24506,31832,30247,4915,5231,1402,1583,18247,20036,356373,369043,28434,31999,43833,43080,8119,8974,2576,2782
R,2,2026,49,3894490,1909346,1985144,1405161,1414269,243668,279340,43595,42365,144693,168396,5462,5493,66767,75281,1465243,1482075,262732,302497,80101,84626,163656,188616,10518,10496,1503709,1562675,1074445,1069826,222520,256033,13151,13471,140007,163243,4098,4056,49488,56046,1118851,1120201,235532,272036,38219,43189,155933,180015,8005,7913,405637,422469,330716,344443,21148,23307,30444,28894,4686,5153,1364,1437,17279,19235,346392,361874,27200,30461,41882,41437,7723,8601,2513,2583
R,2,2026,50,3854567,1888571,1965996,1389102,1400927,241606,276157,42619,41660,145882,169491,5156,5439,64206,72322,1446912,1465972,259872,298087,78486,82396,163500,188807,9718,10252,1491112,1551810,1064389,1061537,221014,254017,12852,13461,141268,164463,3924,4048,47665,54284,1107225,1110329,233553,269331,37740,42377,155968,180560,7479,7767,397459,414186,324713,339390,20592,22140,29767,28199,4614,5028,1232,1391,16541,18038,339687,355643,26319,28756,40746,40019,7532,8247,2239,2485
R,2,2026,51,3854065,1889307,1964758,1396470,1408798,238353,271553,41680,41121,145365,167226,5032,5161,62407,70899,1452601,1472679,255845,292521,76793,81669,162419,186092,9518,9623,1501151,1557674,1078046,1074464,218817,250179,12905,13369,140898,162453,3803,3825,46682,53384,1119968,1122429,231104,264903,37425,42348,155174,178240,7253,7259,388156,407084,318424,334334,19536,21374,28775,27752,4467,4773,1229,1336,15725,17515,332633,350250,24741,27618,39368,39321,7245,7852,2265,2364
R,2,2026,52,3773208,1844856,1928352,1362016,1380059,234114,267791,39718,39744,143887,167210,4886,5128,60235,68420,1416182,1441531,250712,287920,73878,78828,160434,185558,9134,9590,1475083,1536784,1057894,1057623,215851,247485,12425,13329,139703,162576,3710,3779,45500,51992,1098637,1104276,227449,261664,36733,41642,153667,177962,7046,7241,369773,391568,304122,322436,18263,20306,27293,26415,4184,4634,1176,1349,14735,16428,317545,337255,23263,26256,37145,37186,6767,7596,2088,2349
R,2,2026,53,3903775,1903651,2000124,1407356,1433893,243906,280365,40835,40184,145479,171030,4895,5103,61180,69549,1462423,1496369,260343,300641,76098,80459,161960,189130,9209,9665,1532620,1605521,1101936,1108347,225877,259880,13210,13674,141280,166391,3720,3803,46597,53426,1143717,1156204,237513,274415,38612,43250,155197,181699,7156,7405,371031,394603,305420,325546,18029,20485,27625,26510,4199,4639,1175,1300,14583,16123,318706,340165,22830,26226,37486,37209,6763,7431,2053,2260
R,2,2026,54,4056790,1978539,2078251,1485878,1513026,246146,284349,39131,39790,140831,165054,4916,4903,61637,71129,1541344,1577217,262572,304440,75321,82064,156852,182821,9243,9408,1618240,1693121,1187948,1194888,228740,264796,13410,14030,136677,160495,3711,3709,47754,55203,1230839,1244568,240574,279322,40093,45696,150365,175543,7171,7268,360299,385130,297930,318138,17406,19553,25721,25760,4154,4559,1205,1194,13883,15926,310505,332649,21998,25118,35228,36368,6487,7278,2072,2140
R,2,2026,55,4268833,2084249,2184584,1575079,1603587,258875,297258,40018,39954,141233,166001,4950,5073,64094,72711,1632874,1669037,275790,317743,78446,83917,157079,183537,9396,9772,1718768,1800223,1272987,1285571,241017,277546,13857,14670,137122,161550,3784,3882,50001,57004,1318006,1336722,253300,292595,42594,48177,150633,176343,7361,7656,365481,384361,302092,318016,17858,19712,26161,25284,4111,4451,1166,1191,14093,15707,314868,332315,22490,25148,35852,35740,6446,7194,2035,2116
R,2,2026,56,4110113,2002442,2107671,1523383,1557549,242691,279797,37536,38113,134490,158657,4710,4934,59632,68621,1577188,1619382,258097,298802,73600,80018,149197,175017,9029,9418,1653159,1738574,1233401,1251542,225906,261221,13065,14024,130671,154455,3630,3806,46486,53526,1275216,1299664,237052,275050,40113,45799,143230,168227,7132,7421,349283,369097,289982,306007,16785,18576,24471,24089,3819,4202,1080,1128,13146,15095,301972,319718,21045,23752,33487,34219,5967,6790,1897,1997
R,2,2026,57,3978142,1934871,2043271,1471430,1510650,235048,271275,36783,36443,131315,155462,4350,4842,55945,64599,1521888,1568781,249395,289078,70966,76436,144842,170376,8276,9002,1601026,1691878,1194038,1218650,219158,253675,12989,13831,127772,151533,3363,3690,43706,50499,1233377,1263981,229537,266490,38872,44491,139230,164119,6528,7023,333845,351393,277392,292000,15890,17600,23794,22612,3543,3929,987,1152,12239,14100,288511,304800,19858,22588,32094,31945,5612,6257,1748,1979
R,2,2026,58,3891666,1886331,2005335,1443735,1489485,230416,270733,34775,35415,119693,143182,4390,4631,53322,61889,1491901,1545210,243941,287994,67898,74084,132061,156924,8052,8682,1566609,1665635,1177402,1206708,215324,253574,12673,13690,116190,139400,3425,3606,41595,48657,1214846,1250444,225054,266188,37776,43527,126666,150872,6422,6864,319722,339700,266333,282777,15092,17159,22102,21725,3503,3782,965,1025,11727,13232,277055,294766,18887,21806,30122,30557,5395,6052,1630,1818
R,2,2026,59,3918909,1894666,2024243,1457156,1513101,231462,274104,34003,34597,115603,136692,4480,4608,51962,61141,1503869,1568113,244824,290845,66588,73399,127430,149786,8119,8542,1582253,1693616,1195805,1236987,216992,257566,12833,13977,112327,133126,3476,3580,40820,48380,1232427,1280445,226663,269916,37750,44183,122329,144143,6459,6739,312413,330627,261351,276114,14470,16538,21170,20620,3276,3566,1004,1028,11142,12761,271442,287668,18161,20929,28838,29216,5101,5643,1660,1803
R,2,2026,60,4037259,1948856,2088403,1499105,1561554,240517,284391,34512,35484,117268,140318,4388,4748,53066,61908,1546702,1617083,254023,301361,68202,74902,129037,153658,8181,8743,1638184,1758661,1239511,1286307,225617,267880,13530,14744,114051,136777,3445,3708,42030,49245,1277099,1330394,235517,280395,39624,45649,124068,148008,6556,6952,310672,329742,259594,275247,14900,16511,20982,20740,3217,3541,943,1040,11036,12663,269603,286689,18506,20966,28578,29253,4969,5650,1625,1791
R,2,2026,61,4197819,2017212,2180607,1568328,1650471,241729,288691,34043,34841,115888,139030,4101,4672,53123,62902,1616235,1707108,254604,305471,68491,75938,127304,151808,7717,8608,1718407,1858401,1317601,1380097,228036,272680,13878,15334,112833,135694,3209,3687,42850,50909,1356163,1425848,237646,285355,41210,48289,122595,146547,6194,6942,298805,322206,250727,270374,13693,16011,20165,19507,3055,3336,892,985,10273,11993,260072,281260,16958,20116,27281,27649,4709,5261,1523,1666
R,2,2026,62,4208693,2017929,2190764,1574182,1666633,236082,282226,32973,33963,117851,141229,4013,4466,52828,62247,1621787,1722630,248808,298430,67680,74766,128964,153948,7535,8431,1731956,1879642,1334237,1405522,222786,266860,13998,15241,114975,137992,3208,3486,42752,50541,1372643,1450915,232357,279151,41647,48091,124511,148829,6127,6750,285973,311122,239945,261111,13296,15366,18975,18722,2876,3237,805,980,10076,11706,249144,271715,16451,19279,26033,26675,4453,5119,1408,1681
R,2,2026,63,4194096,2005475,2188621,1572589,1675210,231187,279403,31769,33063,115103,135534,3989,4483,50838,60928,1618441,1730084,243245,295193,65127,73466,125892,147697,7433,8234,1732209,1888938,1342561,1422740,218785,265116,13768,15224,112282,132369,3186,3603,41627,49886,1380033,1467572,227886,277227,40737,48079,121614,142760,6095,6694,273266,299683,230028,252470,12402,14287,18001,17839,2821,3165,803,880,9211,11042,238408,262512,15359,17966,24390,25387,4278,4937,1338,1540
R,2,2026,64,4155073,1981210,2173863,1573549,1684250,222469,271939,29944,31909,101496,122531,3917,4156,49835,59078,1618497,1737483,234129,287146,63084,71497,111882,134029,7112,7730,1726086,1892600,1358569,1447141,210955,258710,13500,15131,99013,119648,3157,3308,40892,48662,1395354,1490891,219837,270413,40308,47542,108068,129526,5860,6257,255124,281263,214980,237109,11514,13229,16444,16778,2483,2883,760,848,8943,10416,223143,246592,14292,16733,22776,23955,3814,4503,1252,1473
R,2,2026,65,4190851,1990848,2200003,1578535,1702272,225779,275447,29620,31859,104007,127626,3763,4213,49144,58586,1622947,1754938,237479,290407,62248,71126,114097,139054,6969,7829,1740162,1920622,1367086,1466409,214457,262560,13380,15174,101620,124756,3061,3390,40558,48333,1403656,1509812,223414,274106,40019,47343,110425,134578,5731,6359,250686,279381,211449,235863,11322,12887,16240,16685,2387,2870,702,823,8586,10253,219291,245126,14065,16301,22229,23783,3672,4476,1238,1470
R,2,2026,66,4072013,1926729,2145284,1535257,1666407,214470,266808,27767,30182,99373,122602,3496,3888,46366,55397,1576981,1716256,225154,281025,58656,67355,109156,133351,6520,7193,1694995,1884250,1339618,1446292,204038,254408,12845,14545,97110,119941,2856,3165,38528,45899,1374211,1487469,212321,265525,38153,45175,105684,129210,5394,5917,231734,261034,195639,220115,10432,12400,14922,15637,2263,2661,640,723,7838,9498,202770,228787,12833,15500,20503,22180,3472,4141,1126,1276
R,2,2026,67,3989308,1880035,2109273,1501508,1642116,207442,259256,25900,28721,97682,122042,3352,3708,44151,53430,1541301,1690209,217713,272927,55650,64759,106602,132264,6095,6850,1663794,1862708,1318992,1433646,197438,247835,12287,14230,95582,119516,2738,3059,36757,44422,1352039,1473523,205440,258560,36742,44042,103451,128340,5058,5635,216241,246565,182516,208470,10004,11421,13613,14491,2100,2526,614,649,7394,9008,189262,216686,12273,14367,18908,20717,3151,3924,1037,1215
R,2,2026,68,3961705,1858956,2102749,1492626,1647227,199562,252766,25141,27459,95789,120169,3146,3488,42692,51640,1531040,1693698,209378,265794,53877,62884,104538,129705,5840,6462,1652483,1863983,1317642,1444514,190413,241909,12097,13756,93865,117806,2616,2839,35850,43159,1349794,1483251,198161,252181,35988,43244,101590,126104,4924,5343,206473,238766,174984,202713,9149,10857,13044,13703,1924,2363,530,649,6842,8481,181246,210447,11217,13613,17889,19640,2948,3601,916,1119
R,2,2026,69,3829983,1789273,2040710,1441406,1600922,189140,244182,23531,25939,92056,117550,2986,3362,40154,48755,1477685,1644774,198375,256599,50682,59271,100102,126597,5517,6192,1595981,1814801,1277508,1408966,180566,233731,11402,13205,90234,115281,2479,2789,33792,40829,1307986,1445591,187852,243570,34015,40981,97351,123124,4613,5188,193292,225909,163898,191956,8574,10451,12129,12734,1822,2269,507,573,6362,7926,169699,199183,10523,13029,16667,18290,2751,3473,904,1004
R,2,2026,70,3693816,1720126,1973690,1389807,1553243,178029,231578,22226,24720,89547,115051,2776,3229,37741,45869,1423837,1594405,186678,243243,47706,56039,97092,123663,5190,5946,1537141,1757829,1234549,1369504,169775,221709,10830,12598,87817,112906,2304,2629,31866,38483,1263213,1403929,176609,230916,32147,38751,94497,120444,4372,4949,182985,215861,155258,183739,8254,9869,11396,12122,1730,2145,472,600,5875,7386,160624,190476,10069,12327,15559,17288,2595,3219,818,997
R,2,2026,71,3591676,1665129,1926547,1351225,1524325,169046,221777,20677,23343,86453,110416,2699,3116,35029,43570,1382727,1563286,177195,232873,44380,53191,93400,118544,4954,5793,1494884,1722131,1206530,1349951,161447,212604,10308,12011,84872,108451,2244,2579,29483,36535,1232982,1382490,167863,221342,30044,36930,91045,115551,4184,4863,170245,204416,144695,174374,7599,9173,10369,11332,1581,1965,455,537,5546,7035,149745,180796,9332,11531,14336,16261,2355,2993,770,930
R,2,2026,72,3387157,1560941,1826216,1277530,1456259,152108,204562,18602,21074,78469,101314,2338,2764,31894,40243,1306262,1492415,159476,214862,40445,48623,84640,108632,4354,5161,1406975,1638247,1146119,1295294,145323,196178,9456,11168,77066,99524,1941,2291,27070,33792,1170469,1325554,151155,204315,27852,34241,82576,105913,3682,4357,153966,187969,131411,160965,6785,8384,9146,9906,1403,1790,397,473,4824,6451,135793,166861,8321,10547,12593,14382,2064,2719,672,804
R,2,2026,73,3274343,1502553,1771790,1235305,1417619,141908,194647,17105,19929,76607,99462,2242,2644,29386,37489,1261704,1451279,148819,204181,37101,45674,82394,106189,4150,4952,1359863,1594281,1113102,1265069,135534,186837,8878,10724,75377,97829,1904,2198,25068,31624,1135547,1293351,141090,194455,25828,32366,80535,103734,3544,4188,142690,177509,122203,152550,6374,7810,8227,9205,1230,1633,338,446,4318,5865,126157,157928,7729,9726,11273,13308,1859,2455,606,764
R,2,2026,74,3083357,1408853,1674504,1166898,1348787,130028,181600,15507,18222,66884,88536,1973,2372,27563,34987,1191720,1380190,136367,190649,34647,42595,72005,94478,3727,4435,1277518,1510908,1053905,1207962,124435,174418,8240,9883,65731,87099,1682,1954,23525,29592,1075003,1234414,129560,181583,24436,30573,70312,92284,3202,3738,131335,163596,112993,140825,5593,7182,7267,8339,1153,1437,291,418,4038,5395,116717,145776,6807,9066,10211,12022,1693,2194,525,697
R,2,2026,75,2912686,1322534,1590152,1089184,1271939,123640,175481,14693,17392,67374,90456,1906,2275,25737,32609,1112314,1301162,129726,184072,32369,39915,72152,96126,3539,4261,1197556,1430919,981748,1134673,118183,168560,7743,9319,66300,89050,1621,1908,21961,27409,1001397,1159143,123066,175379,22770,28245,70544,93959,3053,3608,124978,159233,107436,137266,5457,6921,6950,8073,1074,1406,285,367,3776,5200,110917,142019,6660,8693,9599,11670,1608,2167,486,653
R,2,2026,76,2783154,1257622,1525532,1042370,1228383,112290,162600,13560,15781,64125,86159,1744,2043,23533,30566,1063597,1255712,117737,170576,29790,36968,68458,91354,3321,3936,1143935,1378787,944335,1101370,107520,156281,7297,8661,63099,84808,1483,1716,20201,25951,962505,1124475,111916,162725,21164,26657,66971,89363,2882,3359,113687,146745,98035,127013,4770,6319,6263,7120,1026,1351,261,327,3332,4615,101092,131237,5821,7851,8626,10311,1487,1991,439,577
R,2,2026,77,2671764,1201500,1470264,1002768,1194339,102935,150367,12408,14660,59610,79822,1636,2003,22143,29073,1022652,1220360,108044,158031,27843,34793,63672,84713,3108,3800,1097522,1333702,912720,1075984,98694,144635,6939,8178,58683,78532,1367,1702,19119,24671,929835,1097987,102871,150795,20191,25267,62333,82800,2680,3260,103978,136562,90048,118355,4241,5732,5469,6482,927,1290,269,301,3024,4402,92817,122373,5173,7236,7652,9526,1339,1913,428,540
R,2,2026,78,2646429,1186162,1460267,1005981,1206754,91918,136982,11509,13613,54131,72926,1482,1775,21141,28217,1025128,1232124,96682,144224,26335,33491,57841,77485,2822,3426,1088792,1331762,921371,1095035,88091,131525,6456,7681,53305,71823,1272,1504,18297,24194,937918,1116719,91995,137438,19234,24698,56622,75846,2484,2983,97370,128505,84610,111719,3827,5457,5053,5932,826,1103,210,271,2844,4023,87210,115405,4687,6786,7101,8793,1219,1639,338,443
R,2,2026,79,2362468,1052559,1309909,895697,1087021,78436,118739,10043,12353,48313,65513,1301,1509,18769,24774,912743,1109398,82564,124976,23215,29641,51556,69574,2528,3075,966321,1193196,820563,985525,75022,113820,5737,7041,47641,64461,1108,1273,16250,21076,835314,1004496,78374,118820,17119,21797,50539,68007,2204,2638,86238,116713,75134,101496,3414,4919,4306,5312,672,1052,193,236,2519,3698,77429,104902,4190,6156,6096,7844,1017,1567,324,437
R,2,2026,80,1835278,807378,1027900,678354,841527,64399,100318,8052,10419,41179,54946,1092,1448,14302,19242,691217,858722,67719,105438,17808,23497,43859,58298,2168,2764,732527,924116,612950,751071,61455,95959,4451,5635,40523,54012,926,1210,12222,16229,623901,765494,64102,100056,12759,16670,42882,56953,1877,2364,74851,103784,65404,90456,2944,4359,3601,4784,656,934,166,238,2080,3013,67316,93228,3617,5382,5049,6827,977,1345,291,400
R,2,2026,81,1738695,755639,983056,638664,809190,57827,93397,7314,9623,37501,51317,972,1250,13361,18279,650710,825462,61031,98463,16370,22061,39993,54371,1956,2529,689502,888805,580743,726733,55226,89633,4115,5306,37013,50515,840,1045,11565,15573,591141,740545,57835,93728,11937,15914,39243,53200,1722,2173,66137,94251,57921,82457,2601,3764,3199,4317,488,802,132,205,1796,2706,59569,84917,3196,4735,4433,6147,750,1171,234,356
R,2,2026,82,1674641,720379,954262,614282,795815,52607,86229,6702,8890,33643,44914,830,1113,12315,17301,625398,811291,55497,90888,15299,20833,35764,47694,1736,2305,660172,866751,561433,719126,50305,82724,3901,4994,33149,44205,713,937,10671,14765,571052,732272,52651,86511,11359,15222,35047,46619,1503,1992,60207,87511,52849,76689,2302,3505,2801,3896,494,709,117,176,1644,2536,54346,79019,2846,4377,3940,5611,717,1075,233,313
R,2,2026,83,1555683,661180,894503,564638,747244,47464,80007,5867,8071,31421,42611,723,1020,11067,15550,574605,761166,50084,84247,13429,18826,33440,45098,1516,2037,607569,813685,517483,676449,45343,76689,3471,4478,31005,41957,617,845,9650,13267,526155,688272,47514,80126,10064,13700,32812,44126,1316,1750,53611,80818,47155,70795,2121,3318,2396,3593,416,654,106,175,1417,2283,48450,72894,2570,4121,3365,5126,628,972,200,287
R,2,2026,84,1284875,537399,747476,456139,620659,39214,68143,5079,6979,27036,37460,655,894,9276,13341,464487,632575,41475,71742,11372,16192,28749,39689,1317,1757,491157,678380,415440,559826,37441,65514,3008,3950,26696,36903,562,745,8010,11442,422644,570006,39274,68443,8437,11869,28223,38850,1136,1511,46242,69096,40699,60833,1773,2629,2071,3029,340,557,93,149,1266,1899,41843,62569,2201,3299,2935,4323,526,839,181,246
R,2,2026,85,1128170,463111,665059,390654,549682,34073,61610,4486,6396,25141,34836,590,779,8167,11756,397993,560126,36079,64952,10008,14326,26706,36839,1150,1586,421341,599837,353818,492287,32458,59024,2675,3591,24823,34316,501,639,7066,9980,360152,501105,34091,61715,7420,10338,26228,36074,996,1347,41770,65222,36836,57395,1615,2586,1811,2805,318,520,89,140,1101,1776,37841,59021,1988,3237,2588,3988,478,765,154,239
R,2,2026,86,980550,395915,584635,333601,483049,29122,54149,3789,5569,21999,30665,455,730,6949,10473,339821,492321,30811,57091,8450,12620,23334,32453,969,1490,359726,526708,301711,431912,27676,51814,2226,3187,21717,30191,368,597,6028,9007,307090,439839,29061,54215,6254,9287,22931,31767,835,1267,36189,57927,31890,51137,1446,2335,1563,2382,282,474,87,133,921,1466,32731,52482,1750,2876,2196,3333,403,686,134,223
R,2,2026,87,886321,353370,532951,299062,442883,25036,47719,3420,5207,19288,27209,388,605,6176,9328,304609,451189,26534,50372,7565,11461,20504,28752,826,1225,321667,480919,271022,397014,23846,45647,2044,3000,19050,26817,318,487,5387,7954,275850,404045,25055,47826,5664,8335,20142,28177,715,1044,31703,52032,28040,45869,1190,2072,1376,2207,238,392,70,118,789,1374,28759,47144,1479,2546,1901,3126,362,575,111,181
R,2,2026,88,761189,298672,462517,252061,383285,21255,41774,2829,4336,16801,24525,361,536,5365,8061,256914,390437,22647,44102,6394,9632,17808,25978,732,1112,271780,417722,228178,343669,20264,39978,1726,2531,16594,24168,311,444,4707,6932,232433,349777,21410,41906,4859,7101,17509,25451,635,958,26892,44795,23883,39616,991,1796,1103,1805,207,357,50,92,658,1129,24481,40660,1237,2196,1535,2531,299,527,97,154
R,2,2026,89,650208,250131,400077,211127,332426,17293,35357,2366,3813,14472,21090,272,471,4601,6920,215244,338482,18471,37413,5337,8291,15422,22395,645,988,227164,360365,190672,297263,16450,33819,1450,2193,14313,20776,236,391,4043,5923,194274,302413,17430,35546,4044,6000,15180,21932,578,846,22967,39712,20455,35163,843,1538,916,1620,159,314,36,80,558,997,20970,36069,1041,1867,1293,2291,242,463,67,142
R,2,2026,90,560622,211487,349135,178326,288992,14903,31217,2019,3380,12150,18914,229,384,3860,6248,181788,294531,15915,33032,4450,7421,12963,20065,532,837,192110,314808,161117,258610,14171,29920,1241,1956,12013,18600,190,319,3378,5403,164138,263378,15022,31425,3354,5469,12751,19621,463,722,19377,34327,17209,30382,732,1297,778,1424,137,314,39,65,482,845,17650,31153,893,1607,1096,1952,212,444,69,115
R,2,2026,91,478111,176803,301308,149393,250188,12164,26587,1698,2894,10124,15902,234,335,3190,5402,152248,254933,13008,28138,3680,6401,10816,16952,482,741,160598,272086,134892,224276,11570,25465,1070,1694,10018,15668,201,283,2847,4700,137429,228384,12291,26758,2825,4745,10657,16621,423,653,16205,29222,14501,25912,594,1122,628,1200,106,234,33,52,343,702,14819,26549,717,1380,855,1656,159,331,59,88
R,2,2026,92,380444,138046,242398,116422,200376,9408,21406,1343,2252,8101,13715,170,270,2602,4379,118758,204172,10048,22674,2997,5061,8691,14599,370,639,125368,218750,105126,179319,8966,20462,837,1379,8001,13527,141,232,2297,3831,107178,182630,9511,21523,2281,3837,8541,14325,321,563,12678,23648,11296,21057,442,944,506,873,100,188,29,38,305,548,11580,21542,537,1151,716,1224,150,274,49,76
R,2,2026,93,329579,116539,213040,98106,176242,8024,18684,1110,2079,6888,12001,129,273,2282,3761,100142,179538,8618,19800,2505,4470,7409,12738,329,578,106117,192816,88806,158230,7651,17888,694,1308,6809,11832,116,231,2041,3327,90626,161136,8159,18843,1939,3430,7285,12494,300,511,10422,20224,9300,18012,373,796,416,771,79,169,13,42,241,434,9516,18402,459,957,566,1040,124,244,29,67
R,2,2026,94,262994,90837,172157,77393,143971,5494,13795,844,1590,5232,9439,98,214,1776,3148,78969,146677,5994,14738,1917,3592,5635,10076,255,504,82679,156282,70078,129769,5236,13225,530,1008,5179,9321,82,180,1574,2779,71474,132145,5682,14025,1462,2773,5542,9902,219,442,8158,15875,7315,14202,258,570,314,582,53,118,16,34,202,369,7495,14532,312,713,455,819,93,174,36,62
R,2,2026,95,220730,74161,146569,62515,121731,4706,11862,743,1367,4664,8639,96,173,1437,2797,63804,124142,5103,12681,1598,3143,5006,9217,221,415,67386,132542,56484,109232,4463,11327,470,846,4606,8535,81,148,1282,2454,57635,111326,4799,12023,1231,2396,4917,9062,193,369,6775,14027,6031,12499,243,535,273,521,58,104,15,25,155,343,6169,12816,304,658,367,747,89,155,28,46
R,2,2026,96,167536,54397,113139,45690,93688,3468,9407,553,999,3503,6775,61,142,1122,2128,46666,95523,3786,10068,1231,2313,3768,7215,185,339,49489,102729,41297,84426,3316,8996,367,644,3467,6668,51,126,991,1869,42158,86023,3579,9565,960,1792,3711,7063,163,305,4908,10410,4393,9262,152,411,186,355,36,107,10,16,131,259,4508,9500,207,503,271,521,57,152,22,34
R,2,2026,97,128140,40432,87708,33947,72632,2583,7108,419,796,2581,5335,49,106,853,1731,34693,74104,2847,7661,938,1849,2782,5704,120,281,36752,79863,30661,65678,2456,6780,271,517,2556,5262,43,91,765,1535,31331,66974,2683,7261,735,1445,2743,5598,106,245,3680,7845,3286,6954,127,328,148,279,25,73,6,15,88,196,3362,7130,164,400,203,404,39,106,14,36
R,2,2026,98,96154,29177,66977,24304,55247,1891,5487,309,661,1939,4176,42,79,692,1327,24906,56371,2097,5883,701,1507,2102,4456,107,212,26633,61240,22043,50136,1807,5258,206,440,1926,4128,36,69,615,1209,22579,51159,1979,5605,553,1215,2078,4384,91,192,2544,5737,2261,5111,84,229,103,221,13,48,6,10,77,118,2327,5212,118,278,148,292,24,72,16,20
R,2,2026,99,67333,19717,47616,16274,38983,1316,3916,203,460,1402,3175,20,73,502,1009,16720,39844,1453,4247,495,1053,1531,3387,73,187,17968,43508,14715,35321,1255,3748,139,331,1386,3139,16,66,457,903,15121,36087,1372,4042,408,849,1507,3336,62,170,1749,4108,1559,3662,61,168,64,129,16,36,4,7,45,106,1599,3757,81,205,87,204,24,51,11,17
R,2,2026,100,128146,34857,93289,27232,73687,2658,8358,516,1125,3281,7451,77,160,1093,2508,28128,75706,3031,9269,1102,2565,3603,8037,238,468,31679,85590,24450,66888,2545,8011,389,865,3244,7388,65,140,986,2298,25261,68735,2876,8828,907,2180,3539,7918,207,412,3178,7699,2782,6799,113,347,127,260,37,63,12,20,107,210,2867,6971,155,441,195,385,64,119,31,56
R,3,2026,999,342361316,167971494,174389822,122052039,125116367,22152436,24258934,3589006,3493875,11442716,12467909,480586,482262,8254711,8570475,129644595,132984291,25390179,27662486,6943737,7094416,14048139,15073698,1020529,1020825,132760066,138929358,94283554,97042075,19967778,22036027,1162802,1200687,10962453,11978954,353643,353761,6029836,6317854,99835670,102847698,22260160,24472594,3401420,3664037,13019291,14036519,741486,740569,35211428,35460464,27768485,28074292,2184658,2222907,2426204,2293188,480263,488955,126943,128501,2224875,2252621,29808925,30136593,3130019,3189892,3542317,3430379,1028848,1037179,279043,280256
R,3,2026,0,3616075,1849404,1766671,1206144,1150573,292828,283600,46606,44494,113091,105965,6862,6644,183873,175395,1378366,1314581,382205,369562,98030,93637,177748,167218,17459,16718,1307884,1247178,818752,778462,246236,238783,11662,11346,102523,95756,4637,4444,124074,118387,935601,889819,306205,296749,40385,38628,149415,140159,11169,10501,541520,519493,387392,372111,46592,44817,34944,33148,10568,10209,2225,2200,59799,57008,442765,424762,76000,72813,57645,55009,28333,27059,6290,6217
R,3,2026,1,3634914,1858798,1776116,1209895,1154250,294074,284697,47283,45186,116427,109408,6934,6779,184185,175796,1382382,1318611,383532,370763,98739,94375,181321,170946,17552,16879,1311321,1250928,817979,777751,247083,239589,11643,11323,105748,99110,4689,4539,124179,118616,934900,889300,306991,297546,40309,38571,152860,143792,11238,10624,547477,525188,391916,376499,46991,45108,35640,33863,10679,10298,2245,2240,60006,57180,447482,429311,76541,73217,58430,55804,28461,27154,6314,6255
R,3,2026,2,3661340,1871651,1789689,1214060,1159203,296811,287328,48501,46326,120802,114007,6979,6915,184498,175910,1386807,1323642,386330,373352,99964,95473,185952,175749,17621,17017,1314913,1255049,815328,775602,249048,241543,11572,11264,109995,103543,4724,4606,124246,118491,932286,887004,308835,299288,40151,38373,157377,148427,11288,10688,556738,534640,398732,383601,47763,45785,36929,35062,10807,10464,2255,2309,60252,57419,454521,436638,77495,74064,59813,57100,28575,27322,6333,6329
R,3,2026,3,3760907,1919503,1841404,1243043,1189183,307745,298331,48970,47713,125922,119662,7274,7152,186549,179363,1417700,1356827,398229,385976,100809,97702,191953,182770,17995,17433,1356350,1296838,837891,798023,260041,252242,12054,11611,114955,109073,4822,4619,126587,121270,957022,912004,320857,311231,41110,39299,163402,155195,11507,10843,563153,544566,405152,391160,47704,46089,36916,36102,10967,10589,2452,2533,59962,58093,460678,444823,77372,74745,59699,58403,28551,27575,6488,6590
R,3,2026,4,3813780,1947653,1866127,1264121,1206827,312578,304733,47098,45320,127873,121611,7089,6849,188894,180787,1440972,1375798,404212,393030,99491,95592,194788,185313,17927,17186,1395218,1331604,866035,821312,266030,259593,12461,11817,117453,111439,4744,4495,128495,122948,986945,936855,327706,319322,41911,39855,166735,158301,11532,10813,552435,534523,398086,385515,46548,45140,34637,33503,10420,10172,2345,2354,60399,57839,454027,438943,76506,73708,57580,55737,28053,27012,6395,6373
R,3,2026,5,3724306,1903002,1821304,1231642,1173901,310311,301767,45791,44072,127285,120956,6648,6278,181325,174330,1401417,1336880,398312,387011,95979,92448,191543,182336,17043,16219,1372477,1310189,847042,803268,266965,260002,12581,12186,117539,111392,4648,4300,123702,119041,963445,915161,326364,317884,40884,39314,165001,156734,11178,10406,530525,511115,384600,370633,43346,41765,33210,31886,9746,9564,2000,1978,57623,55289,437972,421719,71948,69127,55095,53134,26542,25602,5865,5813
R,3,2026,6,3867129,1973451,1893678,1296238,1237459,305828,299357,48254,46131,130147,124659,7156,6771,185828,179301,1470232,1405105,395861,386921,99536,95777,196144,187820,17830,16940,1442865,1382003,909047,863466,264828,259962,14663,14146,120645,115355,4977,4799,128705,124275,1030131,980250,326569,320340,44194,42594,169979,162599,11808,11182,530586,511675,387191,373993,41000,39395,33591,31985,9502,9304,2179,1972,57123,55026,440101,424855,69292,66581,55342,53183,26165,25221,6022,5758
R,3,2026,7,3910609,1994363,1916246,1317014,1259564,309342,302679,48684,47134,129103,124061,7240,6979,182980,175829,1488358,1423955,397376,387698,99629,96103,193923,186218,18018,17127,1464623,1403391,928268,882853,268818,263771,15115,14750,119824,114941,5117,5024,127481,122052,1048176,997463,329807,322662,44461,42813,168590,161304,12016,11501,529740,512855,388746,376711,40524,38908,33569,32384,9279,9120,2123,1955,55499,53777,440182,426492,67569,65036,55168,53290,25333,24914,6002,5626
R,3,2026,8,3979288,2031576,1947712,1343288,1282505,316722,309005,50204,48124,132094,126824,7547,6802,181721,174452,1513265,1445431,403527,393155,101633,97410,196433,188192,18416,16955,1493695,1427119,946456,898728,276452,269579,15754,15075,122761,117709,5379,4822,126893,121206,1065661,1012519,336787,327897,45577,43236,171142,163658,12408,11218,537881,520593,396832,383777,40270,39426,34450,33049,9333,9115,2168,1980,54828,53246,447604,432912,66740,65258,56056,54174,25291,24534,6008,5737
R,3,2026,9,4055073,2070635,1984438,1375837,1312521,316884,309648,52026,50196,136341,130057,7618,7184,181929,174832,1545627,1475658,402618,393272,104466,100883,200727,191147,18618,17600,1521527,1453207,969539,919783,276048,269830,16285,15794,126843,120974,5403,5117,127409,121709,1089027,1033936,335786,328007,46735,45067,175476,166679,12502,11762,549108,531231,406298,392738,40836,39818,35741,34402,9498,9083,2215,2067,54520,53123,456600,441722,66832,65265,57731,55816,25251,24468,6116,5838
R,3,2026,10,4107957,2098359,2009598,1403656,1337634,319463,311412,52580,51376,134021,128367,7509,7203,181130,173606,1572902,1499613,404263,393807,105844,102275,197685,188862,18469,17629,1541059,1472263,988990,937930,278928,271863,16528,16170,124564,119348,5339,5126,126710,121826,1107955,1052144,338129,329825,47579,45877,172408,164861,12376,11837,557300,537335,414666,399704,40535,39549,36052,35206,9457,9019,2170,2077,54420,51780,464947,447469,66134,63982,58265,56398,25277,24001,6093,5792
R,3,2026,11,4124474,2106672,2017802,1409348,1344390,321499,312697,53251,51707,136627,129724,7410,7287,178537,171997,1576117,1504817,404714,394164,106511,103118,199059,188939,18014,17432,1552869,1482757,995880,945896,281313,273266,16940,16252,127304,121006,5318,5164,126114,121173,1114235,1059457,339975,330855,48420,46369,174631,165759,12268,11750,553803,535045,413468,398494,40186,39431,36311,35455,9323,8718,2092,2123,52423,50824,461882,445360,64739,63309,58091,56749,24428,23180,5746,5682
R,3,2026,12,4089352,2089546,1999806,1402480,1338177,318673,309617,53570,51290,133253,126643,7489,7137,174081,166942,1565095,1493871,399305,388180,106479,102124,193665,183764,18018,17144,1540860,1469343,992144,941499,279186,270812,16834,16178,124028,117981,5304,5000,123364,117873,1107900,1051984,336304,326673,48292,46215,169947,161077,12205,11525,548686,530463,410336,396678,39487,38805,36736,35112,9225,8662,2185,2137,50717,49069,457195,441887,63001,61507,58187,55909,23718,22687,5813,5619
R,3,2026,13,4124598,2105701,2018897,1413012,1350728,319795,311020,54391,52154,139097,131835,7658,7226,171748,165934,1573082,1505251,398762,387982,107516,103792,198757,188702,18074,17190,1553130,1484130,998496,949025,280146,272798,17122,16375,130093,123172,5416,5092,121857,117668,1112698,1059114,336119,327594,48750,47039,175528,166425,12274,11657,552571,534767,414516,401703,39649,38222,37269,35779,9004,8663,2242,2134,49891,48266,460384,446137,62643,60388,58766,56753,23229,22277,5800,5533
R,3,2026,14,4138100,2116009,2022091,1428035,1360241,322119,311658,55255,52500,133741,127090,7428,7145,169431,163457,1585959,1512486,399574,386858,108768,104093,191809,182753,17801,17070,1557040,1483974,1007086,954575,282276,273621,17134,16400,124700,118526,5251,4937,120593,115915,1120028,1062981,337617,327239,49254,47221,168946,160889,12113,11508,558969,538117,420949,405666,39843,38037,38121,36100,9041,8564,2177,2208,48838,47542,465931,449505,61957,59619,59514,56872,22863,21864,5688,5562
R,3,2026,15,4215686,2155733,2059953,1459140,1388994,330206,318960,55905,53981,132534,126175,7495,7382,170453,164461,1618005,1542056,407419,394334,110955,107254,190399,181516,17799,17307,1580207,1505785,1022408,969204,290361,280390,17172,16786,123603,117587,5340,5113,121323,116705,1136005,1078226,345514,334205,50258,48737,167745,159703,12244,11623,575526,554168,436732,419790,39845,38570,38733,37195,8931,8588,2155,2269,49130,47756,482000,463830,61905,60129,60697,58517,22654,21813,5555,5684
R,3,2026,16,4299561,2199416,2100145,1494800,1420891,336323,324955,55912,53343,132605,127272,7489,7241,172287,166443,1655346,1575871,414784,401993,111372,106759,190653,182594,17911,17339,1605288,1531723,1037099,983268,296736,286866,17513,17046,124095,118965,5188,4879,124657,120699,1153780,1096122,353827,343021,51580,50096,169069,161846,12248,11738,594128,568422,457701,437623,39587,38089,38399,36297,8510,8307,2301,2362,47630,45744,501566,479749,60957,58972,59792,56663,21584,20748,5663,5601
R,3,2026,17,4421607,2263211,2158396,1543165,1463846,345722,333611,58021,55271,135609,129840,7545,7374,173149,168454,1704187,1620608,424243,410943,114932,110689,193130,184976,18319,17592,1646890,1571387,1066399,1010001,304834,295272,18100,17599,126921,121436,5142,4947,125494,122132,1183522,1124111,362350,351990,53258,51952,171596,164111,12417,11893,616321,587009,476766,453845,40888,38339,39921,37672,8688,8404,2403,2427,47655,46322,520665,496497,61893,58953,61674,58737,21534,20865,5902,5699
R,3,2026,18,4516369,2311227,2205142,1577975,1498723,349417,337640,60669,57204,141984,135454,7697,7396,173485,168725,1739203,1655379,427411,414437,119167,114085,199229,190706,18444,17698,1679178,1603155,1087855,1032000,308318,299024,18593,17820,133088,126979,5162,5072,126162,122260,1205547,1146038,365355,355255,55001,53110,177809,169677,12530,12030,632049,601987,490120,466723,41099,38616,42076,39384,8896,8475,2535,2324,47323,46465,533656,509341,62056,59182,64166,60975,21420,21029,5914,5668
R,3,2026,19,4524237,2318803,2205434,1588757,1503806,347462,334974,62533,57369,142650,136863,7750,7472,169651,164950,1746269,1656913,422651,408951,120746,113815,198643,190627,18293,17574,1681129,1603935,1094621,1035901,306372,296379,18434,17790,133743,128528,5155,5089,122804,120248,1209095,1148041,361034,350960,54441,53109,177434,170380,12337,11940,637674,601499,494136,467905,41090,38595,44099,39579,8907,8335,2595,2383,46847,44702,537174,508872,61617,57991,66305,60706,21209,20247,5956,5634
R,3,2026,20,4473503,2294265,2179238,1579317,1489728,336576,326746,61920,56975,145463,140965,7797,7435,163192,157389,1730815,1635713,407633,396163,119294,111759,199002,192671,17731,17031,1666207,1589309,1090967,1029149,297011,289378,17991,17541,136871,133015,5279,5138,118088,115088,1201054,1136303,348582,340660,53749,52017,178789,173510,12061,11790,628058,589929,488350,460579,39565,37368,43929,39434,8592,7950,2518,2297,45104,42301,529761,499410,59051,55503,65545,59742,20213,19161,5670,5241
R,3,2026,21,4492446,2304422,2188024,1588527,1499014,335263,323432,62154,56409,151959,148292,7923,7299,158596,153578,1735575,1641322,403016,390437,118786,111186,204618,198362,17732,16715,1678993,1601227,1100139,1039428,296353,286690,18216,17163,143533,140460,5436,5128,115316,112358,1207425,1143861,345548,335971,53897,51914,184934,179960,12202,11653,625429,586797,488388,459586,38910,36742,43938,39246,8426,7832,2487,2171,43280,41220,528150,497461,57468,54466,64889,59272,19684,18402,5530,5062
R,3,2026,22,4524072,2321055,2203017,1604941,1512944,334320,323901,61896,55916,156645,152813,8011,7324,155242,150119,1748802,1652233,399677,388221,118797,110603,207490,201480,17667,16426,1699802,1620059,1118700,1055477,296080,287581,17979,17120,148526,145094,5486,5153,113031,109634,1223843,1157563,343750,334736,53939,51876,188602,183364,12129,11502,621253,582958,486241,457467,38240,36320,43917,38796,8119,7719,2525,2171,42211,40485,524959,494670,55927,53485,64858,58727,18888,18116,5538,4924
R,3,2026,23,4510912,2311851,2199061,1594123,1506967,336572,327106,61801,55886,163247,157810,7835,7240,148273,144052,1731438,1640032,398323,388399,117003,109133,211819,204556,17051,16126,1695173,1619018,1110465,1051102,297995,290817,17794,16835,155386,150056,5549,5063,107984,105145,1210693,1148562,343102,335906,52779,50691,193571,186778,11977,11246,616678,580043,483658,455865,38577,36289,44007,39051,7861,7754,2286,2177,40289,38907,520745,491470,55221,52493,64224,58442,18248,17778,5074,4880
R,3,2026,24,4671885,2372270,2299615,1629292,1571028,352656,351205,60786,56124,179167,173114,7883,7850,142486,140294,1760610,1700195,411905,411085,114055,107428,225772,218958,17208,16987,1752850,1711202,1141787,1107182,313165,313459,17532,17302,171170,165123,5594,5539,103602,102597,1237477,1201857,356271,357436,51185,49943,207954,201384,12162,12017,619420,588413,487505,463846,39491,37746,43254,38822,7997,7991,2289,2311,38884,37697,523133,498338,55634,53649,62870,57485,17818,17574,5046,4970
R,3,2026,25,4962698,2510473,2452225,1722221,1676026,375349,374578,61911,56981,203241,197948,8701,8598,139050,138094,1849789,1802616,432939,433686,113151,106349,249599,244003,18289,17927,1878718,1849287,1224085,1198483,334258,335482,18182,17877,194736,189597,6371,6132,101086,101716,1317007,1291889,375967,378967,50509,49417,231411,226447,13181,12841,631755,602938,498136,477543,41091,39096,43729,39104,8505,8351,2330,2466,37964,36378,532782,510727,56972,54719,62642,56932,18188,17556,5108,5086
R,3,2026,26,4853430,2457995,2395435,1699939,1644551,359499,361834,59954,54380,198381,194687,8585,8317,131637,131666,1820604,1765466,413576,417818,109364,101712,241864,238446,17464,16977,1845039,1812179,1214379,1181380,320535,324189,17667,16903,190169,186620,6341,5841,95948,97246,1302508,1270871,359830,365749,48801,47090,224891,221713,12664,11949,612956,583256,485560,463171,38964,37645,42287,37477,8212,8067,2244,2476,35689,34420,518096,494595,53746,52069,60563,54622,16973,16733,4800,5028
R,3,2026,27,4751570,2404766,2346804,1670405,1613722,347006,350233,58275,52928,193411,194252,8389,8197,127280,127472,1787002,1730740,398391,404040,106553,99651,235427,236133,17184,16624,1807941,1777733,1197636,1161249,309183,313836,16913,16213,185254,186120,6119,5863,92836,94452,1282809,1248167,346566,353611,47460,46396,218813,219828,12426,11907,596825,569071,472769,452473,37823,36397,41362,36715,8157,8132,2270,2334,34444,33020,504193,482573,51825,50429,59093,53255,16614,16305,4758,4717
R,3,2026,28,4583231,2318943,2264288,1609389,1550611,332251,334805,56291,51043,192680,197998,8029,7784,120303,122047,1719691,1662463,380392,385745,102312,96320,232432,238125,16172,15608,1744140,1717841,1153499,1115592,296262,300555,15866,15282,184825,190174,5870,5587,87818,90651,1234054,1198812,331117,338447,45010,44294,216818,222820,11744,11283,574803,546447,455890,435019,35989,34250,40425,35761,7855,7824,2159,2197,32485,31396,485637,463651,49275,47298,57302,52026,15614,15305,4428,4325
R,3,2026,29,4513821,2281270,2232551,1587639,1526812,321949,327079,55876,50303,191552,201637,7723,7351,116531,119369,1694120,1636281,367840,376042,101180,95469,230137,240627,15689,15097,1711970,1692852,1136007,1097739,286248,293285,15393,14771,184041,193974,5594,5396,84687,87687,1213592,1178261,319141,329300,43707,43378,215211,225493,11347,10948,569300,539699,451632,429073,35701,33794,40483,35532,7511,7663,2129,1955,31844,31682,480528,458020,48699,46742,57473,52091,14926,15134,4342,4149
R,3,2026,30,4531250,2285743,2245507,1593153,1537817,322252,329320,56208,50299,192259,203763,7731,7413,114140,116895,1697466,1644666,366725,376853,101100,95586,229801,241546,15743,15238,1719707,1705891,1144928,1108900,286532,295110,15337,14559,184485,195802,5628,5531,82797,85989,1220701,1187693,318262,329847,43567,43412,214827,226484,11443,11224,566036,539616,448225,428917,35720,34210,40871,35740,7774,7961,2103,1882,31343,30906,476765,456973,48463,47006,57533,52174,14974,15062,4300,4014
R,3,2026,31,4548873,2288081,2260792,1596322,1545822,324997,338876,55809,50302,191462,202493,7838,7461,111653,115838,1698042,1651571,367930,385504,100776,95787,228014,239881,15778,15305,1728982,1723485,1153441,1118816,289801,304115,15396,14773,183818,194829,5791,5507,80735,85445,1226998,1196870,320359,338161,43556,44067,213409,225355,11584,11241,559099,537307,442881,427006,35196,34761,40413,35529,7644,7664,2047,1954,30918,30393,471044,454701,47571,47343,57220,51720,14605,14526,4194,4064
R,3,2026,32,4578109,2299268,2278841,1605013,1556058,328695,346843,55677,50838,193333,203213,7735,7403,108815,114486,1703882,1660514,369860,392524,99828,96952,229255,239747,15771,15166,1746818,1744993,1166354,1132177,294176,312397,15588,15240,185915,195539,5657,5402,79128,84238,1238264,1209203,323497,345532,43332,45072,215281,225239,11530,11079,552450,533848,438659,423881,34519,34446,40089,35598,7418,7674,2078,2001,29687,30248,465618,451311,46363,46992,56496,51880,13974,14508,4241,4087
R,3,2026,33,4657155,2336061,2321094,1632859,1586087,334424,355102,56727,51999,196884,206373,7767,7508,107400,114025,1730416,1690056,374395,399410,101379,99269,232014,242574,15648,15210,1782736,1785359,1193396,1161073,299635,320231,16120,15662,189550,198764,5806,5427,78229,84202,1264474,1237929,328041,352182,44584,46693,218171,228442,11599,11084,553325,535735,439463,425014,34789,34871,40607,36337,7334,7609,1961,2081,29171,29823,465942,452127,46354,47228,56795,52576,13843,14132,4049,4126
R,3,2026,34,4709798,2356275,2353523,1654526,1613903,334143,359672,56861,51833,197569,207816,7797,7448,105379,112851,1750266,1716612,372282,402760,101797,99824,231830,243490,15602,15119,1808315,1823968,1219382,1194455,299666,324197,16567,16184,190347,200393,5821,5558,76532,83181,1288944,1270271,326486,355055,45146,47694,218405,229524,11637,11241,547960,529555,435144,419448,34477,35475,40294,35649,7222,7423,1976,1890,28847,29670,461322,446341,45796,47705,56651,52130,13425,13966,3965,3878
R,3,2026,35,4814023,2408569,2405454,1696516,1651383,339636,368033,57658,52621,202295,213004,7917,7712,104547,112701,1791186,1754115,376757,409847,102817,101843,236722,248374,15740,15452,1858242,1874825,1259688,1231646,305062,332566,16866,16477,194861,205533,5887,5716,75878,82887,1328481,1307319,330865,362192,45578,48898,223115,234471,11671,11457,550327,530629,436828,419737,34574,35467,40792,36144,7434,7471,2030,1996,28669,29814,462705,446796,45892,47655,57239,52945,13607,13903,4069,3995
R,3,2026,36,4766873,2380333,2386540,1679810,1640063,335560,364203,55662,51606,200482,213613,7754,7480,101065,109575,1771556,1739558,370691,404149,99921,100418,233529,247975,15279,15013,1850354,1869953,1258466,1230643,302228,329664,16635,16489,193509,206527,5809,5570,73707,81060,1325379,1304279,326549,357931,45209,49115,220773,234841,11460,11318,529979,516587,421344,409420,33332,34539,39027,35117,6973,7086,1945,1910,27358,28515,446177,435279,44142,46218,54712,51303,12756,13134,3819,3695
R,3,2026,37,4647276,2314206,2333070,1640348,1609584,318117,349079,53696,50436,198427,212383,7475,7244,96143,104344,1727461,1704347,350816,386402,96215,97756,230171,245073,14722,14321,1805328,1834468,1235224,1213552,286677,316145,16087,16251,191604,205578,5540,5368,70196,77574,1298769,1284024,309298,342479,43491,48156,217876,232724,11071,10755,508878,498602,405124,396032,31440,32934,37609,34185,6823,6805,1935,1876,25947,26770,428692,420323,41518,43923,52724,49600,12295,12349,3651,3566
R,3,2026,38,4566711,2272654,2294057,1623124,1592557,306213,337657,53054,49003,190362,205871,7250,7167,92651,101802,1707111,1685101,337133,373626,94857,96045,220461,237327,14257,14190,1772880,1804599,1224121,1203221,275797,305874,15756,15456,183807,199216,5371,5289,68028,75543,1285718,1271987,297258,331212,42950,47187,208919,225254,10759,10596,499774,489458,399003,389336,30416,31783,37298,33547,6555,6655,1879,1878,24623,26259,421393,413114,39875,42414,51907,48858,11542,12073,3498,3594
R,3,2026,39,4519853,2248037,2271816,1614340,1586031,299695,330638,52017,48915,185082,200614,7226,6944,89677,98674,1695505,1675618,328898,364963,93511,95868,214336,230748,14102,13546,1755920,1788412,1220972,1201182,269893,299652,15354,15220,178728,194085,5395,5119,65578,73154,1280260,1267577,289966,323727,42262,47034,203094,219111,10667,10131,492117,483404,393368,384849,29802,30986,36663,33695,6354,6529,1831,1825,24099,25520,415245,408041,38932,41236,51249,48834,11242,11637,3435,3415
R,3,2026,40,4556070,2266118,2289952,1633113,1604930,299017,330240,52561,48998,185209,201556,7081,6907,89137,97321,1713868,1693366,327668,363011,94568,96164,213870,231012,13956,13697,1772764,1808190,1238621,1220083,269529,300169,15092,15589,178878,195024,5359,5201,65285,72124,1297751,1285642,289006,322872,42720,47823,202770,219453,10545,10350,493354,481762,394492,384847,29488,30071,37469,33409,6331,6532,1722,1706,23852,25197,416117,407724,38662,40139,51848,48341,11100,11559,3411,3347
R,3,2026,41,4474126,2221798,2252328,1606788,1582931,288863,321494,51179,48757,182993,199093,6907,6805,85068,93248,1683735,1667433,315309,352273,92132,95251,210267,226882,13474,13310,1743895,1779258,1223954,1204423,261118,292611,14746,15328,176694,192883,5163,5105,62220,68908,1280185,1266901,279134,313842,41683,46975,199373,215911,10191,10074,477903,473070,382834,378508,27745,28883,36433,33429,6299,6210,1744,1700,22848,24340,403550,400532,36175,38431,50449,48276,10894,10971,3283,3236
R,3,2026,42,4397043,2179344,2217699,1579592,1559701,281663,316293,50600,47493,178376,195932,6748,6763,82365,91517,1653844,1642473,307128,345966,91113,94314,204379,222737,13247,13261,1711023,1751858,1204325,1185750,254312,288211,14624,14924,172457,189929,5071,5049,60234,67995,1258508,1247206,271651,308837,41399,47244,193993,212114,10055,10028,468321,465841,375267,373951,27351,28082,35976,32569,5919,6003,1677,1714,22131,23522,395336,395267,35477,37129,49714,47070,10386,10623,3192,3233
R,3,2026,43,4442139,2194781,2247358,1595346,1585816,283922,319078,51203,48777,175484,195428,6485,6621,82341,91638,1669818,1668642,309127,348460,92711,96727,200504,221694,12904,13031,1724809,1772923,1217990,1204154,256840,290909,15024,15410,169729,189407,4806,4955,60420,68088,1272554,1265655,274127,311340,42704,48718,190530,211051,9730,9858,469972,474435,377356,381662,27082,28169,36179,33367,5755,6021,1679,1666,21921,23550,397264,402987,35000,37120,50007,48009,9974,10643,3174,3173
R,3,2026,44,4351370,2145633,2205737,1566208,1560724,276644,312693,49590,47390,167889,189608,6383,6459,78919,88863,1637294,1640959,300718,341364,89869,94390,191670,214624,12492,12706,1689406,1741772,1199846,1187696,250445,285050,14233,14667,162200,183705,4758,4744,57924,65910,1251888,1247279,267020,304915,41224,47204,181934,204338,9479,9497,456227,463965,366362,373028,26199,27643,35357,32723,5689,5903,1625,1715,20995,22953,385406,393680,33698,36449,48645,47186,9736,10286,3013,3209
R,3,2026,45,4382819,2163286,2219533,1580937,1571690,283837,319930,50545,48051,162628,185224,6551,6441,78788,88197,1651997,1651412,307746,348174,91342,95431,185892,209503,12621,12492,1700594,1751420,1208447,1194556,257956,292224,14798,15015,156925,179280,4780,4809,57688,65536,1260344,1253767,274343,311961,42131,48074,176151,199283,9456,9366,462692,468113,372490,377134,25881,27706,35747,33036,5703,5944,1771,1632,21100,22661,391653,397645,33403,36213,49211,47357,9741,10220,3165,3126
R,3,2026,46,4270808,2105881,2164927,1540236,1532283,277900,313355,48416,46735,157378,180674,6317,6442,75634,85438,1608385,1609255,300697,340793,88193,92811,179201,204059,12078,12407,1658851,1709921,1179107,1165762,253320,286457,14149,14659,151987,175066,4742,4697,55546,63280,1229038,1222748,268848,305346,41010,46813,170160,194331,9242,9247,447030,455006,361129,366521,24580,26898,34267,32076,5391,5608,1575,1745,20088,22158,379347,386507,31849,35447,47183,45998,9041,9728,2836,3160
R,3,2026,47,4076753,2005382,2071371,1468911,1468477,263032,297483,46235,44651,149819,174056,5967,5859,71418,80845,1533220,1541337,284252,323167,84406,88584,170305,196068,11241,11354,1580516,1636364,1125369,1117098,239949,272300,13434,13835,144730,168590,4463,4278,52571,60263,1172664,1171377,254497,290063,39406,44782,161681,186810,8504,8482,424866,435007,343542,351379,23083,25183,32801,30816,5089,5466,1504,1581,18847,20582,360556,369960,29755,33104,45000,43802,8624,9258,2737,2872
R,3,2026,48,4022682,1973626,2049056,1454254,1461597,253896,289528,45225,44371,144996,168814,5621,5891,69634,78855,1517127,1532717,274422,314028,82863,87819,164862,190290,10674,11220,1555643,1616832,1114595,1111017,231978,265011,13412,14195,140080,163556,4211,4317,51367,58736,1160898,1163958,245884,281991,39072,44784,156709,181244,8090,8446,417983,432224,339659,350580,21918,24517,31813,30176,4916,5258,1410,1574,18267,20119,356229,368759,28538,32037,43791,43035,8153,9046,2584,2774
R,3,2026,49,3905471,1914734,1990737,1409289,1418113,244658,280579,43681,42530,144663,168590,5478,5552,66965,75373,1469565,1486016,263903,303817,80304,84770,163614,188874,10524,10569,1508219,1567527,1077911,1073227,223420,257134,13193,13541,139961,163422,4107,4100,49627,56103,1122445,1123668,236557,273194,38358,43215,155872,180258,8011,7966,406515,423210,331378,344886,21238,23445,30488,28989,4702,5168,1371,1452,17338,19270,347120,362348,27346,30623,41946,41555,7742,8616,2513,2603
R,3,2026,50,3851521,1886487,1965034,1387556,1400458,241219,275976,42622,41588,145501,169038,5178,5444,64411,72530,1445543,1465671,259491,298011,78516,82416,163262,188397,9810,10282,1489108,1550675,1062957,1060962,220640,253788,12837,13421,140880,164000,3945,4044,47849,54460,1105957,1109885,233192,269196,37736,42429,155733,180130,7558,7788,397379,414359,324599,339496,20579,22188,29785,28167,4621,5038,1233,1400,16562,18070,339586,355786,26299,28815,40780,39987,7529,8267,2252,2494
R,3,2026,51,3857459,1891062,1966397,1397310,1409615,238590,271660,41729,41196,145821,167853,5037,5177,62575,70896,1453598,1473482,256172,292669,76921,81676,162932,186765,9514,9658,1502246,1558988,1078459,1075091,218965,250205,12892,13395,141353,163066,3801,3850,46776,53381,1120467,1123054,231283,264953,37468,42302,155658,178891,7246,7293,388816,407409,318851,334524,19625,21455,28837,27801,4468,4787,1236,1327,15799,17515,333131,350428,24889,27716,39453,39374,7274,7874,2268,2365
R,3,2026,52,3770381,1843882,1926499,1361346,1378655,233827,267447,39807,39812,143752,166898,4896,5126,60254,68561,1415529,1440290,250417,287616,73995,78993,160305,185294,9170,9585,1473175,1534048,1056466,1055587,215479,247071,12455,13316,139547,162276,3722,3774,45506,52024,1097220,1102297,227095,261240,36760,41647,153518,177697,7060,7228,370707,392451,304880,323068,18348,20376,27352,26496,4205,4622,1174,1352,14748,16537,318309,337993,23322,26376,37235,37346,6787,7597,2110,2357
R,3,2026,53,3885579,1894553,1991026,1400145,1426474,242914,279185,40569,40129,145092,170654,4887,5081,60946,69503,1454986,1488907,259333,299473,75602,80326,161566,188737,9176,9641,1524673,1597469,1095678,1101908,224862,258759,13151,13635,140902,166022,3717,3787,46363,53358,1137221,1149719,236471,273304,38337,43131,154799,181299,7146,7377,369880,393557,304467,324566,18052,20426,27418,26494,4190,4632,1170,1294,14583,16145,317765,339188,22862,26169,37265,37195,6767,7438,2030,2264
R,3,2026,54,4037984,1968920,2069064,1476333,1504332,245279,283432,39201,39673,141654,165845,4888,4920,61565,70862,1531756,1568259,261713,303463,75333,81696,157646,183644,9201,9421,1608474,1683703,1178384,1185983,227875,263819,13391,13941,137505,161266,3690,3713,47629,54981,1221185,1235435,239689,278315,39975,45370,151168,176352,7130,7277,360446,385361,297949,318349,17404,19613,25810,25732,4149,4579,1198,1207,13936,15881,310571,332824,22024,25148,35358,36326,6478,7292,2071,2144
R,3,2026,55,4264421,2081411,2183010,1572938,1601776,258540,297624,39894,39976,140993,165867,4971,5071,64075,72696,1630711,1667224,275444,318124,78226,83901,156949,183421,9416,9741,1716515,1798063,1271334,1283281,240705,277857,13834,14710,136889,161409,3801,3883,49952,56923,1316313,1334368,252953,292861,42471,48159,150492,176220,7375,7632,364896,384947,301604,318495,17835,19767,26060,25266,4104,4458,1170,1188,14123,15773,314398,332856,22491,25263,35755,35742,6457,7201,2041,2109
R,3,2026,56,4125151,2010707,2114444,1528576,1561777,244382,281092,37816,38210,135154,159388,4725,4947,60054,69030,1582722,1623969,259960,300225,74085,80319,149956,175866,9078,9475,1659656,1744029,1237262,1254684,227465,262409,13107,14042,131321,155157,3631,3818,46870,53919,1279394,1303149,238764,276366,40344,46006,143973,169046,7159,7470,351051,370415,291314,307093,16917,18683,24709,24168,3833,4231,1094,1129,13184,15111,303328,320820,21196,23859,33741,34313,5983,6820,1919,2005
R,3,2026,57,3985424,1937639,2047785,1474385,1514661,234597,271172,36605,36542,131522,155703,4366,4846,56164,64861,1525087,1573021,248948,289088,70938,76669,145109,170690,8302,9024,1604055,1696137,1197155,1222566,218709,253571,12960,13862,127959,151786,3374,3688,43898,50664,1236707,1268047,229106,266451,38952,44601,139470,164415,6544,7024,333584,351648,277230,292095,15888,17601,23645,22680,3563,3917,992,1158,12266,14197,288380,304974,19842,22637,31986,32068,5639,6275,1758,2000
R,3,2026,58,3888167,1884871,2003296,1441294,1486414,230353,270501,34954,35470,120503,144244,4382,4663,53385,62004,1489493,1542237,243964,287804,68054,74117,132922,158094,8048,8718,1563783,1662367,1173911,1202667,215146,253290,12690,13674,116978,140426,3424,3633,41634,48677,1211363,1246423,224926,265911,37780,43407,127494,152003,6421,6898,321088,340929,267383,283747,15207,17211,22264,21796,3525,3818,958,1030,11751,13327,278130,295814,19038,21893,30274,30710,5428,6091,1627,1820
R,3,2026,59,3915277,1892890,2022387,1455979,1511745,230750,273297,34103,34657,115587,136938,4495,4590,51976,61160,1502746,1566811,244042,290008,66702,73454,127435,150066,8126,8517,1580300,1691479,1194567,1235473,216277,256712,12843,13956,112326,133370,3489,3558,40798,48410,1231203,1278986,225900,269044,37728,44171,122350,144407,6464,6709,312590,330908,261412,276272,14473,16585,21260,20701,3261,3568,1006,1032,11178,12750,271543,287825,18142,20964,28974,29283,5085,5659,1662,1808
R,3,2026,60,4019283,1939659,2079624,1490982,1553784,239712,283744,34329,35344,117304,140177,4385,4748,52947,61827,1538465,1609220,253241,300738,67903,74698,129060,153504,8182,8749,1629411,1750028,1231727,1278609,224873,267272,13432,14638,114070,136648,3440,3711,41869,49150,1269168,1322595,234759,279792,39397,45498,124064,147860,6542,6947,310248,329596,259255,275175,14839,16472,20897,20706,3234,3529,945,1037,11078,12677,269297,286625,18482,20946,28506,29200,4996,5644,1640,1802
R,3,2026,61,4181795,2010104,2171691,1562032,1642786,241126,287831,34054,34824,115713,138801,4117,4705,53062,62744,1609877,1699286,254009,304597,68399,75738,127158,151586,7718,8650,1710477,1849138,1310634,1372227,227366,271771,13839,15292,112657,135439,3211,3714,42770,50695,1349114,1417782,236977,284415,41051,48024,122455,146283,6186,6980,299627,322553,251398,270559,13760,16060,20215,19532,3056,3362,906,991,10292,12049,260763,281504,17032,20182,27348,27714,4703,5303,1532,1670
R,3,2026,62,4207223,2016832,2190391,1573023,1665746,236208,282430,33013,34031,117746,141336,4037,4461,52805,62387,1620601,1721863,248978,298687,67633,74932,128852,154090,7596,8427,1730379,1878493,1332755,1403990,222848,266996,13942,15276,114852,138103,3240,3473,42742,50655,1371148,1449493,232452,279319,41531,48211,124379,148959,6195,6733,286453,311898,240268,261756,13360,15434,19071,18755,2894,3233,797,988,10063,11732,249453,272370,16526,19368,26102,26721,4473,5131,1401,1694
R,3,2026,63,4188275,2002710,2185565,1569415,1671696,230865,279104,31821,33051,115611,136235,3966,4485,51032,60994,1615443,1726620,242949,294934,65309,73468,126458,148401,7411,8245,1728992,1885265,1339022,1418726,218419,264749,13822,15211,112799,133062,3165,3612,41765,49905,1376614,1463562,227556,276878,40889,48044,122160,143475,6066,6715,273718,300300,230393,252970,12446,14355,17999,17840,2812,3173,801,873,9267,11089,238829,263058,15393,18056,24420,25424,4298,4926,1345,1530
R,3,2026,64,4153780,1980429,2173351,1571656,1682372,222699,272355,30052,32004,102290,123284,3925,4177,49807,59159,1616585,1735692,234347,287560,63158,71621,112666,134819,7138,7731,1723946,1890929,1355476,1444325,211143,259046,13512,15114,99770,120376,3163,3317,40882,48751,1392265,1488168,220016,270765,40291,47556,108833,130284,5883,6258,256483,282422,216180,238047,11556,13309,16540,16890,2520,2908,762,860,8925,10408,224320,247524,14331,16795,22867,24065,3833,4535,1255,1473
R,3,2026,65,4181547,1986210,2195337,1575516,1699462,224759,274437,29542,31772,103489,126909,3768,4203,49136,58554,1619908,1752119,236432,289401,62192,71002,113604,138338,6964,7840,1736411,1916454,1364866,1464050,213471,261562,13383,15128,101118,124043,3062,3382,40511,48289,1401372,1507428,222394,273088,40019,47273,109931,133869,5737,6367,249799,278883,210650,235412,11288,12875,16159,16644,2371,2866,706,821,8625,10265,218536,244691,14038,16313,22173,23729,3673,4469,1227,1473
R,3,2026,66,4079860,1930500,2149360,1536768,1667919,215528,267943,27879,30358,100196,123489,3520,3924,46609,55727,1578716,1718040,226320,282247,58927,67761,110001,134308,6562,7237,1697076,1886650,1339723,1446418,204990,255437,12878,14621,97917,120812,2873,3185,38695,46177,1374469,1487826,213345,266627,38289,45442,106525,130127,5423,5947,233424,262710,197045,221501,10538,12506,15001,15737,2279,2677,647,739,7914,9550,204247,230214,12975,15620,20638,22319,3476,4181,1139,1290
R,3,2026,67,3991556,1880685,2110871,1502072,1643299,207321,259445,26045,28844,97527,122028,3370,3723,44350,53532,1542034,1691502,217654,273111,55889,64967,106506,132265,6141,6892,1663534,1863565,1318763,1434212,197311,248012,12332,14264,95427,119515,2752,3073,36949,44489,1351984,1474159,205360,258721,36877,44129,103345,128361,5092,5671,217151,247306,183309,209087,10010,11433,13713,14580,2100,2513,618,650,7401,9043,190050,217343,12294,14390,19012,20838,3161,3904,1049,1221
R,3,2026,68,3963089,1859675,2103414,1492830,1647269,199770,252944,25143,27514,95930,120343,3147,3492,42855,51852,1531411,1693915,209601,266100,53988,62991,104722,129967,5838,6474,1652735,1864176,1317506,1444228,190554,242056,12101,13780,93982,117939,2615,2844,35977,43329,1349791,1483109,198306,252442,36085,43294,101734,126318,4920,5353,206940,239238,175324,203041,9216,10888,13042,13734,1948,2404,532,648,6878,8523,181620,210806,11295,13658,17903,19697,2988,3649,918,1121
R,3,2026,69,3831195,1790042,2041153,1441683,1601425,189213,244092,23614,25969,92162,117513,3015,3368,40355,48786,1478132,1645310,198472,256458,50928,59342,100251,126546,5553,6204,1596238,1814496,1277384,1408807,180589,233616,11458,13198,90345,115262,2503,2789,33959,40824,1308003,1445425,187895,243401,34210,40993,97501,123092,4639,5189,193804,226657,164299,192618,8624,10476,12156,12771,1817,2251,512,579,6396,7962,170129,199885,10577,13057,16718,18349,2750,3454,914,1015
R,3,2026,70,3702850,1724310,1978540,1392771,1556362,178934,232777,22311,24861,89677,115134,2779,3248,37838,46158,1426895,1597814,187622,244490,47835,56374,97249,123828,5196,5985,1540658,1762036,1236913,1372110,170678,222829,10847,12731,87941,112965,2306,2654,31973,38747,1265679,1406804,177555,232068,32205,39068,94658,120571,4383,4984,183652,216504,155858,184252,8256,9948,11464,12130,1736,2169,473,594,5865,7411,161216,191010,10067,12422,15630,17306,2591,3257,813,1001
R,3,2026,71,3595512,1667258,1928254,1352334,1524773,169368,222189,20795,23406,86778,111057,2707,3119,35276,43710,1384065,1563840,177567,233373,44652,53307,93792,119218,4979,5784,1496146,1723288,1206987,1349937,161697,213005,10345,11997,85176,109089,2252,2578,29689,36682,1233634,1382594,168148,221840,30213,36971,91403,116223,4204,4860,171112,204966,145347,174836,7671,9184,10450,11409,1602,1968,455,541,5587,7028,150431,181246,9419,11533,14439,16336,2389,2995,775,924
R,3,2026,72,3397202,1565050,1832152,1280247,1460171,152747,205565,18715,21237,78988,101933,2357,2788,31996,40458,1309052,1496514,160168,215932,40599,48972,85183,109287,4372,5199,1410229,1642984,1148132,1298244,145925,197115,9503,11235,77570,100117,1958,2309,27141,33964,1172517,1328654,151804,205293,27932,34471,83094,106525,3704,4375,154821,189168,132115,161927,6822,8450,9212,10002,1418,1816,399,479,4855,6494,136535,167860,8364,10639,12667,14501,2089,2762,668,824
R,3,2026,73,3273433,1502085,1771348,1234531,1417062,141994,194427,17131,19996,76591,99523,2243,2646,29595,37694,1261130,1450921,148946,203978,37262,45871,82426,106294,4170,4954,1359035,1593403,1112019,1264214,135601,186582,8903,10740,75370,97888,1902,2203,25240,31776,1134632,1292648,141187,194205,25947,32465,80578,103836,3555,4199,143050,177945,122512,152848,6393,7845,8228,9256,1221,1635,341,443,4355,5918,126498,158273,7759,9773,11315,13406,1848,2458,615,755
R,3,2026,74,3096224,1414984,1681240,1171240,1353924,130807,182185,15620,18339,67598,89212,1998,2386,27721,35194,1196228,1385491,137170,191302,34861,42791,72733,95256,3761,4474,1283057,1516768,1057788,1212343,125181,174948,8303,9976,66427,87766,1700,1964,23658,29771,1079026,1238937,130319,182167,24589,30726,71025,93045,3228,3778,131927,164472,113452,141581,5626,7237,7317,8363,1171,1446,298,422,4063,5423,117202,146554,6851,9135,10272,12065,1708,2211,533,696
R,3,2026,75,2914310,1323218,1591092,1090209,1272890,123472,175766,14726,17419,67121,89980,1897,2293,25793,32744,1113370,1302260,129547,184363,32482,40093,71929,95611,3536,4278,1198147,1432050,982711,1135801,118018,168871,7728,9349,66057,88581,1617,1919,22016,27529,1002390,1160399,122899,175703,22826,28413,70322,93456,3048,3614,125071,159042,107498,137089,5454,6895,6998,8070,1064,1399,280,374,3777,5215,110980,141861,6648,8660,9656,11680,1607,2155,488,664
R,3,2026,76,2787968,1259739,1528229,1042955,1229093,113135,163524,13636,15873,64623,86956,1762,2054,23628,30729,1064265,1256550,118654,171576,29860,37111,69000,92224,3340,3956,1145425,1380643,944409,1101398,108311,157147,7353,8694,63582,85595,1499,1728,20271,26081,962642,1124605,112765,163640,21203,26729,67491,90207,2905,3379,114314,147586,98546,127695,4824,6377,6283,7179,1041,1361,263,326,3357,4648,101623,131945,5889,7936,8657,10382,1509,2017,435,577
R,3,2026,77,2666125,1198407,1467718,999509,1191470,102843,150460,12468,14671,59699,79992,1651,2013,22237,29112,1019476,1217532,107954,158101,27973,34887,63777,84868,3143,3823,1094198,1330896,909301,1072883,98606,144708,6942,8178,58777,78700,1377,1712,19195,24715,926480,1094931,102772,150852,20260,25345,62443,82965,2702,3280,104209,136822,90208,118587,4237,5752,5526,6493,922,1292,274,301,3042,4397,92996,122601,5182,7249,7713,9542,1334,1903,441,543
R,3,2026,78,2632725,1179806,1452919,999009,1198462,92275,137672,11522,13604,54393,73259,1479,1790,21128,28132,1018138,1223729,97047,144927,26308,33359,58128,77847,2813,3442,1082129,1324069,914156,1086476,88408,132191,6475,7686,53556,72136,1270,1511,18264,24069,930664,1108027,92326,138104,19191,24548,56895,76183,2476,2990,97677,128850,84853,111986,3867,5481,5047,5918,837,1123,209,279,2864,4063,87474,115702,4721,6823,7117,8811,1233,1664,337,452
R,3,2026,79,2427418,1081734,1345684,921748,1118340,80272,121180,10257,12655,48916,66482,1313,1522,19228,25505,939217,1141404,84466,127573,23812,30549,52226,70612,2558,3116,994328,1227440,845565,1015516,76812,116206,5883,7224,48243,65430,1123,1284,16702,21780,860728,1035143,80228,121349,17642,22560,51207,69041,2238,2678,87406,118244,76183,102824,3460,4974,4374,5431,673,1052,190,238,2526,3725,78489,106261,4238,6224,6170,7989,1019,1571,320,438
R,3,2026,80,1832375,806104,1026271,676925,839646,64306,100208,8061,10439,41333,55203,1105,1455,14374,19320,689854,856910,67671,105376,17852,23522,44018,58592,2187,2779,731164,922249,611469,749025,61351,95824,4459,5627,40678,54263,934,1222,12273,16288,622474,763501,64035,99957,12789,16666,43039,57234,1889,2387,74940,104022,65456,90621,2955,4384,3602,4812,655,940,171,233,2101,3032,67380,93409,3636,5419,5063,6856,979,1358,298,392
R,3,2026,81,1740091,756325,983766,638687,809130,58116,93785,7344,9667,37778,51588,986,1259,13414,18337,650781,825459,61302,98845,16428,22142,40298,54662,1987,2534,689805,889179,580431,726411,55505,89986,4129,5349,37274,50780,853,1046,11613,15607,590868,740256,58100,94075,11970,15973,39530,53486,1753,2169,66520,94587,58256,82719,2611,3799,3215,4318,504,808,133,213,1801,2730,59913,85203,3202,4770,4458,6169,768,1176,234,365
R,3,2026,82,1666218,716958,949260,610561,790516,52583,86010,6783,8893,33867,45422,831,1118,12333,17301,621685,805964,55521,90673,15375,20825,35986,48213,1725,2326,656461,861489,557494,713561,50267,82506,3945,5006,33381,44700,709,945,10665,14771,567099,726693,52648,86305,11386,15224,35275,47123,1485,2011,60497,87771,53067,76955,2316,3504,2838,3887,486,722,122,173,1668,2530,54586,79271,2873,4368,3989,5601,711,1090,240,315
R,3,2026,83,1567729,666238,901491,569336,753713,47654,80427,5904,8125,31388,42464,731,1017,11225,15745,579443,767813,50299,84711,13578,19042,33435,44970,1548,2042,612323,820268,521938,682600,45516,77065,3479,4506,30960,41813,630,840,9800,13444,530745,694585,47706,80528,10177,13884,32798,43995,1355,1754,53915,81223,47398,71113,2138,3362,2425,3619,428,651,101,177,1425,2301,48698,73228,2593,4183,3401,5158,637,975,193,288
R,3,2026,84,1296601,542426,754175,460355,626127,39543,68657,5109,7052,27386,37937,660,913,9373,13489,468798,638193,41804,72290,11492,16357,29115,40192,1323,1780,495888,684501,419365,564816,37757,66021,3040,3969,27045,37376,563,763,8118,11556,426668,575108,39601,68978,8560,11953,28588,39347,1144,1531,46538,69674,40990,61311,1786,2636,2069,3083,341,561,97,150,1255,1933,42130,63085,2203,3312,2932,4404,527,845,179,249
R,3,2026,85,1129437,464013,665424,391564,550014,34131,61632,4491,6385,25050,34796,591,782,8186,11815,398921,560507,36140,64981,10040,14365,26600,36808,1155,1589,422329,600448,354791,492807,32525,59056,2696,3609,24735,34279,505,642,7077,10055,361141,501698,34154,61759,7472,10419,26122,36045,994,1349,41684,64976,36773,57207,1606,2576,1795,2776,315,517,86,140,1109,1760,37780,58809,1986,3222,2568,3946,478,763,161,240
R,3,2026,86,985497,397754,587743,334764,485167,29417,54653,3840,5631,22240,30991,461,729,7032,10572,341064,494525,31116,57654,8560,12717,23587,32801,978,1506,361250,529276,302604,433584,27962,52298,2261,3221,21956,30512,369,597,6098,9064,308048,441555,29350,54740,6338,9328,23183,32108,842,1280,36504,58467,32160,51583,1455,2355,1579,2410,284,479,92,132,934,1508,33016,52970,1766,2914,2222,3389,404,693,136,226
R,3,2026,87,885293,353037,532256,298597,442024,25075,47711,3420,5244,19356,27287,387,615,6202,9375,304175,450383,26596,50347,7563,11571,20583,28825,824,1236,321265,480176,270509,396118,23875,45627,2034,3034,19115,26893,317,496,5415,8008,275369,403208,25109,47787,5652,8448,20220,28250,714,1057,31772,52080,28088,45906,1200,2084,1386,2210,241,394,70,119,787,1367,28806,47175,1487,2560,1911,3123,363,575,110,179
R,3,2026,88,765806,300528,465278,253600,385724,21374,41877,2871,4369,16897,24669,365,536,5421,8103,258490,392915,22771,44212,6481,9693,17923,26128,742,1106,273489,420147,229598,345799,20370,40065,1757,2552,16689,24311,314,446,4761,6974,233893,351945,21523,42008,4933,7141,17617,25601,644,955,27039,45131,24002,39925,1004,1812,1114,1817,208,358,51,90,660,1129,24597,40970,1248,2204,1548,2552,306,527,98,151
R,3,2026,89,649853,250037,399816,210791,331897,17360,35417,2374,3838,14618,21194,279,471,4615,6999,214925,338024,18542,37476,5366,8383,15553,22510,648,995,227017,360065,190290,296695,16508,33887,1459,2206,14456,20881,244,387,4060,6009,193912,301918,17492,35621,4080,6092,15307,22046,581,849,23020,39751,20501,35202,852,1530,915,1632,162,313,35,84,555,990,21013,36106,1050,1855,1286,2291,246,464,67,146
R,3,2026,90,562405,212359,350046,179056,289760,14961,31365,2032,3385,12180,18871,220,381,3910,6284,182567,295330,15983,33213,4493,7460,13015,20016,529,835,192958,315658,161818,259315,14239,30070,1248,1972,12040,18558,181,318,3432,5425,164890,264104,15096,31605,3393,5505,12797,19572,463,720,19401,34388,17238,30445,722,1295,784,1413,140,313,39,63,478,859,17677,31226,887,1608,1100,1955,218,444,66,115
R,3,2026,91,481261,178200,303061,150457,251314,12267,26816,1738,2946,10266,16168,239,343,3233,5474,153352,256127,13115,28383,3756,6481,10955,17238,492,755,161807,273538,135812,225147,11659,25672,1093,1722,10164,15931,208,291,2871,4775,138373,229321,12380,26978,2871,4811,10801,16902,433,669,16393,29523,14645,26167,608,1144,645,1224,102,237,31,52,362,699,14979,26806,735,1405,885,1670,154,336,59,86
R,3,2026,92,381105,138293,242812,116515,200604,9464,21507,1361,2271,8130,13735,172,279,2651,4416,118894,204436,10126,22784,3034,5119,8731,14622,375,643,125472,219041,105083,179446,9014,20555,849,1395,8031,13547,142,236,2353,3862,107185,182788,9583,21622,2319,3887,8580,14350,323,565,12821,23771,11432,21158,450,952,512,876,99,188,30,43,298,554,11709,21648,543,1162,715,1232,151,272,52,78
R,3,2026,93,326837,115569,211268,97207,174634,7937,18501,1095,2074,6924,12013,131,266,2275,3780,99237,177943,8522,19619,2495,4480,7444,12752,333,579,105237,191105,87987,156696,7570,17707,698,1302,6843,11842,115,226,2024,3332,89791,159605,8072,18656,1934,3427,7322,12504,300,510,10332,20163,9220,17938,367,794,397,772,81,171,16,40,251,448,9446,18338,450,963,561,1053,122,248,33,69
R,3,2026,94,265541,91980,173561,78168,144891,5673,14068,862,1619,5359,9574,96,217,1822,3192,79787,147635,6185,15024,1966,3650,5766,10219,252,506,83685,157476,70733,130496,5408,13485,541,1031,5301,9458,82,184,1620,2822,72173,132907,5859,14302,1510,2821,5667,10053,219,448,8295,16085,7435,14395,265,583,321,588,58,116,14,33,202,370,7614,14728,326,722,456,829,99,166,33,58
R,3,2026,95,219499,73802,145697,62254,120969,4664,11796,739,1374,4593,8590,98,175,1454,2793,63560,123374,5065,12615,1609,3151,4942,9163,222,424,67066,131799,56251,108573,4427,11269,469,856,4540,8483,84,150,1295,2468,57411,110680,4773,11969,1237,2422,4858,9005,196,377,6736,13898,6003,12396,237,527,270,518,53,107,14,25,159,325,6149,12694,292,646,372,729,84,158,26,47
R,3,2026,96,169969,55382,114587,46540,94847,3499,9480,576,1023,3575,6912,62,143,1130,2182,47522,96729,3818,10154,1263,2375,3837,7364,184,342,50369,103945,42053,85386,3339,9064,384,655,3538,6809,50,126,1005,1905,42925,87015,3603,9638,990,1831,3780,7211,162,305,5013,10642,4487,9461,160,416,192,368,37,103,12,17,125,277,4597,9714,215,516,273,544,57,153,22,37
R,3,2026,97,127130,40096,87034,33594,72030,2582,7060,415,786,2590,5316,48,108,867,1734,34357,73506,2848,7611,940,1838,2794,5694,124,281,36442,79192,30333,65064,2456,6734,271,513,2564,5242,41,95,777,1544,31018,66369,2686,7217,737,1443,2755,5586,111,248,3654,7842,3261,6966,126,326,144,273,26,74,7,13,90,190,3339,7137,162,394,203,395,39,108,13,33
R,3,2026,98,96204,29296,66908,24398,55137,1879,5442,314,670,1962,4220,44,80,699,1359,25003,56291,2085,5856,707,1528,2133,4506,112,210,26721,61133,22109,50000,1792,5211,210,452,1948,4170,39,70,623,1230,22648,51040,1964,5574,559,1236,2108,4430,97,190,2575,5775,2289,5137,87,231,104,218,14,50,5,10,76,129,2355,5251,121,282,148,292,25,76,15,20
R,3,2026,99,68198,20085,48113,16538,39374,1365,3937,210,464,1434,3243,20,71,518,1024,16995,40247,1511,4268,513,1077,1562,3455,72,185,18295,43940,14948,35655,1306,3763,139,333,1417,3208,16,63,469,918,15362,36436,1431,4056,418,870,1537,3405,61,167,1790,4173,1590,3719,59,174,71,131,17,35,4,8,49,106,1633,3811,80,212,95,207,25,50,11,18
R,3,2026,100,129401,35320,94081,27612,74251,2680,8425,522,1154,3317,7538,78,163,1111,2550,28525,76305,3054,9349,1121,2616,3641,8138,244,476,32129,86321,24812,67406,2565,8078,396,884,3281,7473,66,142,1009,2338,25643,69286,2900,8904,929,2222,3582,8015,216,420,3191,7760,2800,6845,115,347,126,270,36,65,12,21,102,212,2882,7019,154,445,192,394,59,123,28,56
R,4,2026,999,342409452,167989751,174419701,122032021,125105674,22160676,24268137,3590470,3496389,11456946,12482719,481082,482865,8268556,8583917,129637606,132986222,25405446,27678523,6948205,7100004,14067778,15093658,1021814,1022168,132751620,138926441,94247152,97009683,19972057,22041489,1163236,1201263,10975905,11992974,354013,354177,6039257,6326855,99808233,102823847,22268985,24482467,3403449,3666175,13036801,14054377,742308,741396,35238131,35493260,27784869,28095991,2188619,2226648,2427234,2295126,481041,489745,127069,128688,2229299,2257062,29829373,30162375,3136461,3196056,3544756,3433829,1030977,1039281,279506,280772
R,4,2026,0,3616016,1849345,1766671,1206136,1150608,292816,283603,46595,44488,113064,105935,6862,6644,183872,175393,1378359,1314613,382196,369570,98020,93628,177719,167184,17455,16719,1307891,1247216,818797,778526,246227,238787,11661,11346,102497,95727,4638,4444,124071,118386,935644,889881,306198,296755,40382,38627,149385,140127,11167,10503,541454,519455,387339,372082,46589,44816,34934,33142,10567,10208,2224,2200,59801,57007,442715,424732,75998,72815,57638,55001,28334,27057,6288,6216
R,4,2026,1,3632745,1857710,1775035,1209354,1153691,293900,284495,47241,45162,116187,109177,6927,6769,184101,175741,1381763,1317999,383322,370541,98675,94337,181047,170691,17540,16868,1310730,1250317,817800,777561,246947,239423,11646,11329,105526,98888,4683,4531,124128,118585,934674,889082,306838,297373,40302,38572,152612,143548,11225,10608,546980,524718,391554,376130,46953,45072,35595,33833,10661,10289,2244,2238,59973,57156,447089,428917,76484,73168,58373,55765,28435,27143,6315,6260
R,4,2026,2,3661733,1871845,1789888,1214386,1159560,296780,287319,48428,46254,120673,113866,6976,6909,184602,175980,1387233,1324068,386357,373384,99925,95426,185852,175622,17623,17012,1315484,1255608,815976,776241,249027,241537,11581,11269,109863,103408,4722,4605,124315,118548,933001,887703,308854,299319,40181,38396,157261,148300,11289,10689,556361,534280,398410,383319,47753,45782,36847,34985,10810,10458,2254,2304,60287,57432,454232,436365,77503,74065,59744,57030,28591,27322,6334,6323
R,4,2026,3,3756422,1917029,1839393,1241194,1187618,307427,297948,49039,47804,125691,119540,7231,7172,186447,179311,1415757,1355212,397856,385574,100859,97795,191681,182618,17950,17451,1353741,1294729,836124,796633,259672,251844,12027,11605,114675,108902,4797,4644,126446,121101,955128,910459,320422,310755,41046,39253,163064,154956,11477,10854,563288,544664,405070,390985,47755,46104,37012,36199,11016,10638,2434,2528,60001,58210,460629,444753,77434,74819,59813,58542,28617,27662,6473,6597
R,4,2026,4,3823888,1952861,1871027,1266621,1209425,313502,305504,47468,45713,128513,122130,7179,6937,189578,181318,1444112,1378891,405470,394055,100049,96147,195667,186013,18060,17309,1396584,1332535,865851,821172,266560,259997,12468,11802,117971,111820,4799,4535,128935,123209,987175,936967,328448,319853,42020,39897,167421,158778,11611,10864,556277,538492,400770,388253,46942,45507,35000,33911,10542,10310,2380,2402,60643,58109,456937,441924,77022,74202,58029,56250,28246,27235,6449,6445
R,4,2026,5,3707593,1894576,1813017,1225399,1167580,309949,301648,45434,43770,126714,120314,6593,6214,180487,173491,1394380,1329757,397479,386438,95450,91967,190694,181411,16948,16109,1365631,1303216,842232,798077,266481,259747,12382,12012,116985,110793,4608,4241,122943,118346,957914,909303,325456,317246,40531,39010,164193,155895,11103,10314,528945,509801,383167,369503,43468,41901,33052,31758,9729,9521,1985,1973,57544,55145,436466,420454,72023,69192,54919,52957,26501,25516,5845,5795
R,4,2026,6,3867334,1973619,1893715,1295473,1236767,305890,299133,48265,46095,130349,124970,7152,6765,186490,179985,1470093,1405065,396362,387147,99653,95858,196572,188351,17831,16960,1442020,1381432,907732,862536,264761,259624,14649,14106,120818,115635,4967,4787,129093,124744,1029192,979780,326752,320296,44232,42613,170289,163060,11799,11173,531599,512283,387741,374231,41129,39509,33616,31989,9531,9335,2185,1978,57397,55241,440901,425285,69610,66851,55421,53245,26283,25291,6032,5787
R,4,2026,7,3907212,1992502,1914710,1316176,1259058,308548,301830,48516,46902,129002,124000,7210,6996,183050,175924,1487605,1423558,396617,386899,99437,95859,193849,186201,17982,17146,1463378,1402436,927710,882506,268114,263067,15134,14778,119754,114895,5099,5047,127567,122143,1047712,997204,329129,322013,44480,42862,168568,161280,11996,11535,529124,512274,388466,376552,40434,38763,33382,32124,9248,9105,2111,1949,55483,53781,439893,426354,67488,64886,54957,52997,25281,24921,5986,5611
R,4,2026,8,3977732,2030524,1947208,1342451,1281917,316620,309114,50164,48188,131852,126671,7543,6777,181894,174541,1512637,1444937,403567,393267,101585,97419,196274,188178,18397,16912,1492622,1426541,945869,898374,276322,269633,15659,14985,122486,117525,5367,4794,126919,121230,1065129,1012192,336716,327910,45450,43086,170884,163589,12377,11176,537902,520667,396582,383543,40298,39481,34505,33203,9366,9146,2176,1983,54975,53311,447508,432745,66851,65357,56135,54333,25390,24589,6020,5736
R,4,2026,9,4046057,2066200,1979857,1371636,1308291,317057,309588,51876,50065,136325,129967,7614,7179,181692,174767,1541169,1471370,402783,393337,104144,100652,200650,190985,18598,17587,1518329,1449483,966453,916467,276170,269738,16219,15712,126836,120887,5399,5110,127252,121569,1085769,1030492,335895,327957,46543,44884,175444,166510,12492,11746,547871,530374,405183,391824,40887,39850,35657,34353,9489,9080,2215,2069,54440,53198,455400,440878,66888,65380,57601,55768,25206,24475,6106,5841
R,4,2026,10,4107955,2098211,2009744,1403609,1337586,318913,311195,52603,51425,134156,128635,7530,7192,181400,173711,1573107,1499669,403828,393596,105879,102306,197989,189247,18537,17634,1540583,1472249,988936,937810,278326,271668,16482,16177,124688,119609,5355,5129,126796,121856,1107985,1052059,337549,329601,47503,45872,172636,165194,12406,11845,557628,537495,414673,399776,40587,39527,36121,35248,9468,9026,2175,2063,54604,51855,465122,447610,66279,63995,58376,56434,25353,24053,6131,5789
R,4,2026,11,4125333,2107071,2018262,1408791,1344359,321925,312923,53340,51695,136670,129617,7397,7290,178948,172378,1575941,1505133,405410,394631,106640,103130,199244,189005,18016,17454,1552735,1482565,995054,945427,281688,273433,16988,16253,127344,120884,5316,5165,126345,121403,1113626,1059195,340518,331157,48474,46357,174741,165759,12269,11753,554336,535697,413737,398932,40237,39490,36352,35442,9326,8733,2081,2125,52603,50975,462315,445938,64892,63474,58166,56773,24503,23246,5747,5701
R,4,2026,12,4091125,2090476,2000649,1403169,1338615,318773,309717,53324,51167,133310,126760,7492,7152,174408,167238,1566125,1494611,399609,388507,106234,101987,193838,183975,18024,17168,1541725,1469882,992750,941825,279234,270761,16796,16171,124041,118082,5303,5010,123601,118033,1108746,1052478,336487,326767,48251,46175,170063,161236,12209,11553,548751,530767,410419,396790,39539,38956,36528,34996,9269,8678,2189,2142,50807,49205,457379,442133,63122,61740,57983,55812,23775,22739,5815,5615
R,4,2026,13,4121572,2104004,2017568,1411512,1349451,319371,310740,54371,52274,139221,131941,7670,7216,171859,165946,1571689,1503990,398431,387772,107456,103854,198964,188835,18092,17160,1551829,1483232,997404,948321,279779,272531,17106,16330,130219,123283,5422,5089,121899,117678,1111659,1058433,335781,327363,48693,46944,175700,166559,12281,11632,552175,534336,414108,401130,39592,38209,37265,35944,9002,8658,2248,2127,49960,48268,460030,445557,62650,60409,58763,56910,23264,22276,5811,5528
R,4,2026,14,4135077,2114415,2020662,1426550,1359205,321739,311186,55287,52179,133946,127392,7417,7118,169476,163582,1584517,1511595,399243,386483,108727,103713,192080,183090,17802,17041,1556267,1483561,1006313,953997,282023,273295,17140,16422,124926,118865,5251,4933,120614,116049,1119272,1062550,337391,327006,49197,47221,169243,161271,12114,11516,558148,537101,420237,405208,39716,37891,38147,35757,9020,8527,2166,2185,48862,47533,465245,449045,61852,59477,59530,56492,22837,21819,5688,5525
R,4,2026,15,4197390,2146362,2051028,1452133,1382211,328846,317619,55850,54130,132434,125932,7481,7406,169618,163730,1610200,1534542,405671,392638,110537,107109,190135,181162,17748,17315,1574475,1499751,1018955,965560,288915,279083,17159,16720,123487,117277,5344,5131,120615,115980,1131883,1073874,343751,332564,49995,48414,167439,159228,12215,11606,571887,551277,433178,416651,39931,38536,38691,37410,8947,8655,2137,2275,49003,47750,478317,460668,61920,60074,60542,58695,22696,21934,5533,5709
R,4,2026,16,4301660,2200500,2101160,1495080,1421233,336590,325247,55833,53267,132827,127431,7496,7236,172674,166746,1656035,1576515,415253,402406,111418,106778,190954,182883,17926,17324,1606072,1532334,1037325,983380,296888,287065,17451,17020,124297,119127,5189,4878,124922,120864,1154271,1096402,354072,343245,51575,50077,169350,162133,12255,11721,594428,568826,457755,437853,39702,38182,38382,36247,8530,8304,2307,2358,47752,45882,501764,480113,61181,59161,59843,56701,21604,20750,5671,5603
R,4,2026,17,4402149,2253098,2149051,1535998,1457470,343882,332005,57800,55207,135241,129328,7523,7373,172654,167668,1696539,1613555,422212,408946,114551,110215,192657,184306,18224,17569,1639283,1564219,1061380,1005540,303232,293700,17992,17560,126562,120978,5134,4944,124983,121497,1178042,1119063,360533,350071,52984,51653,171105,163517,12366,11884,613815,584832,474618,451930,40650,38305,39808,37647,8679,8350,2389,2429,47671,46171,518497,494492,61679,58875,61567,58562,21552,20789,5858,5685
R,4,2026,18,4519464,2312456,2207008,1577929,1498957,350043,338367,60608,57084,142193,135815,7689,7391,173994,169394,1739656,1656236,428276,415564,119115,114161,199689,191236,18501,17719,1680244,1604592,1087604,1032047,308919,299699,18643,17789,133318,127278,5163,5068,126597,122711,1205701,1146524,366184,356259,55064,53173,178253,170077,12557,12035,632212,602416,490325,466910,41124,38668,41965,39295,8875,8537,2526,2323,47397,46683,533955,509712,62092,59305,64051,60988,21436,21159,5944,5684
R,4,2026,19,4534081,2323524,2210557,1591537,1506632,348613,336068,62660,57627,142707,137063,7794,7513,170213,165654,1749594,1660379,424185,410484,120911,114256,198903,191080,18380,17645,1684175,1607316,1096304,1037473,307249,297363,18499,17887,133783,128713,5167,5116,123173,120764,1211136,1150095,362168,352215,54517,53317,177608,170761,12380,11984,639349,603241,495233,469159,41364,38705,44161,39740,8924,8350,2627,2397,47040,44890,538458,510284,62017,58269,66394,60939,21295,20319,6000,5661
R,4,2026,20,4473059,2293751,2179308,1578335,1489345,337031,327367,61857,56854,145175,140372,7784,7425,163569,157945,1730190,1635867,408460,397129,119253,111706,198741,192201,17733,17055,1665747,1588962,1090157,1028483,297391,289930,17957,17506,136531,132409,5285,5129,118426,115505,1200577,1136055,349243,341510,53759,52053,178451,172963,12084,11792,628004,590346,488178,460862,39640,37437,43900,39348,8644,7963,2499,2296,45143,42440,529613,499812,59217,55619,65494,59653,20290,19238,5649,5263
R,4,2026,21,4488752,2302633,2186119,1586685,1497135,335122,323270,62110,56536,151842,148146,7915,7301,158959,153731,1734079,1639563,402982,390383,118811,111278,204723,198357,17734,16756,1676733,1598977,1098081,1037415,296153,286442,18196,17199,143420,140311,5423,5125,115460,112485,1205496,1141959,345405,335807,53839,51919,184994,179902,12201,11680,625900,587142,488604,459720,38969,36828,43914,39337,8422,7835,2492,2176,43499,41246,528583,497604,57577,54576,64972,59359,19729,18455,5533,5076
R,4,2026,22,4529561,2323834,2205727,1606443,1514645,334656,324291,62012,56000,156777,152816,8038,7359,155908,150616,1750926,1654460,400399,388883,119071,110825,207828,201575,17738,16456,1701637,1621865,1119562,1056493,296398,287932,18034,17175,148603,145110,5496,5170,113544,109985,1225201,1158947,344324,335249,54113,51972,188840,183518,12152,11502,622197,583862,486881,458152,38258,36359,43978,38825,8174,7706,2542,2189,42364,40631,525725,495513,56075,53634,64958,58853,18988,18057,5586,4954
R,4,2026,23,4497784,2307074,2190710,1591335,1501771,335148,324736,61800,55765,162282,156846,7829,7165,148680,144427,1729061,1635236,397151,386204,117075,109130,210969,203738,17027,16047,1690901,1611451,1108198,1046679,296620,288545,17794,16771,154465,149063,5540,5004,108284,105389,1208747,1144402,341914,333789,52839,50699,192742,185846,11937,11182,616173,579259,483137,455092,38528,36191,44006,38994,7817,7783,2289,2161,40396,39038,520314,490834,55237,52415,64236,58431,18227,17892,5090,4865
R,4,2026,24,4651289,2362451,2288838,1622251,1562858,351149,349687,60747,56226,177662,171825,7828,7804,142814,140438,1753954,1692159,410479,409651,114263,107688,224299,217658,17117,16914,1743507,1700814,1135178,1099616,311820,311985,17478,17248,169654,163867,5537,5497,103840,102601,1231147,1194306,355017,355959,51251,49978,206474,200068,12089,11945,618944,588024,487073,463242,39329,37702,43269,38978,8008,7958,2291,2307,38974,37837,522807,497853,55462,53692,63012,57710,17825,17590,5028,4969
R,4,2026,25,4956876,2506780,2450096,1719163,1674914,374842,373858,61864,57000,203008,197570,8678,8598,139225,138156,1846869,1801558,432618,432984,113000,106374,249468,243612,18354,17973,1875235,1846715,1221470,1196965,333587,334734,18150,17925,194514,189244,6344,6142,101170,101705,1314460,1290339,375400,378208,50436,49452,231230,226093,13193,12916,631545,603381,497693,477949,41255,39124,43714,39075,8494,8326,2334,2456,38055,36451,532409,511219,57218,54776,62564,56922,18238,17519,5161,5057
R,4,2026,26,4876026,2469505,2406521,1706568,1650874,361954,364353,60308,54696,199498,195663,8628,8344,132549,132591,1828090,1772662,416359,420753,110019,102297,243371,239789,17507,17023,1853491,1820545,1218702,1185666,322741,326545,17788,16966,191242,187564,6381,5845,96637,97959,1307482,1275844,362260,368431,49110,47308,226284,222953,12715,11952,616014,585976,487866,465208,39213,37808,42520,37730,8256,8099,2247,2499,35912,34632,520608,496818,54099,52322,60909,54989,17087,16836,4792,5071
R,4,2026,27,4760746,2409390,2351356,1673571,1617203,347428,350823,58395,52996,193953,194387,8428,8226,127615,127721,1790461,1734429,399009,404773,106771,99735,236118,236427,17244,16715,1811588,1781024,1200051,1163765,309552,314265,17003,16292,185787,186222,6148,5897,93047,94583,1285415,1250782,347064,354108,47607,46498,219440,220026,12463,11964,597802,570332,473520,453438,37876,36558,41392,36704,8166,8165,2280,2329,34568,33138,505046,483647,51945,50665,59164,53237,16678,16401,4781,4751
R,4,2026,28,4597105,2325776,2271329,1613940,1555468,333581,336038,56357,51264,192996,198223,8064,7864,120838,122472,1724754,1667686,382026,387237,102487,96588,232900,238524,16265,15725,1749592,1723371,1156806,1119236,297525,301694,15911,15347,185141,190382,5908,5646,88301,91066,1237799,1202831,332676,339816,45129,44408,217296,223209,11834,11386,576184,547958,457134,436232,36056,34344,40446,35917,7855,7841,2156,2218,32537,31406,486955,464855,49350,47421,57358,52180,15604,15315,4431,4339
R,4,2026,29,4511428,2280346,2231082,1586097,1525247,322389,327029,55830,50328,191718,201677,7718,7332,116594,119469,1692610,1634852,368357,376101,101187,95496,230317,240664,15658,15053,1710872,1690964,1134440,1095836,286594,293208,15377,14794,184205,194019,5590,5368,84666,87739,1211990,1176426,319531,329301,43728,43387,215336,225525,11315,10895,569474,540118,451657,429411,35795,33821,40453,35534,7513,7658,2128,1964,31928,31730,480620,458426,48826,46800,57459,52109,14981,15139,4343,4158
R,4,2026,30,4531131,2285905,2245226,1593199,1537626,321955,328867,56163,50269,192528,204016,7717,7412,114343,117036,1697746,1644665,366526,376399,100998,95578,230166,241887,15753,15209,1719603,1705795,1144666,1108829,286232,294724,15335,14562,184751,196052,5607,5528,83012,86100,1220693,1187761,318045,329474,43533,43443,215184,226800,11431,11200,566302,539431,448533,428797,35723,34143,40828,35707,7777,7964,2110,1884,31331,30936,477053,456904,48481,46925,57465,52135,14982,15087,4322,4009
R,4,2026,31,4547836,2287986,2259850,1595976,1545170,324669,338150,55904,50210,191743,202999,7853,7439,111841,115882,1697864,1650933,367774,384862,100840,95525,228403,240488,15780,15310,1728312,1722046,1152704,1117634,289429,303365,15388,14730,184087,195314,5798,5489,80906,85514,1226402,1195757,320134,337474,43560,43922,213739,225919,11581,11242,559674,537804,443272,427536,35240,34785,40516,35480,7656,7685,2055,1950,30935,30368,471462,455176,47640,47388,57280,51603,14664,14569,4199,4068
R,4,2026,32,4576389,2298225,2278164,1603864,1555483,328446,346616,55642,50811,193220,203162,7706,7415,109347,114677,1703253,1660128,369816,392403,100003,96924,229306,239796,15780,15218,1745200,1743536,1164864,1131063,293934,312038,15568,15203,185772,195483,5637,5426,79425,84323,1237064,1208163,323336,345281,43391,44966,215294,225244,11528,11118,553025,534628,439000,424420,34512,34578,40074,35608,7448,7679,2069,1989,29922,30354,466189,451965,46480,47122,56612,51958,14012,14552,4252,4100
R,4,2026,33,4647781,2330692,2317089,1627975,1582075,334201,354822,56542,51896,197063,206639,7829,7542,107082,114115,1725195,1686094,374256,399343,100898,99003,232093,242940,15688,15236,1778360,1781835,1189376,1157551,299319,319993,16041,15609,189743,198979,5852,5438,78029,84265,1260239,1234445,327824,352079,44308,46521,218286,228732,11640,11093,552332,535254,438599,424524,34882,34829,40501,36287,7320,7660,1977,2104,29053,29850,464956,451649,46432,47264,56590,52482,13807,14208,4048,4143
R,4,2026,34,4704510,2354371,2350139,1653155,1612112,333532,358376,56887,51902,197415,207541,7740,7409,105642,112799,1749211,1714831,371676,401533,101946,99847,231796,243104,15541,15046,1805546,1819985,1217191,1191996,299094,322998,16550,16158,190191,200176,5774,5527,76746,83130,1286990,1267812,325940,353950,45221,47601,218357,229231,11589,11177,548825,530154,435964,420116,34438,35378,40337,35744,7224,7365,1966,1882,28896,29669,462221,447019,45736,47583,56725,52246,13439,13873,3952,3869
R,4,2026,35,4805821,2404627,2401194,1692754,1647285,339402,367919,57606,52521,202187,212894,7943,7704,104735,112871,1787595,1750173,376712,409837,102771,101746,236612,248349,15785,15452,1854924,1870763,1256595,1227790,304800,332468,16849,16431,194729,205368,5915,5713,76036,82993,1325538,1303552,330772,362187,45571,48845,222967,234353,11710,11472,549703,530431,436159,419495,34602,35451,40757,36090,7458,7526,2028,1991,28699,29878,462057,446621,45940,47650,57200,52901,13645,13996,4075,3980
R,4,2026,36,4782708,2388159,2394549,1684999,1645342,336905,365598,55814,51866,201216,214122,7753,7562,101472,110059,1777079,1745272,372269,405772,100175,100792,234414,248682,15316,15142,1855295,1875342,1261307,1234013,303372,330782,16699,16536,194204,207001,5804,5626,73909,81384,1328388,1307966,327838,359160,45270,49204,221562,235469,11463,11393,532864,519207,423692,411329,33533,34816,39115,35330,7012,7121,1949,1936,27563,28675,448691,437306,44431,46612,54905,51588,12852,13213,3853,3749
R,4,2026,37,4651295,2316826,2334469,1641046,1609446,319235,350032,53586,50316,198947,212817,7507,7202,96505,104656,1728502,1704505,352134,387492,96195,97708,230859,245602,14777,14297,1808199,1836107,1236212,1213546,287671,317083,16076,16273,192126,206023,5572,5340,70542,77842,1300079,1284246,310453,343577,43607,48222,218518,233276,11122,10743,508627,498362,404834,395900,31564,32949,37510,34043,6821,6794,1935,1862,25963,26814,428423,420259,41681,43915,52588,49486,12341,12326,3655,3554
R,4,2026,38,4576604,2277115,2299489,1625280,1595695,307111,338744,53248,49124,191186,206685,7250,7206,93040,102035,1709649,1688408,338144,374892,95140,96166,221434,238278,14255,14249,1776089,1808847,1225393,1205462,276609,306807,15814,15496,184623,200022,5366,5320,68284,75740,1287251,1274395,298125,332264,43038,47227,209871,226145,10752,10656,501026,490642,399887,390233,30502,31937,37434,33628,6563,6663,1884,1886,24756,26295,422398,414013,40019,42628,52102,48939,11563,12133,3503,3593
R,4,2026,39,4518129,2247129,2271000,1613112,1584703,299942,330728,51993,48882,185174,200804,7233,6947,89675,98936,1694248,1674575,329229,365206,93426,95833,214424,231035,14109,13563,1755222,1787296,1219930,1199675,270104,299691,15377,15195,178842,194267,5387,5123,65582,73345,1279195,1266280,290266,323857,42225,47028,203221,219378,10662,10139,491907,483704,393182,385028,29838,31037,36616,33687,6332,6537,1846,1824,24093,25591,415053,408295,38963,41349,51201,48805,11203,11657,3447,3424
R,4,2026,40,4554010,2264739,2289271,1631153,1603535,299058,330505,52475,48920,185645,201923,7084,6898,89324,97490,1712119,1692100,327768,363434,94439,96057,214425,231493,14014,13684,1771909,1807719,1237128,1218970,269517,300327,15107,15571,179308,195390,5372,5183,65477,72278,1296471,1284647,289048,323165,42707,47766,203315,219912,10607,10330,492830,481552,394025,384565,29541,30178,37368,33349,6337,6533,1712,1715,23847,25212,415648,407453,38720,40269,51732,48291,11110,11581,3407,3354
R,4,2026,41,4482220,2226407,2255813,1609901,1585420,289733,321900,51161,48836,183376,199380,6937,6838,85299,93439,1687062,1670161,316335,352713,92168,95380,210759,227221,13469,13334,1747564,1782041,1226289,1206428,261890,292963,14758,15373,177062,193149,5183,5138,62382,68990,1282679,1269022,279985,314223,41726,47001,199831,216238,10178,10090,478843,473772,383612,378992,27843,28937,36403,33463,6314,6231,1754,1700,22917,24449,404383,401139,36350,38490,50442,48379,10928,10983,3291,3244
R,4,2026,42,4397037,2179898,2217139,1579285,1558622,281718,316434,50591,47414,179023,196275,6774,6780,82507,91614,1653656,1641472,307210,346221,91109,94166,205145,223151,13319,13291,1711215,1751769,1203808,1185111,254292,288300,14606,14932,173056,190242,5102,5059,60351,68125,1258086,1246687,271667,309000,41366,47214,194704,212511,10134,10054,468683,465370,375477,373511,27426,28134,35985,32482,5967,6033,1672,1721,22156,23489,395570,394785,35543,37221,49743,46952,10441,10640,3185,3237
R,4,2026,43,4440108,2193787,2246321,1594221,1584818,283781,319107,51104,48732,175707,195500,6482,6588,82492,91576,1668822,1667575,309048,348457,92632,96581,200792,221818,12891,13024,1724833,1772534,1217721,1203632,256745,290995,15040,15421,169972,189506,4801,4941,60554,68039,1272406,1265075,274075,311403,42759,48667,190824,211177,9704,9861,468954,473787,376500,381186,27036,28112,36064,33311,5735,5994,1681,1647,21938,23537,396416,402500,34973,37054,49873,47914,9968,10641,3187,3163
R,4,2026,44,4360989,2150610,2210379,1569236,1563380,277208,313090,49719,47540,168983,190706,6388,6506,79076,89157,1640458,1643862,301398,341841,89941,94667,192896,215841,12553,12759,1692654,1745109,1201504,1189405,250847,285321,14255,14690,163249,184785,4772,4779,58027,66129,1253626,1249168,267492,305223,41199,47309,183087,205533,9549,9549,457956,465270,367732,373975,26361,27769,35464,32850,5734,5921,1616,1727,21049,23028,386832,394694,33906,36618,48742,47358,9809,10308,3004,3210
R,4,2026,45,4370999,2156791,2214208,1576194,1568229,282360,318643,50346,47866,162628,185065,6509,6387,78754,88018,1647263,1647828,306220,346926,91166,95050,185852,209306,12540,12413,1696436,1747825,1205749,1192526,256536,291006,14781,14971,156962,179138,4743,4781,57665,65403,1257651,1251664,272907,310767,42126,47877,176159,199110,9381,9305,460355,466383,370445,375703,25824,27637,35565,32895,5666,5927,1766,1606,21089,22615,389612,396164,33313,36159,49040,47173,9693,10196,3159,3108
R,4,2026,46,4292558,2116603,2175955,1547696,1539716,279688,315100,48544,46995,158337,181654,6392,6529,75946,85961,1616086,1617158,302639,342664,88391,93348,180320,205213,12195,12549,1666845,1718220,1184261,1171114,254929,288011,14209,14749,152894,175981,4803,4746,55749,63619,1234338,1228394,270556,307013,41074,47049,171201,195375,9341,9336,449758,457735,363435,368602,24759,27089,34335,32246,5443,5673,1589,1783,20197,22342,381748,388764,32083,35651,47317,46299,9119,9838,2854,3213
R,4,2026,47,4085727,2010415,2075312,1472079,1470609,263910,298526,46443,44662,150248,174427,5995,5875,71740,81213,1536676,1543784,285229,324396,84817,88760,170778,196526,11325,11402,1585171,1640118,1128456,1119093,240752,273287,13489,13868,145158,169001,4485,4290,52831,60579,1176002,1173654,255358,291169,39610,44968,162158,187307,8567,8506,425244,435194,343623,351516,23158,25239,32954,30794,5090,5426,1510,1585,18909,20634,360674,370130,29871,33227,45207,43792,8620,9219,2758,2896
R,4,2026,48,4021457,1973081,2048376,1453398,1460967,253924,289349,45154,44254,145307,168857,5629,5860,69669,79089,1516314,1532316,274461,313870,82659,87801,165284,190427,10665,11210,1555123,1616445,1113873,1110731,231907,264820,13359,14148,140391,163571,4211,4296,51382,58879,1160209,1163819,245814,281791,38908,44807,157100,181305,8072,8440,417958,431931,339525,350236,22017,24529,31795,30106,4916,5286,1418,1564,18287,20210,356105,368497,28647,32079,43751,42994,8184,9122,2593,2770
R,4,2026,49,3916516,1920157,1996359,1413437,1421967,245648,281818,43768,42699,144639,168792,5496,5614,67169,75469,1473911,1489973,265074,305139,80514,84925,163582,189134,10531,10647,1512726,1572392,1081374,1076622,224314,258234,13234,13612,139921,163611,4116,4146,49767,56167,1126038,1127136,237574,274354,38497,43246,155818,180512,8016,8026,407431,423967,332063,345345,21334,23584,30534,29087,4718,5181,1380,1468,17402,19302,347873,362837,27500,30785,42017,41679,7764,8622,2515,2621
R,4,2026,50,3848538,1884437,1964101,1386030,1399999,240829,275796,42627,41520,145128,168592,5201,5451,64622,72743,1444198,1465384,259107,297938,78547,82445,163039,187993,9904,10315,1487106,1549551,1061521,1060382,220260,253558,12823,13381,140500,163545,3967,4043,48035,54642,1104692,1109445,232825,269062,37729,42483,155506,179711,7637,7813,397331,414550,324509,339617,20569,22238,29804,28139,4628,5047,1234,1408,16587,18101,339506,355939,26282,28876,40818,39962,7533,8282,2267,2502
R,4,2026,51,3860913,1892850,1968063,1398168,1410442,238826,271768,41780,41273,146286,168489,5040,5195,62750,70896,1454618,1474296,256500,292821,77053,81684,163458,187449,9508,9693,1503344,1560318,1078869,1075713,219109,250230,12879,13421,141815,163689,3798,3876,46874,53389,1120965,1123678,231459,265008,37512,42260,156151,179559,7239,7328,389506,407745,319299,334729,19717,21538,28901,27852,4471,4800,1242,1319,15876,17507,333653,350618,25041,27813,39541,39424,7307,7890,2269,2365
R,4,2026,52,3767614,1842941,1924673,1360695,1377261,233538,267103,39897,39883,143625,166595,4907,5125,60279,68706,1414900,1439060,250121,287312,74113,79166,160189,185042,9207,9579,1471269,1531317,1055036,1053546,215102,246655,12487,13304,139398,161985,3736,3770,45510,52057,1095803,1100311,226732,260815,36786,41655,153371,177436,7073,7215,371672,393356,305659,323715,18436,20448,27410,26579,4227,4610,1171,1355,14769,16649,319097,338749,23389,26497,37327,37511,6818,7606,2134,2364
R,4,2026,53,3867442,1885486,1981956,1392952,1419065,241920,278006,40305,40077,144712,170286,4879,5060,60718,69462,1447572,1481459,258322,298307,75109,80201,161182,188353,9144,9618,1516730,1589429,1089417,1095464,223842,257637,13091,13597,140529,165662,3714,3773,46137,53296,1130727,1143235,235427,272197,38064,43015,154413,180910,7140,7352,368756,392527,303535,323601,18078,20369,27214,26480,4183,4624,1165,1287,14581,16166,316845,338224,22895,26110,37045,37186,6769,7443,2004,2266
R,4,2026,54,4019235,1959331,2059904,1466805,1495646,244409,282515,39274,39560,142484,166645,4860,4936,61499,70602,1522194,1559315,260853,302491,75350,81332,158449,184482,9159,9433,1598709,1674285,1168816,1177071,227006,262841,13373,13852,138339,162047,3670,3717,47505,54757,1211528,1226297,238800,277304,39858,45045,151976,177170,7090,7278,360622,385619,297989,318575,17403,19674,25901,25708,4145,4598,1190,1219,13994,15845,310666,333018,22053,25187,35492,36287,6473,7312,2069,2155
R,4,2026,55,4260064,2078603,2181461,1570812,1599972,258205,297990,39771,40001,140760,165743,4993,5070,64062,72685,1628571,1665422,275100,318507,78009,83885,156826,183318,9440,9713,1714266,1795913,1269676,1280983,240389,278167,13811,14751,136663,161278,3819,3883,49908,56851,1314623,1332013,252601,293132,42348,48146,150358,176111,7395,7611,364337,385548,301136,318989,17816,19823,25960,25250,4097,4465,1174,1187,14154,15834,313948,333409,22499,25375,35661,35739,6468,7207,2045,2102
R,4,2026,56,4140244,2019002,2121242,1533785,1566012,246072,282388,38098,38310,135824,160128,4741,4960,60482,69444,1588277,1628569,261827,301651,74575,80628,150726,176727,9125,9530,1666164,1749495,1241121,1257819,229021,263597,13149,14061,131978,155868,3633,3830,47262,54320,1283576,1306631,240477,277688,40577,46224,144727,169877,7187,7519,352838,371747,292664,308193,17051,18791,24949,24249,3846,4260,1108,1130,13220,15124,304701,321938,21350,23963,33998,34404,5999,6850,1938,2011
R,4,2026,57,3992756,1940434,2052322,1477355,1518680,234145,271069,36429,36643,131735,155954,4381,4850,56389,65126,1528305,1577271,248498,289096,70911,76906,145391,171016,8327,9045,1607097,1700409,1200269,1226478,218256,253467,12931,13895,128150,152049,3385,3684,44106,50836,1240046,1272114,228672,266414,39038,44715,139725,164726,6566,7025,333337,351913,277086,292202,15889,17602,23498,22748,3585,3905,996,1166,12283,14290,288259,305157,19826,22682,31873,32191,5666,6290,1761,2020
R,4,2026,58,3884717,1883438,2001279,1438869,1483349,230288,270271,35133,35527,121321,145313,4375,4696,53452,62123,1487103,1539276,243981,287614,68215,74156,133792,159270,8048,8757,1560955,1659107,1170417,1198620,214964,253005,12708,13659,117773,141460,3422,3660,41671,48703,1207880,1242400,224789,265633,37783,43290,128325,153144,6420,6938,322483,342172,268452,284729,15324,17266,22425,21868,3548,3853,953,1036,11781,13420,279223,296876,19192,21981,30432,30866,5467,6126,1628,1819
R,4,2026,59,3911691,1891139,2020552,1454817,1510396,230037,272491,34202,34719,115579,137192,4509,4571,51995,61183,1501640,1565519,243258,289176,66814,73510,127452,150356,8136,8491,1578355,1689345,1193326,1233953,215558,255856,12852,13934,112332,133620,3502,3535,40785,48447,1229985,1277527,225134,268179,37707,44158,122384,144682,6475,6680,312784,331207,261491,276443,14479,16635,21350,20785,3247,3572,1007,1036,11210,12736,271655,287992,18124,20997,29107,29352,5068,5674,1661,1811
R,4,2026,60,4001352,1930487,2070865,1482873,1546020,238905,283098,34147,35205,117346,140045,4382,4747,52834,61750,1530245,1601365,252461,300117,67606,74497,129092,153360,8184,8752,1620651,1741403,1223941,1270905,224126,266664,13334,14533,114095,136527,3436,3714,41719,49060,1261244,1314792,234004,279190,39174,45346,124073,147722,6532,6943,309836,329462,258932,275115,14779,16434,20813,20672,3251,3518,946,1033,11115,12690,269001,286573,18457,20927,28432,29151,5019,5638,1652,1809
R,4,2026,61,4165815,2003021,2162794,1555751,1635105,240521,286972,34064,34810,115545,138580,4135,4736,53005,62591,1603537,1691472,253413,303724,68312,75537,127016,151376,7724,8693,1702549,1839878,1303664,1364349,226692,270862,13799,15251,112487,135190,3214,3741,42693,50485,1342060,1409713,236303,283479,40893,47757,122318,146028,6185,7019,300472,322916,252087,270756,13829,16110,20265,19559,3058,3390,921,995,10312,12106,261477,281759,17110,20245,27419,27780,4698,5348,1539,1674
R,4,2026,62,4205796,2015759,2190037,1571878,1664862,236331,282635,33053,34103,117649,141449,4060,4458,52788,62530,1619434,1721103,249148,298948,67597,75104,128746,154239,7654,8423,1728807,1877359,1331269,1402451,222906,267133,13887,15313,114737,138221,3271,3462,42737,50779,1369653,1448068,232544,279489,41423,48344,124254,149099,6260,6720,286952,312678,240609,262411,13425,15502,19166,18790,2912,3228,789,996,10051,11751,249781,273035,16604,19459,26174,26760,4492,5140,1394,1703
R,4,2026,63,4182495,1999967,2182528,1566252,1668185,230543,278806,31873,33043,116126,136942,3943,4488,51230,61064,1612463,1723165,242656,294678,65494,73479,127031,149114,7387,8253,1725771,1881598,1335480,1414706,218050,264382,13875,15200,113321,133762,3145,3623,41900,49925,1373198,1459550,227219,276526,41039,48010,122708,144196,6035,6733,274196,300930,230772,253479,12493,14424,17998,17843,2805,3180,798,865,9330,11139,239265,263615,15437,18152,24455,25469,4323,4918,1352,1520
R,4,2026,64,4152524,1979667,2172857,1569774,1680497,222927,272771,30161,32103,103088,124042,3935,4200,49782,59244,1614688,1733908,234565,287981,63237,71751,113452,135610,7165,7736,1721799,1889260,1352379,1441503,211326,259382,13523,15100,100531,121110,3169,3329,40871,48836,1389166,1485438,220189,271119,40278,47572,109600,131043,5902,6261,257868,283597,217395,238994,11601,13389,16638,17003,2557,2932,766,871,8911,10408,225522,248470,14376,16862,22959,24179,3852,4567,1263,1475
R,4,2026,65,4172279,1981590,2190689,1572507,1696655,223737,273427,29464,31688,102976,126199,3774,4196,49132,58524,1616879,1749302,235384,288394,62135,70883,113121,137630,6958,7856,1732648,1912294,1362641,1461685,212481,260565,13386,15085,100622,123337,3065,3375,40453,48247,1399078,1505035,221362,272073,40007,47210,109435,133166,5733,6374,248942,278395,209866,234970,11256,12862,16078,16603,2354,2862,709,821,8679,10277,217801,244267,14022,16321,22128,23673,3686,4464,1225,1482
R,4,2026,66,4087740,1934288,2153452,1538289,1669436,216584,269076,27991,30537,101025,124383,3545,3959,46854,56061,1580463,1719832,227481,283472,59197,68169,110856,135271,6605,7280,1699157,1889050,1339824,1446537,205938,256464,12911,14699,98729,121690,2890,3206,38865,46454,1374727,1488177,214362,267728,38425,45707,107372,131048,5454,5974,235131,264402,198465,222899,10646,12612,15080,15838,2296,2693,655,753,7989,9607,205736,231655,13119,15744,20772,22462,3484,4223,1151,1306
R,4,2026,67,3993837,1881353,2112484,1502647,1644484,207197,259634,26189,28969,97378,122021,3388,3738,44554,53638,1542785,1692804,217597,273295,56131,65175,106414,132280,6187,6932,1663275,1864421,1318531,1434771,197179,248187,12376,14300,95277,119521,2767,3088,37145,44554,1351929,1474793,205282,258880,37015,44215,103243,128390,5127,5703,218078,248063,184116,209713,10018,11447,13813,14669,2101,2500,621,650,7409,9084,190856,218011,12315,14415,19116,20960,3171,3890,1060,1229
R,4,2026,68,3964504,1860410,2104094,1493043,1647313,199976,253121,25145,27572,96077,120523,3146,3496,43023,52069,1531796,1694138,209831,266408,54097,63099,104914,130237,5833,6491,1652982,1864374,1317366,1443935,190690,242203,12104,13807,94103,118078,2612,2849,36107,43502,1349782,1482963,198450,252706,36178,43346,101885,126537,4916,5365,207428,239720,175677,203378,9286,10918,13041,13765,1974,2445,534,647,6916,8567,182014,211175,11381,13702,17919,19753,3029,3700,917,1126
R,4,2026,69,3832435,1790825,2041610,1441968,1601931,189284,244000,23698,26001,92272,117483,3045,3375,40558,48820,1478591,1645854,198563,256312,51180,59419,100405,126506,5589,6214,1596495,1814189,1277257,1408640,180608,233500,11513,13192,90459,115251,2527,2790,34131,40816,1308021,1445253,187933,243226,34408,41007,97653,123067,4668,5189,194330,227421,164711,193291,8676,10500,12185,12809,1813,2232,518,585,6427,8004,170570,200601,10630,13086,16772,18412,2752,3439,921,1025
R,4,2026,70,3711911,1728509,1983402,1395743,1559480,179837,233977,22397,25006,89811,115222,2782,3267,37939,46450,1429964,1601222,188566,245737,47965,56714,97410,124004,5206,6023,1544165,1766249,1239273,1374709,171576,223951,10865,12865,88069,113029,2307,2680,32075,39015,1268141,1409673,178493,233220,32257,39385,94820,120708,4389,5025,184344,217153,156470,184771,8261,10026,11532,12141,1742,2193,475,587,5864,7435,161823,191549,10073,12517,15708,17329,2590,3296,817,998
R,4,2026,71,3599373,1669401,1929972,1353450,1525222,169688,222601,20915,23471,87105,111704,2716,3123,35527,43851,1385414,1564399,177940,233874,44928,53429,94187,119897,5005,5772,1497408,1724446,1207441,1349917,161944,213405,10383,11983,85483,109733,2261,2576,29896,36832,1234284,1382695,168434,222338,30381,37017,91765,116907,4223,4853,171993,205526,146009,175305,7744,9196,10532,11488,1622,1971,455,547,5631,7019,151130,181704,9506,11536,14547,16412,2422,2990,782,919
R,4,2026,72,3407271,1569172,1838099,1282971,1464082,153383,206568,18831,21404,79510,102557,2375,2811,32102,40677,1311853,1500616,160858,217007,40754,49326,85726,109945,4397,5239,1413480,1647731,1150143,1301187,146525,198054,9550,11305,78076,100715,1974,2327,27212,34143,1174567,1331754,152450,206280,28008,34705,83612,107143,3725,4400,155692,190368,132828,162895,6858,8514,9281,10099,1434,1842,401,484,4890,6534,137286,168862,8408,10727,12746,14621,2114,2802,672,839
R,4,2026,73,3272545,1501627,1770918,1233762,1416506,142078,194208,17158,20063,76578,99591,2245,2648,29806,37902,1260562,1450569,149072,203778,37431,46070,82460,106400,4186,4963,1358204,1592525,1110932,1263353,135666,186328,8929,10756,75366,97952,1901,2207,25410,31929,1133712,1291937,141278,193960,26068,32561,80622,103939,3565,4212,143423,178393,122830,153153,6412,7880,8229,9307,1212,1639,344,441,4396,5973,126850,158632,7794,9818,11363,13509,1838,2461,621,751
R,4,2026,74,3109109,1421124,1687985,1175586,1359061,131584,182771,15734,18456,68316,89893,2022,2401,27882,35403,1200742,1390794,137971,191953,35077,42990,73467,96033,3795,4521,1288595,1522634,1061667,1216719,125924,175478,8367,10069,67126,88440,1719,1976,23792,29952,1083050,1243456,131074,182751,24745,30881,71741,93809,3252,3820,132529,165351,113919,142342,5660,7293,7367,8387,1190,1453,303,425,4090,5451,117692,147338,6897,9202,10332,12109,1726,2224,543,701
R,4,2026,75,2915952,1323911,1592041,1091240,1273842,123302,176052,14759,17447,66872,89509,1887,2311,25851,32880,1114434,1303361,129366,184657,32593,40269,71706,95104,3537,4291,1198734,1433188,983672,1136924,117849,169183,7713,9379,65817,88117,1613,1931,22070,27654,1003384,1161654,122726,176034,22880,28583,70099,92961,3045,3621,125177,158853,107568,136918,5453,6869,7046,8068,1055,1392,274,380,3781,5226,111050,141707,6640,8623,9713,11686,1607,2143,492,670
R,4,2026,76,2792800,1261866,1530934,1043545,1229804,113979,164447,13712,15967,65125,87757,1780,2065,23725,30894,1064940,1257391,119570,172578,29931,37264,69549,93094,3357,3973,1146917,1382498,944480,1101421,109100,158012,7410,8728,64068,86386,1516,1739,20343,26212,962778,1124728,113613,164559,21243,26805,68015,91054,2927,3398,114949,148436,99065,128383,4879,6435,6302,7239,1057,1371,264,326,3382,4682,102162,132663,5957,8019,8688,10459,1534,2040,430,575
R,4,2026,77,2660501,1195321,1465180,996255,1188602,102749,150552,12527,14685,59792,80166,1666,2023,22332,29152,1016308,1214707,107857,158169,28100,34986,63893,85027,3174,3844,1090872,1328097,905881,1069778,98515,144781,6945,8179,58874,78872,1387,1721,19270,24766,923125,1091874,102667,150914,20327,25432,62555,83136,2723,3300,104449,137083,90374,118824,4234,5771,5582,6506,918,1294,279,302,3062,4386,93183,122833,5190,7255,7773,9554,1338,1891,451,544
R,4,2026,78,2619035,1173458,1445577,992040,1190169,92632,138362,11534,13596,54659,73595,1477,1805,21116,28050,1011152,1215337,97410,145632,26280,33227,58417,78210,2810,3461,1075466,1316372,906939,1077912,88724,132857,6493,7691,53811,72453,1267,1520,18232,23939,923410,1099328,92652,138768,19150,24396,57173,76518,2468,2999,97992,129205,85101,112257,3908,5505,5041,5905,848,1142,210,285,2884,4111,87742,116009,4758,6864,7130,8831,1244,1692,342,462
R,4,2026,79,2492382,1110917,1381465,947803,1149660,82107,123619,10472,12958,49520,67455,1327,1535,19688,26238,965696,1173410,86369,130172,24408,31459,52898,71655,2591,3153,1022347,1261683,870566,1045502,78602,118592,6030,7409,48847,66405,1139,1296,17163,22479,886148,1065782,82088,123875,18167,23322,51883,70079,2276,2709,88570,119782,77237,104158,3505,5027,4442,5549,673,1050,188,239,2525,3759,79548,107628,4281,6297,6241,8137,1015,1576,315,444
R,4,2026,80,1829484,804837,1024647,675499,837765,64214,100097,8070,10461,41488,55462,1118,1463,14448,19399,688495,855102,67627,105312,17895,23551,44180,58887,2207,2795,729802,920384,609988,746975,61247,95688,4467,5621,40833,54517,941,1235,12326,16348,621048,761505,63971,99856,12815,16665,43198,57516,1901,2411,75035,104263,65511,90790,2967,4409,3603,4840,655,945,177,228,2122,3051,67447,93597,3656,5456,5080,6886,982,1371,306,384
R,4,2026,81,1741496,757016,984480,638711,809071,58406,94173,7373,9710,38058,51862,1000,1268,13468,18396,650851,825457,61575,99227,16485,22221,40606,54955,2019,2539,690109,889550,580117,726086,55783,90338,4144,5392,37539,51049,866,1048,11660,15637,590593,739964,58364,94419,12003,16026,39819,53774,1784,2164,66907,94930,58594,82985,2623,3835,3229,4318,519,813,134,220,1808,2759,60258,85493,3211,4808,4482,6195,787,1181,235,375
R,4,2026,82,1657805,713543,944262,606843,785216,52557,85792,6864,8896,34094,45932,832,1124,12353,17302,617976,800637,55549,90461,15450,20821,36215,48735,1711,2345,652752,856228,553554,707992,50228,82289,3990,5017,33617,45198,707,953,10656,14779,563142,721109,52644,86100,11409,15230,35507,47635,1466,2032,60791,88034,53289,77224,2329,3503,2874,3879,477,734,125,171,1697,2523,54834,79528,2905,4361,4041,5591,708,1100,245,313
R,4,2026,83,1579783,671299,908484,574035,760183,47844,80847,5941,8179,31358,42320,737,1014,11384,15941,584285,774462,50512,85173,13730,19257,33434,44846,1574,2050,617076,826854,526391,688749,45690,77440,3487,4536,30917,41671,641,835,9950,13623,535337,700896,47897,80934,10291,14071,32785,43866,1388,1756,54223,81630,47644,71434,2154,3407,2454,3643,441,649,96,179,1434,2318,48948,73566,2615,4239,3439,5186,649,980,186,294
R,4,2026,84,1308334,547457,760877,464573,631594,39871,69172,5139,7127,27738,38416,665,932,9471,13636,473110,643809,42134,72836,11617,16526,29476,40697,1332,1802,500612,690622,423289,569803,38071,66529,3072,3989,27396,37849,564,780,8220,11672,430690,580206,39923,69517,8683,12039,28947,39848,1146,1553,46845,70255,41284,61791,1800,2643,2067,3138,342,567,101,152,1251,1964,42420,63603,2211,3319,2934,4487,529,849,186,249
R,4,2026,85,1130712,464919,665793,392476,550346,34189,61654,4496,6373,24961,34759,591,786,8206,11875,399853,560889,36201,65014,10079,14406,26500,36777,1151,1593,423324,601050,355763,493325,32591,59088,2717,3626,24647,34244,509,645,7097,10122,362134,502281,34222,61801,7534,10493,26023,36010,995,1347,41595,64743,36713,57021,1598,2566,1779,2747,314,515,82,141,1109,1753,37719,58608,1979,3213,2545,3913,477,767,156,246
R,4,2026,86,990449,399596,590853,335928,487284,29711,55158,3891,5693,22482,31319,467,728,7117,10671,342308,496724,31422,58218,8675,12818,23840,33155,987,1516,362779,531843,303496,435253,28248,52782,2296,3253,22197,30834,372,597,6170,9124,309005,443269,29642,55266,6426,9371,23438,32452,849,1292,36817,59010,32432,52031,1463,2376,1595,2440,285,485,95,131,947,1547,33303,53455,1780,2952,2249,3447,402,703,138,224
R,4,2026,87,884271,352706,531565,298133,441166,25115,47704,3419,5279,19426,27369,386,625,6227,9422,303739,449577,26661,50322,7561,11677,20659,28903,822,1250,320861,479432,269994,395221,23904,45607,2023,3067,19182,26971,315,505,5443,8061,274882,402372,25161,47745,5640,8558,20300,28323,713,1071,31845,52133,28139,45945,1211,2097,1396,2212,244,398,71,120,784,1361,28857,47205,1500,2577,1921,3119,359,580,109,179
R,4,2026,88,770426,302386,468040,255139,388164,21493,41979,2913,4403,16995,24813,369,538,5477,8143,260066,395390,22893,44322,6569,9752,18038,26275,755,1103,275196,422570,231016,347928,20477,40152,1789,2574,16786,24455,317,448,4811,7013,235346,354109,21634,42110,5008,7180,17726,25751,650,950,27190,45470,24123,40236,1016,1827,1124,1829,209,358,52,90,666,1130,24720,41281,1259,2212,1561,2572,312,524,105,153
R,4,2026,89,649504,249946,399558,210457,331368,17427,35478,2383,3862,14763,21301,287,469,4629,7080,214609,337566,18615,37542,5393,8476,15685,22627,651,1002,226867,359767,189908,296127,16567,33955,1468,2219,14598,20988,253,383,4073,6095,193550,301425,17561,35697,4108,6183,15438,22160,583,855,23079,39791,20549,35241,860,1523,915,1643,165,313,34,86,556,985,21059,36141,1054,1845,1285,2293,247,467,68,147
R,4,2026,90,564191,213232,350959,179786,290528,15019,31513,2044,3390,12211,18830,213,378,3959,6320,183345,296129,16046,33391,4532,7495,13070,19973,532,835,193808,316502,162519,260018,14307,30220,1255,1989,12070,18517,173,316,3484,5442,165640,264824,15166,31780,3431,5532,12849,19524,466,717,19424,34457,17267,30510,712,1293,789,1401,141,313,40,62,475,878,17705,31305,880,1611,1101,1963,221,449,66,118
R,4,2026,91,484415,179599,304816,151521,252439,12370,27045,1778,2998,10408,16436,245,350,3277,5548,154454,257322,13226,28632,3832,6563,11097,17527,502,768,163024,274989,136731,226015,11748,25880,1117,1751,10311,16195,215,298,2902,4850,139318,230256,12472,27203,2919,4873,10949,17184,445,682,16575,29827,14790,26424,622,1165,661,1247,97,241,30,52,375,698,15136,27066,754,1429,913,1690,148,343,57,86
R,4,2026,92,381767,138540,243227,116608,200832,9519,21608,1379,2291,8159,13755,174,287,2701,4454,119028,204702,10206,22892,3069,5179,8772,14647,381,644,125576,219327,105037,179572,9062,20647,862,1411,8062,13566,144,240,2409,3891,107186,182945,9655,21717,2358,3937,8620,14372,328,560,12964,23900,11571,21260,457,961,517,880,97,189,30,47,292,563,11842,21757,551,1175,711,1242,152,275,53,84
R,4,2026,93,324096,114600,209496,96308,173027,7850,18316,1080,2069,6961,12026,133,260,2268,3798,98332,176344,8427,19440,2482,4483,7483,12773,336,577,104355,189405,87167,155160,7489,17525,702,1298,6878,11855,114,221,2005,3346,88952,158074,7984,18475,1926,3426,7360,12527,300,511,10245,20091,9141,17867,361,791,378,771,83,171,19,39,263,452,9380,18270,443,965,556,1057,123,246,36,66
R,4,2026,94,268090,93124,174966,78945,145811,5852,14341,880,1649,5486,9710,93,220,1868,3235,80605,148592,6376,15306,2015,3708,5894,10364,250,508,84699,158669,71389,131223,5578,13746,551,1055,5423,9595,82,187,1676,2863,72880,133668,6038,14580,1562,2869,5794,10203,223,454,8425,16297,7556,14588,274,595,329,594,63,115,11,33,192,372,7725,14924,338,726,453,839,100,161,27,54
R,4,2026,95,218270,73443,144827,61993,120209,4622,11729,735,1382,4524,8542,99,176,1470,2789,63315,122608,5025,12545,1615,3160,4880,9115,223,429,66743,131047,56018,107915,4392,11210,468,866,4475,8431,85,150,1305,2475,57187,110030,4744,11909,1239,2444,4799,8948,196,377,6700,13780,5975,12294,230,519,267,516,49,111,14,26,165,314,6128,12578,281,636,376,716,81,167,27,52
R,4,2026,96,172404,56368,116036,47389,96006,3531,9552,599,1048,3649,7049,61,145,1139,2236,48377,97937,3854,10240,1292,2440,3910,7509,181,349,51253,105173,42810,86345,3363,9132,401,667,3610,6951,48,127,1021,1951,43693,88012,3634,9719,1019,1877,3853,7364,157,313,5115,10863,4579,9661,168,420,198,381,39,98,13,18,118,285,4684,9925,220,521,273,563,57,145,24,36
R,4,2026,97,126119,39760,86359,33240,71428,2582,7011,410,776,2599,5299,47,109,882,1736,34019,72909,2849,7561,945,1828,2805,5678,129,282,36134,78522,30004,64449,2457,6688,270,509,2572,5223,40,99,791,1554,30704,65765,2692,7171,741,1441,2767,5573,116,252,3626,7837,3236,6979,125,323,140,267,27,76,7,10,91,182,3315,7144,157,390,204,387,38,105,13,30
R,4,2026,98,96255,29417,66838,24494,55026,1866,5398,319,678,1984,4263,48,83,706,1390,25102,56211,2073,5829,718,1546,2161,4548,118,215,26812,61033,22176,49864,1778,5165,214,463,1970,4213,44,72,630,1256,22719,50927,1951,5546,568,1255,2135,4475,105,195,2605,5805,2318,5162,88,233,105,215,14,50,4,11,76,134,2383,5284,122,283,150,291,26,73,13,20
R,4,2026,99,69064,20455,48609,16804,39763,1412,3959,218,469,1465,3311,21,69,535,1038,17274,40648,1571,4290,535,1101,1591,3522,70,183,18623,44373,15181,35988,1356,3779,139,335,1449,3277,17,59,481,935,15603,36785,1491,4074,430,891,1566,3475,59,162,1832,4236,1623,3775,56,180,79,134,16,34,4,10,54,103,1671,3863,80,216,105,210,25,47,11,21
R,4,2026,100,130658,35783,94875,27992,74816,2703,8492,527,1183,3355,7625,77,165,1129,2594,28925,76907,3074,9434,1137,2665,3686,8238,244,485,32571,87057,25175,67924,2585,8145,402,902,3319,7557,65,145,1025,2384,26024,69841,2915,8987,944,2262,3624,8113,213,430,3212,7818,2817,6892,118,347,125,281,36,68,12,20,104,210,2901,7066,159,447,193,403,62,125,31,55
R,5,2026,999,342467403,168011367,174456036,122016543,125102378,22168183,24277405,3591785,3498605,11471373,12497277,481565,483402,8281918,8596969,129634684,132995158,25419754,27694396,6952422,7105200,14087444,15113221,1023020,1023448,132747696,138931116,94215948,96985315,19975810,22047067,1163651,1201816,10989553,12006761,354383,354552,6048351,6335605,99785626,102807731,22277156,24492304,3405418,3668256,13054377,14071919,743127,742213,35263671,35524920,27800595,28117063,2192373,2230338,2428134,2296789,481820,490516,127182,128850,2233567,2261364,29849058,30187427,3142598,3202092,3547004,3436944,1033067,1041302,279893,281235
R,5,2026,0,3615941,1849282,1766659,1206110,1150613,292805,283609,46587,44484,113057,105925,6862,6644,183861,175384,1378323,1314608,382178,369568,98009,93626,177707,167172,17457,16718,1307864,1247233,818797,778549,246219,238795,11661,11348,102490,95718,4638,4444,124059,118379,935635,889898,306184,296758,40378,38628,149372,140113,11166,10501,541418,519426,387313,372064,46586,44814,34926,33136,10567,10207,2224,2200,59802,57005,442688,424710,75994,72810,57631,54998,28335,27059,6291,6217
R,5,2026,1,3633047,1857879,1775168,1209629,1153971,293910,284502,47216,45120,116057,109065,6929,6764,184138,175746,1382076,1318282,383352,370556,98657,94300,180927,170572,17544,16864,1311120,1250653,818238,777984,246967,239430,11652,11337,105401,98778,4685,4529,124177,118595,935158,889515,306888,297390,40322,38587,152497,143432,11230,10606,546759,524515,391391,375987,46943,45072,35564,33783,10656,10287,2244,2235,59961,57151,446918,428767,76464,73166,58335,55713,28430,27140,6314,6258
R,5,2026,2,3660276,1871101,1789175,1214218,1159374,296543,287122,48326,46179,120456,113628,6975,6905,184583,175967,1387047,1323871,386118,373184,99824,95350,185619,175375,17619,17003,1315411,1255571,816299,776553,248844,241395,11584,11269,109649,103185,4723,4606,124312,118563,933321,888030,308678,299190,40194,38409,157031,148068,11290,10690,555690,533604,397919,382821,47699,45727,36742,34910,10807,10443,2252,2299,60271,57404,453726,435841,77440,73994,59630,56941,28588,27307,6329,6313
R,5,2026,3,3750968,1914690,1836278,1239640,1185689,306807,297268,49218,47969,125354,119053,7218,7193,186453,179106,1414206,1353090,397236,384800,101060,97925,191339,182041,17943,17465,1351170,1291529,834723,794881,259011,251144,11975,11617,114346,108414,4794,4654,126321,120819,953605,908444,319703,309920,40969,39200,162684,154355,11469,10852,563520,544749,404917,390808,47796,46124,37243,36352,11008,10639,2424,2539,60132,58287,460601,444646,77533,74880,60091,58725,28655,27686,6474,6613
R,5,2026,4,3817375,1949026,1868349,1263589,1207420,312999,305045,47581,45790,128653,122157,7208,6949,188996,180988,1440532,1376580,404687,393436,100008,96131,195598,185926,18054,17299,1391733,1329038,862057,818506,265943,259419,12399,11748,118026,111809,4819,4561,128489,122995,982965,934097,327620,319175,41850,39797,167302,158684,11604,10879,557293,539311,401532,388914,47056,45626,35182,34042,10627,10348,2389,2388,60507,57993,457567,442483,77067,74261,58158,56334,28296,27242,6450,6420
R,5,2026,5,3712929,1897431,1815498,1227868,1169504,309714,301398,45465,43845,126565,120331,6628,6260,181191,174160,1397508,1332300,397585,386507,95674,92238,190798,181673,17023,16195,1367553,1304263,844305,799345,266034,259229,12374,11971,116789,110748,4614,4257,123437,118713,960450,910915,325243,316900,40635,39047,164192,156002,11137,10349,529878,511235,383563,370159,43680,42169,33091,31874,9776,9583,2014,2003,57754,55447,437058,421385,72342,69607,55039,53191,26606,25671,5886,5846
R,5,2026,6,3859388,1969899,1889489,1291885,1233242,306147,299142,48064,45900,130536,125006,7093,6710,186174,179489,1466208,1401076,396483,386923,99371,95517,196635,188216,17751,16882,1438370,1377637,904322,859404,264884,259537,14489,13948,120998,115684,4933,4730,128744,124334,1025456,976263,326718,320017,43983,42345,170339,162963,11742,11101,531529,511852,387563,373838,41263,39605,33575,31952,9538,9322,2160,1980,57430,55155,440752,424813,69765,66906,55388,53172,26296,25253,6009,5781
R,5,2026,7,3903774,1990522,1913252,1313640,1256749,308729,302208,48607,46967,129098,124130,7209,6977,183239,176221,1485228,1421520,396996,387538,99561,96000,193980,186379,17964,17124,1460268,1399836,924582,879539,268159,263291,15134,14742,119783,114983,5081,5024,127529,122257,1044540,994351,329212,322367,44470,42845,168555,161381,11958,11492,530254,513416,389058,377210,40570,38917,33473,32225,9315,9147,2128,1953,55710,53964,440688,427169,67784,65171,55091,53155,25425,24998,6006,5632
R,5,2026,8,3973964,2028226,1945738,1340306,1280261,316501,309191,50121,48174,131722,126516,7517,6796,182059,174800,1510660,1443540,403620,393528,101495,97385,196189,188124,18369,16939,1490929,1425446,944460,897194,276125,269714,15542,14927,122399,117372,5352,4816,127051,121423,1063857,1011195,336645,328128,45280,43020,170861,163515,12359,11217,537297,520292,395846,383067,40376,39477,34579,33247,9323,9144,2165,1980,55008,53377,446803,432345,66975,65400,56215,54365,25328,24609,6010,5722
R,5,2026,9,4037611,2061862,1975749,1367784,1304738,317020,309360,51657,49940,136212,129979,7617,7152,181572,174580,1537242,1467641,402740,393073,103800,100383,200548,190971,18589,17528,1515196,1446284,963485,913721,276231,269525,16202,15675,126728,120895,5406,5091,127144,121377,1082718,1027561,335916,327668,46463,44732,175348,166493,12500,11700,546666,529465,404299,391017,40789,39835,35455,34265,9484,9084,2211,2061,54428,53203,454524,440080,66824,65405,57337,55651,25200,24478,6089,5828
R,5,2026,10,4106124,2096983,2009141,1402537,1336945,318416,311031,52569,51267,134331,128782,7533,7197,181597,173919,1572198,1499220,403466,393538,105825,102191,198267,189494,18547,17649,1539694,1471849,988206,937291,277872,271542,16470,16179,124850,119751,5357,5134,126939,121952,1107376,1051632,337201,329506,47469,45891,172869,165403,12411,11856,557289,537292,414331,399654,40544,39489,36099,35088,9481,9031,2176,2063,54658,51967,464822,447588,66265,64032,58356,56300,25398,24091,6136,5793
R,5,2026,11,4125275,2106999,2018276,1408403,1344162,322087,312989,53207,51655,136734,129648,7413,7275,179155,172547,1575745,1505107,405756,394814,106517,103035,199348,189155,18047,17442,1552220,1482135,994379,944914,281786,273441,16949,16228,127401,120901,5321,5155,126384,121496,1112983,1058778,340694,331231,48407,46290,174800,165861,12272,11739,554779,536141,414024,399248,40301,39548,36258,35427,9333,8747,2092,2120,52771,51051,462762,446329,65062,63583,58110,56745,24548,23294,5775,5703
R,5,2026,12,4096494,2093378,2003116,1404797,1339636,319196,310138,53287,51170,133717,127212,7487,7177,174894,167783,1568207,1496151,400260,389237,106246,102044,194508,184648,18041,17224,1543862,1471854,993902,942619,279502,271090,16814,16176,124432,118533,5308,5035,123904,118401,1110188,1053626,336874,327290,48276,46182,170650,161860,12228,11599,549516,531262,410895,397017,39694,39048,36473,34994,9285,8679,2179,2142,50990,49382,458019,442525,63386,61947,57970,55862,23858,22788,5813,5625
R,5,2026,13,4118255,2102398,2015857,1410199,1348328,319391,310742,54171,51995,138902,131582,7656,7203,172079,166007,1570612,1502930,398586,387874,107223,103522,198748,188508,18096,17149,1550890,1481949,996617,947482,279799,272466,17104,16326,129883,122912,5419,5080,122068,117683,1111043,1057605,335910,327362,48678,46905,175435,166189,12286,11612,551508,533908,413582,400846,39592,38276,37067,35669,9019,8670,2237,2123,50011,48324,459569,445325,62676,60512,58545,56617,23313,22319,5810,5537
R,5,2026,14,4130463,2111518,2018945,1423770,1357329,321435,310997,55258,52338,134191,127575,7423,7114,169441,163592,1581701,1509718,398984,386362,108601,103829,192351,183285,17793,17032,1554532,1482348,1004678,952720,281754,273151,17101,16419,125178,119056,5254,4943,120567,116059,1117598,1061277,337111,326907,49078,47174,169530,161475,12108,11525,556986,536597,419092,404609,39681,37846,38157,35919,9013,8519,2169,2171,48874,47533,464103,448441,61873,59455,59523,56655,22821,21810,5685,5507
R,5,2026,15,4191936,2143812,2048124,1450034,1379753,328144,317140,55760,53972,132729,126161,7490,7400,169655,163698,1608137,1532066,405024,392164,110371,106805,190500,181472,17776,17321,1572714,1497621,1017619,963971,288195,278529,17176,16639,123756,117478,5337,5108,120631,115896,1130564,1072223,343078,331970,49963,48212,167741,159472,12214,11583,571098,550503,432415,415782,39949,38611,38584,37333,8973,8683,2153,2292,49024,47802,477573,459843,61946,60194,60408,58593,22759,22000,5562,5738
R,5,2026,16,4293810,2196276,2097534,1491485,1418360,335781,324317,55983,53417,133032,127506,7483,7254,172512,166680,1652302,1573581,414319,401342,111579,107028,191126,182969,17900,17336,1603146,1529829,1035377,981899,296101,286197,17368,17012,124488,119209,5202,4904,124610,120608,1152038,1094683,353080,342158,51425,50098,169465,162130,12258,11707,593130,567705,456108,436461,39680,38120,38615,36405,8544,8297,2281,2350,47902,46072,500264,478898,61239,59184,60154,56930,21661,20839,5642,5629
R,5,2026,17,4389204,2246300,2142904,1530976,1452858,342912,331189,57563,55023,134866,129198,7496,7367,172487,167269,1691366,1608582,421151,408057,114178,109749,192298,184077,18156,17531,1634721,1560052,1058304,1002562,302380,292948,17927,17500,126193,120852,5111,4942,124806,121248,1174822,1115867,359564,349260,52808,51405,170721,163361,12308,11877,611579,582852,472672,450296,40532,38241,39636,37523,8673,8346,2385,2425,47681,46021,516544,492715,61587,58797,61370,58344,21577,20716,5848,5654
R,5,2026,18,4517529,2311439,2206090,1576828,1497730,350234,338597,60541,57022,141981,135782,7699,7379,174156,169580,1738716,1655203,428653,415981,118878,113984,199573,191299,18540,17672,1679441,1604054,1086719,1031296,309019,299832,18663,17787,133129,127219,5182,5046,126729,122874,1204943,1145925,366462,356553,54982,53088,178133,170111,12578,12006,631998,602036,490109,466434,41215,38765,41878,39235,8852,8563,2517,2333,47427,46706,533773,509278,62191,59428,63896,60896,21440,21188,5962,5666
R,5,2026,19,4531969,2322429,2209540,1590003,1505540,348884,336161,62575,57530,142806,136838,7794,7533,170367,165938,1748213,1659526,424686,410798,120827,114159,198967,190989,18372,17719,1683596,1606408,1095262,1036479,307519,297527,18467,17882,133860,128471,5175,5143,123313,120906,1210237,1149207,362620,352509,54517,53261,177642,170630,12396,12044,638833,603132,494741,469061,41365,38634,44108,39648,8946,8367,2619,2390,47054,45032,537976,510319,62066,58289,66310,60898,21325,20359,5976,5675
R,5,2026,20,4478305,2296214,2182091,1579485,1490891,337650,328109,61877,56903,145254,140324,7796,7399,164152,158465,1731897,1637926,409387,398113,119356,111865,199126,192320,17796,17094,1667120,1590306,1090431,1029085,297905,290502,18016,17520,136568,132321,5287,5106,118913,115772,1201310,1136950,350004,342229,53858,52101,178752,172936,12124,11784,629094,591785,489054,461806,39745,37607,43861,39383,8686,8003,2509,2293,45239,42693,530587,500976,59383,55884,65498,59764,20374,19384,5672,5310
R,5,2026,21,4489931,2303060,2186871,1586496,1497264,335455,323625,62166,56772,151569,147832,7910,7326,159464,154052,1734375,1639977,403681,390981,119041,111529,204490,198121,17743,16769,1676273,1598885,1097537,1037104,296345,286698,18167,17282,143140,139988,5409,5141,115675,112672,1205162,1141824,345812,336241,53825,51919,184706,179634,12181,11682,626787,587986,488959,460160,39110,36927,43999,39490,8429,7844,2501,2185,43789,41380,529213,498153,57869,54740,65216,59610,19784,18487,5562,5087
R,5,2026,22,4529313,2323691,2205622,1605784,1514121,334921,324389,62095,56063,156765,152820,8029,7356,156097,150873,1750441,1654148,400801,389255,119014,110821,207993,201720,17745,16503,1700956,1621016,1118559,1055362,296585,287956,18070,17200,148569,145123,5498,5161,113675,110214,1224317,1157982,344601,335507,54046,52007,188960,183632,12176,11520,622735,584606,487225,458759,38336,36433,44025,38863,8196,7697,2531,2195,42422,40659,526124,496166,56200,53748,64968,58814,19033,18088,5569,4983
R,5,2026,23,4501938,2309129,2192809,1592953,1503344,334810,324440,61874,55750,162352,157043,7857,7218,149283,145014,1731239,1637451,397103,386062,117320,109343,211255,204146,17104,16071,1692454,1612882,1109534,1047754,296314,288266,17794,16744,154517,149230,5535,5050,108760,105838,1210538,1145966,341809,333589,52955,50833,193004,186220,11963,11230,616675,579927,483419,455590,38496,36174,44080,39006,7835,7813,2322,2168,40523,39176,520701,491485,55294,52473,64365,58510,18251,17926,5141,4841
R,5,2026,24,4632882,2354740,2278142,1617240,1555443,349550,347513,60786,56192,176448,170625,7825,7746,142891,140623,1749077,1684916,408903,407579,114233,107819,223215,216435,17082,16832,1736439,1691099,1130743,1093122,310297,309854,17495,17193,168458,162702,5548,5459,103898,102769,1226823,1187986,353513,353905,51218,50060,205333,198858,12062,11883,618301,587043,486497,462321,39253,37659,43291,38999,7990,7923,2277,2287,38993,37854,522254,496930,55390,53674,63015,57759,17882,17577,5020,4949
R,5,2026,25,4932367,2495061,2437306,1710859,1665834,372843,371869,61625,56924,201403,195762,8580,8534,139751,138383,1839070,1792781,430840,431059,113028,106369,247961,241869,18233,17909,1864527,1834902,1214012,1188762,331680,332941,18074,17878,192951,187476,6265,6074,101545,101771,1307362,1282261,373667,376485,50553,49375,229740,224367,13082,12834,630534,602404,496847,477072,41163,38928,43551,39046,8452,8286,2315,2460,38206,36612,531708,510520,57173,54574,62475,56994,18221,17502,5151,5075
R,5,2026,26,4890404,2476250,2414154,1709851,1654991,363737,366062,60547,54991,200320,196514,8657,8367,133138,133229,1831942,1777302,418398,422815,110475,102855,244362,240869,17593,17105,1857958,1825726,1220314,1187945,324334,328053,17860,17062,192021,188381,6396,5882,97033,98403,1309469,1278490,364014,370102,49299,47586,227197,223955,12785,12046,618292,588428,489537,467046,39403,38009,42687,37929,8299,8133,2261,2485,36105,34826,522473,498812,54384,52713,61176,55269,17165,16914,4808,5059
R,5,2026,27,4765726,2411898,2353828,1674384,1618596,348039,351318,58406,53083,194629,194591,8449,8225,127991,128015,1791657,1736093,399839,405373,106833,99835,236977,236807,17298,16725,1813278,1782512,1200171,1164480,310084,314657,17023,16315,186448,186429,6159,5883,93393,94748,1285875,1251638,347779,354624,47711,46489,220251,220337,12497,11951,598620,571316,474213,454116,37955,36661,41383,36768,8181,8162,2290,2342,34598,33267,505782,484455,52060,50749,59122,53346,16726,16470,4801,4774
R,5,2026,28,4612061,2333206,2278855,1619153,1560763,334838,337452,56587,51474,193165,198407,8110,7896,121353,122863,1730407,1673400,383519,388866,102908,96860,233196,238789,16338,15807,1755196,1729028,1160753,1123103,298547,302920,16027,15462,185304,190514,5936,5651,88629,91378,1242032,1207053,333883,341181,45328,44605,217533,223383,11884,11416,578010,549827,458400,437660,36291,34532,40560,36012,7861,7893,2174,2245,32724,31485,488375,466347,49636,47685,57580,52255,15663,15406,4454,4391
R,5,2026,29,4519785,2284162,2235623,1587946,1528381,323632,328088,55892,50314,192008,201714,7734,7389,116950,119737,1694828,1638196,369793,377343,101300,95541,230733,240798,15691,15132,1714177,1694699,1135987,1098268,287784,294205,15417,14792,184461,194046,5608,5406,84920,87982,1213791,1179058,320860,330438,43832,43447,215665,225633,11341,10945,569985,540924,451959,430113,35848,33883,40475,35522,7547,7668,2126,1983,32030,31755,481037,459138,48933,46905,57468,52094,15068,15165,4350,4187
R,5,2026,30,4526507,2283435,2243072,1591225,1535600,321024,328272,56122,50256,192827,204271,7706,7388,114531,117285,1695953,1642918,365732,375910,100965,95582,230563,242315,15736,15153,1717693,1703779,1143102,1106902,285411,294189,15313,14578,185096,196341,5597,5515,83174,86254,1219297,1186001,317334,329037,43497,43428,215606,227218,11412,11161,565742,539293,448123,428698,35613,34083,40809,35678,7731,7930,2109,1873,31357,31031,476656,456917,48398,46873,57468,52154,14957,15097,4324,3992
R,5,2026,31,4547940,2288277,2259663,1596021,1545151,324640,337509,55913,50254,191888,203379,7846,7441,111969,115929,1698034,1650943,367879,384325,100775,95514,228633,240871,15762,15321,1727965,1721314,1152239,1117176,289319,302715,15388,14755,184178,195672,5786,5493,81055,85503,1226090,1195290,320114,336876,43538,43886,213921,226267,11552,11255,560312,538349,443782,427975,35321,34794,40525,35499,7710,7707,2060,1948,30914,30426,471944,455653,47765,47449,57237,51628,14712,14604,4210,4066
R,5,2026,32,4577803,2299234,2278569,1604276,1555602,328520,346237,55512,50776,193532,203568,7715,7429,109679,114957,1703984,1660535,370005,392107,99986,96899,229734,240368,15802,15235,1745455,1743192,1164613,1130528,293941,311625,15559,15135,186079,195861,5662,5432,79601,84611,1236982,1207905,323440,344962,43428,44928,215658,225786,11571,11133,553779,535377,439663,425074,34579,34612,39953,35641,7453,7707,2053,1997,30078,30346,467002,452630,46565,47145,56558,51971,14076,14582,4231,4102
R,5,2026,33,4640562,2327530,2313032,1625096,1578839,333844,354189,56533,51797,197033,206635,7835,7536,107189,114036,1722420,1682772,373994,398830,100840,98816,232134,242883,15706,15235,1775352,1778278,1186734,1154770,298960,319387,15999,15560,189721,198986,5853,5439,78085,84136,1257655,1231535,327549,351569,44161,46328,218345,228682,11650,11095,552178,534754,438362,424069,34884,34802,40534,36237,7312,7649,1982,2097,29104,29900,464765,451237,46445,47261,56679,52488,13789,14201,4056,4140
R,5,2026,34,4702939,2354502,2348437,1652541,1610263,333739,358221,56790,51962,197633,207602,7709,7396,106090,112993,1749056,1713201,372096,401406,101998,99890,232107,243247,15519,15048,1804908,1817221,1215844,1189144,299268,322860,16521,16152,190390,200217,5739,5514,77146,83334,1286046,1265187,326277,353858,45353,47643,218618,229346,11559,11158,549594,531216,436697,421119,34471,35361,40269,35810,7243,7385,1970,1882,28944,29659,463010,448014,45819,47548,56645,52247,13489,13901,3960,3890
R,5,2026,35,4797850,2400131,2397719,1688681,1644449,339175,367376,57462,52505,202065,212840,7969,7709,104779,112840,1783502,1747237,376605,409505,102558,101464,236535,248408,15820,15478,1851083,1867570,1253127,1225205,304501,331924,16831,16432,194619,205290,5944,5726,76061,82993,1322041,1300917,330586,361814,45505,48644,222901,234364,11742,11505,549048,530149,435554,419244,34674,35452,40631,36073,7446,7550,2025,1983,28718,29847,461461,446320,46019,47691,57053,52820,13634,14044,4078,3973
R,5,2026,36,4792754,2392846,2399908,1687904,1648907,337581,366508,55980,51913,201892,214460,7780,7601,101709,110519,1780185,1749324,373039,406877,100309,101073,235287,249062,15396,15178,1858112,1879043,1262665,1236301,303929,331578,16724,16538,194837,207336,5809,5651,74148,81639,1329957,1310534,328482,360065,45306,49330,222358,235816,11503,11399,534734,520865,425239,412606,33652,34930,39256,35375,7055,7124,1971,1950,27561,28880,450228,438790,44557,46812,55003,51743,12929,13246,3893,3779
R,5,2026,37,4657277,2320280,2336997,1642558,1610089,320509,351277,53613,50337,199233,213113,7508,7207,96859,104974,1730360,1705415,353645,388874,96415,97758,231137,246069,14778,14373,1811009,1838023,1237362,1213789,288832,318198,16098,16267,192412,206301,5590,5345,70715,78123,1301409,1284721,311734,344835,43707,48249,218787,233692,11142,10799,509271,498974,405196,396300,31677,33079,37515,34070,6821,6812,1918,1862,26144,26851,428951,420694,41911,44039,52708,49509,12350,12377,3636,3574
R,5,2026,38,4579816,2278415,2301401,1625148,1596461,307600,339206,53347,49259,191745,207155,7263,7198,93312,102122,1709772,1689258,338690,375450,95277,96276,222170,238782,14298,14232,1776756,1810088,1224898,1205788,277016,307165,15847,15548,185168,200496,5372,5318,68455,75773,1286934,1274754,298561,332676,43069,47233,210547,226639,10757,10656,501659,491313,400250,390673,30584,32041,37500,33711,6577,6659,1891,1880,24857,26349,422838,414504,40129,42774,52208,49043,11623,12143,3541,3576
R,5,2026,39,4520538,2248325,2272213,1613109,1584637,300385,331186,51988,48773,185807,201388,7228,6961,89808,99268,1694370,1674840,329858,365827,93384,95714,215074,231799,14088,13612,1756487,1788236,1219988,1199432,270537,300105,15415,15222,179448,194809,5388,5122,65711,73546,1279352,1266256,290868,324353,42247,46986,203842,220075,10663,10155,491838,483977,393121,385205,29848,31081,36573,33551,6359,6579,1840,1839,24097,25722,415018,408584,38990,41474,51137,48728,11232,11724,3425,3457
R,5,2026,40,4550149,2262739,2287410,1629193,1601923,298803,330371,52396,48909,185814,201884,7101,6897,89432,97426,1710234,1690391,327582,363360,94342,95966,214679,231428,14031,13648,1770213,1805986,1235413,1217454,269178,300166,15132,15536,179483,195365,5377,5175,65630,72290,1294888,1283117,288784,323116,42744,47699,203561,219861,10618,10302,492526,481424,393780,384469,29625,30205,37264,33373,6331,6519,1724,1722,23802,25136,415346,407274,38798,40244,51598,48267,11118,11567,3413,3346
R,5,2026,41,4494807,2232808,2261999,1614265,1589279,291091,323185,51237,48817,183628,199895,6959,6856,85628,93967,1691739,1674536,317839,354221,92320,95533,211148,227896,13537,13377,1752625,1787486,1229600,1209771,263124,294060,14768,15409,177337,193637,5204,5169,62592,69440,1286189,1272788,281287,315494,41771,47202,200221,216881,10224,10134,480183,474513,384665,379508,27967,29125,36469,33408,6291,6258,1755,1687,23036,24527,405550,401748,36552,38727,50549,48331,10927,11015,3313,3243
R,5,2026,42,4394882,2178775,2216107,1577881,1557741,281540,316135,50503,47425,179555,196470,6770,6764,82526,91572,1652268,1640576,307074,345924,90960,94031,205725,223442,13290,13271,1710379,1750808,1202636,1184249,254132,288066,14607,14953,173556,190439,5094,5042,60354,68059,1256916,1245785,271535,308742,41298,47113,195267,212764,10112,10037,468396,465299,375245,373492,27408,28069,35896,32472,5999,6031,1676,1722,22172,23513,395352,394791,35539,37182,49662,46918,10458,10678,3178,3234
R,5,2026,43,4437977,2193131,2244846,1593417,1583367,283618,318837,51034,48643,175970,195715,6510,6621,82582,91663,1668108,1666189,308921,348230,92482,96458,201192,222107,12915,13066,1724683,1771821,1217383,1203046,256574,290666,14981,15397,170225,189714,4831,4965,60689,68033,1272192,1264483,273929,311071,42686,48530,191201,211480,9733,9885,468448,473025,376034,380321,27044,28171,36053,33246,5745,6001,1679,1656,21893,23630,395916,401706,34992,37159,49796,47928,9991,10627,3182,3181
R,5,2026,44,4372424,2156212,2216212,1572757,1567045,278014,314153,49855,47603,169856,191418,6418,6536,79312,89457,1644256,1647809,302261,343007,90174,94860,193850,216670,12603,12809,1696974,1749810,1203964,1192006,251545,286326,14385,14729,164127,185481,4797,4808,58156,66460,1256249,1252066,268226,306338,41346,47524,184012,206321,9590,9599,459238,466402,368793,375039,26469,27827,35470,32874,5729,5937,1621,1728,21156,22997,388007,395743,34035,36669,48828,47336,9838,10349,3013,3210
R,5,2026,45,4364294,2153298,2210996,1573955,1566378,281103,317301,50089,47718,162913,185255,6476,6372,78762,87972,1644975,1645923,304987,345575,90838,94810,186184,209532,12527,12399,1694495,1745619,1204878,1191536,255287,289707,14647,14939,157242,179337,4732,4753,57709,65347,1256795,1250617,271669,309437,41951,47741,176508,199356,9374,9290,458803,465377,369077,374842,25816,27594,35442,32779,5671,5918,1744,1619,21053,22625,388180,395306,33318,36138,48887,47069,9676,10176,3153,3109
R,5,2026,46,4307772,2124266,2183506,1552956,1544899,280808,316372,48818,47162,158895,182190,6436,6547,76353,86336,1621737,1622719,303902,344062,88908,93717,180998,205852,12260,12593,1672456,1724237,1188038,1174999,255878,289195,14305,14845,153394,176496,4821,4775,56020,63927,1238370,1232582,271606,308319,41337,47294,171778,195973,9376,9381,451810,459269,364918,369900,24930,27177,34513,32317,5501,5694,1615,1772,20333,22409,383367,390137,32296,35743,47571,46423,9220,9879,2884,3212
R,5,2026,47,4098494,2016479,2082015,1476284,1475195,264831,299703,46497,44686,150875,175042,6028,5925,71964,81464,1541088,1548604,286271,325674,84847,88856,171523,197219,11415,11485,1590642,1645894,1132186,1123072,241581,274317,13569,13861,145782,169606,4503,4328,53021,60710,1179895,1177765,256264,292230,39658,44963,162916,187972,8648,8568,425837,436121,344098,352123,23250,25386,32928,30825,5093,5436,1525,1597,18943,20754,361193,370839,30007,33444,45189,43893,8607,9247,2767,2917
R,5,2026,48,4018854,1972402,2046452,1452428,1458958,254026,289161,45044,44234,145564,169185,5631,5841,69709,79073,1515361,1530266,274550,313732,82521,87696,165590,190785,10667,11180,1554383,1615107,1112857,1109350,231916,264646,13298,14075,140665,163882,4227,4285,51420,58869,1159213,1162399,245851,281678,38839,44667,157402,181665,8086,8424,418019,431345,339571,349608,22110,24515,31746,30159,4899,5303,1404,1556,18289,20204,356148,367867,28699,32054,43682,43029,8188,9120,2581,2756
R,5,2026,49,3931117,1926941,2004176,1418736,1427434,246803,283296,43926,42846,144600,168930,5515,5662,67361,76008,1479406,1495940,266370,306760,80753,85345,163595,189434,10536,10750,1518947,1579531,1086330,1081674,225432,259590,13305,13736,139841,163751,4119,4179,49920,56601,1131161,1132608,238771,275795,38635,43616,155772,180752,7998,8086,407994,424645,332406,345760,21371,23706,30621,29110,4759,5179,1396,1483,17441,19407,348245,363332,27599,30965,42118,41729,7823,8682,2538,2664
R,5,2026,50,3842692,1881776,1960916,1383911,1397622,240318,275263,42615,41509,144880,168298,5208,5449,64844,72775,1442283,1463042,258623,297477,78641,82461,162889,187689,9953,10299,1484277,1546165,1059358,1058046,219709,252899,12811,13331,140264,163242,3972,4037,48163,54610,1102646,1107082,232271,268440,37745,42406,155361,179398,7672,7804,397499,414751,324553,339576,20609,22364,29804,28178,4616,5056,1236,1412,16681,18165,339637,355960,26352,29037,40896,40055,7528,8291,2281,2495
R,5,2026,51,3863973,1893650,1970323,1398376,1411305,239357,272655,41661,41361,146314,168728,5073,5202,62869,71072,1454919,1475309,257048,293769,76974,81811,163542,187756,9559,9736,1503956,1562114,1078967,1076296,219537,251072,12864,13438,141818,163902,3831,3884,46939,53522,1121102,1124372,231892,265871,37499,42310,156200,179828,7290,7367,389694,408209,319409,335009,19820,21583,28797,27923,4496,4826,1242,1318,15930,17550,333817,350937,25156,27898,39475,39501,7342,7928,2269,2369
R,5,2026,52,3770273,1844320,1925953,1361714,1378438,233404,266976,40071,39814,143838,166701,4890,5135,60403,68889,1416034,1440410,250057,287256,74328,79204,160428,185153,9197,9590,1471714,1531910,1055349,1054118,214904,246468,12514,13289,139611,162081,3723,3777,45613,52177,1096219,1100978,226583,260706,36857,41696,153606,177539,7068,7236,372606,394043,306365,324320,18500,20508,27557,26525,4227,4620,1167,1358,14790,16712,319815,339432,23474,26550,37471,37508,6822,7614,2129,2354
R,5,2026,53,3855309,1879631,1975678,1388257,1414339,241124,277000,40149,40021,144643,169961,4892,5051,60566,69306,1442738,1476582,257546,297308,74794,79995,161099,188076,9148,9590,1511218,1583380,1085087,1090915,223015,256614,13008,13601,140461,165333,3719,3772,45928,53145,1126216,1138555,234578,271138,37791,42896,154336,180604,7128,7323,368413,392298,303170,323424,18109,20386,27141,26420,4182,4628,1173,1279,14638,16161,316522,338027,22968,26170,37003,37099,6763,7472,2020,2267
R,5,2026,54,4005903,1952637,2053266,1459841,1488706,244327,282452,39390,39491,142798,167274,4836,4957,61445,70386,1515162,1552153,260772,302424,75353,81061,158798,185107,9146,9462,1591619,1667259,1161565,1169806,226881,262708,13378,13815,138666,162682,3658,3721,47471,54527,1204213,1218812,238712,277152,39781,44800,152317,177809,7086,7281,361018,386007,298276,318900,17446,19744,26012,25676,4132,4592,1178,1236,13974,15859,310949,333341,22060,25272,35572,36261,6481,7298,2060,2181
R,5,2026,55,4243861,2070542,2173319,1564000,1593025,257251,297117,39665,40016,140689,165482,5005,5054,63932,72625,1621643,1658445,274095,317609,77836,83763,156777,183095,9453,9697,1706824,1787614,1263379,1273963,239481,277289,13791,14655,136570,161020,3821,3868,49782,56819,1308216,1324986,251617,292238,42258,47944,150283,175899,7386,7598,363718,385705,300621,319062,17770,19828,25874,25361,4119,4462,1184,1186,14150,15806,313427,333459,22478,25371,35578,35819,6494,7196,2067,2099
R,5,2026,56,4149583,2023239,2126344,1536159,1568778,246868,283406,38206,38444,136549,161029,4754,4972,60703,69715,1590864,1631565,262708,302803,74762,80861,151495,177734,9150,9562,1669979,1754135,1243330,1260349,229723,264573,13157,14148,132681,156749,3647,3837,47441,54479,1285964,1309290,241264,278772,40641,46325,145458,170832,7214,7540,353260,372209,292829,308429,17145,18833,25049,24296,3868,4280,1107,1135,13262,15236,304900,322275,21444,24031,34121,34536,6037,6902,1936,2022
R,5,2026,57,3996684,1942339,2054345,1479181,1520315,233803,270844,36421,36786,131779,156070,4410,4850,56745,65480,1530466,1579269,248289,288922,71066,77252,145562,171250,8359,9046,1608320,1701455,1201500,1227416,217888,253163,12959,13910,128195,152133,3412,3691,44366,51142,1241521,1273374,228386,266139,39141,44884,139896,164917,6600,7029,334019,352890,277681,292899,15915,17681,23462,22876,3584,3937,998,1159,12379,14338,288945,305895,19903,22783,31925,32368,5666,6333,1759,2017
R,5,2026,58,3889339,1885751,2003588,1439453,1484141,230643,270469,35222,35464,122515,146569,4378,4709,53540,62236,1487735,1540142,244350,287793,68323,74152,135073,160641,8073,8788,1562360,1660731,1170258,1198733,215265,253208,12701,13648,118968,142714,3420,3657,41748,48771,1207766,1242539,225112,265797,37806,43337,129587,154496,6431,6951,323391,342857,269195,285408,15378,17261,22521,21816,3547,3855,958,1052,11792,13465,279969,297603,19238,21996,30517,30815,5486,6145,1642,1837
R,5,2026,59,3904878,1887598,2017280,1452042,1507656,229307,271739,34113,34705,115576,137371,4485,4590,52075,61219,1498994,1562830,242526,288494,66768,73463,127458,150543,8098,8514,1574917,1685803,1190698,1231087,214832,255035,12815,13882,112289,133786,3480,3552,40803,48461,1227415,1274677,224404,267419,37652,44054,122355,144867,6448,6704,312681,331477,261344,276569,14475,16704,21298,20823,3287,3585,1005,1038,11272,12758,271579,288153,18122,21075,29116,29409,5103,5676,1650,1810
R,5,2026,60,3988599,1924634,2063965,1478276,1540510,237922,282118,34105,35147,117271,139815,4377,4730,52683,61645,1525497,1595786,251433,299079,67456,74392,129000,153088,8154,8724,1614844,1734621,1219350,1265526,223134,265702,13285,14461,114027,136291,3429,3700,41619,48941,1256548,1309334,232968,278171,39077,45207,123980,147444,6507,6920,309790,329344,258926,274984,14788,16416,20820,20686,3244,3524,948,1030,11064,12704,268949,286452,18465,20908,28379,29185,5020,5644,1647,1804
R,5,2026,61,4149441,1995136,2154305,1548111,1627137,240234,286444,34037,34819,115650,138609,4175,4744,52929,62552,1595810,1683435,253162,303269,68141,75404,127159,151445,7799,8701,1693901,1830839,1295464,1355944,226316,270317,13755,15225,112579,135207,3249,3749,42538,50397,1333706,1401222,235944,282971,40636,47573,122444,146060,6245,7015,301235,323466,252647,271193,13918,16127,20282,19594,3071,3402,926,995,10391,12155,262104,282213,17218,20298,27505,27831,4715,5385,1554,1686
R,5,2026,62,4202651,2014366,2188285,1570402,1662809,236492,283021,33140,34180,117444,141289,4048,4470,52840,62516,1618015,1719048,249351,299313,67685,75191,128572,154103,7647,8430,1726442,1874760,1328970,1399691,223016,267429,13901,15306,114537,138085,3253,3474,42765,50775,1367390,1445294,232673,279765,41440,48339,124072,149002,6236,6734,287924,313525,241432,263118,13476,15592,19239,18874,2907,3204,795,996,10075,11741,250625,273754,16678,19548,26245,26852,4500,5101,1411,1696
R,5,2026,63,4181542,1999257,2182285,1565096,1667186,230465,278752,31941,33073,116487,137679,3930,4462,51338,61133,1611377,1722209,242634,294674,65645,73502,127391,149889,7368,8235,1724865,1881193,1334227,1413698,217951,264272,13892,15199,113677,134475,3139,3590,41979,49959,1371992,1458558,227160,276459,41098,47993,123077,144928,6031,6710,274392,301092,230869,253488,12514,14480,18049,17874,2810,3204,791,872,9359,11174,239385,263651,15474,18215,24547,25509,4314,4961,1337,1525
R,5,2026,64,4149949,1978199,2171750,1566742,1678052,223319,273014,30237,32158,104064,124888,3961,4254,49876,59384,1611764,1731597,234965,288263,63324,71842,114471,136517,7210,7828,1719172,1886642,1348397,1437718,211641,259584,13516,15079,101494,121935,3192,3377,40932,48949,1385259,1481764,220511,271348,40279,47574,110587,131930,5936,6340,259027,285108,218345,240334,11678,13430,16721,17079,2570,2953,769,877,8944,10435,226505,249833,14454,16915,23045,24268,3884,4587,1274,1488
R,5,2026,65,4169736,1980390,2189346,1572615,1696384,222973,273036,29368,31669,102485,125498,3784,4172,49165,58587,1617008,1749095,234638,287967,62077,70981,112644,136918,6969,7827,1731864,1911397,1363100,1461908,211733,260122,13358,15105,100118,122641,3064,3353,40491,48268,1399567,1505279,220614,271597,40015,47307,108939,132453,5734,6337,248526,277949,209515,234476,11240,12914,16010,16564,2367,2857,720,819,8674,10319,217441,243816,14024,16370,22062,23674,3705,4465,1235,1490
R,5,2026,66,4089963,1935192,2154771,1537626,1669157,217059,269375,28200,30652,101703,125294,3550,3996,47054,56297,1580009,1719738,227990,283898,59542,68375,111548,136258,6628,7349,1698481,1888605,1337865,1444730,206313,256722,12983,14735,99403,122579,2897,3236,39020,46603,1372924,1486485,214755,268062,38619,45786,108054,131996,5475,6033,236711,266166,199761,224427,10746,12653,15217,15917,2300,2715,653,760,8034,9694,207085,233253,13235,15836,20923,22589,3494,4262,1153,1316
R,5,2026,67,3993645,1881092,2112553,1501944,1643959,207432,260224,26327,29064,97301,121752,3398,3744,44690,53810,1542193,1692447,217842,273916,56362,65384,106407,132041,6198,6942,1661803,1863343,1316799,1433298,197417,248711,12386,14315,95178,119225,2777,3091,37246,44703,1350283,1473467,205539,259431,37078,44331,103200,128126,5138,5718,219289,249210,185145,210661,10015,11513,13941,14749,2123,2527,621,653,7444,9107,191910,218980,12303,14485,19284,21053,3207,3915,1060,1224
R,5,2026,68,3960061,1858292,2101769,1490919,1644944,199651,252685,25027,27616,96491,120891,3162,3512,43042,52121,1529705,1691826,209524,265992,53970,63139,105326,130652,5849,6503,1651223,1862343,1315543,1441932,190317,241726,12107,13846,94527,118449,2618,2865,36111,43525,1347982,1480996,198077,252225,36157,43354,102315,126942,4920,5368,207069,239426,175376,203012,9334,10959,12920,13770,1964,2442,544,647,6931,8596,181723,210830,11447,13767,17813,19785,3011,3710,929,1135
R,5,2026,69,3849608,1798997,2050611,1448894,1609297,190040,244971,23888,26171,92368,117649,3070,3399,40737,49124,1485652,1653489,199381,257372,51473,59837,100562,126687,5617,6256,1603684,1822122,1283364,1415117,181329,234436,11595,13248,90541,115419,2558,2799,34297,41103,1314251,1451981,188709,244255,34587,41296,97797,123249,4715,5214,195313,228489,165530,194180,8711,10535,12293,12923,1827,2230,512,600,6440,8021,171401,201508,10672,13117,16886,18541,2765,3438,902,1042
R,5,2026,70,3710548,1727678,1982870,1394665,1558665,179736,234023,22421,24948,89942,115350,2790,3254,38124,46630,1429072,1600579,188493,245817,48099,56810,97574,124126,5235,6001,1543120,1765542,1238075,1373689,171497,223977,10858,12881,88186,113146,2312,2681,32192,39168,1267062,1408802,178425,233286,32312,39538,94954,120815,4401,5018,184558,217328,156590,184976,8239,10046,11563,12067,1756,2204,478,573,5932,7462,162010,191777,10068,12531,15787,17272,2620,3311,834,983
R,5,2026,71,3603084,1671084,1932000,1354176,1526175,170146,223069,21045,23609,87245,112009,2710,3131,35762,44007,1386330,1565510,178450,234350,45229,53621,94375,120299,5032,5806,1498107,1725536,1207355,1350154,162347,213804,10428,12027,85623,110025,2252,2582,30102,36944,1234367,1383041,168893,222728,30578,37085,91945,117290,4244,4877,172977,206464,146821,176021,7799,9265,10617,11582,1622,1984,458,549,5660,7063,151963,182469,9557,11622,14651,16536,2430,3009,788,929
R,5,2026,72,3419887,1575249,1844638,1287126,1468246,154448,207797,18909,21578,80090,103330,2400,2846,32276,40841,1316189,1504899,161975,218294,40952,49612,86340,110724,4417,5297,1418787,1653396,1153663,1304617,147508,199257,9595,11376,78661,101472,2000,2351,27360,34323,1178241,1335325,153462,207543,28146,34899,84234,107914,3752,4449,156462,191242,133463,163629,6940,8540,9314,10202,1429,1858,400,495,4916,6518,137948,169574,8513,10751,12806,14713,2106,2810,665,848
R,5,2026,73,3275389,1502914,1772475,1234389,1417471,142383,194595,17305,20083,76586,99447,2248,2651,30003,38228,1261373,1451839,149383,204271,37725,46302,82495,106335,4189,4974,1358691,1593433,1110916,1263774,135976,186666,8994,10787,75340,97814,1896,2208,25569,32184,1133846,1292587,141592,194381,26255,32759,80622,103861,3564,4222,144223,179042,123473,153697,6407,7929,8311,9296,1246,1633,352,443,4434,6044,127527,159252,7791,9890,11470,13543,1873,2474,625,752
R,5,2026,74,3109334,1421186,1688148,1174788,1358198,131517,182696,15750,18517,69158,90936,2054,2427,27919,35374,1199960,1389895,137946,191823,35053,43019,74373,97110,3847,4559,1288498,1522308,1060758,1215430,125806,175394,8367,10081,67964,89467,1746,2002,23857,29934,1082183,1242150,130998,182621,24737,30863,72639,94873,3295,3850,132688,165840,114030,142768,5711,7302,7383,8436,1194,1469,308,425,4062,5440,117777,147745,6948,9202,10316,12156,1734,2237,552,709
R,5,2026,75,2932411,1331506,1600905,1098414,1282073,123829,176694,14812,17531,66604,89193,1888,2316,25959,33098,1121714,1311784,129920,185372,32752,40518,71425,94796,3537,4303,1205941,1441831,990479,1145033,118372,169810,7773,9419,65547,87789,1616,1931,22154,27849,1010274,1169931,123278,176720,23017,28778,69822,92641,3052,3631,125565,159074,107935,137040,5457,6884,7039,8112,1057,1404,272,385,3805,5249,111440,141853,6642,8652,9735,11740,1603,2155,485,672
R,5,2026,76,2795586,1263098,1532488,1043609,1230098,114396,165052,13773,16052,65556,88160,1783,2074,23981,31052,1065219,1257836,120041,173230,30198,37432,70038,93567,3365,3998,1147577,1383179,944104,1100989,109462,158549,7432,8799,64507,86781,1517,1749,20555,26312,962577,1124391,114009,165126,21428,26917,68506,91499,2929,3420,115521,149309,99505,129109,4934,6503,6341,7253,1049,1379,266,325,3426,4740,102642,133445,6032,8104,8770,10515,1532,2068,436,578
R,5,2026,77,2665963,1197540,1468423,997834,1190762,103107,150985,12615,14776,59898,80580,1676,2023,22410,29297,1017976,1217001,108223,158619,28219,35180,64018,85464,3193,3852,1092580,1330898,907036,1071561,98844,145187,6964,8221,58961,79300,1401,1718,19374,24911,924394,1093795,102997,151339,20411,25578,62662,83587,2744,3300,104960,137525,90798,119201,4263,5798,5651,6555,937,1280,275,305,3036,4386,93582,123206,5226,7280,7808,9602,1356,1877,449,552
R,5,2026,78,2603687,1166135,1437552,984088,1181197,92946,138756,11535,13678,55019,74057,1482,1827,21065,28037,1003144,1206351,97713,146005,26226,33272,58790,78680,2824,3499,1067893,1307975,898766,1068657,89017,133249,6508,7714,54178,72903,1265,1539,18159,23913,915154,1090038,92938,139132,19087,24383,57556,76979,2476,3028,98242,129577,85322,112540,3929,5507,5027,5964,841,1154,217,288,2906,4124,87990,116313,4775,6873,7139,8889,1234,1701,348,471
R,5,2026,79,2532641,1129169,1403472,964053,1168966,83159,125325,10674,13063,49921,67898,1346,1556,20016,26664,982222,1193090,87522,132018,24837,31899,53348,72142,2626,3173,1039694,1282636,886056,1063852,79637,120276,6156,7481,49226,66838,1156,1314,17463,22875,901896,1084479,83218,125695,18503,23698,52296,70554,2308,2736,89475,120836,77997,105114,3522,5049,4518,5582,695,1060,190,242,2553,3789,80326,108611,4304,6323,6334,8201,1052,1588,318,437
R,5,2026,80,1840105,809501,1030604,679503,842710,64312,100287,8126,10525,41805,55981,1133,1463,14622,19638,692676,860277,67749,105533,18081,23802,44525,59444,2215,2807,734165,925861,613738,751571,61312,95814,4502,5683,41153,55030,956,1234,12504,16529,624982,766280,64051,99994,12984,16872,43553,58059,1916,2414,75336,104743,65765,91139,3000,4473,3624,4842,652,951,177,229,2118,3109,67694,93997,3698,5539,5097,6930,972,1385,299,393
R,5,2026,81,1744758,758718,986040,639805,809968,58675,94501,7407,9742,38261,52132,995,1277,13575,18420,652044,826379,61853,99532,16629,22252,40816,55246,2017,2554,691306,890682,580811,726577,56033,90631,4156,5432,37726,51314,858,1058,11722,15670,591343,740487,58613,94696,12084,16077,40011,54056,1777,2176,67412,95358,58994,83391,2642,3870,3251,4310,535,818,137,219,1853,2750,60701,85892,3240,4836,4545,6175,805,1190,240,378
R,5,2026,82,1653598,711633,941965,604529,782287,52612,85815,6876,8953,34383,46422,847,1139,12386,17349,615687,797748,55618,90531,15438,20903,36535,49233,1738,2355,650803,853748,551212,704934,50263,82315,3984,5025,33918,45681,723,962,10703,14831,560832,718099,52707,86171,11394,15259,35842,48137,1495,2036,60830,88217,53317,77353,2349,3500,2892,3928,465,741,124,177,1683,2518,54855,79649,2911,4360,4044,5644,693,1096,243,319
R,5,2026,83,1589793,675784,914009,578203,765159,47981,81172,5991,8235,31406,42311,741,1019,11462,16113,588528,779590,50673,85557,13839,19405,33484,44863,1584,2079,621191,832019,530220,693445,45825,77737,3527,4576,30957,41658,645,843,10017,13760,539236,705714,48045,81267,10389,14188,32820,43867,1392,1786,54593,81990,47983,71714,2156,3435,2464,3659,449,653,96,176,1445,2353,49292,73876,2628,4290,3450,5217,664,996,192,293
R,5,2026,84,1314912,550378,764534,466963,634657,40049,69263,5156,7185,27989,38817,661,939,9560,13673,475574,646903,42320,72922,11710,16625,29738,41102,1336,1813,503256,693801,425425,572463,38233,66590,3086,4016,27645,38244,562,783,8305,11705,432893,582888,40103,69573,8765,12105,29211,40250,1152,1563,47122,70733,41538,62194,1816,2673,2070,3169,344,573,99,156,1255,1968,42681,64015,2217,3349,2945,4520,527,852,184,250
R,5,2026,85,1136212,467146,669066,394378,552911,34343,62001,4524,6416,25026,34916,597,783,8278,12039,401827,563610,36374,65384,10150,14586,26578,36963,1168,1607,425420,604123,357573,495713,32738,59450,2737,3652,24713,34401,515,645,7144,10262,363990,504803,34378,62184,7581,10630,26100,36194,1006,1365,41726,64943,36805,57198,1605,2551,1787,2764,313,515,82,138,1134,1777,37837,58807,1996,3200,2569,3956,478,769,162,242
R,5,2026,86,995589,401858,593731,337705,489570,29869,55427,3969,5745,22642,31527,479,733,7194,10729,344148,499066,31616,58489,8808,12937,24019,33362,999,1507,364843,534448,305112,437316,28412,53036,2346,3280,22354,31043,382,599,6237,9174,310684,445377,29839,55531,6518,9451,23602,32660,856,1281,37015,59283,32593,52254,1457,2391,1623,2465,288,484,97,134,957,1555,33464,53689,1777,2958,2290,3486,417,702,143,226
R,5,2026,87,884758,353154,531604,298326,441082,25193,47655,3434,5246,19565,27518,389,632,6247,9471,303946,449524,26732,50297,7593,11657,20798,29072,839,1274,321082,479257,269998,394892,23958,45560,2019,3058,19324,27113,320,516,5463,8118,274899,402084,25214,47722,5652,8567,20441,28488,730,1097,32072,52347,28328,46190,1235,2095,1415,2188,241,405,69,116,784,1353,29047,47440,1518,2575,1941,3090,357,584,109,177
R,5,2026,88,774354,303766,470588,256363,390227,21505,42193,2912,4488,17085,24893,367,537,5534,8250,261338,397551,22902,44569,6614,9915,18139,26366,752,1107,276376,424775,232037,349717,20484,40352,1808,2623,16876,24537,314,443,4857,7103,236402,355980,21636,42334,5064,7296,17827,25840,648,951,27390,45813,24326,40510,1021,1841,1104,1865,209,356,53,94,677,1147,24936,41571,1266,2235,1550,2619,312,526,104,156
R,5,2026,89,652150,251056,401094,211286,332439,17591,35705,2417,3873,14789,21433,292,480,4681,7164,215493,338723,18797,37792,5467,8535,15721,22777,655,1018,227875,361168,190679,297107,16723,34154,1482,2235,14620,21115,256,391,4115,6166,194366,302477,17725,35911,4162,6238,15468,22305,583,867,23181,39926,20607,35332,868,1551,935,1638,169,318,36,89,566,998,21127,36246,1072,1881,1305,2297,253,472,72,151
R,5,2026,90,564961,213713,351248,180029,290654,15077,31557,2065,3413,12318,18916,216,383,4008,6325,183628,296252,16120,33435,4587,7536,13181,20064,537,835,194179,316653,162663,260016,14360,30261,1271,2004,12175,18606,178,320,3532,5446,165827,264818,15234,31819,3476,5565,12957,19619,473,717,19534,34595,17366,30638,717,1296,794,1409,143,310,38,63,476,879,17801,31434,886,1616,1111,1971,224,445,64,118
R,5,2026,91,485604,179831,305773,151617,253201,12395,27090,1784,3023,10480,16525,242,350,3313,5584,154580,258109,13269,28678,3856,6626,11179,17599,503,773,163169,275684,136743,226546,11771,25922,1129,1766,10378,16279,211,297,2937,4874,139356,230804,12514,27247,2950,4921,11027,17250,447,682,16662,30089,14874,26655,624,1168,655,1257,102,246,31,53,376,710,15224,27305,755,1431,906,1705,152,349,56,91
R,5,2026,92,382860,138981,243879,116859,201295,9582,21687,1389,2315,8274,13777,177,286,2700,4519,119275,205235,10265,23004,3083,5224,8883,14688,386,646,125958,219903,105241,179980,9126,20722,865,1420,8178,13586,147,240,2401,3955,107381,183422,9715,21819,2355,3969,8732,14408,332,562,13023,23976,11618,21315,456,965,524,895,96,191,30,46,299,564,11894,21813,550,1185,728,1255,151,280,54,84
R,5,2026,93,325547,115454,210093,97059,173543,7872,18265,1103,2071,6987,12128,133,259,2300,3827,99122,176881,8459,19382,2520,4508,7514,12888,328,583,105126,189933,87843,155591,7505,17481,718,1309,6903,11958,114,221,2043,3373,89670,158527,8008,18428,1968,3457,7389,12644,296,516,10328,20160,9216,17952,367,784,385,762,84,170,19,38,257,454,9452,18354,451,954,552,1051,125,244,32,67
R,5,2026,94,268144,93023,175121,78696,145637,5909,14484,895,1684,5527,9818,98,222,1898,3276,80382,148463,6429,15473,2050,3758,5951,10476,263,510,84570,158683,71123,130948,5631,13874,560,1077,5465,9695,85,188,1706,2901,72639,133435,6091,14727,1587,2908,5853,10301,235,452,8453,16438,7573,14689,278,610,335,607,62,123,13,34,192,375,7743,15028,338,746,463,850,98,175,28,58
R,5,2026,95,217826,73360,144466,61911,119890,4626,11734,730,1380,4526,8489,98,175,1469,2798,63230,122291,5031,12563,1613,3162,4881,9061,222,431,66634,130694,55907,107607,4397,11209,467,866,4476,8383,84,151,1303,2478,57076,109718,4743,11920,1243,2440,4795,8903,194,382,6726,13772,6004,12283,229,525,263,514,50,106,14,24,166,320,6154,12573,288,643,370,722,86,158,28,49
R,5,2026,96,172813,56504,116309,47408,96145,3557,9562,612,1077,3701,7107,64,146,1162,2272,48418,98110,3882,10250,1311,2500,3975,7578,182,350,51356,105361,42803,86401,3387,9142,404,690,3665,7009,53,128,1044,1991,43708,88108,3663,9725,1027,1936,3919,7432,162,315,5148,10948,4605,9744,170,420,208,387,36,98,11,18,118,281,4710,10002,219,525,284,564,56,146,20,35
R,5,2026,97,126861,40175,86686,33557,71608,2607,7065,421,775,2650,5367,48,110,892,1761,34341,73114,2878,7624,969,1848,2857,5742,132,281,36497,78783,30279,64580,2482,6741,278,510,2622,5291,41,99,795,1562,30981,65905,2712,7232,761,1448,2813,5633,117,249,3678,7903,3278,7028,125,324,143,265,28,76,7,11,97,199,3360,7209,166,392,208,400,44,109,15,32
R,5,2026,98,96536,29531,67005,24585,55168,1875,5391,324,683,1992,4285,46,83,709,1395,25198,56350,2086,5824,722,1553,2170,4579,115,218,26886,61133,22235,49950,1784,5153,220,460,1978,4235,41,72,628,1263,22779,51014,1961,5536,570,1254,2144,4503,99,196,2645,5872,2350,5218,91,238,104,223,14,50,5,11,81,132,2419,5336,125,288,152,299,26,76,16,22
R,5,2026,99,69514,20559,48955,16898,40045,1395,3996,222,485,1472,3309,21,69,551,1051,17383,40940,1561,4328,546,1121,1600,3530,72,187,18737,44747,15282,36296,1340,3819,147,347,1457,3275,16,60,495,950,15719,37104,1481,4115,443,912,1577,3482,59,169,1822,4208,1616,3749,55,177,75,138,15,34,5,9,56,101,1664,3836,80,213,103,209,23,48,13,18
R,5,2026,100,130488,35758,94730,27879,74524,2718,8496,536,1198,3394,7698,78,168,1153,2646,28831,76663,3096,9450,1162,2716,3731,8315,247,490,32491,86808,25017,67532,2598,8146,408,920,3357,7630,65,148,1046,2432,25882,69493,2934,9001,966,2311,3667,8193,214,436,3267,7922,2862,6992,120,350,128,278,37,68,13,20,107,214,2949,7170,162,449,196,405,64,122,33,54
R,6,2026,999,342541458,168041001,174500457,122006789,125104744,22176530,24287169,3593729,3501320,11485910,12512281,482109,484022,8295934,8610921,129638112,133010621,25435204,27711221,6957431,7111151,14107517,15133573,1024321,1024823,132749601,138941004,94189147,96964817,19980296,22052971,1164068,1202389,11003352,12020995,354792,354965,6057946,6344867,99767936,102796033,22286278,24502693,3407496,3670471,13072320,14090115,744005,743043,35291400,35559453,27817642,28139927,2196234,2234198,2429661,2298931,482558,491286,127317,129057,2237988,2266054,29870176,30214588,3148926,3208528,3549935,3440680,1035197,1043458,280316,281780
R,6,2026,0,3616055,1849313,1766742,1206141,1150674,292807,283622,46588,44487,113050,105920,6861,6643,183866,175396,1378358,1314680,382182,369588,98012,93631,177702,167170,17455,16718,1307903,1247299,818836,778603,246220,238807,11660,11349,102484,95712,4638,4444,124065,118384,935680,889957,306190,296772,40379,38631,149368,140110,11167,10501,541410,519443,387305,372071,46587,44815,34928,33138,10566,10208,2223,2199,59801,57012,442678,424723,75992,72816,57633,55000,28334,27060,6288,6217
R,6,2026,1,3633539,1858143,1775396,1209962,1154307,293931,284515,47201,45086,115927,108957,6932,6760,184190,175771,1382459,1318641,383402,370587,98651,94270,180813,170469,17550,16860,1311567,1251037,818716,778437,246995,239440,11657,11346,105277,98671,4688,4528,124234,118615,935691,889987,306948,297416,40344,38601,152390,143327,11236,10605,546576,524359,391246,375870,46936,45075,35544,33740,10650,10286,2244,2232,59956,57156,446768,428654,76454,73171,58307,55669,28423,27142,6314,6255
R,6,2026,2,3659012,1870454,1788558,1214108,1159243,296318,286931,48233,46111,120240,113395,6974,6903,184581,175975,1386935,1323749,385899,373004,99735,95287,185395,175137,17618,16999,1315395,1255581,816662,776896,248669,241255,11587,11269,109436,102967,4724,4606,124317,118588,933692,888399,308517,299071,40202,38420,156804,147845,11289,10690,555059,532977,397446,382347,47649,45676,36646,34842,10804,10428,2250,2297,60264,57387,453243,435350,77382,73933,59533,56867,28591,27292,6329,6309
R,6,2026,3,3745710,1912448,1833262,1238144,1183815,306198,296596,49406,48142,125018,118572,7207,7213,186475,178924,1412728,1351046,396637,384048,101273,98069,191002,181478,17941,17478,1348662,1288378,833361,793160,258360,250448,11923,11630,114020,107929,4793,4663,126205,120548,952134,906470,318997,309100,40891,39151,162309,153761,11466,10845,563786,544884,404783,390655,47838,46148,37483,36512,10998,10643,2414,2550,60270,58376,460594,444576,77640,74948,60382,58918,28693,27717,6475,6633
R,6,2026,4,3811060,1945289,1865771,1260616,1205471,312509,304594,47702,45875,128793,122189,7238,6961,188431,180681,1437029,1374346,403928,392839,99977,96128,195535,185851,18050,17292,1386948,1325595,858302,815873,265336,258847,12329,11694,118083,111803,4840,4587,128058,122791,978807,931272,326809,318507,41680,39697,167193,158596,11602,10892,558341,540176,402314,389598,47173,45747,35373,34181,10710,10386,2398,2374,60373,57890,458222,443074,77119,74332,58297,56431,28342,27255,6448,6400
R,6,2026,5,3718455,1900381,1818074,1230395,1171484,309490,301154,45505,43928,126415,120351,6664,6307,181912,174850,1400711,1334918,397709,386591,95914,92520,190904,181947,17102,16285,1369537,1305364,846416,800645,265596,258713,12366,11932,116595,110706,4621,4272,123943,119096,963037,912574,325047,316559,40742,39090,164195,156121,11171,10384,530844,512710,383979,370839,43894,42441,33139,31996,9820,9645,2043,2035,57969,55754,437674,422344,72662,70032,55172,53430,26709,25826,5931,5901
R,6,2026,6,3851641,1966279,1885362,1288358,1229774,306416,299159,47872,45711,130723,125046,7035,6657,185875,179015,1462402,1397166,396628,386720,99099,95188,196706,188093,17673,16807,1434784,1373885,900954,856305,265017,259454,14328,13790,121178,115736,4899,4674,128408,123926,1021774,972784,326706,319740,43733,42075,170393,162868,11686,11023,531495,511477,387404,373469,41399,39705,33544,31921,9545,9310,2136,1983,57467,55089,440628,424382,69922,66980,55366,53113,26313,25225,5987,5784
R,6,2026,7,3900534,1988641,1911893,1311165,1254499,308922,302593,48706,47040,129195,124263,7209,6960,183444,176538,1482930,1419559,397395,388192,99696,96154,194119,186570,17947,17105,1457221,1397294,921496,876607,268213,263519,15133,14707,119814,115074,5063,5001,127502,122386,1041424,991545,329306,322735,44462,42832,168549,161491,11922,11451,531420,514599,389669,377892,40709,39074,33573,32333,9381,9189,2146,1959,55942,54152,441506,428014,68089,65457,55234,53322,25570,25079,6025,5654
R,6,2026,8,3970399,2026029,1944370,1338225,1278666,316394,309276,50086,48167,131594,126365,7491,6816,182239,175080,1508760,1442226,403690,393812,101417,97361,196113,188082,18341,16967,1489306,1424396,943096,896050,275936,269798,15424,14867,122314,117223,5336,4839,127200,121619,1062644,1010243,336591,328351,45115,42949,170847,163448,12341,11254,536723,519974,395129,382616,40458,39478,34662,33300,9280,9142,2155,1977,55039,53461,446116,431983,67099,65461,56302,54412,25266,24634,6000,5713
R,6,2026,9,4029369,2057627,1971742,1363996,1301247,316994,309139,51447,49822,136102,129996,7621,7125,181467,174413,1533392,1463994,402715,392823,103472,100123,200450,190972,18585,17469,1512127,1443134,960562,911011,276301,269315,16185,15638,126623,120907,5412,5071,127044,121192,1079717,1024677,335951,327383,46386,44581,175253,166482,12505,11648,545500,528608,403434,390236,40693,39824,35262,34184,9479,9089,2209,2054,54423,53221,453675,439317,66764,65440,57086,55542,25197,24490,6080,5821
R,6,2026,10,4104503,2095859,2008644,1401532,1336370,317931,310873,52544,51117,134508,128932,7535,7203,181809,174149,1571373,1498856,403126,393499,105784,102091,198549,189753,18553,17666,1538883,1471505,987523,936811,277429,271419,16459,16181,125015,119897,5358,5140,127099,122057,1106827,1051251,336875,329422,47439,45912,173112,165618,12418,11867,556976,537139,414009,399559,40502,39454,36085,34936,9493,9035,2177,2063,54710,52092,464546,447605,66251,64077,58345,56179,25437,24135,6135,5799
R,6,2026,11,4125425,2107032,2018393,1408081,1344028,322260,313061,53084,51623,136800,129683,7430,7262,179377,172736,1575629,1505161,406118,395012,106402,102953,199467,189315,18082,17435,1551779,1481762,993750,944438,281894,273453,16911,16204,127459,120923,5325,5147,126440,121597,1112400,1058409,340887,331315,48343,46221,174870,165966,12277,11728,555253,536631,414331,399590,40366,39608,36173,35419,9341,8760,2105,2115,52937,51139,463229,446752,65231,63697,58059,56732,24597,23349,5805,5707
R,6,2026,12,4102069,2096384,2005685,1406491,1340720,319632,310565,53258,51183,134125,127667,7483,7203,175395,168347,1570369,1497770,400936,389984,106265,102115,195186,185332,18059,17280,1546066,1473889,995101,943451,279780,271424,16832,16182,124825,118988,5314,5061,124214,118783,1111686,1054825,337277,327828,48298,46195,171243,162492,12248,11646,550318,531796,411390,397269,39852,39141,36426,35001,9300,8679,2169,2142,51181,49564,458683,442945,63659,62156,57967,55920,23943,22840,5811,5634
R,6,2026,13,4115147,2100898,2014249,1408953,1347267,319423,310751,53981,51724,138583,131228,7643,7191,172315,166088,1569619,1501951,398760,387991,106999,103199,198544,188195,18103,17145,1550027,1480723,995877,946680,279830,272407,17102,16323,129549,122547,5417,5071,122252,117695,1110489,1056818,336051,327370,48664,46864,175183,165829,12293,11594,550871,533526,413076,400587,39593,38344,36879,35401,9034,8681,2226,2120,50063,48393,459130,445133,62709,60621,58335,56335,23361,22366,5810,5551
R,6,2026,14,4126057,2108725,2017332,1421057,1355517,321143,310816,55238,52504,134437,127763,7430,7112,169420,163620,1578967,1507925,398744,386255,108492,103954,192630,183494,17778,17029,1552868,1481188,1003090,951483,281495,273010,17062,16416,125431,119251,5259,4952,120531,116076,1115982,1060056,336847,326812,48961,47128,169823,161687,12100,11534,555857,536144,417967,404034,39648,37806,38176,36088,9006,8512,2171,2160,48889,47544,462985,447869,61897,59443,59531,56826,22807,21807,5678,5495
R,6,2026,15,4186693,2141369,2045324,1448002,1377359,327456,316669,55678,53821,133026,126394,7501,7397,169706,163684,1606151,1529672,404398,391707,110216,106509,190874,181795,17808,17332,1571012,1495553,1016330,962420,287485,277980,17192,16558,124027,117684,5331,5086,120647,115825,1129293,1070626,342414,331389,49926,48009,168044,159728,12210,11565,570357,549771,431672,414939,39971,38689,38486,37263,8999,8710,2170,2311,49059,47859,476858,459046,61984,60318,60290,58500,22830,22067,5598,5767
R,6,2026,16,4286176,2192162,2094014,1487960,1415553,334984,323395,56144,53575,133237,127585,7472,7272,172365,166634,1648654,1570733,413405,400299,111752,107289,191304,183063,17880,17350,1600289,1527385,1033477,980457,295325,285333,17285,17003,124680,119294,5216,4931,124306,120367,1149866,1093013,352106,341085,51271,50122,169581,162135,12266,11699,591873,566629,454483,435096,39659,38062,38859,36572,8557,8291,2256,2341,48059,46267,498788,477720,61299,59214,60481,57167,21723,20928,5614,5651
R,6,2026,17,4376479,2239614,2136865,1526026,1448314,341955,330381,57337,54847,134492,129072,7468,7363,172336,166888,1686280,1603695,420115,407188,113817,109299,191945,183849,18089,17498,1630226,1555945,1055277,999623,301539,292201,17861,17439,125826,120731,5089,4942,124634,121009,1171656,1112717,358611,348462,52628,51163,170342,163209,12247,11876,609388,580920,470749,448691,40416,38180,39476,37408,8666,8341,2379,2421,47702,45879,514624,490978,61504,58726,61189,58136,21603,20640,5842,5622
R,6,2026,18,4515822,2310538,2205284,1575802,1496572,350437,338836,60486,56968,141770,135755,7710,7368,174333,169785,1737866,1654257,429051,416419,118654,113820,199467,191378,18581,17624,1678715,1603571,1085886,1030585,309130,299970,18684,17785,132942,127164,5201,5023,126872,123044,1204251,1145375,366754,356857,54901,53002,178025,170152,12603,11975,631823,601713,489916,465987,41307,38866,41802,39183,8828,8591,2509,2345,47461,46741,533615,508882,62297,59562,63753,60818,21442,21226,5978,5649
R,6,2026,19,4530084,2321450,2208634,1588543,1504518,349169,336261,62500,57442,142907,136619,7796,7554,170535,166240,1746919,1658759,425204,411127,120758,114080,199049,190911,18362,17794,1683089,1605568,1094271,1035526,307801,297695,18435,17877,133940,128234,5183,5170,123459,121066,1209393,1148378,363087,352814,54516,53211,177685,170510,12411,12112,638361,603066,494272,468992,41368,38566,44065,39565,8967,8385,2613,2384,47076,45174,537526,510381,62117,58313,66242,60869,21364,20401,5951,5682
R,6,2026,20,4483774,2298791,2184983,1580709,1492507,338282,328859,61907,56960,145335,140280,7808,7375,164750,159002,1733695,1640073,410335,399115,119468,112034,199525,192450,17857,17135,1668561,1591717,1090754,1029727,298429,291077,18074,17535,136609,132237,5290,5084,119405,116057,1202099,1137902,350779,342960,53955,52154,179059,172925,12161,11782,630230,593266,489955,462780,39853,37782,43833,39425,8726,8043,2518,2291,45345,42945,531596,502171,59556,56155,65513,59880,20466,19525,5696,5353
R,6,2026,21,4491335,2303600,2187735,1586382,1497466,335801,323986,62233,57016,151296,147524,7907,7352,159981,154391,1734759,1640481,404398,391595,119283,111796,204264,197896,17750,16785,1675886,1598857,1097044,1036837,296549,286958,18139,17366,142861,139670,5396,5157,115897,112869,1204888,1141744,346235,336684,53808,51922,184422,179374,12162,11688,627714,588878,489338,460629,39252,37028,44094,39650,8435,7854,2511,2195,44084,41522,529871,498737,58163,54911,65475,59874,19842,18522,5588,5097
R,6,2026,22,4529288,2323662,2205626,1605200,1513667,335198,324494,62189,56136,156756,152829,8020,7353,156299,151147,1750046,1653923,401220,389642,118972,110827,208168,201875,17752,16554,1700345,1620229,1117606,1054273,296782,287985,18107,17226,148539,145141,5499,5152,113812,110452,1223493,1157069,344889,335774,53980,52040,189086,183752,12197,11540,623317,585397,487594,459394,38416,36509,44082,38910,8217,7688,2521,2201,42487,40695,526553,496854,56331,53868,64992,58787,19082,18123,5555,5014
R,6,2026,23,4506315,2311298,2195017,1594646,1504987,334486,324151,61959,55743,162424,157247,7885,7273,149898,145616,1733505,1639748,397077,385932,117583,109574,211540,204563,17183,16099,1694076,1614373,1110922,1048870,296019,287992,17794,16718,154570,149404,5530,5096,109241,106293,1212387,1147578,341721,333393,53072,50972,193264,186602,11987,11277,617222,580644,483724,456117,38467,36159,44165,39025,7854,7843,2355,2177,40657,39323,521118,492170,55356,52539,64511,58602,18276,17961,5196,4822
R,6,2026,24,4614701,2347143,2267558,1612305,1548102,347964,345347,60836,56166,175235,169430,7823,7690,142980,140823,1744287,1677762,407343,405525,114224,107962,222135,215220,17046,16752,1729455,1681443,1126360,1086673,308786,307728,17511,17138,167264,161543,5561,5422,103973,102939,1222567,1181711,352032,351860,51191,50140,204202,197653,12039,11821,617688,586115,485945,461429,39178,37619,43325,39028,7971,7887,2262,2268,39007,37884,521720,496051,55311,53665,63033,57822,17933,17567,5007,4931
R,6,2026,25,4908097,2483463,2424634,1702636,1656832,370858,369887,61397,56858,199801,193960,8483,8472,140288,138625,1831361,1784095,429083,429147,113074,106371,246462,240144,18109,17850,1853902,1823157,1206611,1180606,329786,331152,17999,17832,191392,185714,6187,6008,101927,101845,1300329,1274239,371950,374773,50676,49294,228259,222654,12968,12753,629561,601477,496025,476226,41072,38735,43398,39026,8409,8246,2296,2464,38361,36780,531032,509856,57133,54374,62398,57077,18203,17490,5141,5097
R,6,2026,26,4905016,2483114,2421902,1713215,1659184,365532,367778,60797,55295,201144,197372,8688,8391,133738,133882,1835886,1782032,420452,424893,110945,103423,245360,241962,17684,17189,1862507,1830977,1221983,1190271,325938,329565,17933,17160,192803,189206,6412,5919,97438,98856,1311521,1281196,365778,371782,49492,47864,228117,224965,12857,12137,620607,590925,491232,468913,39594,38213,42864,38135,8341,8166,2276,2472,36300,35026,524365,500836,54674,53111,61453,55559,17243,16997,4827,5052
R,6,2026,27,4770935,2414521,2356414,1675275,1620066,348665,351820,58427,53177,195306,194804,8471,8224,128377,128323,1792936,1737848,400689,405988,106907,99946,237842,237202,17353,16734,1815047,1784052,1200347,1165242,310628,315052,17041,16338,187112,186643,6171,5867,93748,94910,1286397,1252549,348507,355143,47818,46475,221066,220651,12531,11928,599474,572362,474928,454824,38037,36768,41386,36839,8194,8161,2300,2357,34629,33413,506539,485299,52182,50845,59089,53471,16776,16551,4822,4806
R,6,2026,28,4627237,2340746,2286491,1624441,1566132,336108,338873,56829,51692,193334,198598,8157,7929,121877,123267,1736145,1679200,385032,390505,103340,97142,233492,239064,16412,15895,1760877,1734755,1164754,1127016,299582,304150,16143,15578,185469,190653,5966,5657,88963,91701,1246330,1211330,335109,342555,45527,44802,217770,223568,11935,11452,579869,551736,459687,439116,36526,34723,40686,36114,7865,7945,2191,2272,32914,31566,489815,467870,49923,47950,57813,52340,15722,15496,4477,4443
R,6,2026,29,4528359,2288088,2240271,1589871,1531586,324885,329153,55965,50308,192301,201759,7750,7446,117316,120019,1697132,1641625,371246,378599,101427,95600,231155,240952,15724,15204,1717562,1698507,1137587,1100744,288983,295207,15458,14791,184720,194082,5626,5444,85188,88239,1215655,1181749,322209,331587,43944,43513,216004,225761,11369,10995,570526,541764,452284,430842,35902,33946,40507,35517,7581,7677,2124,2002,32128,31780,481477,459876,49037,47012,57483,52087,15151,15191,4355,4209
R,6,2026,30,4522100,2281073,2241027,1589325,1533646,320104,327686,56093,50248,193127,204535,7697,7366,114727,117546,1694244,1641254,364955,375433,100946,95598,230963,242753,15717,15103,1715863,1701824,1141591,1105021,284600,293659,15293,14593,185444,196638,5590,5502,83345,86411,1217967,1184289,316634,328603,43466,43413,216034,227643,11392,11123,565210,539203,447734,428625,35504,34027,40800,35655,7683,7897,2107,1864,31382,31135,476277,456965,48321,46830,57480,52185,14929,15110,4325,3980
R,6,2026,31,4548260,2288677,2259583,1596140,1545203,324624,336876,55931,50305,192036,203768,7840,7442,112106,115989,1698288,1651040,368001,383801,100718,95509,228872,241268,15747,15334,1727691,1720645,1151827,1116762,289220,302070,15387,14779,184272,196038,5775,5496,81210,85500,1225837,1194875,320107,336290,43516,43848,214111,226623,11525,11264,560986,538938,444313,428441,35404,34806,40544,35526,7764,7730,2065,1946,30896,30489,472451,456165,47894,47511,57202,51661,14761,14645,4222,4070
R,6,2026,32,4579435,2300354,2279081,1604763,1555792,328606,345866,55394,50747,193844,203984,7726,7442,110021,115250,1704799,1661021,370212,391827,99988,96884,230163,240960,15829,15249,1745787,1742914,1164416,1130037,293960,311216,15550,15067,186388,196248,5688,5436,79785,84910,1236961,1207698,323560,344653,43467,44898,216024,226344,11618,11150,554567,536167,440347,425755,34646,34650,39844,35680,7456,7736,2038,2006,30236,30340,467838,453323,46652,47174,56521,51986,14139,14616,4211,4099
R,6,2026,33,4633562,2324477,2309085,1622293,1575678,333500,353563,56534,51705,197006,206639,7841,7532,107303,113968,1719729,1679534,373743,398328,100796,98641,232183,242840,15721,15235,1772418,1774789,1184147,1152036,298613,318784,15955,15511,189702,199000,5854,5441,78147,84017,1255132,1228678,327287,351064,44018,46142,218408,228645,11661,11097,552059,534296,438146,423642,34887,34779,40579,36194,7304,7639,1987,2091,29156,29951,464597,450856,46456,47264,56778,52499,13775,14195,4060,4138
R,6,2026,34,4701589,2354744,2346845,1652004,1608489,333960,358074,56703,52030,197853,207670,7679,7385,106545,113197,1748984,1711654,372534,401287,102060,99945,232420,243405,15501,15049,1804352,1814529,1214554,1186341,299454,322728,16491,16146,190591,200265,5705,5502,77557,83547,1285166,1262618,326635,353775,45487,47685,218884,229478,11532,11137,550392,532316,437450,422148,34506,35346,40212,35884,7262,7405,1974,1883,28988,29650,463818,449036,45899,47512,56573,52260,13536,13927,3969,3912
R,6,2026,35,4790105,2395749,2394356,1684688,1641688,338961,366843,57328,52496,201947,212794,7995,7716,104830,112819,1779495,1744385,376516,409188,102355,101193,236469,248482,15851,15503,1847323,1864448,1249719,1222669,304213,331387,16815,16432,194513,205220,5972,5738,76091,83002,1318612,1298339,330412,361450,45440,48448,222843,234390,11774,11538,548426,529908,434969,419019,34748,35456,40513,36064,7434,7574,2023,1978,28739,29817,460883,446046,46104,47738,56915,52745,13626,14092,4077,3965
R,6,2026,36,4803025,2397646,2405379,1690887,1652548,338272,367425,56154,51967,202570,214806,7808,7641,101955,110992,1783376,1753464,373827,407994,100453,101365,236166,249454,15479,15219,1861012,1882814,1264082,1238638,304497,332377,16748,16540,195473,207679,5815,5678,74397,81902,1331593,1313158,329137,360978,45346,49459,223164,236170,11550,11408,536634,522565,426805,413910,33775,35048,39406,35427,7097,7127,1993,1963,27558,29090,451783,440306,44690,47016,55107,51906,13002,13284,3929,3811
R,6,2026,37,4663475,2323842,2339633,1644147,1610806,321794,352530,53649,50365,199522,213416,7511,7213,97219,105303,1732301,1706413,355166,390273,96642,97819,231426,246544,14782,14448,1813900,1840002,1238569,1214081,290002,319318,16121,16261,192702,206587,5607,5351,70899,78404,1302804,1285250,313028,346094,43813,48274,219068,234115,11167,10855,509942,499631,405578,396725,31792,33212,37528,34104,6820,6829,1904,1862,26320,26899,429497,421163,42138,44179,52829,49545,12358,12429,3615,3593
R,6,2026,38,4583241,2279822,2303419,1625093,1597300,308100,339674,53455,49402,192306,207633,7278,7190,93590,102220,1709976,1690191,339250,376019,95425,96400,222915,239298,14339,14212,1777498,1811396,1224460,1206162,277432,307527,15881,15601,185716,200977,5380,5316,68629,75813,1286671,1275170,299009,333097,43101,47239,211232,227144,10763,10654,502324,492023,400633,391138,30668,32147,37574,33801,6590,6656,1898,1874,24961,26407,423305,415021,40241,42922,52324,49161,11683,12154,3576,3558
R,6,2026,39,4523159,2249627,2273532,1613182,1584644,300839,331651,51993,48671,186443,201979,7223,6977,89947,99610,1694576,1675188,330500,366461,93352,95612,215726,232576,14071,13656,1757831,1789243,1220103,1199237,270981,300523,15454,15249,180057,195358,5389,5121,65847,73755,1279573,1266285,291484,324854,42275,46952,204472,220784,10671,10169,491796,484289,393079,385407,29858,31128,36539,33422,6386,6621,1834,1856,24100,25855,415003,408903,39016,41607,51077,48660,11254,11792,3400,3487
R,6,2026,40,4546499,2260844,2285655,1627309,1600385,298560,330245,52324,48904,185988,201853,7119,6898,89544,97370,1708427,1688765,327407,363296,94253,95886,214940,231372,14050,13614,1768600,1804315,1233755,1215988,268850,300010,15156,15499,179661,195348,5382,5168,65796,72302,1293371,1281637,288539,323073,42786,47629,203817,219815,10636,10271,492244,481340,393554,384397,29710,30235,37168,33405,6327,6505,1737,1730,23748,25068,415056,407128,38868,40223,51467,48257,11123,11557,3414,3343
R,6,2026,41,4507603,2239314,2268289,1618705,1593211,292461,324475,51320,48806,183884,200418,6980,6874,85964,94505,1696500,1678990,319355,355740,92477,95697,211547,228582,13606,13422,1757768,1793004,1232969,1213162,264367,295160,14778,15446,177616,194132,5225,5201,62813,69903,1289768,1276614,282603,316775,41818,47408,200621,217536,10272,10183,481546,475285,385736,380049,28094,29315,36542,33360,6268,6286,1755,1673,23151,24602,406732,402376,36752,38965,50659,48289,10926,11046,3334,3239
R,6,2026,42,4392932,2177755,2215177,1576552,1556931,281371,315843,50425,47442,180089,196673,6767,6749,82551,91539,1650965,1639759,306952,345636,90821,93907,206310,223746,13261,13253,1709609,1749911,1201521,1183434,253980,287835,14608,14973,174059,190643,5086,5025,60355,68001,1255807,1244938,271412,308488,41227,47014,195832,213026,10088,10021,468146,465266,375031,373497,27391,28008,35817,32469,6030,6030,1681,1724,22196,23538,395158,394821,35540,37148,49594,46893,10478,10720,3173,3232
R,6,2026,43,4436053,2192577,2243476,1592687,1581988,283465,318574,50974,48562,176234,195937,6540,6655,82677,91760,1667471,1664885,308806,348015,92350,96346,201590,222408,12940,13111,1724604,1771174,1217102,1202510,256412,290343,14923,15374,170481,189929,4863,4988,60823,68030,1272038,1263948,273787,310744,42615,48395,191575,211791,9762,9911,467973,472302,375585,379478,27053,28231,36051,33188,5753,6008,1677,1667,21854,23730,395433,400937,35019,37271,49735,47951,10015,10617,3178,3200
R,6,2026,44,4384061,2161914,2222147,1576349,1570783,278833,315221,50000,47672,170730,192138,6449,6568,79553,89765,1648130,1651837,303137,344184,90419,95061,194804,217513,12657,12858,1701361,1754570,1206479,1194654,252254,287334,14513,14768,165006,186184,4822,4837,58287,66793,1258928,1255019,268972,307454,41493,47738,184937,207119,9633,9644,460553,467577,369870,376129,26579,27887,35487,32904,5724,5954,1627,1731,21266,22972,389202,396818,34165,36730,48926,47323,9867,10394,3024,3214
R,6,2026,45,4357792,2149906,2207886,1571790,1564600,279857,315965,49840,47577,163200,185451,6444,6359,78775,87934,1642763,1644097,303766,344228,90522,94578,186522,209774,12513,12389,1692632,1743487,1204063,1190594,254046,288412,14511,14907,157524,179543,4721,4727,57767,65304,1256006,1249628,270451,308114,41782,47611,176864,199620,9370,9283,457274,464399,367727,374006,25811,27553,35329,32670,5676,5908,1723,1632,21008,22630,386757,394469,33315,36114,48740,46967,9658,10154,3143,3106
R,6,2026,46,4323184,2132028,2191156,1558288,1550152,281939,317652,49100,47336,159455,182732,6481,6566,76765,86718,1627463,1628357,305177,345471,89434,94098,181680,206495,12327,12638,1678139,1730315,1191870,1178932,256836,290384,14401,14941,153897,177017,4840,4805,56295,64236,1242461,1236821,272666,309628,41599,47538,172357,196574,9410,9424,453889,460841,366418,371220,25103,27268,34699,32395,5558,5715,1641,1761,20470,22482,385002,391536,32511,35843,47835,46560,9323,9921,2917,3214
R,6,2026,47,4111452,2022639,2088813,1480559,1479849,265762,300886,46559,44716,151504,175663,6063,5975,72192,81724,1545570,1553503,287323,326963,84884,88961,172277,197919,11507,11569,1596177,1651727,1135971,1127095,242419,275349,13648,13855,146410,170216,4522,4366,53207,60846,1183842,1181925,257179,293298,39698,44961,163676,188644,8724,8631,426462,437086,344588,352754,23343,25537,32911,30861,5094,5447,1541,1609,18985,20878,361728,371578,30144,33665,45186,44000,8601,9275,2783,2938
R,6,2026,48,4016437,1971816,2044621,1451525,1457015,254139,288978,44942,44222,145822,169519,5633,5823,69755,79064,1514482,1528288,274654,313603,82396,87602,165902,191151,10663,11150,1553710,1613832,1111894,1108012,231935,264477,13238,14004,140941,164200,4243,4273,51459,58866,1158272,1161029,245898,281571,38771,44533,157705,182035,8097,8408,418106,430789,339631,349003,22204,24501,31704,30218,4881,5319,1390,1550,18296,20198,356210,367259,28756,32032,43625,43069,8197,9116,2566,2742
R,6,2026,49,3945901,1933817,2012084,1424103,1432964,247966,284781,44093,42999,144561,169073,5534,5711,67560,76556,1484974,1501978,267675,308399,81005,85780,163611,189735,10544,10854,1525229,1586726,1091338,1086769,226557,260950,13377,13859,139761,163896,4123,4213,50073,57039,1136339,1138124,239972,277242,38774,43991,155723,180997,7980,8144,408588,425358,332765,346195,21409,23831,30716,29140,4800,5177,1411,1498,17487,19517,348635,363854,27703,31157,42231,41789,7888,8738,2564,2710
R,6,2026,50,3837024,1879203,1957821,1381856,1395308,239816,274737,42610,41503,144634,168009,5216,5448,65071,72816,1440435,1460773,258153,297027,78743,82486,162742,187395,10006,10285,1481518,1542839,1057244,1055751,219166,252244,12799,13280,140029,162946,3977,4033,48303,54585,1100657,1104768,231732,267825,37767,42330,155219,179100,7715,7798,397685,414982,324612,339557,20650,22493,29811,28223,4605,5063,1239,1415,16768,18231,339778,356005,26421,29202,40976,40156,7523,8295,2291,2487
R,6,2026,51,3867208,1894536,1972672,1398648,1412234,239898,273547,41548,41455,146344,168972,5107,5211,62991,71253,1455288,1476392,257607,294723,76906,81945,163632,188068,9602,9781,1504631,1563973,1079114,1076923,219974,251918,12848,13456,141823,164121,3865,3893,47007,53662,1121292,1125117,232333,266741,37490,42363,156255,180104,7335,7407,389905,408699,319534,335311,19924,21629,28700,27999,4521,4851,1242,1318,15984,17591,333996,351275,25274,27982,39416,39582,7377,7964,2267,2374
R,6,2026,52,3773106,1845786,1927320,1362798,1379678,233280,266854,40251,39751,144053,166812,4872,5147,60532,69078,1417241,1441828,250006,287204,74548,79250,160674,185272,9182,9604,1472222,1532558,1055712,1054733,214715,246286,12540,13274,139827,162182,3711,3786,45717,52297,1096693,1101691,226444,260599,36923,41733,153847,177647,7060,7254,373564,394762,307086,324945,18565,20568,27711,26477,4226,4630,1161,1361,14815,16781,320548,340137,23562,26605,37625,37517,6827,7625,2122,2350
R,6,2026,53,3843352,1873864,1969488,1383628,1409678,240337,275998,40000,39972,144575,169641,4906,5043,60418,69156,1437972,1471774,256777,296315,74487,79798,161025,187808,9151,9561,1505772,1577396,1080809,1086410,222196,255594,12925,13607,140394,165010,3724,3771,45724,53004,1121763,1133925,233737,270085,37517,42781,154267,180312,7116,7299,368092,392092,302819,323268,18141,20404,27075,26365,4181,4631,1182,1272,14694,16152,316209,337849,23040,26230,36970,37017,6758,7496,2035,2262
R,6,2026,54,3992753,1946035,2046718,1452946,1481833,244256,282394,39512,39427,143113,167910,4813,4979,61395,70175,1508202,1545060,260705,302360,75363,80802,159148,185741,9136,9488,1584599,1660290,1154369,1162589,226765,262579,13381,13778,138995,163324,3646,3726,47443,54294,1196960,1211371,238632,277001,39703,44553,152661,178455,7085,7277,361436,386428,298577,319244,17491,19815,26131,25649,4118,4586,1167,1253,13952,15881,311242,333689,22073,25359,35660,36249,6487,7286,2051,2211
R,6,2026,55,4227851,2062579,2165272,1557262,1586150,256307,296248,39567,40038,140619,165226,5018,5040,63806,72570,1614795,1651546,273103,316717,77673,83649,156726,182874,9470,9688,1699452,1779385,1257142,1266993,238583,276413,13771,14560,136477,160768,3823,3853,49656,56798,1301873,1318018,250641,291352,42168,47751,150206,175696,7377,7593,363127,385887,300120,319157,17724,19835,25796,25478,4142,4458,1195,1187,14150,15772,312922,333528,22462,25365,35505,35898,6520,7178,2093,2095
R,6,2026,56,4159109,2027571,2131538,1538605,1571612,247673,284431,38321,38583,137276,161935,4767,4984,60929,69993,1593525,1634637,263601,303970,74960,81098,152270,178742,9174,9598,1673868,1758842,1245597,1262928,230433,265554,13165,14235,133386,157635,3661,3845,47626,54645,1288412,1312002,242059,279865,40707,46429,146195,171794,7240,7564,353703,372696,293008,308684,17240,18877,25156,24348,3890,4300,1106,1139,13303,15348,305113,322635,21542,24105,34253,34669,6075,6948,1934,2034
R,6,2026,57,4000792,1944334,2056458,1481076,1522018,233471,270625,36420,36934,131824,156191,4438,4850,57105,65840,1532702,1581343,248091,288755,71229,77604,145736,171491,8388,9048,1609614,1702567,1202787,1228404,217529,252863,12988,13924,128240,152222,3439,3698,44631,51456,1243062,1274689,228110,265868,39247,45053,140068,165117,6633,7038,334720,353891,278289,293614,15942,17762,23432,23010,3584,3969,999,1152,12474,14384,289640,306654,19981,22887,31982,32551,5668,6374,1755,2010
R,6,2026,58,3894137,1888153,2005984,1440105,1484999,231007,270671,35317,35405,123709,147831,4383,4723,53632,62355,1488441,1541078,244729,287978,68436,74155,136355,162018,8106,8825,1563827,1662420,1170154,1198893,215573,253412,12694,13637,120163,143974,3418,3655,41825,48849,1207710,1242733,225440,265967,37825,43388,130847,155856,6443,6972,324326,343564,269951,286106,15434,17259,22623,21768,3546,3857,965,1068,11807,13506,280731,298345,19289,22011,30611,30767,5508,6162,1663,1853
R,6,2026,59,3898239,1884145,2014094,1449335,1504981,228584,270994,34030,34695,115576,137554,4460,4610,52160,61260,1496421,1560213,241801,287819,66730,73420,127470,150736,8063,8539,1571548,1682306,1188125,1228268,214113,254218,12778,13829,112248,133956,3457,3569,40827,48466,1224908,1271870,223682,266656,37596,43939,122330,145050,6417,6723,312597,331788,261210,276713,14471,16776,21252,20866,3328,3598,1003,1041,11333,12794,271513,288343,18119,21163,29134,29481,5140,5686,1646,1816
R,6,2026,60,3976024,1918871,2057153,1473747,1535068,236951,281143,34067,35092,117197,139592,4373,4712,52536,61546,1520821,1590281,250418,298049,67307,74294,128914,152823,8129,8695,1609110,1727910,1214817,1260197,222152,264744,13234,14390,113960,136061,3422,3686,41525,48832,1251916,1303935,231946,277161,38979,45076,123891,147178,6485,6899,309761,329243,258930,274871,14799,16399,20833,20702,3237,3531,951,1026,11011,12714,268905,286346,18472,20888,28328,29218,5023,5645,1644,1796
R,6,2026,61,4133252,1987345,2145907,1540543,1619240,239957,285920,34015,34832,115756,138643,4217,4754,52857,62518,1588158,1675476,252922,302823,67975,75274,127310,151518,7877,8714,1685320,1821856,1287325,1347592,225949,269775,13711,15200,112673,135229,3284,3757,42378,50303,1325407,1392781,235589,282467,40378,47383,122573,146093,6302,7008,302025,324051,253218,271648,14008,16145,20304,19632,3083,3414,933,997,10479,12215,262751,282695,17333,20356,27597,27891,4737,5425,1575,1706
R,6,2026,62,4199691,2013066,2186625,1568999,1660828,236663,283412,33231,34262,117241,141133,4035,4484,52897,62506,1616672,1717067,249568,299685,67778,75284,128397,153975,7645,8437,1724153,1872232,1326733,1396987,223134,267730,13914,15300,114339,137954,3235,3488,42798,50773,1365189,1442575,232815,280049,41457,48336,123894,148910,6218,6752,288913,314393,242266,263841,13529,15682,19317,18962,2902,3179,800,996,10099,11733,251483,274492,16753,19636,26321,26948,4503,5065,1427,1685
R,6,2026,63,4180774,1998639,2182135,1564014,1666260,230397,278702,32012,33109,116850,138420,3916,4436,51450,61208,1610372,1721329,242624,294679,65797,73539,127759,150668,7344,8214,1724028,1880855,1333037,1412747,217860,264166,13907,15201,114034,135192,3133,3558,42057,49991,1370855,1457624,227109,276394,41150,47977,123448,145663,6022,6686,274611,301280,230977,253513,12537,14536,18105,17908,2816,3228,783,878,9393,11217,239517,263705,15515,18285,24647,25562,4311,5005,1322,1528
R,6,2026,64,4147556,1976822,2170734,1563784,1675679,223718,273261,30319,32219,105039,125738,3989,4309,49973,59528,1608915,1729364,235376,288551,63423,71939,115483,137427,7260,7923,1716624,1884100,1344479,1433990,211962,259791,13509,15060,102458,122765,3216,3426,41000,49068,1381422,1478153,220841,271584,40290,47581,111575,132821,5977,6425,260198,286634,219305,241689,11756,13470,16810,17159,2581,2973,773,883,8973,10460,227493,251211,14535,16967,23133,24358,3908,4606,1283,1498
R,6,2026,65,4167375,1979280,2188095,1572798,1696188,222217,272649,29276,31655,101994,124801,3795,4149,49200,58653,1617212,1748965,233902,287543,62023,71089,112168,136211,6978,7796,1731153,1910575,1363624,1462191,210992,259682,13329,15126,99615,121949,3063,3331,40530,48296,1400123,1505586,219876,271125,40022,47414,108442,131747,5734,6302,248127,277520,209174,233997,11225,12967,15947,16529,2379,2852,732,818,8670,10357,217089,243379,14026,16418,22001,23675,3726,4464,1244,1494
R,6,2026,66,4092366,1936186,2156180,1537036,1668950,217542,269678,28412,30771,102382,126210,3558,4033,47256,56538,1579628,1719721,228506,284330,59890,68586,112244,137248,6656,7422,1697887,1888223,1335970,1442981,206696,256985,13054,14772,100080,123472,2906,3266,39181,46747,1371189,1484847,215157,268397,38816,45860,108745,132944,5502,6087,238299,267957,201066,225969,10846,12693,15358,15999,2302,2738,652,767,8075,9791,208439,234874,13349,15933,21074,22726,3499,4304,1154,1335
R,6,2026,67,3993626,1880918,2112708,1501311,1643504,207674,260817,26470,29163,97224,121488,3409,3751,44830,53985,1541674,1692164,218101,274540,56591,65596,106402,131807,6216,6955,1660404,1862333,1315129,1431880,197661,249238,12398,14332,95079,118934,2788,3094,37349,44855,1348699,1472200,205807,259984,37142,44450,103155,127868,5152,5737,220514,250375,186182,211624,10013,11579,14072,14831,2145,2554,621,657,7481,9130,192975,219964,12294,14556,19449,21146,3247,3939,1064,1218
R,6,2026,68,3955790,1856261,2099529,1488866,1642644,199333,252254,24912,27663,96908,121264,3177,3527,43065,52177,1527689,1689587,209226,265582,53852,63184,105739,131073,5866,6511,1649532,1860379,1313782,1439986,189950,241254,12110,13886,94953,118825,2624,2880,36113,43548,1346241,1479088,197710,251752,36142,43366,102744,127351,4921,5364,206729,239150,175084,202658,9383,11000,12802,13777,1955,2439,553,647,6952,8629,181448,210499,11516,13830,17710,19818,2995,3722,945,1147
R,6,2026,69,3866948,1807252,2059696,1455889,1616733,190803,245946,24081,26343,92465,117820,3095,3423,40919,49431,1492783,1661198,200205,258436,51773,60254,100719,126876,5646,6298,1610942,1830119,1289531,1421651,182056,235375,11677,13304,90625,115591,2589,2808,34464,41390,1320542,1458771,189490,245285,34766,41582,97941,123435,4758,5235,196310,229577,166358,195082,8747,10571,12404,13039,1840,2229,506,615,6455,8041,172241,202427,10715,13151,17007,18672,2778,3441,888,1063
R,6,2026,70,3709347,1726926,1982421,1393652,1557917,179642,234073,22449,24893,90074,115482,2799,3243,38310,46813,1428243,1600004,188427,245903,48238,56912,97739,124254,5265,5980,1542146,1764899,1236936,1372725,171425,224007,10852,12897,88303,113268,2317,2683,32313,39319,1266048,1407985,178363,233352,32373,39691,95089,120927,4412,5008,184780,217522,156716,185192,8217,10066,11597,11996,1771,2214,482,560,5997,7494,162195,192019,10064,12551,15865,17221,2650,3327,853,972
R,6,2026,71,3606950,1672843,1934107,1354964,1527192,170611,223543,21179,23749,87386,112317,2703,3140,36000,44166,1387310,1566688,178967,234832,45535,53817,94565,120707,5060,5838,1498869,1726682,1207325,1350445,162756,214207,10473,12069,85763,110321,2243,2589,30309,37051,1234504,1383440,169354,223118,30774,37146,92128,117678,4267,4897,173974,207425,147639,176747,7855,9336,10706,11680,1623,1996,460,551,5691,7115,152806,183248,9613,11714,14761,16671,2437,3029,793,941
R,6,2026,72,3432651,1581399,1851252,1291341,1472472,155519,209029,18990,21755,80670,104106,2426,2881,32453,41009,1320588,1509246,163099,219586,41155,49901,86953,111510,4441,5355,1424147,1659117,1157236,1308099,148498,200463,9640,11447,79248,102232,2027,2375,27498,34501,1181962,1338947,154477,208805,28279,35090,84847,108687,3773,4496,157252,192135,134105,164373,7021,8566,9350,10308,1422,1874,399,506,4955,6508,138626,170299,8622,10781,12876,14811,2106,2823,668,859
R,6,2026,73,3278375,1504269,1774106,1235074,1418497,142692,194984,17455,20105,76594,99309,2252,2654,30202,38557,1262245,1453174,149703,204769,38025,46534,82529,106279,4189,4987,1359234,1594391,1110952,1264245,136290,187006,9060,10819,75315,97681,1893,2207,25724,32433,1134030,1293287,141908,194799,26444,32952,80622,103787,3559,4227,145035,179715,124122,154252,6402,7978,8395,9286,1279,1628,359,447,4478,6124,128215,159887,7795,9970,11581,13582,1907,2492,630,760
R,6,2026,74,3109692,1421311,1688381,1174043,1357393,131456,182625,15769,18579,70000,91982,2085,2455,27958,35347,1199233,1389057,137928,191699,35032,43049,75281,98190,3895,4599,1288447,1522038,1059897,1214190,125694,175314,8366,10092,68802,90498,1772,2029,23916,29915,1081362,1240891,130926,182497,24724,30840,73534,95943,3329,3880,132864,166343,114146,143203,5762,7311,7403,8487,1198,1484,313,426,4042,5432,117871,148166,7002,9202,10308,12209,1747,2247,566,719
R,6,2026,75,2948996,1339162,1609834,1105640,1290358,124359,177338,14868,17618,66337,88879,1888,2323,26070,33318,1129048,1320262,130478,186091,32912,40773,71143,94489,3544,4317,1213197,1450530,997332,1153188,118898,170440,7834,9460,65278,87465,1618,1933,22237,28044,1017208,1178257,123833,177408,23155,28974,69541,92323,3061,3641,125965,159304,108308,137170,5461,6898,7034,8158,1059,1414,270,390,3833,5274,111840,142005,6645,8683,9757,11799,1602,2166,483,676
R,6,2026,76,2798492,1264387,1534105,1043721,1230444,114818,165659,13835,16140,65988,88566,1788,2083,24237,31213,1065543,1258337,120520,173891,30466,37606,70526,94044,3377,4019,1148297,1383918,943770,1100601,109829,159089,7454,8872,64948,87179,1518,1758,20778,26419,962421,1124106,114420,165699,21620,27037,69005,91953,2937,3442,116090,150187,99951,129843,4989,6570,6381,7268,1040,1387,270,325,3459,4794,103122,134231,6100,8192,8846,10569,1521,2091,440,577
R,6,2026,77,2671540,1199813,1471727,999459,1192972,103468,151421,12705,14869,60006,80997,1686,2022,22489,29446,1019692,1219347,108590,159078,28338,35381,64149,85908,3213,3854,1094341,1333752,908233,1073387,99177,145595,6985,8262,59050,79730,1414,1716,19482,25062,925710,1095765,103331,151767,20499,25731,62776,84048,2766,3300,105472,137975,91226,119585,4291,5826,5720,6607,956,1267,272,306,3007,4384,93982,123582,5259,7311,7839,9650,1373,1860,447,554
R,6,2026,78,2588450,1158864,1429586,976182,1172275,93262,139153,11538,13762,55380,74521,1486,1848,21016,28027,995185,1197417,98017,146383,26173,33322,59162,79156,2841,3530,1060366,1299623,890635,1059446,89312,133644,6524,7736,54546,73354,1263,1558,18086,23885,906941,1080792,93226,139498,19023,24367,57939,77437,2482,3052,98498,129963,85547,112829,3950,5509,5014,6026,834,1167,223,290,2930,4142,88244,116625,4791,6885,7150,8955,1223,1719,359,478
R,6,2026,79,2573009,1147473,1425536,980348,1188320,84214,127032,10878,13169,50321,68345,1367,1577,20345,27093,998795,1212820,88674,133866,25273,32341,53798,72637,2663,3192,1057072,1303625,901586,1082244,80675,121961,6283,7554,49604,67275,1175,1332,17749,23259,917675,1103213,84340,127508,18833,24069,52700,71027,2333,2753,90401,121911,78762,106076,3539,5071,4595,5615,717,1070,192,245,2596,3834,81120,109607,4334,6358,6440,8272,1098,1610,330,439
R,6,2026,80,1850804,814200,1036604,683538,847690,64413,100481,8182,10589,42122,56501,1150,1464,14795,19879,696889,865490,67872,105762,18262,24053,44871,60003,2227,2818,738558,931386,617516,756198,61379,95943,4537,5745,41473,55546,972,1235,12681,16719,628944,771092,64133,100144,13150,17081,43909,58609,1932,2421,75642,105218,66022,91492,3034,4538,3645,4844,649,955,178,229,2114,3160,67945,94398,3739,5618,5112,6972,962,1394,295,397
R,6,2026,81,1748095,760454,987641,640929,810901,58946,94829,7443,9775,38463,52404,992,1286,13681,18446,653266,827343,62130,99840,16778,22283,41025,55540,2015,2567,692533,891847,581532,727098,56285,90924,4168,5473,37914,51583,851,1068,11783,15701,592119,741040,58861,94970,12163,16127,40203,54342,1767,2186,67921,95794,59397,83803,2661,3905,3275,4302,549,821,141,218,1898,2745,61147,86303,3269,4870,4615,6156,822,1198,248,381
R,6,2026,82,1649463,709755,939708,602243,779393,52668,85839,6890,9010,34673,46913,862,1154,12419,17399,613426,794900,55689,90605,15429,20985,36859,49734,1760,2364,648890,851305,548896,701906,50301,82342,3979,5032,34220,46166,740,973,10754,14886,558550,715122,52770,86250,11379,15288,36179,48639,1526,2042,60865,88403,53347,77487,2367,3497,2911,3978,453,747,122,181,1665,2513,54876,79778,2919,4355,4050,5697,680,1095,234,322
R,6,2026,83,1599869,680300,919569,582397,770167,48120,81497,6042,8292,31455,42303,744,1024,11542,16286,592800,784747,50839,85937,13947,19559,33540,44881,1593,2106,625332,837224,534072,698169,45962,78033,3568,4617,30996,41647,648,852,10086,13906,543160,710563,48195,81604,10486,14317,32858,43873,1400,1816,54968,82345,48325,71998,2158,3464,2474,3675,459,656,96,172,1456,2380,49640,74184,2644,4333,3461,5242,682,1008,193,290
R,6,2026,84,1321547,553324,768223,469376,637749,40228,69354,5174,7244,28240,39219,658,946,9648,13711,478062,650030,42505,73007,11804,16722,30005,41511,1333,1824,505921,697010,427582,575147,38397,66651,3101,4042,27895,38640,561,786,8385,11744,435113,585606,40280,69631,8845,12175,29482,40658,1154,1573,47403,71213,41794,62602,1831,2703,2073,3202,345,579,97,160,1263,1967,42949,64424,2225,3376,2959,4547,523,853,179,251
R,6,2026,85,1141762,469394,672368,396298,555499,34500,62351,4552,6458,25091,35074,602,781,8351,12205,403820,566358,36555,65760,10224,14763,26657,37150,1177,1625,427545,607217,359400,498120,32888,59814,2757,3678,24778,34559,521,646,7201,10400,365871,507343,34543,62569,7637,10765,26182,36376,1020,1384,41849,65151,36898,57379,1612,2537,1795,2780,313,515,81,135,1150,1805,37949,59015,2012,3191,2587,3998,475,774,157,241
R,6,2026,86,1000770,404138,596632,339496,491875,30029,55697,4048,5798,22803,31736,490,740,7272,10786,346004,501424,31812,58760,8943,13057,24199,33569,1012,1500,366926,537071,306741,439395,28578,53292,2396,3307,22510,31252,391,602,6310,9223,312378,447501,30039,55793,6614,9533,23771,32865,865,1269,37212,59561,32755,52480,1451,2405,1652,2491,293,484,99,138,962,1563,33626,53923,1773,2967,2329,3524,428,704,147,231
R,6,2026,87,885283,353618,531665,298535,441016,25269,47609,3451,5212,19704,27668,393,639,6266,9521,304166,449491,26800,50278,7625,11633,20940,29243,855,1296,321313,479095,270014,394578,24012,45516,2017,3049,19465,27256,325,527,5480,8169,274925,401810,25264,47702,5664,8572,20584,28649,747,1120,32305,52570,28521,46438,1257,2093,1434,2163,239,412,68,112,786,1352,29241,47681,1536,2576,1961,3061,356,594,108,176
R,6,2026,88,778315,305160,473155,257601,392307,21516,42408,2911,4573,17176,24973,365,537,5591,8357,262622,399730,22911,44816,6656,10070,18240,26460,753,1115,277569,426998,233070,351520,20490,40552,1826,2671,16967,24620,310,439,4906,7196,237475,357869,21638,42561,5117,7412,17930,25935,650,954,27591,46157,24531,40787,1026,1856,1085,1902,209,353,55,98,685,1161,25147,41861,1273,2255,1539,2658,310,525,103,161
R,6,2026,89,654824,252178,402646,212126,333523,17754,35934,2452,3883,14815,21566,297,491,4734,7249,216390,339894,18974,38041,5549,8598,15755,22927,659,1033,228900,362586,191459,298098,16880,34355,1498,2251,14642,21243,259,401,4162,6238,195195,303541,17891,36127,4223,6295,15497,22452,585,882,23278,40060,20667,35425,874,1579,954,1632,173,323,38,90,572,1011,21195,36353,1083,1914,1326,2303,258,475,74,151
R,6,2026,90,565755,214204,351551,180281,290792,15136,31601,2085,3438,12425,19002,219,387,4058,6331,183924,296387,16195,33474,4641,7580,13291,20156,543,836,194554,316818,162814,260023,14413,30304,1285,2019,12280,18695,183,325,3579,5452,166021,264821,15300,31859,3522,5597,13065,19715,480,723,19650,34733,17467,30769,723,1297,800,1419,145,307,36,62,479,879,17903,31566,895,1615,1119,1983,226,441,63,113
R,6,2026,91,486814,180072,306742,151721,253973,12419,27135,1792,3048,10551,16616,240,351,3349,5619,154711,258907,13309,28722,3882,6689,11262,17676,507,777,163321,276389,136763,227085,11794,25964,1143,1782,10444,16365,206,296,2971,4897,139401,231360,12553,27287,2983,4970,11102,17322,447,680,16751,30353,14958,26888,625,1171,649,1266,107,251,34,55,378,722,15310,27547,756,1435,899,1719,160,354,60,97
R,6,2026,92,383970,139429,244541,117115,201767,9645,21764,1401,2342,8388,13797,181,285,2699,4586,119524,205780,10328,23116,3099,5271,8995,14734,390,644,126348,220492,105449,180394,9191,20797,870,1430,8294,13605,150,241,2394,4025,107576,183910,9778,21923,2357,4003,8848,14451,334,566,13081,24049,11666,21373,454,967,531,912,94,192,31,44,305,561,11948,21870,550,1193,742,1268,147,283,56,78
R,6,2026,93,327011,116313,210698,97813,174066,7895,18215,1126,2072,7013,12230,134,259,2332,3856,99916,177424,8492,19328,2558,4533,7545,13005,322,586,105897,190471,88523,156027,7522,17437,734,1318,6929,12063,115,221,2074,3405,90388,158986,8032,18384,2004,3487,7416,12766,288,522,10416,20227,9290,18039,373,778,392,754,84,167,19,38,258,451,9528,18438,460,944,554,1046,129,239,34,64
R,6,2026,94,268209,92927,175282,78450,145469,5967,14626,910,1721,5568,9925,102,225,1930,3316,80164,148340,6481,15639,2087,3810,6009,10584,277,514,84446,158706,70861,130677,5685,14002,568,1099,5507,9794,90,190,1735,2944,72402,133211,6145,14879,1612,2951,5912,10399,248,453,8481,16576,7589,14792,282,624,342,622,61,131,12,35,195,372,7762,15129,336,760,475,859,97,185,29,61
R,6,2026,95,217391,73281,144110,61832,119576,4630,11739,726,1378,4529,8437,96,175,1468,2805,63148,121974,5036,12582,1616,3164,4878,9008,223,431,66533,130346,55800,107303,4402,11209,466,867,4477,8337,82,151,1306,2479,56971,109405,4748,11932,1253,2442,4792,8857,194,384,6748,13764,6032,12273,228,530,260,511,52,100,14,24,162,326,6177,12569,288,650,363,722,86,151,29,47
R,6,2026,96,173231,56644,116587,47430,96287,3583,9572,625,1108,3754,7163,67,148,1185,2309,48463,98287,3910,10258,1332,2564,4037,7643,186,357,51463,105560,42799,86459,3411,9152,407,713,3720,7065,56,130,1070,2041,43730,88210,3694,9733,1040,2002,3986,7500,165,323,5181,11027,4631,9828,172,420,218,395,34,98,11,18,115,268,4733,10077,216,525,292,562,51,143,21,34
R,6,2026,97,127607,40591,87016,33875,71791,2631,7120,433,772,2701,5436,49,112,902,1785,34665,73320,2904,7687,995,1871,2908,5805,136,279,36862,79048,30553,64715,2506,6793,287,509,2671,5360,42,99,803,1572,31260,66050,2734,7293,785,1461,2861,5693,120,244,3729,7968,3322,7076,125,327,146,263,30,76,7,13,99,213,3405,7270,170,394,210,410,47,112,16,35
R,6,2026,98,96821,29647,67174,24678,55313,1884,5383,329,688,1999,4308,45,82,712,1400,25294,56493,2099,5817,726,1556,2179,4612,114,220,26968,61239,22296,50038,1789,5141,226,458,1985,4257,39,71,633,1274,22843,51107,1972,5526,576,1254,2154,4534,99,198,2679,5935,2382,5275,95,242,103,230,14,51,6,11,79,126,2451,5386,127,291,150,302,25,78,15,22
R,6,2026,99,69968,20663,49305,16993,40329,1378,4035,227,500,1478,3309,21,68,566,1064,17495,41236,1547,4366,554,1145,1609,3539,73,188,18854,45123,15384,36608,1325,3860,155,357,1465,3273,17,59,508,966,15834,37431,1470,4155,450,935,1587,3488,62,169,1809,4182,1609,3721,53,175,72,143,13,36,4,9,58,98,1661,3805,77,211,104,210,22,51,11,19
R,6,2026,100,130323,35734,94589,27766,74237,2733,8499,547,1212,3432,7771,78,172,1178,2698,28739,76424,3119,9470,1189,2766,3772,8391,251,494,32422,86556,24860,67141,2612,8146,415,936,3394,7704,66,152,1075,2477,25749,69142,2958,9019,991,2356,3713,8268,222,441,3312,8033,2906,7096,121,353,132,276,38,67,12,20,103,221,2990,7282,161,451,198,410,59,123,29,53
