UNIVERSE,MONTH,YEAR,AGE,TOT_POP,TOT_MALE,TOT_FEMALE,WA_MALE,WA_FEMALE,BA_MALE,BA_FEMALE,IA_MALE,IA_FEMALE,AA_MALE,AA_FEMALE,NA_MALE,NA_FEMALE,TOM_MALE,TOM_FEMALE,WAC_MALE,WAC_FEMALE,BAC_MALE,BAC_FEMALE,IAC_MALE,IAC_FEMALE,AAC_MALE,AAC_FEMALE,NAC_MALE,NAC_FEMALE,NH_MALE,NH_FEMALE,NHWA_MALE,NHWA_FEMALE,NHBA_MALE,NHBA_FEMALE,NHIA_MALE,NHIA_FEMALE,NHAA_MALE,NHAA_FEMALE,NHNA_MALE,NHNA_FEMALE,NHTOM_MALE,NHTOM_FEMALE,NHWAC_MALE,NHWAC_FEMALE,NHBAC_MALE,NHBAC_FEMALE,NHIAC_MALE,NHIAC_FEMALE,NHAAC_MALE,NHAAC_FEMALE,NHNAC_MALE,NHNAC_FEMALE,H_MALE,H_FEMALE,HWA_MALE,HWA_FEMALE,HBA_MALE,HBA_FEMALE,HIA_MALE,HIA_FEMALE,HAA_MALE,HAA_FEMALE,HNA_MALE,HNA_FEMALE,HTOM_MALE,HTOM_FEMALE,HWAC_MALE,HWAC_FEMALE,HBAC_MALE,HBAC_FEMALE,HIAC_MALE,HIAC_FEMALE,HAAC_MALE,HAAC_FEMALE,HNAC_MALE,HNAC_FEMALE
R,7,2020,999,331577720,164243648,167334072,125540985,126164953,21605179,23306566,2175248,2126877,9729791,10494819,433463,418430,4758982,4822427,129786618,130444272,23770111,25546660,3551810,3559748,11502891,12255888,849595,836641,132718367,136621306,98005964,99390805,20030550,21690561,1191225,1220480,9401860,10168860,313078,306130,3775690,3844470,101373063,102799307,21731759,23461031,2161968,2252154,10904752,11660572,639638,635836,31525281,30712766,27535021,26774148,1574629,1616005,984023,906397,327931,325959,120385,112300,983292,977957,28413555,27644965,2038352,2085629,1389842,1307594,598139,595316,209957,200805
R,7,2020,0,3703341,1893449,1809892,1314301,1254095,300748,291365,35142,33583,111737,105177,7006,6617,124515,119055,1428838,1363594,369824,357570,58228,55733,157697,148943,15532,14695,1399115,1335075,912352,867656,265252,257178,13748,13245,104054,97896,4289,3992,99420,95108,1004303,955598,321198,310821,28495,27420,142219,134266,10548,9929,494334,474817,401949,386439,35496,34187,21394,20338,7683,7281,2717,2625,25095,23947,424535,407996,48626,46749,29733,28313,15478,14677,4984,4766
R,7,2020,1,3764698,1922716,1841982,1337162,1277458,302932,295564,35853,34472,114943,108366,7274,6835,124552,119287,1451661,1387121,371934,361826,59030,56777,160964,152202,15813,14927,1419703,1356311,927483,881424,267134,260870,14315,13833,106967,100845,4442,4191,99362,95148,1019304,969354,322908,314473,29134,28098,145206,137235,10730,10148,503013,485671,409679,396034,35798,34694,21538,20639,7976,7521,2832,2644,25190,24139,432357,417767,49026,47353,29896,28679,15758,14967,5083,4779
R,7,2020,2,3854287,1970428,1883859,1368682,1305408,309694,301954,36511,34556,121384,113717,7347,6979,126810,121245,1485252,1416850,379579,369146,60125,57209,168507,158411,16094,15248,1459927,1392038,951180,902727,274595,267925,14338,13838,113637,106260,4615,4344,101562,96944,1045012,992278,331300,322388,29482,28384,152996,143492,11100,10452,510501,491821,417502,402681,35099,34029,22173,20718,7747,7457,2732,2635,25248,24301,440240,424572,48279,46758,30643,28825,15511,14919,4994,4796
R,7,2020,3,3933667,2012970,1920697,1403254,1335319,310346,301841,35684,34622,128320,120140,7521,7123,127845,121652,1520677,1447115,379810,368687,59719,57656,176594,165240,16515,15525,1493003,1420046,974048,922531,275763,268262,15408,14776,120537,112746,4815,4478,102432,97253,1068556,1012330,331986,322396,30960,29628,160980,150341,11536,10693,519967,500651,429206,412788,34583,33579,20276,19846,7783,7394,2706,2645,25413,24399,452121,434785,47824,46291,28759,28028,15614,14899,4979,4832
R,7,2020,4,4038296,2063808,1974488,1454563,1385815,311128,305003,35327,33974,126322,119063,7392,7090,129076,123543,1573202,1499392,381041,372448,59962,57574,174836,164996,16453,15655,1530572,1461942,1010997,959441,277113,272025,15932,15332,118520,111722,4675,4477,103335,98945,1106425,1050846,333792,326732,31894,30640,159032,150079,11409,10839,533236,512546,443566,426374,34015,32978,19395,18642,7802,7341,2717,2613,25741,24598,466777,448546,47249,45716,28068,26934,15804,14917,5044,4816
R,7,2020,5,4074896,2081473,1993423,1464221,1398051,317098,309259,35079,34074,128989,121353,7331,7095,128755,123591,1582567,1511670,386889,376678,59793,57749,177183,167294,16370,15647,1549070,1479042,1020745,969954,282559,275747,16276,15606,121523,114163,4690,4508,103277,99064,1116106,1061455,339127,330443,32397,30981,161919,152604,11452,10896,532403,514381,443476,428097,34539,33512,18803,18468,7466,7190,2641,2587,25478,24527,466461,450215,47762,46235,27396,26768,15264,14690,4918,4751
R,7,2020,6,4063071,2080524,1982547,1467770,1392363,317647,308685,35337,34062,125318,118603,7030,6761,127422,122073,1584929,1504570,386242,375418,59973,57593,173232,163706,16105,15326,1550769,1474903,1026356,969705,282880,275308,16629,15905,118169,111818,4565,4370,102170,97797,1120757,1060027,338435,329462,32740,31222,158304,149492,11317,10738,529755,507644,441414,422658,34767,33377,18708,18157,7149,6785,2465,2391,25252,24276,464172,444543,47807,45956,27233,26371,14928,14214,4788,4588
R,7,2020,7,4050053,2069755,1980298,1458848,1391786,315502,307349,35004,33799,127505,120279,7053,6727,125843,120358,1574413,1502240,382799,372550,59466,57304,175219,165214,16217,15292,1543868,1472861,1019232,967947,281779,274716,16786,16040,120581,113484,4632,4347,100858,96327,1112274,1056754,336228,327493,32785,31396,160585,151048,11438,10666,525887,507437,439616,423839,33723,32633,18218,17759,6924,6795,2421,2380,24985,24031,462139,445486,46571,45057,26681,25908,14634,14166,4779,4626
R,7,2020,8,4057336,2076646,1980690,1470489,1398573,316583,306588,36081,34741,122435,115825,6804,6542,124254,118421,1584577,1507279,383248,370566,60614,58163,169061,159876,15770,15062,1545113,1469597,1025736,970675,283211,274625,16851,16177,115647,109289,4399,4217,99269,94614,1117304,1057941,337004,326333,32837,31445,154652,146067,11041,10510,531533,511093,444753,427898,33372,31963,19230,18564,6788,6536,2405,2325,24985,23807,467273,449338,46244,44233,27777,26718,14409,13809,4729,4552
R,7,2020,9,4102425,2104476,1997949,1499332,1418832,318952,308102,34609,33347,120096,113231,6735,6394,124752,118043,1613958,1527195,385727,371716,59513,57107,166725,156970,15775,14856,1558860,1475039,1037573,977120,287010,276890,17149,16227,113453,106895,4368,4130,99307,93777,1129224,1063597,340813,328019,33327,31645,152293,143279,11034,10341,545616,522910,461759,441712,31942,31212,17460,17120,6643,6336,2367,2264,25445,24266,484734,463598,44914,43697,26186,25462,14432,13691,4741,4515
R,7,2020,10,4188710,2145502,2043208,1537482,1458159,323859,312615,34174,33052,118787,113107,6474,6289,124726,119986,1652378,1568431,390798,377600,59283,57526,164740,156815,15304,14727,1583609,1505215,1058332,999384,292416,282469,17320,16993,112391,107065,4350,4188,98800,95116,1149742,1087162,346149,334539,33434,32886,150563,143448,10866,10362,561893,537993,479150,458775,31443,30146,16854,16059,6396,6042,2124,2101,25926,24870,502636,481269,44649,43061,25849,24640,14177,13367,4438,4365
R,7,2020,11,4278752,2190715,2088037,1575877,1495032,332898,322416,34482,33142,117815,112957,6526,6465,123117,118025,1689009,1603635,399127,386629,59450,56648,162779,155602,15162,14770,1620461,1542761,1087830,1028563,301381,291894,17888,17307,111354,106886,4395,4374,97613,93737,1177902,1115197,354706,343739,33927,32369,148784,142492,10773,10511,570254,545276,488047,466469,31517,30522,16594,15835,6461,6071,2131,2091,25504,24288,511107,488438,44421,42890,25523,24279,13995,13110,4389,4259
R,7,2020,12,4442278,2275346,2166932,1640115,1554327,345521,334926,36145,34501,122742,117370,6777,6520,124046,119288,1754008,1663843,412183,400127,61198,58595,167995,160166,15715,14779,1682001,1601848,1130477,1069838,313136,303700,18696,18069,116394,111238,4612,4331,98686,94672,1221430,1157065,367109,356395,34875,33475,154186,146874,11199,10440,593345,565084,509638,484489,32385,31226,17449,16432,6348,6132,2165,2189,25360,24616,532578,506778,45074,43732,26323,25120,13809,13292,4516,4339
R,7,2020,13,4432504,2270863,2161641,1644066,1559534,343761,331294,36455,34512,120508,114505,6685,6568,119388,115228,1753713,1665130,407616,393588,61013,58294,164094,155930,15312,14861,1681765,1598899,1137662,1075487,312036,300925,18574,18087,114065,108545,4577,4399,94851,91456,1225144,1159584,363611,351379,34455,33333,150346,143105,10967,10512,589098,562742,506404,484047,31725,30369,17881,16425,6443,5960,2108,2169,24537,23772,528569,505546,44005,42209,26558,24961,13748,12825,4345,4349
R,7,2020,14,4354881,2228153,2126728,1624535,1541480,330342,322375,35271,33776,118021,114116,6534,6305,113450,108676,1728654,1641170,390167,380260,59120,56510,159815,153678,14709,14092,1656612,1579611,1131059,1069375,300411,293233,18307,17764,111921,108505,4447,4271,90467,86463,1214359,1148964,348980,340265,33761,32416,146974,141528,10534,10008,571541,547117,493476,472105,29931,29142,16964,16012,6100,5611,2087,2034,22983,22213,514295,492206,41187,39995,25359,24094,12841,12150,4175,4084
R,7,2020,15,4308585,2203598,2104987,1612488,1529792,323638,313967,34604,33533,118499,117075,6503,6275,107866,104345,1711222,1625126,379775,368791,57906,55893,158526,155332,14312,13779,1646893,1573357,1130871,1070120,294726,286146,18096,17597,112693,111598,4463,4386,86044,83510,1209922,1146645,340263,330852,33217,32106,146353,143857,10278,10031,556705,531630,481617,459672,28912,27821,16508,15936,5806,5477,2040,1889,21822,20835,501300,478481,39512,37939,24689,23787,12173,11475,4034,3748
R,7,2020,16,4330027,2213235,2116792,1627572,1544583,321347,312980,33873,32924,119769,119006,6319,6019,104355,101280,1723129,1637245,374900,365545,56727,55149,158721,156369,13978,13422,1667468,1592539,1154047,1090018,293383,286156,18021,17387,114059,113634,4425,4187,83533,81157,1230824,1164467,336970,329039,33083,32165,146873,145120,10178,9698,545767,524253,473525,454565,27964,26824,15852,15537,5710,5372,1894,1832,20822,20123,492305,472778,37930,36506,23644,22984,11848,11249,3800,3724
R,7,2020,17,4288964,2191707,2097257,1614694,1532474,317652,310719,33487,32091,120308,119490,6265,6008,99301,96475,1705323,1620649,368363,359994,55930,54037,157181,155235,13748,13035,1656249,1582654,1149540,1085098,290216,284848,17657,17026,114784,114154,4382,4219,79670,77309,1222490,1156011,331568,325035,32545,31614,145935,144249,10014,9569,535458,514603,465154,447376,27436,25871,15830,15065,5524,5336,1883,1789,19631,19166,482833,464638,36795,34959,23385,22423,11246,10986,3734,3466
R,7,2020,18,4271103,2181890,2089213,1606198,1525552,321706,315003,33353,31629,119150,117725,6036,5833,95447,93471,1693273,1610540,370184,363079,55542,53726,154360,151666,13174,12830,1653960,1584449,1146992,1086285,294729,289330,17827,17115,113807,112650,4262,4076,76343,74993,1216854,1154741,334249,328600,32460,31900,143427,141225,9710,9411,527930,504764,459206,439267,26977,25673,15526,14514,5343,5075,1774,1757,19104,18478,476419,455799,35935,34479,23082,21826,10933,10441,3464,3419
R,7,2020,19,4348755,2220820,2127935,1630579,1551380,329786,323403,33216,31902,125797,123297,5980,5897,95462,92056,1717337,1635111,377977,370264,55970,53818,161108,156921,13186,12920,1694062,1624631,1171767,1112694,303066,298137,18050,17476,120509,118339,4281,4077,76389,73908,1241306,1180124,342221,336483,33335,32244,150369,146777,9743,9411,526758,503304,458812,438686,26720,25266,15166,14426,5288,4958,1699,1820,19073,18148,476031,454987,35756,33781,22635,21574,10739,10144,3443,3509
R,7,2020,20,4349663,2221193,2128470,1630202,1549340,334722,328538,33716,32158,123898,122323,6140,5794,92515,90317,1714357,1631052,381378,374863,56638,54443,157332,154738,13141,12670,1700114,1631663,1175838,1116565,308453,303351,18526,17728,118692,117390,4388,4118,74217,72511,1243486,1182328,346459,341157,34012,32906,147058,144720,9764,9360,521079,496807,454364,432775,26269,25187,15190,14430,5206,4933,1752,1676,18298,17806,470871,448724,34919,33706,22626,21537,10274,10018,3377,3310
R,7,2020,21,4279097,2183752,2095345,1606325,1529120,326829,321624,32562,31624,122021,120184,6078,5605,89937,87188,1687931,1608015,371854,365979,55091,53743,154499,151194,13249,12328,1678492,1611798,1165680,1107738,301264,297121,18069,17564,116874,115298,4320,4015,72285,70062,1231411,1171254,338041,333497,33548,32823,144340,141331,9841,9193,505260,483547,440645,421382,25565,24503,14493,14060,5147,4886,1758,1590,17652,17126,456520,436761,33813,32482,21543,20920,10159,9863,3408,3135
R,7,2020,22,4269126,2176556,2092570,1596494,1522259,327729,322707,32448,31631,127155,125684,6054,5697,86676,84592,1674868,1598882,370829,365312,54662,53421,158226,155620,12831,12159,1678977,1616767,1161960,1107046,302888,298839,17894,17747,122181,120851,4392,4087,69662,68197,1225058,1168962,338133,333754,33154,32910,148481,146181,9660,9077,497579,475803,434534,415213,24841,23868,14554,13884,4974,4833,1662,1610,17014,16395,449810,429920,32696,31558,21508,20511,9745,9439,3171,3082
R,7,2020,23,4276341,2176876,2099465,1594821,1526451,325908,322014,32207,31070,133909,131744,6083,5649,83948,82537,1670751,1600820,366929,363027,54462,53111,164209,161025,12738,12197,1683486,1627941,1164087,1114553,301378,298763,17721,17370,128955,127011,4390,4090,66955,66154,1224800,1174207,334488,332161,32945,32636,154552,151763,9515,9154,493390,471524,430734,411898,24530,23251,14486,13700,4954,4733,1693,1559,16993,16383,445951,426613,32441,30866,21517,20475,9657,9262,3223,3043
R,7,2020,24,4305770,2193502,2112268,1607219,1534556,325272,322837,32190,30821,140407,138150,6246,5907,82168,79997,1681414,1606612,364768,361924,54619,52767,170146,166866,12830,12392,1702805,1642581,1178047,1123691,301175,299840,17856,17225,135596,133382,4513,4254,65618,64189,1237389,1181593,333107,331602,33263,32489,160810,157688,9645,9363,490697,469687,429172,410865,24097,22997,14334,13596,4811,4768,1733,1653,16550,15808,444025,425019,31661,30322,21356,20278,9336,9178,3185,3029
R,7,2020,25,4384350,2231923,2152427,1627763,1556662,340792,336889,32541,31511,144147,142661,6436,6221,80244,78483,1699653,1626814,378763,375061,55300,53552,173244,170790,13229,12814,1738061,1679672,1195544,1143205,316244,313299,18272,17675,139191,137939,4693,4521,64117,63033,1252974,1199608,346854,344253,34174,33257,163966,161770,9982,9722,493862,472755,432219,413457,24548,23590,14269,13836,4956,4722,1743,1700,16127,15450,446679,427206,31909,30808,21126,20295,9278,9020,3247,3092
R,7,2020,26,4478572,2279283,2199289,1654584,1581214,357305,352919,33182,32417,149726,148782,6487,6398,77999,77559,1724090,1650251,393284,389855,56073,55107,178371,176623,13383,13047,1779520,1722690,1216428,1164361,332337,328961,18930,18386,144929,144007,4778,4709,62118,62266,1271753,1219783,361206,358900,34939,34522,169240,167632,10177,9923,499763,476599,438156,416853,24968,23958,14252,14031,4797,4775,1709,1689,15881,15293,452337,430468,32078,30955,21134,20585,9131,8991,3206,3124
R,7,2020,27,4552876,2315157,2237719,1676729,1604532,368959,362946,34487,33219,153339,155821,6725,6460,74918,74741,1743253,1670805,402756,397750,57086,55839,181149,182852,13427,13042,1811647,1760302,1235387,1186555,343430,338972,19613,19162,148608,151019,4905,4744,59704,59850,1288403,1239622,370392,366894,35442,35232,172405,174104,10219,9929,503510,477417,441342,417977,25529,23974,14874,14057,4731,4802,1820,1716,15214,14891,454850,431183,32364,30856,21644,20607,8744,8748,3208,3113
R,7,2020,28,4659078,2361891,2297187,1712425,1645670,373975,372438,35759,33829,159380,164347,6966,6608,73386,74295,1777156,1711067,405726,406028,58637,56375,187153,192245,13808,13436,1851659,1814707,1265666,1224281,348055,347145,20352,19742,154493,159338,5007,4873,58086,59328,1316838,1276517,372925,373852,36394,35757,178258,183141,10444,10186,510232,482480,446759,421389,25920,25293,15407,14087,4887,5009,1959,1735,15300,14967,460318,434550,32801,32176,22243,20618,8895,9104,3364,3250
R,7,2020,29,4730228,2392332,2337896,1736228,1673334,375735,378508,35649,33193,167135,173584,7620,7010,69965,72267,1797034,1736295,405317,411026,57475,54997,194805,201561,14657,14002,1885192,1864092,1293791,1261423,348975,352338,20093,19469,161914,168235,5542,5217,54877,57410,1341293,1311313,371795,377988,35194,34808,185583,192065,11099,10808,507140,473804,442437,411911,26760,26170,15556,13724,5221,5349,2078,1793,15088,14857,455741,424982,33522,33038,22281,20189,9222,9496,3558,3194
R,7,2020,30,4746258,2397834,2348424,1747875,1683823,370174,377287,35295,32566,171184,179062,7821,7153,65485,68533,1804951,1743630,397137,407436,55654,53670,197565,205560,14424,13751,1891706,1881425,1305666,1277842,343676,350980,19589,19176,165928,173866,5605,5353,51242,54208,1350125,1324976,364283,374465,33656,33932,188526,196576,10833,10625,506128,466999,442209,405981,26498,26307,15706,13390,5256,5196,2216,1800,14243,14325,454826,418654,32854,32971,21998,19738,9039,8984,3591,3126
R,7,2020,31,4613652,2332568,2281084,1708033,1636962,349383,359782,34189,30975,172293,182419,7629,6860,61041,64086,1761207,1692730,374057,387496,53578,50631,196831,207733,13782,13135,1843902,1834623,1280975,1248481,323968,334588,18673,18147,167283,177276,5604,5179,47399,50952,1322102,1292633,342444,356235,31865,32013,188327,199101,10539,10210,488666,446461,427058,388481,25415,25194,15516,12828,5010,5143,2025,1681,13642,13134,439105,400097,31613,31261,21713,18618,8504,8632,3243,2925
R,7,2020,32,4534683,2292005,2242678,1694300,1623826,329322,341194,33766,30469,168914,179345,7652,6836,58051,61008,1744662,1676988,352126,367329,52127,49318,192793,203513,13761,12882,1801609,1799530,1264484,1237780,304817,316552,18053,17538,164066,174497,5523,5160,44666,48003,1303046,1279513,321643,336526,30301,30658,184532,195247,10364,10031,490396,443148,429816,386046,24505,24642,15713,12931,4848,4848,2129,1676,13385,13005,441616,397475,30483,30803,21826,18660,8261,8266,3397,2851
R,7,2020,33,4486041,2271660,2214381,1691757,1611048,317601,330745,32876,29595,167059,177210,7571,6780,54796,59003,1739352,1662481,339108,355705,50633,48314,189416,200526,13231,12540,1784960,1774588,1264057,1227399,293873,306624,17494,16979,162196,172490,5424,5022,41916,46074,1300211,1267397,309531,325536,29338,29892,181383,192530,9983,9626,486700,439793,427700,383649,23728,24121,15382,12616,4863,4720,2147,1758,12880,12929,439141,395084,29577,30169,21295,18422,8033,7996,3248,2914
R,7,2020,34,4497819,2279584,2218235,1707303,1622327,310623,325658,32681,29515,167811,177632,7698,6859,53468,56244,1753681,1671031,331047,348993,50256,47840,189652,199904,13450,12562,1787670,1778134,1274771,1237699,286797,301632,16854,16685,162975,173021,5496,5190,40777,43907,1309934,1275530,301525,319287,28559,29493,181648,192074,10097,9792,491914,440101,432532,384628,23826,24026,15827,12830,4836,4611,2202,1669,12691,12337,443747,395501,29522,29706,21697,18347,8004,7830,3353,2770
R,7,2020,35,4496013,2275543,2220470,1710651,1627086,306448,322445,31940,29302,167493,179582,7591,6743,51420,55312,1755217,1675056,325741,344675,49234,47622,188491,201827,13204,12416,1784592,1780498,1278311,1242345,283208,298554,16382,16550,162717,175037,5364,5100,38610,42912,1311495,1279361,296794,315000,27725,29305,180582,194148,9820,9665,490951,439972,432340,384741,23240,23891,15558,12752,4776,4545,2227,1643,12810,12400,443722,395695,28947,29675,21509,18317,7909,7679,3384,2751
R,7,2020,36,4403572,2225038,2178534,1674766,1596710,294345,313444,31579,28838,167672,179412,7309,6557,49367,53573,1717497,1643094,312661,334393,48439,46947,187962,201250,12670,12202,1745288,1743597,1252028,1215859,271865,290380,16155,16128,162877,175035,5219,4882,37144,41313,1283939,1251441,284765,305726,27279,28664,180150,193655,9467,9406,479750,434937,422738,380851,22480,23064,15424,12710,4795,4377,2090,1675,12223,12260,433558,391653,27896,28667,21160,18283,7812,7595,3203,2796
R,7,2020,37,4470601,2257282,2213319,1704682,1625212,297085,318161,32151,29379,166179,180108,7389,6771,49796,53688,1747830,1671523,315346,339068,49241,47926,186570,201757,12820,12455,1769836,1769742,1274531,1237355,274597,294057,16297,16335,161443,175591,5304,5067,37664,41337,1306893,1272800,287475,309350,27762,29154,178795,194104,9627,9619,487446,443577,430151,387857,22488,24104,15854,13044,4736,4517,2085,1704,12132,12351,440937,398723,27871,29718,21479,18772,7775,7653,3193,2836
R,7,2020,38,4464670,2252005,2212665,1704835,1627198,295511,318537,31641,28677,164153,179232,7424,6696,48441,52325,1746755,1672257,313184,339158,48742,47026,183710,200030,12777,12222,1765353,1766533,1275426,1236146,272955,294812,16031,15664,159417,174582,5302,4936,36222,40393,1306489,1270727,285309,309970,27337,28463,175893,192327,9547,9385,486652,446132,429409,391052,22556,23725,15610,13013,4736,4650,2122,1760,12219,11932,440266,401530,27875,29188,21405,18563,7817,7703,3230,2837
R,7,2020,39,4401239,2218259,2182980,1686201,1609535,291345,315478,30650,28524,155310,172013,7183,6249,47570,51181,1727145,1653727,308709,335751,47595,46514,174480,192061,12473,11665,1740945,1743611,1264543,1224487,269584,292010,15384,15797,150561,167486,5108,4578,35765,39253,1295074,1258136,281763,306736,26701,28269,166837,184617,9308,8976,477314,439369,421658,385048,21761,23468,15266,12727,4749,4527,2075,1671,11805,11928,432071,395591,26946,29015,20894,18245,7643,7444,3165,2689
R,7,2020,40,4382177,2206836,2175341,1674181,1599140,295602,320827,30888,28354,152629,170134,7153,6458,46383,50428,1714197,1642525,312485,340768,47964,46408,171007,189821,12359,11878,1725366,1736176,1249265,1213965,273455,297461,15437,15695,147910,165659,4970,4820,34329,38576,1278613,1246869,285082,311900,26731,28294,163260,182372,9101,9184,481470,439165,424916,385175,22147,23366,15451,12659,4719,4475,2183,1638,12054,11852,435584,395656,27403,28868,21233,18114,7747,7449,3258,2694
R,7,2020,41,4203656,2110526,2093130,1604615,1540037,279625,307656,29039,26755,147393,165361,6407,5948,43447,47373,1642050,1580769,295355,326126,44936,43847,164623,183907,11309,10940,1660855,1674015,1207055,1172789,259021,285181,14830,14600,143118,161111,4510,4374,32321,35960,1234619,1203465,269866,298311,25355,26404,157691,176865,8406,8404,449671,419115,397560,367248,20604,22475,14209,12155,4275,4250,1897,1574,11126,11413,407431,377304,25489,27815,19581,17443,6932,7042,2903,2536
R,7,2020,42,4109290,2061468,2047822,1575318,1513853,268452,296031,28089,26549,141894,160282,6145,5613,41570,45494,1610984,1552770,283284,313592,43525,43341,158522,178147,10600,10343,1616307,1631695,1180630,1148144,248655,274480,14225,14482,137703,155959,4385,4167,30709,34463,1206658,1177351,258800,286915,24439,26108,151648,171148,7908,7991,445161,416127,394688,365709,19797,21551,13864,12067,4191,4323,1760,1446,10861,11031,404326,375419,24484,26677,19086,17233,6874,6999,2692,2352
R,7,2020,43,4058083,2030221,2027862,1552550,1499174,263036,292684,28038,26151,140735,160238,5999,5638,39863,43977,1586877,1536681,277142,309459,43127,42632,156469,177524,10387,10356,1593658,1613636,1165149,1134115,244011,271456,14421,14612,136416,156028,4228,4127,29433,33298,1190179,1162249,253503,283305,24553,26111,149600,170608,7683,7898,436563,414226,387401,365059,19025,21228,13617,11539,4319,4210,1771,1511,10430,10679,396698,374432,23639,26154,18574,16521,6869,6916,2704,2458
R,7,2020,44,3920379,1961510,1958869,1497711,1449107,252044,279953,27013,25102,141043,158351,5573,5311,38126,41045,1530532,1484032,265108,295409,41595,40750,156293,174565,9818,9647,1536178,1553336,1119569,1090942,233764,259444,13723,13708,136983,154195,4008,3891,28131,31156,1143503,1117186,242457,270359,23484,24685,149841,167940,7374,7393,425332,405533,378142,358165,18280,20509,13290,11394,4060,4156,1565,1420,9995,9889,387029,366846,22651,25050,18111,16065,6452,6625,2444,2254
R,7,2020,45,3964346,1981970,1982376,1517749,1470921,253366,282527,26618,25201,142766,159184,5718,5085,35753,39458,1548167,1504424,265556,297092,40633,40369,157035,174877,9746,9186,1562172,1581328,1142743,1115059,236052,263226,13581,13932,138778,155207,4153,3774,26865,30130,1165319,1140348,244458,273473,23142,24610,150971,168691,7408,7097,419798,401048,375006,355862,17314,19301,13037,11269,3988,3977,1565,1311,8888,9328,382848,364076,21098,23619,17491,15759,6064,6186,2338,2089
R,7,2020,46,3889769,1943046,1946723,1488909,1445345,246940,276728,26188,24484,141476,157245,5244,5015,34289,37906,1518077,1477346,258485,290655,39742,39278,155212,172273,9130,9049,1538319,1556209,1126471,1097842,230665,258197,13401,13694,137859,153488,3859,3723,26064,29265,1148402,1122256,238650,268195,22841,24321,149681,166445,7032,7005,404727,390514,362438,347503,16275,18531,12787,10790,3617,3757,1385,1292,8225,8641,369675,355090,19835,22460,16901,14957,5531,5828,2098,2044
R,7,2020,47,3943875,1968046,1975829,1507810,1467329,253871,284024,25786,24815,141337,157405,5229,4924,34013,37332,1536668,1498800,264977,297588,39417,39664,155059,172234,9035,8833,1570891,1590173,1151824,1123996,237972,265902,13490,14004,137730,153602,3883,3696,25992,28973,1173621,1148129,245663,275695,23066,24838,149639,166399,6990,6893,397155,385656,355986,343333,15899,18122,12296,10811,3607,3803,1346,1228,8021,8359,363047,350671,19314,21893,16351,14826,5420,5835,2045,1940
R,7,2020,48,4136728,2068169,2068559,1597902,1550184,263957,294107,26377,24901,140767,156976,5178,4916,33988,37475,1626609,1581749,274861,307358,40485,40317,154226,171613,9013,8921,1673198,1685896,1243545,1209041,248326,276316,14108,14321,137096,153343,3852,3667,26271,29208,1265448,1233349,256048,285862,24284,25663,148767,166086,6984,6962,394971,382663,354357,341143,15631,17791,12269,10580,3671,3633,1326,1249,7717,8267,361161,348400,18813,21496,16201,14654,5459,5527,2029,1959
R,7,2020,49,4385752,2198237,2187515,1717314,1657906,275454,307105,26907,25828,138263,153206,5229,5015,35070,38455,1747038,1690306,286582,320570,41800,41961,151932,167904,9280,9285,1803767,1806838,1363407,1319002,259807,289249,14818,14958,134548,149573,3875,3771,27312,30285,1386311,1344248,267666,299065,25736,27112,146418,162299,7196,7320,394470,380677,353907,338904,15647,17856,12089,10870,3715,3633,1354,1244,7758,8170,360727,346058,18916,21505,16064,14849,5514,5605,2084,1965
R,7,2020,50,4317585,2162990,2154595,1693786,1640587,269437,297072,26318,25068,134373,150209,5256,5061,33820,36598,1722338,1671168,280163,309755,40875,40841,147270,164199,9310,9245,1778939,1788857,1349647,1314497,254021,280210,14312,14888,130806,146580,3946,3865,26207,28817,1371497,1338331,261581,289509,24963,26755,141943,158610,7313,7335,384051,365738,344139,326090,15416,16862,12006,10180,3567,3629,1310,1196,7613,7781,350841,332837,18582,20246,15912,14086,5327,5589,1997,1910
R,7,2020,51,4157503,2079645,2077858,1636494,1591275,253281,280569,25295,23991,128250,143304,4816,4810,31509,33909,1663201,1619688,262839,291957,39330,39124,140208,156000,8439,8581,1717325,1731157,1311265,1282119,238885,264508,14185,14285,124989,139922,3630,3644,24371,26679,1331708,1304249,245457,272679,24515,25754,135356,150946,6617,6776,362320,346701,325229,309156,14396,16061,11110,9706,3261,3382,1186,1166,7138,7230,331493,315439,17382,19278,14815,13370,4852,5054,1822,1805
R,7,2020,52,4070081,2032692,2037389,1598541,1558080,253689,281751,24534,23408,121745,137225,4681,4682,29502,32243,1623313,1584843,262582,292525,37977,38015,132901,149193,8113,8552,1679863,1699368,1281956,1256068,239316,266079,13657,14240,118634,134086,3489,3556,22811,25339,1300829,1276826,245422,273799,23662,25402,128278,144423,6361,6797,352829,338021,316585,302012,14373,15672,10877,9168,3111,3139,1192,1126,6691,6904,322484,308017,17160,18726,14315,12613,4623,4770,1752,1755
R,7,2020,53,4086509,2033181,2053328,1610999,1583968,251719,282433,23912,23447,113254,127479,4724,4644,28573,31357,1635013,1610024,260211,293129,37264,37984,123791,138606,8148,8309,1694747,1725856,1306777,1291505,238189,267120,13747,14564,110215,124476,3564,3537,22255,24654,1325235,1311725,244031,274816,23767,25678,119345,134094,6468,6630,338434,327472,304222,292463,13530,15313,10165,8883,3039,3003,1160,1107,6318,6703,309778,298299,16180,18313,13497,12306,4446,4512,1680,1679
R,7,2020,54,4149484,2062105,2087379,1630697,1608446,259827,291216,24313,23767,114381,128301,4613,4570,28274,31079,1654147,1634206,268283,301464,37854,38622,124585,139325,8073,8245,1727972,1764636,1330723,1320283,246015,276147,14155,14948,111484,125233,3535,3572,22060,24453,1348733,1340300,251809,283468,24513,26437,120284,134701,6452,6648,334133,322743,299974,288163,13812,15069,10158,8819,2897,3068,1078,998,6214,6626,305414,293906,16474,17996,13341,12185,4301,4624,1621,1597
R,7,2020,55,4312689,2132769,2179920,1694477,1690672,266343,299828,24747,24644,113746,128192,4764,4770,28692,31814,1718399,1716943,274630,310252,38725,40141,124087,139196,8303,8560,1804335,1859006,1399484,1403929,252938,284866,14858,15997,110859,125213,3711,3755,22485,25246,1417960,1424514,258663,292398,25498,28169,119857,134700,6675,6944,328434,320914,294993,286743,13405,14962,9889,8647,2887,2979,1053,1015,6207,6568,300439,292429,15967,17854,13227,11972,4230,4496,1628,1616
R,7,2020,56,4418364,2182653,2235711,1744896,1744541,265298,299156,24619,24728,114629,130893,4486,4631,28725,31762,1768795,1770762,273441,309042,39028,40645,124812,141930,8036,8438,1867730,1923652,1462274,1465933,252170,284462,15128,16074,111899,128111,3501,3640,22758,25432,1480973,1486620,257846,291609,26357,28792,120748,137693,6488,6860,314923,312059,282622,278608,13128,14694,9491,8654,2730,2782,985,991,5967,6330,287822,284142,15595,17433,12671,11853,4064,4237,1548,1578
R,7,2020,57,4423315,2179141,2244174,1746541,1758205,260901,295317,24172,24339,115003,130361,4301,4503,28223,31449,1770054,1784034,268638,305215,38376,40315,125056,141027,7691,8222,1879797,1944463,1477590,1490612,248615,281530,15117,16029,112349,127524,3380,3581,22746,25187,1496341,1511033,254063,288672,26405,28804,121183,136756,6305,6730,299344,299711,268951,267593,12286,13787,9055,8310,2654,2837,921,922,5477,6262,273713,273001,14575,16543,11971,11511,3873,4271,1386,1492
R,7,2020,58,4440679,2184327,2256352,1764411,1782085,257932,293813,23696,24295,105987,120599,4421,4486,27880,31074,1787733,1807582,265388,303565,37870,40360,115880,131036,7853,8189,1895067,1966659,1504392,1523106,246086,280814,15041,16190,103504,117903,3555,3571,22489,25075,1523022,1543445,251330,287893,26367,29197,112160,126965,6476,6695,289260,289693,260019,258979,11846,12999,8655,8105,2483,2696,866,915,5391,5999,264711,264137,14058,15672,11503,11163,3720,4071,1377,1494
R,7,2020,59,4434489,2176392,2258097,1766768,1790953,253486,290799,22919,23904,101547,118095,4207,4235,27465,30111,1789651,1815637,260764,299935,37162,39848,111229,128145,7517,7817,1903921,1982181,1522053,1544176,242383,278208,14724,16421,99109,115499,3368,3422,22284,24455,1540399,1563977,247551,284937,26173,29410,107615,124224,6176,6445,272471,275916,244715,246777,11103,12591,8195,7483,2438,2596,839,813,5181,5656,249252,251660,13213,14998,10989,10438,3614,3921,1341,1372
R,7,2020,60,4358073,2135757,2222316,1725846,1754407,252377,289389,22762,23506,103692,121159,4167,4173,26913,29682,1748368,1778606,259424,298655,36733,39198,113190,130969,7411,7696,1869627,1953320,1486896,1513947,241382,277116,14726,16196,101346,118627,3351,3371,21926,24063,1505055,1533301,246403,283950,26008,28978,109740,127103,6108,6348,266130,268996,238950,240460,10995,12273,8036,7310,2346,2532,816,802,4987,5619,243313,245305,13021,14705,10725,10220,3450,3866,1303,1348
R,7,2020,61,4277683,2087251,2190432,1697037,1740037,241910,280810,21099,22384,97869,115360,3900,3866,25436,27975,1718231,1763068,248503,289178,34578,37602,106758,124425,6824,7045,1843351,1939107,1477915,1515116,231828,269310,13888,15518,95697,113018,3164,3168,20859,22977,1495165,1533844,236558,275496,24898,28118,103520,120960,5652,5905,243900,251325,219122,224921,10082,11500,7211,6866,2172,2342,736,698,4577,4998,223066,229224,11945,13682,9680,9484,3238,3465,1172,1140
R,7,2020,62,4241911,2064226,2177685,1685186,1739086,232609,270731,20190,21709,97909,115266,3681,3786,24651,27107,1705707,1761254,238988,278910,33357,36592,106443,124008,6538,6819,1836268,1938478,1480505,1524894,222978,259733,13564,15328,95891,113155,3001,3082,20329,22286,1497270,1542936,227573,265820,24432,27632,103482,120785,5430,5683,227958,239207,204681,214192,9631,10998,6626,6381,2018,2111,680,704,4322,4821,208437,218318,11415,13090,8925,8960,2961,3223,1108,1136
R,7,2020,63,4166306,2019234,2147072,1653812,1717397,224706,267407,19839,20967,93683,111511,3592,3579,23602,26211,1673402,1738912,230886,275231,32719,35835,101650,119498,6289,6585,1801906,1916166,1458779,1510547,215613,256799,13213,14805,91775,109479,2962,2928,19564,21608,1474856,1528065,220116,262618,23883,27234,98896,116438,5300,5497,217328,230906,195033,206850,9093,10608,6626,6162,1908,2032,630,651,4038,4603,198546,210847,10770,12613,8836,8601,2754,3060,989,1088
R,7,2020,64,3983145,1918669,2064476,1572366,1650929,210789,254596,18454,20121,91567,110278,3221,3444,22272,25108,1590946,1671456,216516,262091,30563,34336,99002,118071,5826,6239,1714599,1844353,1389308,1453701,202237,244526,12275,14421,89753,108204,2642,2877,18384,20624,1404494,1470378,206331,250034,22269,26298,96363,114977,4891,5250,204070,220123,183058,197228,8552,10070,6179,5700,1814,2074,579,567,3888,4484,186452,201078,10185,12057,8294,8038,2639,3094,935,989
R,7,2020,65,3890494,1866400,2024094,1535255,1624652,200447,244218,17570,18957,88781,109138,3059,3343,21288,23786,1552836,1644040,205951,251316,29379,32294,95844,116587,5569,6080,1672984,1812840,1361099,1434521,192361,234980,12033,13668,87115,107268,2543,2764,17833,19639,1375692,1450288,196405,240254,21978,24828,93436,113814,4725,5129,193416,211254,174156,190131,8086,9238,5537,5289,1666,1870,516,579,3455,4147,177144,193752,9546,11062,7401,7466,2408,2773,844,951
R,7,2020,66,3753128,1790988,1962140,1483544,1584337,185226,231645,16110,17800,83747,103090,2803,3117,19558,22151,1499893,1602354,190180,238220,27246,30596,90032,109717,4942,5694,1615031,1766042,1324899,1407558,177744,223173,11225,12988,82340,101352,2355,2575,16468,18396,1338549,1422328,181354,228070,20703,23792,87964,107191,4244,4821,175957,196098,158645,176779,7482,8472,4885,4812,1407,1738,448,542,3090,3755,161344,180026,8826,10150,6543,6804,2068,2526,698,873
R,7,2020,67,3597149,1708971,1888178,1423059,1532883,170096,216200,14981,16571,79948,98681,2689,2909,18198,20934,1438205,1550011,174561,222258,25296,28722,85866,105023,4764,5307,1546668,1704728,1276641,1367211,163360,208217,10514,12190,78550,97122,2272,2433,15331,17555,1289294,1381388,166608,212815,19303,22540,83842,102703,4084,4531,162303,183450,146418,165672,6736,7983,4467,4381,1398,1559,417,476,2867,3379,148911,168623,7953,9443,5993,6182,2024,2320,680,776
R,7,2020,68,3461629,1639010,1822619,1372253,1484799,158486,205778,13658,15522,75320,94633,2523,2778,16770,19109,1386164,1500460,162657,211228,23334,26852,80643,100231,4527,4987,1488881,1651398,1236421,1330132,152337,198257,9714,11464,74049,93149,2151,2346,14209,16050,1248107,1343119,155433,202378,17974,21179,78835,98082,3899,4256,150129,171221,135832,154667,6149,7521,3944,4058,1271,1484,372,432,2561,3059,138057,157341,7224,8850,5360,5673,1808,2149,628,731
R,7,2020,69,3294116,1548522,1745594,1295806,1419461,151547,200255,13030,14726,70100,90488,2286,2518,15753,18146,1308902,1434253,155459,205620,22311,25568,74933,95668,4115,4603,1406806,1582716,1167454,1272379,145740,193179,9377,10791,68923,89010,1965,2132,13347,15225,1178447,1284618,148636,197272,17341,20084,73250,93534,3594,3937,141716,162878,128352,147082,5807,7076,3653,3935,1177,1478,321,386,2406,2921,130455,149635,6823,8348,4970,5484,1683,2134,521,666
R,7,2020,70,3142751,1472604,1670147,1227736,1354530,143004,189863,12459,13873,71945,92051,2321,2485,15139,17345,1240275,1368591,146780,194981,21453,24086,76571,97192,4084,4533,1340317,1514600,1107975,1213846,137517,182986,9088,10385,70875,90685,1952,2120,12910,14578,1118600,1225522,140375,186874,16809,19159,75011,95175,3527,3915,132287,155547,119761,140684,5487,6877,3371,3488,1070,1366,369,365,2229,2767,121675,143069,6405,8107,4644,4927,1560,2017,557,618
R,7,2020,71,3059022,1429102,1629920,1203274,1336494,131464,176915,11675,13029,66495,84762,2230,2405,13964,16315,1214884,1349892,134810,181617,20021,22888,70743,89309,3885,4239,1307426,1485786,1092913,1205770,126595,170760,8557,9778,65474,83578,1902,2049,11985,13851,1102814,1217044,129114,174355,15836,18373,69265,87580,3352,3652,121676,144134,110361,130724,4869,6155,3118,3251,1021,1184,328,356,1979,2464,112070,132848,5696,7262,4185,4515,1478,1729,533,587
R,7,2020,72,2993466,1398297,1595169,1187045,1320294,122299,165889,10855,12254,62855,78872,1992,2199,13251,15661,1198099,1333215,125515,170267,18843,21715,66757,83258,3536,3988,1283094,1457592,1082377,1195393,117694,160127,8055,9247,61934,77706,1699,1872,11335,13247,1091741,1206187,120155,163470,14985,17452,65413,81564,3083,3448,115203,137577,104668,124901,4605,5762,2800,3007,921,1166,293,327,1916,2414,106358,127028,5360,6797,3858,4263,1344,1694,453,540
R,7,2020,73,3150841,1480270,1670571,1277870,1409084,116741,157516,11031,11980,59403,74408,1893,1932,13332,15651,1289080,1422126,119885,161879,19296,21692,63108,78597,3430,3618,1369742,1537841,1177210,1288262,112541,152049,8272,9185,58569,73294,1632,1648,11518,13403,1186851,1299322,114957,155450,15581,17695,61819,77000,2983,3154,110528,132730,100660,120822,4200,5467,2759,2795,834,1114,261,284,1814,2248,102229,122804,4928,6429,3715,3997,1289,1597,447,464
R,7,2020,74,2227932,1027077,1200855,871413,993733,87281,123049,8048,9269,48770,61153,1653,1712,9912,11939,879715,1003592,89662,126354,13928,16264,51758,64656,2858,3141,937036,1087525,789447,890779,83693,118134,5870,6928,48104,60232,1430,1475,8492,9977,796533,898934,85462,120589,10996,12893,50779,63294,2496,2743,90041,113330,81966,102954,3588,4915,2178,2341,666,921,223,237,1420,1962,83182,104658,4200,5765,2932,3371,979,1362,362,398
R,7,2020,75,2132711,975730,1156981,829086,959085,82763,118570,7493,8789,45514,57609,1398,1602,9476,11326,837031,968449,84997,121688,13160,15465,48286,60894,2615,2966,892854,1052237,753568,863546,79602,114279,5544,6661,44834,56764,1198,1374,8108,9613,760303,871427,81279,116641,10476,12462,47307,59647,2280,2582,82876,104744,75518,95539,3161,4291,1949,2128,680,845,200,228,1368,1713,76728,97022,3718,5047,2684,3003,979,1247,335,384
R,7,2020,76,2071365,941632,1129733,806390,946030,76210,110287,6937,8197,42241,52989,1304,1420,8550,10810,813580,954973,78153,113329,12066,14706,44744,55958,2396,2729,867131,1031996,738369,856711,73268,106469,5196,6209,41719,52186,1144,1231,7435,9190,744578,864258,74777,108801,9753,11869,43958,54807,2123,2393,74501,97737,68021,89319,2942,3818,1741,1988,522,803,160,189,1115,1620,69002,90715,3376,4528,2313,2837,786,1151,273,336
R,7,2020,77,2086085,942660,1143425,816169,968418,71774,107473,6410,7726,39039,48170,1132,1295,8136,10343,823046,977050,73630,110302,11437,14051,41270,50935,2121,2484,873561,1050231,752989,883517,69070,103535,4931,5849,38497,47458,1001,1109,7073,8763,758976,890781,70480,105638,9418,11391,40465,49863,1869,2170,69099,93194,63180,84901,2704,3938,1479,1877,542,712,131,186,1063,1580,64070,86269,3150,4664,2019,2660,805,1072,252,314
R,7,2020,78,1779979,795850,984129,683802,826881,62199,94286,5649,6763,36081,46133,975,1183,7144,8883,689769,834275,63867,96666,10028,12163,38132,48578,1818,2177,734687,901394,627807,751080,59823,91099,4359,5118,35635,45489,848,987,6215,7621,632969,757367,61123,92933,8246,9861,37467,47650,1596,1884,61163,82735,55995,75801,2376,3187,1290,1645,446,644,127,196,929,1262,56800,76908,2744,3733,1782,2302,665,928,222,293
R,7,2020,79,1590706,702779,887927,602043,743447,55512,87341,5081,6157,32900,41802,917,1012,6326,8168,607371,750219,56942,89548,8915,11079,34755,44121,1688,1992,646896,811080,550877,672962,53363,84328,3899,4757,32489,41216,811,857,5457,6960,555450,678703,54433,86016,7283,9047,34137,43249,1493,1722,55883,76847,51166,70485,2149,3013,1182,1400,411,586,106,155,869,1208,51921,71516,2509,3532,1632,2032,618,872,195,270
R,7,2020,80,1450397,632687,817710,539393,682395,50858,81636,4687,5738,31032,39332,851,1038,5866,7571,544311,688677,52202,83724,8152,10257,32841,41457,1560,1915,580800,745177,491937,616010,48877,78719,3560,4385,30612,38777,725,850,5089,6436,496195,621305,49900,80308,6607,8312,32232,40642,1363,1621,51887,72533,47456,66385,1981,2917,1127,1353,420,555,126,188,777,1135,48116,67372,2302,3416,1545,1945,609,815,197,294
R,7,2020,81,1341589,580884,760705,498521,640129,44814,72657,3951,5098,27787,35112,704,937,5107,6772,502841,645766,45988,74470,6984,9121,29313,37031,1324,1771,533745,693814,455333,578731,42950,69994,2989,3919,27442,34604,608,803,4423,5763,459046,583520,43846,71353,5663,7432,28806,36283,1174,1524,47139,66891,43188,61398,1864,2663,962,1179,345,508,96,134,684,1009,43795,62246,2142,3117,1321,1689,507,748,150,247
R,7,2020,82,1247128,531512,715616,456870,602642,40289,68310,3604,4845,25377,32835,651,848,4721,6136,460846,607739,41379,69998,6421,8405,26785,34608,1186,1583,488612,653267,417424,545532,38699,65765,2795,3710,25064,32382,549,688,4081,5190,420843,549808,39520,67050,5282,6808,26324,33928,1018,1325,42900,62349,39446,57110,1590,2545,809,1135,313,453,102,160,640,946,40003,57931,1859,2948,1139,1597,461,680,168,258
R,7,2020,83,1106538,464818,641720,399018,540017,35401,61338,3134,4201,22544,29784,590,763,4131,5617,402558,544719,36350,62852,5543,7458,23830,31409,1052,1448,426589,585400,363930,488317,33908,59103,2394,3196,22264,29335,509,638,3584,4811,366985,492312,34618,60265,4539,6048,23418,30777,919,1244,38229,56320,35088,51700,1493,2235,740,1005,280,449,81,125,547,806,35573,52407,1732,2587,1004,1410,412,632,133,204
R,7,2020,84,1014680,420007,594673,360805,500342,32192,57470,2793,3881,20048,27250,499,658,3670,5072,363882,504544,33037,58884,4893,6874,21211,28693,962,1217,385232,542798,328786,452652,30859,55466,2145,2955,19808,26870,434,556,3200,4299,331466,456194,31494,56543,4007,5546,20859,28129,846,1051,34775,51875,32019,47690,1333,2004,648,926,240,380,65,102,470,773,32416,48350,1543,2341,886,1328,352,564,116,166
R,7,2020,85,926436,375194,551242,323229,465692,28034,52109,2448,3485,17808,24725,457,595,3218,4636,325943,469514,28780,53356,4281,6162,18803,26085,883,1156,344084,503200,294492,421486,26904,50260,1890,2614,17582,24370,399,496,2817,3974,296858,424738,27491,51225,3529,4971,18467,25565,782,982,31110,48042,28737,44206,1130,1849,558,871,226,355,58,99,401,662,29085,44776,1289,2131,752,1191,336,520,101,174
R,7,2020,86,793041,315605,477436,271824,403180,23394,45116,1972,2863,15283,21691,413,522,2719,4064,274131,406596,24021,46237,3490,5156,16166,22942,754,1001,289524,436536,247721,365505,22490,43544,1484,2151,15106,21385,351,452,2372,3499,249731,368439,22975,44404,2829,4164,15894,22492,654,874,26081,40900,24103,37675,904,1572,488,712,177,306,62,70,347,565,24400,38157,1046,1833,661,992,272,450,100,127
R,7,2020,87,726255,282996,443259,244708,375376,20362,40721,1763,2623,13453,20495,341,447,2369,3597,246726,378358,20909,41694,3067,4668,14244,21566,619,918,260549,406500,223974,341398,19539,39353,1361,2018,13290,20236,298,388,2087,3107,225742,343958,19975,40121,2529,3824,14002,21187,547,809,22447,36759,20734,33978,823,1368,402,605,163,259,43,59,282,490,20984,34400,934,1573,538,844,242,379,72,109
R,7,2020,88,651628,246490,405138,214531,345595,16757,35621,1445,2309,11427,17938,300,395,2030,3280,216257,348341,17231,36534,2555,4168,12102,18869,570,803,226589,371862,196022,314836,16119,34394,1090,1756,11290,17710,263,345,1805,2821,197556,317179,16504,35121,2078,3387,11908,18535,508,696,19901,33276,18509,30759,638,1227,355,553,137,228,37,50,225,459,18701,31162,727,1413,477,781,194,334,62,107
R,7,2020,89,576842,212171,364671,185558,312686,13748,30719,1176,1970,9718,16117,258,348,1713,2831,187012,315037,14144,31525,2129,3574,10287,16942,479,698,194859,335020,169450,285235,13202,29662,877,1468,9619,15932,226,300,1485,2423,170710,287233,13506,30287,1713,2867,10124,16656,418,617,17312,29651,16108,27451,546,1057,299,502,99,185,32,48,228,408,16302,27804,638,1238,416,707,163,286,61,81
R,7,2020,90,502822,178587,324235,155641,277556,11691,27464,1077,1762,8493,14623,222,324,1463,2506,156876,279647,12034,28164,1888,3194,8975,15351,408,626,163887,297979,141975,253167,11204,26577,801,1337,8418,14458,201,278,1288,2162,143063,254963,11479,27109,1517,2605,8850,15103,366,544,14700,26256,13666,24389,487,887,276,425,75,165,21,46,175,344,13813,24684,555,1055,371,589,125,248,42,82
R,7,2020,91,418206,142872,275334,124957,236516,9035,22945,819,1326,6714,12141,166,279,1181,2127,125941,238278,9319,23561,1500,2546,7079,12733,323,546,131365,253865,114274,216616,8661,22176,620,992,6640,12005,147,244,1023,1832,115124,218121,8883,22669,1226,2065,6960,12524,281,480,11507,21469,10683,19900,374,769,199,334,74,136,19,35,158,295,10817,20157,436,892,274,481,119,209,42,66
R,7,2020,92,354672,115743,238929,101399,205935,7119,19379,649,1196,5505,10366,116,217,955,1836,102208,207458,7338,19893,1160,2236,5826,10891,248,470,106682,221066,92954,189402,6834,18728,496,894,5458,10251,100,185,840,1606,93665,190721,7014,19138,949,1823,5749,10724,217,407,9061,17863,8445,16533,285,651,153,302,47,115,16,32,115,230,8543,16737,324,755,211,413,77,167,31,63
R,7,2020,93,289001,90108,198893,78718,171494,5587,16080,492,1014,4451,8634,88,172,772,1499,79370,172754,5781,16494,928,1867,4689,9059,180,359,83323,184729,72363,158407,5390,15545,395,773,4416,8540,76,149,683,1315,72939,159507,5549,15875,783,1536,4629,8919,156,317,6785,14164,6355,13087,197,535,97,241,35,94,12,23,89,184,6431,13247,232,619,145,331,60,140,24,42
R,7,2020,94,226677,67498,159179,58770,136924,4255,13007,361,774,3471,7088,68,157,573,1229,59254,137941,4403,13364,688,1459,3646,7432,140,317,62282,147773,53930,126341,4087,12610,274,592,3436,7014,60,136,495,1080,54346,127235,4200,12903,561,1207,3588,7320,121,277,5216,11406,4840,10583,168,397,87,182,35,74,8,21,78,149,4908,10706,203,461,127,252,58,112,19,40
R,7,2020,95,178502,50244,128258,43523,110376,3157,10285,286,615,2780,5825,43,129,455,1028,43903,111230,3266,10621,536,1215,2930,6074,107,234,46533,119458,40068,102229,3047,9955,220,483,2755,5762,38,114,405,915,40408,102988,3134,10242,446,1029,2890,5981,93,205,3711,8800,3455,8147,110,330,66,132,25,63,5,15,50,113,3495,8242,132,379,90,186,40,93,14,29
R,7,2020,96,134058,35947,98111,31039,84620,2226,7677,194,470,2129,4528,43,93,316,723,31304,85225,2318,7889,367,876,2232,4737,81,189,33279,91803,28554,78786,2142,7443,149,363,2114,4486,39,83,281,642,28791,79324,2216,7618,307,728,2207,4672,71,168,2668,6308,2485,5834,84,234,45,107,15,42,4,10,35,81,2513,5901,102,271,60,148,25,65,10,21
R,7,2020,97,97608,25268,72340,21621,62040,1598,5814,151,330,1633,3520,22,68,243,568,21819,62500,1666,5985,278,661,1720,3670,59,147,23361,67713,19848,57730,1540,5650,118,265,1621,3494,20,62,214,512,20024,58143,1597,5796,229,567,1700,3629,50,133,1907,4627,1773,4310,58,164,33,65,12,26,2,6,29,56,1795,4357,69,189,49,94,20,41,9,14
R,7,2020,98,68327,16257,52070,13755,44663,1034,4177,92,240,1186,2505,17,61,173,424,13901,45008,1085,4318,185,472,1246,2622,43,120,15116,48812,12693,41654,1002,4052,77,193,1174,2481,14,54,156,378,12824,41960,1045,4172,161,402,1230,2587,37,108,1141,3258,1062,3009,32,125,15,47,12,24,3,7,17,46,1077,3048,40,146,24,70,16,35,6,12
R,7,2020,99,47807,10966,36841,9305,31472,679,2940,60,182,792,1881,13,40,117,326,9404,31733,711,3051,120,365,832,1966,32,83,10250,34675,8647,29480,655,2863,47,146,788,1869,11,36,102,281,8734,29705,682,2957,99,308,825,1939,27,73,716,2166,658,1992,24,77,13,36,4,12,2,4,15,45,670,2028,29,94,21,57,7,27,5,10
R,7,2020,100,75983,14524,61459,11718,50633,1046,5728,99,319,1453,4139,27,71,181,569,11860,51086,1106,5941,193,624,1511,4293,60,157,13540,57980,10822,47443,1014,5588,79,275,1444,4112,24,65,157,497,10948,47833,1064,5766,160,546,1494,4247,50,139,984,3479,896,3190,32,140,20,44,9,27,3,6,24,72,912,3253,42,175,33,78,17,46,10,18
R,8,2020,999,331651901,164276291,167375610,125541570,126171719,21613898,23317238,2177246,2129227,9740568,10505985,434016,419016,4768993,4832425,129796530,130460321,23784622,25563028,3555274,3563589,11517479,12270900,850751,837857,132717451,136626205,97980670,99368887,20036249,21698100,1191491,1220928,9412057,10179447,313406,306503,3783578,3852340,101355161,102784754,21742075,23473113,2163022,2253418,10918127,11674377,640403,636643,31558840,30749405,27560900,26802832,1577649,1619138,985755,908299,328511,326538,120610,112513,985415,980085,28441369,27675567,2042547,2089915,1392252,1310171,599352,596523,210348,201214
R,8,2020,0,3692630,1888041,1804589,1309079,1248854,301213,291776,35016,33464,111255,104756,6982,6598,124496,119141,1423600,1358434,370286,358031,58110,55633,157191,148547,15507,14683,1392997,1329069,906685,862041,265536,257361,13626,13128,103556,97455,4259,3962,99335,95122,998563,950000,321446,311020,28359,27296,141674,133827,10507,9897,495044,475520,402394,386813,35677,34415,21390,20336,7699,7301,2723,2636,25161,24019,425037,408434,48840,47011,29751,28337,15517,14720,5000,4786
R,8,2020,1,3760621,1920739,1839882,1335246,1275621,302921,295469,35764,34379,115077,108363,7278,6833,124453,119217,1449648,1385214,371828,361673,58908,56659,161115,152205,15825,14928,1418863,1355098,926589,880377,267166,260797,14245,13794,107116,100851,4448,4191,99299,95088,1018345,968245,322865,314348,29046,28039,145381,137248,10748,10153,501876,484784,408657,395244,35755,34672,21519,20585,7961,7512,2830,2642,25154,24129,431303,416969,48963,47325,29862,28620,15734,14957,5077,4775
R,8,2020,2,3843037,1964382,1878655,1364563,1301768,308644,300973,36471,34626,120810,113312,7344,6963,126550,121013,1480887,1412992,378432,368042,60036,57235,167808,157924,16067,15213,1454892,1387844,948203,900228,273436,266865,14321,13823,113028,105848,4593,4328,101311,96752,1041802,989599,330039,321221,29424,28335,152264,143015,11052,10421,509490,490811,416360,401540,35208,34108,22150,20803,7782,7464,2751,2635,25239,24261,439085,423393,48393,46821,30612,28900,15544,14909,5015,4792
R,8,2020,3,3924768,2008575,1916193,1399204,1331352,310446,301953,35780,34541,127844,119656,7499,7112,127802,121579,1516598,1443083,380004,368850,59771,57515,176011,164684,16473,15497,1489620,1416683,971033,919677,275903,268406,15357,14660,120095,112265,4807,4471,102425,97204,1065545,1009434,332240,322596,30874,29469,160444,149795,11513,10670,518955,499510,428171,411675,34543,33547,20423,19881,7749,7391,2692,2641,25377,24375,451053,433649,47764,46254,28897,28046,15567,14889,4960,4827
R,8,2020,4,4034536,2061902,1972634,1451874,1383350,311330,304998,35421,34119,126781,119498,7407,7094,129089,123575,1570522,1496961,381266,372463,60030,57709,175317,165455,16468,15661,1529156,1460666,1009096,957811,277178,271915,15886,15342,118971,112152,4691,4481,103334,98965,1104521,1049240,333856,326631,31824,30642,159508,150529,11427,10842,532746,511968,442778,425539,34152,33083,19535,18777,7810,7346,2716,2613,25755,24610,466001,447721,47410,45832,28206,27067,15809,14926,5041,4819
R,8,2020,5,4072446,2080454,1991992,1463944,1397258,316758,308994,35021,34049,128598,121015,7338,7109,128795,123567,1582334,1510854,386540,376414,59728,57707,176842,166946,16377,15664,1547685,1477307,1020069,968887,282270,275530,16268,15555,121094,113797,4686,4506,103298,99032,1115456,1060359,338828,330224,32380,30907,161523,152224,11448,10895,532769,514685,443875,428371,34488,33464,18753,18494,7504,7218,2652,2603,25497,24535,466878,450495,47712,46190,27348,26800,15319,14722,4929,4769
R,8,2020,6,4067766,2082399,1985367,1468780,1394071,317532,308852,35325,34093,126071,119266,7074,6797,127617,122288,1586114,1506481,386258,375675,59981,57657,174063,164474,16154,15359,1552153,1476903,1026971,970752,282780,275417,16595,15912,118883,112449,4590,4397,102334,97976,1121516,1061240,338441,329639,32714,31250,159094,150221,11354,10775,530246,508464,441809,423319,34752,33435,18730,18181,7188,6817,2484,2400,25283,24312,464598,445241,47817,46036,27267,26407,14969,14253,4800,4584
R,8,2020,7,4047263,2068583,1978680,1458035,1390582,315532,307401,35103,33799,126988,119804,7038,6721,125887,120373,1573655,1501058,382900,372683,59551,57287,174680,164688,16184,15279,1542926,1471753,1018863,967277,281731,274754,16750,16024,120058,113011,4617,4337,100907,96350,1111968,1056113,336251,327619,32737,31367,160042,150523,11408,10646,525657,506927,439172,423305,33801,32647,18353,17775,6930,6793,2421,2384,24980,24023,461687,444945,46649,45064,26814,25920,14638,14165,4776,4633
R,8,2020,8,4056069,2075382,1980687,1468839,1397783,316339,306454,35956,34728,123103,116500,6832,6570,124313,118652,1582981,1506703,382998,370562,60481,58174,169797,160654,15812,15095,1544405,1469597,1024587,970044,282941,274414,16823,16174,116303,109932,4422,4235,99329,94798,1116209,1057481,336735,326216,32805,31459,155369,146800,11073,10534,530977,511090,444252,427739,33398,32040,19133,18554,6800,6568,2410,2335,24984,23854,466772,449222,46263,44346,27676,26715,14428,13854,4739,4561
R,8,2020,9,4103815,2105184,1998631,1498831,1418410,319460,308609,34804,33543,120402,113449,6753,6419,124934,118201,1613613,1526910,386405,372308,59714,57291,167077,157295,15795,14902,1559879,1476291,1037967,977701,287190,277208,17143,16203,113733,107086,4367,4139,99479,93954,1129768,1064340,341133,328437,33331,31614,152622,143565,11039,10364,545305,522340,460864,440709,32270,31401,17661,17340,6669,6363,2386,2280,25455,24247,483845,462570,45272,43871,26383,25677,14455,13730,4756,4538
R,8,2020,10,4183149,2142817,2040332,1534806,1455764,323597,312180,34212,33023,118890,113221,6475,6279,124837,119865,1649768,1565930,390565,377049,59372,57459,164909,156935,15344,14732,1581862,1503093,1056596,997766,292233,282004,17297,16939,112477,107172,4333,4182,98926,95030,1148097,1085472,345979,333988,33473,32793,150721,143573,10877,10382,560955,537239,478210,457998,31364,30176,16915,16084,6413,6049,2142,2097,25911,24835,501671,480458,44586,43061,25899,24666,14188,13362,4467,4350
R,8,2020,11,4264861,2183438,2081423,1570250,1489837,331420,321123,34446,33133,117720,112824,6556,6443,123046,118063,1683356,1598436,397550,385376,59377,56680,162781,155501,15166,14750,1614798,1537260,1083689,1024503,299995,290606,17883,17277,111293,106766,4438,4349,97500,93759,1173690,1111124,353223,342439,33869,32394,148784,142396,10790,10475,568640,544163,486561,465334,31425,30517,16563,15856,6427,6058,2118,2094,25546,24304,509666,487312,44327,42937,25508,24286,13997,13105,4376,4275
R,8,2020,12,4433647,2271188,2162459,1636739,1550749,345087,334348,35996,34314,122551,117144,6746,6509,124069,119395,1750660,1660398,411828,399613,60971,58399,167809,159984,15680,14761,1679229,1598855,1128458,1067529,312695,303219,18603,17991,116168,111013,4585,4341,98720,94762,1219442,1154871,366725,355979,34734,33394,153967,146690,11183,10440,591959,563604,508281,483220,32392,31129,17393,16323,6383,6131,2161,2168,25349,24633,531218,505527,45103,43634,26237,25005,13842,13294,4497,4321
R,8,2020,13,4437305,2273074,2164231,1645299,1560870,343954,331938,36411,34608,120774,114722,6680,6578,119956,115515,1755476,1666758,408142,394454,61111,58407,164492,156214,15345,14878,1682709,1600305,1137740,1075967,312149,301402,18595,18138,114360,108746,4564,4402,95301,91650,1225638,1160270,364011,351991,34560,33382,150740,143337,10976,10516,590365,563926,507559,484903,31805,30536,17816,16470,6414,5976,2116,2176,24655,23865,529838,506488,44131,42463,26551,25025,13752,12877,4369,4362
R,8,2020,14,4360520,2231532,2128988,1625543,1542469,331774,323045,35406,33823,118223,114046,6540,6303,114046,109302,1730199,1642726,391971,381353,59332,56657,160244,153779,14767,14116,1658611,1580586,1131145,1069416,301720,293788,18323,17777,112061,108406,4453,4254,90909,86945,1214855,1149437,350552,341155,33809,32493,147303,141583,10571,10018,572921,548402,494398,473053,30054,29257,17083,16046,6162,5640,2087,2049,23137,22357,515344,493289,41419,40198,25523,24164,12941,12196,4196,4098
R,8,2020,15,4312990,2205799,2107191,1613803,1530810,324079,314736,34688,33634,118498,116928,6518,6327,108213,104756,1712904,1626566,380477,369838,57984,56051,158603,155317,14317,13855,1647593,1573928,1130992,1069745,295012,286840,18111,17631,112705,111463,4471,4414,86302,83835,1210324,1146603,340784,331778,33219,32180,146402,143818,10267,10067,558206,533263,482811,461065,29067,27896,16577,16003,5793,5465,2047,1913,21911,20921,502580,479963,39693,38060,24765,23871,12201,11499,4050,3788
R,8,2020,16,4323550,2209917,2113633,1624326,1541609,321033,312673,33926,32867,119719,119016,6349,6045,104564,101423,1720050,1634386,374754,365295,56770,55088,158795,156458,14042,13456,1663657,1589277,1150418,1087101,293042,285793,18033,17345,113997,113599,4438,4206,83729,81233,1227353,1161608,336728,328710,33094,32077,146948,145153,10229,9726,546260,524356,473908,454508,27991,26880,15893,15522,5722,5417,1911,1839,20835,20190,492697,472778,38026,36585,23676,23011,11847,11305,3813,3730
R,8,2020,17,4292841,2193670,2099171,1616110,1533720,317697,310712,33486,32178,120267,119622,6268,5989,99842,96950,1707280,1622320,368707,360309,55989,54125,157340,155585,13757,13072,1657250,1583717,1150258,1085760,290175,284739,17666,17032,114717,114286,4382,4205,80052,77695,1223606,1157016,331763,325187,32575,31618,146009,144562,10009,9594,536420,515454,465852,447960,27522,25973,15820,15146,5550,5336,1886,1784,19790,19255,483674,465304,36944,35122,23414,22507,11331,11023,3748,3478
R,8,2020,18,4279233,2186213,2093020,1609560,1528542,321736,315079,33449,31738,119572,117979,6064,5871,95832,93811,1696978,1613855,370378,363319,55702,53819,154945,152087,13253,12877,1656599,1586381,1148871,1087608,294716,289369,17864,17134,114187,112896,4286,4111,76675,75263,1219023,1156323,334387,328773,32552,31893,143955,141607,9774,9451,529614,506639,460689,440934,27020,25710,15585,14604,5385,5083,1778,1760,19157,18548,477955,457532,35991,34546,23150,21926,10990,10480,3479,3426
R,8,2020,19,4344791,2218778,2126013,1629508,1550476,329075,322564,33219,31865,125436,122939,5990,5879,95550,92290,1716348,1634453,377374,369586,55954,53847,160759,156617,13201,12901,1691889,1622615,1170704,1111763,302284,297270,18017,17458,120137,117957,4268,4070,76479,74097,1240336,1179397,341547,335747,33278,32262,150001,146437,9736,9410,526889,503398,458804,438713,26791,25294,15202,14407,5299,4982,1722,1809,19071,18193,476012,455056,35827,33839,22676,21585,10758,10180,3465,3491
R,8,2020,20,4354808,2223643,2131165,1631325,1550552,335073,329155,33742,32207,124531,122945,6135,5819,92837,90487,1715796,1632456,381867,375481,56656,54449,158200,155514,13147,12715,1701403,1633109,1175995,1116740,308751,303889,18498,17708,119319,117981,4393,4125,74447,72666,1243867,1182680,346850,341717,33960,32859,147873,145448,9773,9379,522240,498056,455330,433812,26322,25266,15244,14499,5212,4964,1742,1694,18390,17821,471929,449776,35017,33764,22696,21590,10327,10066,3374,3336
R,8,2020,21,4280034,2184487,2095547,1606888,1529296,326914,321487,32621,31647,121963,120166,6080,5616,90021,87335,1688587,1608288,372057,366022,55158,53751,154413,151219,13226,12347,1678336,1611463,1165462,1107438,301319,296943,18078,17613,116837,115309,4340,4022,72300,70138,1231225,1170995,338178,333416,33530,32840,144262,141382,9830,9194,506151,484084,441426,421858,25595,24544,14543,14034,5126,4857,1740,1594,17721,17197,457362,437293,33879,32606,21628,20911,10151,9837,3396,3153
R,8,2020,22,4274350,2179122,2095228,1598530,1524378,328086,323092,32503,31627,126833,125433,6056,5707,87114,84991,1677287,1601391,371478,365966,54779,53502,158050,155462,12893,12194,1680406,1618148,1163139,1108140,303120,299117,17934,17699,121817,120599,4375,4091,70021,68502,1226547,1170355,338599,334263,33230,32907,148248,145983,9688,9107,498716,477080,435391,416238,24966,23975,14569,13928,5016,4834,1681,1616,17093,16489,450740,431036,32879,31703,21549,20595,9802,9479,3205,3087
R,8,2020,23,4271190,2174443,2096747,1593281,1524556,325460,321539,32097,31099,133539,131351,6059,5649,84007,82553,1669286,1598987,366576,362549,54281,53094,163887,160677,12688,12151,1681142,1625020,1162481,1112458,300969,298252,17682,17411,128593,126619,4373,4092,67044,66188,1223287,1172181,334181,331641,32875,32662,154227,151426,9484,9119,493301,471727,430800,412098,24491,23287,14415,13688,4946,4732,1686,1557,16963,16365,445999,426806,32395,30908,21406,20432,9660,9251,3204,3032
R,8,2020,24,4301605,2190882,2110723,1605341,1533363,324637,322457,32205,30825,140126,137940,6256,5862,82317,80276,1679692,1605635,364208,361740,54629,52746,169910,166775,12854,12385,1700127,1641117,1176224,1122571,300530,299527,17834,17200,135293,133163,4524,4225,65722,64431,1235685,1180658,332507,331492,33204,32427,160561,157566,9663,9361,490755,469606,429117,410792,24107,22930,14371,13625,4833,4777,1732,1637,16595,15845,444007,424977,31701,30248,21425,20319,9349,9209,3191,3024
R,8,2020,25,4380760,2230298,2150462,1627154,1555823,339676,335676,32562,31486,144001,142600,6430,6218,80475,78659,1699300,1626197,377807,373982,55310,53493,173197,170778,13187,12823,1736072,1677227,1194606,1141976,315116,312032,18265,17678,139079,137852,4688,4521,64318,63168,1252255,1198560,345878,343087,34150,33211,163932,161727,9959,9729,494226,473235,432548,413847,24560,23644,14297,13808,4922,4748,1742,1697,16157,15491,447045,427637,31929,30895,21160,20282,9265,9051,3228,3094
R,8,2020,26,4462851,2270949,2191902,1648574,1576456,355372,351012,33011,32270,149298,148187,6450,6390,78244,77587,1718334,1645546,391568,388021,55945,54913,177945,176033,13354,13011,1772705,1716486,1211890,1160685,330464,327158,18787,18227,144478,143436,4748,4694,62338,62286,1267439,1216145,359529,357157,34821,34317,168814,167067,10153,9898,498244,475416,436684,415771,24908,23854,14224,14043,4820,4751,1702,1696,15906,15301,450895,429401,32039,30864,21124,20596,9131,8966,3201,3113
R,8,2020,27,4547900,2312884,2235016,1675408,1602471,368070,362515,34345,33186,153294,155466,6731,6439,75036,74939,1742060,1668932,401995,397533,56863,55821,181172,182502,13434,13017,1809529,1757683,1234148,1184656,342602,338508,19525,19118,148551,150664,4905,4733,59798,60004,1287272,1237879,369673,366614,35310,35205,172369,173730,10207,9902,503355,477333,441260,417815,25468,24007,14820,14068,4743,4802,1826,1706,15238,14935,454788,431053,32322,30919,21553,20616,8803,8772,3227,3115
R,8,2020,28,4648309,2357665,2290644,1709456,1641464,373262,370911,35706,33787,158793,163690,6904,6598,73544,74194,1774390,1706863,405168,404462,58599,56344,186569,191448,13708,13366,1847651,1808256,1262792,1219848,347383,345855,20327,19684,153936,158729,4974,4857,58239,59283,1314152,1272113,372404,372562,36378,35723,177716,182430,10373,10126,510014,482388,446664,421616,25879,25056,15379,14103,4857,4961,1930,1741,15305,14911,460238,434750,32764,31900,22221,20621,8853,9018,3335,3240
R,8,2020,29,4726302,2389633,2336669,1733517,1671755,375815,378866,35696,33223,166744,173202,7612,6968,70249,72655,1794605,1735038,405608,411582,57570,55096,194422,201333,14686,14009,1882531,1861962,1291064,1259048,349135,352651,20144,19499,161545,167861,5540,5184,55103,57719,1338806,1309201,372151,378454,35276,34874,185181,191827,11124,10806,507102,474707,442453,412707,26680,26215,15552,13724,5199,5341,2072,1784,15146,14936,455799,425837,33457,33128,22294,20222,9241,9506,3562,3203
R,8,2020,30,4751328,2400663,2350665,1749545,1685728,370868,377327,35376,32655,171172,178888,7785,7171,65917,68896,1807003,1745914,398039,407679,55886,53851,197715,205488,14435,13782,1893327,1882185,1306335,1278486,344276,350932,19642,19220,165918,173668,5582,5366,51574,54513,1351090,1325951,365029,374615,33808,34045,188658,196438,10848,10637,507336,468480,443210,407242,26592,26395,15734,13435,5254,5220,2203,1805,14343,14383,455913,419963,33010,33064,22078,19806,9057,9050,3587,3145
R,8,2020,31,4619722,2335994,2283728,1709374,1638061,351189,361096,34210,31146,172202,182227,7660,6852,61359,64346,1762853,1694031,376034,389000,53702,50898,196841,207592,13808,13160,1846746,1836457,1281848,1248871,325702,335895,18710,18276,167187,177091,5606,5175,47693,51149,1323239,1293170,344345,357680,31995,32200,188337,198969,10533,10242,489248,447271,427526,389190,25487,25201,15500,12870,5015,5136,2054,1677,13666,13197,439614,400861,31689,31320,21707,18698,8504,8623,3275,2918
R,8,2020,32,4547264,2297349,2249915,1696595,1627611,331383,343599,33911,30545,169471,179932,7634,6878,58355,61350,1747230,1681075,354367,369898,52347,49496,193453,204216,13730,12934,1806299,1805391,1266321,1240434,306756,318876,18177,17572,164588,175037,5526,5185,44931,48287,1305128,1282413,323738,338990,30488,30782,185142,195879,10353,10053,491050,444524,430274,387177,24627,24723,15734,12973,4883,4895,2108,1693,13424,13063,442102,398662,30629,30908,21859,18714,8311,8337,3377,2881
R,8,2020,33,4482965,2269805,2213160,1689150,1609067,318061,331097,32826,29609,167190,177464,7610,6777,54968,59146,1736838,1660619,339657,356154,50631,48282,189619,200881,13336,12561,1783440,1773712,1261862,1225737,294269,306966,17422,17003,162351,172749,5451,5036,42085,46221,1298109,1265860,310032,325978,29306,29892,181598,192879,10062,9663,486365,439448,427288,383330,23792,24131,15404,12606,4839,4715,2159,1741,12883,12925,438729,394759,29625,30176,21325,18390,8021,8002,3274,2898
R,8,2020,34,4496505,2278803,2217702,1706041,1621511,311025,325758,32673,29553,167874,177664,7689,6854,53501,56362,1752483,1670325,331479,349182,50158,47936,189783,199945,13437,12542,1787268,1777614,1273825,1236984,287190,301664,16947,16713,163013,173064,5489,5168,40804,44021,1309051,1274916,301922,319419,28590,29548,181733,192141,10079,9753,491535,440088,432216,384527,23835,24094,15726,12840,4861,4600,2200,1686,12697,12341,443432,395409,29557,29763,21568,18388,8050,7804,3358,2789
R,8,2020,35,4498445,2277124,2221321,1711481,1627373,306783,322884,32036,29309,167559,179503,7596,6776,51669,55476,1756260,1675496,326244,345220,49436,47636,188601,201796,13188,12472,1785564,1781076,1278684,1242404,283491,299001,16385,16556,162788,174932,5374,5137,38842,43046,1312063,1279547,297240,315530,27809,29320,180709,194069,9823,9733,491560,440245,432797,384969,23292,23883,15651,12753,4771,4571,2222,1639,12827,12430,444197,395949,29004,29690,21627,18316,7892,7727,3365,2739
R,8,2020,36,4411065,2228523,2182542,1677038,1599746,295116,314167,31606,28858,167859,179511,7321,6542,49583,53718,1719992,1646246,313486,335237,48507,46976,188223,201415,12733,12189,1748028,1747020,1253648,1218417,272611,291024,16188,16153,163072,175115,5216,4876,37293,41435,1285716,1254108,285550,306459,27327,28689,180405,193801,9505,9397,480495,435522,423390,381329,22505,23143,15418,12705,4787,4396,2105,1666,12290,12283,434276,392138,27936,28778,21180,18287,7818,7614,3228,2792
R,8,2020,37,4460056,2252104,2207952,1700328,1620864,296448,317363,32096,29311,166230,180049,7390,6749,49612,53616,1743300,1667123,314672,338244,49127,47812,186553,201682,12791,12429,1765757,1765690,1271226,1234106,273949,293382,16266,16281,161493,175568,5317,5050,37506,41303,1303443,1269521,286797,308676,27671,29080,178790,194068,9615,9604,486347,442262,429102,386758,22499,23981,15830,13030,4737,4481,2073,1699,12106,12313,439857,397602,27875,29568,21456,18732,7763,7614,3176,2825
R,8,2020,38,4468860,2254318,2214542,1706101,1628073,295832,318823,31720,28788,164618,179612,7424,6741,48623,52505,1748185,1673311,313612,339496,48816,47148,184282,200508,12791,12286,1766395,1767645,1275540,1236462,273236,294961,16081,15758,159849,174957,5291,4980,36398,40527,1306760,1271175,285668,310156,27404,28561,176434,192781,9556,9444,487923,446897,430561,391611,22596,23862,15639,13030,4769,4655,2133,1761,12225,11978,441425,402136,27944,29340,21412,18587,7848,7727,3235,2842
R,8,2020,39,4400533,2217585,2182948,1685387,1609590,291014,314868,30638,28520,155814,172481,7184,6257,47548,51232,1726325,1653817,308329,335133,47590,46522,174975,192588,12468,11681,1741110,1743667,1264511,1224637,269242,291445,15390,15769,151103,167942,5113,4579,35751,39295,1295041,1258326,281389,306174,26712,28242,167359,185118,9308,8967,476475,439281,420876,384953,21772,23423,15248,12751,4711,4539,2071,1678,11797,11937,431284,395491,26940,28959,20878,18280,7616,7470,3160,2714
R,8,2020,40,4395211,2213924,2181287,1679650,1603731,296228,321423,31008,28404,153152,170586,7205,6465,46681,50678,1719905,1647349,313242,341457,48107,46536,171705,190351,12457,11926,1730669,1740603,1253049,1217219,274062,297989,15513,15707,148414,166088,5018,4813,34613,38787,1282626,1250313,285801,312501,26840,28353,163936,182891,9190,9221,483255,440684,426601,386512,22166,23434,15495,12697,4738,4498,2187,1652,12068,11891,437279,397036,27441,28956,21267,18183,7769,7460,3267,2705
R,8,2020,41,4215062,2116376,2098686,1608858,1544073,280541,308445,29140,26877,147768,165741,6425,5986,43644,47564,1646488,1584950,296319,327048,45118,44017,165089,184372,11333,10983,1664846,1678481,1209786,1175796,259826,285939,14830,14711,143467,161491,4517,4419,32420,36125,1237463,1206596,270696,299165,25393,26576,158085,177306,8405,8452,451530,420205,399072,368277,20715,22506,14310,12166,4301,4250,1908,1567,11224,11439,409025,378354,25623,27883,19725,17441,7004,7066,2928,2531
R,8,2020,42,4115570,2064663,2050907,1576753,1514994,269358,297135,28098,26552,142565,160986,6177,5633,41712,45607,1612557,1554064,284299,314733,43596,43361,159185,178860,10642,10378,1619476,1634651,1182197,1149394,249458,275440,14228,14454,138356,156661,4405,4167,30832,34535,1208341,1178708,259690,287908,24489,26074,152306,171852,7942,7996,445187,416256,394556,365600,19900,21695,13870,12098,4209,4325,1772,1466,10880,11072,404216,375356,24609,26825,19107,17287,6879,7008,2700,2382
R,8,2020,43,4070440,2036622,2033818,1557867,1503802,263908,293625,28102,26258,140696,160289,6014,5653,40035,44191,1592321,1541484,278088,310527,43248,42814,156512,177644,10419,10383,1598669,1618880,1169202,1138153,244854,272344,14443,14651,136372,156069,4246,4148,29552,33515,1194315,1166465,254406,284317,24600,26221,149620,170740,7713,7934,437953,414938,388665,365649,19054,21281,13659,11607,4324,4220,1768,1505,10483,10676,398006,375019,23682,26210,18648,16593,6892,6904,2706,2449
R,8,2020,44,3924150,1962895,1961255,1498501,1450905,252269,280098,27071,25130,141124,158524,5618,5330,38312,41268,1531483,1486014,265393,295657,41695,40817,156449,174844,9912,9705,1537134,1555155,1120093,1092252,233899,259617,13777,13733,137059,154358,4035,3910,28271,31285,1144140,1118587,242638,270588,23547,24706,149992,168187,7441,7450,425761,406100,378408,358653,18370,20481,13294,11397,4065,4166,1583,1420,10041,9983,387343,367427,22755,25069,18148,16111,6457,6657,2471,2255
R,8,2020,45,3960043,1980041,1980002,1515864,1468360,253166,282413,26645,25210,142802,159283,5684,5106,35880,39630,1546432,1502033,265447,297062,40650,40407,157132,175051,9690,9237,1559729,1578487,1140523,1112299,235783,262922,13578,13946,138809,155295,4122,3781,26914,30244,1163171,1137720,244213,273227,23141,24643,151027,168809,7350,7122,420312,401515,375341,356061,17383,19491,13067,11264,3993,3988,1562,1325,8966,9386,383261,364313,21234,23835,17509,15764,6105,6242,2340,2115
R,8,2020,46,3896715,1946469,1950246,1491374,1448029,247557,277240,26244,24543,141586,157416,5295,5018,34413,38000,1520650,1480131,259154,291216,39858,39369,155353,172472,9196,9043,1540148,1558430,1127581,1099415,231178,258667,13434,13697,137931,153625,3889,3728,26135,29298,1149579,1123871,239220,268685,22879,24324,149780,166603,7069,7001,406321,391816,363793,348614,16379,18573,12810,10846,3655,3791,1406,1290,8278,8702,371071,356260,19934,22531,16979,15045,5573,5869,2127,2042
R,8,2020,47,3935619,1963777,1971842,1504768,1464293,252712,283103,25753,24777,141305,157360,5214,4947,34025,37362,1533644,1495779,263860,296678,39329,39595,155055,172226,9028,8861,1566619,1586328,1148796,1121122,236801,264958,13447,13971,137715,153585,3860,3705,26000,28987,1170601,1145262,244519,274743,22984,24779,149636,166418,6978,6899,397158,385514,355972,343171,15911,18145,12306,10806,3590,3775,1354,1242,8025,8375,363043,350517,19341,21935,16345,14816,5419,5808,2050,1962
R,8,2020,48,4114945,2056762,2058183,1587251,1540620,262904,292972,26353,24875,141132,157353,5196,4911,33926,37452,1615905,1572176,273794,306235,40418,40220,154595,172013,9021,8909,1661558,1675056,1232732,1199104,247259,275126,14027,14267,137465,153699,3872,3661,26203,29199,1254576,1223407,254954,284700,24158,25539,149147,166464,6991,6958,395204,383127,354519,341516,15645,17846,12326,10608,3667,3654,1324,1250,7723,8253,361329,348769,18840,21535,16260,14681,5448,5549,2030,1951
R,8,2020,49,4363251,2186019,2177232,1706644,1649048,274160,305974,26781,25778,138212,153136,5238,4992,34984,38304,1736279,1681332,285262,319404,41603,41830,151877,167778,9273,9228,1791896,1796390,1353062,1309938,258518,288146,14715,14922,134499,149505,3883,3758,27219,30121,1375874,1335057,266353,297909,25557,26993,146370,162185,7199,7269,394123,380842,353582,339110,15642,17828,12066,10856,3713,3631,1355,1234,7765,8183,360405,346275,18909,21495,16046,14837,5507,5593,2074,1959
R,8,2020,50,4334851,2171754,2163097,1700188,1646444,270840,298666,26483,25133,135026,150826,5235,5078,33982,36950,1728885,1677334,281629,311499,41102,41018,147987,164957,9280,9279,1786402,1795961,1354795,1319209,255379,281661,14456,14903,131451,147199,3925,3869,26396,29120,1376813,1343300,263022,291083,25174,26868,142651,159362,7282,7361,385352,367136,345393,327235,15461,17005,12027,10230,3575,3627,1310,1209,7586,7830,352072,334034,18607,20416,15928,14150,5336,5595,1998,1918
R,8,2020,51,4165976,2083759,2082217,1639602,1594280,253980,281459,25278,24046,128346,143516,4885,4845,31668,34071,1666450,1622829,263615,292898,39341,39221,140379,156307,8547,8651,1719768,1733812,1312929,1283514,239519,265392,14134,14303,125041,140108,3687,3683,24458,26812,1333445,1305758,246132,273619,24468,25804,135462,151192,6702,6839,363991,348405,326673,310766,14461,16067,11144,9743,3305,3408,1198,1162,7210,7259,333005,317071,17483,19279,14873,13417,4917,5115,1845,1812
R,8,2020,52,4072583,2034180,2038403,1599209,1558338,253185,281251,24634,23457,122824,138360,4650,4675,29678,32322,1624151,1585175,262136,292058,38117,38064,134042,150373,8118,8536,1680954,1700054,1282294,1256125,238827,265540,13699,14227,119715,135205,3466,3547,22953,25410,1301315,1276948,244976,273293,23720,25380,129424,145608,6361,6778,353226,338349,316915,302213,14358,15711,10935,9230,3109,3155,1184,1128,6725,6912,322836,308227,17160,18765,14397,12684,4618,4765,1757,1758
R,8,2020,53,4081325,2031023,2050302,1608556,1580745,251439,281968,23918,23447,113779,128115,4726,4626,28605,31401,1632604,1606841,259936,292668,37261,37996,124348,139279,8129,8302,1691905,1722183,1303769,1287675,237842,266620,13723,14562,110748,125112,3567,3528,22256,24686,1322230,1307928,243679,274306,23725,25695,119905,134751,6451,6631,339118,328119,304787,293070,13597,15348,10195,8885,3031,3003,1159,1098,6349,6715,310374,298913,16257,18362,13536,12301,4443,4528,1678,1671
R,8,2020,54,4133872,2054144,2079728,1624286,1602690,258685,289796,24178,23683,114106,127952,4623,4600,28266,31007,1647734,1628390,267155,300062,37680,38461,124332,138956,8093,8266,1720251,1756902,1324503,1314416,244904,274755,14045,14880,111203,124893,3538,3584,22058,24374,1342511,1334369,250705,282089,24370,26281,120023,134341,6468,6650,333893,322826,299783,288274,13781,15041,10133,8803,2903,3059,1085,1016,6208,6633,305223,294021,16450,17973,13310,12180,4309,4615,1625,1616
R,8,2020,55,4296318,2125585,2170733,1688096,1682228,265464,299060,24731,24561,113886,128334,4758,4730,28650,31820,1711994,1708518,273774,309486,38663,39995,124204,139388,8278,8526,1796344,1849699,1392398,1395485,252014,284045,14818,15872,110984,125336,3703,3721,22427,25240,1410834,1416068,257753,291576,25407,27975,119952,134875,6654,6916,329241,321034,295698,286743,13450,15015,9913,8689,2902,2998,1055,1009,6223,6580,301160,292450,16021,17910,13256,12020,4252,4513,1624,1610
R,8,2020,56,4410656,2178130,2232526,1740839,1741485,265178,299435,24618,24752,114317,130488,4504,4635,28674,31731,1764674,1767677,273296,309342,38979,40664,124511,141507,8049,8420,1862802,1919860,1457806,1462273,252080,284734,15083,16115,111587,127688,3513,3646,22733,25404,1476468,1482946,257741,291892,26277,28828,120450,137253,6496,6856,315328,312666,283033,279212,13098,14701,9535,8637,2730,2800,991,989,5941,6327,288206,284731,15555,17450,12702,11836,4061,4254,1553,1564
R,8,2020,57,4420900,2178215,2242685,1745171,1756263,261025,295362,24211,24315,115252,130722,4305,4522,28251,31501,1768713,1782167,268802,305265,38449,40269,125293,141416,7695,8258,1877588,1941774,1475174,1487603,248628,281482,15128,15993,112577,127889,3378,3589,22703,25218,1493892,1508071,254092,288639,26406,28749,121393,137134,6292,6745,300627,300911,269997,268660,12397,13880,9083,8322,2675,2833,927,933,5548,6283,274821,274096,14710,16626,12043,11520,3900,4282,1403,1513
R,8,2020,58,4434753,2181276,2253477,1760339,1778450,257876,293711,23682,24242,107044,121497,4432,4505,27903,31072,1783685,1803936,265342,303460,37819,40296,116966,131953,7876,8204,1891174,1962980,1499544,1518794,246010,280656,14997,16106,104547,118794,3553,3589,22523,25041,1518201,1539095,251258,287720,26296,29076,113237,127866,6492,6699,290102,290497,260795,259656,11866,13055,8685,8136,2497,2703,879,916,5380,6031,265484,264841,14084,15740,11523,11220,3729,4087,1384,1505
R,8,2020,59,4429234,2173712,2255522,1764792,1788857,253032,290461,22968,23959,101259,117780,4194,4234,27467,30231,1787680,1813631,260319,299688,37187,39940,110962,127857,7511,7843,1900405,1978997,1519298,1541583,241866,277847,14766,16440,98834,115188,3365,3410,22276,24529,1537637,1561441,247044,284628,26192,29452,107353,123932,6189,6455,273307,276525,245494,247274,11166,12614,8202,7519,2425,2592,829,824,5191,5702,250043,252190,13275,15060,10995,10488,3609,3925,1322,1388
R,8,2020,60,4368962,2140862,2228100,1730202,1759426,252731,289720,22770,23616,103947,121466,4200,4190,27012,29682,1752812,1783644,259834,298954,36793,39284,113446,131310,7436,7712,1873438,1957566,1490042,1517487,241745,277424,14695,16274,101582,118910,3376,3388,21998,24083,1508267,1536877,246805,284234,26015,29041,109972,127431,6121,6373,267424,270534,240160,241939,10986,12296,8075,7342,2365,2556,824,802,5014,5599,244545,246767,13029,14720,10778,10243,3474,3879,1315,1339
R,8,2020,61,4280604,2089270,2191334,1698558,1740631,242190,281014,21274,22421,97790,115260,3916,3883,25542,28125,1719857,1763774,248781,289450,34756,37701,106769,124375,6880,7083,1844456,1939310,1478596,1515149,232094,269467,14013,15534,95615,112907,3180,3179,20958,23074,1495944,1533936,236822,275708,25021,28160,103529,120889,5703,5923,244814,252024,219962,225482,10096,11547,7261,6887,2175,2353,736,704,4584,5051,223913,229838,11959,13742,9735,9541,3240,3486,1177,1160
R,8,2020,62,4234671,2060664,2174007,1681689,1734939,232650,271067,20137,21707,97886,115400,3695,3794,24607,27100,1702151,1757090,239037,279240,33285,36555,106402,124166,6542,6830,1832224,1934375,1476671,1520388,222957,260038,13485,15296,95853,113269,3008,3097,20250,22287,1493350,1538422,227543,266121,24319,27579,103409,120919,5428,5707,228440,239632,205018,214551,9693,11029,6652,6411,2033,2131,687,697,4357,4813,208801,218668,11494,13119,8966,8976,2993,3247,1114,1123
R,8,2020,63,4170855,2021444,2149411,1654777,1719099,225242,267605,19879,21029,94254,111807,3568,3597,23724,26274,1674480,1740666,231446,275456,32796,35910,102271,119837,6294,6596,1802974,1917572,1458677,1511369,216120,256971,13231,14870,92348,109793,2942,2933,19656,21636,1474839,1528919,220645,262800,23922,27298,99516,116782,5301,5490,218470,231839,196100,207730,9122,10634,6648,6159,1906,2014,626,664,4068,4638,199641,211747,10801,12656,8874,8612,2755,3055,993,1106
R,8,2020,64,3995850,1925323,2070527,1577783,1655330,211723,255772,18527,20197,91671,110515,3256,3451,22363,25262,1596436,1676008,217480,263303,30711,34505,99136,118350,5861,6275,1720637,1849865,1394167,1457688,203124,245664,12354,14435,89856,108432,2666,2885,18470,20761,1409425,1474497,207242,251200,22421,26387,96493,115246,4915,5286,204686,220662,183616,197642,8599,10108,6173,5762,1815,2083,590,566,3893,4501,187011,201511,10238,12103,8290,8118,2643,3104,946,989
R,8,2020,65,3892611,1867622,2024989,1535958,1625037,200547,244406,17622,19013,89064,109342,3084,3364,21347,23827,1553605,1644448,206057,251541,29447,32387,96150,116793,5594,6095,1673420,1812924,1361146,1434265,192437,235074,12032,13690,87379,107462,2568,2777,17858,19656,1375772,1450042,196467,240367,21968,24875,93725,114005,4747,5134,194202,212065,174812,190772,8110,9332,5590,5323,1685,1880,516,587,3489,4171,177833,194406,9590,11174,7479,7512,2425,2788,847,961
R,8,2020,66,3760792,1794901,1965891,1485817,1586334,186186,232494,16213,17900,84187,103707,2823,3148,19675,22308,1502240,1604480,191184,239103,27367,30746,90550,110411,4989,5740,1617706,1768634,1326037,1408542,178685,223961,11293,13060,82756,101944,2366,2597,16569,18530,1339746,1423415,182341,228887,20782,23905,88442,107852,4277,4854,177195,197257,159780,177792,7501,8533,4920,4840,1431,1763,457,551,3106,3778,162494,181065,8843,10216,6585,6841,2108,2559,712,886
R,8,2020,67,3602372,1711315,1891057,1424497,1534801,170861,217038,15054,16626,79895,98651,2694,2905,18314,21036,1439753,1552006,175357,223129,25462,28807,85832,105047,4777,5326,1548381,1706837,1277544,1368466,164060,209024,10547,12218,78513,97087,2278,2432,15439,17610,1290308,1382683,167327,213632,19413,22574,83830,102720,4101,4548,162934,184220,146953,166335,6801,8014,4507,4408,1382,1564,416,473,2875,3426,149445,169323,8030,9497,6049,6233,2002,2327,676,778
R,8,2020,68,3476020,1645548,1830472,1377057,1490580,159291,206813,13761,15628,76038,95391,2550,2801,16851,19259,1391050,1506370,163484,212315,23458,27038,81390,101036,4549,5027,1494634,1658282,1240576,1335025,153096,199280,9774,11534,74750,93894,2174,2365,14264,16184,1252317,1348128,156198,203453,18054,21311,79561,98864,3919,4288,150914,172190,136481,155555,6195,7533,3987,4094,1288,1497,376,436,2587,3075,138733,158242,7286,8862,5404,5727,1829,2172,630,739
R,8,2020,69,3303165,1553322,1749843,1300764,1423703,151394,200358,13048,14768,70007,90271,2291,2539,15818,18204,1313895,1438564,155309,205711,22377,25655,74874,95451,4134,4629,1411098,1586553,1171901,1276235,145591,193258,9387,10842,68834,88798,1968,2147,13417,15273,1182939,1288528,148501,197340,17390,20177,73192,93330,3607,3963,142224,163290,128863,147468,5803,7100,3661,3926,1173,1473,323,392,2401,2931,130956,150036,6808,8371,4987,5478,1682,2121,527,666
R,8,2020,70,3145927,1473554,1672373,1228342,1356262,143461,190261,12485,13939,71757,92037,2316,2471,15193,17403,1240943,1370371,147253,195403,21480,24181,76414,97212,4083,4518,1340742,1516016,1108133,1214878,137950,183351,9091,10392,70676,90663,1948,2110,12944,14622,1118798,1226593,140809,187252,16812,19189,74841,95179,3529,3895,132812,156357,120209,141384,5511,6910,3394,3547,1081,1374,368,361,2249,2781,122145,143778,6444,8151,4668,4992,1573,2033,554,623
R,8,2020,71,3060210,1429471,1630739,1202844,1336007,131803,177603,11718,13070,66846,85265,2231,2415,14029,16379,1214508,1349430,135163,182343,20109,22942,71115,89848,3889,4265,1307067,1485895,1091819,1204649,126898,171394,8588,9811,65825,84078,1903,2057,12034,13906,1101760,1215942,129430,175024,15898,18418,69634,88109,3357,3677,122404,144844,111025,131358,4905,6209,3130,3259,1021,1187,328,358,1995,2473,112748,133488,5733,7319,4211,4524,1481,1739,532,588
R,8,2020,72,2992730,1397169,1595561,1184847,1318749,123005,167158,10885,12353,63173,79397,1998,2223,13261,15681,1195887,1331689,126246,171544,18861,21831,67099,83795,3537,4007,1281761,1457676,1080046,1193616,118358,161375,8078,9320,62246,78229,1704,1896,11329,13240,1089390,1204413,120831,164714,14993,17527,65738,82087,3079,3459,115408,137885,104801,125133,4647,5783,2807,3033,927,1168,294,327,1932,2441,106497,127276,5415,6830,3868,4304,1361,1708,458,548
R,8,2020,73,3150405,1478718,1671687,1275280,1408866,117438,158485,11055,12007,59628,74675,1905,1959,13412,15695,1286555,1421947,120599,162866,19392,21742,63354,78867,3444,3652,1367926,1538519,1174387,1287639,113229,153006,8278,9200,58785,73556,1638,1672,11609,13446,1184101,1298739,115665,156417,15648,17731,62069,77269,3000,3185,110792,133168,100893,121227,4209,5479,2777,2807,843,1119,267,287,1803,2249,102454,123208,4934,6449,3744,4011,1285,1598,444,467
R,8,2020,74,2289772,1057885,1231887,899337,1021336,88747,124762,8243,9448,49713,62408,1671,1717,10174,12216,907872,1031422,91176,128133,14298,16623,52749,65984,2912,3176,966557,1117375,816208,917295,85120,119805,6022,7088,49032,61472,1450,1479,8725,10236,823496,925660,86934,122325,11313,13225,51747,64601,2545,2772,91328,114512,83129,104041,3627,4957,2221,2360,681,936,221,238,1449,1980,84376,105762,4242,5808,2985,3398,1002,1383,367,404
R,8,2020,75,2129722,974060,1155662,827470,957865,82669,118390,7511,8828,45571,57647,1424,1606,9415,11326,835353,967227,84903,121507,13116,15517,48345,60926,2635,2962,890771,1050335,751563,861827,79496,114065,5553,6672,44894,56799,1219,1377,8046,9595,758238,869688,81170,116421,10425,12467,47366,59679,2295,2572,83289,105327,75907,96038,3173,4325,1958,2156,677,848,205,229,1369,1731,77115,97539,3733,5086,2691,3050,979,1247,340,390
R,8,2020,76,2066899,939527,1127372,803896,942940,76220,110529,6967,8194,42511,53404,1296,1447,8637,10858,811154,951922,78196,113591,12148,14711,45045,56412,2391,2763,864735,1029316,735626,853379,73261,106669,5224,6200,41984,52591,1136,1250,7504,9227,741891,860952,74789,109016,9824,11874,44252,55239,2116,2422,74792,98056,68270,89561,2959,3860,1743,1994,527,813,160,197,1133,1631,69263,90970,3407,4575,2324,2837,793,1173,275,341
R,8,2020,77,2090066,944228,1145838,817460,970386,71962,107698,6442,7787,39064,48262,1152,1295,8148,10410,824355,979070,73813,110535,11472,14139,41291,51056,2158,2502,874780,1052247,753948,885079,69253,103791,4951,5894,38522,47550,1017,1111,7089,8822,759948,892392,70664,105903,9440,11452,40491,49985,1906,2190,69448,93591,63512,85307,2709,3907,1491,1893,542,712,135,184,1059,1588,64407,86678,3149,4632,2032,2687,800,1071,252,312
R,8,2020,78,1794490,802590,991900,689581,833353,62721,95114,5697,6842,36376,46444,983,1191,7232,8956,695622,840804,64405,97532,10136,12289,38442,48901,1839,2194,741058,908422,633282,756891,60324,91868,4387,5186,35928,45798,854,997,6283,7682,638506,763228,61629,93728,8319,9971,37772,47973,1610,1899,61532,83478,56299,76462,2397,3246,1310,1656,448,646,129,194,949,1274,57116,77576,2776,3804,1817,2318,670,928,229,295
R,8,2020,79,1599812,707175,892637,606193,747928,55624,87431,5130,6175,32940,41861,916,1023,6372,8219,611561,754752,57059,89648,8997,11150,34809,44179,1687,1983,651177,815770,554928,677440,53465,84420,3942,4768,32530,41270,810,864,5502,7008,559542,683228,54542,86118,7362,9111,34188,43295,1493,1712,55998,76867,51265,70488,2159,3011,1188,1407,410,591,106,159,870,1211,52019,71524,2517,3530,1635,2039,621,884,194,271
R,8,2020,80,1457350,635913,821437,542227,685603,51040,81876,4689,5765,31203,39583,863,1035,5891,7575,547156,691894,52392,83967,8177,10280,33018,41701,1577,1926,583798,748589,494543,618914,49048,78949,3562,4410,30784,39028,744,848,5117,6440,498816,624217,50080,80539,6633,8335,32412,40893,1385,1633,52115,72848,47684,66689,1992,2927,1127,1355,419,555,119,187,774,1135,48340,67677,2312,3428,1544,1945,606,808,192,293
R,8,2020,81,1341204,580482,760722,497843,639509,44935,73048,3984,5116,27893,35269,696,941,5131,6839,502187,645193,46121,74882,7021,9180,29423,37213,1321,1781,533309,693762,454638,578069,43068,70377,3020,3923,27550,34764,596,807,4437,5822,458365,582900,43968,71749,5695,7471,28918,36463,1166,1532,47173,66960,43205,61440,1867,2671,964,1193,343,505,100,134,694,1017,43822,62293,2153,3133,1326,1709,505,750,155,249
R,8,2020,82,1250204,533118,717086,458218,603990,40356,68258,3636,4870,25494,32945,670,857,4744,6166,462216,609120,41446,69945,6459,8457,26921,34728,1212,1590,490172,654588,418758,546730,38755,65714,2813,3740,25171,32491,569,696,4106,5217,422201,551040,39578,66995,5310,6863,26447,34045,1044,1331,42946,62498,39460,57260,1601,2544,823,1130,323,454,101,161,638,949,40015,58080,1868,2950,1149,1594,474,683,168,259
R,8,2020,83,1111669,467059,644610,400999,542383,35484,61511,3151,4245,22678,30042,588,768,4159,5661,404561,547112,36438,63046,5590,7520,23964,31681,1054,1463,428670,587959,365739,490403,34004,59261,2409,3227,22403,29585,505,640,3610,4843,368818,494417,34722,60441,4580,6095,23554,31035,918,1254,38389,56651,35260,51980,1480,2250,742,1018,275,457,83,128,549,818,35743,52695,1716,2605,1010,1425,410,646,136,209
R,8,2020,84,1015350,420277,595073,360947,500778,32136,57367,2807,3878,20191,27312,503,662,3693,5076,364049,504988,32981,58784,4926,6868,21356,28753,963,1226,385470,543129,328907,453026,30789,55347,2162,2952,19952,26934,436,562,3224,4308,331610,456576,31427,56426,4043,5542,21009,28197,846,1062,34807,51944,32040,47752,1347,2020,645,926,239,378,67,100,469,768,32439,48412,1554,2358,883,1326,347,556,117,164
R,8,2020,85,928071,376122,551949,323970,466001,28130,52266,2464,3509,17872,24893,451,596,3235,4684,326694,469863,28877,53525,4309,6213,18877,26275,879,1159,344913,503781,295154,421691,26994,50406,1897,2642,17645,24535,396,494,2827,4013,297523,424980,27578,51379,3545,5020,18539,25747,782,981,31209,48168,28816,44310,1136,1860,567,867,227,358,55,102,408,671,29171,44883,1299,2146,764,1193,338,528,97,178
R,8,2020,86,798789,318201,480588,274107,405955,23561,45348,1998,2908,15358,21793,418,526,2759,4058,276457,409362,24197,46464,3539,5206,16251,23034,757,1006,291937,439389,249833,367992,22647,43776,1513,2186,15176,21483,356,455,2412,3497,251885,370918,23139,44637,2885,4205,15972,22584,659,878,26264,41199,24274,37963,914,1572,485,722,182,310,62,71,347,561,24572,38444,1058,1827,654,1001,279,450,98,128
R,8,2020,87,723008,281692,441316,243457,373544,20265,40632,1766,2624,13494,20447,347,453,2363,3616,245461,376542,20809,41610,3071,4683,14283,21519,629,926,259271,404601,222742,339628,19446,39252,1363,2018,13336,20189,303,392,2081,3122,224499,342200,19875,40020,2529,3836,14050,21141,556,814,22421,36715,20715,33916,819,1380,403,606,158,258,44,61,282,494,20962,34342,934,1590,542,847,233,378,73,112
R,8,2020,88,652006,246805,405201,214516,345246,16929,35827,1457,2319,11554,18099,304,401,2045,3309,216254,348011,17415,36748,2578,4199,12225,19042,575,816,226944,371821,196055,314391,16285,34596,1103,1763,11413,17870,266,351,1822,2850,197599,316756,16683,35333,2104,3415,12028,18704,513,707,19861,33380,18461,30855,644,1231,354,556,141,229,38,50,223,459,18655,31255,732,1415,474,784,197,338,62,109
R,8,2020,89,575266,212034,363232,185401,311521,13721,30559,1192,1979,9737,16013,255,343,1728,2817,186869,313865,14120,31359,2144,3577,10319,16833,476,687,194776,333754,169343,284236,13178,29510,889,1475,9638,15826,225,295,1503,2412,170619,286228,13488,30132,1725,2873,10154,16543,418,603,17258,29478,16058,27285,543,1049,303,504,99,187,30,48,225,405,16250,27637,632,1227,419,704,165,290,58,84
R,8,2020,90,505108,179798,325310,156709,278395,11787,27537,1069,1758,8546,14767,222,324,1465,2529,157948,280508,12130,28237,1885,3199,9018,15503,414,632,165053,298928,142989,253891,11303,26645,803,1332,8468,14601,201,279,1289,2180,144078,255703,11577,27178,1524,2606,8895,15251,373,552,14745,26382,13720,24504,484,892,266,426,78,166,21,45,176,349,13870,24805,553,1059,361,593,123,252,41,80
R,8,2020,91,418289,143064,275225,125096,236366,9018,22924,827,1353,6758,12167,170,282,1195,2133,126097,238128,9305,23545,1513,2568,7128,12768,325,551,131521,253721,114391,216420,8638,22161,625,1018,6684,12032,151,246,1032,1844,115254,217933,8861,22657,1232,2088,7009,12563,282,487,11543,21504,10705,19946,380,763,202,335,74,135,19,36,163,289,10843,20195,444,888,281,480,119,205,43,64
R,8,2020,92,354624,116025,238599,101595,205467,7150,19431,658,1203,5536,10422,116,219,970,1857,102414,207008,7373,19953,1190,2257,5855,10953,250,471,106936,220690,93121,188907,6862,18774,502,903,5491,10306,100,187,860,1613,93846,190232,7046,19190,978,1839,5783,10779,219,409,9089,17909,8474,16560,288,657,156,300,45,116,16,32,110,244,8568,16776,327,763,212,418,72,174,31,62
R,8,2020,93,289237,90525,198712,79051,171241,5609,16080,488,1012,4512,8692,93,174,772,1513,79702,172509,5801,16496,916,1883,4757,9120,188,362,83708,184480,72671,158084,5413,15545,390,772,4474,8599,80,150,680,1330,73244,159193,5569,15879,771,1555,4691,8980,162,316,6817,14232,6380,13157,196,535,98,240,38,93,13,24,92,183,6458,13316,232,617,145,328,66,140,26,46
R,8,2020,94,227932,68087,159845,59290,137559,4284,12995,373,783,3483,7120,68,158,589,1230,59787,138584,4437,13355,705,1473,3663,7459,144,312,62879,148466,54451,127013,4119,12593,286,601,3450,7043,60,138,513,1078,54882,127912,4238,12885,579,1218,3609,7343,125,274,5208,11379,4839,10546,165,402,87,182,33,77,8,20,76,152,4905,10672,199,470,126,255,54,116,19,38
R,8,2020,95,178575,50435,128140,43707,110210,3150,10267,286,618,2799,5878,45,130,448,1037,44082,111070,3258,10598,534,1208,2949,6143,105,247,46716,119348,40251,102068,3038,9942,219,481,2774,5817,40,116,394,924,40583,102834,3124,10222,439,1018,2904,6053,90,217,3719,8792,3456,8142,112,325,67,137,25,61,5,14,54,113,3499,8236,134,376,95,190,45,90,15,30
R,8,2020,96,134569,36229,98340,31234,84737,2265,7735,198,479,2167,4562,40,93,325,734,31507,85347,2357,7953,378,897,2274,4771,77,186,33553,91957,28742,78822,2181,7501,154,374,2150,4520,36,83,290,657,28986,79368,2257,7686,318,753,2248,4706,67,168,2676,6383,2492,5915,84,234,44,105,17,42,4,10,35,77,2521,5979,100,267,60,144,26,65,10,18
R,8,2020,97,98065,25448,72617,21786,62321,1597,5800,152,335,1634,3513,25,68,254,580,21996,62795,1665,5980,287,670,1722,3666,64,149,23547,68008,20019,58036,1541,5633,120,267,1621,3487,22,61,224,524,20206,58460,1598,5789,239,574,1700,3626,53,133,1901,4609,1767,4285,56,167,32,68,13,26,3,7,30,56,1790,4335,67,191,48,96,22,40,11,16
R,8,2020,98,69379,16751,52628,14209,45155,1061,4192,95,246,1200,2552,17,61,169,422,14352,45498,1109,4329,185,478,1259,2666,43,118,15586,49383,13123,42149,1026,4074,78,201,1189,2529,15,55,155,375,13253,42452,1068,4190,161,410,1245,2631,39,106,1165,3245,1086,3006,35,118,17,45,11,23,2,6,14,47,1099,3046,41,139,24,68,14,35,4,12
R,8,2020,99,47623,10898,36725,9245,31332,670,2954,60,178,792,1894,14,39,117,328,9342,31594,704,3068,121,363,832,1980,33,83,10172,34545,8578,29324,647,2876,47,144,788,1882,11,35,101,284,8663,29550,675,2972,100,308,824,1954,25,74,726,2180,667,2008,23,78,13,34,4,12,3,4,16,44,679,2044,29,96,21,55,8,26,8,9
R,8,2020,100,77484,15013,62471,12150,51566,1067,5747,102,327,1478,4177,27,74,189,580,12299,52028,1129,5963,203,642,1538,4331,59,160,14032,58978,11259,48366,1034,5608,82,280,1469,4150,24,67,164,507,11390,48767,1085,5788,169,558,1521,4284,50,141,981,3493,891,3200,33,139,20,47,9,27,3,7,25,73,909,3261,44,175,34,84,17,47,9,19
R,9,2020,999,331726967,164310527,167416440,125543024,126177750,21623084,23328045,2179445,2131505,9751236,10517212,434551,419561,4779187,4842367,129807461,130475610,23799678,25579490,3558994,3567378,11531997,12285906,851946,839029,132717611,136630143,97955904,99345993,20042433,21705810,1191851,1221410,9422092,10189999,313739,306857,3791592,3860074,101337898,102769098,21752920,23485271,2164216,2254723,10931370,11688029,641212,637471,31592916,30786297,27587120,26831757,1580651,1622235,987594,910095,329144,327213,120812,112704,987595,982293,28469563,27706512,2046758,2094219,1394778,1312655,600627,597877,210734,201558
R,9,2020,0,3681935,1882655,1799280,1303868,1243609,301682,292188,34895,33342,110772,104337,6958,6580,124480,119224,1418375,1353267,370752,358490,57997,55528,156687,148156,15481,14668,1386894,1323048,901022,856418,265824,257545,13507,13011,103057,97016,4229,3932,99255,95126,992830,944389,321701,311213,28224,27168,141131,133386,10467,9860,495761,476232,402846,387191,35858,34643,21388,20331,7715,7321,2729,2648,25225,24098,425545,408878,49051,47277,29773,28360,15556,14770,5014,4808
R,9,2020,1,3756562,1918785,1837777,1333341,1273779,302915,295375,35679,34285,115212,108361,7280,6832,124358,119145,1447653,1383299,371730,361519,58791,56540,161264,152210,15835,14930,1418027,1353875,925700,879321,267205,260727,14177,13755,107264,100856,4454,4192,99227,95024,1017388,967123,322824,314223,28958,27980,145546,137259,10760,10157,500758,483902,407641,394458,35710,34648,21502,20530,7948,7505,2826,2640,25131,24121,430265,416176,48906,47296,29833,28560,15718,14951,5075,4773
R,9,2020,2,3831805,1958359,1873446,1360453,1298123,307600,299992,36435,34695,120236,112909,7341,6946,126294,120781,1476538,1409129,377290,366935,59953,57267,167115,157441,16036,15174,1449881,1383653,945231,897721,272284,265807,14307,13810,112418,105437,4572,4311,101069,96567,1038603,986917,328789,320061,29373,28295,151538,142540,11005,10391,508478,489793,415222,400402,35316,34185,22128,20885,7818,7472,2769,2635,25225,24214,437935,422212,48501,46874,30580,28972,15577,14901,5031,4783
R,9,2020,3,3915885,2004203,1911682,1395164,1327380,310552,302064,35878,34459,127369,119175,7477,7098,127763,121506,1512532,1439045,380207,369013,59825,57376,175433,164127,16430,15467,1486245,1413308,968022,916812,276049,268551,15307,14545,119651,111784,4798,4463,102418,97153,1062536,1006524,332500,322796,30789,29310,159905,149246,11489,10649,517958,498374,427142,410568,34503,33513,20571,19914,7718,7391,2679,2635,25345,24353,449996,432521,47707,46217,29036,28066,15528,14881,4941,4818
R,9,2020,4,4030793,2060020,1970773,1449196,1380878,311539,304996,35517,34261,127241,119935,7421,7098,129106,123605,1567857,1494520,381501,372476,60103,57842,175800,165918,16481,15665,1527754,1459385,1007201,956172,277249,271808,15841,15352,119421,112583,4705,4485,103337,98985,1102626,1047623,333926,326527,31756,30646,159987,150982,11442,10845,532266,511388,441995,424706,34290,33188,19676,18909,7820,7352,2716,2613,25769,24620,465231,446897,47575,45949,28347,27196,15813,14936,5039,4820
R,9,2020,5,4070014,2079460,1990554,1463680,1396460,316424,308730,34967,34023,128205,120677,7345,7123,128839,123541,1582116,1510031,386197,376151,59671,57666,176498,166596,16388,15679,1546307,1475554,1019399,967810,281986,275314,16261,15503,120661,113428,4681,4504,103319,98995,1114814,1059249,338530,330003,32366,30836,161121,151837,11443,10892,533153,515000,444281,428650,34438,33416,18706,18520,7544,7249,2664,2619,25520,24546,467302,450782,47667,46148,27305,26830,15377,14759,4945,4787
R,9,2020,6,4072477,2084298,1988179,1469800,1395773,317424,309020,35317,34124,126823,119929,7117,6832,127817,122501,1587314,1508385,386286,375931,59994,57718,174890,165238,16206,15394,1553552,1478894,1027591,971790,282688,275528,16562,15921,119595,113079,4614,4425,102502,98151,1122285,1062441,338457,329811,32690,31282,159880,150948,11392,10811,530746,509285,442209,423983,34736,33492,18755,18203,7228,6850,2503,2407,25315,24350,465029,445944,47829,46120,27304,26436,15010,14290,4814,4583
R,9,2020,7,4044492,2067436,1977056,1457235,1389372,315568,307454,35206,33797,126468,119333,7024,6713,125935,120387,1572913,1499870,383010,372817,59642,57267,174136,164166,16155,15265,1541994,1470630,1018500,966597,281688,274794,16715,16009,119531,112539,4603,4326,100957,96365,1111666,1055460,336280,327742,32689,31335,159494,149995,11380,10623,525442,506426,438735,422775,33880,32660,18491,17788,6937,6794,2421,2387,24978,24022,461247,444410,46730,45075,26953,25932,14642,14171,4775,4642
R,9,2020,8,4054819,2074142,1980677,1467200,1396987,316101,306321,35834,34715,123771,117176,6859,6597,124377,118881,1581400,1506121,382759,370557,60350,58177,170536,161435,15854,15131,1543716,1469593,1023442,969403,282678,274206,16796,16172,116957,110573,4445,4253,99398,94986,1115124,1057012,336479,326106,32779,31473,156087,147534,11110,10562,530426,511084,443758,427584,33423,32115,19038,18543,6814,6603,2414,2344,24979,23895,466276,449109,46280,44451,27571,26704,14449,13901,4744,4569
R,9,2020,9,4105223,2105918,1999305,1498342,1417981,319975,309118,35001,33737,120706,113668,6772,6444,125122,118357,1613284,1526616,387096,372906,59916,57469,167430,157619,15820,14949,1560912,1477536,1038366,978271,287376,277528,17137,16178,114012,107277,4368,4149,99653,94133,1130321,1065071,341460,328861,33334,31583,152950,143854,11044,10393,545006,521769,459976,439710,32599,31590,17864,17559,6694,6391,2404,2295,25469,24224,482963,461545,45636,44045,26582,25886,14480,13765,4776,4556
R,9,2020,10,4177608,2140156,2037452,1532141,1453363,323342,311747,34255,32994,118991,113336,6475,6269,124952,119743,1647172,1563426,390340,376499,59464,57394,165075,157057,15386,14736,1580135,1500961,1054866,996139,292057,281543,17276,16887,112561,107279,4317,4175,99058,94938,1146460,1083768,345820,333440,33516,32703,150878,143695,10891,10401,560021,536491,477275,457224,31285,30204,16979,16107,6430,6057,2158,2094,25894,24805,500712,479658,44520,43059,25948,24691,14197,13362,4495,4335
R,9,2020,11,4250988,2176185,2074803,1564634,1484637,329950,319830,34413,33123,117624,112693,6585,6421,122979,118099,1677715,1593228,395981,384122,59311,56709,162782,155403,15170,14730,1609149,1531752,1079552,1020433,298617,289321,17879,17250,111230,106647,4480,4323,97391,93778,1169485,1107032,351748,341141,33815,32420,148783,142300,10809,10440,567036,543051,485082,464204,31333,30509,16534,15873,6394,6046,2105,2098,25588,24321,508230,486196,44233,42981,25496,24289,13999,13103,4361,4290
R,9,2020,12,4425035,2267056,2157979,1633376,1547164,344661,333772,35850,34127,122359,116919,6713,6499,124097,119498,1747328,1656941,411484,399097,60749,58204,167623,159803,15644,14741,1676476,1595852,1126445,1065210,312261,302742,18510,17914,115939,110787,4557,4352,98764,94847,1217465,1152662,366354,355566,34598,33316,153750,146501,11171,10438,590580,562127,506931,481954,32400,31030,17340,16213,6420,6132,2156,2147,25333,24651,529863,504279,45130,43531,26151,24888,13873,13302,4473,4303
R,9,2020,13,4442126,2275311,2166815,1646545,1562200,344155,332584,36371,34704,121038,114939,6675,6588,120527,115800,1757252,1668378,408678,395320,61217,58519,164884,156498,15379,14895,1683671,1601700,1137826,1076438,312270,301882,18618,18190,114652,108946,4550,4404,95755,91840,1226140,1160943,364418,352603,34673,33433,151132,143569,10985,10518,591640,565115,508719,485762,31885,30702,17753,16514,6386,5993,2125,2184,24772,23960,531112,507435,44260,42717,26544,25086,13752,12929,4394,4377
R,9,2020,14,4366179,2234936,2131243,1626563,1543452,333213,323717,35546,33868,118423,113978,6545,6299,114646,109929,1731759,1644275,393784,382448,59554,56806,160671,153887,14822,14135,1660629,1581551,1131237,1069446,303036,294346,18340,17791,112198,108306,4459,4237,91359,87425,1215364,1149898,352132,342046,33865,32572,147635,141635,10612,10025,574307,549692,495326,474006,30177,29371,17206,16077,6225,5672,2086,2062,23287,22504,516395,494377,41652,40402,25689,24234,13036,12252,4210,4110
R,9,2020,15,4317411,2208023,2109388,1615128,1531821,324527,315507,34775,33734,118497,116783,6531,6378,108565,105165,1714603,1627996,381189,370887,58068,56203,158681,155306,14317,13930,1648304,1574488,1131118,1069360,295307,287536,18128,17667,112715,111327,4478,4441,86558,84157,1210729,1146551,341315,332704,33223,32254,146448,143776,10256,10103,559719,534900,484010,462461,29220,27971,16647,16067,5782,5456,2053,1937,22007,21008,503874,481445,39874,38183,24845,23949,12233,11530,4061,3827
R,9,2020,16,4317091,2206623,2110468,1621093,1538629,320726,312369,33981,32808,119668,119026,6379,6071,104776,101565,1716986,1631520,374618,365047,56816,55024,158867,156545,14105,13492,1659865,1586006,1146795,1084174,292708,285433,18045,17302,113933,113564,4451,4226,83933,81307,1223892,1158738,336499,328385,33112,31989,147026,145183,10282,9757,546758,524462,474298,454455,28018,26936,15936,15506,5735,5462,1928,1845,20843,20258,493094,472782,38119,36662,23704,23035,11841,11362,3823,3735
R,9,2020,17,4296736,2195658,2101078,1617538,1534958,317748,310707,33489,32264,120225,119755,6271,5970,100387,97424,1709254,1623984,369057,360626,56058,54213,157499,155937,13766,13108,1658261,1584765,1150983,1086411,290140,284632,17677,17038,114648,114417,4382,4191,80431,78076,1224729,1158008,331960,325339,32606,31624,146079,144869,10002,9614,537397,516313,466555,448547,27608,26075,15812,15226,5577,5338,1889,1779,19956,19348,484525,465976,37097,35287,23452,22589,11420,11068,3764,3494
R,9,2020,18,4287379,2190560,2096819,1612932,1531525,321774,315157,33547,31845,119993,118234,6092,5909,96222,94149,1700700,1617161,370582,363561,55868,53909,155529,152507,13333,12924,1659247,1588294,1150755,1088919,294711,289409,17902,17151,114566,113142,4312,4145,77001,75528,1221197,1157887,334528,328945,32642,31884,144476,141987,9834,9490,531313,508525,462177,442606,27063,25748,15645,14694,5427,5092,1780,1764,19221,18621,479503,459274,36054,34616,23226,22025,11053,10520,3499,3434
R,9,2020,19,4340844,2216760,2124084,1628449,1549567,328371,321724,33225,31827,125073,122582,6001,5862,95641,92522,1715373,1633789,376779,368906,55939,53871,160409,156314,13220,12884,1689735,1620580,1169649,1110823,301510,296403,17985,17441,119764,117575,4256,4064,76571,74274,1239375,1178652,340880,335001,33222,32275,149635,146092,9730,9406,527025,503504,458800,438744,26861,25321,15240,14386,5309,5007,1745,1798,19070,18248,475998,455137,35899,33905,22717,21596,10774,10222,3490,3478
R,9,2020,20,4359971,2226118,2133853,1632461,1551756,335430,329775,33771,32255,125164,123568,6130,5843,93162,90656,1717248,1633855,382362,376101,56681,54452,159072,156290,13151,12761,1702706,1634541,1176158,1116904,309055,304430,18472,17688,119945,118571,4398,4130,74678,72818,1244251,1183024,347246,342277,33908,32810,148686,146174,9781,9399,523412,499312,456303,434852,26375,25345,15299,14567,5219,4997,1732,1713,18484,17838,472997,450831,35116,33824,22773,21642,10386,10116,3370,3362
R,9,2020,21,4280987,2185244,2095743,1607462,1529466,327007,321353,32681,31668,121905,120149,6081,5625,90108,87482,1689254,1608557,372272,366069,55222,53757,154324,151245,13206,12363,1678188,1611116,1165249,1107128,301381,296768,18087,17661,116798,115320,4360,4029,72313,70210,1231042,1170724,338321,333339,33511,32853,144179,141431,9816,9192,507056,484627,442213,422338,25626,24585,14594,14007,5107,4829,1721,1596,17795,17272,458212,437833,33951,32730,21711,20904,10145,9814,3390,3171
R,9,2020,22,4279590,2181710,2097880,1600578,1526491,328450,323478,32561,31624,126509,125181,6059,5718,87553,85388,1679719,1603891,372134,366617,54901,53582,157865,155306,12959,12230,1681852,1619513,1164324,1109224,303359,299398,17975,17652,121451,120345,4359,4094,70384,68800,1228049,1171728,339073,334771,33311,32898,148011,145783,9719,9136,499858,478367,436254,417267,25091,24080,14586,13972,5058,4836,1700,1624,17169,16588,451670,432163,33061,31846,21590,20684,9854,9523,3240,3094
R,9,2020,23,4266054,2172033,2094021,1591753,1522655,325020,321065,31989,31126,133168,130961,6034,5648,84069,82566,1667836,1597144,366232,362070,54101,53076,163563,160325,12640,12106,1678813,1622085,1160882,1110352,300567,297744,17644,17451,128229,126227,4355,4093,67136,66218,1221785,1170139,333882,331121,32804,32686,153901,151085,9455,9086,493220,471936,430871,412303,24453,23321,14345,13675,4939,4734,1679,1555,16933,16348,446051,427005,32350,30949,21297,20390,9662,9240,3185,3020
R,9,2020,24,4297456,2188287,2109169,1603477,1532161,324008,322080,32223,30827,139843,137732,6266,5816,82470,80553,1677988,1604645,363653,361560,54645,52729,169671,166682,12883,12372,1697461,1639635,1174409,1121439,299892,299218,17812,17176,134987,132943,4536,4195,65825,64664,1233989,1179704,331914,331382,33147,32366,160306,157435,9683,9350,490826,469534,429068,410722,24116,22862,14411,13651,4856,4789,1730,1621,16645,15889,443999,424941,31739,30178,21498,20363,9365,9247,3200,3022
R,9,2020,25,4377187,2228698,2148489,1626557,1554976,338568,334464,32586,31461,143853,142540,6424,6213,80710,78835,1698963,1625570,376856,372902,55321,53436,173150,170762,13152,12834,1734103,1674769,1193675,1140735,313997,310768,18259,17683,138965,137764,4683,4521,64524,63298,1251546,1197495,344911,341922,34125,33166,163902,161677,9943,9733,494595,473720,432882,414241,24571,23696,14327,13778,4888,4776,1741,1692,16186,15537,447417,428075,31945,30980,21196,20270,9248,9085,3209,3101
R,9,2020,26,4447147,2262639,2184508,1642576,1571691,353447,349108,32843,32121,148868,147592,6413,6382,78492,77614,1712593,1640833,389863,386192,55821,54716,177520,175443,13322,12973,1765901,1710262,1207358,1156997,328599,325359,18645,18067,144025,142864,4719,4679,62555,62296,1263126,1212487,357860,355412,34704,34107,168385,166499,10128,9868,496738,474246,435218,414694,24848,23749,14198,14054,4843,4728,1694,1703,15937,15318,449467,428346,32003,30780,21117,20609,9135,8944,3194,3105
R,9,2020,27,4542941,2310636,2232305,1674099,1600400,367189,362088,34207,33150,153246,155114,6737,6417,75158,75136,1740880,1667053,401243,397319,56646,55800,181195,182155,13443,12989,1807430,1755060,1232915,1182745,341782,338049,19439,19074,148491,150310,4906,4720,59897,60162,1286149,1236126,368961,366340,35179,35184,172330,173356,10199,9876,503206,477245,441184,417655,25407,24039,14768,14076,4755,4804,1831,1697,15261,14974,454731,430927,32282,30979,21467,20616,8865,8799,3244,3113
R,9,2020,28,4637557,2353463,2284094,1706500,1637251,372556,369385,35657,33744,158204,163034,6842,6588,73704,74092,1771637,1702651,404619,402898,58566,56314,185986,190650,13605,13294,1843672,1801794,1259926,1215404,346720,344567,20304,19626,153375,158121,4941,4840,58406,59236,1311482,1267696,371898,371271,36372,35689,177176,181715,10307,10063,509791,482300,446574,421847,25836,24818,15353,14118,4829,4913,1901,1748,15298,14856,460155,434955,32721,31627,22194,20625,8810,8935,3298,3231
R,9,2020,29,4722392,2386958,2335434,1730818,1670168,375904,379226,35746,33252,166351,172821,7604,6926,70535,73041,1792189,1733770,405911,412138,57671,55194,194036,201106,14713,14015,1879894,1859816,1288345,1256660,349304,352966,20195,19530,161174,167487,5537,5149,55339,58024,1336335,1307071,372520,378921,35366,34943,184783,191589,11152,10803,507064,475618,442473,413508,26600,26260,15551,13722,5177,5334,2067,1777,15196,15017,455854,426699,33391,33217,22305,20251,9253,9517,3561,3212
R,9,2020,30,4756415,2403517,2352898,1751228,1687624,371570,377369,35460,32743,171159,178715,7748,7189,66352,69258,1809071,1748186,398951,407923,56123,54031,197866,205422,14444,13811,1894963,1882938,1307012,1279118,344883,350886,19698,19264,165905,173469,5558,5379,51907,54822,1352066,1326913,365781,374769,33963,34164,188784,196302,10864,10649,508554,469960,444216,408506,26687,26483,15762,13479,5254,5246,2190,1810,14445,14436,457005,421273,33170,33154,22160,19867,9082,9120,3580,3162
R,9,2020,31,4625806,2339441,2286365,1710727,1639153,353002,362413,34234,31314,172108,182036,7691,6843,61679,64606,1764510,1695325,378016,390509,53828,51161,196850,207448,13835,13186,1849606,1838271,1282727,1249249,327443,337204,18748,18404,167088,176906,5609,5171,47991,51337,1324387,1293685,346253,359122,32128,32381,188349,198834,10531,10273,489835,448094,428000,389904,25559,25209,15486,12910,5020,5130,2082,1672,13688,13269,440123,401640,31763,31387,21700,18780,8501,8614,3304,2913
R,9,2020,32,4559860,2302714,2257146,1698902,1631388,333451,346007,34059,30620,170026,180519,7616,6920,58660,61692,1749813,1685156,356612,372471,52567,49671,194109,204919,13703,12988,1811014,1811239,1268165,1243078,308703,321202,18304,17606,165109,175575,5530,5209,45203,48569,1307225,1285304,325840,341454,30679,30903,185757,196504,10353,10077,491700,445907,430737,388310,24748,24805,15755,13014,4917,4944,2086,1711,13457,13123,442588,399852,30772,31017,21888,18768,8352,8415,3350,2911
R,9,2020,33,4479903,2267971,2211932,1686554,1607078,318528,331449,32778,29624,167320,177719,7649,6772,55142,59290,1734337,1658754,340214,356604,50633,48250,189820,201236,13441,12584,1781932,1772825,1259673,1224063,294673,307310,17352,17029,162503,173006,5478,5048,42253,46369,1296016,1264313,310539,326421,29278,29893,181810,193227,10138,9701,486039,439107,426881,383015,23855,24139,15426,12595,4817,4713,2171,1724,12889,12921,438321,394441,29675,30183,21355,18357,8010,8009,3303,2883
R,9,2020,34,4495203,2278042,2217161,1704790,1620686,311435,325860,32667,29590,167935,177696,7680,6849,53535,56480,1751298,1669609,331919,349373,50065,48033,189910,199986,13423,12520,1786878,1777091,1272885,1236258,287590,301699,17039,16742,163047,173106,5482,5148,40835,44138,1308176,1274294,302332,319555,28625,29606,181817,192205,10060,9719,491164,440070,431905,384428,23845,24161,15628,12848,4888,4590,2198,1701,12700,12342,443122,395315,29587,29818,21440,18427,8093,7781,3363,2801
R,9,2020,35,4500890,2278727,2222163,1712323,1627652,307125,323322,32134,29317,167623,179425,7601,6808,51921,55639,1757314,1675925,326754,345763,49640,47651,188709,201766,13177,12526,1786550,1781637,1279064,1242450,283780,299450,16389,16564,162857,174826,5386,5174,39074,43173,1312640,1279718,297690,316061,27891,29334,180833,193982,9829,9796,492177,440526,433259,385202,23345,23872,15745,12753,4766,4599,2215,1634,12847,12466,444674,396207,29064,29702,21749,18317,7876,7784,3348,2730
R,9,2020,36,4418571,2232030,2186541,1679322,1602773,295893,314892,31636,28877,168044,179609,7333,6528,49802,53862,1722502,1649389,314318,336085,48578,47005,188483,201578,12799,12175,1750784,1750434,1255276,1220962,273364,291671,16223,16179,163264,175195,5214,4870,37443,41557,1287497,1256765,286342,307195,27375,28715,180658,193947,9545,9390,481246,436107,424046,381811,22529,23221,15413,12698,4780,4414,2119,1658,12359,12305,435005,392624,27976,28890,21203,18290,7825,7631,3254,2785
R,9,2020,37,4449523,2246946,2202577,1695987,1616509,295817,316567,32042,29241,166280,179991,7391,6727,49429,53542,1738785,1662715,314005,337419,49014,47695,186537,201609,12757,12400,1761692,1761621,1267928,1230847,273307,292709,16236,16227,161541,175545,5331,5034,37349,41259,1300001,1266227,286125,307996,27580,29001,178785,194029,9601,9586,485254,440956,428059,385662,22510,23858,15806,13014,4739,4446,2060,1693,12080,12283,438784,396488,27880,29423,21434,18694,7752,7580,3156,2814
R,9,2020,38,4473064,2256654,2216410,1707380,1628938,296160,319112,31802,28898,165080,179993,7425,6785,48807,52684,1749631,1674352,314044,339840,48897,47270,184854,200985,12805,12347,1767446,1768745,1275662,1236765,273523,295113,16132,15852,160278,175331,5281,5023,36570,40661,1307037,1271604,286031,310347,27471,28661,176971,193234,9562,9501,489208,447665,431718,392173,22637,23999,15670,13046,4802,4662,2144,1762,12237,12023,442594,402748,28013,29493,21426,18609,7883,7751,3243,2846
R,9,2020,39,4399840,2216932,2182908,1684586,1609637,290689,314259,30628,28516,156316,172949,7185,6265,47528,51282,1725520,1653902,307957,334514,47590,46526,175470,193117,12460,11697,1741284,1743701,1264485,1224774,268906,290882,15396,15741,151643,168397,5119,4580,35735,39327,1295014,1258499,281018,305611,26724,28213,167880,185613,9305,8953,475648,439207,420101,384863,21783,23377,15232,12775,4673,4552,2066,1685,11793,11955,430506,395403,26939,28903,20866,18313,7590,7504,3155,2744
R,9,2020,40,4408256,2221033,2187223,1685131,1608314,296860,322021,31131,28452,153673,171038,7256,6472,46982,50926,1725629,1652160,314004,342148,48256,46659,172402,190883,12554,11969,1735986,1745017,1256839,1220461,274676,298519,15591,15717,148915,166516,5068,4807,34897,38997,1286650,1253744,286528,313105,26949,28410,164609,183411,9275,9260,485047,442206,428292,387853,22184,23502,15540,12735,4758,4522,2188,1665,12085,11929,438979,398416,27476,29043,21307,18249,7793,7472,3279,2709
R,9,2020,41,4226482,2122247,2104235,1613115,1548102,281463,309235,29243,26998,148140,166122,6444,6023,43842,47755,1650943,1589127,297291,327972,45299,44188,165549,184837,11361,11024,1668848,1682937,1212524,1178792,260637,286699,14829,14823,143814,161871,4524,4463,32520,36289,1240317,1209717,271533,300023,25431,26750,158476,177747,8406,8501,453399,421298,400591,369310,20826,22536,14414,12175,4326,4251,1920,1560,11322,11466,410626,379410,25758,27949,19868,17438,7073,7090,2955,2523
R,9,2020,42,4121862,2067876,2053986,1578199,1516128,270269,298240,28110,26554,143235,161691,6207,5654,41856,45719,1614143,1555350,285319,315873,43666,43387,159846,179571,10685,10413,1622657,1637596,1183770,1150634,250268,276402,14233,14427,139007,157363,4424,4167,30955,34603,1210030,1180050,260589,288901,24540,26045,152959,172554,7975,7999,445219,416390,394429,365494,20001,21838,13877,12127,4228,4328,1783,1487,10901,11116,404113,375300,24730,26972,19126,17342,6887,7017,2710,2414
R,9,2020,43,4082808,2043041,2039767,1563194,1508423,264787,294567,28168,26364,140655,160342,6028,5666,40209,44405,1597775,1546280,279043,311595,43369,42997,156553,177769,10452,10403,1603693,1624106,1173260,1142180,245704,273233,14465,14692,136326,156110,4264,4168,29674,33723,1198456,1170666,255316,285325,24646,26329,149640,170868,7749,7961,439348,415661,389934,366243,19083,21334,13703,11672,4329,4232,1764,1498,10535,10682,399319,375614,23727,26270,18723,16668,6913,6901,2703,2442
R,9,2020,44,3927932,1964297,1963635,1499302,1452696,252500,280245,27130,25158,141205,158697,5662,5349,38498,41490,1532448,1487990,265683,295906,41794,40879,156603,175126,10005,9761,1538098,1556960,1120624,1093552,234040,259794,13831,13758,137133,154520,4061,3929,28409,31407,1144785,1119975,242825,270820,23609,24722,150139,168432,7508,7500,426199,406675,378678,359144,18460,20451,13299,11400,4072,4177,1601,1420,10089,10083,387663,368015,22858,25086,18185,16157,6464,6694,2497,2261
R,9,2020,45,3955752,1978131,1977621,1513991,1465791,252970,282302,26676,25216,142836,159384,5650,5126,36008,39802,1544710,1499633,265344,297037,40672,40446,157224,175228,9636,9283,1557292,1575638,1138310,1109529,235519,262620,13577,13959,138836,155383,4090,3787,26960,30360,1161027,1135083,243971,272988,23139,24680,151076,168925,7294,7144,420839,401983,375681,356262,17451,19682,13099,11257,4000,4001,1560,1339,9048,9442,383683,364550,21373,24049,17533,15766,6148,6303,2342,2139
R,9,2020,46,3903671,1949909,1953762,1493850,1450706,248179,277752,26302,24602,141693,157588,5346,5019,34539,38095,1523237,1482908,259833,291778,39974,39461,155489,172668,9262,9038,1541980,1560642,1128697,1100977,231696,259140,13467,13702,138000,153762,3920,3733,26200,29328,1150758,1125472,239789,269177,22915,24324,149869,166756,7107,6998,407929,393120,365153,349729,16483,18612,12835,10900,3693,3826,1426,1286,8339,8767,372479,357436,20044,22601,17059,15137,5620,5912,2155,2040
R,9,2020,47,3927373,1959527,1967846,1501738,1461250,251558,282181,25721,24740,141272,157315,5198,4970,34040,37390,1530635,1492751,262750,295764,39245,39528,155050,172213,9020,8890,1562358,1582473,1145774,1118237,235634,264014,13404,13939,137699,153568,3838,3713,26009,29002,1167589,1142385,243382,273786,22903,24724,149628,166438,6970,6906,397169,385373,355964,343013,15924,18167,12317,10801,3573,3747,1360,1257,8031,8388,363046,350366,19368,21978,16342,14804,5422,5775,2050,1984
R,9,2020,48,4093174,2045375,2047799,1576613,1531047,261856,291839,26331,24848,141496,157730,5213,4907,33866,37428,1605219,1562591,272736,305112,40351,40120,154963,172415,9027,8898,1649929,1664208,1221927,1189157,246197,273938,13948,14213,137831,154055,3891,3657,26135,29188,1243719,1213451,253867,283539,24029,25411,149523,166841,6995,6957,395446,383591,354686,341890,15659,17901,12383,10635,3665,3675,1322,1250,7731,8240,361500,349140,18869,21573,16322,14709,5440,5574,2032,1941
R,9,2020,49,4340763,2173822,2166941,1695988,1640180,272869,304845,26659,25727,138159,153067,5248,4969,34899,38153,1725532,1672348,283945,318243,41415,41700,151819,167651,9267,9171,1780035,1785933,1342725,1300862,257234,287046,14614,14887,134447,149437,3891,3744,27124,29957,1365446,1325854,265041,296757,25382,26876,146315,162069,7204,7221,393787,381008,353263,339318,15635,17799,12045,10840,3712,3630,1357,1225,7775,8196,360086,346494,18904,21486,16033,14824,5504,5582,2063,1950
R,9,2020,50,4352127,2180537,2171590,1706599,1652290,272250,300262,26651,25198,135676,151443,5214,5093,34147,37304,1735443,1683490,283106,313245,41336,41196,148701,165714,9249,9316,1793880,1803054,1359950,1323908,256745,283116,14603,14919,132094,147816,3904,3873,26584,29422,1382134,1348255,264474,292660,25391,26982,143359,160111,7251,7391,386657,368536,346649,328382,15505,17146,12048,10279,3582,3627,1310,1220,7563,7882,353309,335235,18632,20585,15945,14214,5342,5603,1998,1925
R,9,2020,51,4174457,2087890,2086567,1642719,1597274,254685,282353,25264,24099,128440,143728,4954,4880,31828,34233,1669708,1625960,264397,293844,39354,39315,140550,156612,8654,8721,1722224,1736458,1314599,1284898,240160,266279,14084,14320,125090,140294,3745,3722,24546,26945,1335186,1307258,246815,274563,24426,25851,135565,151436,6784,6903,365666,350109,328120,312376,14525,16074,11180,9779,3350,3434,1209,1158,7282,7288,334522,318702,17582,19281,14928,13464,4985,5176,1870,1818
R,9,2020,52,4075095,2035687,2039408,1599888,1558586,252688,280753,24734,23505,123903,139496,4617,4667,29857,32401,1625003,1585497,261696,291589,38259,38115,135187,151558,8120,8516,1682054,1700722,1282639,1256169,238344,265002,13740,14213,120795,136324,3442,3538,23094,25476,1301811,1277051,244535,272786,23779,25354,130569,146791,6357,6755,353633,338686,317249,302417,14344,15751,10994,9292,3108,3172,1175,1129,6763,6925,323192,308446,17161,18803,14480,12761,4618,4767,1763,1761
R,9,2020,53,4076151,2028882,2047269,1606124,1577512,251165,281507,23925,23446,114304,128750,4726,4608,28638,31446,1630204,1603651,259668,292212,37265,38007,124903,139948,8104,8299,1689077,1718499,1300768,1283834,237500,266123,13699,14560,111280,125748,3568,3519,22262,24715,1319236,1304117,243334,273798,23687,25708,120466,135400,6434,6634,339805,328770,305356,293678,13665,15384,10226,8886,3024,3002,1158,1089,6376,6731,310968,299534,16334,18414,13578,12299,4437,4548,1670,1665
R,9,2020,54,4118269,2046201,2072068,1617886,1596923,257547,288379,24046,23599,113830,127602,4634,4630,28258,30935,1641333,1622563,266035,298663,37511,38302,124076,138581,8112,8291,1712538,1749157,1318288,1308536,243798,273365,13938,14811,110920,124551,3541,3596,22053,24298,1336294,1328431,249607,280714,24229,26126,119757,133980,6481,6656,333663,322911,299598,288387,13749,15014,10108,8788,2910,3051,1093,1034,6205,6637,305039,294132,16428,17949,13282,12176,4319,4601,1631,1635
R,9,2020,55,4279957,2118421,2161536,1681726,1673772,264592,298294,24717,24478,114024,128477,4752,4689,28610,31826,1705600,1700082,272927,308723,38602,39848,124323,139578,8254,8495,1788364,1840382,1385319,1387026,251096,283226,14777,15748,111107,125459,3696,3686,22369,25237,1403716,1407611,256850,290757,25315,27784,120045,135048,6630,6893,330057,321154,296407,286746,13496,15068,9940,8730,2917,3018,1056,1003,6241,6589,301884,292471,16077,17966,13287,12064,4278,4530,1624,1602
R,9,2020,56,4402956,2173626,2229330,1736792,1738417,265065,299716,24619,24776,114004,130082,4522,4639,28624,31700,1760563,1764578,273155,309643,38932,40681,124212,141083,8064,8405,1857890,1916056,1453345,1458598,251997,285008,15039,16157,111273,127263,3525,3652,22711,25378,1471973,1479257,257648,292172,26195,28864,120151,136811,6505,6854,315736,313274,283447,279819,13068,14708,9580,8619,2731,2819,997,987,5913,6322,288590,285321,15507,17471,12737,11817,4061,4272,1559,1551
R,9,2020,57,4418492,2177309,2241183,1743812,1754308,261155,295409,24253,24291,115498,131083,4311,4541,28280,31551,1767383,1780284,268975,305315,38526,40221,125528,141807,7701,8292,1875387,1939074,1472766,1484578,248646,281435,15139,15958,112804,128252,3376,3597,22656,25254,1491447,1505092,254124,288609,26404,28695,121601,137517,6277,6766,301922,302109,271046,269730,12509,13974,9114,8333,2694,2831,935,944,5624,6297,275936,275192,14851,16706,12122,11526,3927,4290,1424,1526
R,9,2020,58,4428836,2178245,2250591,1756278,1774802,257827,293611,23670,24189,108100,122395,4443,4524,27927,31070,1779650,1800279,265304,303358,37774,40234,118048,132868,7898,8219,1887303,1959297,1494705,1514466,245941,280501,14954,16023,105588,119685,3551,3606,22564,25016,1513394,1534739,251195,287553,26231,28960,114315,128772,6515,6707,290942,291294,261573,260336,11886,13110,8716,8166,2512,2710,892,918,5363,6054,266256,265540,14109,15805,11543,11274,3733,4096,1383,1512
R,9,2020,59,4423985,2171051,2252934,1762828,1786748,252583,290125,23018,24012,100972,117467,4178,4231,27472,30351,1785724,1811614,259877,299441,37212,40028,110697,127571,7506,7865,1896901,1975801,1516552,1538975,241353,277487,14810,16459,98558,114878,3360,3398,22268,24604,1534887,1558891,246541,284323,26211,29494,107090,123639,6200,6464,274150,277133,246276,247773,11230,12638,8208,7553,2414,2589,818,833,5204,5747,250837,252723,13336,15118,11001,10534,3607,3932,1306,1401
R,9,2020,60,4379859,2145987,2233872,1734569,1764432,253092,290052,22779,23726,104202,121774,4231,4206,27114,29682,1757272,1788671,260251,299253,36854,39371,113703,131648,7461,7731,1877261,1961808,1493197,1521012,242116,277734,14665,16353,101817,119193,3400,3405,22066,24111,1511481,1540442,247217,284524,26017,29109,110201,127758,6131,6404,268726,272064,241372,243420,10976,12318,8114,7373,2385,2581,831,801,5048,5571,245791,248229,13034,14729,10837,10262,3502,3890,1330,1327
R,9,2020,61,4283530,2091307,2192223,1700090,1741210,242475,281222,21452,22459,97709,115159,3931,3898,25650,28275,1721492,1764465,249069,289727,34940,37802,106776,124321,6936,7117,1845575,1939500,1479284,1515167,232364,269628,14139,15550,95531,112793,3195,3188,21062,23174,1496730,1534016,237094,275925,25146,28202,103537,120813,5751,5941,245732,252723,220806,226043,10111,11594,7313,6909,2178,2366,736,710,4588,5101,224762,230449,11975,13802,9794,9600,3239,3508,1185,1176
R,9,2020,62,4227438,2057120,2170318,1678203,1730780,232697,271405,20086,21703,97861,115536,3710,3801,24563,27093,1698606,1752918,239092,279576,33212,36513,106362,124325,6547,6840,1828198,1930257,1472846,1515868,222941,260345,13407,15265,95813,113383,3015,3112,20176,22284,1489444,1533895,227519,266430,24208,27520,103337,121048,5428,5729,228922,240061,205357,214912,9756,11060,6679,6438,2048,2153,695,689,4387,4809,209162,219023,11573,13146,9004,8993,3025,3277,1119,1111
R,9,2020,63,4175409,2023671,2151738,1655753,1720787,225782,267805,19920,21092,94823,112102,3546,3615,23847,26337,1675570,1742404,232012,275687,32874,35983,102885,120173,6307,6610,1804055,1918961,1458582,1512176,216631,257145,13249,14936,92920,110105,2923,2938,19750,21661,1474829,1529749,221178,262984,23968,27356,100134,117119,5307,5484,219616,232777,197171,208611,9151,10660,6671,6156,1903,1997,623,677,4097,4676,200741,212655,10834,12703,8906,8627,2751,3054,1000,1126
R,9,2020,64,4008558,1931992,2076566,1583208,1659718,212662,256949,18603,20273,91772,110753,3292,3457,22455,25416,1601936,1680548,218447,264516,30858,34672,99272,118631,5897,6309,1726694,1855376,1399033,1461660,204017,246804,12435,14450,89956,108661,2692,2894,18561,20907,1414368,1478603,208164,252374,22577,26485,96622,115521,4940,5330,205298,221190,184175,198058,8645,10145,6168,5823,1816,2092,600,563,3894,4509,187568,201945,10283,12142,8281,8187,2650,3110,957,979
R,9,2020,65,3894734,1868860,2025874,1536670,1625410,200652,244595,17677,19068,89345,109547,3109,3385,21407,23869,1554385,1644846,206169,251770,29517,32482,96455,116998,5619,6111,1673874,1812991,1361202,1433994,192519,235170,12033,13712,87642,107656,2593,2790,17885,19669,1375862,1449777,196538,240479,21963,24923,94012,114195,4771,5137,194986,212883,175468,191416,8133,9425,5644,5356,1703,1891,516,595,3522,4200,178523,195069,9631,11291,7554,7559,2443,2803,848,974
R,9,2020,66,3768457,1798826,1969631,1488097,1588320,187151,233343,16317,18001,84626,104325,2843,3177,19792,22465,1504595,1606597,192191,239982,27483,30899,91070,111108,5037,5781,1620393,1771214,1327181,1409514,179631,224751,11362,13133,83171,102536,2377,2619,16671,18661,1340952,1424489,183334,229699,20861,24022,88924,108515,4310,4885,178433,198417,160916,178806,7520,8592,4955,4868,1455,1789,466,558,3121,3804,163643,182108,8857,10283,6622,6877,2146,2593,727,896
R,9,2020,67,3607599,1713673,1893926,1425944,1536707,171630,217878,15128,16681,79841,98621,2699,2900,18431,21139,1441308,1553990,176157,224003,25627,28898,85799,105074,4792,5339,1550106,1708936,1278455,1369708,164765,209833,10580,12246,78476,97051,2284,2430,15546,17668,1291329,1383966,168050,214449,19519,22616,83819,102738,4119,4564,163567,184990,147489,166999,6865,8045,4548,4435,1365,1570,415,470,2885,3471,149979,170024,8107,9554,6108,6282,1980,2336,673,775
R,9,2020,68,3490411,1652097,1838314,1381867,1496350,160101,207850,13865,15732,76754,96150,2578,2824,16932,19408,1395943,1512269,164315,213403,23583,27220,82134,101839,4571,5069,1500395,1665152,1244736,1339905,153860,200304,9835,11604,75450,94639,2199,2384,14315,16316,1256524,1353125,156968,204526,18130,21442,80284,99641,3938,4320,151702,173162,137131,156445,6241,7546,4030,4128,1304,1511,379,440,2617,3092,139419,159144,7347,8877,5453,5778,1850,2198,633,749
R,9,2020,69,3312216,1558134,1754082,1305730,1427933,151246,200464,13066,14810,69913,90054,2297,2559,15882,18262,1318896,1442863,155163,205807,22438,25746,74815,95230,4155,4651,1415400,1590368,1176355,1280079,145445,193339,9397,10894,68744,88585,1970,2160,13489,15311,1187441,1292417,148370,197405,17437,20268,73136,93117,3616,3982,142734,163714,129375,147854,5801,7125,3669,3916,1169,1469,327,399,2393,2951,131455,150446,6793,8402,5001,5478,1679,2113,539,669
R,9,2020,70,3149104,1474516,1674588,1228956,1357982,143920,190662,12514,14004,71568,92023,2310,2457,15248,17460,1241616,1372137,147733,195830,21511,24275,76255,97227,4081,4504,1341180,1517420,1108296,1215897,138386,183718,9095,10399,70475,90641,1943,2100,12985,14665,1119000,1227650,141253,187635,16818,19219,74671,95180,3532,3875,133336,157168,120660,142085,5534,6944,3419,3605,1093,1382,367,357,2263,2795,122616,144487,6480,8195,4693,5056,1584,2047,549,629
R,9,2020,71,3061401,1429852,1631549,1202422,1335509,132145,178292,11762,13110,67197,85769,2231,2426,14095,16443,1214140,1348958,135520,183067,20200,23000,71485,90385,3894,4295,1306711,1486002,1090732,1203515,127204,172030,8620,9844,66175,84579,1902,2065,12078,13969,1100709,1214830,129749,175699,15961,18469,69996,88642,3358,3709,123141,145547,111690,131994,4941,6262,3142,3266,1022,1190,329,361,2017,2474,113431,134128,5771,7368,4239,4531,1489,1743,536,586
R,9,2020,72,2991994,1396050,1595944,1182654,1317195,123714,168426,10917,12452,63490,79923,2003,2246,13272,15702,1193684,1330154,126976,172820,18886,21947,67433,84331,3541,4029,1280443,1457752,1077720,1191827,119027,162622,8102,9393,62557,78752,1709,1920,11328,13238,1087050,1202626,121513,165960,15004,17602,66063,82610,3080,3477,115607,138192,104934,125368,4687,5804,2815,3059,933,1171,294,326,1944,2464,106634,127528,5463,6860,3882,4345,1370,1721,461,552
R,9,2020,73,3149968,1477176,1672792,1272698,1408637,118137,159455,11081,12034,59851,74942,1916,1985,13493,15739,1284040,1421758,121319,163853,19485,21791,63595,79137,3460,3684,1366113,1539189,1171570,1287004,113920,153965,8284,9215,58998,73818,1645,1696,11696,13491,1181356,1298147,116375,157387,15715,17769,62311,77539,3017,3218,111063,133603,101128,121633,4217,5490,2797,2819,853,1124,271,289,1797,2248,102684,123611,4944,6466,3770,4022,1284,1598,443,466
R,9,2020,74,2351611,1088701,1262910,927266,1048930,90215,126476,8438,9627,50656,63664,1689,1720,10437,12493,936039,1059246,92692,129913,14669,16980,53743,67314,2963,3209,996084,1147217,842974,943800,86549,121476,6176,7248,49961,62712,1470,1481,8954,10500,850467,952381,88404,124061,11632,13559,52714,65913,2591,2805,92617,115693,84292,105130,3666,5000,2262,2379,695,952,219,239,1483,1993,85572,106865,4288,5852,3037,3421,1029,1401,372,404
R,9,2020,75,2126733,972397,1154336,825859,956638,82577,118212,7529,8865,45628,57686,1449,1609,9355,11326,833682,965998,84806,121329,13075,15567,48409,60956,2650,2958,888690,1048426,749562,860099,79392,113852,5563,6683,44953,56834,1240,1380,7980,9578,756175,867941,81058,116203,10375,12474,47424,59708,2305,2566,83707,105910,76297,96539,3185,4360,1966,2182,675,852,209,229,1375,1748,77507,98057,3748,5126,2700,3093,985,1248,345,392
R,9,2020,76,2062433,937430,1125003,801407,939842,76232,110771,6999,8191,42779,53820,1289,1472,8724,10907,808734,948863,78239,113852,12236,14717,45339,56867,2391,2794,862349,1026628,732887,850038,73256,106871,5253,6191,42246,52996,1129,1267,7578,9265,739210,857637,74803,109233,9901,11876,44542,55670,2113,2447,75081,98375,68520,89804,2976,3900,1746,2000,533,824,160,205,1146,1642,69524,91226,3436,4619,2335,2841,797,1197,278,347
R,9,2020,77,2094047,945804,1148243,818755,972344,72153,107925,6475,7848,39088,48355,1172,1294,8161,10477,825672,981081,73997,110770,11508,14226,41314,51178,2196,2521,876000,1054252,754911,886633,69439,104049,4972,5939,38546,47642,1033,1112,7099,8877,760924,893994,70847,106166,9463,11510,40513,50101,1939,2209,69804,93991,63844,85711,2714,3876,1503,1909,542,713,139,182,1062,1600,64748,87087,3150,4604,2045,2716,801,1077,257,312
R,9,2020,78,1809000,809335,999665,695362,839819,63245,95943,5747,6920,36669,46754,993,1201,7319,9028,701477,847323,64944,98401,10245,12409,38754,49226,1859,2214,747448,915441,638760,762694,60828,92638,4417,5253,36220,46106,860,1009,6363,7741,644054,769074,62142,94523,8402,10080,38084,48297,1627,1919,61887,84224,56602,77125,2417,3305,1330,1667,449,648,133,192,956,1287,57423,78249,2802,3878,1843,2329,670,929,232,295
R,9,2020,79,1608917,711577,897340,610345,752403,55737,87519,5181,6194,32981,41919,914,1035,6419,8270,615754,759279,57175,89748,9081,11226,34865,44228,1689,1977,655460,820452,558982,681909,53570,84511,3988,4781,32569,41323,808,872,5543,7056,563633,687741,54651,86223,7440,9176,34234,43337,1494,1707,56117,76888,51363,70494,2167,3008,1193,1413,412,596,106,163,876,1214,52121,71538,2524,3525,1641,2050,631,891,195,270
R,9,2020,80,1464302,639143,825159,545063,688806,51223,82117,4693,5792,31374,39834,874,1032,5916,7578,550003,695106,52581,84209,8205,10304,33197,41945,1591,1935,586808,751993,497152,621812,49221,79178,3565,4435,30955,39279,761,846,5154,6443,501444,627119,50264,80770,6663,8360,32595,41143,1408,1643,52335,73166,47911,66994,2002,2939,1128,1357,419,555,113,186,762,1135,48559,67987,2317,3439,1542,1944,602,802,183,292
R,9,2020,81,1340818,580084,760734,497167,638884,45058,73441,4017,5132,27999,35426,687,947,5156,6904,501533,644615,46258,75291,7059,9236,29533,37394,1316,1795,532877,693706,453945,577403,43188,70761,3051,3926,27657,34924,585,811,4451,5881,457685,582279,44094,72143,5726,7508,29028,36647,1156,1543,47207,67028,43222,61481,1870,2680,966,1206,342,502,102,136,705,1023,43848,62336,2164,3148,1333,1728,505,747,160,252
R,9,2020,82,1253280,534729,718551,459570,605332,40422,68206,3669,4896,25611,33054,690,866,4767,6197,463590,610497,41514,69893,6502,8514,27053,34845,1240,1596,491735,655908,420096,547923,38812,65664,2832,3770,25277,32600,588,705,4130,5246,423562,552269,39638,66943,5339,6923,26567,34161,1071,1338,42994,62643,39474,57409,1610,2542,837,1126,334,454,102,161,637,951,40028,58228,1876,2950,1163,1591,486,684,169,258
R,9,2020,83,1116800,469303,647497,402983,544745,35568,61683,3167,4291,22812,30298,586,773,4187,5707,406566,549501,36531,63240,5634,7591,24098,31948,1056,1480,430754,590519,367549,492484,34100,59420,2424,3260,22541,29834,502,643,3638,4878,370650,496516,34827,60619,4618,6148,23692,31291,921,1270,38549,56978,35434,52261,1468,2263,743,1031,271,464,84,130,549,829,35916,52985,1704,2621,1016,1443,406,657,135,210
R,9,2020,84,1016018,420550,595468,361090,501210,32081,57263,2822,3875,20333,27375,507,664,3717,5081,364217,505429,32926,58678,4957,6862,21505,28815,966,1237,385704,543452,329028,453393,30719,55227,2179,2949,20095,26998,438,568,3245,4317,331751,456949,31360,56305,4076,5537,21156,28268,846,1077,34846,52016,32062,47817,1362,2036,643,926,238,377,69,96,472,764,32466,48480,1566,2373,881,1325,349,547,120,160
R,9,2020,85,929704,377053,552651,324713,466305,28226,52424,2479,3534,17937,25059,446,599,3252,4730,327444,470207,28976,53692,4337,6268,18951,26460,877,1161,345743,504361,295817,421891,27084,50553,1905,2670,17709,24700,393,494,2835,4053,298188,425217,27666,51532,3559,5075,18609,25930,783,982,31310,48290,28896,44414,1142,1871,574,864,228,359,53,105,417,677,29256,44990,1310,2160,778,1193,342,530,94,179
R,9,2020,86,804537,320801,483736,276393,408725,23727,45582,2025,2951,15434,21897,422,529,2800,4052,278788,412126,24373,46691,3587,5256,16337,23127,763,1009,294359,442231,251948,370474,22805,44009,1542,2220,15247,21583,361,457,2456,3488,254045,373391,23306,44866,2941,4242,16053,22671,668,879,26442,41505,24445,38251,922,1573,483,731,187,314,61,72,344,564,24743,38735,1067,1825,646,1014,284,456,95,130
R,9,2020,87,719760,280390,439370,242208,371710,20168,40541,1769,2627,13536,20399,353,458,2356,3635,244194,374725,20707,41523,3074,4703,14324,21470,641,932,257991,402702,221511,337854,19353,39151,1365,2020,13382,20142,307,397,2073,3138,223253,340440,19777,39917,2528,3853,14096,21096,563,820,22399,36668,20697,33856,815,1390,404,607,154,257,46,61,283,497,20941,34285,930,1606,546,850,228,374,78,112
R,9,2020,88,652383,247122,405261,214503,344893,17102,36035,1468,2328,11681,18260,308,408,2060,3337,216255,347676,17597,36965,2600,4228,12352,19217,577,827,227298,371774,196090,313943,16450,34800,1116,1770,11535,18030,268,358,1839,2873,197649,316324,16857,35546,2130,3438,12151,18872,513,721,19824,33487,18413,30950,652,1235,352,558,146,230,40,50,221,464,18606,31352,740,1419,470,790,201,345,64,106
R,9,2020,89,573690,211899,361791,185245,310353,13695,30399,1208,1988,9756,15910,252,337,1743,2804,186726,312691,14098,31191,2159,3581,10352,16729,473,675,194695,332488,169238,283235,13155,29358,900,1482,9657,15719,223,289,1522,2405,170530,285227,13473,29975,1736,2882,10188,16436,417,590,17204,29303,16007,27118,540,1041,308,506,99,191,29,48,221,399,16196,27464,625,1216,423,699,164,293,56,85
R,9,2020,90,507392,181010,326382,157778,279231,11883,27610,1061,1754,8598,14911,223,325,1467,2551,159021,281364,12225,28309,1882,3201,9065,15652,417,644,166212,299878,144003,254612,11401,26714,804,1327,8518,14746,201,280,1285,2199,145091,256440,11672,27247,1529,2608,8937,15403,374,559,14798,26504,13775,24619,482,896,257,427,80,165,22,45,182,352,13930,24924,553,1062,353,593,128,249,43,85
R,9,2020,91,418372,143258,275114,125237,236213,9001,22904,833,1380,6803,12193,174,285,1210,2139,126255,237976,9290,23532,1524,2585,7181,12804,329,558,131685,253572,114509,216221,8614,22146,630,1045,6729,12058,155,248,1048,1854,115388,217742,8841,22646,1241,2109,7060,12599,287,491,11573,21542,10728,19992,387,758,203,335,74,135,19,37,162,285,10867,20234,449,886,283,476,121,205,42,67
R,9,2020,92,354575,116307,238268,101791,204999,7181,19482,668,1209,5566,10478,116,221,985,1879,102620,206561,7406,20009,1218,2277,5887,11018,250,473,107183,220319,93287,188411,6891,18818,509,911,5522,10362,100,189,874,1628,94022,189749,7076,19238,1003,1858,5815,10843,218,412,9124,17949,8504,16588,290,664,159,298,44,116,16,32,111,251,8598,16812,330,771,215,419,72,175,32,61
R,9,2020,93,289471,90942,198529,79384,170987,5631,16080,485,1010,4572,8749,97,176,773,1527,80033,172263,5822,16501,910,1898,4819,9176,196,365,84103,184230,72979,157759,5436,15545,385,772,4532,8658,85,152,686,1344,73554,158876,5595,15885,765,1572,4754,9039,172,317,6839,14299,6405,13228,195,535,100,238,40,91,12,24,87,183,6479,13387,227,616,145,326,65,137,24,48
R,9,2020,94,229188,68677,160511,59812,138194,4312,12982,385,792,3495,7152,69,160,604,1231,60321,139225,4468,13346,721,1487,3682,7486,148,309,63477,149161,54973,127684,4151,12574,298,610,3465,7073,61,139,529,1081,55417,128588,4272,12869,597,1231,3632,7371,130,273,5200,11350,4839,10510,161,408,87,182,30,79,8,21,75,150,4904,10637,196,477,124,256,50,115,18,36
R,9,2020,95,178646,50625,128021,43891,110045,3142,10249,288,620,2816,5930,48,132,440,1045,44262,110911,3247,10574,530,1204,2966,6209,106,258,46902,119232,40433,101907,3029,9927,219,477,2793,5871,42,119,386,931,40761,102680,3111,10201,432,1008,2924,6118,91,230,3723,8789,3458,8138,113,322,69,143,23,59,6,13,54,114,3501,8231,136,373,98,196,42,91,15,28
R,9,2020,96,135080,36512,98568,31429,84854,2305,7793,203,486,2203,4598,38,92,334,745,31710,85469,2397,8018,389,914,2315,4803,74,185,33827,92102,28931,78857,2221,7557,159,385,2184,4555,35,82,297,666,29182,79406,2296,7746,326,775,2286,4736,66,166,2685,6466,2498,5997,84,236,44,101,19,43,3,10,37,79,2528,6063,101,272,63,139,29,67,8,19
R,9,2020,97,98521,25628,72893,21951,62603,1596,5786,153,339,1635,3506,28,67,265,592,22170,63089,1668,5975,295,679,1722,3661,70,149,23736,68299,20191,58342,1543,5616,122,269,1622,3479,25,59,233,534,20388,58777,1600,5779,248,581,1701,3619,57,132,1892,4594,1760,4261,53,170,31,70,13,27,3,8,32,58,1782,4312,68,196,47,98,21,42,13,17
R,9,2020,98,70432,17246,53186,14664,45646,1088,4209,98,252,1215,2598,17,61,164,420,14802,45987,1134,4342,189,486,1273,2709,39,116,16051,49954,13555,42644,1050,4096,80,207,1204,2576,15,56,147,375,13678,42949,1089,4207,162,420,1257,2675,34,105,1195,3232,1109,3002,38,113,18,45,11,22,2,5,17,45,1124,3038,45,135,27,66,16,34,5,11
R,9,2020,99,47439,10830,36609,9185,31191,660,2968,60,174,793,1908,14,37,118,331,9280,31454,700,3081,121,362,831,1999,34,84,10098,34414,8509,29168,638,2889,47,143,789,1894,11,34,104,286,8592,29395,672,2985,101,306,824,1971,27,75,732,2195,676,2023,22,79,13,31,4,14,3,3,14,45,688,2059,28,96,20,56,7,28,7,9
R,9,2020,100,78983,15502,63481,12581,52498,1088,5767,105,333,1503,4215,27,77,198,591,12736,52971,1150,5987,211,655,1569,4369,60,161,14527,59978,11696,49288,1055,5627,86,285,1494,4188,24,70,172,520,11833,49702,1106,5811,177,572,1551,4323,51,144,975,3503,885,3210,33,140,19,48,9,27,3,7,26,71,903,3269,44,176,34,83,18,46,9,17
R,10,2020,999,331814113,164350372,167463741,125549702,126189581,21633010,23339833,2181339,2133588,9762040,10528326,435114,420192,4789167,4852221,129823395,130496572,23815329,25596894,3562447,3570989,11546573,12300774,853139,840309,132722996,136640159,97935835,99328405,20049311,21714418,1192185,1221851,9432258,10200512,314083,307219,3799324,3867754,101325086,102758671,21764301,23498314,2165388,2255987,10944624,11701635,641974,638284,31627376,30823582,27613867,26861176,1583699,1625415,989154,911737,329782,327814,121031,112973,989843,984467,28498309,27737901,2051028,2098580,1397059,1315002,601949,599139,211165,202025
R,10,2020,0,3671350,1877321,1794029,1298708,1238416,302163,292612,34765,33217,110293,103915,6933,6563,124459,119306,1413196,1348151,371225,358960,57878,55425,156188,147757,15453,14659,1380835,1317084,895404,850840,266123,257739,13386,12894,102560,96575,4198,3903,99164,95133,987134,938821,321959,311415,28088,27047,140588,132942,10421,9830,496486,476945,403304,387576,36040,34873,21379,20323,7733,7340,2735,2660,25295,24173,426062,409330,49266,47545,29790,28378,15600,14815,5032,4829
R,10,2020,1,3752611,1916881,1835730,1331487,1271992,302919,295293,35588,34187,115347,108356,7284,6833,124256,119069,1445699,1381436,371636,361377,58669,56419,161418,152209,15843,14930,1417249,1352704,924855,878313,267252,260667,14109,13716,107413,100861,4461,4194,99159,94953,1016473,966043,322794,314107,28874,27921,145720,137267,10775,10158,499632,483026,406632,393679,35667,34626,21479,20471,7934,7495,2823,2639,25097,24116,429226,415393,48842,47270,29795,28498,15698,14942,5068,4772
R,10,2020,2,3820686,1952389,1868297,1356398,1294534,306567,299024,36391,34760,119664,112503,7337,6931,126032,120545,1472234,1405317,376158,365841,59862,57291,166418,156951,16007,15140,1444912,1379502,942305,895261,271142,264759,14291,13795,111809,105025,4551,4294,100814,96368,1035437,984270,327542,318901,29318,28247,150806,142058,10955,10359,507477,488795,414093,399273,35425,34265,22100,20965,7855,7478,2786,2637,25218,24177,436797,421047,48616,46940,30544,29044,15612,14893,5052,4781
R,10,2020,3,3907117,1999885,1907232,1391179,1323464,310668,302190,35971,34372,126894,118692,7456,7087,127717,121427,1508513,1435056,380414,369185,59875,57228,174853,163570,16388,15438,1482921,1409991,965058,913998,276204,268708,15257,14429,119209,111303,4791,4455,102402,97098,1059567,1003659,332761,323002,30702,29150,159367,148698,11465,10626,516964,497241,426121,409466,34464,33482,20714,19943,7685,7389,2665,2632,25315,24329,448946,431397,47653,46183,29173,28078,15486,14872,4923,4812
R,10,2020,4,4027172,2058195,1968977,1446576,1378467,311758,305005,35608,34401,127702,120370,7435,7103,129116,123631,1565242,1492137,381740,372499,60172,57973,176280,166376,16494,15669,1526403,1458153,1005354,954584,277330,271712,15796,15362,119872,113012,4720,4488,103331,98995,1100770,1046049,334004,326433,31689,30647,160461,151427,11457,10843,531792,510824,441222,423883,34428,33293,19812,19039,7830,7358,2715,2615,25785,24636,464472,446088,47736,46066,28483,27326,15819,14949,5037,4826
R,10,2020,5,4067705,2078523,1989182,1463473,1395721,316100,308480,34907,33992,127814,120339,7353,7138,128876,123512,1581949,1509263,385859,375898,59606,57615,176157,166250,16397,15697,1544986,1473864,1018778,966785,281712,275110,16254,15451,120231,113061,4678,4502,103333,98955,1114210,1058188,338242,329793,32351,30758,160721,151454,11438,10890,533537,515318,444695,428936,34388,33370,18653,18541,7583,7278,2675,2636,25543,24557,467739,451075,47617,46105,27255,26857,15436,14796,4959,4807
R,10,2020,6,4077312,2086255,1991057,1470878,1397535,317326,309201,35304,34150,127576,120591,7161,6869,128010,122711,1588562,1510346,386318,376197,60003,57778,175720,166001,16256,15429,1555002,1480942,1028260,972879,282606,275650,16529,15928,120309,113709,4639,4452,102659,98324,1123091,1063692,338476,329994,32666,31312,160665,151673,11427,10849,531253,510115,442618,424656,34720,33551,18775,18222,7267,6882,2522,2417,25351,24387,465471,446654,47842,46203,27337,26466,15055,14328,4829,4580
R,10,2020,7,4041844,2066346,1975498,1456490,1388221,315616,307521,35303,33792,125952,118858,7009,6708,125976,120398,1572219,1498737,383130,372964,59725,57247,173596,163637,16122,15255,1541116,1469567,1018186,965968,281657,274846,16680,15992,119007,112065,4588,4315,100998,96381,1111406,1054856,336319,327876,32640,31305,158946,149466,11349,10602,525230,505931,438304,422253,33959,32675,18623,17800,6945,6793,2421,2393,24978,24017,460813,443881,46811,45088,27085,25942,14650,14171,4773,4653
R,10,2020,8,4053692,2072959,1980733,1465617,1396251,315875,306201,35706,34697,124440,117851,6888,6625,124433,119108,1579866,1505596,382523,370565,60217,58180,171273,162212,15898,15166,1543073,1469641,1022346,968814,282425,274009,16768,16168,117612,111215,4468,4270,99454,95165,1114077,1056589,336223,326001,32749,31485,156803,148265,11144,10586,529886,511092,443271,427437,33450,32192,18938,18529,6828,6636,2420,2355,24979,23943,465789,449007,46300,44564,27468,26695,14470,13947,4754,4580
R,10,2020,9,4106756,2106710,2000046,1497910,1417612,320501,309640,35194,33928,121012,113886,6791,6470,125302,118510,1613004,1526379,387788,373510,60115,57647,167784,157943,15843,14996,1562000,1478842,1038815,978894,287573,277860,17132,16155,114293,107468,4368,4158,99819,94307,1130915,1065853,341792,329291,33338,31554,153281,144141,11050,10418,544710,521204,459095,438718,32928,31780,18062,17773,6719,6418,2423,2312,25483,24203,482089,460526,45996,44219,26777,26093,14503,13802,4793,4578
R,10,2020,10,4172195,2137556,2034639,1529536,1451025,323098,311327,34292,32961,119094,113449,6475,6259,125061,119618,1644632,1560978,390120,375961,59553,57323,165242,157176,15426,14740,1578459,1498883,1053187,994566,291891,281092,17254,16833,112647,107384,4301,4167,99179,94841,1144869,1082117,345664,332900,33555,32607,151032,143812,10903,10415,559097,535756,476349,456459,31207,30235,17038,16128,6447,6065,2174,2092,25882,24777,499763,478861,44456,43061,25998,24716,14210,13364,4523,4325
R,10,2020,11,4237248,2168996,2068252,1559080,1479499,328490,318552,34375,33108,117530,112560,6615,6402,122906,118131,1672131,1588080,394420,382880,59240,56736,162786,155301,15172,14711,1603559,1526303,1075468,1016417,297248,288047,17875,17220,111169,106528,4524,4299,97275,93792,1165324,1102994,350279,339850,33762,32446,148783,142203,10828,10404,565437,541949,483612,463082,31242,30505,16500,15888,6361,6032,2091,2103,25631,24339,506807,485086,44141,43030,25478,24290,14003,13098,4344,4307
R,10,2020,12,4416562,2262989,2153573,1630076,1543646,344246,333209,35699,33936,122170,116693,6681,6489,124117,119600,1744052,1653551,411145,398593,60521,58006,167438,159618,15608,14725,1673779,1592912,1124486,1062948,311838,302276,18418,17836,115713,110561,4528,4362,98796,94929,1215535,1150507,365987,355160,34461,33235,153532,146312,11154,10437,589210,560661,505590,480698,32408,30933,17281,16100,6457,6132,2153,2127,25321,24671,528517,503044,45158,43433,26060,24771,13906,13306,4454,4288
R,10,2020,13,4447086,2277614,2169472,1647855,1563596,344367,333243,36325,34797,121304,115154,6671,6601,121092,116081,1759089,1670059,409218,396195,61316,58634,165278,156776,15415,14914,1684685,1603161,1137965,1076965,312401,302374,18641,18243,114945,109146,4537,4407,96196,92026,1226686,1161669,364826,353224,34781,33485,151519,143797,10994,10522,592929,566311,509890,486631,31966,30869,17684,16554,6359,6008,2134,2194,24896,24055,532403,508390,44392,42971,26535,25149,13759,12979,4421,4392
R,10,2020,14,4371977,2238406,2133571,1627647,1544501,334664,324403,35679,33910,118625,113907,6551,6298,115240,110552,1733379,1645887,395604,383551,59764,56952,161097,153989,14882,14159,1662702,1582575,1131384,1069533,304363,294916,18356,17804,112338,108205,4466,4220,91795,87897,1215917,1150410,353719,342941,33912,32644,147961,141684,10650,10030,575704,550996,496263,474968,30301,29487,17323,16106,6287,5702,2085,2078,23445,22655,517462,495477,41885,40610,25852,24308,13136,12305,4232,4129
R,10,2020,15,4321970,2210313,2111657,1616516,1532897,324987,316292,34857,33830,118497,116636,6546,6430,108910,105572,1716357,1629489,381908,371951,58146,56352,158758,155291,14321,14004,1649076,1575118,1131298,1069032,295612,288245,18144,17702,112727,111192,4485,4468,86810,84479,1211185,1146555,341850,333646,33227,32328,146495,143735,10243,10137,561237,536539,485218,463865,29375,28047,16713,16128,5770,5444,2061,1962,22100,21093,505172,482934,40058,38305,24919,24024,12263,11556,4078,3867
R,10,2020,16,4310771,2203397,2107374,1617924,1535714,320431,312077,34031,32747,119619,119036,6409,6097,104983,101703,1713982,1628716,374486,364810,56860,54958,158940,156626,14170,13528,1656125,1582799,1143228,1081305,292384,285084,18057,17260,113870,113528,4464,4245,84122,81377,1220477,1155924,336268,328067,33125,31898,147096,145207,10331,9785,547272,524575,474696,454409,28047,26993,15974,15487,5749,5508,1945,1852,20861,20326,493505,472792,38218,36743,23735,23060,11844,11419,3839,3743
R,10,2020,17,4300771,2197713,2103058,1619031,1536263,317810,310715,33488,32348,120184,119885,6274,5953,100926,97894,1711286,1625710,369414,360953,56121,54298,157657,156283,13775,13146,1659339,1585883,1151763,1087121,290116,284538,17688,17044,114580,114547,4382,4177,80810,78456,1225903,1159056,332166,325506,32639,31630,146154,145174,9998,9637,538374,517175,467268,449142,27694,26177,15800,15304,5604,5338,1892,1776,20116,19438,485383,466654,37248,35447,23482,22668,11503,11109,3777,3509
R,10,2020,18,4295667,2194975,2100692,1616371,1534575,321821,315247,33641,31949,120416,118489,6120,5948,96606,94484,1704481,1620532,370792,363811,56027,53994,156114,152927,13413,12974,1661961,1590279,1152696,1090289,294715,289462,17940,17170,114946,113389,4337,4179,77327,75790,1223425,1159509,334678,329126,32733,31873,144998,142367,9897,9529,533014,510413,463675,444286,27106,25785,15701,14779,5470,5100,1783,1769,19279,18694,481056,461023,36114,34685,23294,22121,11116,10560,3516,3445
R,10,2020,19,4337041,2214811,2122230,1627456,1548724,327678,320900,33226,31785,124712,122224,6012,5846,95727,92751,1714461,1633189,376191,368241,55921,53891,160058,156007,13238,12868,1687642,1618620,1168650,1109941,300746,295550,17953,17423,119392,117193,4244,4058,76657,74455,1238466,1177965,340221,334274,33167,32288,149265,145748,9723,9407,527169,503610,458806,438783,26932,25350,15273,14362,5320,5031,1768,1788,19070,18296,475995,455224,35970,33967,22754,21603,10793,10259,3515,3461
R,10,2020,20,4365280,2228662,2136618,1633662,1553028,335799,330409,33796,32299,125797,124189,6126,5870,93482,90823,1718761,1635316,382865,376732,56701,54455,159938,157063,13160,12812,1704078,1636040,1176378,1117128,309371,304984,18446,17667,120571,119161,4404,4136,74908,72964,1244693,1183420,347654,342847,33861,32760,149499,146894,9794,9417,524584,500578,457284,435900,26428,25425,15350,14632,5226,5028,1722,1734,18574,17859,474068,451896,35211,33885,22840,21695,10439,10169,3366,3395
R,10,2020,21,4282083,2186070,2096013,1608099,1529702,327111,321232,32738,31686,121849,120131,6083,5637,90190,87625,1689982,1608887,372495,366127,55287,53764,154238,151270,13183,12378,1678110,1610841,1165092,1106876,301455,296606,18097,17709,116761,115330,4380,4036,72325,70284,1230915,1170512,338477,333274,33493,32873,144099,141482,9807,9191,507960,485172,443007,422826,25656,24626,14641,13977,5088,4801,1703,1601,17865,17341,459067,438375,34018,32853,21794,20891,10139,9788,3376,3187
R,10,2020,22,4284974,2184368,2100606,1602690,1528670,328825,323877,32615,31617,126187,124929,6061,5729,87990,85784,1682211,1606458,372799,367283,55019,53661,157689,155145,13022,12266,1683360,1620949,1165565,1110366,303610,299690,18015,17605,121087,120091,4342,4098,70741,69099,1229598,1173164,339552,335291,33387,32894,147777,145581,9750,9164,501008,479657,437125,418304,25215,24187,14600,14012,5100,4838,1719,1631,17249,16685,452613,433294,33247,31992,21632,20767,9912,9564,3272,3102
R,10,2020,23,4261063,2169692,2091371,1590289,1520820,324590,320605,31877,31151,132799,130568,6011,5648,84126,82579,1666444,1595369,365896,361605,53917,53060,163245,159972,12589,12060,1676543,1619224,1159338,1108305,300175,297248,17606,17491,127867,125834,4338,4094,67219,66252,1220329,1168161,333586,330616,32735,32714,153574,150744,9420,9052,493149,472147,430951,412515,24415,23357,14271,13660,4932,4734,1673,1554,16907,16327,446115,427208,32310,30989,21182,20346,9671,9228,3169,3008
R,10,2020,24,4293451,2185760,2107691,1601675,1531027,323392,321717,32237,30826,139560,137521,6277,5771,82619,80829,1676343,1603723,363107,361393,54660,52706,169428,166585,12912,12363,1694853,1638231,1172649,1120367,299265,298921,17790,17150,134681,132723,4549,4167,65919,64903,1232342,1178814,331326,331286,33086,32306,160047,157308,9703,9345,490907,469460,429026,410660,24127,22796,14447,13676,4879,4798,1728,1604,16700,15926,444001,424909,31781,30107,21574,20400,9381,9277,3209,3018
R,10,2020,25,4373763,2227170,2146593,1626026,1554197,337472,333267,32605,31432,143708,142478,6418,6210,80941,79009,1698689,1625009,375917,371835,55327,53372,173101,170747,13119,12847,1732199,1672384,1192802,1139555,312888,309517,18252,17686,138853,137675,4676,4521,64728,63430,1250892,1196495,343953,340766,34102,33120,163869,161630,9924,9740,494971,474209,433224,414642,24584,23750,14353,13746,4855,4803,1742,1689,16213,15579,447797,428514,31964,31069,21225,20252,9232,9117,3195,3107
R,10,2020,26,4431595,2254402,2177193,1636645,1566995,351533,347218,32670,31970,148442,146995,6375,6375,78737,77640,1706913,1636187,388167,384373,55689,54521,177097,174847,13294,12940,1759168,1704122,1202884,1153371,326745,323572,18504,17908,143575,142292,4689,4665,62771,62314,1258871,1208897,356204,353683,34587,33904,167958,165932,10104,9845,495234,473071,433761,413624,24788,23646,14166,14062,4867,4703,1686,1710,15966,15326,448042,427290,31963,30690,21102,20617,9139,8915,3190,3095
R,10,2020,27,4538138,2308462,2229676,1672857,1598401,366321,361675,34063,33113,153201,154758,6744,6396,75276,75333,1739766,1665241,400502,397117,56422,55776,181218,181808,13452,12964,1805398,1752510,1231742,1180898,340974,337602,19352,19029,148435,149954,4907,4709,59988,60318,1285084,1234436,368259,366077,35045,35156,172293,172983,10188,9852,503064,477166,441115,417503,25347,24073,14711,14084,4766,4804,1837,1687,15288,15015,454682,430805,32243,31040,21377,20620,8925,8825,3264,3112
R,10,2020,28,4626964,2349337,2277627,1703612,1633110,371864,367875,35603,33699,157617,162375,6780,6580,73861,73988,1768947,1698509,404081,401347,58524,56281,185404,189852,13506,13223,1839755,1795410,1257119,1211024,346069,343294,20281,19568,152817,157511,4908,4823,58561,59190,1308861,1263341,371400,370000,36358,35659,176634,181004,10239,10002,509582,482217,446493,422086,25795,24581,15322,14131,4800,4864,1872,1757,15300,14798,460086,435168,32681,31347,22166,20622,8770,8848,3267,3221
R,10,2020,29,4718647,2384362,2334285,1728190,1668655,376005,379601,35791,33279,165961,172438,7596,6886,70819,73426,1789842,1732574,406223,412708,57767,55293,193653,200876,14741,14024,1877326,1857758,1285688,1254340,349484,353296,20247,19562,160806,167112,5534,5116,55567,58332,1333922,1305010,372895,379402,35452,35014,184384,191349,11177,10804,507036,476527,442502,414315,26521,26305,15544,13717,5155,5326,2062,1770,15252,15094,455920,427564,33328,33306,22315,20279,9269,9527,3564,3220
R,10,2020,30,4761667,2406449,2355218,1752981,1689596,372285,377428,35540,32827,171148,178541,7711,7207,66784,69619,1811205,1750533,399875,408186,56354,54206,198018,205351,14452,13840,1896674,1883766,1307751,1279819,345504,350855,19753,19307,165894,173270,5534,5391,52238,55124,1353101,1327940,366549,374936,34117,34276,188912,196163,10877,10656,509775,471452,445230,409777,26781,26573,15787,13520,5254,5271,2177,1816,14546,14495,458104,422593,33326,33250,22237,19930,9106,9188,3575,3184
R,10,2020,31,4632053,2342967,2289086,1712150,1640319,354828,363743,34253,31482,172017,181841,7721,6836,61998,64865,1766238,1696693,380012,392031,53950,51422,196857,207303,13863,13212,1852542,1840168,1283668,1249693,329197,338527,18785,18533,166991,176718,5612,5168,48289,51529,1325594,1294272,348173,360581,32260,32567,188359,198697,10530,10304,490425,448918,428482,390626,25631,25216,15468,12949,5026,5123,2109,1668,13709,13336,440644,402421,31839,31450,21690,18855,8498,8606,3333,2908
R,10,2020,32,4572615,2308156,2264459,1701278,1635239,335530,348428,34203,30692,170584,181105,7598,6963,58963,62032,1752461,1689307,358870,375055,52788,49844,194766,205618,13673,13043,1815792,1817166,1270070,1245787,310660,323541,18430,17640,165631,176114,5533,5234,45468,48850,1309378,1288254,327953,343931,30871,31028,186367,197130,10344,10103,492364,447293,431208,389452,24870,24887,15773,13052,4953,4991,2065,1729,13495,13182,443083,401053,30917,31124,21917,18816,8399,8488,3329,2940
R,10,2020,33,4476999,2266213,2210786,1684028,1605162,319006,331816,32725,29635,167452,177972,7688,6770,55314,59431,1731903,1656956,340780,357067,50626,48213,190024,201593,13547,12605,1780501,1772016,1257546,1222455,295086,307667,17281,17054,162658,173263,5506,5061,42424,46516,1293983,1262827,311057,326879,29249,29894,182026,193577,10219,9740,485712,438770,426482,382707,23920,24149,15444,12581,4794,4709,2182,1709,12890,12915,437920,394129,29723,30188,21377,18319,7998,8016,3328,2865
R,10,2020,34,4494061,2277358,2216703,1703609,1619934,311855,325975,32656,29626,167999,177726,7671,6845,53568,56597,1750182,1668964,332370,349577,49963,48128,190043,200027,13408,12498,1786564,1776646,1272007,1235599,288000,301746,17133,16772,163084,173147,5476,5127,40864,44255,1307363,1273741,302746,319704,28659,29665,181903,192272,10044,9681,490794,440057,431602,384335,23855,24229,15523,12854,4915,4579,2195,1718,12704,12342,442819,395223,29624,29873,21304,18463,8140,7755,3364,2817
R,10,2020,35,4503495,2280407,2223088,1713234,1628004,307478,323775,32228,29320,167689,179345,7606,6843,52172,55801,1758440,1676429,327276,346320,49840,47659,188821,201736,13162,12584,1787606,1782279,1279505,1242562,284081,299911,16393,16571,162927,174720,5398,5212,39302,43303,1313274,1279953,298152,316603,27975,29346,180958,193901,9831,9864,492801,440809,433729,385442,23397,23864,15835,12749,4762,4625,2208,1631,12870,12498,445166,396476,29124,29717,21865,18313,7863,7835,3331,2720
R,10,2020,36,4426234,2235611,2190623,1681673,1605872,296682,315631,31660,28893,168233,179707,7344,6514,50019,54006,1725076,1652603,315161,336946,48643,47028,188748,201741,12861,12167,1753603,1753920,1256963,1223574,274127,292330,16257,16204,163459,175274,5210,4863,37587,41675,1289337,1259483,287139,307940,27423,28736,180911,194089,9582,9379,482008,436703,424710,382298,22555,23301,15403,12689,4774,4433,2134,1651,12432,12331,435739,393120,28022,29006,21220,18292,7837,7652,3279,2788
R,10,2020,37,4439148,2241864,2197284,1691714,1612225,295196,315784,31985,29170,166331,179930,7393,6705,49245,53470,1734334,1658378,313346,336612,48897,47579,186521,201530,12731,12374,1757689,1757626,1264689,1227651,272674,292048,16205,16173,161590,175520,5345,5017,37186,41217,1296613,1262996,285456,307332,27487,28924,178775,193985,9587,9567,484175,439658,427025,384574,22522,23736,15780,12997,4741,4410,2048,1688,12059,12253,437721,395382,27890,29280,21410,18655,7746,7545,3144,2807
R,10,2020,38,4477425,2259064,2218361,1708728,1629878,296497,319413,31879,29005,165545,180373,7426,6831,48989,52861,1751143,1675468,314485,340190,48975,47390,185427,201461,12816,12410,1768569,1769917,1275845,1237135,273820,295277,16183,15946,160709,175705,5271,5066,36741,40788,1307376,1272100,286402,310541,27541,28758,177510,193683,9568,9556,490495,448444,432883,392743,22677,24136,15696,13059,4836,4668,2155,1765,12248,12073,443767,403368,28083,29649,21434,18632,7917,7778,3248,2854
R,10,2020,39,4399305,2216354,2182951,1683854,1609757,290375,313664,30612,28509,156821,173415,7186,6274,47506,51332,1724782,1654054,307595,333913,47584,46531,175962,193638,12454,11717,1741526,1743817,1264520,1224978,268579,290332,15402,15712,152185,168851,5124,4581,35716,39363,1295042,1258740,280656,305062,26735,28183,168398,186105,9301,8943,474828,439134,419334,384779,21796,23332,15210,12797,4636,4564,2062,1693,11790,11969,429740,395314,26939,28851,20849,18348,7564,7533,3153,2774
R,10,2020,40,4421460,2228218,2193242,1690679,1612968,297504,322632,31249,28498,154197,171490,7307,6478,47282,51176,1731418,1657045,314780,342850,48401,46782,173103,191413,12650,12018,1741377,1749514,1260690,1223767,275300,299062,15667,15728,149418,166945,5116,4800,35186,39212,1290733,1257242,287269,313723,27065,28470,165287,183931,9363,9302,486841,443728,429989,389201,22204,23570,15582,12770,4779,4545,2191,1678,12096,11964,440685,399803,27511,29127,21336,18312,7816,7482,3287,2716
R,10,2020,41,4238052,2128188,2109864,1617435,1552201,282395,310039,29343,27116,148515,166501,6461,6061,44039,47946,1655459,1593371,298272,328911,45480,44358,166009,185301,11386,11064,1672918,1687469,1215320,1181852,261458,287471,14829,14933,144162,162250,4530,4508,32619,36455,1243229,1212902,272378,300894,25470,26922,158867,178190,8407,8548,455270,422395,402115,370349,20937,22568,14514,12183,4353,4251,1931,1553,11420,11491,412230,380469,25894,28017,20010,17436,7142,7111,2979,2516
R,10,2020,42,4128302,2071160,2057142,1579709,1517329,271190,299359,28118,26553,143907,162394,6238,5675,41998,45832,1615791,1556702,286348,317028,43737,43406,160506,180283,10728,10450,1625910,1640617,1185400,1151936,251087,277376,14237,14399,139659,158065,4443,4168,31084,34673,1211778,1181454,261499,289907,24596,26011,153618,173257,8011,8007,445250,416525,394309,365393,20103,21983,13881,12154,4248,4329,1795,1507,10914,11159,404013,375248,24849,27121,19141,17395,6888,7026,2717,2443
R,10,2020,43,4095322,2049531,2045791,1568585,1513111,265674,295522,28231,26466,140615,160393,6043,5681,40383,44618,1603294,1551142,280005,312675,43489,43173,156596,177889,10486,10429,1608780,1629409,1177374,1146267,246562,274133,14487,14731,136281,156151,4282,4188,29794,33939,1202654,1174929,256234,286347,24691,26439,149661,170997,7784,7996,440751,416382,391211,366844,19112,21389,13744,11735,4334,4242,1761,1493,10589,10679,400640,376213,23771,26328,18798,16734,6935,6892,2702,2433
R,10,2020,44,3931856,1965768,1966088,1500165,1454551,252739,280403,27186,25184,141286,158869,5707,5369,38685,41712,1533474,1490026,265984,296169,41893,40942,156758,175406,10099,9819,1539130,1558832,1121210,1094909,234188,259980,13886,13783,137209,154681,4088,3948,28549,31531,1145484,1121421,243022,271060,23673,24738,150288,168676,7577,7555,426638,407256,378955,359642,18551,20423,13300,11401,4077,4188,1619,1421,10136,10181,387990,368605,22962,25109,18220,16204,6470,6730,2522,2264
R,10,2020,45,3951603,1976288,1975315,1512178,1463288,252784,282202,26702,25221,142873,159483,5616,5148,36135,39973,1543045,1497298,265250,297023,40691,40483,157321,175399,9580,9336,1554926,1572851,1136150,1106818,235265,262328,13576,13972,138867,155470,4059,3793,27009,30470,1158938,1132503,243741,272752,23141,24712,151129,169040,7241,7168,421362,402464,376028,356470,17519,19874,13126,11249,4006,4013,1557,1355,9126,9503,384107,364795,21509,24271,17550,15771,6192,6359,2339,2168
R,10,2020,46,3910767,1953416,1957351,1496385,1453447,248810,278278,26356,24657,141804,157758,5397,5023,34664,38188,1525880,1485748,260518,292354,40091,39548,155629,172864,9328,9033,1543878,1562923,1129866,1102598,232224,259623,13500,13704,138071,153898,3951,3739,26266,29361,1151988,1127134,240369,269683,22951,24326,149964,166914,7143,6996,409538,394428,366519,350849,16586,18655,12856,10953,3733,3860,1446,1284,8398,8827,373892,358614,20149,22671,17140,15222,5665,5950,2185,2037
R,10,2020,47,3919271,1955345,1963926,1498769,1458272,250414,281272,25685,24700,141241,157269,5183,4994,34053,37419,1527684,1489787,261646,294866,39155,39457,155051,172200,9013,8923,1558166,1578687,1142808,1115411,234477,263082,13361,13906,137684,153550,3816,3722,26020,29016,1164633,1139564,242253,272845,22825,24664,149626,166455,6960,6915,397179,385239,355961,342861,15937,18190,12324,10794,3557,3719,1367,1272,8033,8403,363051,350223,19393,22021,16330,14793,5425,5745,2053,2008
R,10,2020,48,4071553,2034058,2037495,1566039,1521545,260817,290717,26306,24819,141862,158106,5230,4903,33804,37405,1594592,1553079,271686,304004,40280,40020,155334,172814,9032,8886,1638366,1653431,1211180,1179273,245144,272762,13868,14160,138199,154410,3911,3652,26064,29174,1232913,1203556,252789,282391,23899,25283,149900,167214,6998,6952,395692,384064,354859,342272,15673,17955,12438,10659,3663,3696,1319,1251,7740,8231,361679,349523,18897,21613,16381,14737,5434,5600,2034,1934
R,10,2020,49,4318437,2161702,2156735,1685401,1631389,271590,303727,26531,25674,138109,152998,5257,4947,34814,38000,1714857,1663437,282637,317092,41221,41567,151767,167524,9257,9114,1768249,1775552,1332452,1291855,255960,285957,14511,14852,134397,149369,3900,3729,27029,29790,1355083,1316714,263739,295615,25205,26759,146262,161953,7207,7169,393453,381183,352949,339534,15630,17770,12020,10822,3712,3629,1357,1218,7785,8210,359774,346723,18898,21477,16016,14808,5505,5571,2050,1945
R,10,2020,50,4369568,2189399,2180169,1713083,1658213,273670,301870,26814,25260,136329,152060,5192,5110,34311,37656,1742074,1689723,284591,315002,41563,41369,149415,166469,9220,9354,1801430,1810226,1365170,1328678,258119,284582,14747,14935,132739,148434,3883,3877,26772,29720,1387519,1353278,265933,294242,25602,27094,144063,160859,7219,7417,387969,369943,347913,329535,15551,17288,12067,10325,3590,3626,1309,1233,7539,7936,354555,336445,18658,20760,15961,14275,5352,5610,2001,1937
R,10,2020,51,4183099,2092099,2091000,1645907,1600342,255399,283258,25245,24151,128536,143939,5024,4915,31988,34395,1673037,1629163,265187,294804,39364,39410,140721,156914,8765,8791,1724756,1739177,1316333,1286349,240809,267176,14033,14337,125142,140479,3804,3760,24635,27076,1336992,1308824,247504,275516,24381,25900,135672,151678,6872,6964,367343,351823,329574,313993,14590,16082,11212,9814,3394,3460,1220,1155,7353,7319,336045,320339,17683,19288,14983,13510,5049,5236,1893,1827
R,10,2020,52,4077763,2037268,2040495,1600635,1558906,252198,280268,24832,23551,124983,140630,4585,4660,30035,32480,1625922,1585891,261265,291137,38396,38163,136336,152740,8121,8497,1683227,1701475,1283045,1256280,237868,264477,13782,14199,121877,137441,3418,3529,23237,25549,1302366,1277227,244104,272297,23839,25332,131719,147975,6352,6737,354041,339020,317590,302626,14330,15791,11050,9352,3106,3189,1167,1131,6798,6931,323556,308664,17161,18840,14557,12831,4617,4765,1769,1760
R,10,2020,53,4071135,2026817,2044318,1603760,1574352,250899,281057,23930,23443,114829,129385,4728,4590,28671,31491,1627875,1600531,259407,291766,37264,38015,125459,140621,8085,8296,1686319,1714893,1297829,1280059,237166,265637,13676,14558,111812,126384,3571,3510,22265,24745,1316303,1300371,242997,273301,23650,25722,121026,136056,6416,6635,340498,329425,305931,294293,13733,15420,10254,8885,3017,3001,1157,1080,6406,6746,311572,300160,16410,18465,13614,12293,4433,4565,1669,1661
R,10,2020,54,4102827,2038334,2064493,1611555,1591231,256419,286974,23910,23511,113555,127254,4644,4660,28251,30863,1634999,1616811,264926,297277,37337,38137,123823,138212,8131,8315,1704900,1741488,1312137,1302725,242700,271987,13829,14742,110639,124211,3545,3608,22050,24215,1330145,1322554,248517,279350,24086,25965,119495,133617,6497,6657,333434,323005,299418,288506,13719,14987,10081,8769,2916,3043,1099,1052,6201,6648,304854,294257,16409,17927,13251,12172,4328,4595,1634,1658
R,10,2020,55,4263763,2111335,2152428,1675428,1665397,263728,297539,24700,24393,114163,128618,4747,4650,28569,31831,1699278,1691724,272086,307972,38540,39699,124441,139768,8230,8462,1780463,1831148,1378306,1378641,250186,282418,14737,15623,111231,125581,3689,3652,22314,25233,1396664,1399225,255956,289949,25227,27591,120142,135223,6611,6865,330872,321280,297122,286756,13542,15121,9963,8770,2932,3037,1058,998,6255,6598,302614,292499,16130,18023,13313,12108,4299,4545,1619,1597
R,10,2020,56,4395433,2169205,2226228,1732821,1735433,264961,300009,24617,24797,113692,129675,4541,4645,28573,31669,1756528,1761565,273023,309957,38885,40703,123909,140654,8080,8389,1853055,1912337,1448954,1455002,251922,285294,14994,16198,110960,126839,3537,3659,22688,25345,1467547,1475643,257559,292465,26115,28899,119853,136365,6513,6849,316150,313891,283867,280431,13039,14715,9623,8599,2732,2836,1004,986,5885,6324,288981,285922,15464,17492,12770,11804,4056,4289,1567,1540
R,10,2020,57,4416262,2176485,2239777,1742529,1752438,261293,295468,24292,24264,115746,131444,4316,4560,28309,31603,1766129,1778490,269156,305379,38600,40171,125764,142196,7705,8329,1873264,1936465,1470428,1481633,248673,281400,15151,15921,113032,128616,3375,3606,22605,25289,1489072,1502195,254165,288590,26402,28641,121806,137897,6260,6786,303221,303312,272101,270805,12620,14068,9141,8343,2714,2828,941,954,5704,6314,277057,276295,14991,16789,12198,11530,3958,4299,1445,1543
R,10,2020,58,4423097,2175297,2247800,1752294,1771240,257785,293523,23656,24133,109157,123293,4454,4544,27951,31067,1775690,1796706,265273,303267,37725,40168,119129,133785,7925,8233,1883500,1955698,1489936,1510219,245879,280357,14910,15939,106631,120576,3549,3624,22595,24983,1508650,1530458,251135,287395,26159,28841,115389,129673,6533,6708,291797,292102,262358,261021,11906,13166,8746,8194,2526,2717,905,920,5356,6084,267040,266248,14138,15872,11566,11327,3740,4112,1392,1525
R,10,2020,59,4418919,2168475,2250444,1760942,1784725,252142,289802,23067,24064,100684,117153,4165,4228,27475,30472,1783844,1809685,259443,299208,37237,40117,110430,127285,7503,7889,1893477,1972699,1513878,1536449,240848,277139,14853,16477,98283,114566,3357,3384,22258,24684,1532206,1556426,246043,284033,26228,29538,106827,123350,6211,6473,274998,277745,247064,248276,11294,12663,8214,7587,2401,2587,808,844,5217,5788,251638,253259,13400,15175,11009,10579,3603,3935,1292,1416
R,10,2020,60,4390933,2151194,2239739,1739012,1769524,253460,290397,22787,23834,104458,122080,4263,4223,27214,29681,1761803,1793784,260675,299564,36914,39454,113961,131985,7486,7748,1881165,1966128,1496423,1524618,242494,278055,14636,16430,102052,119475,3423,3421,22137,24129,1514773,1544087,247635,284818,26024,29170,110430,128084,6143,6428,270029,273611,242589,244906,10966,12342,8151,7404,2406,2605,840,802,5077,5552,247030,249697,13040,14746,10890,10284,3531,3901,1343,1320
R,10,2020,61,4286634,2093427,2193207,1701698,1741875,242769,281441,21626,22494,97631,115058,3945,3915,25758,28424,1723206,1765242,249362,290013,35120,37896,106787,124270,6991,7154,1846780,1939781,1480044,1515266,232643,269800,14265,15565,95449,112681,3211,3198,21168,23271,1497588,1534176,237377,276153,25276,28242,103548,120740,5804,5959,246647,253426,221654,226609,10126,11641,7361,6929,2182,2377,734,717,4590,5153,225618,231066,11985,13860,9844,9654,3239,3530,1187,1195
R,10,2020,62,4220381,2053658,2166723,1674792,1726705,232752,271754,20033,21698,97836,115671,3726,3809,24519,27086,1695136,1748826,239156,279919,33139,36474,106320,124483,6553,6853,1824243,1926237,1469091,1511428,222933,260663,13329,15234,95774,113497,3022,3126,20094,22289,1485604,1529448,227501,266746,24093,27470,103260,121183,5424,5757,229415,240486,205701,215277,9819,11091,6704,6464,2062,2174,704,683,4425,4797,209532,219378,11655,13173,9046,9004,3060,3300,1129,1096
R,10,2020,63,4180138,2025977,2154161,1656802,1722561,226331,268015,19959,21153,95393,112398,3524,3633,23968,26401,1676731,1744229,232585,275927,32950,36058,103504,120511,6312,6624,1805204,1920453,1458556,1513064,217150,257329,13266,15002,93493,110419,2903,2943,19836,21696,1474883,1530669,221716,263183,24006,27424,100751,117465,5303,5482,220773,233708,198246,209497,9181,10686,6693,6151,1900,1979,621,690,4132,4705,201848,213560,10869,12744,8944,8634,2753,3046,1009,1142
R,10,2020,64,4021433,1938738,2082695,1588704,1664188,213607,258137,18677,20347,91875,110990,3327,3463,22548,25570,1607506,1685170,219425,265738,31008,34839,99405,118913,5932,6340,1732822,1860966,1403966,1465710,204916,247954,12517,14464,90058,108889,2718,2902,18647,21047,1419374,1482789,209090,253554,22732,26578,96749,115792,4964,5366,205916,221729,184738,198478,8691,10183,6160,5883,1817,2101,609,561,3901,4523,188132,202381,10335,12184,8276,8261,2656,3121,968,974
R,10,2020,65,3897020,1870172,2026848,1537451,1625864,200764,244794,17730,19123,89627,109751,3134,3405,21466,23911,1555233,1645323,206289,252010,29587,32576,96756,117203,5643,6125,1674397,1813151,1361322,1433801,192608,235275,12033,13734,87905,107849,2618,2802,17911,19690,1376015,1449595,196613,240608,21959,24973,94298,114385,4795,5145,195775,213697,176129,192063,8156,9519,5697,5389,1722,1902,516,603,3555,4221,179218,195728,9676,11402,7628,7603,2458,2818,848,980
R,10,2020,66,3776282,1802824,1973458,1490445,1590385,188122,234202,16420,18101,85066,104941,2863,3207,19908,22622,1507016,1608792,193205,240873,27602,31050,91588,111802,5083,5824,1623151,1773879,1328389,1410561,180583,225549,11431,13206,83587,103127,2387,2641,16774,18795,1342222,1425640,184333,230523,20942,24135,89407,109176,4343,4917,179673,199579,162056,179824,7539,8653,4989,4895,1479,1814,476,566,3134,3827,164794,183152,8872,10350,6660,6915,2181,2626,740,907
R,10,2020,67,3612979,1716100,1896879,1427455,1538689,172405,218728,15201,16735,79789,98589,2703,2897,18547,21241,1442927,1556049,176962,224885,25792,28984,85766,105097,4805,5359,1551896,1711118,1279427,1371024,165475,210652,10614,12273,78439,97014,2289,2430,15652,17725,1292410,1385320,168775,215278,19627,22653,83806,102756,4136,4586,164204,185761,148028,167665,6930,8076,4587,4462,1350,1575,414,467,2895,3516,150517,170729,8187,9607,6165,6331,1960,2341,669,773
R,10,2020,68,3504953,1658715,1846238,1386741,1502194,160916,208895,13967,15836,77472,96908,2606,2847,17013,19558,1400898,1518241,165152,214501,23706,27402,82879,102645,4597,5111,1506227,1672100,1248956,1344856,154629,201336,9895,11674,76152,95384,2222,2402,14373,16448,1260799,1358191,157744,205609,18211,21572,81012,100420,3962,4352,152488,174138,137785,157338,6287,7559,4072,4162,1320,1524,384,445,2640,3110,140099,160050,7408,8892,5495,5830,1867,2225,635,759
R,10,2020,69,3321409,1563009,1758400,1310754,1432234,151103,200578,13083,14851,69820,89836,2303,2581,15946,18320,1323954,1447231,155021,205911,22499,25834,74758,95009,4176,4681,1419763,1594270,1180865,1283992,145304,193428,9406,10945,68654,88372,1973,2175,13561,15358,1191996,1296384,148240,197484,17486,20364,73082,92908,3632,4008,143246,164130,129889,148242,5799,7150,3677,3906,1166,1464,330,406,2385,2962,131958,150847,6781,8427,5013,5470,1676,2101,544,673
R,10,2020,70,3152415,1475537,1676878,1229624,1359770,144385,191071,12542,14067,71379,92009,2305,2443,15302,17518,1242345,1373972,148215,196265,21542,24366,76094,97245,4081,4490,1341670,1518895,1108512,1216982,138827,184093,9099,10405,70273,90619,1938,2090,13021,14706,1119257,1228770,141697,188023,16826,19246,74498,95181,3533,3853,133867,157983,121112,142788,5558,6978,3443,3662,1106,1390,367,353,2281,2812,123088,145202,6518,8242,4716,5120,1596,2064,548,637
R,10,2020,71,3062723,1430292,1632431,1202054,1335077,132491,178989,11805,13149,67549,86272,2232,2436,14161,16508,1213825,1348553,135880,183802,20290,23053,71860,90925,3899,4321,1306416,1486172,1089697,1202445,127514,172673,8652,9876,66526,85079,1902,2073,12125,14026,1099709,1213779,130071,176378,16024,18516,70365,89172,3363,3736,123876,146259,112357,132632,4977,6316,3153,3273,1023,1193,330,363,2036,2482,114116,134774,5809,7424,4266,4537,1495,1753,536,585
R,10,2020,72,2991388,1394990,1596398,1180516,1315706,124427,169702,10948,12550,63807,80448,2010,2269,13282,15723,1191531,1328684,127714,174108,18910,22063,67771,84867,3544,4047,1279174,1457900,1075445,1190101,119699,163877,8125,9466,62868,79274,1714,1944,11323,13238,1084754,1200903,122194,167218,15015,17680,66388,83133,3076,3493,115816,138498,105071,125605,4728,5825,2823,3084,939,1174,296,325,1959,2485,106777,127781,5520,6890,3895,4383,1383,1734,468,554
R,10,2020,73,3149670,1475696,1673974,1270173,1408479,118842,160433,11105,12059,60075,75208,1928,2011,13573,15784,1281582,1421640,122043,164851,19576,21837,63841,79405,3473,3718,1364360,1539935,1168809,1286437,114615,154930,8289,9229,59213,74079,1652,1721,11782,13539,1178666,1297626,117090,158365,15778,17806,62558,77810,3032,3251,111336,134039,101364,122042,4227,5503,2816,2830,862,1129,276,290,1791,2245,102916,124014,4953,6486,3798,4031,1283,1595,441,467
R,10,2020,74,2413553,1119562,1293991,955238,1076577,91686,128196,8632,9804,51599,64919,1707,1725,10700,12770,964246,1087119,94210,131701,15042,17335,54734,68641,3015,3247,1025660,1177117,869781,970357,87981,123153,6328,7408,50890,63951,1490,1485,9190,10763,877478,979148,89883,125806,11951,13892,53684,67222,2640,2842,93902,116874,85457,106220,3705,5043,2304,2396,709,968,217,240,1510,2007,86768,107971,4327,5895,3091,3443,1050,1419,375,405
R,10,2020,75,2123835,970775,1153060,824285,955458,82488,118037,7547,8902,45684,57725,1476,1612,9295,11326,832048,964817,84716,121154,13030,15615,48470,60988,2673,2952,886651,1046568,747597,858416,79291,113642,5572,6695,45012,56869,1262,1383,7917,9563,754152,866242,80953,115989,10322,12480,47481,59741,2320,2558,84124,106492,76688,97042,3197,4395,1975,2207,672,856,214,229,1378,1763,77896,98575,3763,5165,2708,3135,989,1247,353,394
R,10,2020,76,2058058,935372,1122686,798955,936792,76247,111017,7029,8189,43049,54235,1281,1498,8811,10955,806352,945850,78287,114118,12324,14725,45634,57317,2386,2830,859998,1023991,730184,846743,73253,107076,5281,6183,42510,53400,1121,1284,7649,9305,736565,854365,74819,109453,9975,11882,44831,56101,2109,2477,75374,98695,68771,90049,2994,3941,1748,2006,539,835,160,214,1162,1650,69787,91485,3468,4665,2349,2843,803,1216,277,353
R,10,2020,77,2098119,947419,1150700,820088,974352,72345,108156,6508,7909,39113,48446,1192,1294,8173,10543,827026,983144,74182,111006,11545,14315,41336,51294,2233,2539,877264,1056306,755911,888234,69627,104310,4993,5983,38570,47733,1049,1113,7114,8933,761940,895645,71035,106434,9487,11569,40535,50217,1974,2225,70155,94394,64177,86118,2718,3846,1515,1926,543,713,143,181,1059,1610,65086,87499,3147,4572,2058,2746,801,1077,259,314
R,10,2020,78,1823592,816115,1007477,701177,846328,63771,96774,5796,7000,36962,47064,1003,1210,7406,9101,707366,853890,65487,99270,10353,12538,39062,49553,1880,2229,753865,922501,644270,768538,61333,93411,4447,5322,36513,46412,867,1019,6435,7799,649629,774965,62654,95321,8479,10194,38392,48619,1642,1929,62250,84976,56907,77790,2438,3363,1349,1678,449,652,136,191,971,1302,57737,78925,2833,3949,1874,2344,670,934,238,300
R,10,2020,79,1618091,716007,902084,614525,756915,55852,87613,5231,6212,33021,41977,913,1046,6465,8321,619976,763843,57293,89851,9166,11296,34919,44280,1688,1972,659773,825174,563062,686416,53676,84607,4032,4793,32609,41376,807,879,5587,7103,567754,692295,54763,86330,7520,9238,34284,43381,1493,1698,56234,76910,51463,70499,2176,3006,1199,1419,412,601,106,167,878,1218,52222,71548,2530,3521,1646,2058,635,899,195,274
R,10,2020,80,1471320,642400,828920,547925,692044,51408,82361,4696,5819,31545,40085,886,1028,5940,7583,552874,698354,52773,84456,8231,10330,33374,42188,1607,1946,589836,755438,499785,624745,49396,79411,3567,4460,31126,39530,779,844,5183,6448,504091,630058,50449,81007,6691,8383,32776,41393,1428,1655,52564,73482,48140,67299,2012,2950,1129,1359,419,555,107,184,757,1135,48783,68296,2324,3449,1540,1947,598,795,179,291
R,10,2020,81,1340490,579708,760782,496514,638292,45181,73836,4049,5150,28107,35583,677,950,5180,6971,500903,644070,46392,75704,7092,9294,29646,37578,1310,1806,532463,693680,453273,576768,43308,71148,3082,3929,27765,35082,573,814,4462,5939,457028,581684,44219,72541,5753,7545,29140,36826,1146,1552,47245,67102,43241,61524,1873,2688,967,1221,342,501,104,136,718,1032,43875,62386,2173,3163,1339,1749,506,752,164,254
R,10,2020,82,1256410,536361,720049,460943,606704,40490,68158,3700,4922,25729,33164,709,874,4790,6227,464986,611903,41582,69842,6544,8564,27187,34964,1264,1605,493317,657257,421453,549145,38869,65618,2850,3800,25385,32709,608,712,4152,5273,424941,553525,39696,66894,5370,6976,26688,34275,1096,1345,43044,62792,39490,57559,1621,2540,850,1122,344,455,101,162,638,954,40045,58378,1886,2948,1174,1588,499,689,168,260
R,10,2020,83,1121980,471567,650413,404985,547134,35653,61859,3184,4335,22946,30555,583,778,4216,5752,408591,551917,36624,63437,5682,7658,24230,32217,1056,1495,432866,593105,369378,494592,34198,59581,2440,3292,22679,30084,498,646,3673,4910,372506,498641,34937,60797,4665,6200,23829,31546,921,1280,38701,57308,35607,52542,1455,2278,744,1043,267,471,85,132,543,842,36085,53276,1687,2640,1017,1458,401,671,135,215
R,10,2020,84,1016732,420840,595892,361250,501668,32027,57163,2836,3870,20476,27438,511,667,3740,5086,364401,505896,32871,58583,4990,6855,21652,28878,966,1243,385959,543806,329165,453787,30650,55110,2196,2945,20239,27062,440,574,3269,4328,331909,457351,31294,56193,4111,5532,21304,28339,845,1088,34881,52086,32085,47881,1377,2053,640,925,237,376,71,93,471,758,32492,48545,1577,2390,879,1323,348,539,121,155
R,10,2020,85,931378,377999,553379,325471,466634,28323,52583,2494,3558,18001,25226,441,601,3269,4777,328210,470575,29077,53860,4364,6321,19023,26649,875,1163,346584,504962,296495,422113,27175,50701,1912,2698,17773,24865,391,493,2838,4092,298865,425474,27752,51686,3572,5126,18676,26111,781,981,31415,48417,28976,44521,1148,1882,582,860,228,361,50,108,431,685,29345,45101,1325,2174,792,1195,347,538,94,182
R,10,2020,86,810320,323413,486907,278691,411516,23895,45818,2052,2995,15508,21999,426,533,2841,4046,281131,414910,24550,46924,3633,5306,16421,23219,768,1010,296784,445105,254074,372978,22964,44244,1571,2254,15317,21682,366,460,2492,3487,256212,375889,23473,45105,2992,4281,16128,22762,672,883,26629,41802,24617,38538,931,1574,481,741,191,317,60,73,349,559,24919,39021,1077,1819,641,1025,293,457,96,127
R,10,2020,87,716543,279099,437444,240971,369895,20070,40453,1773,2629,13577,20350,359,464,2349,3653,242941,372926,20606,41440,3079,4719,14361,21421,651,936,256733,400820,220291,336098,19261,39051,1369,2021,13429,20094,312,402,2071,3154,222023,338698,19681,39818,2532,3867,14147,21051,574,824,22366,36624,20680,33797,809,1402,404,608,148,256,47,62,278,499,20918,34228,925,1622,547,852,214,370,77,112
R,10,2020,88,652790,247450,405340,214500,344558,17275,36243,1480,2338,11808,18422,313,414,2074,3365,216263,347361,17778,37180,2623,4263,12479,19390,580,836,227659,371745,196135,313511,16617,35004,1130,1777,11658,18191,271,363,1848,2899,197701,315912,17032,35757,2155,3467,12272,19040,512,731,19791,33595,18365,31047,658,1239,350,561,150,231,42,51,226,466,18562,31449,746,1423,468,796,207,350,68,105
R,10,2020,89,572139,211773,360366,185097,309200,13669,30242,1225,1996,9774,15806,250,331,1758,2791,186592,311533,14076,31027,2175,3586,10383,16619,472,662,194621,331242,169140,282249,13132,29208,913,1488,9676,15613,222,284,1538,2400,170448,284238,13455,29823,1749,2891,10219,16325,417,579,17152,29124,15957,26951,537,1034,312,508,98,193,28,47,220,391,16144,27295,621,1204,426,695,164,294,55,83
R,10,2020,90,509700,182231,327469,158855,280080,11978,27684,1054,1750,8651,15055,224,326,1469,2574,160101,282236,12321,28382,1884,3205,9112,15803,420,654,167381,300843,145025,255346,11499,26784,806,1323,8568,14890,201,281,1282,2219,146112,257190,11766,27319,1538,2609,8980,15553,377,569,14850,26626,13830,24734,479,900,248,427,83,165,23,45,187,355,13989,25046,555,1063,346,596,132,250,43,85
R,10,2020,91,418473,143457,275016,125383,236073,8984,22884,840,1407,6847,12218,179,289,1224,2145,126417,237835,9276,23519,1534,2607,7234,12838,332,564,131849,253440,114631,216033,8590,22132,636,1072,6773,12084,159,252,1060,1867,115524,217562,8819,22635,1250,2135,7111,12637,290,498,11608,21576,10752,20040,394,752,204,335,74,134,20,37,164,278,10893,20273,457,884,284,472,123,201,42,66
R,10,2020,92,354542,116594,237948,101992,204540,7212,19536,678,1215,5596,10534,116,222,1000,1901,102829,206121,7439,20072,1250,2296,5916,11081,251,474,107438,219953,93458,187925,6920,18865,515,919,5554,10417,100,190,891,1637,94203,189271,7109,19290,1031,1874,5846,10899,218,413,9156,17995,8534,16615,292,671,163,296,42,117,16,32,109,264,8626,16850,330,782,219,422,70,182,33,61
R,10,2020,93,289719,91363,198356,79721,170741,5653,16081,482,1008,4632,8807,101,177,774,1542,80369,172025,5842,16506,903,1912,4885,9236,201,370,84492,183992,73291,157443,5459,15547,380,772,4589,8717,89,154,684,1359,73863,158569,5615,15890,756,1589,4814,9098,175,321,6871,14364,6430,13298,194,534,102,236,43,90,12,23,90,183,6506,13456,227,616,147,323,71,138,26,49
R,10,2020,94,230453,69269,161184,60335,138835,4341,12971,397,800,3508,7184,69,162,619,1232,60856,139874,4501,13336,736,1499,3699,7511,154,310,64075,149867,55497,128362,4183,12558,310,618,3479,7103,60,142,546,1084,55955,129274,4309,12854,614,1243,3650,7398,134,274,5194,11317,4838,10473,158,413,87,182,29,81,9,20,73,148,4901,10600,192,482,122,256,49,113,20,36
R,10,2020,95,178725,50818,127907,44078,109884,3133,10232,289,623,2835,5982,51,134,432,1052,44445,110755,3238,10550,528,1197,2981,6276,108,270,47091,119118,40618,101751,3019,9913,219,474,2813,5926,44,121,378,933,40940,102526,3102,10177,428,994,2941,6184,94,238,3727,8789,3460,8133,114,319,70,149,22,56,7,13,54,119,3505,8229,136,373,100,203,40,92,14,32
R,10,2020,96,135598,36797,98801,31627,84975,2344,7851,207,495,2240,4633,36,91,343,756,31915,85594,2434,8082,399,936,2355,4838,74,181,34107,92260,29122,78897,2260,7615,164,397,2220,4589,33,81,308,681,29381,79455,2334,7813,338,801,2327,4772,66,164,2690,6541,2505,6078,84,236,43,98,20,44,3,10,35,75,2534,6139,100,269,61,135,28,66,8,17
R,10,2020,97,98982,25808,73174,22116,62888,1596,5772,153,344,1636,3499,32,67,275,604,22345,63388,1671,5969,302,688,1724,3658,73,151,23933,68595,20364,58651,1545,5600,124,271,1624,3472,28,58,248,543,20575,59095,1608,5769,260,587,1705,3615,62,132,1875,4579,1752,4237,51,172,29,73,12,27,4,9,27,61,1770,4293,63,200,42,101,19,43,11,19
R,10,2020,98,71487,17742,53745,15120,46139,1114,4224,101,258,1229,2645,18,62,160,417,15256,46476,1158,4351,191,494,1284,2753,42,115,16515,50523,13986,43139,1072,4118,82,214,1219,2624,16,57,140,371,14105,43441,1108,4225,161,428,1269,2719,35,103,1227,3222,1134,3000,42,106,19,44,10,21,2,5,20,46,1151,3035,50,126,30,66,15,34,7,12
R,10,2020,99,47257,10762,36495,9125,31053,652,2982,59,170,793,1921,15,36,118,333,9219,31317,695,3097,121,358,829,2016,34,85,10020,34284,8441,29013,631,2901,45,141,789,1906,11,33,103,290,8523,29242,668,3000,99,307,822,1986,25,77,742,2211,684,2040,21,81,14,29,4,15,4,3,15,43,696,2075,27,97,22,51,7,30,9,8
R,10,2020,100,80487,15992,64495,13013,53433,1109,5787,108,340,1529,4252,26,81,207,602,13178,53916,1172,6010,218,667,1599,4408,61,167,15023,60978,12133,50213,1075,5647,90,290,1520,4225,24,73,181,530,12281,50637,1127,5835,185,584,1581,4361,52,147,969,3517,880,3220,34,140,18,50,9,27,2,8,26,72,897,3279,45,175,33,83,18,47,9,20
R,11,2020,999,331876109,164376483,167499626,125543587,126190906,21642702,23351090,2183394,2135829,9772383,10539292,435625,420671,4798792,4861838,129826241,130506818,23830567,25613646,3565875,3574689,11560627,12315403,854229,841387,132715524,136639542,97903771,99301159,20056003,21722643,1192416,1222174,9442032,10210833,314409,307544,3806893,3875189,101300094,102738387,21775417,23510836,2166364,2257049,10957470,11714972,642726,639043,31660959,30860084,27639816,26889747,1586699,1628447,990978,913655,330351,328459,121216,113127,991899,986649,28526147,27768431,2055150,2102810,1399511,1317640,603157,600431,211503,202344
R,11,2020,0,3653031,1867916,1785115,1289686,1229920,302660,292997,34615,33083,109738,103387,6921,6536,124296,119192,1404026,1339555,371636,359280,57701,55276,155563,147185,15429,14624,1371644,1308162,886772,842601,266431,257925,13227,12735,102038,96032,4188,3892,98988,94977,978341,930446,322175,311519,27897,26857,139989,132336,10394,9802,496272,476953,402914,387319,36229,35072,21388,20348,7700,7355,2733,2644,25308,24215,425685,409109,49461,47761,29804,28419,15574,14849,5035,4822
R,11,2020,1,3749115,1915365,1833750,1331200,1271245,302193,294581,35595,34201,114970,107986,7254,6806,124153,118931,1445326,1380567,370847,360574,58661,56418,160993,151789,15801,14890,1416680,1351981,925320,878648,266635,260090,14087,13681,107076,100516,4448,4177,99114,94869,1016906,966303,322157,313465,28845,27882,145351,136899,10754,10134,498685,481769,405880,392597,35558,34491,21508,20520,7894,7470,2806,2629,25039,24062,428420,414264,48690,47109,29816,28536,15642,14890,5047,4756
R,11,2020,2,3814000,1948957,1865043,1354186,1292379,306034,298538,36263,34709,119241,112084,7334,6923,125899,120410,1469907,1403041,375560,365270,59690,57210,165953,156493,15991,15121,1442152,1376656,940874,893666,270479,264122,14253,13782,111354,104589,4538,4283,100654,96214,1033867,982538,326789,318166,29242,28206,150294,141570,10932,10336,506805,488387,413312,398713,35555,34416,22010,20927,7887,7495,2796,2640,25245,24196,436040,420503,48771,47104,30448,29004,15659,14923,5059,4785
R,11,2020,3,3901970,1996989,1904981,1388836,1321784,310780,302176,36074,34323,126251,118170,7444,7069,127604,121459,1506064,1433414,380557,369261,59953,57158,174090,163012,16356,15412,1480667,1408321,963599,912892,276267,268672,15173,14391,118557,110784,4772,4444,102299,97138,1058012,1002600,332855,323056,30592,29095,158603,148146,11425,10608,516322,496660,425237,408892,34513,33504,20901,19932,7694,7386,2672,2625,25305,24321,448052,430814,47702,46205,29361,28063,15487,14866,4931,4804
R,11,2020,4,4020135,2055006,1965129,1442900,1374679,311377,304595,35673,34481,128442,120820,7466,7115,129148,123439,1561590,1488165,381352,371982,60203,58003,177096,166782,16535,15664,1524046,1454957,1002608,951667,276899,271234,15796,15293,120615,113446,4751,4494,103377,98823,1098058,1042966,333550,325853,31673,30534,161294,151825,11502,10836,530960,510172,440292,423012,34478,33361,19877,19188,7827,7374,2715,2621,25771,24616,463532,445199,47802,46129,28530,27469,15802,14957,5033,4828
R,11,2020,5,4064953,2077267,1987686,1463002,1394943,315801,308147,34988,33962,127284,119919,7353,7128,128839,123587,1581450,1508559,385558,375644,59679,57583,175597,165829,16392,15697,1543247,1472381,1017985,966041,281468,274801,16208,15430,119656,112619,4664,4491,103266,98999,1113365,1057491,337995,329545,32281,30736,160096,150993,11413,10880,534020,515305,445017,428902,34333,33346,18780,18532,7628,7300,2689,2637,25573,24588,468085,451068,47563,46099,27398,26847,15501,14836,4979,4817
R,11,2020,6,4079244,2086327,1992917,1470483,1398380,317163,309355,35268,34231,128141,121216,7186,6925,128086,122810,1588231,1511275,386214,376351,59960,57883,176324,166717,16271,15489,1555107,1482053,1027908,973142,282480,275847,16467,15896,120856,114279,4651,4481,102745,98408,1122809,1064026,338406,330186,32598,31288,161263,152335,11439,10885,531220,510864,442575,425238,34683,33508,18801,18335,7285,6937,2535,2444,25341,24402,465422,447249,47808,46165,27362,26595,15061,14382,4832,4604
R,11,2020,7,4042202,2067434,1974768,1457765,1387939,315952,307502,35438,33955,125231,118198,6986,6675,126062,120499,1573579,1498567,383588,373089,59906,57402,172813,162938,16095,15208,1541357,1468835,1018846,965887,281921,274772,16704,15980,118276,111442,4569,4299,101041,96455,1112111,1054860,336682,327925,32700,31282,158140,148800,11325,10579,526077,505933,438919,422052,34031,32730,18734,17975,6955,6756,2417,2376,25021,24044,461468,443707,46906,45164,27206,26120,14673,14138,4770,4629
R,11,2020,8,4059575,2075456,1984119,1466290,1397584,316145,306860,35592,34528,125689,118964,6941,6684,124799,119499,1580870,1507279,382935,371413,60113,58057,172763,163524,15985,15263,1545540,1472732,1022999,969926,282600,274549,16792,16175,118848,112275,4517,4311,99784,95496,1115025,1057998,336518,326704,32782,31521,158266,149497,11224,10656,529916,511387,443291,427658,33545,32311,18800,18353,6841,6689,2424,2373,25015,24003,465845,449281,46417,44709,27331,26536,14497,14027,4761,4607
R,11,2020,9,4098887,2102080,1996807,1494100,1414822,319655,308983,35388,34114,121100,114053,6785,6476,125052,118359,1608961,1523450,386804,372783,60244,57764,167801,158074,15815,14988,1559208,1477017,1037140,977753,286591,277129,17099,16145,114360,107608,4361,4155,99657,94227,1129091,1064641,340712,328518,33270,31501,153296,144265,11027,10409,542872,519790,456960,437069,33064,31854,18289,17969,6740,6445,2424,2321,25395,24132,479870,458809,46092,44265,26974,26263,14505,13809,4788,4579
R,11,2020,10,4173211,2138447,2034764,1529472,1450593,323465,311800,34263,32990,119350,113501,6537,6262,125360,119618,1644824,1560536,390622,376415,59556,57353,165695,157271,15516,14730,1579406,1499137,1053353,994470,292185,281398,17238,16800,112863,107430,4332,4168,99435,94871,1145249,1082027,346078,333208,33556,32586,151425,143906,10954,10417,559041,535627,476119,456123,31280,30402,17025,16190,6487,6071,2205,2094,25925,24747,499575,478509,44544,43207,26000,24767,14270,13365,4562,4313
R,11,2020,11,4230206,2165633,2064573,1556064,1476384,327863,317655,34352,33051,117629,112607,6575,6381,123150,118495,1669373,1585298,393972,382146,59188,56798,162982,155541,15170,14725,1600754,1523318,1073058,1014015,296611,287221,17844,17193,111269,106548,4483,4283,97489,94058,1163156,1100834,349774,339121,33737,32518,148943,142358,10816,10422,564879,541255,483006,462369,31252,30434,16508,15858,6360,6059,2092,2098,25661,24437,506217,484464,44198,43025,25451,24280,14039,13183,4354,4303
R,11,2020,12,4408774,2258794,2149980,1626723,1540842,343982,332865,35590,33845,121603,116250,6695,6520,124201,119658,1740803,1650820,410911,398243,60489,57873,166849,159197,15602,14794,1670930,1590173,1122435,1060967,311558,301926,18395,17785,115152,110111,4540,4384,98850,95000,1213538,1148636,365721,354820,34484,33143,152963,145893,11141,10471,587864,559807,504288,479875,32424,30939,17195,16060,6451,6139,2155,2136,25351,24658,527265,502184,45190,43423,26005,24730,13886,13304,4461,4323
R,11,2020,13,4445826,2277117,2168709,1646822,1562193,344176,333137,36272,34822,121834,115637,6697,6586,121316,116334,1758236,1668893,409174,396274,61255,58678,165947,157391,15440,14884,1684359,1602657,1137205,1075877,312176,302282,18600,18238,115455,109654,4555,4396,96368,92210,1226073,1160742,364701,353247,34722,33500,152173,144413,11028,10502,592758,566052,509617,486316,32000,30855,17672,16584,6379,5983,2142,2190,24948,24124,532163,508151,44473,43027,26533,25178,13774,12978,4412,4382
R,11,2020,14,4381128,2243137,2137991,1630086,1547249,336002,325367,35826,33958,118864,113934,6546,6325,115813,111158,1736349,1649197,397296,384934,59976,57101,161528,154131,14933,14248,1665412,1585090,1132212,1070856,305524,295693,18406,17791,112570,108177,4472,4236,92228,88337,1217153,1152141,355163,344060,34005,32685,148307,141728,10685,10086,577725,552901,497874,476393,30478,29674,17420,16167,6294,5757,2074,2089,23585,22821,519196,497056,42133,40874,25971,24416,13221,12403,4248,4162
R,11,2020,15,4323777,2211456,2112321,1617132,1533251,325235,316785,34898,33839,118272,116280,6534,6425,109385,105741,1717398,1630014,382450,372589,58260,56326,158702,155051,14367,13995,1649084,1574898,1131024,1068697,295847,288632,18145,17741,112476,110821,4453,4445,87139,84562,1211196,1146302,342295,334111,33262,32314,146389,143446,10255,10115,562372,537423,486108,464554,29388,28153,16753,16098,5796,5459,2081,1980,22246,21179,506202,483712,40155,38478,24998,24012,12313,11605,4112,3880
R,11,2020,16,4311824,2204021,2107803,1617438,1535312,321025,312420,34146,32808,119718,119016,6428,6109,105266,102138,1713769,1628693,375329,365490,57013,55072,159071,156696,14171,13553,1655506,1582237,1141784,1080115,292849,285341,18096,17242,113945,113512,4487,4265,84345,81762,1219261,1155073,336954,328608,33179,31910,147164,145294,10319,9829,548515,525566,475654,455197,28176,27079,16050,15566,5773,5504,1941,1844,20921,20376,494508,473620,38375,36882,23834,23162,11907,11402,3852,3724
R,11,2020,17,4306698,2200749,2105949,1621172,1538347,318277,311021,33456,32442,120242,119850,6272,5948,101330,98341,1713822,1628230,370089,361541,56133,54439,157896,156371,13793,13170,1661487,1587922,1153091,1088596,290580,284756,17691,17102,114636,114492,4383,4175,81106,78801,1227511,1160872,332787,325959,32657,31721,146362,145204,10022,9642,539262,518027,468081,449751,27697,26265,15765,15340,5606,5358,1889,1773,20224,19540,486311,467358,37302,35582,23476,22718,11534,11167,3771,3528
R,11,2020,18,4294050,2193992,2100058,1615290,1533543,321216,314891,33650,32028,120769,119075,6152,5958,96915,94563,1703677,1619610,370393,363448,56036,54006,156617,153640,13478,12984,1660533,1589026,1151379,1088755,294019,289102,17897,17196,115272,113970,4358,4183,77608,75820,1222359,1158037,334144,328738,32697,31833,145469,143060,9934,9523,533459,511032,463911,444788,27197,25789,15753,14832,5497,5105,1794,1775,19307,18743,481318,461573,36249,34710,23339,22173,11148,10580,3544,3461
R,11,2020,19,4328620,2210718,2117902,1625047,1545941,326859,320115,33287,31701,123828,121407,6011,5848,95686,92890,1712078,1630522,375385,367562,55937,53853,159097,155199,13208,12862,1683514,1614266,1166253,1107167,299939,294753,17953,17363,118544,116356,4244,4063,76581,74564,1236056,1175286,339417,333568,33101,32250,148328,144911,9716,9404,527204,503636,458794,438774,26920,25362,15334,14338,5284,5051,1767,1785,19105,18326,476022,455236,35968,33994,22836,21603,10769,10288,3492,3458
R,11,2020,20,4375076,2233915,2141161,1637247,1556280,336063,330392,33802,32338,126739,125052,6137,5906,93927,91193,1722727,1638927,383329,376908,56734,54528,161154,158108,13203,12858,1707974,1639419,1178798,1119403,309572,304904,18438,17676,121478,120019,4414,4157,75274,73260,1247417,1185990,348028,342907,33866,32792,150640,147909,9827,9438,525941,501742,458449,436877,26491,25488,15364,14662,5261,5033,1723,1749,18653,17933,475310,452937,35301,34001,22868,21736,10514,10199,3376,3420
R,11,2020,21,4282175,2185909,2096266,1607559,1529560,327302,321429,32794,31691,121968,120234,6073,5658,90213,87694,1689472,1608835,372795,366360,55340,53700,154318,151416,13135,12420,1677447,1610394,1164116,1106124,301609,296766,18119,17691,116888,115425,4361,4050,72354,70338,1229975,1169822,338718,333487,33496,32777,144219,141628,9760,9224,508462,485872,443443,423436,25693,24663,14675,14000,5080,4809,1712,1608,17859,17356,459497,439013,34077,32873,21844,20923,10099,9788,3375,3196
R,11,2020,22,4289964,2186805,2103159,1605176,1530960,328940,324216,32616,31678,125694,124553,6049,5705,88330,86047,1685055,1608963,373031,367790,55040,53786,157375,154885,13064,12268,1684550,1622130,1167001,1111460,303607,299968,18016,17614,120584,119715,4341,4083,71001,69290,1231325,1174411,339637,335683,33393,32942,147415,145294,9786,9173,502255,481029,438175,419500,25333,24248,14600,14064,5110,4838,1708,1622,17329,16757,453730,434552,33394,32107,21647,20844,9960,9591,3278,3095
R,11,2020,23,4258213,2168645,2089568,1588864,1519079,324765,320658,31969,31170,132643,130224,6026,5644,84378,82793,1665230,1593839,366251,361849,54035,53055,163150,159707,12621,12046,1675545,1617364,1158089,1106590,300338,297227,17621,17505,127674,125481,4352,4088,67471,66473,1219286,1166665,333938,330800,32790,32720,153436,150446,9443,9033,493100,472204,430775,412489,24427,23431,14348,13665,4969,4743,1674,1556,16907,16320,445944,427174,32313,31049,21245,20335,9714,9261,3178,3013
R,11,2020,24,4295805,2186885,2108920,1602808,1532011,323599,321847,32243,30931,139128,137234,6255,5762,82852,81135,1677699,1605009,363512,361720,54621,52834,169106,166364,12893,12363,1695137,1638994,1172989,1121087,299417,298969,17813,17222,134258,132449,4524,4159,66136,65108,1232892,1179741,331638,331467,33078,32387,159730,157093,9678,9330,491748,469926,429819,410924,24182,22878,14430,13709,4870,4785,1731,1603,16716,16027,444807,425268,31874,30253,21543,20447,9376,9271,3215,3033
R,11,2020,25,4365516,2223206,2142310,1623495,1551680,335962,331674,32521,31292,143738,142422,6408,6179,81082,79063,1696324,1622563,374511,370288,55259,53245,173166,170699,13085,12804,1728484,1668402,1190606,1137252,311392,308056,18172,17533,138876,137607,4669,4488,64769,63466,1248777,1194251,342527,339344,33996,32942,163884,161563,9894,9704,494722,473908,432889,414428,24570,23618,14349,13759,4862,4815,1739,1691,16313,15597,447547,428312,31984,30944,21263,20303,9282,9136,3191,3100
R,11,2020,26,4428587,2252484,2176103,1636206,1566884,350187,346342,32693,31969,148092,146733,6407,6374,78899,77801,1706672,1636243,386942,383652,55694,54487,176773,174642,13316,12927,1757218,1702817,1202511,1153089,325390,322644,18500,17914,143221,142038,4712,4675,62884,62457,1258646,1208756,354927,352891,34562,33880,167623,165732,10116,9842,495266,473286,433695,413795,24797,23698,14193,14055,4871,4695,1695,1699,16015,15344,448026,427487,32015,30761,21132,20607,9150,8910,3200,3085
R,11,2020,27,4527693,2303058,2224635,1669244,1595141,364780,360210,33942,33034,152891,154287,6703,6393,75498,75570,1736340,1662213,399178,395840,56312,55660,180945,181409,13426,12969,1800734,1747758,1228793,1177844,339469,336225,19286,18988,148119,149487,4875,4709,60192,60505,1282305,1231568,366974,364867,34984,35082,171990,172561,10157,9862,502324,476877,440451,417297,25311,23985,14656,14046,4772,4800,1828,1684,15306,15065,454035,430645,32204,30973,21328,20578,8955,8848,3269,3107
R,11,2020,28,4625213,2348830,2276383,1702840,1632236,372226,367816,35486,33692,157372,161966,6753,6552,74153,74121,1768475,1697803,404657,401432,58417,56304,185265,189405,13489,13200,1839146,1793689,1256156,1209662,346495,343279,20202,19533,152561,157106,4896,4804,58836,59305,1308184,1262117,372037,370118,36299,35639,176467,180574,10234,10001,509684,482694,446684,422574,25731,24537,15284,14159,4811,4860,1857,1748,15317,14816,460291,435686,32620,31314,22118,20665,8798,8831,3255,3199
R,11,2020,29,4708055,2378887,2329168,1723862,1664837,375477,378881,35818,33312,165251,171733,7533,6878,70946,73527,1785713,1728902,405858,412034,57848,55406,192843,200129,14613,13970,1872122,1852162,1281476,1249965,349014,352648,20279,19563,160155,166433,5483,5098,55715,58455,1329920,1300800,372568,378800,35532,35101,183672,190637,11086,10731,506765,477006,442386,414872,26463,26233,15539,13749,5096,5300,2050,1780,15231,15072,455793,428102,33290,33234,22316,20305,9171,9492,3527,3239
R,11,2020,30,4765307,2408745,2356562,1754081,1690278,372973,377939,35568,32902,171207,178330,7699,7177,67217,69936,1812654,1751447,400769,408898,56552,54315,198228,205309,14482,13873,1898137,1884224,1308152,1279718,346175,351373,19768,19321,165943,173064,5525,5362,52574,55386,1353767,1328032,367396,375631,34234,34313,189091,196093,10896,10676,510608,472338,445929,410560,26798,26566,15800,13581,5264,5266,2174,1815,14643,14550,458887,423415,33373,33267,22318,20002,9137,9216,3586,3197
R,11,2020,31,4644778,2348778,2296000,1715767,1645223,356802,365533,34430,31579,171642,181482,7761,6867,62376,65316,1770206,1702040,382187,394054,54177,51655,196641,207065,13947,13257,1856635,1844737,1285829,1252617,331041,340177,18902,18593,166596,176330,5641,5186,48626,51834,1328068,1297508,350219,362420,32445,32694,188090,198379,10585,10334,492143,451263,429938,392606,25761,25356,15528,12986,5046,5152,2120,1681,13750,13482,442138,404532,31968,31634,21732,18961,8551,8686,3362,2923
R,11,2020,32,4577976,2311258,2266718,1701919,1635365,336779,349344,34181,30777,171648,182064,7603,6977,59128,62191,1753254,1689545,360212,376058,52827,49958,195876,206672,13692,13060,1819214,1819452,1271099,1245985,311846,324403,18430,17736,166682,177037,5538,5254,45619,49037,1310548,1288586,329207,344884,30931,31170,187458,198157,10370,10129,492044,447266,430820,389380,24933,24941,15751,13041,4966,5027,2065,1723,13509,13154,442706,400959,31005,31174,21896,18788,8418,8515,3322,2931
R,11,2020,33,4483700,2269278,2214422,1685423,1607245,320006,332832,32803,29738,167696,178206,7685,6774,55665,59627,1733608,1659228,341955,358140,50737,48352,190431,201886,13595,12659,1783049,1775215,1258516,1224183,296045,308656,17381,17106,162887,173482,5512,5075,42708,46713,1295213,1264753,312159,327925,29362,29986,182387,193857,10257,9788,486229,439207,426907,383062,23961,24176,15422,12632,4809,4724,2173,1699,12957,12914,438395,394475,29796,30215,21375,18366,8044,8029,3338,2871
R,11,2020,34,4489858,2274599,2215259,1700548,1617815,312148,326509,32658,29586,167892,177645,7649,6837,53704,56867,1747256,1667107,332718,350293,50066,48133,189976,200060,13352,12480,1784545,1775301,1269648,1233641,288338,302282,17147,16754,162992,173062,5462,5110,40958,44452,1305090,1271975,303131,320375,28732,29643,181864,192286,10012,9656,490054,439958,430900,384174,23810,24227,15511,12832,4900,4583,2187,1727,12746,12415,442166,395132,29587,29918,21334,18490,8112,7774,3340,2824
R,11,2020,35,4507571,2282874,2224697,1714494,1629245,308317,324129,32314,29397,167807,179205,7634,6856,52308,55865,1759809,1677724,328218,346769,49900,47716,189006,201591,13213,12620,1789154,1783226,1280037,1243249,284783,300218,16442,16612,163028,174567,5425,5224,39439,43356,1313927,1280683,298939,317002,28021,29382,181105,193744,9868,9885,493720,441471,434457,385996,23534,23911,15872,12785,4779,4638,2209,1632,12869,12509,445882,397041,29279,29767,21879,18334,7901,7847,3345,2735
R,11,2020,36,4432518,2238862,2193656,1683923,1607780,297469,316389,31668,28945,168257,179886,7366,6525,50179,54131,1727451,1654608,316039,337818,48678,47076,188825,201942,12905,12172,1756040,1756607,1258530,1225263,274850,293019,16260,16224,163460,175444,5223,4863,37717,41794,1291002,1261269,287936,308712,27447,28756,180963,194286,9613,9384,482822,437049,425393,382517,22619,23370,15408,12721,4797,4442,2143,1662,12462,12337,436449,393339,28103,29106,21231,18320,7862,7656,3292,2788
R,11,2020,37,4432349,2238320,2194029,1688639,1609600,294722,315288,31864,29063,166507,179958,7374,6690,49214,53430,1731238,1655752,312876,336087,48731,47434,186708,201551,12710,12356,1755370,1755151,1262731,1225660,272253,291644,16162,16110,161785,175566,5317,5013,37122,41158,1294606,1260984,285021,306904,27396,28823,178963,194009,9551,9548,482950,438878,425908,383940,22469,23644,15702,12953,4722,4392,2057,1677,12092,12272,436632,394768,27855,29183,21335,18611,7745,7542,3159,2808
R,11,2020,38,4482033,2261629,2220404,1710183,1631330,296881,319441,32011,29134,166016,180587,7421,6840,49117,53072,1752713,1677107,314888,340279,49151,47596,185951,201778,12843,12428,1770137,1771705,1276394,1238428,274150,295276,16238,16052,161190,175926,5284,5079,36881,40944,1308054,1273520,286756,310573,27632,28913,178065,194005,9606,9582,491492,448699,433789,392902,22731,24165,15773,13082,4826,4661,2137,1761,12236,12128,444659,403587,28132,29706,21519,18683,7886,7773,3237,2846
R,11,2020,39,4397166,2215149,2182017,1682148,1608401,290103,313604,30602,28396,157576,173983,7206,6312,47514,51321,1723107,1652679,307339,333854,47574,46406,176714,194220,12446,11763,1740600,1743167,1263160,1223844,268275,290293,15386,15624,152946,169419,5134,4613,35699,39374,1293680,1257617,280364,305047,26708,28087,169150,186676,9287,8979,474549,438850,418988,384557,21828,23311,15216,12772,4630,4564,2072,1699,11815,11947,429427,395062,26975,28807,20866,18319,7564,7544,3159,2784
R,11,2020,40,4428943,2232078,2196865,1693929,1615926,297678,322714,31264,28615,154507,171900,7323,6461,47377,51249,1734754,1660073,314996,342943,48355,46896,173507,191893,12681,11977,1744874,1752361,1263553,1226084,275485,299074,15688,15797,149709,167343,5132,4785,35307,39278,1293702,1259629,287504,313752,27049,28542,165676,184384,9398,9266,487204,444504,430376,389842,22193,23640,15576,12818,4798,4557,2191,1676,12070,11971,441052,400444,27492,29191,21306,18354,7831,7509,3283,2711
R,11,2020,41,4249818,2135083,2114735,1622355,1555588,283501,310877,29508,27203,148916,166742,6519,6100,44284,48225,1660588,1596998,299484,329888,45761,44528,166467,185625,11480,11171,1676998,1690769,1217823,1183844,262408,288216,14861,14975,144542,162480,4563,4548,32801,36706,1245886,1215105,273397,301766,25588,27035,159285,178500,8478,8642,458085,423966,404532,371744,21093,22661,14647,12228,4374,4262,1956,1552,11483,11519,414702,381893,26087,28122,20173,17493,7182,7125,3002,2529
R,11,2020,42,4132246,2072733,2059513,1580030,1518447,271870,300021,28142,26563,144361,162858,6237,5691,42093,45933,1616199,1557910,287060,317745,43751,43414,161043,180820,10750,10477,1627603,1642975,1185882,1153101,251738,277998,14281,14419,140103,158516,4440,4178,31159,34763,1212331,1182703,262182,290578,24628,26031,154123,173767,8021,8034,445130,416538,394148,365346,20132,22023,13861,12144,4258,4342,1797,1513,10934,11170,403868,375207,24878,27167,19123,17383,6920,7053,2729,2443
R,11,2020,43,4100511,2052267,2048244,1570650,1515186,266070,295770,28278,26563,140620,160289,6074,5709,40575,44727,1605510,1553338,280497,312997,43614,43269,156666,177803,10527,10452,1610640,1631117,1178735,1147821,246883,274307,14481,14747,136301,156046,4310,4210,29930,33986,1204123,1176547,256632,286545,24714,26421,149748,170915,7821,8018,441627,417127,391915,367365,19187,21463,13797,11816,4319,4243,1764,1499,10645,10741,401387,376791,23865,26452,18900,16848,6918,6888,2706,2434
R,11,2020,44,3942231,1970932,1971299,1504635,1458295,253248,281306,27213,25226,141326,159100,5737,5353,38773,42019,1538020,1494038,266530,297200,41910,41096,156861,175736,10137,9838,1543547,1563533,1124977,1098263,234678,260802,13913,13845,137227,154922,4104,3927,28648,31774,1149337,1124987,243550,271987,23718,24896,150352,168990,7594,7556,427385,407766,379658,360032,18570,20504,13300,11381,4099,4178,1633,1426,10125,10245,388683,369051,22980,25213,18192,16200,6509,6746,2543,2282
R,11,2020,45,3945661,1973072,1972589,1508505,1460112,252893,282160,26755,25215,142972,159865,5588,5191,36359,40046,1539608,1494199,265479,297025,40834,40491,157465,175801,9556,9394,1551246,1569806,1132346,1103488,235215,262225,13607,13945,138959,155822,4034,3832,27085,30494,1155223,1129207,243730,272672,23201,24677,151236,169400,7215,7218,421826,402783,376159,356624,17678,19935,13148,11270,4013,4043,1554,1359,9274,9552,384385,364992,21749,24353,17633,15814,6229,6401,2341,2176
R,11,2020,46,3919783,1958188,1961595,1500740,1457277,249135,278749,26430,24706,141714,157472,5455,5017,34714,38374,1530268,1489750,260867,292898,40167,39670,155550,172649,9404,9021,1546980,1565979,1132716,1105438,232499,260016,13528,13719,137944,153617,3989,3723,26304,29466,1154868,1130073,240673,270100,22969,24371,149851,166689,7196,6974,411208,395616,368024,351839,16636,18733,12902,10987,3770,3855,1466,1294,8410,8908,375400,359677,20194,22798,17198,15299,5699,5960,2208,2047
R,11,2020,47,3906338,1948956,1957382,1493612,1453154,249201,279898,25612,24618,141322,157358,5179,4996,34030,37358,1522512,1484628,260465,293482,39075,39303,155094,172272,9002,8938,1552402,1572551,1138264,1110669,233280,261722,13286,13843,137772,153624,3818,3725,25982,28968,1160057,1134790,241061,271492,22741,24532,149678,166510,6965,6927,396554,384831,355348,342485,15921,18176,12326,10775,3550,3734,1361,1271,8048,8390,362455,349838,19404,21990,16334,14771,5416,5762,2037,2011
R,11,2020,48,4057914,2026484,2031430,1558603,1515247,260265,290494,26325,24856,142139,158478,5227,4941,33925,37414,1587297,1546779,271156,303821,40305,40032,155695,173214,9041,8919,1629679,1646147,1202750,1171959,244560,272459,13845,14141,138481,154759,3910,3680,26133,29149,1224580,1196209,252204,282101,23857,25243,150252,167570,7001,6976,396805,385283,355853,343288,15705,18035,12480,10715,3658,3719,1317,1261,7792,8265,362717,350570,18952,21720,16448,14789,5443,5644,2040,1943
R,11,2020,49,4288638,2146310,2142328,1672736,1619554,269536,301273,26384,25558,137873,153083,5266,4907,34515,37953,1701920,1651568,280496,314621,40904,41404,151459,167630,9215,9042,1754027,1762010,1320812,1280734,253953,283593,14402,14789,134166,149467,3902,3703,26792,29724,1343218,1305541,261682,293228,24966,26622,145970,162082,7165,7113,392283,380318,351924,338820,15583,17680,11982,10769,3707,3616,1364,1204,7723,8229,358702,346027,18814,21393,15938,14782,5489,5548,2050,1929
R,11,2020,50,4385181,2197246,2187935,1718820,1663401,274695,303496,26914,25399,137074,152722,5173,5109,34570,37808,1748045,1695058,285723,316694,41758,41548,150263,167166,9212,9375,1807566,1816235,1369377,1332354,259081,286104,14805,14967,133465,149084,3867,3865,26971,29861,1391908,1357093,266963,295821,25727,27167,144883,161544,7210,7415,389680,371700,349443,331047,15614,17392,12109,10432,3609,3638,1306,1244,7599,7947,356137,337965,18760,20873,16031,14381,5380,5622,2002,1960
R,11,2020,51,4193930,2097174,2096756,1649087,1603734,256632,284865,25310,24210,128912,144396,5077,4930,32156,34621,1676336,1632730,266507,296541,39457,39506,141172,157494,8869,8832,1728031,1742966,1317917,1287987,241975,268661,14040,14376,125495,140921,3842,3778,24762,27243,1338658,1310588,248749,277109,24385,25951,136089,152218,6958,7013,369143,353790,331170,315747,14657,16204,11270,9834,3417,3475,1235,1152,7394,7378,337678,322142,17758,19432,15072,13555,5083,5276,1911,1819
R,11,2020,52,4086771,2042258,2044513,1604179,1562294,252557,280033,24951,23540,125839,141310,4586,4697,30146,32639,1629563,1589445,261663,290951,38550,38222,137241,153474,8131,8527,1687339,1704682,1285828,1258964,238188,264213,13854,14168,122721,138095,3423,3555,23325,25687,1305229,1280053,244445,272068,23946,25359,132602,148684,6361,6759,354919,339831,318351,303330,14369,15820,11097,9372,3118,3215,1163,1142,6821,6952,324334,309392,17218,18883,14604,12863,4639,4790,1770,1768
R,11,2020,53,4063041,2023126,2039915,1599897,1569530,250711,280814,23891,23434,115161,130025,4709,4581,28757,31531,1624095,1595740,259247,291522,37225,37984,125854,141322,8066,8303,1682270,1710039,1293738,1274885,236921,265368,13606,14492,112137,127017,3548,3506,22320,24771,1312268,1295222,242770,273032,23562,25642,121407,136730,6390,6636,340856,329876,306159,294645,13790,15446,10285,8942,3024,3008,1161,1075,6437,6760,311827,300518,16477,18490,13663,12342,4447,4592,1676,1667
R,11,2020,54,4097311,2035253,2062058,1610013,1589947,255127,286207,23828,23443,113388,126920,4670,4641,28227,30900,1633465,1615551,263637,296565,37196,38048,123677,137882,8142,8292,1701769,1738884,1310416,1301238,241507,271211,13780,14712,110462,123891,3563,3587,22041,24245,1328443,1321085,247334,278613,23978,25906,119341,133314,6505,6637,333484,323174,299597,288709,13620,14996,10048,8731,2926,3029,1107,1054,6186,6655,305022,294466,16303,17952,13218,12142,4336,4568,1637,1655
R,11,2020,55,4244390,2102630,2141760,1667398,1655779,263119,296441,24677,24342,114192,128890,4728,4638,28516,31670,1691171,1681984,271479,306809,38483,39541,124456,140040,8213,8419,1771515,1820461,1370167,1369072,249462,281287,14655,15550,111282,125840,3672,3637,22277,25075,1388468,1389535,255230,288758,25137,27409,120181,135469,6600,6822,331115,321299,297231,286707,13657,15154,10022,8792,2910,3050,1056,1001,6239,6595,302703,292449,16249,18051,13346,12132,4275,4571,1613,1597
R,11,2020,56,4390395,2165972,2224423,1729296,1733042,265224,300685,24622,24781,113677,129510,4559,4669,28594,31736,1753058,1759234,273319,310732,38866,40682,123895,140469,8084,8421,1848692,1909597,1444366,1451739,252207,285961,14998,16173,110909,126662,3559,3679,22653,25383,1462956,1472415,257850,293214,26067,28855,119795,136173,6522,6867,317280,314826,284930,281303,13017,14724,9624,8608,2768,2848,1000,990,5941,6353,290102,286819,15469,17518,12799,11827,4100,4296,1562,1554
R,11,2020,57,4410691,2174056,2236635,1740606,1749590,260977,295122,24268,24288,115508,131483,4335,4570,28362,31582,1764244,1775620,268841,304993,38616,40155,125557,142284,7737,8358,1869889,1932698,1467629,1478299,248314,280987,15122,15896,112815,128648,3379,3610,22630,25258,1486288,1498834,253815,288130,26387,28574,121601,137975,6270,6809,304167,303937,272977,271291,12663,14135,9146,8392,2693,2835,956,960,5732,6324,277956,276786,15026,16863,12229,11581,3956,4309,1467,1549
R,11,2020,58,4421022,2173737,2247285,1749380,1769001,257988,293815,23687,24183,110367,124608,4430,4546,27885,31132,1772704,1794536,265499,303574,37700,40220,120313,135129,7888,8243,1881078,1953758,1486289,1506709,246028,280544,14892,15977,107802,121879,3524,3624,22543,25025,1504944,1526993,251298,287598,26098,28874,116546,130993,6503,6721,292659,293527,263091,262292,11960,13271,8795,8206,2565,2729,906,922,5342,6107,267760,267543,14201,15976,11602,11346,3767,4136,1385,1522
R,11,2020,59,4414127,2166472,2247655,1759263,1782804,251704,289282,23103,24027,100662,116841,4206,4233,27534,30468,1782214,1807766,259026,298733,37289,40054,110430,126970,7540,7872,1890902,1969495,1511692,1534151,240395,276630,14865,16411,98274,114252,3391,3391,22285,24660,1530052,1554112,245592,283537,26237,29446,106832,123037,6238,6461,275570,278160,247571,248653,11309,12652,8238,7616,2388,2589,815,842,5249,5808,252162,253654,13434,15196,11052,10608,3598,3933,1302,1411
R,11,2020,60,4396530,2153469,2243061,1741215,1772440,253603,290702,22819,23835,104370,122056,4242,4252,27220,29776,1764012,1796785,260807,299845,36938,39528,113879,132003,7484,7787,1882839,1968753,1498092,1526856,242594,278346,14634,16423,101956,119452,3411,3445,22152,24231,1516449,1546422,247733,285101,26020,29223,110354,128095,6148,6459,270630,274308,243123,245584,11009,12356,8185,7412,2414,2604,831,807,5068,5545,247563,250363,13074,14744,10918,10305,3525,3908,1336,1328
R,11,2020,61,4285310,2093013,2192297,1700834,1740514,242679,281516,21658,22559,98012,115301,3977,3924,25853,28483,1722413,1763912,249318,290161,35166,37922,107223,124554,7047,7204,1844948,1937786,1477944,1512987,232499,269804,14248,15596,95815,112914,3229,3199,21213,23286,1495518,1531884,237258,276207,25253,28227,103944,121002,5839,5993,248065,254511,222890,227527,10180,11712,7410,6963,2197,2387,748,725,4640,5197,226895,232028,12060,13954,9913,9695,3279,3552,1208,1211
R,11,2020,62,4221233,2054001,2167232,1674128,1726095,233619,272627,20090,21736,97886,115774,3730,3818,24548,27182,1694534,1748319,240017,280802,33215,36558,106360,124619,6552,6874,1823631,1925811,1467529,1510013,223751,261480,13375,15240,95814,113576,3028,3134,20134,22368,1484105,1528121,228322,267565,24157,27521,103302,121294,5432,5769,230370,241421,206599,216082,9868,11147,6715,6496,2072,2198,702,684,4414,4814,210429,220198,11695,13237,9058,9037,3058,3325,1120,1105
R,11,2020,63,4185364,2028794,2156570,1659145,1724552,226552,267948,20002,21218,95502,112715,3552,3654,24041,26483,1679106,1746270,232822,275883,33005,36118,103681,120903,6358,6659,1807166,1922051,1460104,1514314,217363,257253,13298,15027,93587,110730,2924,2963,19890,21764,1476453,1531956,221940,263124,24042,27431,100896,117854,5335,5523,221628,234519,199041,210238,9189,10695,6704,6191,1915,1985,628,691,4151,4719,202653,214314,10882,12759,8963,8687,2785,3049,1023,1136
R,11,2020,64,4031288,1943691,2087597,1592700,1668049,214204,258996,18738,20377,92105,111073,3338,3466,22606,25636,1611557,1689097,220053,266636,31097,34907,99655,118995,5946,6354,1736964,1865297,1407209,1469081,205498,248765,12538,14482,90284,108969,2727,2901,18708,21099,1422668,1486209,209705,254393,22779,26621,97005,115868,4982,5369,206727,222300,185491,198968,8706,10231,6200,5895,1821,2104,611,565,3898,4537,188889,202888,10348,12243,8318,8286,2650,3127,964,985
R,11,2020,65,3898716,1870722,2027994,1537503,1626249,201049,245281,17797,19228,89713,109815,3130,3408,21530,24013,1555365,1645797,206580,252513,29661,32758,96875,117289,5635,6130,1674465,1813720,1361054,1433774,192810,235721,12059,13771,87991,107896,2610,2797,17941,19761,1375791,1449640,196810,241062,21980,25071,94399,114438,4785,5134,196257,214274,176449,192475,8239,9560,5738,5457,1722,1919,520,611,3589,4252,179574,196157,9770,11451,7681,7687,2476,2851,850,996
R,11,2020,66,3789020,1809162,1979858,1494526,1594796,189438,235343,16530,18195,85692,105508,2913,3228,20063,22788,1511204,1613350,194560,242076,27782,31211,92282,112437,5173,5870,1628178,1778712,1331282,1413539,181881,226616,11496,13284,84188,103700,2432,2667,16899,18906,1345197,1428712,185659,231630,21052,24253,90080,109804,4418,4960,180984,201146,163244,181257,7557,8727,5034,4911,1504,1808,481,561,3164,3882,166007,184638,8901,10446,6730,6958,2202,2633,755,910
R,11,2020,67,3617533,1718655,1898878,1429377,1539904,172846,219258,15253,16792,79854,98725,2686,2914,18639,21285,1444940,1557293,177426,225432,25903,29071,85847,105229,4793,5372,1553677,1712627,1280646,1371833,165887,211163,10648,12301,78500,97135,2265,2440,15731,17755,1293706,1386151,169214,215791,19714,22698,83879,102880,4116,4596,164978,186251,148731,168071,6959,8095,4605,4491,1354,1590,421,474,2908,3530,151234,171142,8212,9641,6189,6373,1968,2349,677,776
R,11,2020,68,3515781,1663339,1852442,1389686,1506343,161674,209924,14060,15947,78201,97676,2623,2861,17095,19691,1403892,1522477,165932,215576,23820,27543,83680,103503,4620,5151,1510023,1677039,1251217,1347857,155307,202311,9935,11756,76881,96135,2243,2412,14440,16568,1263098,1361270,158434,206628,18277,21687,81796,101250,3989,4386,153316,175403,138469,158486,6367,7613,4125,4191,1320,1541,380,449,2655,3123,140794,161207,7498,8948,5543,5856,1884,2253,631,765
R,11,2020,69,3331131,1567854,1763277,1315789,1437535,150933,200294,13094,14866,69720,89603,2302,2586,16016,18393,1329053,1452618,154870,205638,22539,25905,74689,94783,4182,4678,1424451,1599082,1185766,1289245,145148,193109,9407,10965,68553,88153,1971,2180,13606,15430,1196942,1301716,148094,197169,17491,20441,73010,92699,3631,4007,143403,164195,130023,148290,5785,7185,3687,3901,1167,1450,331,406,2410,2963,132111,150902,6776,8469,5048,5464,1679,2084,551,671
R,11,2020,70,3155772,1476585,1679187,1230445,1361251,144663,191648,12571,14140,71259,92139,2314,2451,15333,17558,1243201,1375485,148492,196847,21567,24465,75986,97391,4090,4504,1341925,1520462,1108626,1217809,139058,184656,9119,10433,70135,90736,1951,2095,13036,14733,1119388,1229619,141911,188589,16849,19286,74367,95314,3543,3865,134660,158725,121819,143442,5605,6992,3452,3707,1124,1403,363,356,2297,2825,123813,145866,6581,8258,4718,5179,1619,2077,547,639
R,11,2020,71,3061756,1429444,1632312,1200392,1333646,132911,179725,11832,13205,67864,86747,2232,2439,14213,16550,1212207,1347147,136330,184553,20357,23132,72169,91414,3909,4338,1305094,1485358,1087619,1200432,127900,173367,8660,9914,66849,85533,1900,2071,12166,14041,1097664,1211765,130492,177080,16054,18554,70683,89638,3373,3746,124350,146954,112773,133214,5011,6358,3172,3291,1015,1214,332,368,2047,2509,114543,135382,5838,7473,4303,4578,1486,1776,536,592
R,11,2020,72,2992901,1395122,1597779,1179561,1315834,124897,170241,11023,12588,64263,81048,2037,2283,13341,15785,1190621,1328846,128186,174706,19026,22106,68261,85494,3578,4062,1279208,1458774,1074393,1189774,120175,164385,8187,9493,63314,79862,1738,1955,11401,13305,1083765,1200621,122683,167775,15125,17733,66871,83742,3105,3506,115914,139005,105168,126060,4722,5856,2836,3095,949,1186,299,328,1940,2480,106856,128225,5503,6931,3901,4373,1390,1752,473,556
R,11,2020,73,3113415,1456593,1656822,1252083,1391659,117968,159877,10967,12017,60177,75487,1937,2025,13461,15757,1263388,1404777,121169,164283,19331,21766,63934,79711,3479,3738,1345378,1522879,1150872,1269754,113720,154342,8159,9175,59307,74374,1664,1735,11656,13499,1160609,1280886,116180,157769,15537,17715,62644,78121,3043,3269,111215,133943,101211,121905,4248,5535,2808,2842,870,1113,273,290,1805,2258,102779,123891,4989,6514,3794,4051,1290,1590,436,469
R,11,2020,74,2505464,1164192,1341272,995522,1118671,94382,131446,8935,10075,52610,66236,1718,1742,11025,13102,1004816,1129511,96972,135033,15579,17851,55803,70009,3046,3284,1068489,1222781,908412,1010966,90628,126368,6586,7646,51900,65242,1491,1496,9472,11063,916360,1020025,92583,129086,12415,14355,54741,68562,2659,2870,95703,118491,87110,107705,3754,5078,2349,2429,710,994,227,246,1553,2039,88456,109486,4389,5947,3164,3496,1062,1447,387,414
R,11,2020,75,2119557,968387,1151170,821796,953490,82453,118126,7567,8885,45763,57714,1483,1630,9325,11325,829571,962845,84683,121238,13077,15594,48567,60985,2676,2974,884003,1044084,744884,855932,79224,113687,5574,6669,45091,56854,1275,1397,7955,9545,751460,863743,80891,116023,10354,12441,47580,59725,2328,2579,84384,107086,76912,97558,3229,4439,1993,2216,672,860,208,233,1370,1780,78111,99102,3792,5215,2723,3153,987,1260,348,395
R,11,2020,76,2057948,935180,1122768,798360,935832,76495,111557,7052,8258,43112,54609,1295,1510,8866,11002,805811,944927,78563,114669,12359,14815,45712,57715,2414,2847,859272,1023609,729101,845351,73504,107605,5288,6225,42564,53780,1131,1300,7684,9348,735517,853009,75088,109987,9988,11940,44895,56503,2130,2497,75908,99159,69259,90481,2991,3952,1764,2033,548,829,164,210,1182,1654,70294,91918,3475,4682,2371,2875,817,1212,284,350
R,11,2020,77,2081313,939500,1141813,812168,965640,72204,107809,6503,7920,39235,48601,1199,1297,8191,10546,819114,974439,74024,110666,11556,14318,41482,51458,2246,2541,869316,1047565,747977,879615,69481,103994,4972,6010,38689,47885,1057,1119,7140,8942,754021,887030,70879,106135,9480,11590,40683,50382,1993,2231,70184,94248,64191,86025,2723,3815,1531,1910,546,716,142,178,1051,1604,65093,87409,3145,4531,2076,2728,799,1076,253,310
R,11,2020,78,1855478,830531,1024947,714385,862074,64527,97988,5868,7082,37286,47334,1011,1226,7454,9243,720627,869757,66265,100517,10459,12718,39386,49850,1887,2263,767743,938827,656980,783307,62059,94536,4519,5375,36833,46672,874,1034,6478,7903,662386,789829,63398,96465,8593,10325,38702,48893,1646,1961,62788,86120,57405,78767,2468,3452,1349,1707,453,662,137,192,976,1340,58241,79928,2867,4052,1866,2393,684,957,241,302
R,11,2020,79,1623087,718191,904896,616583,759492,55962,87697,5240,6238,32986,42059,918,1052,6502,8358,622050,766445,57431,89949,9183,11338,34894,44369,1700,1991,661909,828005,565095,688996,53787,84701,4030,4812,32570,41460,810,883,5617,7153,569800,694912,54894,86435,7525,9282,34256,43476,1502,1716,56282,76891,51488,70496,2175,2996,1210,1426,416,599,108,169,885,1205,52250,71533,2537,3514,1658,2056,638,893,198,275
R,11,2020,80,1476092,644432,831660,549868,694692,51298,82254,4715,5846,31689,40242,884,1022,5978,7604,554860,701013,52662,84348,8278,10369,33530,42373,1609,1933,591682,757883,501560,627115,49274,79300,3586,4481,31276,39682,776,844,5210,6461,505898,632436,50322,80893,6731,8412,32930,41566,1428,1648,52750,73777,48308,67577,2024,2954,1129,1365,413,560,108,178,768,1143,48962,68577,2340,3455,1547,1957,600,807,181,285
R,11,2020,81,1339078,578615,760463,495190,637300,45210,74098,4060,5179,28214,35886,704,967,5237,7033,499621,643131,46428,75992,7135,9364,29781,37887,1346,1827,531325,693221,451918,575665,43334,71402,3093,3958,27860,35379,600,819,4520,5998,455717,580631,44254,72818,5796,7616,29262,37129,1179,1563,47290,67242,43272,61635,1876,2696,967,1221,354,507,104,148,717,1035,43904,62500,2174,3174,1339,1748,519,758,167,264
R,11,2020,82,1259328,537430,721898,461840,608300,40575,68346,3730,4918,25804,33198,691,866,4790,6270,465882,613531,41664,70040,6593,8600,27251,35002,1242,1604,494259,658825,422230,550484,38948,65802,2876,3783,25468,32741,590,710,4147,5305,425711,554883,39769,67083,5409,6985,26757,34311,1080,1345,43171,63073,39610,57816,1627,2544,854,1135,336,457,101,156,643,965,40171,58648,1895,2957,1184,1615,494,691,162,259
R,11,2020,83,1124399,472706,651693,405706,547877,35837,62195,3209,4358,23116,30726,592,787,4246,5750,409336,552664,36826,63776,5718,7682,24403,32380,1072,1501,433961,594390,370074,495349,34388,59903,2457,3322,22843,30264,505,653,3694,4899,373221,499393,35139,61115,4689,6231,23997,31718,930,1284,38745,57303,35632,52528,1449,2292,752,1036,273,462,87,134,552,851,36115,53271,1687,2661,1029,1451,406,662,142,217
R,11,2020,84,1016118,420348,595770,360930,501720,31762,56842,2840,3886,20550,27553,512,674,3754,5095,364097,505949,32605,58261,5001,6865,21740,29007,966,1258,385452,543466,328814,453632,30396,54785,2200,2957,20314,27171,442,579,3286,4342,331572,457207,31038,55870,4124,5541,21396,28463,851,1098,34896,52304,32116,48088,1366,2057,640,929,236,382,70,95,468,753,32525,48742,1567,2391,877,1324,344,544,115,160
R,11,2020,85,927954,376606,551348,323924,464483,28340,52473,2498,3568,18121,25431,450,609,3273,4784,326665,468440,29094,53752,4377,6330,19136,26850,882,1167,345232,503012,295005,420054,27172,50591,1918,2702,17897,25069,398,501,2842,4095,297377,423423,27752,51575,3586,5126,18798,26310,785,988,31374,48336,28919,44429,1168,1882,580,866,224,362,52,108,431,689,29288,45017,1342,2177,791,1204,338,540,97,179
R,11,2020,86,814065,324602,489463,279649,413794,23981,45963,2068,3022,15630,22051,421,530,2853,4103,282093,417220,24639,47087,3660,5378,16543,23288,771,1017,297875,447414,254937,375034,23044,44381,1586,2274,15436,21735,362,455,2510,3535,257086,377972,23558,45257,3019,4341,16246,22831,675,886,26727,42049,24712,38760,937,1582,482,748,194,316,59,75,343,568,25007,39248,1081,1830,641,1037,297,457,96,131
R,11,2020,87,713090,277920,435170,239798,367725,20014,40330,1770,2609,13610,20383,363,461,2365,3662,241790,370764,20551,41318,3093,4698,14395,21465,655,933,255527,398451,219101,333843,19212,38926,1363,1997,13457,20123,314,401,2080,3161,220850,336450,19630,39693,2540,3842,14172,21088,574,822,22393,36719,20697,33882,802,1404,407,612,153,260,49,60,285,501,20940,34314,921,1625,553,856,223,377,81,111
R,11,2020,88,653445,247860,405585,214515,344223,17506,36643,1508,2375,11919,18575,311,419,2101,3350,216296,347017,18013,37578,2661,4285,12604,19539,582,841,228026,371950,196121,313150,16830,35387,1150,1814,11773,18341,275,367,1877,2891,197706,315547,17247,36139,2188,3500,12399,19186,521,734,19834,33635,18394,31073,676,1256,358,561,146,234,36,52,224,459,18590,31470,766,1439,473,785,205,353,61,107
R,11,2020,89,568720,210437,358283,184032,307427,13468,29944,1216,1984,9734,15778,250,335,1737,2815,185512,309778,13872,30729,2158,3592,10325,16592,475,676,193433,329344,168199,280633,12945,28926,913,1488,9635,15588,219,289,1522,2420,169491,282640,13270,29538,1742,2903,10167,16306,416,591,17004,28939,15833,26794,523,1018,303,496,99,190,31,46,215,395,16021,27138,602,1191,416,689,158,286,59,85
R,11,2020,90,509112,182186,326926,158667,279556,11941,27528,1063,1769,8789,15151,227,326,1499,2596,159937,281730,12288,28236,1903,3230,9273,15915,422,648,167315,300200,144832,254743,11452,26619,808,1334,8704,14987,204,280,1315,2237,145945,256603,11725,27163,1552,2623,9138,15663,382,565,14871,26726,13835,24813,489,909,255,435,85,164,23,46,184,359,13992,25127,563,1073,351,607,135,252,40,83
R,11,2020,91,416735,143043,273692,124825,234639,9064,22934,844,1415,6901,12287,181,286,1228,2131,125865,236391,9357,23562,1536,2610,7288,12899,342,559,131444,252147,114069,214632,8679,22181,641,1081,6830,12147,161,251,1064,1855,114969,216152,8908,22680,1252,2140,7170,12690,299,494,11599,21545,10756,20007,385,753,203,334,71,140,20,35,164,276,10896,20239,449,882,284,470,118,209,43,65
R,11,2020,92,354221,116722,237499,102052,204019,7227,19506,682,1218,5642,10618,119,228,1000,1910,102887,205609,7461,20051,1253,2304,5962,11164,248,480,107532,219463,93487,187366,6935,18834,519,920,5596,10502,105,194,890,1647,94228,188723,7130,19266,1035,1883,5888,10986,218,416,9190,18036,8565,16653,292,672,163,298,46,116,14,34,110,263,8659,16886,331,785,218,421,74,178,30,64
R,11,2020,93,289792,91447,198345,79736,170625,5674,16135,493,1015,4659,8846,100,177,785,1547,80396,171911,5862,16554,921,1925,4914,9275,204,376,84575,183960,73309,157305,5477,15607,387,774,4617,8755,87,153,698,1366,73896,158436,5633,15946,771,1596,4847,9138,179,327,6872,14385,6427,13320,197,528,106,241,42,91,13,24,87,181,6500,13475,229,608,150,329,67,137,25,49
R,11,2020,94,229027,68896,160131,59982,137809,4299,12898,394,807,3535,7218,69,162,617,1237,60504,138852,4452,13264,734,1503,3729,7552,154,311,63711,148809,55156,127332,4136,12482,312,625,3506,7137,60,143,541,1090,55613,128246,4253,12781,615,1247,3677,7439,132,279,5185,11322,4826,10477,163,416,82,182,29,81,9,19,76,147,4891,10606,199,483,119,256,52,113,22,32
R,11,2020,95,178363,50875,127488,44047,109444,3167,10225,290,616,2871,6023,51,130,449,1050,44425,110312,3282,10543,537,1202,3020,6310,110,261,47133,118704,40571,101313,3054,9903,222,474,2848,5966,45,116,393,932,40904,102085,3145,10170,438,1004,2980,6218,97,231,3742,8784,3476,8131,113,322,68,142,23,57,6,14,56,118,3521,8227,137,373,99,198,40,92,13,30
R,11,2020,96,135966,36939,99027,31792,85154,2319,7842,211,502,2243,4660,36,95,338,774,32073,85790,2408,8078,398,948,2361,4873,74,189,34276,92491,29314,79089,2237,7606,166,399,2224,4617,33,85,302,695,29566,79661,2310,7807,336,806,2330,4806,66,171,2663,6536,2478,6065,82,236,45,103,19,43,3,10,36,79,2507,6129,98,271,62,142,31,67,8,18
R,11,2020,97,98237,25695,72542,21993,62285,1592,5696,152,340,1653,3555,31,68,274,598,22221,62779,1668,5891,297,686,1744,3711,71,147,23785,67968,20211,58047,1537,5525,122,270,1641,3527,27,60,247,539,20420,58488,1602,5693,255,586,1725,3669,60,132,1910,4574,1782,4238,55,171,30,70,12,28,4,8,27,59,1801,4291,66,198,42,100,19,42,11,15
R,11,2020,98,70636,17507,53129,14862,45450,1119,4253,103,259,1242,2679,17,59,164,429,15002,45797,1162,4381,193,497,1301,2796,41,117,16301,49882,13746,42430,1079,4143,85,214,1231,2657,15,54,145,384,13869,42740,1114,4253,165,431,1285,2762,34,105,1206,3247,1116,3020,40,110,18,45,11,22,2,5,19,45,1133,3057,48,128,28,66,16,34,7,12
R,11,2020,99,48137,11049,37088,9380,31659,659,2971,61,176,810,1909,16,39,123,334,9479,31926,700,3087,129,364,848,2002,35,86,10316,34894,8702,29633,639,2893,48,146,805,1895,12,36,110,291,8791,29866,675,2991,109,311,840,1974,27,77,733,2194,678,2026,20,78,13,30,5,14,4,3,13,43,688,2060,25,96,20,53,8,28,8,9
R,11,2020,100,79276,15739,63537,12747,52471,1099,5726,109,341,1551,4315,26,80,207,604,12911,52953,1165,5949,218,671,1621,4470,60,170,14767,60050,11860,49274,1066,5588,90,292,1543,4289,24,73,184,534,12009,49697,1121,5776,188,587,1604,4427,54,152,972,3487,887,3197,33,138,19,49,8,26,2,7,23,70,902,3256,44,173,30,84,17,43,6,18
R,12,2020,999,331889831,164379377,167510454,125518682,126172191,21649939,23359484,2184999,2137764,9781929,10549217,436127,421268,4807701,4870530,129809678,130496228,23842974,25627065,3568771,3577836,11573557,12328663,855246,842507,132688769,136617782,97856458,99257129,20060363,21728180,1192411,1222379,9451039,10220216,314698,307914,3813800,3881964,101259301,102700757,21783843,23520352,2166986,2257861,10969271,11727126,643356,639773,31690608,30892672,27662224,26915062,1589576,1631304,992588,915385,330890,329001,121429,113354,993901,988566,28550377,27795471,2059131,2106713,1401785,1319975,604286,601537,211890,202734
R,12,2020,0,3634185,1858250,1775935,1280474,1221232,303120,293346,34458,32944,109176,102847,6909,6512,124113,119054,1394650,1330742,371999,359551,57518,55115,154923,146591,15402,14593,1362256,1299039,878000,834217,266707,258079,13068,12575,101510,95480,4178,3882,98793,94806,969395,921908,322350,311582,27707,26664,139378,131717,10364,9780,495994,476896,402474,387015,36413,35267,21390,20369,7666,7367,2731,2630,25320,24248,425255,408834,49649,47969,29811,28451,15545,14874,5038,4813
R,12,2020,1,3745081,1913583,1831498,1330718,1270302,301433,293834,35594,34209,114583,107603,7224,6783,124031,118767,1444742,1379477,370012,359722,58641,56405,160551,151349,15759,14850,1415904,1351047,925642,878834,265986,259480,14061,13644,106729,100161,4434,4162,99052,94766,1017180,966397,321480,312777,28810,27839,144965,136516,10729,10111,497679,480451,405076,391468,35447,34354,21533,20565,7854,7442,2790,2621,24979,24001,427562,413080,48532,46945,29831,28566,15586,14833,5030,4739
R,12,2020,2,3806767,1945255,1861512,1351777,1290024,305465,298015,36126,34653,118808,111652,7333,6918,125746,120250,1467364,1400542,374912,364648,59505,57115,165473,156017,15978,15102,1439185,1373597,939297,891918,269783,263453,14213,13767,110891,104143,4526,4273,100475,96043,1032134,980637,325989,317390,29160,28157,149769,141068,10908,10314,506070,487915,412480,398106,35682,34562,21913,20886,7917,7509,2807,2645,25271,24207,435230,419905,48923,47258,30345,28958,15704,14949,5070,4788
R,12,2020,3,3896264,1993815,1902449,1386290,1319901,310856,302123,36169,34269,125598,117636,7432,7053,127470,121467,1503392,1431546,380652,369284,60017,57081,173310,162431,16324,15386,1478194,1406435,961991,911633,276296,268603,15085,14352,117895,110257,4752,4433,102175,97157,1056290,1001368,332904,323063,30471,29038,157824,147578,11385,10588,515621,496014,424299,408268,34560,33520,21084,19917,7703,7379,2680,2620,25295,24310,447102,430178,47748,46221,29546,28043,15486,14853,4939,4798
R,12,2020,4,4012522,2051531,1960991,1439011,1370679,310962,304147,35731,34555,129172,121258,7495,7129,129160,123223,1557707,1483961,380916,371417,60224,58021,177898,167164,16572,15661,1521463,1451527,999705,948587,276436,270721,15792,15221,121348,113870,4779,4500,103403,98628,1095172,1039702,333052,325231,31649,30411,162110,152200,11541,10827,530068,509464,439306,422092,34526,33426,19939,19334,7824,7388,2716,2629,25757,24595,462535,444259,47864,46186,28575,27610,15788,14964,5031,4834
R,12,2020,5,4061618,2075720,1985898,1462314,1393949,315468,307778,35060,33926,126745,119486,7354,7121,128779,123638,1580711,1507615,385207,375340,59741,57536,175017,165394,16388,15698,1541282,1470676,1017032,965136,281192,274460,16158,15407,119073,112167,4649,4482,103178,99024,1112339,1056615,337702,329252,32203,30706,159454,150522,11385,10869,534438,515222,445282,428813,34276,33318,18902,18519,7672,7319,2705,2639,25601,24614,468372,451000,47505,46088,27538,26830,15563,14872,5003,4829
R,12,2020,6,4080591,2086108,1994483,1469870,1399008,316966,309472,35224,34307,128696,121829,7211,6982,128141,122885,1587662,1511965,386062,376454,59910,57981,176909,167408,16284,15550,1554991,1482937,1027396,973239,282321,276010,16400,15862,121393,114838,4663,4509,102818,98479,1122354,1064184,338295,330337,32526,31262,161846,152976,11452,10921,531117,511546,442474,425769,34645,33462,18824,18445,7303,6991,2548,2473,25323,24406,465308,447781,47767,46117,27384,26719,15063,14432,4832,4629
R,12,2020,7,4041981,2068234,1973747,1458826,1387443,316251,307445,35566,34114,124500,117526,6963,6643,126128,120576,1574708,1498160,383997,373160,60081,57552,172011,162224,16063,15155,1541370,1467880,1019348,965644,282152,274664,16725,15967,117537,110809,4550,4282,101058,96514,1112637,1054682,336995,327931,32752,31259,157314,148123,11295,10551,526864,505867,439478,421799,34099,32781,18841,18147,6963,6717,2413,2361,25070,24062,462071,443478,47002,45229,27329,26293,14697,14101,4768,4604
R,12,2020,8,4064878,2077665,1987213,1466747,1398702,316380,307481,35470,34354,126929,120063,6994,6746,125145,119867,1581639,1508728,383299,372210,59996,57922,174244,164816,16070,15362,1547773,1475589,1023492,970873,282741,275054,16812,16179,120074,113324,4563,4353,100091,95806,1115793,1059223,336763,327362,32804,31549,159716,150711,11297,10725,529892,511624,443255,427829,33639,32427,18658,18175,6855,6739,2431,2393,25054,24061,465846,449505,46536,44848,27192,26373,14528,14105,4773,4637
R,12,2020,9,4090428,2097156,1993272,1490067,1411812,318775,308290,35574,34293,121179,114209,6778,6485,124783,118183,1604677,1520279,385775,372003,60362,57872,167802,158185,15787,14981,1556193,1474963,1035302,976446,285578,276364,17061,16132,114418,107738,4353,4152,99481,94131,1127095,1063250,339592,327697,33197,31450,153298,144374,11006,10398,540963,518309,454765,435366,33197,31926,18513,18161,6761,6471,2425,2333,25302,24052,477582,457029,46183,44306,27165,26422,14504,13811,4781,4583
R,12,2020,10,4173630,2139039,2034591,1529183,1449938,323796,312235,34227,33014,119595,113542,6599,6267,125639,119595,1644772,1559851,391075,376814,59551,57373,166131,157348,15601,14724,1580133,1499152,1053356,994207,292446,281669,17219,16766,113069,107467,4364,4169,99679,94874,1145455,1081754,346451,333466,33554,32553,151803,143979,11005,10412,558906,535439,475827,455731,31350,30566,17008,16248,6526,6075,2235,2098,25960,24721,499317,478097,44624,43348,25997,24820,14328,13369,4596,4312
R,12,2020,11,4222555,2161965,2060590,1552818,1473041,327198,316720,34323,32990,117719,112642,6534,6361,123373,118836,1666365,1582268,393471,381360,59128,56851,163160,155762,15164,14738,1597710,1520091,1070479,1011442,295938,286359,17811,17165,111359,106557,4442,4267,97681,94301,1160801,1098485,349218,338346,33705,32584,149082,142493,10800,10431,564255,540499,482339,461599,31260,30361,16512,15825,6360,6085,2092,2094,25692,24535,505564,483783,44253,43014,25423,24267,14078,13269,4364,4307
R,12,2020,12,4400352,2254283,2146069,1623130,1537801,343679,332479,35474,33749,121025,115795,6709,6553,124266,119692,1737297,1647828,410629,397837,60445,57731,166246,158753,15592,14866,1667837,1587187,1120209,1058807,311242,301538,18369,17731,114581,109652,4551,4407,98885,95052,1211348,1146568,365410,354431,34501,33043,152379,145456,11125,10506,586446,558882,502921,478994,32437,30941,17105,16018,6444,6143,2158,2146,25381,24640,525949,501260,45219,43406,25944,24688,13867,13297,4467,4360
R,12,2020,13,4443928,2276301,2167627,1645546,1560551,343948,332989,36211,34842,122354,116107,6723,6574,121519,116564,1757121,1667468,409074,396299,61183,58715,166599,157986,15465,14852,1683784,1601911,1136269,1074609,311916,302152,18555,18232,115954,110153,4573,4386,96517,92379,1225269,1159623,364523,353222,34653,33514,152804,145015,11059,10484,592517,565716,509277,485942,32032,30837,17656,16610,6400,5954,2150,2188,25002,24185,531852,507845,44551,43077,26530,25201,13795,12971,4406,4368
R,12,2020,14,4389651,2247556,2142095,1632286,1549758,337301,326292,35967,34001,119093,113948,6540,6354,116369,111742,1739066,1652250,398936,386262,60180,57240,161945,154253,14983,14337,1667888,1587356,1132864,1071997,306649,296434,18453,17776,112793,108138,4478,4254,92651,88757,1218201,1153679,356567,345124,34096,32717,148643,141758,10723,10141,579668,554739,499422,477761,30652,29858,17514,16225,6300,5810,2062,2100,23718,22985,520865,498571,42369,41138,26084,24523,13302,12495,4260,4196
R,12,2020,15,4324963,2212289,2112674,1617510,1533370,325446,317238,34931,33843,118038,115912,6523,6422,109841,105889,1718183,1630288,382945,373176,58366,56290,158627,154790,14410,13985,1648861,1574432,1130575,1068183,296048,288982,18142,17780,112218,110440,4420,4423,87458,84624,1211023,1145858,342700,334528,33295,32298,146271,143138,10268,10087,563428,538242,486935,465187,29398,28256,16789,16063,5820,5472,2103,1999,22383,21265,507160,484430,40245,38648,25071,23992,12356,11652,4142,3898
R,12,2020,16,4312257,2204337,2107920,1616713,1534673,321583,312724,34254,32865,119809,118983,6446,6122,105532,102553,1713301,1628417,376127,366120,57159,55175,159185,156748,14169,13575,1654646,1581429,1140162,1078742,293280,285562,18132,17222,114010,113485,4508,4285,84554,82133,1217853,1154027,337596,329104,33231,31915,147219,145364,10306,9871,549691,526491,476551,455931,28303,27162,16122,15643,5799,5498,1938,1837,20978,20420,495448,474390,38531,37016,23928,23260,11966,11384,3863,3704
R,12,2020,17,4312007,2203477,2108530,1623075,1540193,318708,311290,33417,32532,120291,119802,6269,5944,101717,98769,1716104,1630494,370719,362082,56137,54568,158116,156438,13808,13198,1663398,1589718,1154240,1089889,291009,284940,17690,17159,114683,114425,4384,4173,81392,79132,1228934,1162491,333364,326371,32670,31808,146557,145218,10046,9648,540079,518812,468835,450304,27699,26350,15727,15373,5608,5377,1885,1771,20325,19637,487170,468003,37355,35711,23467,22760,11559,11220,3762,3550
R,12,2020,18,4291815,2192701,2099114,1613971,1532275,320574,314495,33651,32102,121112,119650,6185,5969,97208,94623,1702622,1618434,369948,363029,56035,54012,157107,154334,13537,12996,1658863,1587532,1149883,1087037,293287,288706,17849,17221,115590,114542,4379,4187,77875,75839,1221103,1156366,333565,328306,32654,31792,145924,143740,9968,9520,533838,511582,464088,445238,27287,25789,15802,14881,5522,5108,1806,1782,19333,18784,481519,462068,36383,34723,23381,22220,11183,10594,3569,3476
R,12,2020,19,4319576,2206316,2113260,1622398,1542916,326003,319291,33341,31612,122934,120578,6010,5852,95630,93011,1709440,1627597,374535,366833,55943,53804,158117,154375,13181,12857,1679140,1609667,1163675,1104204,299097,293920,17949,17302,117687,115510,4243,4069,76489,74662,1233454,1172408,338568,332816,33025,32210,147374,144064,9705,9407,527176,503593,458723,438712,26906,25371,15392,14310,5247,5068,1767,1783,19141,18349,475986,455189,35967,34017,22918,21594,10743,10311,3476,3450
R,12,2020,20,4384245,2238857,2145388,1640590,1559291,336288,330334,33802,32372,127672,125902,6147,5944,94358,91545,1726438,1642280,383749,377031,56763,54597,162353,159135,13242,12901,1711633,1642546,1181034,1121489,309738,304787,18429,17682,122375,120866,4423,4178,75634,73544,1249953,1188360,348362,342916,33872,32820,151767,148908,9861,9457,527224,502842,459556,437802,26550,25547,15373,14690,5297,5036,1724,1766,18724,18001,476485,453920,35387,34115,22891,21777,10586,10227,3381,3444
R,12,2020,21,4281651,2185443,2096208,1606781,1529179,327456,321587,32842,31692,122079,120325,6063,5679,90222,87746,1688715,1608527,373050,366543,55385,53632,154384,151547,13086,12456,1676539,1609690,1162958,1105184,301728,296889,18139,17670,117008,115507,4340,4063,72366,70377,1228839,1168933,338915,333649,33492,32674,144325,141755,9707,9251,508904,486518,443823,423995,25728,24698,14703,14022,5071,4818,1723,1616,17856,17369,459876,439594,34135,32894,21893,20958,10059,9792,3379,3205
R,12,2020,22,4294338,2188938,2105400,1607425,1533012,329017,324513,32611,31735,125190,124165,6037,5683,88658,86292,1687655,1611213,373220,368241,55052,53908,157047,154603,13105,12272,1685492,1623057,1168255,1112366,303568,300208,18015,17622,120072,119328,4341,4067,71241,69466,1232855,1175458,339674,336026,33390,32989,147035,144991,9818,9179,503446,482343,439170,420646,25449,24305,14596,14113,5118,4837,1696,1616,17417,16826,454800,435755,33546,32215,21662,20919,10012,9612,3287,3093
R,12,2020,23,4254751,2167294,2087457,1587203,1517101,324904,320674,32054,31183,132476,129868,6042,5640,84615,82991,1663767,1592059,366560,362049,54143,53039,163038,159420,12651,12032,1674314,1615262,1156660,1104689,300466,297171,17634,17516,127472,125117,4367,4082,67715,66687,1218053,1164979,334247,330946,32846,32721,153287,150133,9471,9017,492980,472195,430543,412412,24438,23503,14420,13667,5004,4751,1675,1558,16900,16304,445714,427080,32313,31103,21297,20318,9751,9287,3180,3015
R,12,2020,24,4297544,2187707,2109837,1603703,1532754,323771,321939,32243,31032,138683,136933,6233,5753,83074,81426,1678809,1606044,363877,362000,54579,52954,168761,166125,12876,12360,1695186,1639503,1173148,1121616,299536,298981,17832,17292,133823,132162,4499,4150,66348,65302,1233256,1180468,331917,331606,33069,32466,159400,156858,9658,9311,492521,470334,430555,411138,24235,22958,14411,13740,4860,4771,1734,1603,16726,16124,445553,425576,31960,30394,21510,20488,9361,9267,3218,3049
R,12,2020,25,4356643,2218932,2137711,1620723,1548919,334413,330041,32430,31148,143757,142352,6398,6149,81211,79102,1693710,1619859,373059,368693,55174,53111,173218,170628,13054,12765,1724526,1664162,1188225,1134755,309858,306557,18089,17378,138889,137526,4661,4455,64804,63491,1246469,1191804,341056,337882,33883,32762,163887,161476,9865,9666,494406,473549,432498,414164,24555,23484,14341,13770,4868,4826,1737,1694,16407,15611,447241,428055,32003,30811,21291,20349,9331,9152,3189,3099
R,12,2020,26,4424944,2250252,2174692,1635524,1566527,348800,345423,32709,31965,147731,146456,6440,6375,79048,77946,1706174,1636039,385667,382881,55690,54445,176438,174414,13336,12914,1755019,1701249,1201951,1152613,323996,321676,18493,17919,142856,141771,4735,4686,62988,62584,1258225,1208409,353607,352051,34536,33849,167277,165512,10126,9836,495233,473443,433573,413914,24804,23747,14216,14046,4875,4685,1705,1689,16060,15362,447949,427630,32060,30830,21154,20596,9161,8902,3210,3078
R,12,2020,27,4516601,2297335,2219266,1665384,1591629,363197,358701,33814,32950,152567,153800,6664,6394,75709,75792,1732658,1658920,397809,394512,56196,55533,180653,180990,13400,12977,1795815,1742742,1225653,1174589,337923,334808,19215,18946,147790,149006,4844,4710,60390,60683,1279324,1228490,365647,363610,34917,35004,171673,172123,10125,9874,501520,476524,439731,417040,25274,23893,14599,14004,4777,4794,1820,1684,15319,15109,453334,430430,32162,30902,21279,20529,8980,8867,3275,3103
R,12,2020,28,4622801,2347996,2274805,1701815,1631107,372546,367710,35362,33682,157113,161540,6726,6527,74434,74239,1767740,1696827,405188,401458,58298,56322,185109,188934,13470,13183,1838275,1791690,1254996,1208094,346881,343221,20119,19498,152293,156685,4884,4786,59102,59406,1307300,1260678,372631,370182,36231,35619,176284,180121,10229,9997,509721,483115,446819,423013,25665,24489,15243,14184,4820,4855,1842,1741,15332,14833,460440,436149,32557,31276,22067,20703,8825,8813,3241,3186
R,12,2020,29,4696789,2373081,2323708,1719277,1660756,374907,378115,35837,33340,164526,171010,7472,6872,71062,73615,1781317,1724954,405444,411304,57914,55511,192015,199362,14491,13918,1866645,1846284,1277063,1245378,348502,351956,20305,19562,159490,165738,5433,5082,55852,58568,1325704,1296367,372189,378151,35602,35186,182939,189905,10997,10660,506436,477424,442214,415378,26405,26159,15532,13778,5036,5272,2039,1790,15210,15047,455613,428587,33255,33153,22312,20325,9076,9457,3494,3258
R,12,2020,30,4768266,2410706,2357560,1754920,1690694,373619,378404,35588,32973,171252,178101,7687,7148,67640,70240,1813832,1752085,401618,409554,56737,54419,198422,205245,14509,13903,1899332,1884396,1308350,1279401,346805,351847,19779,19332,165980,172842,5517,5334,52901,55640,1354218,1327898,368200,376280,34343,34347,189257,196005,10914,10698,511374,473164,446570,411293,26814,26557,15809,13641,5272,5259,2170,1814,14739,14600,459614,424187,33418,33274,22394,20072,9165,9240,3595,3205
R,12,2020,31,4656842,2354265,2302577,1719130,1649868,358736,367279,34600,31671,171253,181105,7799,6900,62747,65754,1773914,1707115,384320,396029,54396,51879,196404,206806,14030,13299,1860459,1849029,1287791,1255330,332848,341786,19014,18650,166188,175926,5669,5205,48949,52132,1330332,1300527,352217,364215,32616,32814,187797,198042,10636,10362,493806,453548,431339,394538,25888,25493,15586,13021,5065,5179,2130,1695,13798,13622,443582,406588,32103,31814,21780,19065,8607,8764,3394,2937
R,12,2020,32,4582684,2314040,2268644,1702307,1635233,337990,350218,34152,30857,172700,183006,7606,6992,59285,62338,1753785,1689515,361514,377015,52859,50062,196969,207707,13709,13073,1822387,1821464,1271932,1245973,312997,325225,18427,17830,167719,177944,5541,5274,45771,49218,1311518,1288706,330430,345798,30988,31309,188537,199167,10400,10155,491653,447180,430375,389260,24993,24993,15725,13027,4981,5062,2065,1718,13514,13120,442267,400809,31084,31217,21871,18753,8432,8540,3309,2918
R,12,2020,33,4489762,2272028,2217734,1686568,1609076,320970,333806,32874,29838,167926,178422,7681,6780,56009,59812,1735058,1661238,343091,359167,50841,48481,190820,202160,13639,12714,1785349,1778139,1259290,1225704,296970,309606,17477,17156,163103,173684,5519,5089,42990,46900,1296244,1266462,313227,328930,29475,30074,182734,194116,10295,9834,486679,439595,427278,383372,24000,24200,15397,12682,4823,4738,2162,1691,13019,12912,438814,394776,29864,30237,21366,18407,8086,8044,3344,2880
R,12,2020,34,4485013,2271523,2213490,1697233,1615441,312406,327001,32654,29543,167769,177546,7628,6831,53833,57128,1744068,1664987,333027,350967,50164,48132,189891,200072,13296,12464,1782279,1773695,1267091,1231474,288643,302780,17157,16736,162886,172961,5450,5095,41052,44649,1302618,1269998,303480,321015,28800,29623,181811,192285,9984,9637,489244,439795,430142,383967,23763,24221,15497,12807,4883,4585,2178,1736,12781,12479,441450,394989,29547,29952,21364,18509,8080,7787,3312,2827
R,12,2020,35,4511001,2285022,2225979,1715498,1630230,309121,324444,32394,29468,167912,179049,7660,6871,52437,55917,1760918,1678752,329120,347171,49956,47765,189173,201426,13259,12656,1790442,1783899,1280370,1243727,285452,300488,16487,16650,163114,174399,5450,5235,39569,43400,1314373,1281192,299691,317358,28061,29415,181236,193568,9897,9904,494580,442080,435128,386503,23669,23956,15907,12818,4798,4650,2210,1636,12868,12517,446545,397560,29429,29813,21895,18350,7937,7858,3362,2752
R,12,2020,36,4438171,2241802,2196369,1685922,1609434,298225,317109,31668,28994,168268,180048,7388,6537,50331,54247,1729569,1656353,316880,338650,48707,47115,188880,202124,12950,12180,1758231,1759029,1259902,1226747,275543,293672,16258,16243,163449,175598,5235,4862,37844,41907,1292473,1262850,288701,309446,27468,28775,180996,194465,9647,9389,483571,437340,426020,382687,22682,23437,15410,12751,4819,4450,2153,1675,12487,12340,437096,393503,28179,29204,21239,18340,7884,7659,3303,2791
R,12,2020,37,4424914,2234463,2190451,1685312,1606720,294213,314754,31737,28952,166670,179967,7354,6677,49177,53381,1727882,1652863,312371,335524,48559,47283,186880,201550,12686,12337,1752794,1752409,1260575,1223460,271799,291204,16117,16044,161967,175594,5287,5011,37049,41096,1292390,1258760,284550,306437,27304,28719,179132,194014,9508,9532,481669,438042,424737,383260,22414,23550,15620,12908,4703,4373,2067,1666,12128,12285,435492,394103,27821,29087,21255,18564,7748,7536,3178,2805
R,12,2020,38,4486001,2263878,2222123,1711383,1632525,297231,319431,32138,29259,166473,180784,7415,6849,49238,53275,1754023,1678485,315254,340325,49319,47801,186458,202072,12866,12445,1771451,1773225,1276743,1239514,274449,295241,16291,16157,161657,176130,5296,5092,37015,41091,1308527,1274726,287077,310566,27720,29066,178606,194304,9642,9604,492427,448898,434640,393011,22782,24190,15847,13102,4816,4654,2119,1757,12223,12184,445496,403759,28177,29759,21599,18735,7852,7768,3224,2841
R,12,2020,39,4394396,2213633,2180763,1680191,1606792,289798,313505,30586,28280,158316,174533,7227,6353,47515,51300,1721174,1651043,307046,333755,47560,46274,177447,194775,12436,11815,1739421,1742255,1261602,1222503,267939,290219,15366,15534,153693,169971,5145,4647,35676,39381,1292115,1256282,280037,304993,26677,27988,169886,187226,9269,9024,474212,438508,418589,384289,21859,23286,15220,12746,4623,4562,2082,1706,11839,11919,429059,394761,27009,28762,20883,18286,7561,7549,3167,2791
R,12,2020,40,4435793,2235628,2200165,1696927,1618628,297818,322758,31273,28727,154804,172293,7339,6447,47467,51312,1737831,1662834,315178,342995,48306,47005,173893,192350,12712,11937,1748120,1754929,1266220,1228194,275638,299050,15706,15863,149988,167727,5148,4771,35420,39324,1296467,1261794,287703,313735,27028,28603,166049,184814,9429,9221,487508,445236,430707,390434,22180,23708,15567,12864,4816,4566,2191,1676,12047,11988,441364,401040,27475,29260,21278,18402,7844,7536,3283,2716
R,12,2020,41,4260976,2141681,2119295,1627035,1558732,284574,311674,29668,27286,149304,166969,6577,6140,44523,48494,1665475,1600370,300662,330821,46038,44690,166905,185933,11573,11276,1680833,1693811,1220137,1185635,263328,288924,14889,15016,144909,162695,4596,4588,32974,36953,1248349,1217101,274385,302602,25699,27143,159686,178796,8548,8735,460848,425484,406898,373097,21246,22750,14779,12270,4395,4274,1981,1552,11549,11541,417126,383269,26277,28219,20339,17547,7219,7137,3025,2541
R,12,2020,42,4135599,2074018,2061581,1580116,1519325,272519,300646,28162,26570,144803,163306,6235,5709,42183,46025,1616369,1558870,287739,318422,43760,43415,161565,181341,10772,10502,1629069,1645084,1186181,1154072,252360,278587,14324,14439,140535,158953,4436,4190,31233,34843,1212700,1183747,262836,291214,24659,26046,154614,174259,8032,8056,444949,416497,393935,365253,20159,22059,13838,12131,4268,4353,1799,1519,10950,11182,403669,375123,24903,27208,19101,17369,6951,7082,2740,2446
R,12,2020,43,4105113,2054716,2050397,1572481,1517025,266437,295981,28320,26657,140612,160169,6105,5737,40761,44828,1607488,1555290,280958,313276,43734,43357,156719,177697,10564,10479,1612269,1632575,1179913,1149182,247176,274445,14472,14761,136308,155925,4337,4231,30063,34031,1205407,1177968,257002,286703,24736,26398,149822,170817,7855,8043,442447,417822,392568,367843,19261,21536,13848,11896,4304,4244,1768,1506,10698,10797,402081,377322,23956,26573,18998,16959,6897,6880,2709,2436
R,12,2020,44,3952044,1975823,1976221,1508883,1461809,253727,282175,27236,25265,141353,159314,5767,5340,38857,42318,1542340,1497812,267043,298198,41923,41243,156950,176045,10175,9859,1547735,1568000,1128571,1101431,235140,261592,13939,13906,137232,155148,4119,3908,28734,32015,1153010,1128364,244045,272881,23755,25054,150395,169287,7603,7559,428088,408221,380312,360378,18587,20583,13297,11359,4121,4166,1648,1432,10123,10303,389330,369448,22998,25317,18168,16189,6555,6758,2572,2300
R,12,2020,45,3939152,1969579,1969573,1504605,1456706,252975,282083,26803,25207,143058,160231,5560,5235,36578,40111,1535940,1490862,265681,296992,40968,40493,157597,176184,9528,9450,1547340,1566525,1128365,1099971,235139,262089,13635,13919,139038,156158,4009,3872,27154,30516,1151328,1125721,243690,272562,23253,24643,151329,169746,7187,7267,422239,403048,376240,356735,17836,19994,13168,11288,4020,4073,1551,1363,9424,9595,384612,365141,21991,24430,17715,15850,6268,6438,2341,2183
R,12,2020,46,3928239,1962688,1965551,1504872,1460877,249433,279188,26498,24749,141612,157171,5514,5014,34759,38552,1534428,1493516,261189,293408,40232,39784,155456,172411,9483,9014,1549854,1568805,1135391,1108092,232748,260378,13553,13732,137804,153322,4028,3709,26330,29572,1157561,1132827,240949,270486,22975,24416,149716,166451,7245,6959,412834,396746,369481,352785,16685,18810,12945,11017,3808,3849,1486,1305,8429,8980,376867,360689,20240,22922,17257,15368,5740,5960,2238,2055
R,12,2020,47,3892843,1942294,1950549,1488232,1447805,247959,278490,25533,24532,141393,157432,5175,4999,34002,37291,1517115,1479232,259253,292063,38991,39142,155123,172325,8991,8957,1546404,1566174,1133543,1105738,232055,260331,13208,13779,137848,153683,3818,3728,25932,28915,1155298,1129823,239838,270107,22653,24394,149709,166551,6960,6941,395890,384375,354689,342067,15904,18159,12325,10753,3545,3749,1357,1271,8070,8376,361817,349409,19415,21956,16338,14748,5414,5774,2031,2016
R,12,2020,48,4043687,2018622,2025065,1550931,1508710,259685,290235,26337,24889,142405,158835,5224,4981,34040,37415,1579760,1540234,270596,303598,40322,40038,156042,173595,9046,8953,1620759,1638616,1194131,1164448,243950,272122,13817,14121,138752,155094,3909,3708,26200,29123,1216059,1188663,251593,281777,23811,25203,150592,167910,7004,7002,397863,386449,356800,344262,15735,18113,12520,10768,3653,3741,1315,1273,7840,8292,363701,351571,19003,21821,16511,14835,5450,5685,2042,1951
R,12,2020,49,4258212,2130612,2127600,1659817,1607460,267451,298781,26233,25439,137625,153154,5274,4868,34212,37898,1688730,1639433,278321,312108,40583,41233,151132,167724,9173,8967,1739559,1748201,1308965,1269395,251916,281194,14292,14725,133923,149551,3904,3677,26559,29659,1331152,1294145,259597,290803,24728,26487,145665,162200,7127,7060,391053,379399,350852,338065,15535,17587,11941,10714,3702,3603,1370,1191,7653,8239,357578,345288,18724,21305,15855,14746,5467,5524,2046,1907
R,12,2020,50,4400160,2204784,2195376,1724301,1668325,275689,305085,27007,25533,137808,153371,5155,5109,34824,37953,1753758,1700124,286820,318343,41940,41716,151095,167850,9212,9399,1813443,1821964,1373373,1335805,260012,287591,14859,14997,134181,149722,3851,3853,27167,29996,1396086,1360677,267961,297362,25843,27234,145689,162216,7202,7412,391341,373412,350928,332520,15677,17494,12148,10536,3627,3649,1304,1256,7657,7957,357672,339447,18859,20981,16097,14482,5406,5634,2010,1987
R,12,2020,51,4204153,2101952,2102201,1652021,1606872,257835,286436,25369,24266,129277,144839,5131,4947,32319,34841,1679386,1636039,267793,298239,39544,39597,141609,158058,8973,8875,1731060,1746478,1319296,1289409,243112,270111,14043,14414,125839,141351,3880,3796,24890,27397,1340115,1312127,249964,278659,24387,25994,136500,152739,7045,7055,370892,355723,332725,317463,14723,16325,11326,9852,3438,3488,1251,1151,7429,7444,339271,323912,17829,19580,15157,13603,5109,5319,1928,1820
R,12,2020,52,4095185,2046959,2048226,1607481,1565433,252888,279764,25066,23525,126683,141976,4586,4736,30255,32792,1632961,1592742,262032,290727,38697,38278,138133,154192,8142,8557,1691205,1707620,1288411,1261436,238482,263917,13924,14135,123554,138735,3427,3581,23407,25816,1307888,1282659,244758,271805,24047,25381,133470,149374,6367,6779,355754,340606,319070,303997,14406,15847,11142,9390,3129,3241,1159,1155,6848,6976,325073,310083,17274,18922,14650,12897,4663,4818,1775,1778
R,12,2020,53,4054351,2019148,2035203,1595793,1564454,250493,280538,23849,23422,115482,130652,4691,4572,28840,31565,1620074,1590687,259055,291245,37180,37948,126232,142004,8057,8310,1677979,1704920,1289444,1269494,236647,265067,13533,14423,112451,127637,3525,3502,22379,24797,1308029,1289853,242516,272735,23477,25558,121775,137391,6371,6636,341169,330283,306349,294960,13846,15471,10316,8999,3031,3015,1166,1070,6461,6768,312045,300834,16539,18510,13703,12390,4457,4613,1686,1674
R,12,2020,54,4091195,2031883,2059312,1608229,1588409,253806,285403,23741,23372,113212,126575,4695,4622,28200,30931,1631685,1614031,262319,295813,37050,37951,123516,137538,8155,8271,1698390,1736021,1308490,1299530,240287,270399,13728,14682,110277,123559,3581,3566,22027,24285,1326533,1319397,246124,277846,23868,25852,119170,133006,6513,6626,333493,323291,299739,288879,13519,15004,10013,8690,2935,3016,1114,1056,6173,6646,305152,294634,16195,17967,13182,12099,4346,4532,1642,1645
R,12,2020,55,4224392,2093626,2130766,1659115,1645892,262480,295305,24649,24289,114212,129150,4709,4625,28461,31505,1682810,1671970,270841,305607,38421,39375,124465,140302,8196,8377,1762306,1809488,1361813,1359267,248709,280120,14570,15476,111324,126086,3654,3622,22236,24917,1380054,1379611,254471,287532,25043,27224,120212,135702,6587,6782,331320,321278,297302,286625,13771,15185,10079,8813,2888,3064,1055,1003,6225,6588,302756,292359,16370,18075,13378,12151,4253,4600,1609,1595
R,12,2020,56,4384709,2162429,2222280,1725508,1730370,265458,301324,24621,24761,113653,129333,4577,4694,28612,31798,1749321,1756621,273588,311470,38842,40657,123870,140266,8088,8454,1844050,1906563,1439551,1448229,252462,286592,14997,16146,110849,126474,3580,3701,22611,25421,1458131,1468940,258108,293928,26015,28809,119722,135968,6528,6888,318379,315717,285957,282141,12996,14732,9624,8615,2804,2859,997,993,6001,6377,291190,287681,15480,17542,12827,11848,4148,4298,1560,1566
R,12,2020,57,4404468,2171315,2233153,1738418,1746458,260632,294740,24239,24308,115260,131510,4355,4581,28411,31556,1762092,1772463,268498,304573,38629,40135,125337,142351,7766,8389,1866242,1928630,1464600,1474715,247927,280540,15091,15870,112588,128670,3383,3614,22653,25221,1483271,1495219,253438,287635,26373,28506,121387,138036,6277,6829,305073,304523,273818,271743,12705,14200,9148,8438,2672,2840,972,967,5758,6335,278821,277244,15060,16938,12256,11629,3950,4315,1489,1560
R,12,2020,58,4418293,2171865,2246428,1746200,1766474,258161,294071,23714,24230,111567,125912,4406,4549,27817,31192,1769447,1792074,265695,303846,37674,40261,121488,136465,7849,8255,1878374,1951505,1482409,1502943,246148,280696,14871,16015,108965,123172,3499,3625,22482,25054,1500996,1523260,251425,287766,26033,28895,117689,132299,6469,6734,293491,294923,263791,263531,12013,13375,8843,8215,2602,2740,907,924,5335,6138,268451,268814,14270,16080,11641,11366,3799,4166,1380,1521
R,12,2020,59,4408677,2164155,2244522,1757316,1780592,251236,288727,23135,23988,100632,116516,4246,4240,27590,30459,1780316,1805553,258577,298221,37338,39988,110415,126640,7580,7856,1888058,1965981,1509268,1531592,239914,276087,14874,16345,98257,113927,3424,3399,22321,24631,1527665,1551533,245118,283008,26250,29357,106828,122712,6272,6446,276097,278541,248048,249000,11322,12640,8261,7643,2375,2589,822,841,5269,5828,252651,254020,13459,15213,11088,10631,3587,3928,1308,1410
R,12,2020,60,4401474,2155433,2246041,1743154,1775070,253715,290971,22848,23832,104273,122021,4221,4282,27222,29865,1765954,1799494,260909,300083,36953,39597,113787,132010,7481,7824,1884231,1971066,1499528,1528837,242666,278602,14630,16414,101851,119419,3398,3468,22158,24326,1517886,1548495,247802,285342,26005,29272,110265,128096,6150,6486,271202,274975,243626,246233,11049,12369,8218,7418,2422,2602,823,814,5064,5539,248068,250999,13107,14741,10948,10325,3522,3914,1331,1338
R,12,2020,61,4283348,2092297,2191051,1699712,1738869,242561,281557,21686,22621,98385,115533,4007,3933,25946,28538,1721361,1762297,249244,290274,35206,37941,107648,124830,7103,7249,1842846,1935483,1475614,1510452,232328,269776,14229,15626,96174,113137,3247,3201,21254,23291,1493216,1529334,237109,276224,25225,28204,104328,121251,5874,6020,249451,255568,224098,228417,10233,11781,7457,6995,2211,2396,760,732,4692,5247,228145,232963,12135,14050,9981,9737,3320,3579,1229,1229
R,12,2020,62,4221455,2054047,2167408,1673208,1725204,234460,273466,20143,21770,97928,115867,3734,3828,24574,27273,1693669,1747531,240852,281650,33287,36633,106392,124745,6549,6893,1822741,1925083,1465739,1508343,224544,262263,13420,15244,95847,113645,3035,3143,20156,22445,1482364,1526540,229107,268352,24207,27569,103330,121391,5431,5783,231306,242325,207469,216861,9916,11203,6723,6526,2081,2222,699,685,4418,4828,211305,220991,11745,13298,9080,9064,3062,3354,1118,1110
R,12,2020,63,4189967,2031318,2158649,1661236,1726262,226747,267849,20041,21279,95603,113022,3581,3676,24110,26561,1681227,1748028,233034,275800,33056,36176,103846,121285,6404,6696,1808866,1923347,1461425,1515307,217552,257145,13328,15050,93674,111031,2944,2983,19943,21831,1477797,1532984,222139,263033,24081,27438,101034,118234,5365,5565,222452,235302,199811,210955,9195,10704,6713,6229,1929,1991,637,693,4167,4730,203430,215044,10895,12767,8975,8738,2812,3051,1039,1131
R,12,2020,64,4040540,1948362,2092178,1596454,1671639,214774,259822,18797,20405,92326,111145,3349,3470,22662,25697,1615366,1692748,220654,267501,31183,34968,99893,119063,5959,6368,1740842,1869347,1410232,1472204,206056,249545,12558,14500,90503,109039,2737,2902,18756,21157,1425737,1489386,210294,255210,22817,26668,97244,115937,4995,5377,207520,222831,186222,199435,8718,10277,6239,5905,1823,2106,612,568,3906,4540,189629,203362,10360,12291,8366,8300,2649,3126,964,991
R,12,2020,65,3899830,1871001,2028829,1537321,1626370,201312,245738,17859,19330,89792,109868,3127,3412,21590,24111,1555260,1646004,206850,252986,29730,32937,96983,117364,5625,6132,1674286,1814007,1360574,1433505,192991,236137,12082,13805,88069,107933,2603,2793,17967,19834,1375353,1449444,196983,241489,21998,25167,94492,114483,4775,5126,196715,214822,176747,192865,8321,9601,5777,5525,1723,1935,524,619,3623,4277,179907,196560,9867,11497,7732,7770,2491,2881,850,1006
R,12,2020,66,3801191,1815239,1985952,1498380,1598946,190732,236455,16637,18286,86311,106065,2963,3251,20216,22949,1515161,1617643,195894,243243,27956,31365,92970,113063,5265,5917,1632956,1783269,1333968,1416279,183158,227655,11560,13361,84781,104264,2475,2695,17014,19015,1347961,1431546,186957,232710,21151,24369,90741,110421,4489,5003,182283,202683,164412,182667,7574,8800,5077,4925,1530,1801,488,556,3202,3934,167200,186097,8937,10533,6805,6996,2229,2642,776,914
R,12,2020,67,3621544,1720960,1900584,1431083,1540868,173266,219761,15303,16848,79911,98851,2670,2930,18727,21326,1446734,1558284,177869,225956,26009,29159,85917,105348,4781,5378,1555225,1713867,1281666,1372411,166279,211648,10681,12328,78553,97246,2241,2449,15805,17785,1294803,1386750,169629,216280,19800,22746,83939,102997,4095,4605,165735,186717,149417,168457,6987,8113,4622,4520,1358,1605,429,481,2922,3541,151931,171534,8240,9676,6209,6413,1978,2351,686,773
R,12,2020,68,3526083,1667723,1858360,1392420,1510244,162413,210927,14150,16057,78924,98434,2640,2876,17176,19822,1406675,1526464,166698,216626,23929,27688,84471,104350,4647,5188,1513599,1681718,1253285,1350630,155966,203261,9973,11837,77604,96878,2263,2423,14508,16689,1265208,1364122,159110,207622,18341,21805,82574,102070,4019,4420,154124,176642,139135,159614,6447,7666,4177,4220,1320,1556,377,453,2668,3133,141467,162342,7588,9004,5588,5883,1897,2280,628,768
R,12,2020,69,3340352,1572470,1767882,1320624,1442600,150745,199987,13102,14878,69615,89362,2299,2592,16085,18463,1333950,1457765,154703,205336,22576,25972,74617,94550,4183,4678,1428937,1603642,1190483,1294283,144974,192766,9405,10983,68446,87926,1968,2186,13661,15498,1201709,1306830,147935,196828,17498,20514,72943,92481,3633,4003,143533,164240,130141,148317,5771,7221,3697,3895,1169,1436,331,406,2424,2965,132241,150935,6768,8508,5078,5458,1674,2069,550,675
R,12,2020,70,3158655,1477418,1681237,1231078,1362509,144924,192201,12598,14212,71133,92259,2322,2460,15363,17596,1243871,1376778,148749,197402,21591,24558,75873,97528,4097,4522,1341985,1521798,1108568,1218430,139272,185197,9137,10460,69991,90845,1963,2101,13054,14765,1119350,1230267,142108,189134,16876,19322,74236,95445,3551,3885,135433,159439,122510,144079,5652,7004,3461,3752,1142,1414,359,359,2309,2831,124521,146511,6641,8268,4715,5236,1637,2083,546,637
R,12,2020,71,3060327,1428387,1631940,1198545,1331996,133317,180438,11856,13258,68173,87215,2232,2442,14264,16591,1210401,1345522,136770,185282,20420,23208,72471,91897,3920,4354,1303568,1484309,1085370,1198214,128272,174040,8664,9951,67165,85981,1897,2070,12200,14053,1095446,1209543,130898,177761,16072,18591,70992,90097,3378,3755,124819,147631,113175,133782,5045,6398,3192,3307,1008,1234,335,372,2064,2538,114955,135979,5872,7521,4348,4617,1479,1800,542,599
R,12,2020,72,2993961,1395048,1598913,1178424,1315746,125352,170759,11096,12625,64715,81641,2064,2296,13397,15846,1189527,1328788,128639,175284,19136,22150,68748,86111,3613,4079,1279048,1459417,1073172,1189246,120637,164873,8247,9519,63754,80443,1761,1966,11477,13370,1082609,1200135,123151,168311,15232,17783,67348,84343,3136,3519,116000,139496,105252,126500,4715,5886,2849,3106,961,1198,303,330,1920,2476,106918,128653,5488,6973,3904,4367,1400,1768,477,560
R,12,2020,73,3076677,1437269,1639408,1233797,1374609,117080,159302,10827,11972,60274,75758,1945,2040,13346,15727,1244997,1387681,120277,163694,19082,21694,64022,80005,3480,3758,1326183,1505581,1132750,1252855,112811,153733,8028,9119,59396,74662,1675,1750,11523,13462,1142362,1263933,115253,157153,15293,17624,62722,78428,3051,3286,111086,133827,101047,121754,4269,5569,2799,2853,878,1096,270,290,1823,2265,102635,123748,5024,6541,3789,4070,1300,1577,429,472
R,12,2020,74,2597013,1208662,1388351,1035663,1160588,97067,134681,9236,10343,53616,67547,1730,1761,11350,13431,1045244,1171723,99721,138353,16118,18361,56868,71364,3078,3328,1111167,1268253,946910,1051411,93265,129569,6843,7883,52906,66528,1492,1508,9751,11354,955108,1060728,95271,132352,12878,14812,55793,69891,2677,2899,97495,120098,88753,109177,3802,5112,2393,2460,710,1019,238,253,1599,2077,90136,110995,4450,6001,3240,3549,1075,1473,401,429
R,12,2020,75,2114957,965857,1149100,819182,951365,82406,118200,7586,8867,45839,57697,1490,1649,9354,11322,826970,960717,84636,121307,13123,15567,48662,60973,2679,3000,881233,1041442,742055,853302,79145,113718,5576,6642,45167,56833,1287,1413,8003,9534,748658,861102,80820,116050,10392,12403,47682,59704,2341,2606,84624,107658,77127,98063,3261,4482,2010,2225,672,864,203,236,1351,1788,78312,99615,3816,5257,2731,3164,980,1269,338,394
R,12,2020,76,2057526,934850,1122676,797641,934719,76735,112084,7075,8325,43172,54978,1309,1523,8918,11047,805143,943850,78830,115208,12398,14905,45783,58102,2438,2868,858416,1023068,727904,843817,73748,108120,5296,6266,42613,54156,1139,1315,7716,9394,734350,851516,75348,110506,10005,12000,44951,56901,2149,2519,76434,99608,69737,90902,2987,3964,1779,2059,559,822,170,208,1202,1653,70793,92334,3482,4702,2393,2905,832,1201,289,349
R,12,2020,77,2064185,931441,1132744,804122,956767,72053,107448,6497,7931,39354,48751,1207,1300,8208,10547,811077,965574,73851,110312,11564,14319,41624,51610,2266,2547,861237,1038646,739924,870846,69327,103664,4951,6036,38806,48032,1065,1124,7164,8944,745984,878263,70711,105819,9471,11606,40829,50535,2010,2235,70204,94098,64198,85921,2726,3784,1546,1895,548,719,142,176,1044,1603,65093,87311,3140,4493,2093,2713,795,1075,256,312
R,12,2020,78,1887087,844827,1042260,727485,877682,65278,99190,5938,7163,37607,47600,1019,1242,7500,9383,733778,885484,67037,101749,10564,12892,39704,50147,1892,2297,781507,955008,669591,797946,62778,95650,4590,5427,37151,46927,880,1050,6517,8008,675040,804560,64134,97598,8705,10454,39013,49167,1646,1993,63320,87252,57894,79736,2500,3540,1348,1736,456,673,139,192,983,1375,58738,80924,2903,4151,1859,2438,691,980,246,304
R,12,2020,79,1627837,720271,907566,618546,761944,56066,87770,5250,6263,32948,42137,922,1058,6539,8394,624029,768921,57563,90034,9202,11380,34861,44454,1717,2009,663958,830704,567041,691461,53894,84783,4028,4831,32527,41541,813,887,5655,7201,571764,697413,55028,86531,7532,9327,34225,43570,1519,1731,56313,76862,51505,70483,2172,2987,1222,1432,421,596,109,171,884,1193,52265,71508,2535,3503,1670,2053,636,884,198,278
R,12,2020,80,1480642,646370,834272,551727,697226,51182,82138,4734,5871,31831,40397,881,1015,6015,7625,556761,703559,52538,84233,8327,10406,33683,42554,1613,1922,593439,760214,503258,629381,49146,79178,3605,4501,31423,39832,772,843,5235,6479,507626,634711,50185,80772,6773,8442,33083,41738,1428,1645,52931,74058,48469,67845,2036,2960,1129,1370,408,565,109,172,780,1146,49135,68848,2353,3461,1554,1964,600,816,185,277
R,12,2020,81,1337460,577434,760026,493789,636205,45234,74351,4069,5208,28320,36186,730,983,5292,7093,498261,642086,46456,76269,7173,9433,29916,38197,1378,1843,530107,692656,450492,574467,43355,71648,3102,3985,27954,35671,627,823,4577,6062,454336,579482,44284,73092,5837,7687,29385,37435,1211,1573,47327,67370,43297,61738,1879,2703,967,1223,366,515,103,160,715,1031,43925,62604,2172,3177,1336,1746,531,762,167,270
R,12,2020,82,1262055,538421,723634,462666,609796,40657,68527,3759,4914,25877,33228,672,858,4790,6311,466709,615060,41744,70230,6638,8630,27312,35039,1221,1602,495126,660287,422942,551730,39023,65979,2900,3765,25549,32768,571,707,4141,5338,426418,556153,39841,67265,5440,6992,26826,34344,1061,1345,43295,63347,39724,58066,1634,2548,859,1149,328,460,101,151,649,973,40291,58907,1903,2965,1198,1638,486,695,160,257
R,12,2020,83,1126648,473775,652873,406365,548530,36018,62524,3233,4381,23284,30895,600,796,4275,5747,410019,553323,37022,64106,5755,7708,24571,32540,1085,1507,434992,595576,370713,496024,34574,60218,2474,3353,23005,30441,512,660,3714,4880,373878,500060,35332,61420,4713,6261,24158,31882,940,1286,38783,57297,35652,52506,1444,2306,759,1028,279,454,88,136,561,867,36141,53263,1690,2686,1042,1447,413,658,145,221
R,12,2020,84,1015349,419795,595554,360554,501689,31494,56514,2842,3899,20623,27666,513,682,3769,5104,363738,505921,32341,57933,5013,6871,21825,29135,967,1272,384887,543040,328411,453399,30138,54452,2204,2969,20388,27279,444,586,3302,4355,331183,456986,30782,55540,4139,5549,21483,28584,857,1108,34908,52514,32143,48290,1356,2062,638,930,235,387,69,96,467,749,32555,48935,1559,2393,874,1322,342,551,110,164
R,12,2020,85,924388,375157,549231,322327,462255,28354,52357,2500,3576,18240,25635,459,616,3277,4792,325067,466227,29111,53643,4385,6340,19255,27047,885,1171,343828,500985,293468,417922,27166,50476,1922,2706,18021,25271,405,509,2846,4101,295842,421302,27747,51469,3594,5128,18924,26508,784,996,31329,48246,28859,44333,1188,1881,578,870,219,364,54,107,431,691,29225,44925,1364,2174,791,1212,331,539,101,175
R,12,2020,86,817684,325743,491941,280563,416004,24065,46102,2083,3048,15750,22101,416,529,2866,4157,283013,419460,24726,47243,3689,5446,16666,23354,770,1023,298925,449650,255760,377028,23122,44512,1600,2294,15554,21786,360,451,2529,3579,257921,379993,23645,45400,3045,4394,16368,22893,680,889,26818,42291,24803,38976,943,1590,483,754,196,315,56,78,337,578,25092,39467,1081,1843,644,1052,298,461,90,134
R,12,2020,87,709529,276702,432827,238590,365493,19955,40201,1766,2590,13643,20414,367,457,2381,3672,240603,368545,20494,41193,3103,4678,14431,21505,662,929,254283,396021,217879,331530,19159,38796,1357,1975,13485,20150,315,401,2088,3169,219642,334148,19577,39566,2546,3819,14199,21123,575,819,22419,36806,20711,33963,796,1405,409,615,158,264,52,56,293,503,20961,34397,917,1627,557,859,232,382,87,110
R,12,2020,88,654000,248232,405768,214498,343832,17733,37039,1535,2411,12031,18727,309,424,2126,3335,216296,346617,18241,37972,2699,4311,12732,19687,578,843,228352,372096,196076,312737,17040,35766,1171,1850,11888,18491,277,370,1900,2882,197676,315130,17454,36517,2223,3533,12528,19330,524,737,19880,33672,18422,31095,693,1273,364,561,143,236,32,54,226,453,18620,31487,787,1455,476,778,204,357,54,106
R,12,2020,89,565213,209068,356145,182938,305604,13266,29642,1205,1973,9693,15748,251,338,1715,2840,184401,307976,13670,30425,2138,3601,10269,16563,472,690,192221,327398,167231,278971,12757,28640,912,1488,9596,15561,217,294,1508,2444,168508,280999,13090,29249,1734,2919,10120,16285,413,604,16847,28747,15707,26633,509,1002,293,485,97,187,34,44,207,396,15893,26977,580,1176,404,682,149,278,59,86
R,12,2020,90,508446,182114,326332,158454,278985,11902,27369,1072,1787,8928,15246,230,326,1528,2619,159745,281181,12253,28091,1922,3256,9432,16022,428,644,167215,299506,144616,254095,11403,26451,810,1344,8840,15083,206,278,1340,2255,145753,255971,11677,27006,1564,2636,9288,15771,384,562,14899,26826,13838,24890,499,918,262,443,88,163,24,48,188,364,13992,25210,576,1085,358,620,144,251,44,82
R,12,2020,91,414932,142606,272326,124246,233168,9144,22980,847,1423,6955,12354,183,285,1231,2116,125292,234912,9436,23598,1536,2613,7344,12963,350,553,131020,250809,113489,213195,8767,22226,645,1091,6886,12208,163,250,1070,1839,114396,214706,8997,22716,1256,2146,7231,12746,307,485,11586,21517,10757,19973,377,754,202,332,69,146,20,35,161,277,10896,20206,439,882,280,467,113,217,43,68
R,12,2020,92,353844,116833,237011,102096,203463,7242,19474,685,1221,5686,10701,124,234,1000,1918,102929,205059,7482,20025,1260,2310,6005,11248,247,486,107607,218937,93500,186775,6948,18801,523,921,5638,10587,111,197,887,1656,94239,188139,7146,19240,1043,1889,5928,11071,217,420,9226,18074,8596,16688,294,673,162,300,48,114,13,37,113,262,8690,16920,336,785,217,421,77,177,30,66
R,12,2020,93,289822,91517,198305,79740,170482,5693,16188,505,1020,4685,8884,99,178,795,1553,80411,171771,5878,16604,940,1936,4942,9317,204,382,84644,183906,73316,157141,5495,15666,394,776,4644,8793,86,154,709,1376,73913,158278,5647,16002,785,1605,4878,9179,181,335,6873,14399,6424,13341,198,522,111,244,41,91,13,24,86,177,6498,13493,231,602,155,331,64,138,23,47
R,12,2020,94,227563,68511,159052,59617,136761,4259,12822,391,815,3562,7250,67,163,615,1241,60139,137811,4407,13188,733,1507,3756,7588,152,313,63341,147727,54804,126281,4091,12405,312,633,3531,7171,59,146,544,1091,55266,127197,4208,12705,619,1251,3704,7475,131,282,5170,11325,4813,10480,168,417,79,182,31,79,8,17,71,150,4873,10614,199,483,114,256,52,113,21,31
R,12,2020,95,177974,50925,127049,44010,108986,3200,10216,292,611,2907,6062,51,126,465,1048,44401,109852,3322,10532,550,1205,3056,6344,111,254,47169,118268,40520,100858,3090,9892,225,476,2883,6005,45,112,406,925,40861,101625,3186,10157,450,1011,3015,6250,97,221,3756,8781,3490,8128,110,324,67,135,24,57,6,14,59,123,3540,8227,136,375,100,194,41,94,14,33
R,12,2020,96,136313,37076,99237,31953,85318,2293,7833,214,509,2246,4687,37,99,333,791,32227,85967,2381,8074,399,962,2362,4904,78,199,34447,92710,29501,79267,2213,7597,169,402,2230,4644,35,88,299,712,29747,79854,2286,7801,339,816,2334,4837,71,178,2629,6527,2452,6051,80,236,45,107,16,43,2,11,34,79,2480,6113,95,273,60,146,28,67,7,21
R,12,2020,97,97477,25578,71899,21866,61672,1590,5619,150,337,1669,3609,30,70,273,592,22092,62159,1670,5812,294,683,1761,3764,66,144,23632,67324,20055,57433,1529,5449,119,269,1657,3581,26,63,246,529,20262,57866,1597,5612,252,583,1741,3719,55,128,1946,4575,1811,4239,61,170,31,68,12,28,4,7,27,63,1830,4293,73,200,42,100,20,45,11,16
R,12,2020,98,69774,17270,52504,14602,44752,1124,4283,105,258,1254,2713,16,58,169,440,14746,45107,1167,4414,195,500,1316,2836,43,121,16081,49233,13503,41714,1085,4167,87,213,1242,2692,14,52,150,395,13630,42033,1120,4280,166,433,1299,2803,38,107,1189,3271,1099,3038,39,116,18,45,12,21,2,6,19,45,1116,3074,47,134,29,67,17,33,5,14
R,12,2020,99,49010,11334,37676,9633,32260,666,2960,63,181,827,1898,17,41,128,336,9738,32532,706,3080,136,366,866,1991,37,86,10610,35497,8961,30247,648,2884,52,152,822,1885,14,38,113,291,9054,30483,683,2984,117,316,857,1963,30,77,724,2179,672,2013,18,76,11,29,5,13,3,3,15,45,684,2049,23,96,19,50,9,28,7,9
R,12,2020,100,78052,15483,62569,12479,51501,1089,5663,108,343,1575,4377,25,80,207,605,12641,51982,1157,5885,217,676,1644,4534,59,171,14503,59107,11586,48327,1056,5528,90,293,1567,4351,23,73,181,535,11730,48749,1112,5715,186,591,1626,4490,51,152,980,3462,893,3174,33,135,18,50,8,26,2,7,26,70,911,3233,45,170,31,85,18,44,8,19
